#VRML V2.0 utf8
# 3D model generated by easyeda2kicad.py (https://github.com/uPesy/easyeda2kicad.py)

Shape{
    appearance Appearance {
        material  Material 	{
            diffuseColor 0.7529411764705882 0.7529411764705882 0.7529411764705882
            specularColor 0.3764705882352941 0.3764705882352941 0.3764705882352941
            ambientIntensity 0.7529
            transparency 0.0
            shininess 0.5
        }
    }
    geometry IndexedFaceSet {
        ccw TRUE
        solid FALSE
        coord DEF co Coordinate {
            point [
                0.1358 -0.6057 0.2746, 0.1358 -0.583 0.2047, 0.0571 -0.6057 0.2746, 0.0571 -0.583 0.2047, 0.1358 -0.8813 0.185, 0.0571 -0.8813 0.185, 0.0571 -0.8883 0.1817, 0.1358 -0.8883 0.1817, 0.0571 -0.8943 0.1768, 0.1358 -0.8943 0.1768, 0.0571 -0.8989 0.1705, 0.1358 -0.8989 0.1705, 0.0571 -0.9017 0.1632, 0.1358 -0.9017 0.1632, 0.0571 -0.9027 0.1555, 0.1358 -0.9027 0.1555, 0.0571 -0.9017 0.1478, 0.1358 -0.9017 0.1478, 0.0571 -0.8989 0.1406, 0.1358 -0.8989 0.1406, 0.0571 -0.8943 0.1343, 0.1358 -0.8943 0.1343, 0.0571 -0.8883 0.1293, 0.1358 -0.8883 0.1293, 0.0571 -0.8813 0.126, 0.1358 -0.8813 0.126, 0.1358 0.2503 0.126, 0.0571 0.2503 0.126, 0.1358 0.2639 0.1244, 0.0571 0.2639 0.1244, 0.1358 0.2768 0.1197, 0.0571 0.2768 0.1197, 0.1358 0.2882 0.1122, 0.0571 0.2882 0.1122, 0.1358 0.2976 0.1022, 0.0571 0.2976 0.1022, 0.1358 0.3045 0.0903, 0.0571 0.3045 0.0903, 0.1358 0.3084 0.0772, 0.0571 0.3084 0.0772, 0.1358 0.3134 0.0488, 0.0571 0.3134 0.0488, 0.0571 0.3174 0.0357, 0.1358 0.3174 0.0357, 0.0571 0.3242 0.0238, 0.1358 0.3242 0.0238, 0.0571 0.3336 0.0138, 0.1358 0.3336 0.0138, 0.0571 0.3451 0.0063, 0.1358 0.3451 0.0063, 0.0571 0.358 0.0016, 0.1358 0.358 0.0016, 0.0571 0.3716 0.0, 0.1358 0.3716 0.0, 0.1358 0.637 0.0, 0.0571 0.637 0.0, 0.0571 0.6472 0.0013, 0.1358 0.6472 0.0013, 0.0571 0.6567 0.0053, 0.1358 0.6567 0.0053, 0.0571 0.6648 0.0115, 0.1358 0.6648 0.0115, 0.0571 0.6711 0.0197, 0.1358 0.6711 0.0197, 0.0571 0.675 0.0292, 0.1358 0.675 0.0292, 0.0571 0.6764 0.0394, 0.1358 0.6764 0.0394, 0.1358 0.6764 0.0591, 0.0571 0.6764 0.0591, 0.0571 0.6744 0.0743, 0.1358 0.6744 0.0743, 0.0571 0.6685 0.0886, 0.1358 0.6685 0.0886, 0.0571 0.6591 0.1008, 0.1358 0.6591 0.1008, 0.0571 0.6468 0.1102, 0.1358 0.6468 0.1102, 0.0571 0.6326 0.1161, 0.1358 0.6326 0.1161, 0.0571 0.6173 0.1181, 0.1358 0.6173 0.1181, 0.1358 0.4703 0.1181, 0.0571 0.4703 0.1181, 0.1358 0.3811 0.2244, 0.0571 0.3811 0.2244, 0.1358 0.3811 0.6969, 0.0571 0.3811 0.6969, 0.1358 -0.6425 0.6969, 0.0571 -0.6425 0.6969, 0.1358 -0.9575 0.6413, 0.0571 -0.9575 0.6413, 0.0571 -0.9673 0.6382, 0.1358 -0.9673 0.6382, 0.0571 -0.976 0.6327, 0.1358 -0.976 0.6327, 0.0571 -0.9829 0.6251, 0.1358 -0.9829 0.6251, 0.0571 -0.9876 0.616, 0.1358 -0.9876 0.616, 0.0571 -0.9899 0.606, 0.1358 -0.9899 0.606, 0.0571 -0.9894 0.5957, 0.1358 -0.9894 0.5957, 0.0571 -0.9863 0.5859, 0.1358 -0.9863 0.5859, 0.0571 -0.9808 0.5772, 0.1358 -0.9808 0.5772, 0.0571 -0.9732 0.5703, 0.1358 -0.9732 0.5703, 0.0571 -0.9641 0.5655, 0.1358 -0.9641 0.5655, 0.0571 -0.9541 0.5633, 0.1358 -0.9541 0.5633, 0.0571 -0.9438 0.5638, 0.1358 -0.9438 0.5638, 0.1358 -0.6356 0.6181, 0.0571 -0.6356 0.6181, 0.1358 -0.0913 0.6181, 0.0571 -0.0913 0.6181, 0.1358 -0.0913 0.2047, 0.0571 -0.0913 0.2047, 0.3327 -0.6057 0.2746, 0.3327 -0.583 0.2047, 0.2539 -0.6057 0.2746, 0.2539 -0.583 0.2047, 0.3327 -0.8813 0.185, 0.2539 -0.8813 0.185, 0.2539 -0.8883 0.1817, 0.3327 -0.8883 0.1817, 0.2539 -0.8943 0.1768, 0.3327 -0.8943 0.1768, 0.2539 -0.8989 0.1705, 0.3327 -0.8989 0.1705, 0.2539 -0.9017 0.1632, 0.3327 -0.9017 0.1632, 0.2539 -0.9027 0.1555, 0.3327 -0.9027 0.1555, 0.2539 -0.9017 0.1478, 0.3327 -0.9017 0.1478, 0.2539 -0.8989 0.1406, 0.3327 -0.8989 0.1406, 0.2539 -0.8943 0.1343, 0.3327 -0.8943 0.1343, 0.2539 -0.8883 0.1293, 0.3327 -0.8883 0.1293, 0.2539 -0.8813 0.126, 0.3327 -0.8813 0.126, 0.3327 0.2503 0.126, 0.2539 0.2503 0.126, 0.3327 0.2639 0.1244, 0.2539 0.2639 0.1244, 0.3327 0.2768 0.1197, 0.2539 0.2768 0.1197, 0.3327 0.2882 0.1122, 0.2539 0.2882 0.1122, 0.3327 0.2976 0.1022, 0.2539 0.2976 0.1022, 0.3327 0.3045 0.0903, 0.2539 0.3045 0.0903, 0.3327 0.3084 0.0772, 0.2539 0.3084 0.0772, 0.3327 0.3134 0.0488, 0.2539 0.3134 0.0488, 0.2539 0.3174 0.0357, 0.3327 0.3174 0.0357, 0.2539 0.3242 0.0238, 0.3327 0.3242 0.0238, 0.2539 0.3336 0.0138, 0.3327 0.3336 0.0138, 0.2539 0.3451 0.0063, 0.3327 0.3451 0.0063, 0.2539 0.358 0.0016, 0.3327 0.358 0.0016, 0.2539 0.3716 0.0, 0.3327 0.3716 0.0, 0.3327 0.637 0.0, 0.2539 0.637 0.0, 0.2539 0.6472 0.0013, 0.3327 0.6472 0.0013, 0.2539 0.6567 0.0053, 0.3327 0.6567 0.0053, 0.2539 0.6648 0.0115, 0.3327 0.6648 0.0115, 0.2539 0.6711 0.0197, 0.3327 0.6711 0.0197, 0.2539 0.675 0.0292, 0.3327 0.675 0.0292, 0.2539 0.6764 0.0394, 0.3327 0.6764 0.0394, 0.3327 0.6764 0.0591, 0.2539 0.6764 0.0591, 0.2539 0.6744 0.0743, 0.3327 0.6744 0.0743, 0.2539 0.6685 0.0886, 0.3327 0.6685 0.0886, 0.2539 0.6591 0.1008, 0.3327 0.6591 0.1008, 0.2539 0.6468 0.1102, 0.3327 0.6468 0.1102, 0.2539 0.6326 0.1161, 0.3327 0.6326 0.1161, 0.2539 0.6173 0.1181, 0.3327 0.6173 0.1181, 0.3327 0.4703 0.1181, 0.2539 0.4703 0.1181, 0.3327 0.3811 0.2244, 0.2539 0.3811 0.2244, 0.3327 0.3811 0.6969, 0.2539 0.3811 0.6969, 0.3327 -0.6425 0.6969, 0.2539 -0.6425 0.6969, 0.3327 -0.9575 0.6413, 0.2539 -0.9575 0.6413, 0.2539 -0.9673 0.6382, 0.3327 -0.9673 0.6382, 0.2539 -0.976 0.6327, 0.3327 -0.976 0.6327, 0.2539 -0.9829 0.6251, 0.3327 -0.9829 0.6251, 0.2539 -0.9876 0.616, 0.3327 -0.9876 0.616, 0.2539 -0.9899 0.606, 0.3327 -0.9899 0.606, 0.2539 -0.9894 0.5957, 0.3327 -0.9894 0.5957, 0.2539 -0.9863 0.5859, 0.3327 -0.9863 0.5859, 0.2539 -0.9808 0.5772, 0.3327 -0.9808 0.5772, 0.2539 -0.9732 0.5703, 0.3327 -0.9732 0.5703, 0.2539 -0.9641 0.5655, 0.3327 -0.9641 0.5655, 0.2539 -0.9541 0.5633, 0.3327 -0.9541 0.5633, 0.2539 -0.9438 0.5638, 0.3327 -0.9438 0.5638, 0.3327 -0.6356 0.6181, 0.2539 -0.6356 0.6181, 0.3327 -0.0913 0.6181, 0.2539 -0.0913 0.6181, 0.3327 -0.0913 0.2047, 0.2539 -0.0913 0.2047, 0.5295 -0.6057 0.2746, 0.5295 -0.583 0.2047, 0.4508 -0.6057 0.2746, 0.4508 -0.583 0.2047, 0.5295 -0.8813 0.185, 0.4508 -0.8813 0.185, 0.4508 -0.8883 0.1817, 0.5295 -0.8883 0.1817, 0.4508 -0.8943 0.1768, 0.5295 -0.8943 0.1768, 0.4508 -0.8989 0.1705, 0.5295 -0.8989 0.1705, 0.4508 -0.9017 0.1632, 0.5295 -0.9017 0.1632, 0.4508 -0.9027 0.1555, 0.5295 -0.9027 0.1555, 0.4508 -0.9017 0.1478, 0.5295 -0.9017 0.1478, 0.4508 -0.8989 0.1406, 0.5295 -0.8989 0.1406, 0.4508 -0.8943 0.1343, 0.5295 -0.8943 0.1343, 0.4508 -0.8883 0.1293, 0.5295 -0.8883 0.1293, 0.4508 -0.8813 0.126, 0.5295 -0.8813 0.126, 0.5295 0.2503 0.126, 0.4508 0.2503 0.126, 0.5295 0.2639 0.1244, 0.4508 0.2639 0.1244, 0.5295 0.2768 0.1197, 0.4508 0.2768 0.1197, 0.5295 0.2882 0.1122, 0.4508 0.2882 0.1122, 0.5295 0.2976 0.1022, 0.4508 0.2976 0.1022, 0.5295 0.3045 0.0903, 0.4508 0.3045 0.0903, 0.5295 0.3084 0.0772, 0.4508 0.3084 0.0772, 0.5295 0.3134 0.0488, 0.4508 0.3134 0.0488, 0.4508 0.3174 0.0357, 0.5295 0.3174 0.0357, 0.4508 0.3242 0.0238, 0.5295 0.3242 0.0238, 0.4508 0.3336 0.0138, 0.5295 0.3336 0.0138, 0.4508 0.3451 0.0063, 0.5295 0.3451 0.0063, 0.4508 0.358 0.0016, 0.5295 0.358 0.0016, 0.4508 0.3716 0.0, 0.5295 0.3716 0.0, 0.5295 0.637 0.0, 0.4508 0.637 0.0, 0.4508 0.6472 0.0013, 0.5295 0.6472 0.0013, 0.4508 0.6567 0.0053, 0.5295 0.6567 0.0053, 0.4508 0.6648 0.0115, 0.5295 0.6648 0.0115, 0.4508 0.6711 0.0197, 0.5295 0.6711 0.0197, 0.4508 0.675 0.0292, 0.5295 0.675 0.0292, 0.4508 0.6764 0.0394, 0.5295 0.6764 0.0394, 0.5295 0.6764 0.0591, 0.4508 0.6764 0.0591, 0.4508 0.6744 0.0743, 0.5295 0.6744 0.0743, 0.4508 0.6685 0.0886, 0.5295 0.6685 0.0886, 0.4508 0.6591 0.1008, 0.5295 0.6591 0.1008, 0.4508 0.6468 0.1102, 0.5295 0.6468 0.1102, 0.4508 0.6326 0.1161, 0.5295 0.6326 0.1161, 0.4508 0.6173 0.1181, 0.5295 0.6173 0.1181, 0.5295 0.4703 0.1181, 0.4508 0.4703 0.1181, 0.5295 0.3811 0.2244, 0.4508 0.3811 0.2244, 0.5295 0.3811 0.6969, 0.4508 0.3811 0.6969, 0.5295 -0.6425 0.6969, 0.4508 -0.6425 0.6969, 0.5295 -0.9575 0.6413, 0.4508 -0.9575 0.6413, 0.4508 -0.9673 0.6382, 0.5295 -0.9673 0.6382, 0.4508 -0.976 0.6327, 0.5295 -0.976 0.6327, 0.4508 -0.9829 0.6251, 0.5295 -0.9829 0.6251, 0.4508 -0.9876 0.616, 0.5295 -0.9876 0.616, 0.4508 -0.9899 0.606, 0.5295 -0.9899 0.606, 0.4508 -0.9894 0.5957, 0.5295 -0.9894 0.5957, 0.4508 -0.9863 0.5859, 0.5295 -0.9863 0.5859, 0.4508 -0.9808 0.5772, 0.5295 -0.9808 0.5772, 0.4508 -0.9732 0.5703, 0.5295 -0.9732 0.5703, 0.4508 -0.9641 0.5655, 0.5295 -0.9641 0.5655, 0.4508 -0.9541 0.5633, 0.5295 -0.9541 0.5633, 0.4508 -0.9438 0.5638, 0.5295 -0.9438 0.5638, 0.5295 -0.6356 0.6181, 0.4508 -0.6356 0.6181, 0.5295 -0.0913 0.6181, 0.4508 -0.0913 0.6181, 0.5295 -0.0913 0.2047, 0.4508 -0.0913 0.2047, 0.7264 -0.6057 0.2746, 0.7264 -0.583 0.2047, 0.6476 -0.6057 0.2746, 0.6476 -0.583 0.2047, 0.7264 -0.8813 0.185, 0.6476 -0.8813 0.185, 0.6476 -0.8883 0.1817, 0.7264 -0.8883 0.1817, 0.6476 -0.8943 0.1768, 0.7264 -0.8943 0.1768, 0.6476 -0.8989 0.1705, 0.7264 -0.8989 0.1705, 0.6476 -0.9017 0.1632, 0.7264 -0.9017 0.1632, 0.6476 -0.9027 0.1555, 0.7264 -0.9027 0.1555, 0.6476 -0.9017 0.1478, 0.7264 -0.9017 0.1478, 0.6476 -0.8989 0.1406, 0.7264 -0.8989 0.1406, 0.6476 -0.8943 0.1343, 0.7264 -0.8943 0.1343, 0.6476 -0.8883 0.1293, 0.7264 -0.8883 0.1293, 0.6476 -0.8813 0.126, 0.7264 -0.8813 0.126, 0.7264 0.2503 0.126, 0.6476 0.2503 0.126, 0.7264 0.2639 0.1244, 0.6476 0.2639 0.1244, 0.7264 0.2768 0.1197, 0.6476 0.2768 0.1197, 0.7264 0.2882 0.1122, 0.6476 0.2882 0.1122, 0.7264 0.2976 0.1022, 0.6476 0.2976 0.1022, 0.7264 0.3045 0.0903, 0.6476 0.3045 0.0903, 0.7264 0.3084 0.0772, 0.6476 0.3084 0.0772, 0.7264 0.3134 0.0488, 0.6476 0.3134 0.0488, 0.6476 0.3174 0.0357, 0.7264 0.3174 0.0357, 0.6476 0.3242 0.0238, 0.7264 0.3242 0.0238, 0.6476 0.3336 0.0138, 0.7264 0.3336 0.0138, 0.6476 0.3451 0.0063, 0.7264 0.3451 0.0063, 0.6476 0.358 0.0016, 0.7264 0.358 0.0016, 0.6476 0.3716 0.0, 0.7264 0.3716 0.0, 0.7264 0.637 0.0, 0.6476 0.637 0.0, 0.6476 0.6472 0.0013, 0.7264 0.6472 0.0013, 0.6476 0.6567 0.0053, 0.7264 0.6567 0.0053, 0.6476 0.6648 0.0115, 0.7264 0.6648 0.0115, 0.6476 0.6711 0.0197, 0.7264 0.6711 0.0197, 0.6476 0.675 0.0292, 0.7264 0.675 0.0292, 0.6476 0.6764 0.0394, 0.7264 0.6764 0.0394, 0.7264 0.6764 0.0591, 0.6476 0.6764 0.0591, 0.6476 0.6744 0.0743, 0.7264 0.6744 0.0743, 0.6476 0.6685 0.0886, 0.7264 0.6685 0.0886, 0.6476 0.6591 0.1008, 0.7264 0.6591 0.1008, 0.6476 0.6468 0.1102, 0.7264 0.6468 0.1102, 0.6476 0.6326 0.1161, 0.7264 0.6326 0.1161, 0.6476 0.6173 0.1181, 0.7264 0.6173 0.1181, 0.7264 0.4703 0.1181, 0.6476 0.4703 0.1181, 0.7264 0.3811 0.2244, 0.6476 0.3811 0.2244, 0.7264 0.3811 0.6969, 0.6476 0.3811 0.6969, 0.7264 -0.6425 0.6969, 0.6476 -0.6425 0.6969, 0.7264 -0.9575 0.6413, 0.6476 -0.9575 0.6413, 0.6476 -0.9673 0.6382, 0.7264 -0.9673 0.6382, 0.6476 -0.976 0.6327, 0.7264 -0.976 0.6327, 0.6476 -0.9829 0.6251, 0.7264 -0.9829 0.6251, 0.6476 -0.9876 0.616, 0.7264 -0.9876 0.616, 0.6476 -0.9899 0.606, 0.7264 -0.9899 0.606, 0.6476 -0.9894 0.5957, 0.7264 -0.9894 0.5957, 0.6476 -0.9863 0.5859, 0.7264 -0.9863 0.5859, 0.6476 -0.9808 0.5772, 0.7264 -0.9808 0.5772, 0.6476 -0.9732 0.5703, 0.7264 -0.9732 0.5703, 0.6476 -0.9641 0.5655, 0.7264 -0.9641 0.5655, 0.6476 -0.9541 0.5633, 0.7264 -0.9541 0.5633, 0.6476 -0.9438 0.5638, 0.7264 -0.9438 0.5638, 0.7264 -0.6356 0.6181, 0.6476 -0.6356 0.6181, 0.7264 -0.0913 0.6181, 0.6476 -0.0913 0.6181, 0.7264 -0.0913 0.2047, 0.6476 -0.0913 0.2047, 0.9232 -0.6057 0.2746, 0.9232 -0.583 0.2047, 0.8445 -0.6057 0.2746, 0.8445 -0.583 0.2047, 0.9232 -0.8813 0.185, 0.8445 -0.8813 0.185, 0.8445 -0.8883 0.1817, 0.9232 -0.8883 0.1817, 0.8445 -0.8943 0.1768, 0.9232 -0.8943 0.1768, 0.8445 -0.8989 0.1705, 0.9232 -0.8989 0.1705, 0.8445 -0.9017 0.1632, 0.9232 -0.9017 0.1632, 0.8445 -0.9027 0.1555, 0.9232 -0.9027 0.1555, 0.8445 -0.9017 0.1478, 0.9232 -0.9017 0.1478, 0.8445 -0.8989 0.1406, 0.9232 -0.8989 0.1406, 0.8445 -0.8943 0.1343, 0.9232 -0.8943 0.1343, 0.8445 -0.8883 0.1293, 0.9232 -0.8883 0.1293, 0.8445 -0.8813 0.126, 0.9232 -0.8813 0.126, 0.9232 0.2503 0.126, 0.8445 0.2503 0.126, 0.9232 0.2639 0.1244, 0.8445 0.2639 0.1244, 0.9232 0.2768 0.1197, 0.8445 0.2768 0.1197, 0.9232 0.2882 0.1122, 0.8445 0.2882 0.1122, 0.9232 0.2976 0.1022, 0.8445 0.2976 0.1022, 0.9232 0.3045 0.0903, 0.8445 0.3045 0.0903, 0.9232 0.3084 0.0772, 0.8445 0.3084 0.0772, 0.9232 0.3134 0.0488, 0.8445 0.3134 0.0488, 0.8445 0.3174 0.0357, 0.9232 0.3174 0.0357, 0.8445 0.3242 0.0238, 0.9232 0.3242 0.0238, 0.8445 0.3336 0.0138, 0.9232 0.3336 0.0138, 0.8445 0.3451 0.0063, 0.9232 0.3451 0.0063, 0.8445 0.358 0.0016, 0.9232 0.358 0.0016, 0.8445 0.3716 0.0, 0.9232 0.3716 0.0, 0.9232 0.637 0.0, 0.8445 0.637 0.0, 0.8445 0.6472 0.0013, 0.9232 0.6472 0.0013, 0.8445 0.6567 0.0053, 0.9232 0.6567 0.0053, 0.8445 0.6648 0.0115, 0.9232 0.6648 0.0115, 0.8445 0.6711 0.0197, 0.9232 0.6711 0.0197, 0.8445 0.675 0.0292, 0.9232 0.675 0.0292, 0.8445 0.6764 0.0394, 0.9232 0.6764 0.0394, 0.9232 0.6764 0.0591, 0.8445 0.6764 0.0591, 0.8445 0.6744 0.0743, 0.9232 0.6744 0.0743, 0.8445 0.6685 0.0886, 0.9232 0.6685 0.0886, 0.8445 0.6591 0.1008, 0.9232 0.6591 0.1008, 0.8445 0.6468 0.1102, 0.9232 0.6468 0.1102, 0.8445 0.6326 0.1161, 0.9232 0.6326 0.1161, 0.8445 0.6173 0.1181, 0.9232 0.6173 0.1181, 0.9232 0.4703 0.1181, 0.8445 0.4703 0.1181, 0.9232 0.3811 0.2244, 0.8445 0.3811 0.2244, 0.9232 0.3811 0.6969, 0.8445 0.3811 0.6969, 0.9232 -0.6425 0.6969, 0.8445 -0.6425 0.6969, 0.9232 -0.9575 0.6413, 0.8445 -0.9575 0.6413, 0.8445 -0.9673 0.6382, 0.9232 -0.9673 0.6382, 0.8445 -0.976 0.6327, 0.9232 -0.976 0.6327, 0.8445 -0.9829 0.6251, 0.9232 -0.9829 0.6251, 0.8445 -0.9876 0.616, 0.9232 -0.9876 0.616, 0.8445 -0.9899 0.606, 0.9232 -0.9899 0.606, 0.8445 -0.9894 0.5957, 0.9232 -0.9894 0.5957, 0.8445 -0.9863 0.5859, 0.9232 -0.9863 0.5859, 0.8445 -0.9808 0.5772, 0.9232 -0.9808 0.5772, 0.8445 -0.9732 0.5703, 0.9232 -0.9732 0.5703, 0.8445 -0.9641 0.5655, 0.9232 -0.9641 0.5655, 0.8445 -0.9541 0.5633, 0.9232 -0.9541 0.5633, 0.8445 -0.9438 0.5638, 0.9232 -0.9438 0.5638, 0.9232 -0.6356 0.6181, 0.8445 -0.6356 0.6181, 0.9232 -0.0913 0.6181, 0.8445 -0.0913 0.6181, 0.9232 -0.0913 0.2047, 0.8445 -0.0913 0.2047, 1.1201 -0.6057 0.2746, 1.1201 -0.583 0.2047, 1.0413 -0.6057 0.2746, 1.0413 -0.583 0.2047, 1.1201 -0.8813 0.185, 1.0413 -0.8813 0.185, 1.0413 -0.8883 0.1817, 1.1201 -0.8883 0.1817, 1.0413 -0.8943 0.1768, 1.1201 -0.8943 0.1768, 1.0413 -0.8989 0.1705, 1.1201 -0.8989 0.1705, 1.0413 -0.9017 0.1632, 1.1201 -0.9017 0.1632, 1.0413 -0.9027 0.1555, 1.1201 -0.9027 0.1555, 1.0413 -0.9017 0.1478, 1.1201 -0.9017 0.1478, 1.0413 -0.8989 0.1406, 1.1201 -0.8989 0.1406, 1.0413 -0.8943 0.1343, 1.1201 -0.8943 0.1343, 1.0413 -0.8883 0.1293, 1.1201 -0.8883 0.1293, 1.0413 -0.8813 0.126, 1.1201 -0.8813 0.126, 1.1201 0.2503 0.126, 1.0413 0.2503 0.126, 1.1201 0.2639 0.1244, 1.0413 0.2639 0.1244, 1.1201 0.2768 0.1197, 1.0413 0.2768 0.1197, 1.1201 0.2882 0.1122, 1.0413 0.2882 0.1122, 1.1201 0.2976 0.1022, 1.0413 0.2976 0.1022, 1.1201 0.3045 0.0903, 1.0413 0.3045 0.0903, 1.1201 0.3084 0.0772, 1.0413 0.3084 0.0772, 1.1201 0.3134 0.0488, 1.0413 0.3134 0.0488, 1.0413 0.3174 0.0357, 1.1201 0.3174 0.0357, 1.0413 0.3242 0.0238, 1.1201 0.3242 0.0238, 1.0413 0.3336 0.0138, 1.1201 0.3336 0.0138, 1.0413 0.3451 0.0063, 1.1201 0.3451 0.0063, 1.0413 0.358 0.0016, 1.1201 0.358 0.0016, 1.0413 0.3716 0.0, 1.1201 0.3716 0.0, 1.1201 0.637 0.0, 1.0413 0.637 0.0, 1.0413 0.6472 0.0013, 1.1201 0.6472 0.0013, 1.0413 0.6567 0.0053, 1.1201 0.6567 0.0053, 1.0413 0.6648 0.0115, 1.1201 0.6648 0.0115, 1.0413 0.6711 0.0197, 1.1201 0.6711 0.0197, 1.0413 0.675 0.0292, 1.1201 0.675 0.0292, 1.0413 0.6764 0.0394, 1.1201 0.6764 0.0394, 1.1201 0.6764 0.0591, 1.0413 0.6764 0.0591, 1.0413 0.6744 0.0743, 1.1201 0.6744 0.0743, 1.0413 0.6685 0.0886, 1.1201 0.6685 0.0886, 1.0413 0.6591 0.1008, 1.1201 0.6591 0.1008, 1.0413 0.6468 0.1102, 1.1201 0.6468 0.1102, 1.0413 0.6326 0.1161, 1.1201 0.6326 0.1161, 1.0413 0.6173 0.1181, 1.1201 0.6173 0.1181, 1.1201 0.4703 0.1181, 1.0413 0.4703 0.1181, 1.1201 0.3811 0.2244, 1.0413 0.3811 0.2244, 1.1201 0.3811 0.6969, 1.0413 0.3811 0.6969, 1.1201 -0.6425 0.6969, 1.0413 -0.6425 0.6969, 1.1201 -0.9575 0.6413, 1.0413 -0.9575 0.6413, 1.0413 -0.9673 0.6382, 1.1201 -0.9673 0.6382, 1.0413 -0.976 0.6327, 1.1201 -0.976 0.6327, 1.0413 -0.9829 0.6251, 1.1201 -0.9829 0.6251, 1.0413 -0.9876 0.616, 1.1201 -0.9876 0.616, 1.0413 -0.9899 0.606, 1.1201 -0.9899 0.606, 1.0413 -0.9894 0.5957, 1.1201 -0.9894 0.5957, 1.0413 -0.9863 0.5859, 1.1201 -0.9863 0.5859, 1.0413 -0.9808 0.5772, 1.1201 -0.9808 0.5772, 1.0413 -0.9732 0.5703, 1.1201 -0.9732 0.5703, 1.0413 -0.9641 0.5655, 1.1201 -0.9641 0.5655, 1.0413 -0.9541 0.5633, 1.1201 -0.9541 0.5633, 1.0413 -0.9438 0.5638, 1.1201 -0.9438 0.5638, 1.1201 -0.6356 0.6181, 1.0413 -0.6356 0.6181, 1.1201 -0.0913 0.6181, 1.0413 -0.0913 0.6181, 1.1201 -0.0913 0.2047, 1.0413 -0.0913 0.2047, 1.3169 -0.6057 0.2746, 1.3169 -0.583 0.2047, 1.2382 -0.6057 0.2746, 1.2382 -0.583 0.2047, 1.3169 -0.8813 0.185, 1.2382 -0.8813 0.185, 1.2382 -0.8883 0.1817, 1.3169 -0.8883 0.1817, 1.2382 -0.8943 0.1768, 1.3169 -0.8943 0.1768, 1.2382 -0.8989 0.1705, 1.3169 -0.8989 0.1705, 1.2382 -0.9017 0.1632, 1.3169 -0.9017 0.1632, 1.2382 -0.9027 0.1555, 1.3169 -0.9027 0.1555, 1.2382 -0.9017 0.1478, 1.3169 -0.9017 0.1478, 1.2382 -0.8989 0.1406, 1.3169 -0.8989 0.1406, 1.2382 -0.8943 0.1343, 1.3169 -0.8943 0.1343, 1.2382 -0.8883 0.1293, 1.3169 -0.8883 0.1293, 1.2382 -0.8813 0.126, 1.3169 -0.8813 0.126, 1.3169 0.2503 0.126, 1.2382 0.2503 0.126, 1.3169 0.2639 0.1244, 1.2382 0.2639 0.1244, 1.3169 0.2768 0.1197, 1.2382 0.2768 0.1197, 1.3169 0.2882 0.1122, 1.2382 0.2882 0.1122, 1.3169 0.2976 0.1022, 1.2382 0.2976 0.1022, 1.3169 0.3045 0.0903, 1.2382 0.3045 0.0903, 1.3169 0.3084 0.0772, 1.2382 0.3084 0.0772, 1.3169 0.3134 0.0488, 1.2382 0.3134 0.0488, 1.2382 0.3174 0.0357, 1.3169 0.3174 0.0357, 1.2382 0.3242 0.0238, 1.3169 0.3242 0.0238, 1.2382 0.3336 0.0138, 1.3169 0.3336 0.0138, 1.2382 0.3451 0.0063, 1.3169 0.3451 0.0063, 1.2382 0.358 0.0016, 1.3169 0.358 0.0016, 1.2382 0.3716 0.0, 1.3169 0.3716 0.0, 1.3169 0.637 0.0, 1.2382 0.637 0.0, 1.2382 0.6472 0.0013, 1.3169 0.6472 0.0013, 1.2382 0.6567 0.0053, 1.3169 0.6567 0.0053, 1.2382 0.6648 0.0115, 1.3169 0.6648 0.0115, 1.2382 0.6711 0.0197, 1.3169 0.6711 0.0197, 1.2382 0.675 0.0292, 1.3169 0.675 0.0292, 1.2382 0.6764 0.0394, 1.3169 0.6764 0.0394, 1.3169 0.6764 0.0591, 1.2382 0.6764 0.0591, 1.2382 0.6744 0.0743, 1.3169 0.6744 0.0743, 1.2382 0.6685 0.0886, 1.3169 0.6685 0.0886, 1.2382 0.6591 0.1008, 1.3169 0.6591 0.1008, 1.2382 0.6468 0.1102, 1.3169 0.6468 0.1102, 1.2382 0.6326 0.1161, 1.3169 0.6326 0.1161, 1.2382 0.6173 0.1181, 1.3169 0.6173 0.1181, 1.3169 0.4703 0.1181, 1.2382 0.4703 0.1181, 1.3169 0.3811 0.2244, 1.2382 0.3811 0.2244, 1.3169 0.3811 0.6969, 1.2382 0.3811 0.6969, 1.3169 -0.6425 0.6969, 1.2382 -0.6425 0.6969, 1.3169 -0.9575 0.6413, 1.2382 -0.9575 0.6413, 1.2382 -0.9673 0.6382, 1.3169 -0.9673 0.6382, 1.2382 -0.976 0.6327, 1.3169 -0.976 0.6327, 1.2382 -0.9829 0.6251, 1.3169 -0.9829 0.6251, 1.2382 -0.9876 0.616, 1.3169 -0.9876 0.616, 1.2382 -0.9899 0.606, 1.3169 -0.9899 0.606, 1.2382 -0.9894 0.5957, 1.3169 -0.9894 0.5957, 1.2382 -0.9863 0.5859, 1.3169 -0.9863 0.5859, 1.2382 -0.9808 0.5772, 1.3169 -0.9808 0.5772, 1.2382 -0.9732 0.5703, 1.3169 -0.9732 0.5703, 1.2382 -0.9641 0.5655, 1.3169 -0.9641 0.5655, 1.2382 -0.9541 0.5633, 1.3169 -0.9541 0.5633, 1.2382 -0.9438 0.5638, 1.3169 -0.9438 0.5638, 1.3169 -0.6356 0.6181, 1.2382 -0.6356 0.6181, 1.3169 -0.0913 0.6181, 1.2382 -0.0913 0.6181, 1.3169 -0.0913 0.2047, 1.2382 -0.0913 0.2047, 1.5138 -0.6057 0.2746, 1.5138 -0.583 0.2047, 1.435 -0.6057 0.2746, 1.435 -0.583 0.2047, 1.5138 -0.8813 0.185, 1.435 -0.8813 0.185, 1.435 -0.8883 0.1817, 1.5138 -0.8883 0.1817, 1.435 -0.8943 0.1768, 1.5138 -0.8943 0.1768, 1.435 -0.8989 0.1705, 1.5138 -0.8989 0.1705, 1.435 -0.9017 0.1632, 1.5138 -0.9017 0.1632, 1.435 -0.9027 0.1555, 1.5138 -0.9027 0.1555, 1.435 -0.9017 0.1478, 1.5138 -0.9017 0.1478, 1.435 -0.8989 0.1406, 1.5138 -0.8989 0.1406, 1.435 -0.8943 0.1343, 1.5138 -0.8943 0.1343, 1.435 -0.8883 0.1293, 1.5138 -0.8883 0.1293, 1.435 -0.8813 0.126, 1.5138 -0.8813 0.126, 1.5138 0.2503 0.126, 1.435 0.2503 0.126, 1.5138 0.2639 0.1244, 1.435 0.2639 0.1244, 1.5138 0.2768 0.1197, 1.435 0.2768 0.1197, 1.5138 0.2882 0.1122, 1.435 0.2882 0.1122, 1.5138 0.2976 0.1022, 1.435 0.2976 0.1022, 1.5138 0.3045 0.0903, 1.435 0.3045 0.0903, 1.5138 0.3084 0.0772, 1.435 0.3084 0.0772, 1.5138 0.3134 0.0488, 1.435 0.3134 0.0488, 1.435 0.3174 0.0357, 1.5138 0.3174 0.0357, 1.435 0.3242 0.0238, 1.5138 0.3242 0.0238, 1.435 0.3336 0.0138, 1.5138 0.3336 0.0138, 1.435 0.3451 0.0063, 1.5138 0.3451 0.0063, 1.435 0.358 0.0016, 1.5138 0.358 0.0016, 1.435 0.3716 0.0, 1.5138 0.3716 0.0, 1.5138 0.637 0.0, 1.435 0.637 0.0, 1.435 0.6472 0.0013, 1.5138 0.6472 0.0013, 1.435 0.6567 0.0053, 1.5138 0.6567 0.0053, 1.435 0.6648 0.0115, 1.5138 0.6648 0.0115, 1.435 0.6711 0.0197, 1.5138 0.6711 0.0197, 1.435 0.675 0.0292, 1.5138 0.675 0.0292, 1.435 0.6764 0.0394, 1.5138 0.6764 0.0394, 1.5138 0.6764 0.0591, 1.435 0.6764 0.0591, 1.435 0.6744 0.0743, 1.5138 0.6744 0.0743, 1.435 0.6685 0.0886, 1.5138 0.6685 0.0886, 1.435 0.6591 0.1008, 1.5138 0.6591 0.1008, 1.435 0.6468 0.1102, 1.5138 0.6468 0.1102, 1.435 0.6326 0.1161, 1.5138 0.6326 0.1161, 1.435 0.6173 0.1181, 1.5138 0.6173 0.1181, 1.5138 0.4703 0.1181, 1.435 0.4703 0.1181, 1.5138 0.3811 0.2244, 1.435 0.3811 0.2244, 1.5138 0.3811 0.6969, 1.435 0.3811 0.6969, 1.5138 -0.6425 0.6969, 1.435 -0.6425 0.6969, 1.5138 -0.9575 0.6413, 1.435 -0.9575 0.6413, 1.435 -0.9673 0.6382, 1.5138 -0.9673 0.6382, 1.435 -0.976 0.6327, 1.5138 -0.976 0.6327, 1.435 -0.9829 0.6251, 1.5138 -0.9829 0.6251, 1.435 -0.9876 0.616, 1.5138 -0.9876 0.616, 1.435 -0.9899 0.606, 1.5138 -0.9899 0.606, 1.435 -0.9894 0.5957, 1.5138 -0.9894 0.5957, 1.435 -0.9863 0.5859, 1.5138 -0.9863 0.5859, 1.435 -0.9808 0.5772, 1.5138 -0.9808 0.5772, 1.435 -0.9732 0.5703, 1.5138 -0.9732 0.5703, 1.435 -0.9641 0.5655, 1.5138 -0.9641 0.5655, 1.435 -0.9541 0.5633, 1.5138 -0.9541 0.5633, 1.435 -0.9438 0.5638, 1.5138 -0.9438 0.5638, 1.5138 -0.6356 0.6181, 1.435 -0.6356 0.6181, 1.5138 -0.0913 0.6181, 1.435 -0.0913 0.6181, 1.5138 -0.0913 0.2047, 1.435 -0.0913 0.2047, 1.7106 -0.6057 0.2746, 1.7106 -0.583 0.2047, 1.6319 -0.6057 0.2746, 1.6319 -0.583 0.2047, 1.7106 -0.8813 0.185, 1.6319 -0.8813 0.185, 1.6319 -0.8883 0.1817, 1.7106 -0.8883 0.1817, 1.6319 -0.8943 0.1768, 1.7106 -0.8943 0.1768, 1.6319 -0.8989 0.1705, 1.7106 -0.8989 0.1705, 1.6319 -0.9017 0.1632, 1.7106 -0.9017 0.1632, 1.6319 -0.9027 0.1555, 1.7106 -0.9027 0.1555, 1.6319 -0.9017 0.1478, 1.7106 -0.9017 0.1478, 1.6319 -0.8989 0.1406, 1.7106 -0.8989 0.1406, 1.6319 -0.8943 0.1343, 1.7106 -0.8943 0.1343, 1.6319 -0.8883 0.1293, 1.7106 -0.8883 0.1293, 1.6319 -0.8813 0.126, 1.7106 -0.8813 0.126, 1.7106 0.2503 0.126, 1.6319 0.2503 0.126, 1.7106 0.2639 0.1244, 1.6319 0.2639 0.1244, 1.7106 0.2768 0.1197, 1.6319 0.2768 0.1197, 1.7106 0.2882 0.1122, 1.6319 0.2882 0.1122, 1.7106 0.2976 0.1022, 1.6319 0.2976 0.1022, 1.7106 0.3045 0.0903, 1.6319 0.3045 0.0903, 1.7106 0.3084 0.0772, 1.6319 0.3084 0.0772, 1.7106 0.3134 0.0488, 1.6319 0.3134 0.0488, 1.6319 0.3174 0.0357, 1.7106 0.3174 0.0357, 1.6319 0.3242 0.0238, 1.7106 0.3242 0.0238, 1.6319 0.3336 0.0138, 1.7106 0.3336 0.0138, 1.6319 0.3451 0.0063, 1.7106 0.3451 0.0063, 1.6319 0.358 0.0016, 1.7106 0.358 0.0016, 1.6319 0.3716 0.0, 1.7106 0.3716 0.0, 1.7106 0.637 0.0, 1.6319 0.637 0.0, 1.6319 0.6472 0.0013, 1.7106 0.6472 0.0013, 1.6319 0.6567 0.0053, 1.7106 0.6567 0.0053, 1.6319 0.6648 0.0115, 1.7106 0.6648 0.0115, 1.6319 0.6711 0.0197, 1.7106 0.6711 0.0197, 1.6319 0.675 0.0292, 1.7106 0.675 0.0292, 1.6319 0.6764 0.0394, 1.7106 0.6764 0.0394, 1.7106 0.6764 0.0591, 1.6319 0.6764 0.0591, 1.6319 0.6744 0.0743, 1.7106 0.6744 0.0743, 1.6319 0.6685 0.0886, 1.7106 0.6685 0.0886, 1.6319 0.6591 0.1008, 1.7106 0.6591 0.1008, 1.6319 0.6468 0.1102, 1.7106 0.6468 0.1102, 1.6319 0.6326 0.1161, 1.7106 0.6326 0.1161, 1.6319 0.6173 0.1181, 1.7106 0.6173 0.1181, 1.7106 0.4703 0.1181, 1.6319 0.4703 0.1181, 1.7106 0.3811 0.2244, 1.6319 0.3811 0.2244, 1.7106 0.3811 0.6969, 1.6319 0.3811 0.6969, 1.7106 -0.6425 0.6969, 1.6319 -0.6425 0.6969, 1.7106 -0.9575 0.6413, 1.6319 -0.9575 0.6413, 1.6319 -0.9673 0.6382, 1.7106 -0.9673 0.6382, 1.6319 -0.976 0.6327, 1.7106 -0.976 0.6327, 1.6319 -0.9829 0.6251, 1.7106 -0.9829 0.6251, 1.6319 -0.9876 0.616, 1.7106 -0.9876 0.616, 1.6319 -0.9899 0.606, 1.7106 -0.9899 0.606, 1.6319 -0.9894 0.5957, 1.7106 -0.9894 0.5957, 1.6319 -0.9863 0.5859, 1.7106 -0.9863 0.5859, 1.6319 -0.9808 0.5772, 1.7106 -0.9808 0.5772, 1.6319 -0.9732 0.5703, 1.7106 -0.9732 0.5703, 1.6319 -0.9641 0.5655, 1.7106 -0.9641 0.5655, 1.6319 -0.9541 0.5633, 1.7106 -0.9541 0.5633, 1.6319 -0.9438 0.5638, 1.7106 -0.9438 0.5638, 1.7106 -0.6356 0.6181, 1.6319 -0.6356 0.6181, 1.7106 -0.0913 0.6181, 1.6319 -0.0913 0.6181, 1.7106 -0.0913 0.2047, 1.6319 -0.0913 0.2047, 1.9075 -0.6057 0.2746, 1.9075 -0.583 0.2047, 1.8287 -0.6057 0.2746, 1.8287 -0.583 0.2047, 1.9075 -0.8813 0.185, 1.8287 -0.8813 0.185, 1.8287 -0.8883 0.1817, 1.9075 -0.8883 0.1817, 1.8287 -0.8943 0.1768, 1.9075 -0.8943 0.1768, 1.8287 -0.8989 0.1705, 1.9075 -0.8989 0.1705, 1.8287 -0.9017 0.1632, 1.9075 -0.9017 0.1632, 1.8287 -0.9027 0.1555, 1.9075 -0.9027 0.1555, 1.8287 -0.9017 0.1478, 1.9075 -0.9017 0.1478, 1.8287 -0.8989 0.1406, 1.9075 -0.8989 0.1406, 1.8287 -0.8943 0.1343, 1.9075 -0.8943 0.1343, 1.8287 -0.8883 0.1293, 1.9075 -0.8883 0.1293, 1.8287 -0.8813 0.126, 1.9075 -0.8813 0.126, 1.9075 0.2503 0.126, 1.8287 0.2503 0.126, 1.9075 0.2639 0.1244, 1.8287 0.2639 0.1244, 1.9075 0.2768 0.1197, 1.8287 0.2768 0.1197, 1.9075 0.2882 0.1122, 1.8287 0.2882 0.1122, 1.9075 0.2976 0.1022, 1.8287 0.2976 0.1022, 1.9075 0.3045 0.0903, 1.8287 0.3045 0.0903, 1.9075 0.3084 0.0772, 1.8287 0.3084 0.0772, 1.9075 0.3134 0.0488, 1.8287 0.3134 0.0488, 1.8287 0.3174 0.0357, 1.9075 0.3174 0.0357, 1.8287 0.3242 0.0238, 1.9075 0.3242 0.0238, 1.8287 0.3336 0.0138, 1.9075 0.3336 0.0138, 1.8287 0.3451 0.0063, 1.9075 0.3451 0.0063, 1.8287 0.358 0.0016, 1.9075 0.358 0.0016, 1.8287 0.3716 0.0, 1.9075 0.3716 0.0, 1.9075 0.637 0.0, 1.8287 0.637 0.0, 1.8287 0.6472 0.0013, 1.9075 0.6472 0.0013, 1.8287 0.6567 0.0053, 1.9075 0.6567 0.0053, 1.8287 0.6648 0.0115, 1.9075 0.6648 0.0115, 1.8287 0.6711 0.0197, 1.9075 0.6711 0.0197, 1.8287 0.675 0.0292, 1.9075 0.675 0.0292, 1.8287 0.6764 0.0394, 1.9075 0.6764 0.0394, 1.9075 0.6764 0.0591, 1.8287 0.6764 0.0591, 1.8287 0.6744 0.0743, 1.9075 0.6744 0.0743, 1.8287 0.6685 0.0886, 1.9075 0.6685 0.0886, 1.8287 0.6591 0.1008, 1.9075 0.6591 0.1008, 1.8287 0.6468 0.1102, 1.9075 0.6468 0.1102, 1.8287 0.6326 0.1161, 1.9075 0.6326 0.1161, 1.8287 0.6173 0.1181, 1.9075 0.6173 0.1181, 1.9075 0.4703 0.1181, 1.8287 0.4703 0.1181, 1.9075 0.3811 0.2244, 1.8287 0.3811 0.2244, 1.9075 0.3811 0.6969, 1.8287 0.3811 0.6969, 1.9075 -0.6425 0.6969, 1.8287 -0.6425 0.6969, 1.9075 -0.9575 0.6413, 1.8287 -0.9575 0.6413, 1.8287 -0.9673 0.6382, 1.9075 -0.9673 0.6382, 1.8287 -0.976 0.6327, 1.9075 -0.976 0.6327, 1.8287 -0.9829 0.6251, 1.9075 -0.9829 0.6251, 1.8287 -0.9876 0.616, 1.9075 -0.9876 0.616, 1.8287 -0.9899 0.606, 1.9075 -0.9899 0.606, 1.8287 -0.9894 0.5957, 1.9075 -0.9894 0.5957, 1.8287 -0.9863 0.5859, 1.9075 -0.9863 0.5859, 1.8287 -0.9808 0.5772, 1.9075 -0.9808 0.5772, 1.8287 -0.9732 0.5703, 1.9075 -0.9732 0.5703, 1.8287 -0.9641 0.5655, 1.9075 -0.9641 0.5655, 1.8287 -0.9541 0.5633, 1.9075 -0.9541 0.5633, 1.8287 -0.9438 0.5638, 1.9075 -0.9438 0.5638, 1.9075 -0.6356 0.6181, 1.8287 -0.6356 0.6181, 1.9075 -0.0913 0.6181, 1.8287 -0.0913 0.6181, 1.9075 -0.0913 0.2047, 1.8287 -0.0913 0.2047, 2.1043 -0.6057 0.2746, 2.1043 -0.583 0.2047, 2.0256 -0.6057 0.2746, 2.0256 -0.583 0.2047, 2.1043 -0.8813 0.185, 2.0256 -0.8813 0.185, 2.0256 -0.8883 0.1817, 2.1043 -0.8883 0.1817, 2.0256 -0.8943 0.1768, 2.1043 -0.8943 0.1768, 2.0256 -0.8989 0.1705, 2.1043 -0.8989 0.1705, 2.0256 -0.9017 0.1632, 2.1043 -0.9017 0.1632, 2.0256 -0.9027 0.1555, 2.1043 -0.9027 0.1555, 2.0256 -0.9017 0.1478, 2.1043 -0.9017 0.1478, 2.0256 -0.8989 0.1406, 2.1043 -0.8989 0.1406, 2.0256 -0.8943 0.1343, 2.1043 -0.8943 0.1343, 2.0256 -0.8883 0.1293, 2.1043 -0.8883 0.1293, 2.0256 -0.8813 0.126, 2.1043 -0.8813 0.126, 2.1043 0.2503 0.126, 2.0256 0.2503 0.126, 2.1043 0.2639 0.1244, 2.0256 0.2639 0.1244, 2.1043 0.2768 0.1197, 2.0256 0.2768 0.1197, 2.1043 0.2882 0.1122, 2.0256 0.2882 0.1122, 2.1043 0.2976 0.1022, 2.0256 0.2976 0.1022, 2.1043 0.3045 0.0903, 2.0256 0.3045 0.0903, 2.1043 0.3084 0.0772, 2.0256 0.3084 0.0772, 2.1043 0.3134 0.0488, 2.0256 0.3134 0.0488, 2.0256 0.3174 0.0357, 2.1043 0.3174 0.0357, 2.0256 0.3242 0.0238, 2.1043 0.3242 0.0238, 2.0256 0.3336 0.0138, 2.1043 0.3336 0.0138, 2.0256 0.3451 0.0063, 2.1043 0.3451 0.0063, 2.0256 0.358 0.0016, 2.1043 0.358 0.0016, 2.0256 0.3716 0.0, 2.1043 0.3716 0.0, 2.1043 0.637 0.0, 2.0256 0.637 0.0, 2.0256 0.6472 0.0013, 2.1043 0.6472 0.0013, 2.0256 0.6567 0.0053, 2.1043 0.6567 0.0053, 2.0256 0.6648 0.0115, 2.1043 0.6648 0.0115, 2.0256 0.6711 0.0197, 2.1043 0.6711 0.0197, 2.0256 0.675 0.0292, 2.1043 0.675 0.0292, 2.0256 0.6764 0.0394, 2.1043 0.6764 0.0394, 2.1043 0.6764 0.0591, 2.0256 0.6764 0.0591, 2.0256 0.6744 0.0743, 2.1043 0.6744 0.0743, 2.0256 0.6685 0.0886, 2.1043 0.6685 0.0886, 2.0256 0.6591 0.1008, 2.1043 0.6591 0.1008, 2.0256 0.6468 0.1102, 2.1043 0.6468 0.1102, 2.0256 0.6326 0.1161, 2.1043 0.6326 0.1161, 2.0256 0.6173 0.1181, 2.1043 0.6173 0.1181, 2.1043 0.4703 0.1181, 2.0256 0.4703 0.1181, 2.1043 0.3811 0.2244, 2.0256 0.3811 0.2244, 2.1043 0.3811 0.6969, 2.0256 0.3811 0.6969, 2.1043 -0.6425 0.6969, 2.0256 -0.6425 0.6969, 2.1043 -0.9575 0.6413, 2.0256 -0.9575 0.6413, 2.0256 -0.9673 0.6382, 2.1043 -0.9673 0.6382, 2.0256 -0.976 0.6327, 2.1043 -0.976 0.6327, 2.0256 -0.9829 0.6251, 2.1043 -0.9829 0.6251, 2.0256 -0.9876 0.616, 2.1043 -0.9876 0.616, 2.0256 -0.9899 0.606, 2.1043 -0.9899 0.606, 2.0256 -0.9894 0.5957, 2.1043 -0.9894 0.5957, 2.0256 -0.9863 0.5859, 2.1043 -0.9863 0.5859, 2.0256 -0.9808 0.5772, 2.1043 -0.9808 0.5772, 2.0256 -0.9732 0.5703, 2.1043 -0.9732 0.5703, 2.0256 -0.9641 0.5655, 2.1043 -0.9641 0.5655, 2.0256 -0.9541 0.5633, 2.1043 -0.9541 0.5633, 2.0256 -0.9438 0.5638, 2.1043 -0.9438 0.5638, 2.1043 -0.6356 0.6181, 2.0256 -0.6356 0.6181, 2.1043 -0.0913 0.6181, 2.0256 -0.0913 0.6181, 2.1043 -0.0913 0.2047, 2.0256 -0.0913 0.2047, 2.3012 -0.6057 0.2746, 2.3012 -0.583 0.2047, 2.2224 -0.6057 0.2746, 2.2224 -0.583 0.2047, 2.3012 -0.8813 0.185, 2.2224 -0.8813 0.185, 2.2224 -0.8883 0.1817, 2.3012 -0.8883 0.1817, 2.2224 -0.8943 0.1768, 2.3012 -0.8943 0.1768, 2.2224 -0.8989 0.1705, 2.3012 -0.8989 0.1705, 2.2224 -0.9017 0.1632, 2.3012 -0.9017 0.1632, 2.2224 -0.9027 0.1555, 2.3012 -0.9027 0.1555, 2.2224 -0.9017 0.1478, 2.3012 -0.9017 0.1478, 2.2224 -0.8989 0.1406, 2.3012 -0.8989 0.1406, 2.2224 -0.8943 0.1343, 2.3012 -0.8943 0.1343, 2.2224 -0.8883 0.1293, 2.3012 -0.8883 0.1293, 2.2224 -0.8813 0.126, 2.3012 -0.8813 0.126, 2.3012 0.2503 0.126, 2.2224 0.2503 0.126, 2.3012 0.2639 0.1244, 2.2224 0.2639 0.1244, 2.3012 0.2768 0.1197, 2.2224 0.2768 0.1197, 2.3012 0.2882 0.1122, 2.2224 0.2882 0.1122, 2.3012 0.2976 0.1022, 2.2224 0.2976 0.1022, 2.3012 0.3045 0.0903, 2.2224 0.3045 0.0903, 2.3012 0.3084 0.0772, 2.2224 0.3084 0.0772, 2.3012 0.3134 0.0488, 2.2224 0.3134 0.0488, 2.2224 0.3174 0.0357, 2.3012 0.3174 0.0357, 2.2224 0.3242 0.0238, 2.3012 0.3242 0.0238, 2.2224 0.3336 0.0138, 2.3012 0.3336 0.0138, 2.2224 0.3451 0.0063, 2.3012 0.3451 0.0063, 2.2224 0.358 0.0016, 2.3012 0.358 0.0016, 2.2224 0.3716 0.0, 2.3012 0.3716 0.0, 2.3012 0.637 0.0, 2.2224 0.637 0.0, 2.2224 0.6472 0.0013, 2.3012 0.6472 0.0013, 2.2224 0.6567 0.0053, 2.3012 0.6567 0.0053, 2.2224 0.6648 0.0115, 2.3012 0.6648 0.0115, 2.2224 0.6711 0.0197, 2.3012 0.6711 0.0197, 2.2224 0.675 0.0292, 2.3012 0.675 0.0292, 2.2224 0.6764 0.0394, 2.3012 0.6764 0.0394, 2.3012 0.6764 0.0591, 2.2224 0.6764 0.0591, 2.2224 0.6744 0.0743, 2.3012 0.6744 0.0743, 2.2224 0.6685 0.0886, 2.3012 0.6685 0.0886, 2.2224 0.6591 0.1008, 2.3012 0.6591 0.1008, 2.2224 0.6468 0.1102, 2.3012 0.6468 0.1102, 2.2224 0.6326 0.1161, 2.3012 0.6326 0.1161, 2.2224 0.6173 0.1181, 2.3012 0.6173 0.1181, 2.3012 0.4703 0.1181, 2.2224 0.4703 0.1181, 2.3012 0.3811 0.2244, 2.2224 0.3811 0.2244, 2.3012 0.3811 0.6969, 2.2224 0.3811 0.6969, 2.3012 -0.6425 0.6969, 2.2224 -0.6425 0.6969, 2.3012 -0.9575 0.6413, 2.2224 -0.9575 0.6413, 2.2224 -0.9673 0.6382, 2.3012 -0.9673 0.6382, 2.2224 -0.976 0.6327, 2.3012 -0.976 0.6327, 2.2224 -0.9829 0.6251, 2.3012 -0.9829 0.6251, 2.2224 -0.9876 0.616, 2.3012 -0.9876 0.616, 2.2224 -0.9899 0.606, 2.3012 -0.9899 0.606, 2.2224 -0.9894 0.5957, 2.3012 -0.9894 0.5957, 2.2224 -0.9863 0.5859, 2.3012 -0.9863 0.5859, 2.2224 -0.9808 0.5772, 2.3012 -0.9808 0.5772, 2.2224 -0.9732 0.5703, 2.3012 -0.9732 0.5703, 2.2224 -0.9641 0.5655, 2.3012 -0.9641 0.5655, 2.2224 -0.9541 0.5633, 2.3012 -0.9541 0.5633, 2.2224 -0.9438 0.5638, 2.3012 -0.9438 0.5638, 2.3012 -0.6356 0.6181, 2.2224 -0.6356 0.6181, 2.3012 -0.0913 0.6181, 2.2224 -0.0913 0.6181, 2.3012 -0.0913 0.2047, 2.2224 -0.0913 0.2047, 2.498 -0.6057 0.2746, 2.498 -0.583 0.2047, 2.4193 -0.6057 0.2746, 2.4193 -0.583 0.2047, 2.498 -0.8813 0.185, 2.4193 -0.8813 0.185, 2.4193 -0.8883 0.1817, 2.498 -0.8883 0.1817, 2.4193 -0.8943 0.1768, 2.498 -0.8943 0.1768, 2.4193 -0.8989 0.1705, 2.498 -0.8989 0.1705, 2.4193 -0.9017 0.1632, 2.498 -0.9017 0.1632, 2.4193 -0.9027 0.1555, 2.498 -0.9027 0.1555, 2.4193 -0.9017 0.1478, 2.498 -0.9017 0.1478, 2.4193 -0.8989 0.1406, 2.498 -0.8989 0.1406, 2.4193 -0.8943 0.1343, 2.498 -0.8943 0.1343, 2.4193 -0.8883 0.1293, 2.498 -0.8883 0.1293, 2.4193 -0.8813 0.126, 2.498 -0.8813 0.126, 2.498 0.2503 0.126, 2.4193 0.2503 0.126, 2.498 0.2639 0.1244, 2.4193 0.2639 0.1244, 2.498 0.2768 0.1197, 2.4193 0.2768 0.1197, 2.498 0.2882 0.1122, 2.4193 0.2882 0.1122, 2.498 0.2976 0.1022, 2.4193 0.2976 0.1022, 2.498 0.3045 0.0903, 2.4193 0.3045 0.0903, 2.498 0.3084 0.0772, 2.4193 0.3084 0.0772, 2.498 0.3134 0.0488, 2.4193 0.3134 0.0488, 2.4193 0.3174 0.0357, 2.498 0.3174 0.0357, 2.4193 0.3242 0.0238, 2.498 0.3242 0.0238, 2.4193 0.3336 0.0138, 2.498 0.3336 0.0138, 2.4193 0.3451 0.0063, 2.498 0.3451 0.0063, 2.4193 0.358 0.0016, 2.498 0.358 0.0016, 2.4193 0.3716 0.0, 2.498 0.3716 0.0, 2.498 0.637 0.0, 2.4193 0.637 0.0, 2.4193 0.6472 0.0013, 2.498 0.6472 0.0013, 2.4193 0.6567 0.0053, 2.498 0.6567 0.0053, 2.4193 0.6648 0.0115, 2.498 0.6648 0.0115, 2.4193 0.6711 0.0197, 2.498 0.6711 0.0197, 2.4193 0.675 0.0292, 2.498 0.675 0.0292, 2.4193 0.6764 0.0394, 2.498 0.6764 0.0394, 2.498 0.6764 0.0591, 2.4193 0.6764 0.0591, 2.4193 0.6744 0.0743, 2.498 0.6744 0.0743, 2.4193 0.6685 0.0886, 2.498 0.6685 0.0886, 2.4193 0.6591 0.1008, 2.498 0.6591 0.1008, 2.4193 0.6468 0.1102, 2.498 0.6468 0.1102, 2.4193 0.6326 0.1161, 2.498 0.6326 0.1161, 2.4193 0.6173 0.1181, 2.498 0.6173 0.1181, 2.498 0.4703 0.1181, 2.4193 0.4703 0.1181, 2.498 0.3811 0.2244, 2.4193 0.3811 0.2244, 2.498 0.3811 0.6969, 2.4193 0.3811 0.6969, 2.498 -0.6425 0.6969, 2.4193 -0.6425 0.6969, 2.498 -0.9575 0.6413, 2.4193 -0.9575 0.6413, 2.4193 -0.9673 0.6382, 2.498 -0.9673 0.6382, 2.4193 -0.976 0.6327, 2.498 -0.976 0.6327, 2.4193 -0.9829 0.6251, 2.498 -0.9829 0.6251, 2.4193 -0.9876 0.616, 2.498 -0.9876 0.616, 2.4193 -0.9899 0.606, 2.498 -0.9899 0.606, 2.4193 -0.9894 0.5957, 2.498 -0.9894 0.5957, 2.4193 -0.9863 0.5859, 2.498 -0.9863 0.5859, 2.4193 -0.9808 0.5772, 2.498 -0.9808 0.5772, 2.4193 -0.9732 0.5703, 2.498 -0.9732 0.5703, 2.4193 -0.9641 0.5655, 2.498 -0.9641 0.5655, 2.4193 -0.9541 0.5633, 2.498 -0.9541 0.5633, 2.4193 -0.9438 0.5638, 2.498 -0.9438 0.5638, 2.498 -0.6356 0.6181, 2.4193 -0.6356 0.6181, 2.498 -0.0913 0.6181, 2.4193 -0.0913 0.6181, 2.498 -0.0913 0.2047, 2.4193 -0.0913 0.2047, 2.6949 -0.6057 0.2746, 2.6949 -0.583 0.2047, 2.6161 -0.6057 0.2746, 2.6161 -0.583 0.2047, 2.6949 -0.8813 0.185, 2.6161 -0.8813 0.185, 2.6161 -0.8883 0.1817, 2.6949 -0.8883 0.1817, 2.6161 -0.8943 0.1768, 2.6949 -0.8943 0.1768, 2.6161 -0.8989 0.1705, 2.6949 -0.8989 0.1705, 2.6161 -0.9017 0.1632, 2.6949 -0.9017 0.1632, 2.6161 -0.9027 0.1555, 2.6949 -0.9027 0.1555, 2.6161 -0.9017 0.1478, 2.6949 -0.9017 0.1478, 2.6161 -0.8989 0.1406, 2.6949 -0.8989 0.1406, 2.6161 -0.8943 0.1343, 2.6949 -0.8943 0.1343, 2.6161 -0.8883 0.1293, 2.6949 -0.8883 0.1293, 2.6161 -0.8813 0.126, 2.6949 -0.8813 0.126, 2.6949 0.2503 0.126, 2.6161 0.2503 0.126, 2.6949 0.2639 0.1244, 2.6161 0.2639 0.1244, 2.6949 0.2768 0.1197, 2.6161 0.2768 0.1197, 2.6949 0.2882 0.1122, 2.6161 0.2882 0.1122, 2.6949 0.2976 0.1022, 2.6161 0.2976 0.1022, 2.6949 0.3045 0.0903, 2.6161 0.3045 0.0903, 2.6949 0.3084 0.0772, 2.6161 0.3084 0.0772, 2.6949 0.3134 0.0488, 2.6161 0.3134 0.0488, 2.6161 0.3174 0.0357, 2.6949 0.3174 0.0357, 2.6161 0.3242 0.0238, 2.6949 0.3242 0.0238, 2.6161 0.3336 0.0138, 2.6949 0.3336 0.0138, 2.6161 0.3451 0.0063, 2.6949 0.3451 0.0063, 2.6161 0.358 0.0016, 2.6949 0.358 0.0016, 2.6161 0.3716 0.0, 2.6949 0.3716 0.0, 2.6949 0.637 0.0, 2.6161 0.637 0.0, 2.6161 0.6472 0.0013, 2.6949 0.6472 0.0013, 2.6161 0.6567 0.0053, 2.6949 0.6567 0.0053, 2.6161 0.6648 0.0115, 2.6949 0.6648 0.0115, 2.6161 0.6711 0.0197, 2.6949 0.6711 0.0197, 2.6161 0.675 0.0292, 2.6949 0.675 0.0292, 2.6161 0.6764 0.0394, 2.6949 0.6764 0.0394, 2.6949 0.6764 0.0591, 2.6161 0.6764 0.0591, 2.6161 0.6744 0.0743, 2.6949 0.6744 0.0743, 2.6161 0.6685 0.0886, 2.6949 0.6685 0.0886, 2.6161 0.6591 0.1008, 2.6949 0.6591 0.1008, 2.6161 0.6468 0.1102, 2.6949 0.6468 0.1102, 2.6161 0.6326 0.1161, 2.6949 0.6326 0.1161, 2.6161 0.6173 0.1181, 2.6949 0.6173 0.1181, 2.6949 0.4703 0.1181, 2.6161 0.4703 0.1181, 2.6949 0.3811 0.2244, 2.6161 0.3811 0.2244, 2.6949 0.3811 0.6969, 2.6161 0.3811 0.6969, 2.6949 -0.6425 0.6969, 2.6161 -0.6425 0.6969, 2.6949 -0.9575 0.6413, 2.6161 -0.9575 0.6413, 2.6161 -0.9673 0.6382, 2.6949 -0.9673 0.6382, 2.6161 -0.976 0.6327, 2.6949 -0.976 0.6327, 2.6161 -0.9829 0.6251, 2.6949 -0.9829 0.6251, 2.6161 -0.9876 0.616, 2.6949 -0.9876 0.616, 2.6161 -0.9899 0.606, 2.6949 -0.9899 0.606, 2.6161 -0.9894 0.5957, 2.6949 -0.9894 0.5957, 2.6161 -0.9863 0.5859, 2.6949 -0.9863 0.5859, 2.6161 -0.9808 0.5772, 2.6949 -0.9808 0.5772, 2.6161 -0.9732 0.5703, 2.6949 -0.9732 0.5703, 2.6161 -0.9641 0.5655, 2.6949 -0.9641 0.5655, 2.6161 -0.9541 0.5633, 2.6949 -0.9541 0.5633, 2.6161 -0.9438 0.5638, 2.6949 -0.9438 0.5638, 2.6949 -0.6356 0.6181, 2.6161 -0.6356 0.6181, 2.6949 -0.0913 0.6181, 2.6161 -0.0913 0.6181, 2.6949 -0.0913 0.2047, 2.6161 -0.0913 0.2047, 2.8917 -0.6057 0.2746, 2.8917 -0.583 0.2047, 2.813 -0.6057 0.2746, 2.813 -0.583 0.2047, 2.8917 -0.8813 0.185, 2.813 -0.8813 0.185, 2.813 -0.8883 0.1817, 2.8917 -0.8883 0.1817, 2.813 -0.8943 0.1768, 2.8917 -0.8943 0.1768, 2.813 -0.8989 0.1705, 2.8917 -0.8989 0.1705, 2.813 -0.9017 0.1632, 2.8917 -0.9017 0.1632, 2.813 -0.9027 0.1555, 2.8917 -0.9027 0.1555, 2.813 -0.9017 0.1478, 2.8917 -0.9017 0.1478, 2.813 -0.8989 0.1406, 2.8917 -0.8989 0.1406, 2.813 -0.8943 0.1343, 2.8917 -0.8943 0.1343, 2.813 -0.8883 0.1293, 2.8917 -0.8883 0.1293, 2.813 -0.8813 0.126, 2.8917 -0.8813 0.126, 2.8917 0.2503 0.126, 2.813 0.2503 0.126, 2.8917 0.2639 0.1244, 2.813 0.2639 0.1244, 2.8917 0.2768 0.1197, 2.813 0.2768 0.1197, 2.8917 0.2882 0.1122, 2.813 0.2882 0.1122, 2.8917 0.2976 0.1022, 2.813 0.2976 0.1022, 2.8917 0.3045 0.0903, 2.813 0.3045 0.0903, 2.8917 0.3084 0.0772, 2.813 0.3084 0.0772, 2.8917 0.3134 0.0488, 2.813 0.3134 0.0488, 2.813 0.3174 0.0357, 2.8917 0.3174 0.0357, 2.813 0.3242 0.0238, 2.8917 0.3242 0.0238, 2.813 0.3336 0.0138, 2.8917 0.3336 0.0138, 2.813 0.3451 0.0063, 2.8917 0.3451 0.0063, 2.813 0.358 0.0016, 2.8917 0.358 0.0016, 2.813 0.3716 0.0, 2.8917 0.3716 0.0, 2.8917 0.637 0.0, 2.813 0.637 0.0, 2.813 0.6472 0.0013, 2.8917 0.6472 0.0013, 2.813 0.6567 0.0053, 2.8917 0.6567 0.0053, 2.813 0.6648 0.0115, 2.8917 0.6648 0.0115, 2.813 0.6711 0.0197, 2.8917 0.6711 0.0197, 2.813 0.675 0.0292, 2.8917 0.675 0.0292, 2.813 0.6764 0.0394, 2.8917 0.6764 0.0394, 2.8917 0.6764 0.0591, 2.813 0.6764 0.0591, 2.813 0.6744 0.0743, 2.8917 0.6744 0.0743, 2.813 0.6685 0.0886, 2.8917 0.6685 0.0886, 2.813 0.6591 0.1008, 2.8917 0.6591 0.1008, 2.813 0.6468 0.1102, 2.8917 0.6468 0.1102, 2.813 0.6326 0.1161, 2.8917 0.6326 0.1161, 2.813 0.6173 0.1181, 2.8917 0.6173 0.1181, 2.8917 0.4703 0.1181, 2.813 0.4703 0.1181, 2.8917 0.3811 0.2244, 2.813 0.3811 0.2244, 2.8917 0.3811 0.6969, 2.813 0.3811 0.6969, 2.8917 -0.6425 0.6969, 2.813 -0.6425 0.6969, 2.8917 -0.9575 0.6413, 2.813 -0.9575 0.6413, 2.813 -0.9673 0.6382, 2.8917 -0.9673 0.6382, 2.813 -0.976 0.6327, 2.8917 -0.976 0.6327, 2.813 -0.9829 0.6251, 2.8917 -0.9829 0.6251, 2.813 -0.9876 0.616, 2.8917 -0.9876 0.616, 2.813 -0.9899 0.606, 2.8917 -0.9899 0.606, 2.813 -0.9894 0.5957, 2.8917 -0.9894 0.5957, 2.813 -0.9863 0.5859, 2.8917 -0.9863 0.5859, 2.813 -0.9808 0.5772, 2.8917 -0.9808 0.5772, 2.813 -0.9732 0.5703, 2.8917 -0.9732 0.5703, 2.813 -0.9641 0.5655, 2.8917 -0.9641 0.5655, 2.813 -0.9541 0.5633, 2.8917 -0.9541 0.5633, 2.813 -0.9438 0.5638, 2.8917 -0.9438 0.5638, 2.8917 -0.6356 0.6181, 2.813 -0.6356 0.6181, 2.8917 -0.0913 0.6181, 2.813 -0.0913 0.6181, 2.8917 -0.0913 0.2047, 2.813 -0.0913 0.2047, 3.0886 -0.6057 0.2746, 3.0886 -0.583 0.2047, 3.0098 -0.6057 0.2746, 3.0098 -0.583 0.2047, 3.0886 -0.8813 0.185, 3.0098 -0.8813 0.185, 3.0098 -0.8883 0.1817, 3.0886 -0.8883 0.1817, 3.0098 -0.8943 0.1768, 3.0886 -0.8943 0.1768, 3.0098 -0.8989 0.1705, 3.0886 -0.8989 0.1705, 3.0098 -0.9017 0.1632, 3.0886 -0.9017 0.1632, 3.0098 -0.9027 0.1555, 3.0886 -0.9027 0.1555, 3.0098 -0.9017 0.1478, 3.0886 -0.9017 0.1478, 3.0098 -0.8989 0.1406, 3.0886 -0.8989 0.1406, 3.0098 -0.8943 0.1343, 3.0886 -0.8943 0.1343, 3.0098 -0.8883 0.1293, 3.0886 -0.8883 0.1293, 3.0098 -0.8813 0.126, 3.0886 -0.8813 0.126, 3.0886 0.2503 0.126, 3.0098 0.2503 0.126, 3.0886 0.2639 0.1244, 3.0098 0.2639 0.1244, 3.0886 0.2768 0.1197, 3.0098 0.2768 0.1197, 3.0886 0.2882 0.1122, 3.0098 0.2882 0.1122, 3.0886 0.2976 0.1022, 3.0098 0.2976 0.1022, 3.0886 0.3045 0.0903, 3.0098 0.3045 0.0903, 3.0886 0.3084 0.0772, 3.0098 0.3084 0.0772, 3.0886 0.3134 0.0488, 3.0098 0.3134 0.0488, 3.0098 0.3174 0.0357, 3.0886 0.3174 0.0357, 3.0098 0.3242 0.0238, 3.0886 0.3242 0.0238, 3.0098 0.3336 0.0138, 3.0886 0.3336 0.0138, 3.0098 0.3451 0.0063, 3.0886 0.3451 0.0063, 3.0098 0.358 0.0016, 3.0886 0.358 0.0016, 3.0098 0.3716 0.0, 3.0886 0.3716 0.0, 3.0886 0.637 0.0, 3.0098 0.637 0.0, 3.0098 0.6472 0.0013, 3.0886 0.6472 0.0013, 3.0098 0.6567 0.0053, 3.0886 0.6567 0.0053, 3.0098 0.6648 0.0115, 3.0886 0.6648 0.0115, 3.0098 0.6711 0.0197, 3.0886 0.6711 0.0197, 3.0098 0.675 0.0292, 3.0886 0.675 0.0292, 3.0098 0.6764 0.0394, 3.0886 0.6764 0.0394, 3.0886 0.6764 0.0591, 3.0098 0.6764 0.0591, 3.0098 0.6744 0.0743, 3.0886 0.6744 0.0743, 3.0098 0.6685 0.0886, 3.0886 0.6685 0.0886, 3.0098 0.6591 0.1008, 3.0886 0.6591 0.1008, 3.0098 0.6468 0.1102, 3.0886 0.6468 0.1102, 3.0098 0.6326 0.1161, 3.0886 0.6326 0.1161, 3.0098 0.6173 0.1181, 3.0886 0.6173 0.1181, 3.0886 0.4703 0.1181, 3.0098 0.4703 0.1181, 3.0886 0.3811 0.2244, 3.0098 0.3811 0.2244, 3.0886 0.3811 0.6969, 3.0098 0.3811 0.6969, 3.0886 -0.6425 0.6969, 3.0098 -0.6425 0.6969, 3.0886 -0.9575 0.6413, 3.0098 -0.9575 0.6413, 3.0098 -0.9673 0.6382, 3.0886 -0.9673 0.6382, 3.0098 -0.976 0.6327, 3.0886 -0.976 0.6327, 3.0098 -0.9829 0.6251, 3.0886 -0.9829 0.6251, 3.0098 -0.9876 0.616, 3.0886 -0.9876 0.616, 3.0098 -0.9899 0.606, 3.0886 -0.9899 0.606, 3.0098 -0.9894 0.5957, 3.0886 -0.9894 0.5957, 3.0098 -0.9863 0.5859, 3.0886 -0.9863 0.5859, 3.0098 -0.9808 0.5772, 3.0886 -0.9808 0.5772, 3.0098 -0.9732 0.5703, 3.0886 -0.9732 0.5703, 3.0098 -0.9641 0.5655, 3.0886 -0.9641 0.5655, 3.0098 -0.9541 0.5633, 3.0886 -0.9541 0.5633, 3.0098 -0.9438 0.5638, 3.0886 -0.9438 0.5638, 3.0886 -0.6356 0.6181, 3.0098 -0.6356 0.6181, 3.0886 -0.0913 0.6181, 3.0098 -0.0913 0.6181, 3.0886 -0.0913 0.2047, 3.0098 -0.0913 0.2047, 3.2854 -0.6057 0.2746, 3.2854 -0.583 0.2047, 3.2067 -0.6057 0.2746, 3.2067 -0.583 0.2047, 3.2854 -0.8813 0.185, 3.2067 -0.8813 0.185, 3.2067 -0.8883 0.1817, 3.2854 -0.8883 0.1817, 3.2067 -0.8943 0.1768, 3.2854 -0.8943 0.1768, 3.2067 -0.8989 0.1705, 3.2854 -0.8989 0.1705, 3.2067 -0.9017 0.1632, 3.2854 -0.9017 0.1632, 3.2067 -0.9027 0.1555, 3.2854 -0.9027 0.1555, 3.2067 -0.9017 0.1478, 3.2854 -0.9017 0.1478, 3.2067 -0.8989 0.1406, 3.2854 -0.8989 0.1406, 3.2067 -0.8943 0.1343, 3.2854 -0.8943 0.1343, 3.2067 -0.8883 0.1293, 3.2854 -0.8883 0.1293, 3.2067 -0.8813 0.126, 3.2854 -0.8813 0.126, 3.2854 0.2503 0.126, 3.2067 0.2503 0.126, 3.2854 0.2639 0.1244, 3.2067 0.2639 0.1244, 3.2854 0.2768 0.1197, 3.2067 0.2768 0.1197, 3.2854 0.2882 0.1122, 3.2067 0.2882 0.1122, 3.2854 0.2976 0.1022, 3.2067 0.2976 0.1022, 3.2854 0.3045 0.0903, 3.2067 0.3045 0.0903, 3.2854 0.3084 0.0772, 3.2067 0.3084 0.0772, 3.2854 0.3134 0.0488, 3.2067 0.3134 0.0488, 3.2067 0.3174 0.0357, 3.2854 0.3174 0.0357, 3.2067 0.3242 0.0238, 3.2854 0.3242 0.0238, 3.2067 0.3336 0.0138, 3.2854 0.3336 0.0138, 3.2067 0.3451 0.0063, 3.2854 0.3451 0.0063, 3.2067 0.358 0.0016, 3.2854 0.358 0.0016, 3.2067 0.3716 0.0, 3.2854 0.3716 0.0, 3.2854 0.637 0.0, 3.2067 0.637 0.0, 3.2067 0.6472 0.0013, 3.2854 0.6472 0.0013, 3.2067 0.6567 0.0053, 3.2854 0.6567 0.0053, 3.2067 0.6648 0.0115, 3.2854 0.6648 0.0115, 3.2067 0.6711 0.0197, 3.2854 0.6711 0.0197, 3.2067 0.675 0.0292, 3.2854 0.675 0.0292, 3.2067 0.6764 0.0394, 3.2854 0.6764 0.0394, 3.2854 0.6764 0.0591, 3.2067 0.6764 0.0591, 3.2067 0.6744 0.0743, 3.2854 0.6744 0.0743, 3.2067 0.6685 0.0886, 3.2854 0.6685 0.0886, 3.2067 0.6591 0.1008, 3.2854 0.6591 0.1008, 3.2067 0.6468 0.1102, 3.2854 0.6468 0.1102, 3.2067 0.6326 0.1161, 3.2854 0.6326 0.1161, 3.2067 0.6173 0.1181, 3.2854 0.6173 0.1181, 3.2854 0.4703 0.1181, 3.2067 0.4703 0.1181, 3.2854 0.3811 0.2244, 3.2067 0.3811 0.2244, 3.2854 0.3811 0.6969, 3.2067 0.3811 0.6969, 3.2854 -0.6425 0.6969, 3.2067 -0.6425 0.6969, 3.2854 -0.9575 0.6413, 3.2067 -0.9575 0.6413, 3.2067 -0.9673 0.6382, 3.2854 -0.9673 0.6382, 3.2067 -0.976 0.6327, 3.2854 -0.976 0.6327, 3.2067 -0.9829 0.6251, 3.2854 -0.9829 0.6251, 3.2067 -0.9876 0.616, 3.2854 -0.9876 0.616, 3.2067 -0.9899 0.606, 3.2854 -0.9899 0.606, 3.2067 -0.9894 0.5957, 3.2854 -0.9894 0.5957, 3.2067 -0.9863 0.5859, 3.2854 -0.9863 0.5859, 3.2067 -0.9808 0.5772, 3.2854 -0.9808 0.5772, 3.2067 -0.9732 0.5703, 3.2854 -0.9732 0.5703, 3.2067 -0.9641 0.5655, 3.2854 -0.9641 0.5655, 3.2067 -0.9541 0.5633, 3.2854 -0.9541 0.5633, 3.2067 -0.9438 0.5638, 3.2854 -0.9438 0.5638, 3.2854 -0.6356 0.6181, 3.2067 -0.6356 0.6181, 3.2854 -0.0913 0.6181, 3.2067 -0.0913 0.6181, 3.2854 -0.0913 0.2047, 3.2067 -0.0913 0.2047, 3.4823 -0.6057 0.2746, 3.4823 -0.583 0.2047, 3.4035 -0.6057 0.2746, 3.4035 -0.583 0.2047, 3.4823 -0.8813 0.185, 3.4035 -0.8813 0.185, 3.4035 -0.8883 0.1817, 3.4823 -0.8883 0.1817, 3.4035 -0.8943 0.1768, 3.4823 -0.8943 0.1768, 3.4035 -0.8989 0.1705, 3.4823 -0.8989 0.1705, 3.4035 -0.9017 0.1632, 3.4823 -0.9017 0.1632, 3.4035 -0.9027 0.1555, 3.4823 -0.9027 0.1555, 3.4035 -0.9017 0.1478, 3.4823 -0.9017 0.1478, 3.4035 -0.8989 0.1406, 3.4823 -0.8989 0.1406, 3.4035 -0.8943 0.1343, 3.4823 -0.8943 0.1343, 3.4035 -0.8883 0.1293, 3.4823 -0.8883 0.1293, 3.4035 -0.8813 0.126, 3.4823 -0.8813 0.126, 3.4823 0.2503 0.126, 3.4035 0.2503 0.126, 3.4823 0.2639 0.1244, 3.4035 0.2639 0.1244, 3.4823 0.2768 0.1197, 3.4035 0.2768 0.1197, 3.4823 0.2882 0.1122, 3.4035 0.2882 0.1122, 3.4823 0.2976 0.1022, 3.4035 0.2976 0.1022, 3.4823 0.3045 0.0903, 3.4035 0.3045 0.0903, 3.4823 0.3084 0.0772, 3.4035 0.3084 0.0772, 3.4823 0.3134 0.0488, 3.4035 0.3134 0.0488, 3.4035 0.3174 0.0357, 3.4823 0.3174 0.0357, 3.4035 0.3242 0.0238, 3.4823 0.3242 0.0238, 3.4035 0.3336 0.0138, 3.4823 0.3336 0.0138, 3.4035 0.3451 0.0063, 3.4823 0.3451 0.0063, 3.4035 0.358 0.0016, 3.4823 0.358 0.0016, 3.4035 0.3716 0.0, 3.4823 0.3716 0.0, 3.4823 0.637 0.0, 3.4035 0.637 0.0, 3.4035 0.6472 0.0013, 3.4823 0.6472 0.0013, 3.4035 0.6567 0.0053, 3.4823 0.6567 0.0053, 3.4035 0.6648 0.0115, 3.4823 0.6648 0.0115, 3.4035 0.6711 0.0197, 3.4823 0.6711 0.0197, 3.4035 0.675 0.0292, 3.4823 0.675 0.0292, 3.4035 0.6764 0.0394, 3.4823 0.6764 0.0394, 3.4823 0.6764 0.0591, 3.4035 0.6764 0.0591, 3.4035 0.6744 0.0743, 3.4823 0.6744 0.0743, 3.4035 0.6685 0.0886, 3.4823 0.6685 0.0886, 3.4035 0.6591 0.1008, 3.4823 0.6591 0.1008, 3.4035 0.6468 0.1102, 3.4823 0.6468 0.1102, 3.4035 0.6326 0.1161, 3.4823 0.6326 0.1161, 3.4035 0.6173 0.1181, 3.4823 0.6173 0.1181, 3.4823 0.4703 0.1181, 3.4035 0.4703 0.1181, 3.4823 0.3811 0.2244, 3.4035 0.3811 0.2244, 3.4823 0.3811 0.6969, 3.4035 0.3811 0.6969, 3.4823 -0.6425 0.6969, 3.4035 -0.6425 0.6969, 3.4823 -0.9575 0.6413, 3.4035 -0.9575 0.6413, 3.4035 -0.9673 0.6382, 3.4823 -0.9673 0.6382, 3.4035 -0.976 0.6327, 3.4823 -0.976 0.6327, 3.4035 -0.9829 0.6251, 3.4823 -0.9829 0.6251, 3.4035 -0.9876 0.616, 3.4823 -0.9876 0.616, 3.4035 -0.9899 0.606, 3.4823 -0.9899 0.606, 3.4035 -0.9894 0.5957, 3.4823 -0.9894 0.5957, 3.4035 -0.9863 0.5859, 3.4823 -0.9863 0.5859, 3.4035 -0.9808 0.5772, 3.4823 -0.9808 0.5772, 3.4035 -0.9732 0.5703, 3.4823 -0.9732 0.5703, 3.4035 -0.9641 0.5655, 3.4823 -0.9641 0.5655, 3.4035 -0.9541 0.5633, 3.4823 -0.9541 0.5633, 3.4035 -0.9438 0.5638, 3.4823 -0.9438 0.5638, 3.4823 -0.6356 0.6181, 3.4035 -0.6356 0.6181, 3.4823 -0.0913 0.6181, 3.4035 -0.0913 0.6181, 3.4823 -0.0913 0.2047, 3.4035 -0.0913 0.2047, 3.6791 -0.6057 0.2746, 3.6791 -0.583 0.2047, 3.6004 -0.6057 0.2746, 3.6004 -0.583 0.2047, 3.6791 -0.8813 0.185, 3.6004 -0.8813 0.185, 3.6004 -0.8883 0.1817, 3.6791 -0.8883 0.1817, 3.6004 -0.8943 0.1768, 3.6791 -0.8943 0.1768, 3.6004 -0.8989 0.1705, 3.6791 -0.8989 0.1705, 3.6004 -0.9017 0.1632, 3.6791 -0.9017 0.1632, 3.6004 -0.9027 0.1555, 3.6791 -0.9027 0.1555, 3.6004 -0.9017 0.1478, 3.6791 -0.9017 0.1478, 3.6004 -0.8989 0.1406, 3.6791 -0.8989 0.1406, 3.6004 -0.8943 0.1343, 3.6791 -0.8943 0.1343, 3.6004 -0.8883 0.1293, 3.6791 -0.8883 0.1293, 3.6004 -0.8813 0.126, 3.6791 -0.8813 0.126, 3.6791 0.2503 0.126, 3.6004 0.2503 0.126, 3.6791 0.2639 0.1244, 3.6004 0.2639 0.1244, 3.6791 0.2768 0.1197, 3.6004 0.2768 0.1197, 3.6791 0.2882 0.1122, 3.6004 0.2882 0.1122, 3.6791 0.2976 0.1022, 3.6004 0.2976 0.1022, 3.6791 0.3045 0.0903, 3.6004 0.3045 0.0903, 3.6791 0.3084 0.0772, 3.6004 0.3084 0.0772, 3.6791 0.3134 0.0488, 3.6004 0.3134 0.0488, 3.6004 0.3174 0.0357, 3.6791 0.3174 0.0357, 3.6004 0.3242 0.0238, 3.6791 0.3242 0.0238, 3.6004 0.3336 0.0138, 3.6791 0.3336 0.0138, 3.6004 0.3451 0.0063, 3.6791 0.3451 0.0063, 3.6004 0.358 0.0016, 3.6791 0.358 0.0016, 3.6004 0.3716 0.0, 3.6791 0.3716 0.0, 3.6791 0.637 0.0, 3.6004 0.637 0.0, 3.6004 0.6472 0.0013, 3.6791 0.6472 0.0013, 3.6004 0.6567 0.0053, 3.6791 0.6567 0.0053, 3.6004 0.6648 0.0115, 3.6791 0.6648 0.0115, 3.6004 0.6711 0.0197, 3.6791 0.6711 0.0197, 3.6004 0.675 0.0292, 3.6791 0.675 0.0292, 3.6004 0.6764 0.0394, 3.6791 0.6764 0.0394, 3.6791 0.6764 0.0591, 3.6004 0.6764 0.0591, 3.6004 0.6744 0.0743, 3.6791 0.6744 0.0743, 3.6004 0.6685 0.0886, 3.6791 0.6685 0.0886, 3.6004 0.6591 0.1008, 3.6791 0.6591 0.1008, 3.6004 0.6468 0.1102, 3.6791 0.6468 0.1102, 3.6004 0.6326 0.1161, 3.6791 0.6326 0.1161, 3.6004 0.6173 0.1181, 3.6791 0.6173 0.1181, 3.6791 0.4703 0.1181, 3.6004 0.4703 0.1181, 3.6791 0.3811 0.2244, 3.6004 0.3811 0.2244, 3.6791 0.3811 0.6969, 3.6004 0.3811 0.6969, 3.6791 -0.6425 0.6969, 3.6004 -0.6425 0.6969, 3.6791 -0.9575 0.6413, 3.6004 -0.9575 0.6413, 3.6004 -0.9673 0.6382, 3.6791 -0.9673 0.6382, 3.6004 -0.976 0.6327, 3.6791 -0.976 0.6327, 3.6004 -0.9829 0.6251, 3.6791 -0.9829 0.6251, 3.6004 -0.9876 0.616, 3.6791 -0.9876 0.616, 3.6004 -0.9899 0.606, 3.6791 -0.9899 0.606, 3.6004 -0.9894 0.5957, 3.6791 -0.9894 0.5957, 3.6004 -0.9863 0.5859, 3.6791 -0.9863 0.5859, 3.6004 -0.9808 0.5772, 3.6791 -0.9808 0.5772, 3.6004 -0.9732 0.5703, 3.6791 -0.9732 0.5703, 3.6004 -0.9641 0.5655, 3.6791 -0.9641 0.5655, 3.6004 -0.9541 0.5633, 3.6791 -0.9541 0.5633, 3.6004 -0.9438 0.5638, 3.6791 -0.9438 0.5638, 3.6791 -0.6356 0.6181, 3.6004 -0.6356 0.6181, 3.6791 -0.0913 0.6181, 3.6004 -0.0913 0.6181, 3.6791 -0.0913 0.2047, 3.6004 -0.0913 0.2047, 3.876 -0.6057 0.2746, 3.876 -0.583 0.2047, 3.7972 -0.6057 0.2746, 3.7972 -0.583 0.2047, 3.876 -0.8813 0.185, 3.7972 -0.8813 0.185, 3.7972 -0.8883 0.1817, 3.876 -0.8883 0.1817, 3.7972 -0.8943 0.1768, 3.876 -0.8943 0.1768, 3.7972 -0.8989 0.1705, 3.876 -0.8989 0.1705, 3.7972 -0.9017 0.1632, 3.876 -0.9017 0.1632, 3.7972 -0.9027 0.1555, 3.876 -0.9027 0.1555, 3.7972 -0.9017 0.1478, 3.876 -0.9017 0.1478, 3.7972 -0.8989 0.1406, 3.876 -0.8989 0.1406, 3.7972 -0.8943 0.1343, 3.876 -0.8943 0.1343, 3.7972 -0.8883 0.1293, 3.876 -0.8883 0.1293, 3.7972 -0.8813 0.126, 3.876 -0.8813 0.126, 3.876 0.2503 0.126, 3.7972 0.2503 0.126, 3.876 0.2639 0.1244, 3.7972 0.2639 0.1244, 3.876 0.2768 0.1197, 3.7972 0.2768 0.1197, 3.876 0.2882 0.1122, 3.7972 0.2882 0.1122, 3.876 0.2976 0.1022, 3.7972 0.2976 0.1022, 3.876 0.3045 0.0903, 3.7972 0.3045 0.0903, 3.876 0.3084 0.0772, 3.7972 0.3084 0.0772, 3.876 0.3134 0.0488, 3.7972 0.3134 0.0488, 3.7972 0.3174 0.0357, 3.876 0.3174 0.0357, 3.7972 0.3242 0.0238, 3.876 0.3242 0.0238, 3.7972 0.3336 0.0138, 3.876 0.3336 0.0138, 3.7972 0.3451 0.0063, 3.876 0.3451 0.0063, 3.7972 0.358 0.0016, 3.876 0.358 0.0016, 3.7972 0.3716 0.0, 3.876 0.3716 0.0, 3.876 0.637 0.0, 3.7972 0.637 0.0, 3.7972 0.6472 0.0013, 3.876 0.6472 0.0013, 3.7972 0.6567 0.0053, 3.876 0.6567 0.0053, 3.7972 0.6648 0.0115, 3.876 0.6648 0.0115, 3.7972 0.6711 0.0197, 3.876 0.6711 0.0197, 3.7972 0.675 0.0292, 3.876 0.675 0.0292, 3.7972 0.6764 0.0394, 3.876 0.6764 0.0394, 3.876 0.6764 0.0591, 3.7972 0.6764 0.0591, 3.7972 0.6744 0.0743, 3.876 0.6744 0.0743, 3.7972 0.6685 0.0886, 3.876 0.6685 0.0886, 3.7972 0.6591 0.1008, 3.876 0.6591 0.1008, 3.7972 0.6468 0.1102, 3.876 0.6468 0.1102, 3.7972 0.6326 0.1161, 3.876 0.6326 0.1161, 3.7972 0.6173 0.1181, 3.876 0.6173 0.1181, 3.876 0.4703 0.1181, 3.7972 0.4703 0.1181, 3.876 0.3811 0.2244, 3.7972 0.3811 0.2244, 3.876 0.3811 0.6969, 3.7972 0.3811 0.6969, 3.876 -0.6425 0.6969, 3.7972 -0.6425 0.6969, 3.876 -0.9575 0.6413, 3.7972 -0.9575 0.6413, 3.7972 -0.9673 0.6382, 3.876 -0.9673 0.6382, 3.7972 -0.976 0.6327, 3.876 -0.976 0.6327, 3.7972 -0.9829 0.6251, 3.876 -0.9829 0.6251, 3.7972 -0.9876 0.616, 3.876 -0.9876 0.616, 3.7972 -0.9899 0.606, 3.876 -0.9899 0.606, 3.7972 -0.9894 0.5957, 3.876 -0.9894 0.5957, 3.7972 -0.9863 0.5859, 3.876 -0.9863 0.5859, 3.7972 -0.9808 0.5772, 3.876 -0.9808 0.5772, 3.7972 -0.9732 0.5703, 3.876 -0.9732 0.5703, 3.7972 -0.9641 0.5655, 3.876 -0.9641 0.5655, 3.7972 -0.9541 0.5633, 3.876 -0.9541 0.5633, 3.7972 -0.9438 0.5638, 3.876 -0.9438 0.5638, 3.876 -0.6356 0.6181, 3.7972 -0.6356 0.6181, 3.876 -0.0913 0.6181, 3.7972 -0.0913 0.6181, 3.876 -0.0913 0.2047, 3.7972 -0.0913 0.2047, -0.6516 -0.6057 0.2746, -0.6516 -0.583 0.2047, -0.7303 -0.6057 0.2746, -0.7303 -0.583 0.2047, -0.6516 -0.8813 0.185, -0.7303 -0.8813 0.185, -0.7303 -0.8883 0.1817, -0.6516 -0.8883 0.1817, -0.7303 -0.8943 0.1768, -0.6516 -0.8943 0.1768, -0.7303 -0.8989 0.1705, -0.6516 -0.8989 0.1705, -0.7303 -0.9017 0.1632, -0.6516 -0.9017 0.1632, -0.7303 -0.9027 0.1555, -0.6516 -0.9027 0.1555, -0.7303 -0.9017 0.1478, -0.6516 -0.9017 0.1478, -0.7303 -0.8989 0.1406, -0.6516 -0.8989 0.1406, -0.7303 -0.8943 0.1343, -0.6516 -0.8943 0.1343, -0.7303 -0.8883 0.1293, -0.6516 -0.8883 0.1293, -0.7303 -0.8813 0.126, -0.6516 -0.8813 0.126, -0.6516 0.2503 0.126, -0.7303 0.2503 0.126, -0.6516 0.2639 0.1244, -0.7303 0.2639 0.1244, -0.6516 0.2768 0.1197, -0.7303 0.2768 0.1197, -0.6516 0.2882 0.1122, -0.7303 0.2882 0.1122, -0.6516 0.2976 0.1022, -0.7303 0.2976 0.1022, -0.6516 0.3045 0.0903, -0.7303 0.3045 0.0903, -0.6516 0.3084 0.0772, -0.7303 0.3084 0.0772, -0.6516 0.3134 0.0488, -0.7303 0.3134 0.0488, -0.7303 0.3174 0.0357, -0.6516 0.3174 0.0357, -0.7303 0.3242 0.0238, -0.6516 0.3242 0.0238, -0.7303 0.3336 0.0138, -0.6516 0.3336 0.0138, -0.7303 0.3451 0.0063, -0.6516 0.3451 0.0063, -0.7303 0.358 0.0016, -0.6516 0.358 0.0016, -0.7303 0.3716 0.0, -0.6516 0.3716 0.0, -0.6516 0.637 0.0, -0.7303 0.637 0.0, -0.7303 0.6472 0.0013, -0.6516 0.6472 0.0013, -0.7303 0.6567 0.0053, -0.6516 0.6567 0.0053, -0.7303 0.6648 0.0115, -0.6516 0.6648 0.0115, -0.7303 0.6711 0.0197, -0.6516 0.6711 0.0197, -0.7303 0.675 0.0292, -0.6516 0.675 0.0292, -0.7303 0.6764 0.0394, -0.6516 0.6764 0.0394, -0.6516 0.6764 0.0591, -0.7303 0.6764 0.0591, -0.7303 0.6744 0.0743, -0.6516 0.6744 0.0743, -0.7303 0.6685 0.0886, -0.6516 0.6685 0.0886, -0.7303 0.6591 0.1008, -0.6516 0.6591 0.1008, -0.7303 0.6468 0.1102, -0.6516 0.6468 0.1102, -0.7303 0.6326 0.1161, -0.6516 0.6326 0.1161, -0.7303 0.6173 0.1181, -0.6516 0.6173 0.1181, -0.6516 0.4703 0.1181, -0.7303 0.4703 0.1181, -0.6516 0.3811 0.2244, -0.7303 0.3811 0.2244, -0.6516 0.3811 0.6969, -0.7303 0.3811 0.6969, -0.6516 -0.6425 0.6969, -0.7303 -0.6425 0.6969, -0.6516 -0.9575 0.6413, -0.7303 -0.9575 0.6413, -0.7303 -0.9673 0.6382, -0.6516 -0.9673 0.6382, -0.7303 -0.976 0.6327, -0.6516 -0.976 0.6327, -0.7303 -0.9829 0.6251, -0.6516 -0.9829 0.6251, -0.7303 -0.9876 0.616, -0.6516 -0.9876 0.616, -0.7303 -0.9899 0.606, -0.6516 -0.9899 0.606, -0.7303 -0.9894 0.5957, -0.6516 -0.9894 0.5957, -0.7303 -0.9863 0.5859, -0.6516 -0.9863 0.5859, -0.7303 -0.9808 0.5772, -0.6516 -0.9808 0.5772, -0.7303 -0.9732 0.5703, -0.6516 -0.9732 0.5703, -0.7303 -0.9641 0.5655, -0.6516 -0.9641 0.5655, -0.7303 -0.9541 0.5633, -0.6516 -0.9541 0.5633, -0.7303 -0.9438 0.5638, -0.6516 -0.9438 0.5638, -0.6516 -0.6356 0.6181, -0.7303 -0.6356 0.6181, -0.6516 -0.0913 0.6181, -0.7303 -0.0913 0.6181, -0.6516 -0.0913 0.2047, -0.7303 -0.0913 0.2047, -0.8484 -0.6057 0.2746, -0.8484 -0.583 0.2047, -0.9272 -0.6057 0.2746, -0.9272 -0.583 0.2047, -0.8484 -0.8813 0.185, -0.9272 -0.8813 0.185, -0.9272 -0.8883 0.1817, -0.8484 -0.8883 0.1817, -0.9272 -0.8943 0.1768, -0.8484 -0.8943 0.1768, -0.9272 -0.8989 0.1705, -0.8484 -0.8989 0.1705, -0.9272 -0.9017 0.1632, -0.8484 -0.9017 0.1632, -0.9272 -0.9027 0.1555, -0.8484 -0.9027 0.1555, -0.9272 -0.9017 0.1478, -0.8484 -0.9017 0.1478, -0.9272 -0.8989 0.1406, -0.8484 -0.8989 0.1406, -0.9272 -0.8943 0.1343, -0.8484 -0.8943 0.1343, -0.9272 -0.8883 0.1293, -0.8484 -0.8883 0.1293, -0.9272 -0.8813 0.126, -0.8484 -0.8813 0.126, -0.8484 0.2503 0.126, -0.9272 0.2503 0.126, -0.8484 0.2639 0.1244, -0.9272 0.2639 0.1244, -0.8484 0.2768 0.1197, -0.9272 0.2768 0.1197, -0.8484 0.2882 0.1122, -0.9272 0.2882 0.1122, -0.8484 0.2976 0.1022, -0.9272 0.2976 0.1022, -0.8484 0.3045 0.0903, -0.9272 0.3045 0.0903, -0.8484 0.3084 0.0772, -0.9272 0.3084 0.0772, -0.8484 0.3134 0.0488, -0.9272 0.3134 0.0488, -0.9272 0.3174 0.0357, -0.8484 0.3174 0.0357, -0.9272 0.3242 0.0238, -0.8484 0.3242 0.0238, -0.9272 0.3336 0.0138, -0.8484 0.3336 0.0138, -0.9272 0.3451 0.0063, -0.8484 0.3451 0.0063, -0.9272 0.358 0.0016, -0.8484 0.358 0.0016, -0.9272 0.3716 0.0, -0.8484 0.3716 0.0, -0.8484 0.637 0.0, -0.9272 0.637 0.0, -0.9272 0.6472 0.0013, -0.8484 0.6472 0.0013, -0.9272 0.6567 0.0053, -0.8484 0.6567 0.0053, -0.9272 0.6648 0.0115, -0.8484 0.6648 0.0115, -0.9272 0.6711 0.0197, -0.8484 0.6711 0.0197, -0.9272 0.675 0.0292, -0.8484 0.675 0.0292, -0.9272 0.6764 0.0394, -0.8484 0.6764 0.0394, -0.8484 0.6764 0.0591, -0.9272 0.6764 0.0591, -0.9272 0.6744 0.0743, -0.8484 0.6744 0.0743, -0.9272 0.6685 0.0886, -0.8484 0.6685 0.0886, -0.9272 0.6591 0.1008, -0.8484 0.6591 0.1008, -0.9272 0.6468 0.1102, -0.8484 0.6468 0.1102, -0.9272 0.6326 0.1161, -0.8484 0.6326 0.1161, -0.9272 0.6173 0.1181, -0.8484 0.6173 0.1181, -0.8484 0.4703 0.1181, -0.9272 0.4703 0.1181, -0.8484 0.3811 0.2244, -0.9272 0.3811 0.2244, -0.8484 0.3811 0.6969, -0.9272 0.3811 0.6969, -0.8484 -0.6425 0.6969, -0.9272 -0.6425 0.6969, -0.8484 -0.9575 0.6413, -0.9272 -0.9575 0.6413, -0.9272 -0.9673 0.6382, -0.8484 -0.9673 0.6382, -0.9272 -0.976 0.6327, -0.8484 -0.976 0.6327, -0.9272 -0.9829 0.6251, -0.8484 -0.9829 0.6251, -0.9272 -0.9876 0.616, -0.8484 -0.9876 0.616, -0.9272 -0.9899 0.606, -0.8484 -0.9899 0.606, -0.9272 -0.9894 0.5957, -0.8484 -0.9894 0.5957, -0.9272 -0.9863 0.5859, -0.8484 -0.9863 0.5859, -0.9272 -0.9808 0.5772, -0.8484 -0.9808 0.5772, -0.9272 -0.9732 0.5703, -0.8484 -0.9732 0.5703, -0.9272 -0.9641 0.5655, -0.8484 -0.9641 0.5655, -0.9272 -0.9541 0.5633, -0.8484 -0.9541 0.5633, -0.9272 -0.9438 0.5638, -0.8484 -0.9438 0.5638, -0.8484 -0.6356 0.6181, -0.9272 -0.6356 0.6181, -0.8484 -0.0913 0.6181, -0.9272 -0.0913 0.6181, -0.8484 -0.0913 0.2047, -0.9272 -0.0913 0.2047, -1.0453 -0.6057 0.2746, -1.0453 -0.583 0.2047, -1.124 -0.6057 0.2746, -1.124 -0.583 0.2047, -1.0453 -0.8813 0.185, -1.124 -0.8813 0.185, -1.124 -0.8883 0.1817, -1.0453 -0.8883 0.1817, -1.124 -0.8943 0.1768, -1.0453 -0.8943 0.1768, -1.124 -0.8989 0.1705, -1.0453 -0.8989 0.1705, -1.124 -0.9017 0.1632, -1.0453 -0.9017 0.1632, -1.124 -0.9027 0.1555, -1.0453 -0.9027 0.1555, -1.124 -0.9017 0.1478, -1.0453 -0.9017 0.1478, -1.124 -0.8989 0.1406, -1.0453 -0.8989 0.1406, -1.124 -0.8943 0.1343, -1.0453 -0.8943 0.1343, -1.124 -0.8883 0.1293, -1.0453 -0.8883 0.1293, -1.124 -0.8813 0.126, -1.0453 -0.8813 0.126, -1.0453 0.2503 0.126, -1.124 0.2503 0.126, -1.0453 0.2639 0.1244, -1.124 0.2639 0.1244, -1.0453 0.2768 0.1197, -1.124 0.2768 0.1197, -1.0453 0.2882 0.1122, -1.124 0.2882 0.1122, -1.0453 0.2976 0.1022, -1.124 0.2976 0.1022, -1.0453 0.3045 0.0903, -1.124 0.3045 0.0903, -1.0453 0.3084 0.0772, -1.124 0.3084 0.0772, -1.0453 0.3134 0.0488, -1.124 0.3134 0.0488, -1.124 0.3174 0.0357, -1.0453 0.3174 0.0357, -1.124 0.3242 0.0238, -1.0453 0.3242 0.0238, -1.124 0.3336 0.0138, -1.0453 0.3336 0.0138, -1.124 0.3451 0.0063, -1.0453 0.3451 0.0063, -1.124 0.358 0.0016, -1.0453 0.358 0.0016, -1.124 0.3716 0.0, -1.0453 0.3716 0.0, -1.0453 0.637 0.0, -1.124 0.637 0.0, -1.124 0.6472 0.0013, -1.0453 0.6472 0.0013, -1.124 0.6567 0.0053, -1.0453 0.6567 0.0053, -1.124 0.6648 0.0115, -1.0453 0.6648 0.0115, -1.124 0.6711 0.0197, -1.0453 0.6711 0.0197, -1.124 0.675 0.0292, -1.0453 0.675 0.0292, -1.124 0.6764 0.0394, -1.0453 0.6764 0.0394, -1.0453 0.6764 0.0591, -1.124 0.6764 0.0591, -1.124 0.6744 0.0743, -1.0453 0.6744 0.0743, -1.124 0.6685 0.0886, -1.0453 0.6685 0.0886, -1.124 0.6591 0.1008, -1.0453 0.6591 0.1008, -1.124 0.6468 0.1102, -1.0453 0.6468 0.1102, -1.124 0.6326 0.1161, -1.0453 0.6326 0.1161, -1.124 0.6173 0.1181, -1.0453 0.6173 0.1181, -1.0453 0.4703 0.1181, -1.124 0.4703 0.1181, -1.0453 0.3811 0.2244, -1.124 0.3811 0.2244, -1.0453 0.3811 0.6969, -1.124 0.3811 0.6969, -1.0453 -0.6425 0.6969, -1.124 -0.6425 0.6969, -1.0453 -0.9575 0.6413, -1.124 -0.9575 0.6413, -1.124 -0.9673 0.6382, -1.0453 -0.9673 0.6382, -1.124 -0.976 0.6327, -1.0453 -0.976 0.6327, -1.124 -0.9829 0.6251, -1.0453 -0.9829 0.6251, -1.124 -0.9876 0.616, -1.0453 -0.9876 0.616, -1.124 -0.9899 0.606, -1.0453 -0.9899 0.606, -1.124 -0.9894 0.5957, -1.0453 -0.9894 0.5957, -1.124 -0.9863 0.5859, -1.0453 -0.9863 0.5859, -1.124 -0.9808 0.5772, -1.0453 -0.9808 0.5772, -1.124 -0.9732 0.5703, -1.0453 -0.9732 0.5703, -1.124 -0.9641 0.5655, -1.0453 -0.9641 0.5655, -1.124 -0.9541 0.5633, -1.0453 -0.9541 0.5633, -1.124 -0.9438 0.5638, -1.0453 -0.9438 0.5638, -1.0453 -0.6356 0.6181, -1.124 -0.6356 0.6181, -1.0453 -0.0913 0.6181, -1.124 -0.0913 0.6181, -1.0453 -0.0913 0.2047, -1.124 -0.0913 0.2047, -1.2421 -0.6057 0.2746, -1.2421 -0.583 0.2047, -1.3209 -0.6057 0.2746, -1.3209 -0.583 0.2047, -1.2421 -0.8813 0.185, -1.3209 -0.8813 0.185, -1.3209 -0.8883 0.1817, -1.2421 -0.8883 0.1817, -1.3209 -0.8943 0.1768, -1.2421 -0.8943 0.1768, -1.3209 -0.8989 0.1705, -1.2421 -0.8989 0.1705, -1.3209 -0.9017 0.1632, -1.2421 -0.9017 0.1632, -1.3209 -0.9027 0.1555, -1.2421 -0.9027 0.1555, -1.3209 -0.9017 0.1478, -1.2421 -0.9017 0.1478, -1.3209 -0.8989 0.1406, -1.2421 -0.8989 0.1406, -1.3209 -0.8943 0.1343, -1.2421 -0.8943 0.1343, -1.3209 -0.8883 0.1293, -1.2421 -0.8883 0.1293, -1.3209 -0.8813 0.126, -1.2421 -0.8813 0.126, -1.2421 0.2503 0.126, -1.3209 0.2503 0.126, -1.2421 0.2639 0.1244, -1.3209 0.2639 0.1244, -1.2421 0.2768 0.1197, -1.3209 0.2768 0.1197, -1.2421 0.2882 0.1122, -1.3209 0.2882 0.1122, -1.2421 0.2976 0.1022, -1.3209 0.2976 0.1022, -1.2421 0.3045 0.0903, -1.3209 0.3045 0.0903, -1.2421 0.3084 0.0772, -1.3209 0.3084 0.0772, -1.2421 0.3134 0.0488, -1.3209 0.3134 0.0488, -1.3209 0.3174 0.0357, -1.2421 0.3174 0.0357, -1.3209 0.3242 0.0238, -1.2421 0.3242 0.0238, -1.3209 0.3336 0.0138, -1.2421 0.3336 0.0138, -1.3209 0.3451 0.0063, -1.2421 0.3451 0.0063, -1.3209 0.358 0.0016, -1.2421 0.358 0.0016, -1.3209 0.3716 0.0, -1.2421 0.3716 0.0, -1.2421 0.637 0.0, -1.3209 0.637 0.0, -1.3209 0.6472 0.0013, -1.2421 0.6472 0.0013, -1.3209 0.6567 0.0053, -1.2421 0.6567 0.0053, -1.3209 0.6648 0.0115, -1.2421 0.6648 0.0115, -1.3209 0.6711 0.0197, -1.2421 0.6711 0.0197, -1.3209 0.675 0.0292, -1.2421 0.675 0.0292, -1.3209 0.6764 0.0394, -1.2421 0.6764 0.0394, -1.2421 0.6764 0.0591, -1.3209 0.6764 0.0591, -1.3209 0.6744 0.0743, -1.2421 0.6744 0.0743, -1.3209 0.6685 0.0886, -1.2421 0.6685 0.0886, -1.3209 0.6591 0.1008, -1.2421 0.6591 0.1008, -1.3209 0.6468 0.1102, -1.2421 0.6468 0.1102, -1.3209 0.6326 0.1161, -1.2421 0.6326 0.1161, -1.3209 0.6173 0.1181, -1.2421 0.6173 0.1181, -1.2421 0.4703 0.1181, -1.3209 0.4703 0.1181, -1.2421 0.3811 0.2244, -1.3209 0.3811 0.2244, -1.2421 0.3811 0.6969, -1.3209 0.3811 0.6969, -1.2421 -0.6425 0.6969, -1.3209 -0.6425 0.6969, -1.2421 -0.9575 0.6413, -1.3209 -0.9575 0.6413, -1.3209 -0.9673 0.6382, -1.2421 -0.9673 0.6382, -1.3209 -0.976 0.6327, -1.2421 -0.976 0.6327, -1.3209 -0.9829 0.6251, -1.2421 -0.9829 0.6251, -1.3209 -0.9876 0.616, -1.2421 -0.9876 0.616, -1.3209 -0.9899 0.606, -1.2421 -0.9899 0.606, -1.3209 -0.9894 0.5957, -1.2421 -0.9894 0.5957, -1.3209 -0.9863 0.5859, -1.2421 -0.9863 0.5859, -1.3209 -0.9808 0.5772, -1.2421 -0.9808 0.5772, -1.3209 -0.9732 0.5703, -1.2421 -0.9732 0.5703, -1.3209 -0.9641 0.5655, -1.2421 -0.9641 0.5655, -1.3209 -0.9541 0.5633, -1.2421 -0.9541 0.5633, -1.3209 -0.9438 0.5638, -1.2421 -0.9438 0.5638, -1.2421 -0.6356 0.6181, -1.3209 -0.6356 0.6181, -1.2421 -0.0913 0.6181, -1.3209 -0.0913 0.6181, -1.2421 -0.0913 0.2047, -1.3209 -0.0913 0.2047, -1.439 -0.6057 0.2746, -1.439 -0.583 0.2047, -1.5177 -0.6057 0.2746, -1.5177 -0.583 0.2047, -1.439 -0.8813 0.185, -1.5177 -0.8813 0.185, -1.5177 -0.8883 0.1817, -1.439 -0.8883 0.1817, -1.5177 -0.8943 0.1768, -1.439 -0.8943 0.1768, -1.5177 -0.8989 0.1705, -1.439 -0.8989 0.1705, -1.5177 -0.9017 0.1632, -1.439 -0.9017 0.1632, -1.5177 -0.9027 0.1555, -1.439 -0.9027 0.1555, -1.5177 -0.9017 0.1478, -1.439 -0.9017 0.1478, -1.5177 -0.8989 0.1406, -1.439 -0.8989 0.1406, -1.5177 -0.8943 0.1343, -1.439 -0.8943 0.1343, -1.5177 -0.8883 0.1293, -1.439 -0.8883 0.1293, -1.5177 -0.8813 0.126, -1.439 -0.8813 0.126, -1.439 0.2503 0.126, -1.5177 0.2503 0.126, -1.439 0.2639 0.1244, -1.5177 0.2639 0.1244, -1.439 0.2768 0.1197, -1.5177 0.2768 0.1197, -1.439 0.2882 0.1122, -1.5177 0.2882 0.1122, -1.439 0.2976 0.1022, -1.5177 0.2976 0.1022, -1.439 0.3045 0.0903, -1.5177 0.3045 0.0903, -1.439 0.3084 0.0772, -1.5177 0.3084 0.0772, -1.439 0.3134 0.0488, -1.5177 0.3134 0.0488, -1.5177 0.3174 0.0357, -1.439 0.3174 0.0357, -1.5177 0.3242 0.0238, -1.439 0.3242 0.0238, -1.5177 0.3336 0.0138, -1.439 0.3336 0.0138, -1.5177 0.3451 0.0063, -1.439 0.3451 0.0063, -1.5177 0.358 0.0016, -1.439 0.358 0.0016, -1.5177 0.3716 0.0, -1.439 0.3716 0.0, -1.439 0.637 0.0, -1.5177 0.637 0.0, -1.5177 0.6472 0.0013, -1.439 0.6472 0.0013, -1.5177 0.6567 0.0053, -1.439 0.6567 0.0053, -1.5177 0.6648 0.0115, -1.439 0.6648 0.0115, -1.5177 0.6711 0.0197, -1.439 0.6711 0.0197, -1.5177 0.675 0.0292, -1.439 0.675 0.0292, -1.5177 0.6764 0.0394, -1.439 0.6764 0.0394, -1.439 0.6764 0.0591, -1.5177 0.6764 0.0591, -1.5177 0.6744 0.0743, -1.439 0.6744 0.0743, -1.5177 0.6685 0.0886, -1.439 0.6685 0.0886, -1.5177 0.6591 0.1008, -1.439 0.6591 0.1008, -1.5177 0.6468 0.1102, -1.439 0.6468 0.1102, -1.5177 0.6326 0.1161, -1.439 0.6326 0.1161, -1.5177 0.6173 0.1181, -1.439 0.6173 0.1181, -1.439 0.4703 0.1181, -1.5177 0.4703 0.1181, -1.439 0.3811 0.2244, -1.5177 0.3811 0.2244, -1.439 0.3811 0.6969, -1.5177 0.3811 0.6969, -1.439 -0.6425 0.6969, -1.5177 -0.6425 0.6969, -1.439 -0.9575 0.6413, -1.5177 -0.9575 0.6413, -1.5177 -0.9673 0.6382, -1.439 -0.9673 0.6382, -1.5177 -0.976 0.6327, -1.439 -0.976 0.6327, -1.5177 -0.9829 0.6251, -1.439 -0.9829 0.6251, -1.5177 -0.9876 0.616, -1.439 -0.9876 0.616, -1.5177 -0.9899 0.606, -1.439 -0.9899 0.606, -1.5177 -0.9894 0.5957, -1.439 -0.9894 0.5957, -1.5177 -0.9863 0.5859, -1.439 -0.9863 0.5859, -1.5177 -0.9808 0.5772, -1.439 -0.9808 0.5772, -1.5177 -0.9732 0.5703, -1.439 -0.9732 0.5703, -1.5177 -0.9641 0.5655, -1.439 -0.9641 0.5655, -1.5177 -0.9541 0.5633, -1.439 -0.9541 0.5633, -1.5177 -0.9438 0.5638, -1.439 -0.9438 0.5638, -1.439 -0.6356 0.6181, -1.5177 -0.6356 0.6181, -1.439 -0.0913 0.6181, -1.5177 -0.0913 0.6181, -1.439 -0.0913 0.2047, -1.5177 -0.0913 0.2047, -1.6358 -0.6057 0.2746, -1.6358 -0.583 0.2047, -1.7146 -0.6057 0.2746, -1.7146 -0.583 0.2047, -1.6358 -0.8813 0.185, -1.7146 -0.8813 0.185, -1.7146 -0.8883 0.1817, -1.6358 -0.8883 0.1817, -1.7146 -0.8943 0.1768, -1.6358 -0.8943 0.1768, -1.7146 -0.8989 0.1705, -1.6358 -0.8989 0.1705, -1.7146 -0.9017 0.1632, -1.6358 -0.9017 0.1632, -1.7146 -0.9027 0.1555, -1.6358 -0.9027 0.1555, -1.7146 -0.9017 0.1478, -1.6358 -0.9017 0.1478, -1.7146 -0.8989 0.1406, -1.6358 -0.8989 0.1406, -1.7146 -0.8943 0.1343, -1.6358 -0.8943 0.1343, -1.7146 -0.8883 0.1293, -1.6358 -0.8883 0.1293, -1.7146 -0.8813 0.126, -1.6358 -0.8813 0.126, -1.6358 0.2503 0.126, -1.7146 0.2503 0.126, -1.6358 0.2639 0.1244, -1.7146 0.2639 0.1244, -1.6358 0.2768 0.1197, -1.7146 0.2768 0.1197, -1.6358 0.2882 0.1122, -1.7146 0.2882 0.1122, -1.6358 0.2976 0.1022, -1.7146 0.2976 0.1022, -1.6358 0.3045 0.0903, -1.7146 0.3045 0.0903, -1.6358 0.3084 0.0772, -1.7146 0.3084 0.0772, -1.6358 0.3134 0.0488, -1.7146 0.3134 0.0488, -1.7146 0.3174 0.0357, -1.6358 0.3174 0.0357, -1.7146 0.3242 0.0238, -1.6358 0.3242 0.0238, -1.7146 0.3336 0.0138, -1.6358 0.3336 0.0138, -1.7146 0.3451 0.0063, -1.6358 0.3451 0.0063, -1.7146 0.358 0.0016, -1.6358 0.358 0.0016, -1.7146 0.3716 0.0, -1.6358 0.3716 0.0, -1.6358 0.637 0.0, -1.7146 0.637 0.0, -1.7146 0.6472 0.0013, -1.6358 0.6472 0.0013, -1.7146 0.6567 0.0053, -1.6358 0.6567 0.0053, -1.7146 0.6648 0.0115, -1.6358 0.6648 0.0115, -1.7146 0.6711 0.0197, -1.6358 0.6711 0.0197, -1.7146 0.675 0.0292, -1.6358 0.675 0.0292, -1.7146 0.6764 0.0394, -1.6358 0.6764 0.0394, -1.6358 0.6764 0.0591, -1.7146 0.6764 0.0591, -1.7146 0.6744 0.0743, -1.6358 0.6744 0.0743, -1.7146 0.6685 0.0886, -1.6358 0.6685 0.0886, -1.7146 0.6591 0.1008, -1.6358 0.6591 0.1008, -1.7146 0.6468 0.1102, -1.6358 0.6468 0.1102, -1.7146 0.6326 0.1161, -1.6358 0.6326 0.1161, -1.7146 0.6173 0.1181, -1.6358 0.6173 0.1181, -1.6358 0.4703 0.1181, -1.7146 0.4703 0.1181, -1.6358 0.3811 0.2244, -1.7146 0.3811 0.2244, -1.6358 0.3811 0.6969, -1.7146 0.3811 0.6969, -1.6358 -0.6425 0.6969, -1.7146 -0.6425 0.6969, -1.6358 -0.9575 0.6413, -1.7146 -0.9575 0.6413, -1.7146 -0.9673 0.6382, -1.6358 -0.9673 0.6382, -1.7146 -0.976 0.6327, -1.6358 -0.976 0.6327, -1.7146 -0.9829 0.6251, -1.6358 -0.9829 0.6251, -1.7146 -0.9876 0.616, -1.6358 -0.9876 0.616, -1.7146 -0.9899 0.606, -1.6358 -0.9899 0.606, -1.7146 -0.9894 0.5957, -1.6358 -0.9894 0.5957, -1.7146 -0.9863 0.5859, -1.6358 -0.9863 0.5859, -1.7146 -0.9808 0.5772, -1.6358 -0.9808 0.5772, -1.7146 -0.9732 0.5703, -1.6358 -0.9732 0.5703, -1.7146 -0.9641 0.5655, -1.6358 -0.9641 0.5655, -1.7146 -0.9541 0.5633, -1.6358 -0.9541 0.5633, -1.7146 -0.9438 0.5638, -1.6358 -0.9438 0.5638, -1.6358 -0.6356 0.6181, -1.7146 -0.6356 0.6181, -1.6358 -0.0913 0.6181, -1.7146 -0.0913 0.6181, -1.6358 -0.0913 0.2047, -1.7146 -0.0913 0.2047, -1.8327 -0.6057 0.2746, -1.8327 -0.583 0.2047, -1.9114 -0.6057 0.2746, -1.9114 -0.583 0.2047, -1.8327 -0.8813 0.185, -1.9114 -0.8813 0.185, -1.9114 -0.8883 0.1817, -1.8327 -0.8883 0.1817, -1.9114 -0.8943 0.1768, -1.8327 -0.8943 0.1768, -1.9114 -0.8989 0.1705, -1.8327 -0.8989 0.1705, -1.9114 -0.9017 0.1632, -1.8327 -0.9017 0.1632, -1.9114 -0.9027 0.1555, -1.8327 -0.9027 0.1555, -1.9114 -0.9017 0.1478, -1.8327 -0.9017 0.1478, -1.9114 -0.8989 0.1406, -1.8327 -0.8989 0.1406, -1.9114 -0.8943 0.1343, -1.8327 -0.8943 0.1343, -1.9114 -0.8883 0.1293, -1.8327 -0.8883 0.1293, -1.9114 -0.8813 0.126, -1.8327 -0.8813 0.126, -1.8327 0.2503 0.126, -1.9114 0.2503 0.126, -1.8327 0.2639 0.1244, -1.9114 0.2639 0.1244, -1.8327 0.2768 0.1197, -1.9114 0.2768 0.1197, -1.8327 0.2882 0.1122, -1.9114 0.2882 0.1122, -1.8327 0.2976 0.1022, -1.9114 0.2976 0.1022, -1.8327 0.3045 0.0903, -1.9114 0.3045 0.0903, -1.8327 0.3084 0.0772, -1.9114 0.3084 0.0772, -1.8327 0.3134 0.0488, -1.9114 0.3134 0.0488, -1.9114 0.3174 0.0357, -1.8327 0.3174 0.0357, -1.9114 0.3242 0.0238, -1.8327 0.3242 0.0238, -1.9114 0.3336 0.0138, -1.8327 0.3336 0.0138, -1.9114 0.3451 0.0063, -1.8327 0.3451 0.0063, -1.9114 0.358 0.0016, -1.8327 0.358 0.0016, -1.9114 0.3716 0.0, -1.8327 0.3716 0.0, -1.8327 0.637 0.0, -1.9114 0.637 0.0, -1.9114 0.6472 0.0013, -1.8327 0.6472 0.0013, -1.9114 0.6567 0.0053, -1.8327 0.6567 0.0053, -1.9114 0.6648 0.0115, -1.8327 0.6648 0.0115, -1.9114 0.6711 0.0197, -1.8327 0.6711 0.0197, -1.9114 0.675 0.0292, -1.8327 0.675 0.0292, -1.9114 0.6764 0.0394, -1.8327 0.6764 0.0394, -1.8327 0.6764 0.0591, -1.9114 0.6764 0.0591, -1.9114 0.6744 0.0743, -1.8327 0.6744 0.0743, -1.9114 0.6685 0.0886, -1.8327 0.6685 0.0886, -1.9114 0.6591 0.1008, -1.8327 0.6591 0.1008, -1.9114 0.6468 0.1102, -1.8327 0.6468 0.1102, -1.9114 0.6326 0.1161, -1.8327 0.6326 0.1161, -1.9114 0.6173 0.1181, -1.8327 0.6173 0.1181, -1.8327 0.4703 0.1181, -1.9114 0.4703 0.1181, -1.8327 0.3811 0.2244, -1.9114 0.3811 0.2244, -1.8327 0.3811 0.6969, -1.9114 0.3811 0.6969, -1.8327 -0.6425 0.6969, -1.9114 -0.6425 0.6969, -1.8327 -0.9575 0.6413, -1.9114 -0.9575 0.6413, -1.9114 -0.9673 0.6382, -1.8327 -0.9673 0.6382, -1.9114 -0.976 0.6327, -1.8327 -0.976 0.6327, -1.9114 -0.9829 0.6251, -1.8327 -0.9829 0.6251, -1.9114 -0.9876 0.616, -1.8327 -0.9876 0.616, -1.9114 -0.9899 0.606, -1.8327 -0.9899 0.606, -1.9114 -0.9894 0.5957, -1.8327 -0.9894 0.5957, -1.9114 -0.9863 0.5859, -1.8327 -0.9863 0.5859, -1.9114 -0.9808 0.5772, -1.8327 -0.9808 0.5772, -1.9114 -0.9732 0.5703, -1.8327 -0.9732 0.5703, -1.9114 -0.9641 0.5655, -1.8327 -0.9641 0.5655, -1.9114 -0.9541 0.5633, -1.8327 -0.9541 0.5633, -1.9114 -0.9438 0.5638, -1.8327 -0.9438 0.5638, -1.8327 -0.6356 0.6181, -1.9114 -0.6356 0.6181, -1.8327 -0.0913 0.6181, -1.9114 -0.0913 0.6181, -1.8327 -0.0913 0.2047, -1.9114 -0.0913 0.2047, -2.0295 -0.6057 0.2746, -2.0295 -0.583 0.2047, -2.1083 -0.6057 0.2746, -2.1083 -0.583 0.2047, -2.0295 -0.8813 0.185, -2.1083 -0.8813 0.185, -2.1083 -0.8883 0.1817, -2.0295 -0.8883 0.1817, -2.1083 -0.8943 0.1768, -2.0295 -0.8943 0.1768, -2.1083 -0.8989 0.1705, -2.0295 -0.8989 0.1705, -2.1083 -0.9017 0.1632, -2.0295 -0.9017 0.1632, -2.1083 -0.9027 0.1555, -2.0295 -0.9027 0.1555, -2.1083 -0.9017 0.1478, -2.0295 -0.9017 0.1478, -2.1083 -0.8989 0.1406, -2.0295 -0.8989 0.1406, -2.1083 -0.8943 0.1343, -2.0295 -0.8943 0.1343, -2.1083 -0.8883 0.1293, -2.0295 -0.8883 0.1293, -2.1083 -0.8813 0.126, -2.0295 -0.8813 0.126, -2.0295 0.2503 0.126, -2.1083 0.2503 0.126, -2.0295 0.2639 0.1244, -2.1083 0.2639 0.1244, -2.0295 0.2768 0.1197, -2.1083 0.2768 0.1197, -2.0295 0.2882 0.1122, -2.1083 0.2882 0.1122, -2.0295 0.2976 0.1022, -2.1083 0.2976 0.1022, -2.0295 0.3045 0.0903, -2.1083 0.3045 0.0903, -2.0295 0.3084 0.0772, -2.1083 0.3084 0.0772, -2.0295 0.3134 0.0488, -2.1083 0.3134 0.0488, -2.1083 0.3174 0.0357, -2.0295 0.3174 0.0357, -2.1083 0.3242 0.0238, -2.0295 0.3242 0.0238, -2.1083 0.3336 0.0138, -2.0295 0.3336 0.0138, -2.1083 0.3451 0.0063, -2.0295 0.3451 0.0063, -2.1083 0.358 0.0016, -2.0295 0.358 0.0016, -2.1083 0.3716 0.0, -2.0295 0.3716 0.0, -2.0295 0.637 0.0, -2.1083 0.637 0.0, -2.1083 0.6472 0.0013, -2.0295 0.6472 0.0013, -2.1083 0.6567 0.0053, -2.0295 0.6567 0.0053, -2.1083 0.6648 0.0115, -2.0295 0.6648 0.0115, -2.1083 0.6711 0.0197, -2.0295 0.6711 0.0197, -2.1083 0.675 0.0292, -2.0295 0.675 0.0292, -2.1083 0.6764 0.0394, -2.0295 0.6764 0.0394, -2.0295 0.6764 0.0591, -2.1083 0.6764 0.0591, -2.1083 0.6744 0.0743, -2.0295 0.6744 0.0743, -2.1083 0.6685 0.0886, -2.0295 0.6685 0.0886, -2.1083 0.6591 0.1008, -2.0295 0.6591 0.1008, -2.1083 0.6468 0.1102, -2.0295 0.6468 0.1102, -2.1083 0.6326 0.1161, -2.0295 0.6326 0.1161, -2.1083 0.6173 0.1181, -2.0295 0.6173 0.1181, -2.0295 0.4703 0.1181, -2.1083 0.4703 0.1181, -2.0295 0.3811 0.2244, -2.1083 0.3811 0.2244, -2.0295 0.3811 0.6969, -2.1083 0.3811 0.6969, -2.0295 -0.6425 0.6969, -2.1083 -0.6425 0.6969, -2.0295 -0.9575 0.6413, -2.1083 -0.9575 0.6413, -2.1083 -0.9673 0.6382, -2.0295 -0.9673 0.6382, -2.1083 -0.976 0.6327, -2.0295 -0.976 0.6327, -2.1083 -0.9829 0.6251, -2.0295 -0.9829 0.6251, -2.1083 -0.9876 0.616, -2.0295 -0.9876 0.616, -2.1083 -0.9899 0.606, -2.0295 -0.9899 0.606, -2.1083 -0.9894 0.5957, -2.0295 -0.9894 0.5957, -2.1083 -0.9863 0.5859, -2.0295 -0.9863 0.5859, -2.1083 -0.9808 0.5772, -2.0295 -0.9808 0.5772, -2.1083 -0.9732 0.5703, -2.0295 -0.9732 0.5703, -2.1083 -0.9641 0.5655, -2.0295 -0.9641 0.5655, -2.1083 -0.9541 0.5633, -2.0295 -0.9541 0.5633, -2.1083 -0.9438 0.5638, -2.0295 -0.9438 0.5638, -2.0295 -0.6356 0.6181, -2.1083 -0.6356 0.6181, -2.0295 -0.0913 0.6181, -2.1083 -0.0913 0.6181, -2.0295 -0.0913 0.2047, -2.1083 -0.0913 0.2047, -2.2264 -0.6057 0.2746, -2.2264 -0.583 0.2047, -2.3051 -0.6057 0.2746, -2.3051 -0.583 0.2047, -2.2264 -0.8813 0.185, -2.3051 -0.8813 0.185, -2.3051 -0.8883 0.1817, -2.2264 -0.8883 0.1817, -2.3051 -0.8943 0.1768, -2.2264 -0.8943 0.1768, -2.3051 -0.8989 0.1705, -2.2264 -0.8989 0.1705, -2.3051 -0.9017 0.1632, -2.2264 -0.9017 0.1632, -2.3051 -0.9027 0.1555, -2.2264 -0.9027 0.1555, -2.3051 -0.9017 0.1478, -2.2264 -0.9017 0.1478, -2.3051 -0.8989 0.1406, -2.2264 -0.8989 0.1406, -2.3051 -0.8943 0.1343, -2.2264 -0.8943 0.1343, -2.3051 -0.8883 0.1293, -2.2264 -0.8883 0.1293, -2.3051 -0.8813 0.126, -2.2264 -0.8813 0.126, -2.2264 0.2503 0.126, -2.3051 0.2503 0.126, -2.2264 0.2639 0.1244, -2.3051 0.2639 0.1244, -2.2264 0.2768 0.1197, -2.3051 0.2768 0.1197, -2.2264 0.2882 0.1122, -2.3051 0.2882 0.1122, -2.2264 0.2976 0.1022, -2.3051 0.2976 0.1022, -2.2264 0.3045 0.0903, -2.3051 0.3045 0.0903, -2.2264 0.3084 0.0772, -2.3051 0.3084 0.0772, -2.2264 0.3134 0.0488, -2.3051 0.3134 0.0488, -2.3051 0.3174 0.0357, -2.2264 0.3174 0.0357, -2.3051 0.3242 0.0238, -2.2264 0.3242 0.0238, -2.3051 0.3336 0.0138, -2.2264 0.3336 0.0138, -2.3051 0.3451 0.0063, -2.2264 0.3451 0.0063, -2.3051 0.358 0.0016, -2.2264 0.358 0.0016, -2.3051 0.3716 0.0, -2.2264 0.3716 0.0, -2.2264 0.637 0.0, -2.3051 0.637 0.0, -2.3051 0.6472 0.0013, -2.2264 0.6472 0.0013, -2.3051 0.6567 0.0053, -2.2264 0.6567 0.0053, -2.3051 0.6648 0.0115, -2.2264 0.6648 0.0115, -2.3051 0.6711 0.0197, -2.2264 0.6711 0.0197, -2.3051 0.675 0.0292, -2.2264 0.675 0.0292, -2.3051 0.6764 0.0394, -2.2264 0.6764 0.0394, -2.2264 0.6764 0.0591, -2.3051 0.6764 0.0591, -2.3051 0.6744 0.0743, -2.2264 0.6744 0.0743, -2.3051 0.6685 0.0886, -2.2264 0.6685 0.0886, -2.3051 0.6591 0.1008, -2.2264 0.6591 0.1008, -2.3051 0.6468 0.1102, -2.2264 0.6468 0.1102, -2.3051 0.6326 0.1161, -2.2264 0.6326 0.1161, -2.3051 0.6173 0.1181, -2.2264 0.6173 0.1181, -2.2264 0.4703 0.1181, -2.3051 0.4703 0.1181, -2.2264 0.3811 0.2244, -2.3051 0.3811 0.2244, -2.2264 0.3811 0.6969, -2.3051 0.3811 0.6969, -2.2264 -0.6425 0.6969, -2.3051 -0.6425 0.6969, -2.2264 -0.9575 0.6413, -2.3051 -0.9575 0.6413, -2.3051 -0.9673 0.6382, -2.2264 -0.9673 0.6382, -2.3051 -0.976 0.6327, -2.2264 -0.976 0.6327, -2.3051 -0.9829 0.6251, -2.2264 -0.9829 0.6251, -2.3051 -0.9876 0.616, -2.2264 -0.9876 0.616, -2.3051 -0.9899 0.606, -2.2264 -0.9899 0.606, -2.3051 -0.9894 0.5957, -2.2264 -0.9894 0.5957, -2.3051 -0.9863 0.5859, -2.2264 -0.9863 0.5859, -2.3051 -0.9808 0.5772, -2.2264 -0.9808 0.5772, -2.3051 -0.9732 0.5703, -2.2264 -0.9732 0.5703, -2.3051 -0.9641 0.5655, -2.2264 -0.9641 0.5655, -2.3051 -0.9541 0.5633, -2.2264 -0.9541 0.5633, -2.3051 -0.9438 0.5638, -2.2264 -0.9438 0.5638, -2.2264 -0.6356 0.6181, -2.3051 -0.6356 0.6181, -2.2264 -0.0913 0.6181, -2.3051 -0.0913 0.6181, -2.2264 -0.0913 0.2047, -2.3051 -0.0913 0.2047, -2.4232 -0.6057 0.2746, -2.4232 -0.583 0.2047, -2.502 -0.6057 0.2746, -2.502 -0.583 0.2047, -2.4232 -0.8813 0.185, -2.502 -0.8813 0.185, -2.502 -0.8883 0.1817, -2.4232 -0.8883 0.1817, -2.502 -0.8943 0.1768, -2.4232 -0.8943 0.1768, -2.502 -0.8989 0.1705, -2.4232 -0.8989 0.1705, -2.502 -0.9017 0.1632, -2.4232 -0.9017 0.1632, -2.502 -0.9027 0.1555, -2.4232 -0.9027 0.1555, -2.502 -0.9017 0.1478, -2.4232 -0.9017 0.1478, -2.502 -0.8989 0.1406, -2.4232 -0.8989 0.1406, -2.502 -0.8943 0.1343, -2.4232 -0.8943 0.1343, -2.502 -0.8883 0.1293, -2.4232 -0.8883 0.1293, -2.502 -0.8813 0.126, -2.4232 -0.8813 0.126, -2.4232 0.2503 0.126, -2.502 0.2503 0.126, -2.4232 0.2639 0.1244, -2.502 0.2639 0.1244, -2.4232 0.2768 0.1197, -2.502 0.2768 0.1197, -2.4232 0.2882 0.1122, -2.502 0.2882 0.1122, -2.4232 0.2976 0.1022, -2.502 0.2976 0.1022, -2.4232 0.3045 0.0903, -2.502 0.3045 0.0903, -2.4232 0.3084 0.0772, -2.502 0.3084 0.0772, -2.4232 0.3134 0.0488, -2.502 0.3134 0.0488, -2.502 0.3174 0.0357, -2.4232 0.3174 0.0357, -2.502 0.3242 0.0238, -2.4232 0.3242 0.0238, -2.502 0.3336 0.0138, -2.4232 0.3336 0.0138, -2.502 0.3451 0.0063, -2.4232 0.3451 0.0063, -2.502 0.358 0.0016, -2.4232 0.358 0.0016, -2.502 0.3716 0.0, -2.4232 0.3716 0.0, -2.4232 0.637 0.0, -2.502 0.637 0.0, -2.502 0.6472 0.0013, -2.4232 0.6472 0.0013, -2.502 0.6567 0.0053, -2.4232 0.6567 0.0053, -2.502 0.6648 0.0115, -2.4232 0.6648 0.0115, -2.502 0.6711 0.0197, -2.4232 0.6711 0.0197, -2.502 0.675 0.0292, -2.4232 0.675 0.0292, -2.502 0.6764 0.0394, -2.4232 0.6764 0.0394, -2.4232 0.6764 0.0591, -2.502 0.6764 0.0591, -2.502 0.6744 0.0743, -2.4232 0.6744 0.0743, -2.502 0.6685 0.0886, -2.4232 0.6685 0.0886, -2.502 0.6591 0.1008, -2.4232 0.6591 0.1008, -2.502 0.6468 0.1102, -2.4232 0.6468 0.1102, -2.502 0.6326 0.1161, -2.4232 0.6326 0.1161, -2.502 0.6173 0.1181, -2.4232 0.6173 0.1181, -2.4232 0.4703 0.1181, -2.502 0.4703 0.1181, -2.4232 0.3811 0.2244, -2.502 0.3811 0.2244, -2.4232 0.3811 0.6969, -2.502 0.3811 0.6969, -2.4232 -0.6425 0.6969, -2.502 -0.6425 0.6969, -2.4232 -0.9575 0.6413, -2.502 -0.9575 0.6413, -2.502 -0.9673 0.6382, -2.4232 -0.9673 0.6382, -2.502 -0.976 0.6327, -2.4232 -0.976 0.6327, -2.502 -0.9829 0.6251, -2.4232 -0.9829 0.6251, -2.502 -0.9876 0.616, -2.4232 -0.9876 0.616, -2.502 -0.9899 0.606, -2.4232 -0.9899 0.606, -2.502 -0.9894 0.5957, -2.4232 -0.9894 0.5957, -2.502 -0.9863 0.5859, -2.4232 -0.9863 0.5859, -2.502 -0.9808 0.5772, -2.4232 -0.9808 0.5772, -2.502 -0.9732 0.5703, -2.4232 -0.9732 0.5703, -2.502 -0.9641 0.5655, -2.4232 -0.9641 0.5655, -2.502 -0.9541 0.5633, -2.4232 -0.9541 0.5633, -2.502 -0.9438 0.5638, -2.4232 -0.9438 0.5638, -2.4232 -0.6356 0.6181, -2.502 -0.6356 0.6181, -2.4232 -0.0913 0.6181, -2.502 -0.0913 0.6181, -2.4232 -0.0913 0.2047, -2.502 -0.0913 0.2047, -2.6201 -0.6057 0.2746, -2.6201 -0.583 0.2047, -2.6988 -0.6057 0.2746, -2.6988 -0.583 0.2047, -2.6201 -0.8813 0.185, -2.6988 -0.8813 0.185, -2.6988 -0.8883 0.1817, -2.6201 -0.8883 0.1817, -2.6988 -0.8943 0.1768, -2.6201 -0.8943 0.1768, -2.6988 -0.8989 0.1705, -2.6201 -0.8989 0.1705, -2.6988 -0.9017 0.1632, -2.6201 -0.9017 0.1632, -2.6988 -0.9027 0.1555, -2.6201 -0.9027 0.1555, -2.6988 -0.9017 0.1478, -2.6201 -0.9017 0.1478, -2.6988 -0.8989 0.1406, -2.6201 -0.8989 0.1406, -2.6988 -0.8943 0.1343, -2.6201 -0.8943 0.1343, -2.6988 -0.8883 0.1293, -2.6201 -0.8883 0.1293, -2.6988 -0.8813 0.126, -2.6201 -0.8813 0.126, -2.6201 0.2503 0.126, -2.6988 0.2503 0.126, -2.6201 0.2639 0.1244, -2.6988 0.2639 0.1244, -2.6201 0.2768 0.1197, -2.6988 0.2768 0.1197, -2.6201 0.2882 0.1122, -2.6988 0.2882 0.1122, -2.6201 0.2976 0.1022, -2.6988 0.2976 0.1022, -2.6201 0.3045 0.0903, -2.6988 0.3045 0.0903, -2.6201 0.3084 0.0772, -2.6988 0.3084 0.0772, -2.6201 0.3134 0.0488, -2.6988 0.3134 0.0488, -2.6988 0.3174 0.0357, -2.6201 0.3174 0.0357, -2.6988 0.3242 0.0238, -2.6201 0.3242 0.0238, -2.6988 0.3336 0.0138, -2.6201 0.3336 0.0138, -2.6988 0.3451 0.0063, -2.6201 0.3451 0.0063, -2.6988 0.358 0.0016, -2.6201 0.358 0.0016, -2.6988 0.3716 0.0, -2.6201 0.3716 0.0, -2.6201 0.637 0.0, -2.6988 0.637 0.0, -2.6988 0.6472 0.0013, -2.6201 0.6472 0.0013, -2.6988 0.6567 0.0053, -2.6201 0.6567 0.0053, -2.6988 0.6648 0.0115, -2.6201 0.6648 0.0115, -2.6988 0.6711 0.0197, -2.6201 0.6711 0.0197, -2.6988 0.675 0.0292, -2.6201 0.675 0.0292, -2.6988 0.6764 0.0394, -2.6201 0.6764 0.0394, -2.6201 0.6764 0.0591, -2.6988 0.6764 0.0591, -2.6988 0.6744 0.0743, -2.6201 0.6744 0.0743, -2.6988 0.6685 0.0886, -2.6201 0.6685 0.0886, -2.6988 0.6591 0.1008, -2.6201 0.6591 0.1008, -2.6988 0.6468 0.1102, -2.6201 0.6468 0.1102, -2.6988 0.6326 0.1161, -2.6201 0.6326 0.1161, -2.6988 0.6173 0.1181, -2.6201 0.6173 0.1181, -2.6201 0.4703 0.1181, -2.6988 0.4703 0.1181, -2.6201 0.3811 0.2244, -2.6988 0.3811 0.2244, -2.6201 0.3811 0.6969, -2.6988 0.3811 0.6969, -2.6201 -0.6425 0.6969, -2.6988 -0.6425 0.6969, -2.6201 -0.9575 0.6413, -2.6988 -0.9575 0.6413, -2.6988 -0.9673 0.6382, -2.6201 -0.9673 0.6382, -2.6988 -0.976 0.6327, -2.6201 -0.976 0.6327, -2.6988 -0.9829 0.6251, -2.6201 -0.9829 0.6251, -2.6988 -0.9876 0.616, -2.6201 -0.9876 0.616, -2.6988 -0.9899 0.606, -2.6201 -0.9899 0.606, -2.6988 -0.9894 0.5957, -2.6201 -0.9894 0.5957, -2.6988 -0.9863 0.5859, -2.6201 -0.9863 0.5859, -2.6988 -0.9808 0.5772, -2.6201 -0.9808 0.5772, -2.6988 -0.9732 0.5703, -2.6201 -0.9732 0.5703, -2.6988 -0.9641 0.5655, -2.6201 -0.9641 0.5655, -2.6988 -0.9541 0.5633, -2.6201 -0.9541 0.5633, -2.6988 -0.9438 0.5638, -2.6201 -0.9438 0.5638, -2.6201 -0.6356 0.6181, -2.6988 -0.6356 0.6181, -2.6201 -0.0913 0.6181, -2.6988 -0.0913 0.6181, -2.6201 -0.0913 0.2047, -2.6988 -0.0913 0.2047, -2.8169 -0.6057 0.2746, -2.8169 -0.583 0.2047, -2.8957 -0.6057 0.2746, -2.8957 -0.583 0.2047, -2.8169 -0.8813 0.185, -2.8957 -0.8813 0.185, -2.8957 -0.8883 0.1817, -2.8169 -0.8883 0.1817, -2.8957 -0.8943 0.1768, -2.8169 -0.8943 0.1768, -2.8957 -0.8989 0.1705, -2.8169 -0.8989 0.1705, -2.8957 -0.9017 0.1632, -2.8169 -0.9017 0.1632, -2.8957 -0.9027 0.1555, -2.8169 -0.9027 0.1555, -2.8957 -0.9017 0.1478, -2.8169 -0.9017 0.1478, -2.8957 -0.8989 0.1406, -2.8169 -0.8989 0.1406, -2.8957 -0.8943 0.1343, -2.8169 -0.8943 0.1343, -2.8957 -0.8883 0.1293, -2.8169 -0.8883 0.1293, -2.8957 -0.8813 0.126, -2.8169 -0.8813 0.126, -2.8169 0.2503 0.126, -2.8957 0.2503 0.126, -2.8169 0.2639 0.1244, -2.8957 0.2639 0.1244, -2.8169 0.2768 0.1197, -2.8957 0.2768 0.1197, -2.8169 0.2882 0.1122, -2.8957 0.2882 0.1122, -2.8169 0.2976 0.1022, -2.8957 0.2976 0.1022, -2.8169 0.3045 0.0903, -2.8957 0.3045 0.0903, -2.8169 0.3084 0.0772, -2.8957 0.3084 0.0772, -2.8169 0.3134 0.0488, -2.8957 0.3134 0.0488, -2.8957 0.3174 0.0357, -2.8169 0.3174 0.0357, -2.8957 0.3242 0.0238, -2.8169 0.3242 0.0238, -2.8957 0.3336 0.0138, -2.8169 0.3336 0.0138, -2.8957 0.3451 0.0063, -2.8169 0.3451 0.0063, -2.8957 0.358 0.0016, -2.8169 0.358 0.0016, -2.8957 0.3716 0.0, -2.8169 0.3716 0.0, -2.8169 0.637 0.0, -2.8957 0.637 0.0, -2.8957 0.6472 0.0013, -2.8169 0.6472 0.0013, -2.8957 0.6567 0.0053, -2.8169 0.6567 0.0053, -2.8957 0.6648 0.0115, -2.8169 0.6648 0.0115, -2.8957 0.6711 0.0197, -2.8169 0.6711 0.0197, -2.8957 0.675 0.0292, -2.8169 0.675 0.0292, -2.8957 0.6764 0.0394, -2.8169 0.6764 0.0394, -2.8169 0.6764 0.0591, -2.8957 0.6764 0.0591, -2.8957 0.6744 0.0743, -2.8169 0.6744 0.0743, -2.8957 0.6685 0.0886, -2.8169 0.6685 0.0886, -2.8957 0.6591 0.1008, -2.8169 0.6591 0.1008, -2.8957 0.6468 0.1102, -2.8169 0.6468 0.1102, -2.8957 0.6326 0.1161, -2.8169 0.6326 0.1161, -2.8957 0.6173 0.1181, -2.8169 0.6173 0.1181, -2.8169 0.4703 0.1181, -2.8957 0.4703 0.1181, -2.8169 0.3811 0.2244, -2.8957 0.3811 0.2244, -2.8169 0.3811 0.6969, -2.8957 0.3811 0.6969, -2.8169 -0.6425 0.6969, -2.8957 -0.6425 0.6969, -2.8169 -0.9575 0.6413, -2.8957 -0.9575 0.6413, -2.8957 -0.9673 0.6382, -2.8169 -0.9673 0.6382, -2.8957 -0.976 0.6327, -2.8169 -0.976 0.6327, -2.8957 -0.9829 0.6251, -2.8169 -0.9829 0.6251, -2.8957 -0.9876 0.616, -2.8169 -0.9876 0.616, -2.8957 -0.9899 0.606, -2.8169 -0.9899 0.606, -2.8957 -0.9894 0.5957, -2.8169 -0.9894 0.5957, -2.8957 -0.9863 0.5859, -2.8169 -0.9863 0.5859, -2.8957 -0.9808 0.5772, -2.8169 -0.9808 0.5772, -2.8957 -0.9732 0.5703, -2.8169 -0.9732 0.5703, -2.8957 -0.9641 0.5655, -2.8169 -0.9641 0.5655, -2.8957 -0.9541 0.5633, -2.8169 -0.9541 0.5633, -2.8957 -0.9438 0.5638, -2.8169 -0.9438 0.5638, -2.8169 -0.6356 0.6181, -2.8957 -0.6356 0.6181, -2.8169 -0.0913 0.6181, -2.8957 -0.0913 0.6181, -2.8169 -0.0913 0.2047, -2.8957 -0.0913 0.2047, -3.0138 -0.6057 0.2746, -3.0138 -0.583 0.2047, -3.0925 -0.6057 0.2746, -3.0925 -0.583 0.2047, -3.0138 -0.8813 0.185, -3.0925 -0.8813 0.185, -3.0925 -0.8883 0.1817, -3.0138 -0.8883 0.1817, -3.0925 -0.8943 0.1768, -3.0138 -0.8943 0.1768, -3.0925 -0.8989 0.1705, -3.0138 -0.8989 0.1705, -3.0925 -0.9017 0.1632, -3.0138 -0.9017 0.1632, -3.0925 -0.9027 0.1555, -3.0138 -0.9027 0.1555, -3.0925 -0.9017 0.1478, -3.0138 -0.9017 0.1478, -3.0925 -0.8989 0.1406, -3.0138 -0.8989 0.1406, -3.0925 -0.8943 0.1343, -3.0138 -0.8943 0.1343, -3.0925 -0.8883 0.1293, -3.0138 -0.8883 0.1293, -3.0925 -0.8813 0.126, -3.0138 -0.8813 0.126, -3.0138 0.2503 0.126, -3.0925 0.2503 0.126, -3.0138 0.2639 0.1244, -3.0925 0.2639 0.1244, -3.0138 0.2768 0.1197, -3.0925 0.2768 0.1197, -3.0138 0.2882 0.1122, -3.0925 0.2882 0.1122, -3.0138 0.2976 0.1022, -3.0925 0.2976 0.1022, -3.0138 0.3045 0.0903, -3.0925 0.3045 0.0903, -3.0138 0.3084 0.0772, -3.0925 0.3084 0.0772, -3.0138 0.3134 0.0488, -3.0925 0.3134 0.0488, -3.0925 0.3174 0.0357, -3.0138 0.3174 0.0357, -3.0925 0.3242 0.0238, -3.0138 0.3242 0.0238, -3.0925 0.3336 0.0138, -3.0138 0.3336 0.0138, -3.0925 0.3451 0.0063, -3.0138 0.3451 0.0063, -3.0925 0.358 0.0016, -3.0138 0.358 0.0016, -3.0925 0.3716 0.0, -3.0138 0.3716 0.0, -3.0138 0.637 0.0, -3.0925 0.637 0.0, -3.0925 0.6472 0.0013, -3.0138 0.6472 0.0013, -3.0925 0.6567 0.0053, -3.0138 0.6567 0.0053, -3.0925 0.6648 0.0115, -3.0138 0.6648 0.0115, -3.0925 0.6711 0.0197, -3.0138 0.6711 0.0197, -3.0925 0.675 0.0292, -3.0138 0.675 0.0292, -3.0925 0.6764 0.0394, -3.0138 0.6764 0.0394, -3.0138 0.6764 0.0591, -3.0925 0.6764 0.0591, -3.0925 0.6744 0.0743, -3.0138 0.6744 0.0743, -3.0925 0.6685 0.0886, -3.0138 0.6685 0.0886, -3.0925 0.6591 0.1008, -3.0138 0.6591 0.1008, -3.0925 0.6468 0.1102, -3.0138 0.6468 0.1102, -3.0925 0.6326 0.1161, -3.0138 0.6326 0.1161, -3.0925 0.6173 0.1181, -3.0138 0.6173 0.1181, -3.0138 0.4703 0.1181, -3.0925 0.4703 0.1181, -3.0138 0.3811 0.2244, -3.0925 0.3811 0.2244, -3.0138 0.3811 0.6969, -3.0925 0.3811 0.6969, -3.0138 -0.6425 0.6969, -3.0925 -0.6425 0.6969, -3.0138 -0.9575 0.6413, -3.0925 -0.9575 0.6413, -3.0925 -0.9673 0.6382, -3.0138 -0.9673 0.6382, -3.0925 -0.976 0.6327, -3.0138 -0.976 0.6327, -3.0925 -0.9829 0.6251, -3.0138 -0.9829 0.6251, -3.0925 -0.9876 0.616, -3.0138 -0.9876 0.616, -3.0925 -0.9899 0.606, -3.0138 -0.9899 0.606, -3.0925 -0.9894 0.5957, -3.0138 -0.9894 0.5957, -3.0925 -0.9863 0.5859, -3.0138 -0.9863 0.5859, -3.0925 -0.9808 0.5772, -3.0138 -0.9808 0.5772, -3.0925 -0.9732 0.5703, -3.0138 -0.9732 0.5703, -3.0925 -0.9641 0.5655, -3.0138 -0.9641 0.5655, -3.0925 -0.9541 0.5633, -3.0138 -0.9541 0.5633, -3.0925 -0.9438 0.5638, -3.0138 -0.9438 0.5638, -3.0138 -0.6356 0.6181, -3.0925 -0.6356 0.6181, -3.0138 -0.0913 0.6181, -3.0925 -0.0913 0.6181, -3.0138 -0.0913 0.2047, -3.0925 -0.0913 0.2047, -3.2106 -0.6057 0.2746, -3.2106 -0.583 0.2047, -3.2894 -0.6057 0.2746, -3.2894 -0.583 0.2047, -3.2106 -0.8813 0.185, -3.2894 -0.8813 0.185, -3.2894 -0.8883 0.1817, -3.2106 -0.8883 0.1817, -3.2894 -0.8943 0.1768, -3.2106 -0.8943 0.1768, -3.2894 -0.8989 0.1705, -3.2106 -0.8989 0.1705, -3.2894 -0.9017 0.1632, -3.2106 -0.9017 0.1632, -3.2894 -0.9027 0.1555, -3.2106 -0.9027 0.1555, -3.2894 -0.9017 0.1478, -3.2106 -0.9017 0.1478, -3.2894 -0.8989 0.1406, -3.2106 -0.8989 0.1406, -3.2894 -0.8943 0.1343, -3.2106 -0.8943 0.1343, -3.2894 -0.8883 0.1293, -3.2106 -0.8883 0.1293, -3.2894 -0.8813 0.126, -3.2106 -0.8813 0.126, -3.2106 0.2503 0.126, -3.2894 0.2503 0.126, -3.2106 0.2639 0.1244, -3.2894 0.2639 0.1244, -3.2106 0.2768 0.1197, -3.2894 0.2768 0.1197, -3.2106 0.2882 0.1122, -3.2894 0.2882 0.1122, -3.2106 0.2976 0.1022, -3.2894 0.2976 0.1022, -3.2106 0.3045 0.0903, -3.2894 0.3045 0.0903, -3.2106 0.3084 0.0772, -3.2894 0.3084 0.0772, -3.2106 0.3134 0.0488, -3.2894 0.3134 0.0488, -3.2894 0.3174 0.0357, -3.2106 0.3174 0.0357, -3.2894 0.3242 0.0238, -3.2106 0.3242 0.0238, -3.2894 0.3336 0.0138, -3.2106 0.3336 0.0138, -3.2894 0.3451 0.0063, -3.2106 0.3451 0.0063, -3.2894 0.358 0.0016, -3.2106 0.358 0.0016, -3.2894 0.3716 0.0, -3.2106 0.3716 0.0, -3.2106 0.637 0.0, -3.2894 0.637 0.0, -3.2894 0.6472 0.0013, -3.2106 0.6472 0.0013, -3.2894 0.6567 0.0053, -3.2106 0.6567 0.0053, -3.2894 0.6648 0.0115, -3.2106 0.6648 0.0115, -3.2894 0.6711 0.0197, -3.2106 0.6711 0.0197, -3.2894 0.675 0.0292, -3.2106 0.675 0.0292, -3.2894 0.6764 0.0394, -3.2106 0.6764 0.0394, -3.2106 0.6764 0.0591, -3.2894 0.6764 0.0591, -3.2894 0.6744 0.0743, -3.2106 0.6744 0.0743, -3.2894 0.6685 0.0886, -3.2106 0.6685 0.0886, -3.2894 0.6591 0.1008, -3.2106 0.6591 0.1008, -3.2894 0.6468 0.1102, -3.2106 0.6468 0.1102, -3.2894 0.6326 0.1161, -3.2106 0.6326 0.1161, -3.2894 0.6173 0.1181, -3.2106 0.6173 0.1181, -3.2106 0.4703 0.1181, -3.2894 0.4703 0.1181, -3.2106 0.3811 0.2244, -3.2894 0.3811 0.2244, -3.2106 0.3811 0.6969, -3.2894 0.3811 0.6969, -3.2106 -0.6425 0.6969, -3.2894 -0.6425 0.6969, -3.2106 -0.9575 0.6413, -3.2894 -0.9575 0.6413, -3.2894 -0.9673 0.6382, -3.2106 -0.9673 0.6382, -3.2894 -0.976 0.6327, -3.2106 -0.976 0.6327, -3.2894 -0.9829 0.6251, -3.2106 -0.9829 0.6251, -3.2894 -0.9876 0.616, -3.2106 -0.9876 0.616, -3.2894 -0.9899 0.606, -3.2106 -0.9899 0.606, -3.2894 -0.9894 0.5957, -3.2106 -0.9894 0.5957, -3.2894 -0.9863 0.5859, -3.2106 -0.9863 0.5859, -3.2894 -0.9808 0.5772, -3.2106 -0.9808 0.5772, -3.2894 -0.9732 0.5703, -3.2106 -0.9732 0.5703, -3.2894 -0.9641 0.5655, -3.2106 -0.9641 0.5655, -3.2894 -0.9541 0.5633, -3.2106 -0.9541 0.5633, -3.2894 -0.9438 0.5638, -3.2106 -0.9438 0.5638, -3.2106 -0.6356 0.6181, -3.2894 -0.6356 0.6181, -3.2106 -0.0913 0.6181, -3.2894 -0.0913 0.6181, -3.2106 -0.0913 0.2047, -3.2894 -0.0913 0.2047, -3.4075 -0.6057 0.2746, -3.4075 -0.583 0.2047, -3.4862 -0.6057 0.2746, -3.4862 -0.583 0.2047, -3.4075 -0.8813 0.185, -3.4862 -0.8813 0.185, -3.4862 -0.8883 0.1817, -3.4075 -0.8883 0.1817, -3.4862 -0.8943 0.1768, -3.4075 -0.8943 0.1768, -3.4862 -0.8989 0.1705, -3.4075 -0.8989 0.1705, -3.4862 -0.9017 0.1632, -3.4075 -0.9017 0.1632, -3.4862 -0.9027 0.1555, -3.4075 -0.9027 0.1555, -3.4862 -0.9017 0.1478, -3.4075 -0.9017 0.1478, -3.4862 -0.8989 0.1406, -3.4075 -0.8989 0.1406, -3.4862 -0.8943 0.1343, -3.4075 -0.8943 0.1343, -3.4862 -0.8883 0.1293, -3.4075 -0.8883 0.1293, -3.4862 -0.8813 0.126, -3.4075 -0.8813 0.126, -3.4075 0.2503 0.126, -3.4862 0.2503 0.126, -3.4075 0.2639 0.1244, -3.4862 0.2639 0.1244, -3.4075 0.2768 0.1197, -3.4862 0.2768 0.1197, -3.4075 0.2882 0.1122, -3.4862 0.2882 0.1122, -3.4075 0.2976 0.1022, -3.4862 0.2976 0.1022, -3.4075 0.3045 0.0903, -3.4862 0.3045 0.0903, -3.4075 0.3084 0.0772, -3.4862 0.3084 0.0772, -3.4075 0.3134 0.0488, -3.4862 0.3134 0.0488, -3.4862 0.3174 0.0357, -3.4075 0.3174 0.0357, -3.4862 0.3242 0.0238, -3.4075 0.3242 0.0238, -3.4862 0.3336 0.0138, -3.4075 0.3336 0.0138, -3.4862 0.3451 0.0063, -3.4075 0.3451 0.0063, -3.4862 0.358 0.0016, -3.4075 0.358 0.0016, -3.4862 0.3716 0.0, -3.4075 0.3716 0.0, -3.4075 0.637 0.0, -3.4862 0.637 0.0, -3.4862 0.6472 0.0013, -3.4075 0.6472 0.0013, -3.4862 0.6567 0.0053, -3.4075 0.6567 0.0053, -3.4862 0.6648 0.0115, -3.4075 0.6648 0.0115, -3.4862 0.6711 0.0197, -3.4075 0.6711 0.0197, -3.4862 0.675 0.0292, -3.4075 0.675 0.0292, -3.4862 0.6764 0.0394, -3.4075 0.6764 0.0394, -3.4075 0.6764 0.0591, -3.4862 0.6764 0.0591, -3.4862 0.6744 0.0743, -3.4075 0.6744 0.0743, -3.4862 0.6685 0.0886, -3.4075 0.6685 0.0886, -3.4862 0.6591 0.1008, -3.4075 0.6591 0.1008, -3.4862 0.6468 0.1102, -3.4075 0.6468 0.1102, -3.4862 0.6326 0.1161, -3.4075 0.6326 0.1161, -3.4862 0.6173 0.1181, -3.4075 0.6173 0.1181, -3.4075 0.4703 0.1181, -3.4862 0.4703 0.1181, -3.4075 0.3811 0.2244, -3.4862 0.3811 0.2244, -3.4075 0.3811 0.6969, -3.4862 0.3811 0.6969, -3.4075 -0.6425 0.6969, -3.4862 -0.6425 0.6969, -3.4075 -0.9575 0.6413, -3.4862 -0.9575 0.6413, -3.4862 -0.9673 0.6382, -3.4075 -0.9673 0.6382, -3.4862 -0.976 0.6327, -3.4075 -0.976 0.6327, -3.4862 -0.9829 0.6251, -3.4075 -0.9829 0.6251, -3.4862 -0.9876 0.616, -3.4075 -0.9876 0.616, -3.4862 -0.9899 0.606, -3.4075 -0.9899 0.606, -3.4862 -0.9894 0.5957, -3.4075 -0.9894 0.5957, -3.4862 -0.9863 0.5859, -3.4075 -0.9863 0.5859, -3.4862 -0.9808 0.5772, -3.4075 -0.9808 0.5772, -3.4862 -0.9732 0.5703, -3.4075 -0.9732 0.5703, -3.4862 -0.9641 0.5655, -3.4075 -0.9641 0.5655, -3.4862 -0.9541 0.5633, -3.4075 -0.9541 0.5633, -3.4862 -0.9438 0.5638, -3.4075 -0.9438 0.5638, -3.4075 -0.6356 0.6181, -3.4862 -0.6356 0.6181, -3.4075 -0.0913 0.6181, -3.4862 -0.0913 0.6181, -3.4075 -0.0913 0.2047, -3.4862 -0.0913 0.2047, -3.6043 -0.6057 0.2746, -3.6043 -0.583 0.2047, -3.6831 -0.6057 0.2746, -3.6831 -0.583 0.2047, -3.6043 -0.8813 0.185, -3.6831 -0.8813 0.185, -3.6831 -0.8883 0.1817, -3.6043 -0.8883 0.1817, -3.6831 -0.8943 0.1768, -3.6043 -0.8943 0.1768, -3.6831 -0.8989 0.1705, -3.6043 -0.8989 0.1705, -3.6831 -0.9017 0.1632, -3.6043 -0.9017 0.1632, -3.6831 -0.9027 0.1555, -3.6043 -0.9027 0.1555, -3.6831 -0.9017 0.1478, -3.6043 -0.9017 0.1478, -3.6831 -0.8989 0.1406, -3.6043 -0.8989 0.1406, -3.6831 -0.8943 0.1343, -3.6043 -0.8943 0.1343, -3.6831 -0.8883 0.1293, -3.6043 -0.8883 0.1293, -3.6831 -0.8813 0.126, -3.6043 -0.8813 0.126, -3.6043 0.2503 0.126, -3.6831 0.2503 0.126, -3.6043 0.2639 0.1244, -3.6831 0.2639 0.1244, -3.6043 0.2768 0.1197, -3.6831 0.2768 0.1197, -3.6043 0.2882 0.1122, -3.6831 0.2882 0.1122, -3.6043 0.2976 0.1022, -3.6831 0.2976 0.1022, -3.6043 0.3045 0.0903, -3.6831 0.3045 0.0903, -3.6043 0.3084 0.0772, -3.6831 0.3084 0.0772, -3.6043 0.3134 0.0488, -3.6831 0.3134 0.0488, -3.6831 0.3174 0.0357, -3.6043 0.3174 0.0357, -3.6831 0.3242 0.0238, -3.6043 0.3242 0.0238, -3.6831 0.3336 0.0138, -3.6043 0.3336 0.0138, -3.6831 0.3451 0.0063, -3.6043 0.3451 0.0063, -3.6831 0.358 0.0016, -3.6043 0.358 0.0016, -3.6831 0.3716 0.0, -3.6043 0.3716 0.0, -3.6043 0.637 0.0, -3.6831 0.637 0.0, -3.6831 0.6472 0.0013, -3.6043 0.6472 0.0013, -3.6831 0.6567 0.0053, -3.6043 0.6567 0.0053, -3.6831 0.6648 0.0115, -3.6043 0.6648 0.0115, -3.6831 0.6711 0.0197, -3.6043 0.6711 0.0197, -3.6831 0.675 0.0292, -3.6043 0.675 0.0292, -3.6831 0.6764 0.0394, -3.6043 0.6764 0.0394, -3.6043 0.6764 0.0591, -3.6831 0.6764 0.0591, -3.6831 0.6744 0.0743, -3.6043 0.6744 0.0743, -3.6831 0.6685 0.0886, -3.6043 0.6685 0.0886, -3.6831 0.6591 0.1008, -3.6043 0.6591 0.1008, -3.6831 0.6468 0.1102, -3.6043 0.6468 0.1102, -3.6831 0.6326 0.1161, -3.6043 0.6326 0.1161, -3.6831 0.6173 0.1181, -3.6043 0.6173 0.1181, -3.6043 0.4703 0.1181, -3.6831 0.4703 0.1181, -3.6043 0.3811 0.2244, -3.6831 0.3811 0.2244, -3.6043 0.3811 0.6969, -3.6831 0.3811 0.6969, -3.6043 -0.6425 0.6969, -3.6831 -0.6425 0.6969, -3.6043 -0.9575 0.6413, -3.6831 -0.9575 0.6413, -3.6831 -0.9673 0.6382, -3.6043 -0.9673 0.6382, -3.6831 -0.976 0.6327, -3.6043 -0.976 0.6327, -3.6831 -0.9829 0.6251, -3.6043 -0.9829 0.6251, -3.6831 -0.9876 0.616, -3.6043 -0.9876 0.616, -3.6831 -0.9899 0.606, -3.6043 -0.9899 0.606, -3.6831 -0.9894 0.5957, -3.6043 -0.9894 0.5957, -3.6831 -0.9863 0.5859, -3.6043 -0.9863 0.5859, -3.6831 -0.9808 0.5772, -3.6043 -0.9808 0.5772, -3.6831 -0.9732 0.5703, -3.6043 -0.9732 0.5703, -3.6831 -0.9641 0.5655, -3.6043 -0.9641 0.5655, -3.6831 -0.9541 0.5633, -3.6043 -0.9541 0.5633, -3.6831 -0.9438 0.5638, -3.6043 -0.9438 0.5638, -3.6043 -0.6356 0.6181, -3.6831 -0.6356 0.6181, -3.6043 -0.0913 0.6181, -3.6831 -0.0913 0.6181, -3.6043 -0.0913 0.2047, -3.6831 -0.0913 0.2047, -3.8012 -0.6057 0.2746, -3.8012 -0.583 0.2047, -3.8799 -0.6057 0.2746, -3.8799 -0.583 0.2047, -3.8012 -0.8813 0.185, -3.8799 -0.8813 0.185, -3.8799 -0.8883 0.1817, -3.8012 -0.8883 0.1817, -3.8799 -0.8943 0.1768, -3.8012 -0.8943 0.1768, -3.8799 -0.8989 0.1705, -3.8012 -0.8989 0.1705, -3.8799 -0.9017 0.1632, -3.8012 -0.9017 0.1632, -3.8799 -0.9027 0.1555, -3.8012 -0.9027 0.1555, -3.8799 -0.9017 0.1478, -3.8012 -0.9017 0.1478, -3.8799 -0.8989 0.1406, -3.8012 -0.8989 0.1406, -3.8799 -0.8943 0.1343, -3.8012 -0.8943 0.1343, -3.8799 -0.8883 0.1293, -3.8012 -0.8883 0.1293, -3.8799 -0.8813 0.126, -3.8012 -0.8813 0.126, -3.8012 0.2503 0.126, -3.8799 0.2503 0.126, -3.8012 0.2639 0.1244, -3.8799 0.2639 0.1244, -3.8012 0.2768 0.1197, -3.8799 0.2768 0.1197, -3.8012 0.2882 0.1122, -3.8799 0.2882 0.1122, -3.8012 0.2976 0.1022, -3.8799 0.2976 0.1022, -3.8012 0.3045 0.0903, -3.8799 0.3045 0.0903, -3.8012 0.3084 0.0772, -3.8799 0.3084 0.0772, -3.8012 0.3134 0.0488, -3.8799 0.3134 0.0488, -3.8799 0.3174 0.0357, -3.8012 0.3174 0.0357, -3.8799 0.3242 0.0238, -3.8012 0.3242 0.0238, -3.8799 0.3336 0.0138, -3.8012 0.3336 0.0138, -3.8799 0.3451 0.0063, -3.8012 0.3451 0.0063, -3.8799 0.358 0.0016, -3.8012 0.358 0.0016, -3.8799 0.3716 0.0, -3.8012 0.3716 0.0, -3.8012 0.637 0.0, -3.8799 0.637 0.0, -3.8799 0.6472 0.0013, -3.8012 0.6472 0.0013, -3.8799 0.6567 0.0053, -3.8012 0.6567 0.0053, -3.8799 0.6648 0.0115, -3.8012 0.6648 0.0115, -3.8799 0.6711 0.0197, -3.8012 0.6711 0.0197, -3.8799 0.675 0.0292, -3.8012 0.675 0.0292, -3.8799 0.6764 0.0394, -3.8012 0.6764 0.0394, -3.8012 0.6764 0.0591, -3.8799 0.6764 0.0591, -3.8799 0.6744 0.0743, -3.8012 0.6744 0.0743, -3.8799 0.6685 0.0886, -3.8012 0.6685 0.0886, -3.8799 0.6591 0.1008, -3.8012 0.6591 0.1008, -3.8799 0.6468 0.1102, -3.8012 0.6468 0.1102, -3.8799 0.6326 0.1161, -3.8012 0.6326 0.1161, -3.8799 0.6173 0.1181, -3.8012 0.6173 0.1181, -3.8012 0.4703 0.1181, -3.8799 0.4703 0.1181, -3.8012 0.3811 0.2244, -3.8799 0.3811 0.2244, -3.8012 0.3811 0.6969, -3.8799 0.3811 0.6969, -3.8012 -0.6425 0.6969, -3.8799 -0.6425 0.6969, -3.8012 -0.9575 0.6413, -3.8799 -0.9575 0.6413, -3.8799 -0.9673 0.6382, -3.8012 -0.9673 0.6382, -3.8799 -0.976 0.6327, -3.8012 -0.976 0.6327, -3.8799 -0.9829 0.6251, -3.8012 -0.9829 0.6251, -3.8799 -0.9876 0.616, -3.8012 -0.9876 0.616, -3.8799 -0.9899 0.606, -3.8012 -0.9899 0.606, -3.8799 -0.9894 0.5957, -3.8012 -0.9894 0.5957, -3.8799 -0.9863 0.5859, -3.8012 -0.9863 0.5859, -3.8799 -0.9808 0.5772, -3.8012 -0.9808 0.5772, -3.8799 -0.9732 0.5703, -3.8012 -0.9732 0.5703, -3.8799 -0.9641 0.5655, -3.8012 -0.9641 0.5655, -3.8799 -0.9541 0.5633, -3.8012 -0.9541 0.5633, -3.8799 -0.9438 0.5638, -3.8012 -0.9438 0.5638, -3.8012 -0.6356 0.6181, -3.8799 -0.6356 0.6181, -3.8012 -0.0913 0.6181, -3.8799 -0.0913 0.6181, -3.8012 -0.0913 0.2047, -3.8799 -0.0913 0.2047, 4.2106 -0.7134 0.2047, 4.1319 -0.7134 0.2047, 4.2106 -0.7134 0.1181, 4.1319 -0.7134 0.1181, 4.212 -0.7134 0.1079, 4.1349 -0.7134 0.0918, 4.2159 -0.7134 0.0984, 4.1436 -0.7134 0.0669, 4.2222 -0.7134 0.0903, 4.1577 -0.7134 0.0445, 4.1764 -0.7134 0.0258, 4.2303 -0.7134 0.084, 4.1988 -0.7134 0.0117, 4.2398 -0.7134 0.0801, 4.2237 -0.7134 0.003, 4.25 -0.7134 0.0787, 4.25 -0.7134 0.0, 4.7618 -0.7134 0.0787, 4.7618 -0.7134 0.0, 4.8012 -0.674 0.0, 4.8012 -0.6279 0.0, 4.8012 -0.674 0.0787, 4.8012 -0.6279 0.0787, 4.7248 -0.5357 0.0, 4.7318 -0.5538 0.0, 4.743 -0.5695 0.0, 4.7576 -0.5821 0.0, 4.7749 -0.5908 0.0, 4.743 -0.4635 0.0, 4.25 -0.3197 0.0, 4.7576 -0.4509 0.0, 4.7618 -0.3197 0.0, 4.7749 -0.4423 0.0, 4.7998 -0.3489 0.0, 4.8012 -0.3591 0.0, 4.7318 -0.4793 0.0, 4.7248 -0.4973 0.0, 4.7224 -0.5165 0.0, 4.7836 -0.5951 0.0, 4.7909 -0.6014 0.0, 4.7965 -0.6093 0.0, 4.8 -0.6183 0.0, 4.7815 -0.325 0.0, 4.7896 -0.3312 0.0, 4.7959 -0.3394 0.0, 4.8012 -0.4052 0.0, 4.8 -0.4148 0.0, 4.7965 -0.4238 0.0, 4.7909 -0.4317 0.0, 4.7836 -0.438 0.0, 4.7959 -0.6937 0.0, 4.7896 -0.7019 0.0, 4.7815 -0.7081 0.0, 4.7998 -0.6842 0.0, 4.772 -0.712 0.0, 4.772 -0.321 0.0, 4.2237 -0.3197 0.003, 4.1988 -0.3197 0.0117, 4.1764 -0.3197 0.0258, 4.1577 -0.3197 0.0445, 4.1436 -0.3197 0.0669, 4.1349 -0.3197 0.0918, 4.1319 -0.3197 0.1181, 4.1319 0.3102 0.4016, 4.1319 0.3102 0.1181, 4.1319 -0.5441 0.4016, 4.1319 -0.5441 0.2047, 4.2106 -0.5441 0.4016, 4.2106 0.3102 0.4016, 4.2106 -0.3197 0.1181, 4.2106 0.3102 0.1181, 4.2106 -0.5441 0.2047, 4.212 -0.3197 0.1079, 4.2159 -0.3197 0.0984, 4.2222 -0.3197 0.0903, 4.2303 -0.3197 0.084, 4.2398 -0.3197 0.0801, 4.25 -0.3197 0.0787, 4.7749 -0.5908 0.0787, 4.7576 -0.5821 0.0787, 4.743 -0.5695 0.0787, 4.7318 -0.5538 0.0787, 4.7618 -0.3197 0.0787, 4.7576 -0.4509 0.0787, 4.7749 -0.4423 0.0787, 4.743 -0.4635 0.0787, 4.7318 -0.4793 0.0787, 4.7815 -0.7081 0.0787, 4.7896 -0.7019 0.0787, 4.7959 -0.6937 0.0787, 4.7909 -0.6014 0.0787, 4.7965 -0.6093 0.0787, 4.8 -0.6183 0.0787, 4.7836 -0.5951 0.0787, 4.7998 -0.6842 0.0787, 4.7248 -0.5357 0.0787, 4.7224 -0.5165 0.0787, 4.7248 -0.4973 0.0787, 4.7965 -0.4238 0.0787, 4.7909 -0.4317 0.0787, 4.7836 -0.438 0.0787, 4.8 -0.4148 0.0787, 4.8012 -0.4052 0.0787, 4.8012 -0.3591 0.0787, 4.772 -0.712 0.0787, 4.7959 -0.3394 0.0787, 4.7896 -0.3312 0.0787, 4.7815 -0.325 0.0787, 4.7998 -0.3489 0.0787, 4.772 -0.321 0.0787
            ]
        }
        coordIndex [
            0,1,2,-1,2,1,3,-1,4,0,5,-1,5,0,2,-1,4,5,6,-1,4,6,7,-1,7,6,8,-1,7,8,9,-1,9,8,10,-1,9,10,11,-1,11,10,12,-1,11,12,13,-1,13,12,14,-1,13,14,15,-1,15,14,16,-1,15,16,17,-1,17,16,18,-1,17,18,19,-1,19,18,20,-1,19,20,21,-1,21,20,22,-1,21,22,23,-1,23,22,24,-1,23,24,25,-1,26,25,27,-1,27,25,24,-1,26,27,28,-1,28,27,29,-1,28,29,30,-1,30,29,31,-1,30,31,32,-1,32,31,33,-1,32,33,34,-1,34,33,35,-1,34,35,36,-1,36,35,37,-1,36,37,38,-1,38,37,39,-1,40,38,41,-1,41,38,39,-1,40,41,42,-1,40,42,43,-1,43,42,44,-1,43,44,45,-1,45,44,46,-1,45,46,47,-1,47,46,48,-1,47,48,49,-1,49,48,50,-1,49,50,51,-1,51,50,52,-1,51,52,53,-1,54,53,55,-1,55,53,52,-1,54,55,56,-1,54,56,57,-1,57,56,58,-1,57,58,59,-1,59,58,60,-1,59,60,61,-1,61,60,62,-1,61,62,63,-1,63,62,64,-1,63,64,65,-1,65,64,66,-1,65,66,67,-1,68,67,69,-1,69,67,66,-1,68,69,70,-1,68,70,71,-1,71,70,72,-1,71,72,73,-1,73,72,74,-1,73,74,75,-1,75,74,76,-1,75,76,77,-1,77,76,78,-1,77,78,79,-1,79,78,80,-1,79,80,81,-1,82,81,83,-1,83,81,80,-1,84,82,85,-1,85,82,83,-1,86,84,87,-1,87,84,85,-1,88,86,89,-1,89,86,87,-1,90,88,91,-1,91,88,89,-1,90,91,92,-1,90,92,93,-1,93,92,94,-1,93,94,95,-1,95,94,96,-1,95,96,97,-1,97,96,98,-1,97,98,99,-1,99,98,100,-1,99,100,101,-1,101,100,102,-1,101,102,103,-1,103,102,104,-1,103,104,105,-1,105,104,106,-1,105,106,107,-1,107,106,108,-1,107,108,109,-1,109,108,110,-1,109,110,111,-1,111,110,112,-1,111,112,113,-1,113,112,114,-1,113,114,115,-1,116,115,117,-1,117,115,114,-1,118,116,119,-1,119,116,117,-1,120,118,121,-1,121,118,119,-1,1,120,3,-1,3,120,121,-1,1,0,25,-1,25,0,4,-1,88,90,115,-1,82,53,81,-1,81,53,54,-1,1,25,120,-1,120,25,26,-1,120,26,118,-1,30,32,84,-1,84,32,34,-1,84,34,82,-1,19,21,23,-1,101,115,99,-1,99,115,97,-1,90,93,115,-1,115,93,95,-1,115,95,97,-1,101,103,115,-1,115,103,105,-1,115,105,107,-1,107,109,115,-1,115,109,111,-1,115,111,113,-1,71,73,81,-1,81,73,75,-1,81,75,79,-1,79,75,77,-1,115,116,88,-1,88,116,118,-1,88,118,86,-1,86,118,26,-1,86,26,84,-1,84,26,28,-1,84,28,30,-1,34,36,82,-1,82,36,38,-1,82,38,40,-1,4,7,25,-1,25,7,9,-1,25,9,11,-1,11,13,25,-1,25,13,15,-1,25,15,23,-1,23,15,17,-1,23,17,19,-1,57,65,54,-1,54,65,67,-1,54,67,81,-1,81,67,68,-1,81,68,71,-1,57,59,65,-1,65,59,61,-1,65,61,63,-1,40,43,82,-1,82,43,45,-1,82,45,47,-1,47,49,82,-1,82,49,51,-1,82,51,53,-1,5,2,3,-1,121,29,27,-1,10,8,6,-1,39,37,83,-1,110,108,100,-1,20,18,5,-1,83,37,85,-1,37,35,85,-1,85,35,33,-1,85,33,31,-1,78,76,74,-1,98,96,114,-1,114,96,94,-1,121,27,3,-1,3,27,24,-1,3,24,5,-1,5,24,22,-1,5,22,20,-1,18,16,5,-1,5,16,14,-1,5,14,6,-1,6,14,12,-1,6,12,10,-1,78,74,80,-1,80,74,72,-1,80,72,70,-1,98,114,100,-1,100,114,112,-1,100,112,110,-1,108,106,100,-1,100,106,104,-1,100,104,102,-1,31,29,85,-1,85,29,121,-1,85,121,87,-1,87,121,119,-1,87,119,89,-1,89,119,117,-1,89,117,91,-1,91,117,114,-1,91,114,92,-1,92,114,94,-1,58,64,60,-1,60,64,62,-1,69,66,55,-1,55,66,64,-1,55,64,56,-1,56,64,58,-1,70,69,80,-1,80,69,55,-1,80,55,83,-1,83,55,52,-1,83,52,50,-1,44,42,83,-1,83,42,41,-1,83,41,39,-1,50,48,83,-1,83,48,46,-1,83,46,44,-1,122,123,124,-1,124,123,125,-1,126,122,127,-1,127,122,124,-1,126,127,128,-1,126,128,129,-1,129,128,130,-1,129,130,131,-1,131,130,132,-1,131,132,133,-1,133,132,134,-1,133,134,135,-1,135,134,136,-1,135,136,137,-1,137,136,138,-1,137,138,139,-1,139,138,140,-1,139,140,141,-1,141,140,142,-1,141,142,143,-1,143,142,144,-1,143,144,145,-1,145,144,146,-1,145,146,147,-1,148,147,149,-1,149,147,146,-1,148,149,150,-1,150,149,151,-1,150,151,152,-1,152,151,153,-1,152,153,154,-1,154,153,155,-1,154,155,156,-1,156,155,157,-1,156,157,158,-1,158,157,159,-1,158,159,160,-1,160,159,161,-1,162,160,163,-1,163,160,161,-1,162,163,164,-1,162,164,165,-1,165,164,166,-1,165,166,167,-1,167,166,168,-1,167,168,169,-1,169,168,170,-1,169,170,171,-1,171,170,172,-1,171,172,173,-1,173,172,174,-1,173,174,175,-1,176,175,177,-1,177,175,174,-1,176,177,178,-1,176,178,179,-1,179,178,180,-1,179,180,181,-1,181,180,182,-1,181,182,183,-1,183,182,184,-1,183,184,185,-1,185,184,186,-1,185,186,187,-1,187,186,188,-1,187,188,189,-1,190,189,191,-1,191,189,188,-1,190,191,192,-1,190,192,193,-1,193,192,194,-1,193,194,195,-1,195,194,196,-1,195,196,197,-1,197,196,198,-1,197,198,199,-1,199,198,200,-1,199,200,201,-1,201,200,202,-1,201,202,203,-1,204,203,205,-1,205,203,202,-1,206,204,207,-1,207,204,205,-1,208,206,209,-1,209,206,207,-1,210,208,211,-1,211,208,209,-1,212,210,213,-1,213,210,211,-1,212,213,214,-1,212,214,215,-1,215,214,216,-1,215,216,217,-1,217,216,218,-1,217,218,219,-1,219,218,220,-1,219,220,221,-1,221,220,222,-1,221,222,223,-1,223,222,224,-1,223,224,225,-1,225,224,226,-1,225,226,227,-1,227,226,228,-1,227,228,229,-1,229,228,230,-1,229,230,231,-1,231,230,232,-1,231,232,233,-1,233,232,234,-1,233,234,235,-1,235,234,236,-1,235,236,237,-1,238,237,239,-1,239,237,236,-1,240,238,241,-1,241,238,239,-1,242,240,243,-1,243,240,241,-1,123,242,125,-1,125,242,243,-1,123,122,147,-1,147,122,126,-1,210,212,237,-1,204,175,203,-1,203,175,176,-1,123,147,242,-1,242,147,148,-1,242,148,240,-1,152,154,206,-1,206,154,156,-1,206,156,204,-1,141,143,145,-1,223,237,221,-1,221,237,219,-1,212,215,237,-1,237,215,217,-1,237,217,219,-1,223,225,237,-1,237,225,227,-1,237,227,229,-1,229,231,237,-1,237,231,233,-1,237,233,235,-1,193,195,203,-1,203,195,197,-1,203,197,201,-1,201,197,199,-1,237,238,210,-1,210,238,240,-1,210,240,208,-1,208,240,148,-1,208,148,206,-1,206,148,150,-1,206,150,152,-1,156,158,204,-1,204,158,160,-1,204,160,162,-1,126,129,147,-1,147,129,131,-1,147,131,133,-1,133,135,147,-1,147,135,137,-1,147,137,145,-1,145,137,139,-1,145,139,141,-1,179,187,176,-1,176,187,189,-1,176,189,203,-1,203,189,190,-1,203,190,193,-1,179,181,187,-1,187,181,183,-1,187,183,185,-1,162,165,204,-1,204,165,167,-1,204,167,169,-1,169,171,204,-1,204,171,173,-1,204,173,175,-1,127,124,125,-1,243,151,149,-1,132,130,128,-1,161,159,205,-1,232,230,222,-1,142,140,127,-1,205,159,207,-1,159,157,207,-1,207,157,155,-1,207,155,153,-1,200,198,196,-1,220,218,236,-1,236,218,216,-1,243,149,125,-1,125,149,146,-1,125,146,127,-1,127,146,144,-1,127,144,142,-1,140,138,127,-1,127,138,136,-1,127,136,128,-1,128,136,134,-1,128,134,132,-1,200,196,202,-1,202,196,194,-1,202,194,192,-1,220,236,222,-1,222,236,234,-1,222,234,232,-1,230,228,222,-1,222,228,226,-1,222,226,224,-1,153,151,207,-1,207,151,243,-1,207,243,209,-1,209,243,241,-1,209,241,211,-1,211,241,239,-1,211,239,213,-1,213,239,236,-1,213,236,214,-1,214,236,216,-1,180,186,182,-1,182,186,184,-1,191,188,177,-1,177,188,186,-1,177,186,178,-1,178,186,180,-1,192,191,202,-1,202,191,177,-1,202,177,205,-1,205,177,174,-1,205,174,172,-1,166,164,205,-1,205,164,163,-1,205,163,161,-1,172,170,205,-1,205,170,168,-1,205,168,166,-1,244,245,246,-1,246,245,247,-1,248,244,249,-1,249,244,246,-1,248,249,250,-1,248,250,251,-1,251,250,252,-1,251,252,253,-1,253,252,254,-1,253,254,255,-1,255,254,256,-1,255,256,257,-1,257,256,258,-1,257,258,259,-1,259,258,260,-1,259,260,261,-1,261,260,262,-1,261,262,263,-1,263,262,264,-1,263,264,265,-1,265,264,266,-1,265,266,267,-1,267,266,268,-1,267,268,269,-1,270,269,271,-1,271,269,268,-1,270,271,272,-1,272,271,273,-1,272,273,274,-1,274,273,275,-1,274,275,276,-1,276,275,277,-1,276,277,278,-1,278,277,279,-1,278,279,280,-1,280,279,281,-1,280,281,282,-1,282,281,283,-1,284,282,285,-1,285,282,283,-1,284,285,286,-1,284,286,287,-1,287,286,288,-1,287,288,289,-1,289,288,290,-1,289,290,291,-1,291,290,292,-1,291,292,293,-1,293,292,294,-1,293,294,295,-1,295,294,296,-1,295,296,297,-1,298,297,299,-1,299,297,296,-1,298,299,300,-1,298,300,301,-1,301,300,302,-1,301,302,303,-1,303,302,304,-1,303,304,305,-1,305,304,306,-1,305,306,307,-1,307,306,308,-1,307,308,309,-1,309,308,310,-1,309,310,311,-1,312,311,313,-1,313,311,310,-1,312,313,314,-1,312,314,315,-1,315,314,316,-1,315,316,317,-1,317,316,318,-1,317,318,319,-1,319,318,320,-1,319,320,321,-1,321,320,322,-1,321,322,323,-1,323,322,324,-1,323,324,325,-1,326,325,327,-1,327,325,324,-1,328,326,329,-1,329,326,327,-1,330,328,331,-1,331,328,329,-1,332,330,333,-1,333,330,331,-1,334,332,335,-1,335,332,333,-1,334,335,336,-1,334,336,337,-1,337,336,338,-1,337,338,339,-1,339,338,340,-1,339,340,341,-1,341,340,342,-1,341,342,343,-1,343,342,344,-1,343,344,345,-1,345,344,346,-1,345,346,347,-1,347,346,348,-1,347,348,349,-1,349,348,350,-1,349,350,351,-1,351,350,352,-1,351,352,353,-1,353,352,354,-1,353,354,355,-1,355,354,356,-1,355,356,357,-1,357,356,358,-1,357,358,359,-1,360,359,361,-1,361,359,358,-1,362,360,363,-1,363,360,361,-1,364,362,365,-1,365,362,363,-1,245,364,247,-1,247,364,365,-1,245,244,269,-1,269,244,248,-1,332,334,359,-1,326,297,325,-1,325,297,298,-1,245,269,364,-1,364,269,270,-1,364,270,362,-1,274,276,328,-1,328,276,278,-1,328,278,326,-1,263,265,267,-1,345,359,343,-1,343,359,341,-1,334,337,359,-1,359,337,339,-1,359,339,341,-1,345,347,359,-1,359,347,349,-1,359,349,351,-1,351,353,359,-1,359,353,355,-1,359,355,357,-1,315,317,325,-1,325,317,319,-1,325,319,323,-1,323,319,321,-1,359,360,332,-1,332,360,362,-1,332,362,330,-1,330,362,270,-1,330,270,328,-1,328,270,272,-1,328,272,274,-1,278,280,326,-1,326,280,282,-1,326,282,284,-1,248,251,269,-1,269,251,253,-1,269,253,255,-1,255,257,269,-1,269,257,259,-1,269,259,267,-1,267,259,261,-1,267,261,263,-1,301,309,298,-1,298,309,311,-1,298,311,325,-1,325,311,312,-1,325,312,315,-1,301,303,309,-1,309,303,305,-1,309,305,307,-1,284,287,326,-1,326,287,289,-1,326,289,291,-1,291,293,326,-1,326,293,295,-1,326,295,297,-1,249,246,247,-1,365,273,271,-1,254,252,250,-1,283,281,327,-1,354,352,344,-1,264,262,249,-1,327,281,329,-1,281,279,329,-1,329,279,277,-1,329,277,275,-1,322,320,318,-1,342,340,358,-1,358,340,338,-1,365,271,247,-1,247,271,268,-1,247,268,249,-1,249,268,266,-1,249,266,264,-1,262,260,249,-1,249,260,258,-1,249,258,250,-1,250,258,256,-1,250,256,254,-1,322,318,324,-1,324,318,316,-1,324,316,314,-1,342,358,344,-1,344,358,356,-1,344,356,354,-1,352,350,344,-1,344,350,348,-1,344,348,346,-1,275,273,329,-1,329,273,365,-1,329,365,331,-1,331,365,363,-1,331,363,333,-1,333,363,361,-1,333,361,335,-1,335,361,358,-1,335,358,336,-1,336,358,338,-1,302,308,304,-1,304,308,306,-1,313,310,299,-1,299,310,308,-1,299,308,300,-1,300,308,302,-1,314,313,324,-1,324,313,299,-1,324,299,327,-1,327,299,296,-1,327,296,294,-1,288,286,327,-1,327,286,285,-1,327,285,283,-1,294,292,327,-1,327,292,290,-1,327,290,288,-1,366,367,368,-1,368,367,369,-1,370,366,371,-1,371,366,368,-1,370,371,372,-1,370,372,373,-1,373,372,374,-1,373,374,375,-1,375,374,376,-1,375,376,377,-1,377,376,378,-1,377,378,379,-1,379,378,380,-1,379,380,381,-1,381,380,382,-1,381,382,383,-1,383,382,384,-1,383,384,385,-1,385,384,386,-1,385,386,387,-1,387,386,388,-1,387,388,389,-1,389,388,390,-1,389,390,391,-1,392,391,393,-1,393,391,390,-1,392,393,394,-1,394,393,395,-1,394,395,396,-1,396,395,397,-1,396,397,398,-1,398,397,399,-1,398,399,400,-1,400,399,401,-1,400,401,402,-1,402,401,403,-1,402,403,404,-1,404,403,405,-1,406,404,407,-1,407,404,405,-1,406,407,408,-1,406,408,409,-1,409,408,410,-1,409,410,411,-1,411,410,412,-1,411,412,413,-1,413,412,414,-1,413,414,415,-1,415,414,416,-1,415,416,417,-1,417,416,418,-1,417,418,419,-1,420,419,421,-1,421,419,418,-1,420,421,422,-1,420,422,423,-1,423,422,424,-1,423,424,425,-1,425,424,426,-1,425,426,427,-1,427,426,428,-1,427,428,429,-1,429,428,430,-1,429,430,431,-1,431,430,432,-1,431,432,433,-1,434,433,435,-1,435,433,432,-1,434,435,436,-1,434,436,437,-1,437,436,438,-1,437,438,439,-1,439,438,440,-1,439,440,441,-1,441,440,442,-1,441,442,443,-1,443,442,444,-1,443,444,445,-1,445,444,446,-1,445,446,447,-1,448,447,449,-1,449,447,446,-1,450,448,451,-1,451,448,449,-1,452,450,453,-1,453,450,451,-1,454,452,455,-1,455,452,453,-1,456,454,457,-1,457,454,455,-1,456,457,458,-1,456,458,459,-1,459,458,460,-1,459,460,461,-1,461,460,462,-1,461,462,463,-1,463,462,464,-1,463,464,465,-1,465,464,466,-1,465,466,467,-1,467,466,468,-1,467,468,469,-1,469,468,470,-1,469,470,471,-1,471,470,472,-1,471,472,473,-1,473,472,474,-1,473,474,475,-1,475,474,476,-1,475,476,477,-1,477,476,478,-1,477,478,479,-1,479,478,480,-1,479,480,481,-1,482,481,483,-1,483,481,480,-1,484,482,485,-1,485,482,483,-1,486,484,487,-1,487,484,485,-1,367,486,369,-1,369,486,487,-1,367,366,391,-1,391,366,370,-1,454,456,481,-1,448,419,447,-1,447,419,420,-1,367,391,486,-1,486,391,392,-1,486,392,484,-1,396,398,450,-1,450,398,400,-1,450,400,448,-1,385,387,389,-1,467,481,465,-1,465,481,463,-1,456,459,481,-1,481,459,461,-1,481,461,463,-1,467,469,481,-1,481,469,471,-1,481,471,473,-1,473,475,481,-1,481,475,477,-1,481,477,479,-1,437,439,447,-1,447,439,441,-1,447,441,445,-1,445,441,443,-1,481,482,454,-1,454,482,484,-1,454,484,452,-1,452,484,392,-1,452,392,450,-1,450,392,394,-1,450,394,396,-1,400,402,448,-1,448,402,404,-1,448,404,406,-1,370,373,391,-1,391,373,375,-1,391,375,377,-1,377,379,391,-1,391,379,381,-1,391,381,389,-1,389,381,383,-1,389,383,385,-1,423,431,420,-1,420,431,433,-1,420,433,447,-1,447,433,434,-1,447,434,437,-1,423,425,431,-1,431,425,427,-1,431,427,429,-1,406,409,448,-1,448,409,411,-1,448,411,413,-1,413,415,448,-1,448,415,417,-1,448,417,419,-1,371,368,369,-1,487,395,393,-1,376,374,372,-1,405,403,449,-1,476,474,466,-1,386,384,371,-1,449,403,451,-1,403,401,451,-1,451,401,399,-1,451,399,397,-1,444,442,440,-1,464,462,480,-1,480,462,460,-1,487,393,369,-1,369,393,390,-1,369,390,371,-1,371,390,388,-1,371,388,386,-1,384,382,371,-1,371,382,380,-1,371,380,372,-1,372,380,378,-1,372,378,376,-1,444,440,446,-1,446,440,438,-1,446,438,436,-1,464,480,466,-1,466,480,478,-1,466,478,476,-1,474,472,466,-1,466,472,470,-1,466,470,468,-1,397,395,451,-1,451,395,487,-1,451,487,453,-1,453,487,485,-1,453,485,455,-1,455,485,483,-1,455,483,457,-1,457,483,480,-1,457,480,458,-1,458,480,460,-1,424,430,426,-1,426,430,428,-1,435,432,421,-1,421,432,430,-1,421,430,422,-1,422,430,424,-1,436,435,446,-1,446,435,421,-1,446,421,449,-1,449,421,418,-1,449,418,416,-1,410,408,449,-1,449,408,407,-1,449,407,405,-1,416,414,449,-1,449,414,412,-1,449,412,410,-1,488,489,490,-1,490,489,491,-1,492,488,493,-1,493,488,490,-1,492,493,494,-1,492,494,495,-1,495,494,496,-1,495,496,497,-1,497,496,498,-1,497,498,499,-1,499,498,500,-1,499,500,501,-1,501,500,502,-1,501,502,503,-1,503,502,504,-1,503,504,505,-1,505,504,506,-1,505,506,507,-1,507,506,508,-1,507,508,509,-1,509,508,510,-1,509,510,511,-1,511,510,512,-1,511,512,513,-1,514,513,515,-1,515,513,512,-1,514,515,516,-1,516,515,517,-1,516,517,518,-1,518,517,519,-1,518,519,520,-1,520,519,521,-1,520,521,522,-1,522,521,523,-1,522,523,524,-1,524,523,525,-1,524,525,526,-1,526,525,527,-1,528,526,529,-1,529,526,527,-1,528,529,530,-1,528,530,531,-1,531,530,532,-1,531,532,533,-1,533,532,534,-1,533,534,535,-1,535,534,536,-1,535,536,537,-1,537,536,538,-1,537,538,539,-1,539,538,540,-1,539,540,541,-1,542,541,543,-1,543,541,540,-1,542,543,544,-1,542,544,545,-1,545,544,546,-1,545,546,547,-1,547,546,548,-1,547,548,549,-1,549,548,550,-1,549,550,551,-1,551,550,552,-1,551,552,553,-1,553,552,554,-1,553,554,555,-1,556,555,557,-1,557,555,554,-1,556,557,558,-1,556,558,559,-1,559,558,560,-1,559,560,561,-1,561,560,562,-1,561,562,563,-1,563,562,564,-1,563,564,565,-1,565,564,566,-1,565,566,567,-1,567,566,568,-1,567,568,569,-1,570,569,571,-1,571,569,568,-1,572,570,573,-1,573,570,571,-1,574,572,575,-1,575,572,573,-1,576,574,577,-1,577,574,575,-1,578,576,579,-1,579,576,577,-1,578,579,580,-1,578,580,581,-1,581,580,582,-1,581,582,583,-1,583,582,584,-1,583,584,585,-1,585,584,586,-1,585,586,587,-1,587,586,588,-1,587,588,589,-1,589,588,590,-1,589,590,591,-1,591,590,592,-1,591,592,593,-1,593,592,594,-1,593,594,595,-1,595,594,596,-1,595,596,597,-1,597,596,598,-1,597,598,599,-1,599,598,600,-1,599,600,601,-1,601,600,602,-1,601,602,603,-1,604,603,605,-1,605,603,602,-1,606,604,607,-1,607,604,605,-1,608,606,609,-1,609,606,607,-1,489,608,491,-1,491,608,609,-1,489,488,513,-1,513,488,492,-1,576,578,603,-1,570,541,569,-1,569,541,542,-1,489,513,608,-1,608,513,514,-1,608,514,606,-1,518,520,572,-1,572,520,522,-1,572,522,570,-1,507,509,511,-1,589,603,587,-1,587,603,585,-1,578,581,603,-1,603,581,583,-1,603,583,585,-1,589,591,603,-1,603,591,593,-1,603,593,595,-1,595,597,603,-1,603,597,599,-1,603,599,601,-1,559,561,569,-1,569,561,563,-1,569,563,567,-1,567,563,565,-1,603,604,576,-1,576,604,606,-1,576,606,574,-1,574,606,514,-1,574,514,572,-1,572,514,516,-1,572,516,518,-1,522,524,570,-1,570,524,526,-1,570,526,528,-1,492,495,513,-1,513,495,497,-1,513,497,499,-1,499,501,513,-1,513,501,503,-1,513,503,511,-1,511,503,505,-1,511,505,507,-1,545,553,542,-1,542,553,555,-1,542,555,569,-1,569,555,556,-1,569,556,559,-1,545,547,553,-1,553,547,549,-1,553,549,551,-1,528,531,570,-1,570,531,533,-1,570,533,535,-1,535,537,570,-1,570,537,539,-1,570,539,541,-1,493,490,491,-1,609,517,515,-1,498,496,494,-1,527,525,571,-1,598,596,588,-1,508,506,493,-1,571,525,573,-1,525,523,573,-1,573,523,521,-1,573,521,519,-1,566,564,562,-1,586,584,602,-1,602,584,582,-1,609,515,491,-1,491,515,512,-1,491,512,493,-1,493,512,510,-1,493,510,508,-1,506,504,493,-1,493,504,502,-1,493,502,494,-1,494,502,500,-1,494,500,498,-1,566,562,568,-1,568,562,560,-1,568,560,558,-1,586,602,588,-1,588,602,600,-1,588,600,598,-1,596,594,588,-1,588,594,592,-1,588,592,590,-1,519,517,573,-1,573,517,609,-1,573,609,575,-1,575,609,607,-1,575,607,577,-1,577,607,605,-1,577,605,579,-1,579,605,602,-1,579,602,580,-1,580,602,582,-1,546,552,548,-1,548,552,550,-1,557,554,543,-1,543,554,552,-1,543,552,544,-1,544,552,546,-1,558,557,568,-1,568,557,543,-1,568,543,571,-1,571,543,540,-1,571,540,538,-1,532,530,571,-1,571,530,529,-1,571,529,527,-1,538,536,571,-1,571,536,534,-1,571,534,532,-1,610,611,612,-1,612,611,613,-1,614,610,615,-1,615,610,612,-1,614,615,616,-1,614,616,617,-1,617,616,618,-1,617,618,619,-1,619,618,620,-1,619,620,621,-1,621,620,622,-1,621,622,623,-1,623,622,624,-1,623,624,625,-1,625,624,626,-1,625,626,627,-1,627,626,628,-1,627,628,629,-1,629,628,630,-1,629,630,631,-1,631,630,632,-1,631,632,633,-1,633,632,634,-1,633,634,635,-1,636,635,637,-1,637,635,634,-1,636,637,638,-1,638,637,639,-1,638,639,640,-1,640,639,641,-1,640,641,642,-1,642,641,643,-1,642,643,644,-1,644,643,645,-1,644,645,646,-1,646,645,647,-1,646,647,648,-1,648,647,649,-1,650,648,651,-1,651,648,649,-1,650,651,652,-1,650,652,653,-1,653,652,654,-1,653,654,655,-1,655,654,656,-1,655,656,657,-1,657,656,658,-1,657,658,659,-1,659,658,660,-1,659,660,661,-1,661,660,662,-1,661,662,663,-1,664,663,665,-1,665,663,662,-1,664,665,666,-1,664,666,667,-1,667,666,668,-1,667,668,669,-1,669,668,670,-1,669,670,671,-1,671,670,672,-1,671,672,673,-1,673,672,674,-1,673,674,675,-1,675,674,676,-1,675,676,677,-1,678,677,679,-1,679,677,676,-1,678,679,680,-1,678,680,681,-1,681,680,682,-1,681,682,683,-1,683,682,684,-1,683,684,685,-1,685,684,686,-1,685,686,687,-1,687,686,688,-1,687,688,689,-1,689,688,690,-1,689,690,691,-1,692,691,693,-1,693,691,690,-1,694,692,695,-1,695,692,693,-1,696,694,697,-1,697,694,695,-1,698,696,699,-1,699,696,697,-1,700,698,701,-1,701,698,699,-1,700,701,702,-1,700,702,703,-1,703,702,704,-1,703,704,705,-1,705,704,706,-1,705,706,707,-1,707,706,708,-1,707,708,709,-1,709,708,710,-1,709,710,711,-1,711,710,712,-1,711,712,713,-1,713,712,714,-1,713,714,715,-1,715,714,716,-1,715,716,717,-1,717,716,718,-1,717,718,719,-1,719,718,720,-1,719,720,721,-1,721,720,722,-1,721,722,723,-1,723,722,724,-1,723,724,725,-1,726,725,727,-1,727,725,724,-1,728,726,729,-1,729,726,727,-1,730,728,731,-1,731,728,729,-1,611,730,613,-1,613,730,731,-1,611,610,635,-1,635,610,614,-1,698,700,725,-1,692,663,691,-1,691,663,664,-1,611,635,730,-1,730,635,636,-1,730,636,728,-1,640,642,694,-1,694,642,644,-1,694,644,692,-1,629,631,633,-1,711,725,709,-1,709,725,707,-1,700,703,725,-1,725,703,705,-1,725,705,707,-1,711,713,725,-1,725,713,715,-1,725,715,717,-1,717,719,725,-1,725,719,721,-1,725,721,723,-1,681,683,691,-1,691,683,685,-1,691,685,689,-1,689,685,687,-1,725,726,698,-1,698,726,728,-1,698,728,696,-1,696,728,636,-1,696,636,694,-1,694,636,638,-1,694,638,640,-1,644,646,692,-1,692,646,648,-1,692,648,650,-1,614,617,635,-1,635,617,619,-1,635,619,621,-1,621,623,635,-1,635,623,625,-1,635,625,633,-1,633,625,627,-1,633,627,629,-1,667,675,664,-1,664,675,677,-1,664,677,691,-1,691,677,678,-1,691,678,681,-1,667,669,675,-1,675,669,671,-1,675,671,673,-1,650,653,692,-1,692,653,655,-1,692,655,657,-1,657,659,692,-1,692,659,661,-1,692,661,663,-1,615,612,613,-1,731,639,637,-1,620,618,616,-1,649,647,693,-1,720,718,710,-1,630,628,615,-1,693,647,695,-1,647,645,695,-1,695,645,643,-1,695,643,641,-1,688,686,684,-1,708,706,724,-1,724,706,704,-1,731,637,613,-1,613,637,634,-1,613,634,615,-1,615,634,632,-1,615,632,630,-1,628,626,615,-1,615,626,624,-1,615,624,616,-1,616,624,622,-1,616,622,620,-1,688,684,690,-1,690,684,682,-1,690,682,680,-1,708,724,710,-1,710,724,722,-1,710,722,720,-1,718,716,710,-1,710,716,714,-1,710,714,712,-1,641,639,695,-1,695,639,731,-1,695,731,697,-1,697,731,729,-1,697,729,699,-1,699,729,727,-1,699,727,701,-1,701,727,724,-1,701,724,702,-1,702,724,704,-1,668,674,670,-1,670,674,672,-1,679,676,665,-1,665,676,674,-1,665,674,666,-1,666,674,668,-1,680,679,690,-1,690,679,665,-1,690,665,693,-1,693,665,662,-1,693,662,660,-1,654,652,693,-1,693,652,651,-1,693,651,649,-1,660,658,693,-1,693,658,656,-1,693,656,654,-1,732,733,734,-1,734,733,735,-1,736,732,737,-1,737,732,734,-1,736,737,738,-1,736,738,739,-1,739,738,740,-1,739,740,741,-1,741,740,742,-1,741,742,743,-1,743,742,744,-1,743,744,745,-1,745,744,746,-1,745,746,747,-1,747,746,748,-1,747,748,749,-1,749,748,750,-1,749,750,751,-1,751,750,752,-1,751,752,753,-1,753,752,754,-1,753,754,755,-1,755,754,756,-1,755,756,757,-1,758,757,759,-1,759,757,756,-1,758,759,760,-1,760,759,761,-1,760,761,762,-1,762,761,763,-1,762,763,764,-1,764,763,765,-1,764,765,766,-1,766,765,767,-1,766,767,768,-1,768,767,769,-1,768,769,770,-1,770,769,771,-1,772,770,773,-1,773,770,771,-1,772,773,774,-1,772,774,775,-1,775,774,776,-1,775,776,777,-1,777,776,778,-1,777,778,779,-1,779,778,780,-1,779,780,781,-1,781,780,782,-1,781,782,783,-1,783,782,784,-1,783,784,785,-1,786,785,787,-1,787,785,784,-1,786,787,788,-1,786,788,789,-1,789,788,790,-1,789,790,791,-1,791,790,792,-1,791,792,793,-1,793,792,794,-1,793,794,795,-1,795,794,796,-1,795,796,797,-1,797,796,798,-1,797,798,799,-1,800,799,801,-1,801,799,798,-1,800,801,802,-1,800,802,803,-1,803,802,804,-1,803,804,805,-1,805,804,806,-1,805,806,807,-1,807,806,808,-1,807,808,809,-1,809,808,810,-1,809,810,811,-1,811,810,812,-1,811,812,813,-1,814,813,815,-1,815,813,812,-1,816,814,817,-1,817,814,815,-1,818,816,819,-1,819,816,817,-1,820,818,821,-1,821,818,819,-1,822,820,823,-1,823,820,821,-1,822,823,824,-1,822,824,825,-1,825,824,826,-1,825,826,827,-1,827,826,828,-1,827,828,829,-1,829,828,830,-1,829,830,831,-1,831,830,832,-1,831,832,833,-1,833,832,834,-1,833,834,835,-1,835,834,836,-1,835,836,837,-1,837,836,838,-1,837,838,839,-1,839,838,840,-1,839,840,841,-1,841,840,842,-1,841,842,843,-1,843,842,844,-1,843,844,845,-1,845,844,846,-1,845,846,847,-1,848,847,849,-1,849,847,846,-1,850,848,851,-1,851,848,849,-1,852,850,853,-1,853,850,851,-1,733,852,735,-1,735,852,853,-1,820,822,847,-1,757,758,852,-1,814,785,813,-1,813,785,786,-1,852,758,850,-1,852,733,757,-1,757,733,732,-1,757,732,736,-1,833,847,831,-1,831,847,829,-1,822,825,847,-1,847,825,827,-1,847,827,829,-1,833,835,847,-1,847,835,837,-1,847,837,839,-1,839,841,847,-1,847,841,843,-1,847,843,845,-1,762,764,816,-1,816,764,766,-1,816,766,814,-1,751,753,755,-1,803,805,813,-1,813,805,807,-1,813,807,811,-1,811,807,809,-1,847,848,820,-1,820,848,850,-1,820,850,818,-1,818,850,758,-1,818,758,816,-1,816,758,760,-1,816,760,762,-1,789,797,786,-1,786,797,799,-1,786,799,813,-1,813,799,800,-1,813,800,803,-1,789,791,797,-1,797,791,793,-1,797,793,795,-1,766,768,814,-1,814,768,770,-1,814,770,772,-1,736,739,757,-1,757,739,741,-1,757,741,743,-1,743,745,757,-1,757,745,747,-1,757,747,755,-1,755,747,749,-1,755,749,751,-1,772,775,814,-1,814,775,777,-1,814,777,779,-1,779,781,814,-1,814,781,783,-1,814,783,785,-1,737,734,735,-1,853,761,759,-1,742,740,738,-1,771,769,815,-1,842,840,832,-1,752,750,737,-1,815,769,817,-1,769,767,817,-1,817,767,765,-1,817,765,763,-1,810,808,806,-1,830,828,846,-1,846,828,826,-1,853,759,735,-1,735,759,756,-1,735,756,737,-1,737,756,754,-1,737,754,752,-1,750,748,737,-1,737,748,746,-1,737,746,738,-1,738,746,744,-1,738,744,742,-1,810,806,812,-1,812,806,804,-1,812,804,802,-1,830,846,832,-1,832,846,844,-1,832,844,842,-1,840,838,832,-1,832,838,836,-1,832,836,834,-1,763,761,817,-1,817,761,853,-1,817,853,819,-1,819,853,851,-1,819,851,821,-1,821,851,849,-1,821,849,823,-1,823,849,846,-1,823,846,824,-1,824,846,826,-1,790,796,792,-1,792,796,794,-1,801,798,787,-1,787,798,796,-1,787,796,788,-1,788,796,790,-1,802,801,812,-1,812,801,787,-1,812,787,815,-1,815,787,784,-1,815,784,782,-1,776,774,815,-1,815,774,773,-1,815,773,771,-1,782,780,815,-1,815,780,778,-1,815,778,776,-1,854,855,856,-1,856,855,857,-1,858,854,859,-1,859,854,856,-1,858,859,860,-1,858,860,861,-1,861,860,862,-1,861,862,863,-1,863,862,864,-1,863,864,865,-1,865,864,866,-1,865,866,867,-1,867,866,868,-1,867,868,869,-1,869,868,870,-1,869,870,871,-1,871,870,872,-1,871,872,873,-1,873,872,874,-1,873,874,875,-1,875,874,876,-1,875,876,877,-1,877,876,878,-1,877,878,879,-1,880,879,881,-1,881,879,878,-1,880,881,882,-1,882,881,883,-1,882,883,884,-1,884,883,885,-1,884,885,886,-1,886,885,887,-1,886,887,888,-1,888,887,889,-1,888,889,890,-1,890,889,891,-1,890,891,892,-1,892,891,893,-1,894,892,895,-1,895,892,893,-1,894,895,896,-1,894,896,897,-1,897,896,898,-1,897,898,899,-1,899,898,900,-1,899,900,901,-1,901,900,902,-1,901,902,903,-1,903,902,904,-1,903,904,905,-1,905,904,906,-1,905,906,907,-1,908,907,909,-1,909,907,906,-1,908,909,910,-1,908,910,911,-1,911,910,912,-1,911,912,913,-1,913,912,914,-1,913,914,915,-1,915,914,916,-1,915,916,917,-1,917,916,918,-1,917,918,919,-1,919,918,920,-1,919,920,921,-1,922,921,923,-1,923,921,920,-1,922,923,924,-1,922,924,925,-1,925,924,926,-1,925,926,927,-1,927,926,928,-1,927,928,929,-1,929,928,930,-1,929,930,931,-1,931,930,932,-1,931,932,933,-1,933,932,934,-1,933,934,935,-1,936,935,937,-1,937,935,934,-1,938,936,939,-1,939,936,937,-1,940,938,941,-1,941,938,939,-1,942,940,943,-1,943,940,941,-1,944,942,945,-1,945,942,943,-1,944,945,946,-1,944,946,947,-1,947,946,948,-1,947,948,949,-1,949,948,950,-1,949,950,951,-1,951,950,952,-1,951,952,953,-1,953,952,954,-1,953,954,955,-1,955,954,956,-1,955,956,957,-1,957,956,958,-1,957,958,959,-1,959,958,960,-1,959,960,961,-1,961,960,962,-1,961,962,963,-1,963,962,964,-1,963,964,965,-1,965,964,966,-1,965,966,967,-1,967,966,968,-1,967,968,969,-1,970,969,971,-1,971,969,968,-1,972,970,973,-1,973,970,971,-1,974,972,975,-1,975,972,973,-1,855,974,857,-1,857,974,975,-1,855,854,879,-1,879,854,858,-1,942,944,969,-1,936,907,935,-1,935,907,908,-1,855,879,974,-1,974,879,880,-1,974,880,972,-1,884,886,938,-1,938,886,888,-1,938,888,936,-1,873,875,877,-1,955,969,953,-1,953,969,951,-1,944,947,969,-1,969,947,949,-1,969,949,951,-1,955,957,969,-1,969,957,959,-1,969,959,961,-1,961,963,969,-1,969,963,965,-1,969,965,967,-1,925,927,935,-1,935,927,929,-1,935,929,933,-1,933,929,931,-1,969,970,942,-1,942,970,972,-1,942,972,940,-1,940,972,880,-1,940,880,938,-1,938,880,882,-1,938,882,884,-1,888,890,936,-1,936,890,892,-1,936,892,894,-1,858,861,879,-1,879,861,863,-1,879,863,865,-1,865,867,879,-1,879,867,869,-1,879,869,877,-1,877,869,871,-1,877,871,873,-1,911,919,908,-1,908,919,921,-1,908,921,935,-1,935,921,922,-1,935,922,925,-1,911,913,919,-1,919,913,915,-1,919,915,917,-1,894,897,936,-1,936,897,899,-1,936,899,901,-1,901,903,936,-1,936,903,905,-1,936,905,907,-1,859,856,857,-1,975,883,881,-1,864,862,860,-1,893,891,937,-1,964,962,954,-1,874,872,859,-1,937,891,939,-1,891,889,939,-1,939,889,887,-1,939,887,885,-1,932,930,928,-1,952,950,968,-1,968,950,948,-1,975,881,857,-1,857,881,878,-1,857,878,859,-1,859,878,876,-1,859,876,874,-1,872,870,859,-1,859,870,868,-1,859,868,860,-1,860,868,866,-1,860,866,864,-1,932,928,934,-1,934,928,926,-1,934,926,924,-1,952,968,954,-1,954,968,966,-1,954,966,964,-1,962,960,954,-1,954,960,958,-1,954,958,956,-1,885,883,939,-1,939,883,975,-1,939,975,941,-1,941,975,973,-1,941,973,943,-1,943,973,971,-1,943,971,945,-1,945,971,968,-1,945,968,946,-1,946,968,948,-1,912,918,914,-1,914,918,916,-1,923,920,909,-1,909,920,918,-1,909,918,910,-1,910,918,912,-1,924,923,934,-1,934,923,909,-1,934,909,937,-1,937,909,906,-1,937,906,904,-1,898,896,937,-1,937,896,895,-1,937,895,893,-1,904,902,937,-1,937,902,900,-1,937,900,898,-1,976,977,978,-1,978,977,979,-1,980,976,981,-1,981,976,978,-1,980,981,982,-1,980,982,983,-1,983,982,984,-1,983,984,985,-1,985,984,986,-1,985,986,987,-1,987,986,988,-1,987,988,989,-1,989,988,990,-1,989,990,991,-1,991,990,992,-1,991,992,993,-1,993,992,994,-1,993,994,995,-1,995,994,996,-1,995,996,997,-1,997,996,998,-1,997,998,999,-1,999,998,1000,-1,999,1000,1001,-1,1002,1001,1003,-1,1003,1001,1000,-1,1002,1003,1004,-1,1004,1003,1005,-1,1004,1005,1006,-1,1006,1005,1007,-1,1006,1007,1008,-1,1008,1007,1009,-1,1008,1009,1010,-1,1010,1009,1011,-1,1010,1011,1012,-1,1012,1011,1013,-1,1012,1013,1014,-1,1014,1013,1015,-1,1016,1014,1017,-1,1017,1014,1015,-1,1016,1017,1018,-1,1016,1018,1019,-1,1019,1018,1020,-1,1019,1020,1021,-1,1021,1020,1022,-1,1021,1022,1023,-1,1023,1022,1024,-1,1023,1024,1025,-1,1025,1024,1026,-1,1025,1026,1027,-1,1027,1026,1028,-1,1027,1028,1029,-1,1030,1029,1031,-1,1031,1029,1028,-1,1030,1031,1032,-1,1030,1032,1033,-1,1033,1032,1034,-1,1033,1034,1035,-1,1035,1034,1036,-1,1035,1036,1037,-1,1037,1036,1038,-1,1037,1038,1039,-1,1039,1038,1040,-1,1039,1040,1041,-1,1041,1040,1042,-1,1041,1042,1043,-1,1044,1043,1045,-1,1045,1043,1042,-1,1044,1045,1046,-1,1044,1046,1047,-1,1047,1046,1048,-1,1047,1048,1049,-1,1049,1048,1050,-1,1049,1050,1051,-1,1051,1050,1052,-1,1051,1052,1053,-1,1053,1052,1054,-1,1053,1054,1055,-1,1055,1054,1056,-1,1055,1056,1057,-1,1058,1057,1059,-1,1059,1057,1056,-1,1060,1058,1061,-1,1061,1058,1059,-1,1062,1060,1063,-1,1063,1060,1061,-1,1064,1062,1065,-1,1065,1062,1063,-1,1066,1064,1067,-1,1067,1064,1065,-1,1066,1067,1068,-1,1066,1068,1069,-1,1069,1068,1070,-1,1069,1070,1071,-1,1071,1070,1072,-1,1071,1072,1073,-1,1073,1072,1074,-1,1073,1074,1075,-1,1075,1074,1076,-1,1075,1076,1077,-1,1077,1076,1078,-1,1077,1078,1079,-1,1079,1078,1080,-1,1079,1080,1081,-1,1081,1080,1082,-1,1081,1082,1083,-1,1083,1082,1084,-1,1083,1084,1085,-1,1085,1084,1086,-1,1085,1086,1087,-1,1087,1086,1088,-1,1087,1088,1089,-1,1089,1088,1090,-1,1089,1090,1091,-1,1092,1091,1093,-1,1093,1091,1090,-1,1094,1092,1095,-1,1095,1092,1093,-1,1096,1094,1097,-1,1097,1094,1095,-1,977,1096,979,-1,979,1096,1097,-1,977,976,1001,-1,1001,976,980,-1,1064,1066,1091,-1,1058,1029,1057,-1,1057,1029,1030,-1,977,1001,1096,-1,1096,1001,1002,-1,1096,1002,1094,-1,1006,1008,1060,-1,1060,1008,1010,-1,1060,1010,1058,-1,995,997,999,-1,1077,1091,1075,-1,1075,1091,1073,-1,1066,1069,1091,-1,1091,1069,1071,-1,1091,1071,1073,-1,1077,1079,1091,-1,1091,1079,1081,-1,1091,1081,1083,-1,1083,1085,1091,-1,1091,1085,1087,-1,1091,1087,1089,-1,1047,1049,1057,-1,1057,1049,1051,-1,1057,1051,1055,-1,1055,1051,1053,-1,1091,1092,1064,-1,1064,1092,1094,-1,1064,1094,1062,-1,1062,1094,1002,-1,1062,1002,1060,-1,1060,1002,1004,-1,1060,1004,1006,-1,1010,1012,1058,-1,1058,1012,1014,-1,1058,1014,1016,-1,980,983,1001,-1,1001,983,985,-1,1001,985,987,-1,987,989,1001,-1,1001,989,991,-1,1001,991,999,-1,999,991,993,-1,999,993,995,-1,1033,1041,1030,-1,1030,1041,1043,-1,1030,1043,1057,-1,1057,1043,1044,-1,1057,1044,1047,-1,1033,1035,1041,-1,1041,1035,1037,-1,1041,1037,1039,-1,1016,1019,1058,-1,1058,1019,1021,-1,1058,1021,1023,-1,1023,1025,1058,-1,1058,1025,1027,-1,1058,1027,1029,-1,981,978,979,-1,1097,1005,1003,-1,986,984,982,-1,1015,1013,1059,-1,1086,1084,1076,-1,996,994,981,-1,1059,1013,1061,-1,1013,1011,1061,-1,1061,1011,1009,-1,1061,1009,1007,-1,1054,1052,1050,-1,1074,1072,1090,-1,1090,1072,1070,-1,1097,1003,979,-1,979,1003,1000,-1,979,1000,981,-1,981,1000,998,-1,981,998,996,-1,994,992,981,-1,981,992,990,-1,981,990,982,-1,982,990,988,-1,982,988,986,-1,1054,1050,1056,-1,1056,1050,1048,-1,1056,1048,1046,-1,1074,1090,1076,-1,1076,1090,1088,-1,1076,1088,1086,-1,1084,1082,1076,-1,1076,1082,1080,-1,1076,1080,1078,-1,1007,1005,1061,-1,1061,1005,1097,-1,1061,1097,1063,-1,1063,1097,1095,-1,1063,1095,1065,-1,1065,1095,1093,-1,1065,1093,1067,-1,1067,1093,1090,-1,1067,1090,1068,-1,1068,1090,1070,-1,1034,1040,1036,-1,1036,1040,1038,-1,1045,1042,1031,-1,1031,1042,1040,-1,1031,1040,1032,-1,1032,1040,1034,-1,1046,1045,1056,-1,1056,1045,1031,-1,1056,1031,1059,-1,1059,1031,1028,-1,1059,1028,1026,-1,1020,1018,1059,-1,1059,1018,1017,-1,1059,1017,1015,-1,1026,1024,1059,-1,1059,1024,1022,-1,1059,1022,1020,-1,1098,1099,1100,-1,1100,1099,1101,-1,1102,1098,1103,-1,1103,1098,1100,-1,1102,1103,1104,-1,1102,1104,1105,-1,1105,1104,1106,-1,1105,1106,1107,-1,1107,1106,1108,-1,1107,1108,1109,-1,1109,1108,1110,-1,1109,1110,1111,-1,1111,1110,1112,-1,1111,1112,1113,-1,1113,1112,1114,-1,1113,1114,1115,-1,1115,1114,1116,-1,1115,1116,1117,-1,1117,1116,1118,-1,1117,1118,1119,-1,1119,1118,1120,-1,1119,1120,1121,-1,1121,1120,1122,-1,1121,1122,1123,-1,1124,1123,1125,-1,1125,1123,1122,-1,1124,1125,1126,-1,1126,1125,1127,-1,1126,1127,1128,-1,1128,1127,1129,-1,1128,1129,1130,-1,1130,1129,1131,-1,1130,1131,1132,-1,1132,1131,1133,-1,1132,1133,1134,-1,1134,1133,1135,-1,1134,1135,1136,-1,1136,1135,1137,-1,1138,1136,1139,-1,1139,1136,1137,-1,1138,1139,1140,-1,1138,1140,1141,-1,1141,1140,1142,-1,1141,1142,1143,-1,1143,1142,1144,-1,1143,1144,1145,-1,1145,1144,1146,-1,1145,1146,1147,-1,1147,1146,1148,-1,1147,1148,1149,-1,1149,1148,1150,-1,1149,1150,1151,-1,1152,1151,1153,-1,1153,1151,1150,-1,1152,1153,1154,-1,1152,1154,1155,-1,1155,1154,1156,-1,1155,1156,1157,-1,1157,1156,1158,-1,1157,1158,1159,-1,1159,1158,1160,-1,1159,1160,1161,-1,1161,1160,1162,-1,1161,1162,1163,-1,1163,1162,1164,-1,1163,1164,1165,-1,1166,1165,1167,-1,1167,1165,1164,-1,1166,1167,1168,-1,1166,1168,1169,-1,1169,1168,1170,-1,1169,1170,1171,-1,1171,1170,1172,-1,1171,1172,1173,-1,1173,1172,1174,-1,1173,1174,1175,-1,1175,1174,1176,-1,1175,1176,1177,-1,1177,1176,1178,-1,1177,1178,1179,-1,1180,1179,1181,-1,1181,1179,1178,-1,1182,1180,1183,-1,1183,1180,1181,-1,1184,1182,1185,-1,1185,1182,1183,-1,1186,1184,1187,-1,1187,1184,1185,-1,1188,1186,1189,-1,1189,1186,1187,-1,1188,1189,1190,-1,1188,1190,1191,-1,1191,1190,1192,-1,1191,1192,1193,-1,1193,1192,1194,-1,1193,1194,1195,-1,1195,1194,1196,-1,1195,1196,1197,-1,1197,1196,1198,-1,1197,1198,1199,-1,1199,1198,1200,-1,1199,1200,1201,-1,1201,1200,1202,-1,1201,1202,1203,-1,1203,1202,1204,-1,1203,1204,1205,-1,1205,1204,1206,-1,1205,1206,1207,-1,1207,1206,1208,-1,1207,1208,1209,-1,1209,1208,1210,-1,1209,1210,1211,-1,1211,1210,1212,-1,1211,1212,1213,-1,1214,1213,1215,-1,1215,1213,1212,-1,1216,1214,1217,-1,1217,1214,1215,-1,1218,1216,1219,-1,1219,1216,1217,-1,1099,1218,1101,-1,1101,1218,1219,-1,1099,1098,1123,-1,1123,1098,1102,-1,1186,1188,1213,-1,1180,1151,1179,-1,1179,1151,1152,-1,1099,1123,1218,-1,1218,1123,1124,-1,1218,1124,1216,-1,1128,1130,1182,-1,1182,1130,1132,-1,1182,1132,1180,-1,1117,1119,1121,-1,1199,1213,1197,-1,1197,1213,1195,-1,1188,1191,1213,-1,1213,1191,1193,-1,1213,1193,1195,-1,1199,1201,1213,-1,1213,1201,1203,-1,1213,1203,1205,-1,1205,1207,1213,-1,1213,1207,1209,-1,1213,1209,1211,-1,1169,1171,1179,-1,1179,1171,1173,-1,1179,1173,1177,-1,1177,1173,1175,-1,1213,1214,1186,-1,1186,1214,1216,-1,1186,1216,1184,-1,1184,1216,1124,-1,1184,1124,1182,-1,1182,1124,1126,-1,1182,1126,1128,-1,1132,1134,1180,-1,1180,1134,1136,-1,1180,1136,1138,-1,1102,1105,1123,-1,1123,1105,1107,-1,1123,1107,1109,-1,1109,1111,1123,-1,1123,1111,1113,-1,1123,1113,1121,-1,1121,1113,1115,-1,1121,1115,1117,-1,1155,1163,1152,-1,1152,1163,1165,-1,1152,1165,1179,-1,1179,1165,1166,-1,1179,1166,1169,-1,1155,1157,1163,-1,1163,1157,1159,-1,1163,1159,1161,-1,1138,1141,1180,-1,1180,1141,1143,-1,1180,1143,1145,-1,1145,1147,1180,-1,1180,1147,1149,-1,1180,1149,1151,-1,1103,1100,1101,-1,1219,1127,1125,-1,1108,1106,1104,-1,1137,1135,1181,-1,1208,1206,1198,-1,1118,1116,1103,-1,1181,1135,1183,-1,1135,1133,1183,-1,1183,1133,1131,-1,1183,1131,1129,-1,1176,1174,1172,-1,1196,1194,1212,-1,1212,1194,1192,-1,1219,1125,1101,-1,1101,1125,1122,-1,1101,1122,1103,-1,1103,1122,1120,-1,1103,1120,1118,-1,1116,1114,1103,-1,1103,1114,1112,-1,1103,1112,1104,-1,1104,1112,1110,-1,1104,1110,1108,-1,1176,1172,1178,-1,1178,1172,1170,-1,1178,1170,1168,-1,1196,1212,1198,-1,1198,1212,1210,-1,1198,1210,1208,-1,1206,1204,1198,-1,1198,1204,1202,-1,1198,1202,1200,-1,1129,1127,1183,-1,1183,1127,1219,-1,1183,1219,1185,-1,1185,1219,1217,-1,1185,1217,1187,-1,1187,1217,1215,-1,1187,1215,1189,-1,1189,1215,1212,-1,1189,1212,1190,-1,1190,1212,1192,-1,1156,1162,1158,-1,1158,1162,1160,-1,1167,1164,1153,-1,1153,1164,1162,-1,1153,1162,1154,-1,1154,1162,1156,-1,1168,1167,1178,-1,1178,1167,1153,-1,1178,1153,1181,-1,1181,1153,1150,-1,1181,1150,1148,-1,1142,1140,1181,-1,1181,1140,1139,-1,1181,1139,1137,-1,1148,1146,1181,-1,1181,1146,1144,-1,1181,1144,1142,-1,1220,1221,1222,-1,1222,1221,1223,-1,1224,1220,1225,-1,1225,1220,1222,-1,1224,1225,1226,-1,1224,1226,1227,-1,1227,1226,1228,-1,1227,1228,1229,-1,1229,1228,1230,-1,1229,1230,1231,-1,1231,1230,1232,-1,1231,1232,1233,-1,1233,1232,1234,-1,1233,1234,1235,-1,1235,1234,1236,-1,1235,1236,1237,-1,1237,1236,1238,-1,1237,1238,1239,-1,1239,1238,1240,-1,1239,1240,1241,-1,1241,1240,1242,-1,1241,1242,1243,-1,1243,1242,1244,-1,1243,1244,1245,-1,1246,1245,1247,-1,1247,1245,1244,-1,1246,1247,1248,-1,1248,1247,1249,-1,1248,1249,1250,-1,1250,1249,1251,-1,1250,1251,1252,-1,1252,1251,1253,-1,1252,1253,1254,-1,1254,1253,1255,-1,1254,1255,1256,-1,1256,1255,1257,-1,1256,1257,1258,-1,1258,1257,1259,-1,1260,1258,1261,-1,1261,1258,1259,-1,1260,1261,1262,-1,1260,1262,1263,-1,1263,1262,1264,-1,1263,1264,1265,-1,1265,1264,1266,-1,1265,1266,1267,-1,1267,1266,1268,-1,1267,1268,1269,-1,1269,1268,1270,-1,1269,1270,1271,-1,1271,1270,1272,-1,1271,1272,1273,-1,1274,1273,1275,-1,1275,1273,1272,-1,1274,1275,1276,-1,1274,1276,1277,-1,1277,1276,1278,-1,1277,1278,1279,-1,1279,1278,1280,-1,1279,1280,1281,-1,1281,1280,1282,-1,1281,1282,1283,-1,1283,1282,1284,-1,1283,1284,1285,-1,1285,1284,1286,-1,1285,1286,1287,-1,1288,1287,1289,-1,1289,1287,1286,-1,1288,1289,1290,-1,1288,1290,1291,-1,1291,1290,1292,-1,1291,1292,1293,-1,1293,1292,1294,-1,1293,1294,1295,-1,1295,1294,1296,-1,1295,1296,1297,-1,1297,1296,1298,-1,1297,1298,1299,-1,1299,1298,1300,-1,1299,1300,1301,-1,1302,1301,1303,-1,1303,1301,1300,-1,1304,1302,1305,-1,1305,1302,1303,-1,1306,1304,1307,-1,1307,1304,1305,-1,1308,1306,1309,-1,1309,1306,1307,-1,1310,1308,1311,-1,1311,1308,1309,-1,1310,1311,1312,-1,1310,1312,1313,-1,1313,1312,1314,-1,1313,1314,1315,-1,1315,1314,1316,-1,1315,1316,1317,-1,1317,1316,1318,-1,1317,1318,1319,-1,1319,1318,1320,-1,1319,1320,1321,-1,1321,1320,1322,-1,1321,1322,1323,-1,1323,1322,1324,-1,1323,1324,1325,-1,1325,1324,1326,-1,1325,1326,1327,-1,1327,1326,1328,-1,1327,1328,1329,-1,1329,1328,1330,-1,1329,1330,1331,-1,1331,1330,1332,-1,1331,1332,1333,-1,1333,1332,1334,-1,1333,1334,1335,-1,1336,1335,1337,-1,1337,1335,1334,-1,1338,1336,1339,-1,1339,1336,1337,-1,1340,1338,1341,-1,1341,1338,1339,-1,1221,1340,1223,-1,1223,1340,1341,-1,1221,1220,1245,-1,1245,1220,1224,-1,1308,1310,1335,-1,1302,1273,1301,-1,1301,1273,1274,-1,1221,1245,1340,-1,1340,1245,1246,-1,1340,1246,1338,-1,1250,1252,1304,-1,1304,1252,1254,-1,1304,1254,1302,-1,1239,1241,1243,-1,1321,1335,1319,-1,1319,1335,1317,-1,1310,1313,1335,-1,1335,1313,1315,-1,1335,1315,1317,-1,1321,1323,1335,-1,1335,1323,1325,-1,1335,1325,1327,-1,1327,1329,1335,-1,1335,1329,1331,-1,1335,1331,1333,-1,1291,1293,1301,-1,1301,1293,1295,-1,1301,1295,1299,-1,1299,1295,1297,-1,1335,1336,1308,-1,1308,1336,1338,-1,1308,1338,1306,-1,1306,1338,1246,-1,1306,1246,1304,-1,1304,1246,1248,-1,1304,1248,1250,-1,1254,1256,1302,-1,1302,1256,1258,-1,1302,1258,1260,-1,1224,1227,1245,-1,1245,1227,1229,-1,1245,1229,1231,-1,1231,1233,1245,-1,1245,1233,1235,-1,1245,1235,1243,-1,1243,1235,1237,-1,1243,1237,1239,-1,1277,1285,1274,-1,1274,1285,1287,-1,1274,1287,1301,-1,1301,1287,1288,-1,1301,1288,1291,-1,1277,1279,1285,-1,1285,1279,1281,-1,1285,1281,1283,-1,1260,1263,1302,-1,1302,1263,1265,-1,1302,1265,1267,-1,1267,1269,1302,-1,1302,1269,1271,-1,1302,1271,1273,-1,1225,1222,1223,-1,1341,1249,1247,-1,1230,1228,1226,-1,1259,1257,1303,-1,1330,1328,1320,-1,1240,1238,1225,-1,1303,1257,1305,-1,1257,1255,1305,-1,1305,1255,1253,-1,1305,1253,1251,-1,1298,1296,1294,-1,1318,1316,1334,-1,1334,1316,1314,-1,1341,1247,1223,-1,1223,1247,1244,-1,1223,1244,1225,-1,1225,1244,1242,-1,1225,1242,1240,-1,1238,1236,1225,-1,1225,1236,1234,-1,1225,1234,1226,-1,1226,1234,1232,-1,1226,1232,1230,-1,1298,1294,1300,-1,1300,1294,1292,-1,1300,1292,1290,-1,1318,1334,1320,-1,1320,1334,1332,-1,1320,1332,1330,-1,1328,1326,1320,-1,1320,1326,1324,-1,1320,1324,1322,-1,1251,1249,1305,-1,1305,1249,1341,-1,1305,1341,1307,-1,1307,1341,1339,-1,1307,1339,1309,-1,1309,1339,1337,-1,1309,1337,1311,-1,1311,1337,1334,-1,1311,1334,1312,-1,1312,1334,1314,-1,1278,1284,1280,-1,1280,1284,1282,-1,1289,1286,1275,-1,1275,1286,1284,-1,1275,1284,1276,-1,1276,1284,1278,-1,1290,1289,1300,-1,1300,1289,1275,-1,1300,1275,1303,-1,1303,1275,1272,-1,1303,1272,1270,-1,1264,1262,1303,-1,1303,1262,1261,-1,1303,1261,1259,-1,1270,1268,1303,-1,1303,1268,1266,-1,1303,1266,1264,-1,1342,1343,1344,-1,1344,1343,1345,-1,1346,1342,1347,-1,1347,1342,1344,-1,1346,1347,1348,-1,1346,1348,1349,-1,1349,1348,1350,-1,1349,1350,1351,-1,1351,1350,1352,-1,1351,1352,1353,-1,1353,1352,1354,-1,1353,1354,1355,-1,1355,1354,1356,-1,1355,1356,1357,-1,1357,1356,1358,-1,1357,1358,1359,-1,1359,1358,1360,-1,1359,1360,1361,-1,1361,1360,1362,-1,1361,1362,1363,-1,1363,1362,1364,-1,1363,1364,1365,-1,1365,1364,1366,-1,1365,1366,1367,-1,1368,1367,1369,-1,1369,1367,1366,-1,1368,1369,1370,-1,1370,1369,1371,-1,1370,1371,1372,-1,1372,1371,1373,-1,1372,1373,1374,-1,1374,1373,1375,-1,1374,1375,1376,-1,1376,1375,1377,-1,1376,1377,1378,-1,1378,1377,1379,-1,1378,1379,1380,-1,1380,1379,1381,-1,1382,1380,1383,-1,1383,1380,1381,-1,1382,1383,1384,-1,1382,1384,1385,-1,1385,1384,1386,-1,1385,1386,1387,-1,1387,1386,1388,-1,1387,1388,1389,-1,1389,1388,1390,-1,1389,1390,1391,-1,1391,1390,1392,-1,1391,1392,1393,-1,1393,1392,1394,-1,1393,1394,1395,-1,1396,1395,1397,-1,1397,1395,1394,-1,1396,1397,1398,-1,1396,1398,1399,-1,1399,1398,1400,-1,1399,1400,1401,-1,1401,1400,1402,-1,1401,1402,1403,-1,1403,1402,1404,-1,1403,1404,1405,-1,1405,1404,1406,-1,1405,1406,1407,-1,1407,1406,1408,-1,1407,1408,1409,-1,1410,1409,1411,-1,1411,1409,1408,-1,1410,1411,1412,-1,1410,1412,1413,-1,1413,1412,1414,-1,1413,1414,1415,-1,1415,1414,1416,-1,1415,1416,1417,-1,1417,1416,1418,-1,1417,1418,1419,-1,1419,1418,1420,-1,1419,1420,1421,-1,1421,1420,1422,-1,1421,1422,1423,-1,1424,1423,1425,-1,1425,1423,1422,-1,1426,1424,1427,-1,1427,1424,1425,-1,1428,1426,1429,-1,1429,1426,1427,-1,1430,1428,1431,-1,1431,1428,1429,-1,1432,1430,1433,-1,1433,1430,1431,-1,1432,1433,1434,-1,1432,1434,1435,-1,1435,1434,1436,-1,1435,1436,1437,-1,1437,1436,1438,-1,1437,1438,1439,-1,1439,1438,1440,-1,1439,1440,1441,-1,1441,1440,1442,-1,1441,1442,1443,-1,1443,1442,1444,-1,1443,1444,1445,-1,1445,1444,1446,-1,1445,1446,1447,-1,1447,1446,1448,-1,1447,1448,1449,-1,1449,1448,1450,-1,1449,1450,1451,-1,1451,1450,1452,-1,1451,1452,1453,-1,1453,1452,1454,-1,1453,1454,1455,-1,1455,1454,1456,-1,1455,1456,1457,-1,1458,1457,1459,-1,1459,1457,1456,-1,1460,1458,1461,-1,1461,1458,1459,-1,1462,1460,1463,-1,1463,1460,1461,-1,1343,1462,1345,-1,1345,1462,1463,-1,1343,1342,1367,-1,1367,1342,1346,-1,1430,1432,1457,-1,1424,1395,1423,-1,1423,1395,1396,-1,1343,1367,1462,-1,1462,1367,1368,-1,1462,1368,1460,-1,1372,1374,1426,-1,1426,1374,1376,-1,1426,1376,1424,-1,1361,1363,1365,-1,1443,1457,1441,-1,1441,1457,1439,-1,1432,1435,1457,-1,1457,1435,1437,-1,1457,1437,1439,-1,1443,1445,1457,-1,1457,1445,1447,-1,1457,1447,1449,-1,1449,1451,1457,-1,1457,1451,1453,-1,1457,1453,1455,-1,1413,1415,1423,-1,1423,1415,1417,-1,1423,1417,1421,-1,1421,1417,1419,-1,1457,1458,1430,-1,1430,1458,1460,-1,1430,1460,1428,-1,1428,1460,1368,-1,1428,1368,1426,-1,1426,1368,1370,-1,1426,1370,1372,-1,1376,1378,1424,-1,1424,1378,1380,-1,1424,1380,1382,-1,1346,1349,1367,-1,1367,1349,1351,-1,1367,1351,1353,-1,1353,1355,1367,-1,1367,1355,1357,-1,1367,1357,1365,-1,1365,1357,1359,-1,1365,1359,1361,-1,1399,1407,1396,-1,1396,1407,1409,-1,1396,1409,1423,-1,1423,1409,1410,-1,1423,1410,1413,-1,1399,1401,1407,-1,1407,1401,1403,-1,1407,1403,1405,-1,1382,1385,1424,-1,1424,1385,1387,-1,1424,1387,1389,-1,1389,1391,1424,-1,1424,1391,1393,-1,1424,1393,1395,-1,1347,1344,1345,-1,1463,1371,1369,-1,1352,1350,1348,-1,1381,1379,1425,-1,1452,1450,1442,-1,1362,1360,1347,-1,1425,1379,1427,-1,1379,1377,1427,-1,1427,1377,1375,-1,1427,1375,1373,-1,1420,1418,1416,-1,1440,1438,1456,-1,1456,1438,1436,-1,1463,1369,1345,-1,1345,1369,1366,-1,1345,1366,1347,-1,1347,1366,1364,-1,1347,1364,1362,-1,1360,1358,1347,-1,1347,1358,1356,-1,1347,1356,1348,-1,1348,1356,1354,-1,1348,1354,1352,-1,1420,1416,1422,-1,1422,1416,1414,-1,1422,1414,1412,-1,1440,1456,1442,-1,1442,1456,1454,-1,1442,1454,1452,-1,1450,1448,1442,-1,1442,1448,1446,-1,1442,1446,1444,-1,1373,1371,1427,-1,1427,1371,1463,-1,1427,1463,1429,-1,1429,1463,1461,-1,1429,1461,1431,-1,1431,1461,1459,-1,1431,1459,1433,-1,1433,1459,1456,-1,1433,1456,1434,-1,1434,1456,1436,-1,1400,1406,1402,-1,1402,1406,1404,-1,1411,1408,1397,-1,1397,1408,1406,-1,1397,1406,1398,-1,1398,1406,1400,-1,1412,1411,1422,-1,1422,1411,1397,-1,1422,1397,1425,-1,1425,1397,1394,-1,1425,1394,1392,-1,1386,1384,1425,-1,1425,1384,1383,-1,1425,1383,1381,-1,1392,1390,1425,-1,1425,1390,1388,-1,1425,1388,1386,-1,1464,1465,1466,-1,1466,1465,1467,-1,1468,1464,1469,-1,1469,1464,1466,-1,1468,1469,1470,-1,1468,1470,1471,-1,1471,1470,1472,-1,1471,1472,1473,-1,1473,1472,1474,-1,1473,1474,1475,-1,1475,1474,1476,-1,1475,1476,1477,-1,1477,1476,1478,-1,1477,1478,1479,-1,1479,1478,1480,-1,1479,1480,1481,-1,1481,1480,1482,-1,1481,1482,1483,-1,1483,1482,1484,-1,1483,1484,1485,-1,1485,1484,1486,-1,1485,1486,1487,-1,1487,1486,1488,-1,1487,1488,1489,-1,1490,1489,1491,-1,1491,1489,1488,-1,1490,1491,1492,-1,1492,1491,1493,-1,1492,1493,1494,-1,1494,1493,1495,-1,1494,1495,1496,-1,1496,1495,1497,-1,1496,1497,1498,-1,1498,1497,1499,-1,1498,1499,1500,-1,1500,1499,1501,-1,1500,1501,1502,-1,1502,1501,1503,-1,1504,1502,1505,-1,1505,1502,1503,-1,1504,1505,1506,-1,1504,1506,1507,-1,1507,1506,1508,-1,1507,1508,1509,-1,1509,1508,1510,-1,1509,1510,1511,-1,1511,1510,1512,-1,1511,1512,1513,-1,1513,1512,1514,-1,1513,1514,1515,-1,1515,1514,1516,-1,1515,1516,1517,-1,1518,1517,1519,-1,1519,1517,1516,-1,1518,1519,1520,-1,1518,1520,1521,-1,1521,1520,1522,-1,1521,1522,1523,-1,1523,1522,1524,-1,1523,1524,1525,-1,1525,1524,1526,-1,1525,1526,1527,-1,1527,1526,1528,-1,1527,1528,1529,-1,1529,1528,1530,-1,1529,1530,1531,-1,1532,1531,1533,-1,1533,1531,1530,-1,1532,1533,1534,-1,1532,1534,1535,-1,1535,1534,1536,-1,1535,1536,1537,-1,1537,1536,1538,-1,1537,1538,1539,-1,1539,1538,1540,-1,1539,1540,1541,-1,1541,1540,1542,-1,1541,1542,1543,-1,1543,1542,1544,-1,1543,1544,1545,-1,1546,1545,1547,-1,1547,1545,1544,-1,1548,1546,1549,-1,1549,1546,1547,-1,1550,1548,1551,-1,1551,1548,1549,-1,1552,1550,1553,-1,1553,1550,1551,-1,1554,1552,1555,-1,1555,1552,1553,-1,1554,1555,1556,-1,1554,1556,1557,-1,1557,1556,1558,-1,1557,1558,1559,-1,1559,1558,1560,-1,1559,1560,1561,-1,1561,1560,1562,-1,1561,1562,1563,-1,1563,1562,1564,-1,1563,1564,1565,-1,1565,1564,1566,-1,1565,1566,1567,-1,1567,1566,1568,-1,1567,1568,1569,-1,1569,1568,1570,-1,1569,1570,1571,-1,1571,1570,1572,-1,1571,1572,1573,-1,1573,1572,1574,-1,1573,1574,1575,-1,1575,1574,1576,-1,1575,1576,1577,-1,1577,1576,1578,-1,1577,1578,1579,-1,1580,1579,1581,-1,1581,1579,1578,-1,1582,1580,1583,-1,1583,1580,1581,-1,1584,1582,1585,-1,1585,1582,1583,-1,1465,1584,1467,-1,1467,1584,1585,-1,1465,1464,1489,-1,1489,1464,1468,-1,1552,1554,1579,-1,1546,1517,1545,-1,1545,1517,1518,-1,1465,1489,1584,-1,1584,1489,1490,-1,1584,1490,1582,-1,1494,1496,1548,-1,1548,1496,1498,-1,1548,1498,1546,-1,1483,1485,1487,-1,1565,1579,1563,-1,1563,1579,1561,-1,1554,1557,1579,-1,1579,1557,1559,-1,1579,1559,1561,-1,1565,1567,1579,-1,1579,1567,1569,-1,1579,1569,1571,-1,1571,1573,1579,-1,1579,1573,1575,-1,1579,1575,1577,-1,1535,1537,1545,-1,1545,1537,1539,-1,1545,1539,1543,-1,1543,1539,1541,-1,1579,1580,1552,-1,1552,1580,1582,-1,1552,1582,1550,-1,1550,1582,1490,-1,1550,1490,1548,-1,1548,1490,1492,-1,1548,1492,1494,-1,1498,1500,1546,-1,1546,1500,1502,-1,1546,1502,1504,-1,1468,1471,1489,-1,1489,1471,1473,-1,1489,1473,1475,-1,1475,1477,1489,-1,1489,1477,1479,-1,1489,1479,1487,-1,1487,1479,1481,-1,1487,1481,1483,-1,1521,1529,1518,-1,1518,1529,1531,-1,1518,1531,1545,-1,1545,1531,1532,-1,1545,1532,1535,-1,1521,1523,1529,-1,1529,1523,1525,-1,1529,1525,1527,-1,1504,1507,1546,-1,1546,1507,1509,-1,1546,1509,1511,-1,1511,1513,1546,-1,1546,1513,1515,-1,1546,1515,1517,-1,1469,1466,1467,-1,1585,1493,1491,-1,1474,1472,1470,-1,1503,1501,1547,-1,1574,1572,1564,-1,1484,1482,1469,-1,1547,1501,1549,-1,1501,1499,1549,-1,1549,1499,1497,-1,1549,1497,1495,-1,1542,1540,1538,-1,1562,1560,1578,-1,1578,1560,1558,-1,1585,1491,1467,-1,1467,1491,1488,-1,1467,1488,1469,-1,1469,1488,1486,-1,1469,1486,1484,-1,1482,1480,1469,-1,1469,1480,1478,-1,1469,1478,1470,-1,1470,1478,1476,-1,1470,1476,1474,-1,1542,1538,1544,-1,1544,1538,1536,-1,1544,1536,1534,-1,1562,1578,1564,-1,1564,1578,1576,-1,1564,1576,1574,-1,1572,1570,1564,-1,1564,1570,1568,-1,1564,1568,1566,-1,1495,1493,1549,-1,1549,1493,1585,-1,1549,1585,1551,-1,1551,1585,1583,-1,1551,1583,1553,-1,1553,1583,1581,-1,1553,1581,1555,-1,1555,1581,1578,-1,1555,1578,1556,-1,1556,1578,1558,-1,1522,1528,1524,-1,1524,1528,1526,-1,1533,1530,1519,-1,1519,1530,1528,-1,1519,1528,1520,-1,1520,1528,1522,-1,1534,1533,1544,-1,1544,1533,1519,-1,1544,1519,1547,-1,1547,1519,1516,-1,1547,1516,1514,-1,1508,1506,1547,-1,1547,1506,1505,-1,1547,1505,1503,-1,1514,1512,1547,-1,1547,1512,1510,-1,1547,1510,1508,-1,1586,1587,1588,-1,1588,1587,1589,-1,1590,1586,1591,-1,1591,1586,1588,-1,1590,1591,1592,-1,1590,1592,1593,-1,1593,1592,1594,-1,1593,1594,1595,-1,1595,1594,1596,-1,1595,1596,1597,-1,1597,1596,1598,-1,1597,1598,1599,-1,1599,1598,1600,-1,1599,1600,1601,-1,1601,1600,1602,-1,1601,1602,1603,-1,1603,1602,1604,-1,1603,1604,1605,-1,1605,1604,1606,-1,1605,1606,1607,-1,1607,1606,1608,-1,1607,1608,1609,-1,1609,1608,1610,-1,1609,1610,1611,-1,1612,1611,1613,-1,1613,1611,1610,-1,1612,1613,1614,-1,1614,1613,1615,-1,1614,1615,1616,-1,1616,1615,1617,-1,1616,1617,1618,-1,1618,1617,1619,-1,1618,1619,1620,-1,1620,1619,1621,-1,1620,1621,1622,-1,1622,1621,1623,-1,1622,1623,1624,-1,1624,1623,1625,-1,1626,1624,1627,-1,1627,1624,1625,-1,1626,1627,1628,-1,1626,1628,1629,-1,1629,1628,1630,-1,1629,1630,1631,-1,1631,1630,1632,-1,1631,1632,1633,-1,1633,1632,1634,-1,1633,1634,1635,-1,1635,1634,1636,-1,1635,1636,1637,-1,1637,1636,1638,-1,1637,1638,1639,-1,1640,1639,1641,-1,1641,1639,1638,-1,1640,1641,1642,-1,1640,1642,1643,-1,1643,1642,1644,-1,1643,1644,1645,-1,1645,1644,1646,-1,1645,1646,1647,-1,1647,1646,1648,-1,1647,1648,1649,-1,1649,1648,1650,-1,1649,1650,1651,-1,1651,1650,1652,-1,1651,1652,1653,-1,1654,1653,1655,-1,1655,1653,1652,-1,1654,1655,1656,-1,1654,1656,1657,-1,1657,1656,1658,-1,1657,1658,1659,-1,1659,1658,1660,-1,1659,1660,1661,-1,1661,1660,1662,-1,1661,1662,1663,-1,1663,1662,1664,-1,1663,1664,1665,-1,1665,1664,1666,-1,1665,1666,1667,-1,1668,1667,1669,-1,1669,1667,1666,-1,1670,1668,1671,-1,1671,1668,1669,-1,1672,1670,1673,-1,1673,1670,1671,-1,1674,1672,1675,-1,1675,1672,1673,-1,1676,1674,1677,-1,1677,1674,1675,-1,1676,1677,1678,-1,1676,1678,1679,-1,1679,1678,1680,-1,1679,1680,1681,-1,1681,1680,1682,-1,1681,1682,1683,-1,1683,1682,1684,-1,1683,1684,1685,-1,1685,1684,1686,-1,1685,1686,1687,-1,1687,1686,1688,-1,1687,1688,1689,-1,1689,1688,1690,-1,1689,1690,1691,-1,1691,1690,1692,-1,1691,1692,1693,-1,1693,1692,1694,-1,1693,1694,1695,-1,1695,1694,1696,-1,1695,1696,1697,-1,1697,1696,1698,-1,1697,1698,1699,-1,1699,1698,1700,-1,1699,1700,1701,-1,1702,1701,1703,-1,1703,1701,1700,-1,1704,1702,1705,-1,1705,1702,1703,-1,1706,1704,1707,-1,1707,1704,1705,-1,1587,1706,1589,-1,1589,1706,1707,-1,1587,1586,1611,-1,1611,1586,1590,-1,1674,1676,1701,-1,1668,1639,1667,-1,1667,1639,1640,-1,1587,1611,1706,-1,1706,1611,1612,-1,1706,1612,1704,-1,1616,1618,1670,-1,1670,1618,1620,-1,1670,1620,1668,-1,1605,1607,1609,-1,1687,1701,1685,-1,1685,1701,1683,-1,1676,1679,1701,-1,1701,1679,1681,-1,1701,1681,1683,-1,1687,1689,1701,-1,1701,1689,1691,-1,1701,1691,1693,-1,1693,1695,1701,-1,1701,1695,1697,-1,1701,1697,1699,-1,1657,1659,1667,-1,1667,1659,1661,-1,1667,1661,1665,-1,1665,1661,1663,-1,1701,1702,1674,-1,1674,1702,1704,-1,1674,1704,1672,-1,1672,1704,1612,-1,1672,1612,1670,-1,1670,1612,1614,-1,1670,1614,1616,-1,1620,1622,1668,-1,1668,1622,1624,-1,1668,1624,1626,-1,1590,1593,1611,-1,1611,1593,1595,-1,1611,1595,1597,-1,1597,1599,1611,-1,1611,1599,1601,-1,1611,1601,1609,-1,1609,1601,1603,-1,1609,1603,1605,-1,1643,1651,1640,-1,1640,1651,1653,-1,1640,1653,1667,-1,1667,1653,1654,-1,1667,1654,1657,-1,1643,1645,1651,-1,1651,1645,1647,-1,1651,1647,1649,-1,1626,1629,1668,-1,1668,1629,1631,-1,1668,1631,1633,-1,1633,1635,1668,-1,1668,1635,1637,-1,1668,1637,1639,-1,1591,1588,1589,-1,1707,1615,1613,-1,1596,1594,1592,-1,1625,1623,1669,-1,1696,1694,1686,-1,1606,1604,1591,-1,1669,1623,1671,-1,1623,1621,1671,-1,1671,1621,1619,-1,1671,1619,1617,-1,1664,1662,1660,-1,1684,1682,1700,-1,1700,1682,1680,-1,1707,1613,1589,-1,1589,1613,1610,-1,1589,1610,1591,-1,1591,1610,1608,-1,1591,1608,1606,-1,1604,1602,1591,-1,1591,1602,1600,-1,1591,1600,1592,-1,1592,1600,1598,-1,1592,1598,1596,-1,1664,1660,1666,-1,1666,1660,1658,-1,1666,1658,1656,-1,1684,1700,1686,-1,1686,1700,1698,-1,1686,1698,1696,-1,1694,1692,1686,-1,1686,1692,1690,-1,1686,1690,1688,-1,1617,1615,1671,-1,1671,1615,1707,-1,1671,1707,1673,-1,1673,1707,1705,-1,1673,1705,1675,-1,1675,1705,1703,-1,1675,1703,1677,-1,1677,1703,1700,-1,1677,1700,1678,-1,1678,1700,1680,-1,1644,1650,1646,-1,1646,1650,1648,-1,1655,1652,1641,-1,1641,1652,1650,-1,1641,1650,1642,-1,1642,1650,1644,-1,1656,1655,1666,-1,1666,1655,1641,-1,1666,1641,1669,-1,1669,1641,1638,-1,1669,1638,1636,-1,1630,1628,1669,-1,1669,1628,1627,-1,1669,1627,1625,-1,1636,1634,1669,-1,1669,1634,1632,-1,1669,1632,1630,-1,1708,1709,1710,-1,1710,1709,1711,-1,1712,1708,1713,-1,1713,1708,1710,-1,1712,1713,1714,-1,1712,1714,1715,-1,1715,1714,1716,-1,1715,1716,1717,-1,1717,1716,1718,-1,1717,1718,1719,-1,1719,1718,1720,-1,1719,1720,1721,-1,1721,1720,1722,-1,1721,1722,1723,-1,1723,1722,1724,-1,1723,1724,1725,-1,1725,1724,1726,-1,1725,1726,1727,-1,1727,1726,1728,-1,1727,1728,1729,-1,1729,1728,1730,-1,1729,1730,1731,-1,1731,1730,1732,-1,1731,1732,1733,-1,1734,1733,1735,-1,1735,1733,1732,-1,1734,1735,1736,-1,1736,1735,1737,-1,1736,1737,1738,-1,1738,1737,1739,-1,1738,1739,1740,-1,1740,1739,1741,-1,1740,1741,1742,-1,1742,1741,1743,-1,1742,1743,1744,-1,1744,1743,1745,-1,1744,1745,1746,-1,1746,1745,1747,-1,1748,1746,1749,-1,1749,1746,1747,-1,1748,1749,1750,-1,1748,1750,1751,-1,1751,1750,1752,-1,1751,1752,1753,-1,1753,1752,1754,-1,1753,1754,1755,-1,1755,1754,1756,-1,1755,1756,1757,-1,1757,1756,1758,-1,1757,1758,1759,-1,1759,1758,1760,-1,1759,1760,1761,-1,1762,1761,1763,-1,1763,1761,1760,-1,1762,1763,1764,-1,1762,1764,1765,-1,1765,1764,1766,-1,1765,1766,1767,-1,1767,1766,1768,-1,1767,1768,1769,-1,1769,1768,1770,-1,1769,1770,1771,-1,1771,1770,1772,-1,1771,1772,1773,-1,1773,1772,1774,-1,1773,1774,1775,-1,1776,1775,1777,-1,1777,1775,1774,-1,1776,1777,1778,-1,1776,1778,1779,-1,1779,1778,1780,-1,1779,1780,1781,-1,1781,1780,1782,-1,1781,1782,1783,-1,1783,1782,1784,-1,1783,1784,1785,-1,1785,1784,1786,-1,1785,1786,1787,-1,1787,1786,1788,-1,1787,1788,1789,-1,1790,1789,1791,-1,1791,1789,1788,-1,1792,1790,1793,-1,1793,1790,1791,-1,1794,1792,1795,-1,1795,1792,1793,-1,1796,1794,1797,-1,1797,1794,1795,-1,1798,1796,1799,-1,1799,1796,1797,-1,1798,1799,1800,-1,1798,1800,1801,-1,1801,1800,1802,-1,1801,1802,1803,-1,1803,1802,1804,-1,1803,1804,1805,-1,1805,1804,1806,-1,1805,1806,1807,-1,1807,1806,1808,-1,1807,1808,1809,-1,1809,1808,1810,-1,1809,1810,1811,-1,1811,1810,1812,-1,1811,1812,1813,-1,1813,1812,1814,-1,1813,1814,1815,-1,1815,1814,1816,-1,1815,1816,1817,-1,1817,1816,1818,-1,1817,1818,1819,-1,1819,1818,1820,-1,1819,1820,1821,-1,1821,1820,1822,-1,1821,1822,1823,-1,1824,1823,1825,-1,1825,1823,1822,-1,1826,1824,1827,-1,1827,1824,1825,-1,1828,1826,1829,-1,1829,1826,1827,-1,1709,1828,1711,-1,1711,1828,1829,-1,1796,1798,1823,-1,1733,1734,1828,-1,1790,1761,1789,-1,1789,1761,1762,-1,1828,1734,1826,-1,1828,1709,1733,-1,1733,1709,1708,-1,1733,1708,1712,-1,1809,1823,1807,-1,1807,1823,1805,-1,1798,1801,1823,-1,1823,1801,1803,-1,1823,1803,1805,-1,1809,1811,1823,-1,1823,1811,1813,-1,1823,1813,1815,-1,1815,1817,1823,-1,1823,1817,1819,-1,1823,1819,1821,-1,1738,1740,1792,-1,1792,1740,1742,-1,1792,1742,1790,-1,1727,1729,1731,-1,1779,1781,1789,-1,1789,1781,1783,-1,1789,1783,1787,-1,1787,1783,1785,-1,1823,1824,1796,-1,1796,1824,1826,-1,1796,1826,1794,-1,1794,1826,1734,-1,1794,1734,1792,-1,1792,1734,1736,-1,1792,1736,1738,-1,1765,1773,1762,-1,1762,1773,1775,-1,1762,1775,1789,-1,1789,1775,1776,-1,1789,1776,1779,-1,1765,1767,1773,-1,1773,1767,1769,-1,1773,1769,1771,-1,1742,1744,1790,-1,1790,1744,1746,-1,1790,1746,1748,-1,1712,1715,1733,-1,1733,1715,1717,-1,1733,1717,1719,-1,1719,1721,1733,-1,1733,1721,1723,-1,1733,1723,1731,-1,1731,1723,1725,-1,1731,1725,1727,-1,1748,1751,1790,-1,1790,1751,1753,-1,1790,1753,1755,-1,1755,1757,1790,-1,1790,1757,1759,-1,1790,1759,1761,-1,1713,1710,1711,-1,1829,1737,1735,-1,1718,1716,1714,-1,1747,1745,1791,-1,1818,1816,1808,-1,1728,1726,1713,-1,1791,1745,1793,-1,1745,1743,1793,-1,1793,1743,1741,-1,1793,1741,1739,-1,1786,1784,1782,-1,1806,1804,1822,-1,1822,1804,1802,-1,1829,1735,1711,-1,1711,1735,1732,-1,1711,1732,1713,-1,1713,1732,1730,-1,1713,1730,1728,-1,1726,1724,1713,-1,1713,1724,1722,-1,1713,1722,1714,-1,1714,1722,1720,-1,1714,1720,1718,-1,1786,1782,1788,-1,1788,1782,1780,-1,1788,1780,1778,-1,1806,1822,1808,-1,1808,1822,1820,-1,1808,1820,1818,-1,1816,1814,1808,-1,1808,1814,1812,-1,1808,1812,1810,-1,1739,1737,1793,-1,1793,1737,1829,-1,1793,1829,1795,-1,1795,1829,1827,-1,1795,1827,1797,-1,1797,1827,1825,-1,1797,1825,1799,-1,1799,1825,1822,-1,1799,1822,1800,-1,1800,1822,1802,-1,1766,1772,1768,-1,1768,1772,1770,-1,1777,1774,1763,-1,1763,1774,1772,-1,1763,1772,1764,-1,1764,1772,1766,-1,1778,1777,1788,-1,1788,1777,1763,-1,1788,1763,1791,-1,1791,1763,1760,-1,1791,1760,1758,-1,1752,1750,1791,-1,1791,1750,1749,-1,1791,1749,1747,-1,1758,1756,1791,-1,1791,1756,1754,-1,1791,1754,1752,-1,1830,1831,1832,-1,1832,1831,1833,-1,1834,1830,1835,-1,1835,1830,1832,-1,1834,1835,1836,-1,1834,1836,1837,-1,1837,1836,1838,-1,1837,1838,1839,-1,1839,1838,1840,-1,1839,1840,1841,-1,1841,1840,1842,-1,1841,1842,1843,-1,1843,1842,1844,-1,1843,1844,1845,-1,1845,1844,1846,-1,1845,1846,1847,-1,1847,1846,1848,-1,1847,1848,1849,-1,1849,1848,1850,-1,1849,1850,1851,-1,1851,1850,1852,-1,1851,1852,1853,-1,1853,1852,1854,-1,1853,1854,1855,-1,1856,1855,1857,-1,1857,1855,1854,-1,1856,1857,1858,-1,1858,1857,1859,-1,1858,1859,1860,-1,1860,1859,1861,-1,1860,1861,1862,-1,1862,1861,1863,-1,1862,1863,1864,-1,1864,1863,1865,-1,1864,1865,1866,-1,1866,1865,1867,-1,1866,1867,1868,-1,1868,1867,1869,-1,1870,1868,1871,-1,1871,1868,1869,-1,1870,1871,1872,-1,1870,1872,1873,-1,1873,1872,1874,-1,1873,1874,1875,-1,1875,1874,1876,-1,1875,1876,1877,-1,1877,1876,1878,-1,1877,1878,1879,-1,1879,1878,1880,-1,1879,1880,1881,-1,1881,1880,1882,-1,1881,1882,1883,-1,1884,1883,1885,-1,1885,1883,1882,-1,1884,1885,1886,-1,1884,1886,1887,-1,1887,1886,1888,-1,1887,1888,1889,-1,1889,1888,1890,-1,1889,1890,1891,-1,1891,1890,1892,-1,1891,1892,1893,-1,1893,1892,1894,-1,1893,1894,1895,-1,1895,1894,1896,-1,1895,1896,1897,-1,1898,1897,1899,-1,1899,1897,1896,-1,1898,1899,1900,-1,1898,1900,1901,-1,1901,1900,1902,-1,1901,1902,1903,-1,1903,1902,1904,-1,1903,1904,1905,-1,1905,1904,1906,-1,1905,1906,1907,-1,1907,1906,1908,-1,1907,1908,1909,-1,1909,1908,1910,-1,1909,1910,1911,-1,1912,1911,1913,-1,1913,1911,1910,-1,1914,1912,1915,-1,1915,1912,1913,-1,1916,1914,1917,-1,1917,1914,1915,-1,1918,1916,1919,-1,1919,1916,1917,-1,1920,1918,1921,-1,1921,1918,1919,-1,1920,1921,1922,-1,1920,1922,1923,-1,1923,1922,1924,-1,1923,1924,1925,-1,1925,1924,1926,-1,1925,1926,1927,-1,1927,1926,1928,-1,1927,1928,1929,-1,1929,1928,1930,-1,1929,1930,1931,-1,1931,1930,1932,-1,1931,1932,1933,-1,1933,1932,1934,-1,1933,1934,1935,-1,1935,1934,1936,-1,1935,1936,1937,-1,1937,1936,1938,-1,1937,1938,1939,-1,1939,1938,1940,-1,1939,1940,1941,-1,1941,1940,1942,-1,1941,1942,1943,-1,1943,1942,1944,-1,1943,1944,1945,-1,1946,1945,1947,-1,1947,1945,1944,-1,1948,1946,1949,-1,1949,1946,1947,-1,1950,1948,1951,-1,1951,1948,1949,-1,1831,1950,1833,-1,1833,1950,1951,-1,1831,1830,1855,-1,1855,1830,1834,-1,1918,1920,1945,-1,1912,1883,1911,-1,1911,1883,1884,-1,1831,1855,1950,-1,1950,1855,1856,-1,1950,1856,1948,-1,1860,1862,1914,-1,1914,1862,1864,-1,1914,1864,1912,-1,1849,1851,1853,-1,1931,1945,1929,-1,1929,1945,1927,-1,1920,1923,1945,-1,1945,1923,1925,-1,1945,1925,1927,-1,1931,1933,1945,-1,1945,1933,1935,-1,1945,1935,1937,-1,1937,1939,1945,-1,1945,1939,1941,-1,1945,1941,1943,-1,1901,1903,1911,-1,1911,1903,1905,-1,1911,1905,1909,-1,1909,1905,1907,-1,1945,1946,1918,-1,1918,1946,1948,-1,1918,1948,1916,-1,1916,1948,1856,-1,1916,1856,1914,-1,1914,1856,1858,-1,1914,1858,1860,-1,1864,1866,1912,-1,1912,1866,1868,-1,1912,1868,1870,-1,1834,1837,1855,-1,1855,1837,1839,-1,1855,1839,1841,-1,1841,1843,1855,-1,1855,1843,1845,-1,1855,1845,1853,-1,1853,1845,1847,-1,1853,1847,1849,-1,1887,1895,1884,-1,1884,1895,1897,-1,1884,1897,1911,-1,1911,1897,1898,-1,1911,1898,1901,-1,1887,1889,1895,-1,1895,1889,1891,-1,1895,1891,1893,-1,1870,1873,1912,-1,1912,1873,1875,-1,1912,1875,1877,-1,1877,1879,1912,-1,1912,1879,1881,-1,1912,1881,1883,-1,1835,1832,1833,-1,1951,1859,1857,-1,1840,1838,1836,-1,1869,1867,1913,-1,1940,1938,1930,-1,1850,1848,1835,-1,1913,1867,1915,-1,1867,1865,1915,-1,1915,1865,1863,-1,1915,1863,1861,-1,1908,1906,1904,-1,1928,1926,1944,-1,1944,1926,1924,-1,1951,1857,1833,-1,1833,1857,1854,-1,1833,1854,1835,-1,1835,1854,1852,-1,1835,1852,1850,-1,1848,1846,1835,-1,1835,1846,1844,-1,1835,1844,1836,-1,1836,1844,1842,-1,1836,1842,1840,-1,1908,1904,1910,-1,1910,1904,1902,-1,1910,1902,1900,-1,1928,1944,1930,-1,1930,1944,1942,-1,1930,1942,1940,-1,1938,1936,1930,-1,1930,1936,1934,-1,1930,1934,1932,-1,1861,1859,1915,-1,1915,1859,1951,-1,1915,1951,1917,-1,1917,1951,1949,-1,1917,1949,1919,-1,1919,1949,1947,-1,1919,1947,1921,-1,1921,1947,1944,-1,1921,1944,1922,-1,1922,1944,1924,-1,1888,1894,1890,-1,1890,1894,1892,-1,1899,1896,1885,-1,1885,1896,1894,-1,1885,1894,1886,-1,1886,1894,1888,-1,1900,1899,1910,-1,1910,1899,1885,-1,1910,1885,1913,-1,1913,1885,1882,-1,1913,1882,1880,-1,1874,1872,1913,-1,1913,1872,1871,-1,1913,1871,1869,-1,1880,1878,1913,-1,1913,1878,1876,-1,1913,1876,1874,-1,1952,1953,1954,-1,1954,1953,1955,-1,1956,1952,1957,-1,1957,1952,1954,-1,1956,1957,1958,-1,1956,1958,1959,-1,1959,1958,1960,-1,1959,1960,1961,-1,1961,1960,1962,-1,1961,1962,1963,-1,1963,1962,1964,-1,1963,1964,1965,-1,1965,1964,1966,-1,1965,1966,1967,-1,1967,1966,1968,-1,1967,1968,1969,-1,1969,1968,1970,-1,1969,1970,1971,-1,1971,1970,1972,-1,1971,1972,1973,-1,1973,1972,1974,-1,1973,1974,1975,-1,1975,1974,1976,-1,1975,1976,1977,-1,1978,1977,1979,-1,1979,1977,1976,-1,1978,1979,1980,-1,1980,1979,1981,-1,1980,1981,1982,-1,1982,1981,1983,-1,1982,1983,1984,-1,1984,1983,1985,-1,1984,1985,1986,-1,1986,1985,1987,-1,1986,1987,1988,-1,1988,1987,1989,-1,1988,1989,1990,-1,1990,1989,1991,-1,1992,1990,1993,-1,1993,1990,1991,-1,1992,1993,1994,-1,1992,1994,1995,-1,1995,1994,1996,-1,1995,1996,1997,-1,1997,1996,1998,-1,1997,1998,1999,-1,1999,1998,2000,-1,1999,2000,2001,-1,2001,2000,2002,-1,2001,2002,2003,-1,2003,2002,2004,-1,2003,2004,2005,-1,2006,2005,2007,-1,2007,2005,2004,-1,2006,2007,2008,-1,2006,2008,2009,-1,2009,2008,2010,-1,2009,2010,2011,-1,2011,2010,2012,-1,2011,2012,2013,-1,2013,2012,2014,-1,2013,2014,2015,-1,2015,2014,2016,-1,2015,2016,2017,-1,2017,2016,2018,-1,2017,2018,2019,-1,2020,2019,2021,-1,2021,2019,2018,-1,2020,2021,2022,-1,2020,2022,2023,-1,2023,2022,2024,-1,2023,2024,2025,-1,2025,2024,2026,-1,2025,2026,2027,-1,2027,2026,2028,-1,2027,2028,2029,-1,2029,2028,2030,-1,2029,2030,2031,-1,2031,2030,2032,-1,2031,2032,2033,-1,2034,2033,2035,-1,2035,2033,2032,-1,2036,2034,2037,-1,2037,2034,2035,-1,2038,2036,2039,-1,2039,2036,2037,-1,2040,2038,2041,-1,2041,2038,2039,-1,2042,2040,2043,-1,2043,2040,2041,-1,2042,2043,2044,-1,2042,2044,2045,-1,2045,2044,2046,-1,2045,2046,2047,-1,2047,2046,2048,-1,2047,2048,2049,-1,2049,2048,2050,-1,2049,2050,2051,-1,2051,2050,2052,-1,2051,2052,2053,-1,2053,2052,2054,-1,2053,2054,2055,-1,2055,2054,2056,-1,2055,2056,2057,-1,2057,2056,2058,-1,2057,2058,2059,-1,2059,2058,2060,-1,2059,2060,2061,-1,2061,2060,2062,-1,2061,2062,2063,-1,2063,2062,2064,-1,2063,2064,2065,-1,2065,2064,2066,-1,2065,2066,2067,-1,2068,2067,2069,-1,2069,2067,2066,-1,2070,2068,2071,-1,2071,2068,2069,-1,2072,2070,2073,-1,2073,2070,2071,-1,1953,2072,1955,-1,1955,2072,2073,-1,1953,1952,1977,-1,1977,1952,1956,-1,2040,2042,2067,-1,2034,2005,2033,-1,2033,2005,2006,-1,1953,1977,2072,-1,2072,1977,1978,-1,2072,1978,2070,-1,1982,1984,2036,-1,2036,1984,1986,-1,2036,1986,2034,-1,1971,1973,1975,-1,2053,2067,2051,-1,2051,2067,2049,-1,2042,2045,2067,-1,2067,2045,2047,-1,2067,2047,2049,-1,2053,2055,2067,-1,2067,2055,2057,-1,2067,2057,2059,-1,2059,2061,2067,-1,2067,2061,2063,-1,2067,2063,2065,-1,2023,2025,2033,-1,2033,2025,2027,-1,2033,2027,2031,-1,2031,2027,2029,-1,2067,2068,2040,-1,2040,2068,2070,-1,2040,2070,2038,-1,2038,2070,1978,-1,2038,1978,2036,-1,2036,1978,1980,-1,2036,1980,1982,-1,1986,1988,2034,-1,2034,1988,1990,-1,2034,1990,1992,-1,1956,1959,1977,-1,1977,1959,1961,-1,1977,1961,1963,-1,1963,1965,1977,-1,1977,1965,1967,-1,1977,1967,1975,-1,1975,1967,1969,-1,1975,1969,1971,-1,2009,2017,2006,-1,2006,2017,2019,-1,2006,2019,2033,-1,2033,2019,2020,-1,2033,2020,2023,-1,2009,2011,2017,-1,2017,2011,2013,-1,2017,2013,2015,-1,1992,1995,2034,-1,2034,1995,1997,-1,2034,1997,1999,-1,1999,2001,2034,-1,2034,2001,2003,-1,2034,2003,2005,-1,1957,1954,1955,-1,2073,1981,1979,-1,1962,1960,1958,-1,1991,1989,2035,-1,2062,2060,2052,-1,1972,1970,1957,-1,2035,1989,2037,-1,1989,1987,2037,-1,2037,1987,1985,-1,2037,1985,1983,-1,2030,2028,2026,-1,2050,2048,2066,-1,2066,2048,2046,-1,2073,1979,1955,-1,1955,1979,1976,-1,1955,1976,1957,-1,1957,1976,1974,-1,1957,1974,1972,-1,1970,1968,1957,-1,1957,1968,1966,-1,1957,1966,1958,-1,1958,1966,1964,-1,1958,1964,1962,-1,2030,2026,2032,-1,2032,2026,2024,-1,2032,2024,2022,-1,2050,2066,2052,-1,2052,2066,2064,-1,2052,2064,2062,-1,2060,2058,2052,-1,2052,2058,2056,-1,2052,2056,2054,-1,1983,1981,2037,-1,2037,1981,2073,-1,2037,2073,2039,-1,2039,2073,2071,-1,2039,2071,2041,-1,2041,2071,2069,-1,2041,2069,2043,-1,2043,2069,2066,-1,2043,2066,2044,-1,2044,2066,2046,-1,2010,2016,2012,-1,2012,2016,2014,-1,2021,2018,2007,-1,2007,2018,2016,-1,2007,2016,2008,-1,2008,2016,2010,-1,2022,2021,2032,-1,2032,2021,2007,-1,2032,2007,2035,-1,2035,2007,2004,-1,2035,2004,2002,-1,1996,1994,2035,-1,2035,1994,1993,-1,2035,1993,1991,-1,2002,2000,2035,-1,2035,2000,1998,-1,2035,1998,1996,-1,2074,2075,2076,-1,2076,2075,2077,-1,2078,2074,2079,-1,2079,2074,2076,-1,2078,2079,2080,-1,2078,2080,2081,-1,2081,2080,2082,-1,2081,2082,2083,-1,2083,2082,2084,-1,2083,2084,2085,-1,2085,2084,2086,-1,2085,2086,2087,-1,2087,2086,2088,-1,2087,2088,2089,-1,2089,2088,2090,-1,2089,2090,2091,-1,2091,2090,2092,-1,2091,2092,2093,-1,2093,2092,2094,-1,2093,2094,2095,-1,2095,2094,2096,-1,2095,2096,2097,-1,2097,2096,2098,-1,2097,2098,2099,-1,2100,2099,2101,-1,2101,2099,2098,-1,2100,2101,2102,-1,2102,2101,2103,-1,2102,2103,2104,-1,2104,2103,2105,-1,2104,2105,2106,-1,2106,2105,2107,-1,2106,2107,2108,-1,2108,2107,2109,-1,2108,2109,2110,-1,2110,2109,2111,-1,2110,2111,2112,-1,2112,2111,2113,-1,2114,2112,2115,-1,2115,2112,2113,-1,2114,2115,2116,-1,2114,2116,2117,-1,2117,2116,2118,-1,2117,2118,2119,-1,2119,2118,2120,-1,2119,2120,2121,-1,2121,2120,2122,-1,2121,2122,2123,-1,2123,2122,2124,-1,2123,2124,2125,-1,2125,2124,2126,-1,2125,2126,2127,-1,2128,2127,2129,-1,2129,2127,2126,-1,2128,2129,2130,-1,2128,2130,2131,-1,2131,2130,2132,-1,2131,2132,2133,-1,2133,2132,2134,-1,2133,2134,2135,-1,2135,2134,2136,-1,2135,2136,2137,-1,2137,2136,2138,-1,2137,2138,2139,-1,2139,2138,2140,-1,2139,2140,2141,-1,2142,2141,2143,-1,2143,2141,2140,-1,2142,2143,2144,-1,2142,2144,2145,-1,2145,2144,2146,-1,2145,2146,2147,-1,2147,2146,2148,-1,2147,2148,2149,-1,2149,2148,2150,-1,2149,2150,2151,-1,2151,2150,2152,-1,2151,2152,2153,-1,2153,2152,2154,-1,2153,2154,2155,-1,2156,2155,2157,-1,2157,2155,2154,-1,2158,2156,2159,-1,2159,2156,2157,-1,2160,2158,2161,-1,2161,2158,2159,-1,2162,2160,2163,-1,2163,2160,2161,-1,2164,2162,2165,-1,2165,2162,2163,-1,2164,2165,2166,-1,2164,2166,2167,-1,2167,2166,2168,-1,2167,2168,2169,-1,2169,2168,2170,-1,2169,2170,2171,-1,2171,2170,2172,-1,2171,2172,2173,-1,2173,2172,2174,-1,2173,2174,2175,-1,2175,2174,2176,-1,2175,2176,2177,-1,2177,2176,2178,-1,2177,2178,2179,-1,2179,2178,2180,-1,2179,2180,2181,-1,2181,2180,2182,-1,2181,2182,2183,-1,2183,2182,2184,-1,2183,2184,2185,-1,2185,2184,2186,-1,2185,2186,2187,-1,2187,2186,2188,-1,2187,2188,2189,-1,2190,2189,2191,-1,2191,2189,2188,-1,2192,2190,2193,-1,2193,2190,2191,-1,2194,2192,2195,-1,2195,2192,2193,-1,2075,2194,2077,-1,2077,2194,2195,-1,2075,2074,2099,-1,2099,2074,2078,-1,2162,2164,2189,-1,2156,2127,2155,-1,2155,2127,2128,-1,2075,2099,2194,-1,2194,2099,2100,-1,2194,2100,2192,-1,2104,2106,2158,-1,2158,2106,2108,-1,2158,2108,2156,-1,2093,2095,2097,-1,2175,2189,2173,-1,2173,2189,2171,-1,2164,2167,2189,-1,2189,2167,2169,-1,2189,2169,2171,-1,2175,2177,2189,-1,2189,2177,2179,-1,2189,2179,2181,-1,2181,2183,2189,-1,2189,2183,2185,-1,2189,2185,2187,-1,2145,2147,2155,-1,2155,2147,2149,-1,2155,2149,2153,-1,2153,2149,2151,-1,2189,2190,2162,-1,2162,2190,2192,-1,2162,2192,2160,-1,2160,2192,2100,-1,2160,2100,2158,-1,2158,2100,2102,-1,2158,2102,2104,-1,2108,2110,2156,-1,2156,2110,2112,-1,2156,2112,2114,-1,2078,2081,2099,-1,2099,2081,2083,-1,2099,2083,2085,-1,2085,2087,2099,-1,2099,2087,2089,-1,2099,2089,2097,-1,2097,2089,2091,-1,2097,2091,2093,-1,2131,2139,2128,-1,2128,2139,2141,-1,2128,2141,2155,-1,2155,2141,2142,-1,2155,2142,2145,-1,2131,2133,2139,-1,2139,2133,2135,-1,2139,2135,2137,-1,2114,2117,2156,-1,2156,2117,2119,-1,2156,2119,2121,-1,2121,2123,2156,-1,2156,2123,2125,-1,2156,2125,2127,-1,2079,2076,2077,-1,2195,2103,2101,-1,2084,2082,2080,-1,2113,2111,2157,-1,2184,2182,2174,-1,2094,2092,2079,-1,2157,2111,2159,-1,2111,2109,2159,-1,2159,2109,2107,-1,2159,2107,2105,-1,2152,2150,2148,-1,2172,2170,2188,-1,2188,2170,2168,-1,2195,2101,2077,-1,2077,2101,2098,-1,2077,2098,2079,-1,2079,2098,2096,-1,2079,2096,2094,-1,2092,2090,2079,-1,2079,2090,2088,-1,2079,2088,2080,-1,2080,2088,2086,-1,2080,2086,2084,-1,2152,2148,2154,-1,2154,2148,2146,-1,2154,2146,2144,-1,2172,2188,2174,-1,2174,2188,2186,-1,2174,2186,2184,-1,2182,2180,2174,-1,2174,2180,2178,-1,2174,2178,2176,-1,2105,2103,2159,-1,2159,2103,2195,-1,2159,2195,2161,-1,2161,2195,2193,-1,2161,2193,2163,-1,2163,2193,2191,-1,2163,2191,2165,-1,2165,2191,2188,-1,2165,2188,2166,-1,2166,2188,2168,-1,2132,2138,2134,-1,2134,2138,2136,-1,2143,2140,2129,-1,2129,2140,2138,-1,2129,2138,2130,-1,2130,2138,2132,-1,2144,2143,2154,-1,2154,2143,2129,-1,2154,2129,2157,-1,2157,2129,2126,-1,2157,2126,2124,-1,2118,2116,2157,-1,2157,2116,2115,-1,2157,2115,2113,-1,2124,2122,2157,-1,2157,2122,2120,-1,2157,2120,2118,-1,2196,2197,2198,-1,2198,2197,2199,-1,2200,2196,2201,-1,2201,2196,2198,-1,2200,2201,2202,-1,2200,2202,2203,-1,2203,2202,2204,-1,2203,2204,2205,-1,2205,2204,2206,-1,2205,2206,2207,-1,2207,2206,2208,-1,2207,2208,2209,-1,2209,2208,2210,-1,2209,2210,2211,-1,2211,2210,2212,-1,2211,2212,2213,-1,2213,2212,2214,-1,2213,2214,2215,-1,2215,2214,2216,-1,2215,2216,2217,-1,2217,2216,2218,-1,2217,2218,2219,-1,2219,2218,2220,-1,2219,2220,2221,-1,2222,2221,2223,-1,2223,2221,2220,-1,2222,2223,2224,-1,2224,2223,2225,-1,2224,2225,2226,-1,2226,2225,2227,-1,2226,2227,2228,-1,2228,2227,2229,-1,2228,2229,2230,-1,2230,2229,2231,-1,2230,2231,2232,-1,2232,2231,2233,-1,2232,2233,2234,-1,2234,2233,2235,-1,2236,2234,2237,-1,2237,2234,2235,-1,2236,2237,2238,-1,2236,2238,2239,-1,2239,2238,2240,-1,2239,2240,2241,-1,2241,2240,2242,-1,2241,2242,2243,-1,2243,2242,2244,-1,2243,2244,2245,-1,2245,2244,2246,-1,2245,2246,2247,-1,2247,2246,2248,-1,2247,2248,2249,-1,2250,2249,2251,-1,2251,2249,2248,-1,2250,2251,2252,-1,2250,2252,2253,-1,2253,2252,2254,-1,2253,2254,2255,-1,2255,2254,2256,-1,2255,2256,2257,-1,2257,2256,2258,-1,2257,2258,2259,-1,2259,2258,2260,-1,2259,2260,2261,-1,2261,2260,2262,-1,2261,2262,2263,-1,2264,2263,2265,-1,2265,2263,2262,-1,2264,2265,2266,-1,2264,2266,2267,-1,2267,2266,2268,-1,2267,2268,2269,-1,2269,2268,2270,-1,2269,2270,2271,-1,2271,2270,2272,-1,2271,2272,2273,-1,2273,2272,2274,-1,2273,2274,2275,-1,2275,2274,2276,-1,2275,2276,2277,-1,2278,2277,2279,-1,2279,2277,2276,-1,2280,2278,2281,-1,2281,2278,2279,-1,2282,2280,2283,-1,2283,2280,2281,-1,2284,2282,2285,-1,2285,2282,2283,-1,2286,2284,2287,-1,2287,2284,2285,-1,2286,2287,2288,-1,2286,2288,2289,-1,2289,2288,2290,-1,2289,2290,2291,-1,2291,2290,2292,-1,2291,2292,2293,-1,2293,2292,2294,-1,2293,2294,2295,-1,2295,2294,2296,-1,2295,2296,2297,-1,2297,2296,2298,-1,2297,2298,2299,-1,2299,2298,2300,-1,2299,2300,2301,-1,2301,2300,2302,-1,2301,2302,2303,-1,2303,2302,2304,-1,2303,2304,2305,-1,2305,2304,2306,-1,2305,2306,2307,-1,2307,2306,2308,-1,2307,2308,2309,-1,2309,2308,2310,-1,2309,2310,2311,-1,2312,2311,2313,-1,2313,2311,2310,-1,2314,2312,2315,-1,2315,2312,2313,-1,2316,2314,2317,-1,2317,2314,2315,-1,2197,2316,2199,-1,2199,2316,2317,-1,2197,2196,2221,-1,2221,2196,2200,-1,2284,2286,2311,-1,2278,2249,2277,-1,2277,2249,2250,-1,2197,2221,2316,-1,2316,2221,2222,-1,2316,2222,2314,-1,2226,2228,2280,-1,2280,2228,2230,-1,2280,2230,2278,-1,2215,2217,2219,-1,2297,2311,2295,-1,2295,2311,2293,-1,2286,2289,2311,-1,2311,2289,2291,-1,2311,2291,2293,-1,2297,2299,2311,-1,2311,2299,2301,-1,2311,2301,2303,-1,2303,2305,2311,-1,2311,2305,2307,-1,2311,2307,2309,-1,2267,2269,2277,-1,2277,2269,2271,-1,2277,2271,2275,-1,2275,2271,2273,-1,2311,2312,2284,-1,2284,2312,2314,-1,2284,2314,2282,-1,2282,2314,2222,-1,2282,2222,2280,-1,2280,2222,2224,-1,2280,2224,2226,-1,2230,2232,2278,-1,2278,2232,2234,-1,2278,2234,2236,-1,2200,2203,2221,-1,2221,2203,2205,-1,2221,2205,2207,-1,2207,2209,2221,-1,2221,2209,2211,-1,2221,2211,2219,-1,2219,2211,2213,-1,2219,2213,2215,-1,2253,2261,2250,-1,2250,2261,2263,-1,2250,2263,2277,-1,2277,2263,2264,-1,2277,2264,2267,-1,2253,2255,2261,-1,2261,2255,2257,-1,2261,2257,2259,-1,2236,2239,2278,-1,2278,2239,2241,-1,2278,2241,2243,-1,2243,2245,2278,-1,2278,2245,2247,-1,2278,2247,2249,-1,2201,2198,2199,-1,2317,2225,2223,-1,2206,2204,2202,-1,2235,2233,2279,-1,2306,2304,2296,-1,2216,2214,2201,-1,2279,2233,2281,-1,2233,2231,2281,-1,2281,2231,2229,-1,2281,2229,2227,-1,2274,2272,2270,-1,2294,2292,2310,-1,2310,2292,2290,-1,2317,2223,2199,-1,2199,2223,2220,-1,2199,2220,2201,-1,2201,2220,2218,-1,2201,2218,2216,-1,2214,2212,2201,-1,2201,2212,2210,-1,2201,2210,2202,-1,2202,2210,2208,-1,2202,2208,2206,-1,2274,2270,2276,-1,2276,2270,2268,-1,2276,2268,2266,-1,2294,2310,2296,-1,2296,2310,2308,-1,2296,2308,2306,-1,2304,2302,2296,-1,2296,2302,2300,-1,2296,2300,2298,-1,2227,2225,2281,-1,2281,2225,2317,-1,2281,2317,2283,-1,2283,2317,2315,-1,2283,2315,2285,-1,2285,2315,2313,-1,2285,2313,2287,-1,2287,2313,2310,-1,2287,2310,2288,-1,2288,2310,2290,-1,2254,2260,2256,-1,2256,2260,2258,-1,2265,2262,2251,-1,2251,2262,2260,-1,2251,2260,2252,-1,2252,2260,2254,-1,2266,2265,2276,-1,2276,2265,2251,-1,2276,2251,2279,-1,2279,2251,2248,-1,2279,2248,2246,-1,2240,2238,2279,-1,2279,2238,2237,-1,2279,2237,2235,-1,2246,2244,2279,-1,2279,2244,2242,-1,2279,2242,2240,-1,2318,2319,2320,-1,2320,2319,2321,-1,2322,2318,2323,-1,2323,2318,2320,-1,2322,2323,2324,-1,2322,2324,2325,-1,2325,2324,2326,-1,2325,2326,2327,-1,2327,2326,2328,-1,2327,2328,2329,-1,2329,2328,2330,-1,2329,2330,2331,-1,2331,2330,2332,-1,2331,2332,2333,-1,2333,2332,2334,-1,2333,2334,2335,-1,2335,2334,2336,-1,2335,2336,2337,-1,2337,2336,2338,-1,2337,2338,2339,-1,2339,2338,2340,-1,2339,2340,2341,-1,2341,2340,2342,-1,2341,2342,2343,-1,2344,2343,2345,-1,2345,2343,2342,-1,2344,2345,2346,-1,2346,2345,2347,-1,2346,2347,2348,-1,2348,2347,2349,-1,2348,2349,2350,-1,2350,2349,2351,-1,2350,2351,2352,-1,2352,2351,2353,-1,2352,2353,2354,-1,2354,2353,2355,-1,2354,2355,2356,-1,2356,2355,2357,-1,2358,2356,2359,-1,2359,2356,2357,-1,2358,2359,2360,-1,2358,2360,2361,-1,2361,2360,2362,-1,2361,2362,2363,-1,2363,2362,2364,-1,2363,2364,2365,-1,2365,2364,2366,-1,2365,2366,2367,-1,2367,2366,2368,-1,2367,2368,2369,-1,2369,2368,2370,-1,2369,2370,2371,-1,2372,2371,2373,-1,2373,2371,2370,-1,2372,2373,2374,-1,2372,2374,2375,-1,2375,2374,2376,-1,2375,2376,2377,-1,2377,2376,2378,-1,2377,2378,2379,-1,2379,2378,2380,-1,2379,2380,2381,-1,2381,2380,2382,-1,2381,2382,2383,-1,2383,2382,2384,-1,2383,2384,2385,-1,2386,2385,2387,-1,2387,2385,2384,-1,2386,2387,2388,-1,2386,2388,2389,-1,2389,2388,2390,-1,2389,2390,2391,-1,2391,2390,2392,-1,2391,2392,2393,-1,2393,2392,2394,-1,2393,2394,2395,-1,2395,2394,2396,-1,2395,2396,2397,-1,2397,2396,2398,-1,2397,2398,2399,-1,2400,2399,2401,-1,2401,2399,2398,-1,2402,2400,2403,-1,2403,2400,2401,-1,2404,2402,2405,-1,2405,2402,2403,-1,2406,2404,2407,-1,2407,2404,2405,-1,2408,2406,2409,-1,2409,2406,2407,-1,2408,2409,2410,-1,2408,2410,2411,-1,2411,2410,2412,-1,2411,2412,2413,-1,2413,2412,2414,-1,2413,2414,2415,-1,2415,2414,2416,-1,2415,2416,2417,-1,2417,2416,2418,-1,2417,2418,2419,-1,2419,2418,2420,-1,2419,2420,2421,-1,2421,2420,2422,-1,2421,2422,2423,-1,2423,2422,2424,-1,2423,2424,2425,-1,2425,2424,2426,-1,2425,2426,2427,-1,2427,2426,2428,-1,2427,2428,2429,-1,2429,2428,2430,-1,2429,2430,2431,-1,2431,2430,2432,-1,2431,2432,2433,-1,2434,2433,2435,-1,2435,2433,2432,-1,2436,2434,2437,-1,2437,2434,2435,-1,2438,2436,2439,-1,2439,2436,2437,-1,2319,2438,2321,-1,2321,2438,2439,-1,2319,2318,2343,-1,2343,2318,2322,-1,2406,2408,2433,-1,2400,2371,2399,-1,2399,2371,2372,-1,2319,2343,2438,-1,2438,2343,2344,-1,2438,2344,2436,-1,2348,2350,2402,-1,2402,2350,2352,-1,2402,2352,2400,-1,2337,2339,2341,-1,2419,2433,2417,-1,2417,2433,2415,-1,2408,2411,2433,-1,2433,2411,2413,-1,2433,2413,2415,-1,2419,2421,2433,-1,2433,2421,2423,-1,2433,2423,2425,-1,2425,2427,2433,-1,2433,2427,2429,-1,2433,2429,2431,-1,2389,2391,2399,-1,2399,2391,2393,-1,2399,2393,2397,-1,2397,2393,2395,-1,2433,2434,2406,-1,2406,2434,2436,-1,2406,2436,2404,-1,2404,2436,2344,-1,2404,2344,2402,-1,2402,2344,2346,-1,2402,2346,2348,-1,2352,2354,2400,-1,2400,2354,2356,-1,2400,2356,2358,-1,2322,2325,2343,-1,2343,2325,2327,-1,2343,2327,2329,-1,2329,2331,2343,-1,2343,2331,2333,-1,2343,2333,2341,-1,2341,2333,2335,-1,2341,2335,2337,-1,2375,2383,2372,-1,2372,2383,2385,-1,2372,2385,2399,-1,2399,2385,2386,-1,2399,2386,2389,-1,2375,2377,2383,-1,2383,2377,2379,-1,2383,2379,2381,-1,2358,2361,2400,-1,2400,2361,2363,-1,2400,2363,2365,-1,2365,2367,2400,-1,2400,2367,2369,-1,2400,2369,2371,-1,2323,2320,2321,-1,2439,2347,2345,-1,2328,2326,2324,-1,2357,2355,2401,-1,2428,2426,2418,-1,2338,2336,2323,-1,2401,2355,2403,-1,2355,2353,2403,-1,2403,2353,2351,-1,2403,2351,2349,-1,2396,2394,2392,-1,2416,2414,2432,-1,2432,2414,2412,-1,2439,2345,2321,-1,2321,2345,2342,-1,2321,2342,2323,-1,2323,2342,2340,-1,2323,2340,2338,-1,2336,2334,2323,-1,2323,2334,2332,-1,2323,2332,2324,-1,2324,2332,2330,-1,2324,2330,2328,-1,2396,2392,2398,-1,2398,2392,2390,-1,2398,2390,2388,-1,2416,2432,2418,-1,2418,2432,2430,-1,2418,2430,2428,-1,2426,2424,2418,-1,2418,2424,2422,-1,2418,2422,2420,-1,2349,2347,2403,-1,2403,2347,2439,-1,2403,2439,2405,-1,2405,2439,2437,-1,2405,2437,2407,-1,2407,2437,2435,-1,2407,2435,2409,-1,2409,2435,2432,-1,2409,2432,2410,-1,2410,2432,2412,-1,2376,2382,2378,-1,2378,2382,2380,-1,2387,2384,2373,-1,2373,2384,2382,-1,2373,2382,2374,-1,2374,2382,2376,-1,2388,2387,2398,-1,2398,2387,2373,-1,2398,2373,2401,-1,2401,2373,2370,-1,2401,2370,2368,-1,2362,2360,2401,-1,2401,2360,2359,-1,2401,2359,2357,-1,2368,2366,2401,-1,2401,2366,2364,-1,2401,2364,2362,-1,2440,2441,2442,-1,2442,2441,2443,-1,2444,2440,2445,-1,2445,2440,2442,-1,2444,2445,2446,-1,2444,2446,2447,-1,2447,2446,2448,-1,2447,2448,2449,-1,2449,2448,2450,-1,2449,2450,2451,-1,2451,2450,2452,-1,2451,2452,2453,-1,2453,2452,2454,-1,2453,2454,2455,-1,2455,2454,2456,-1,2455,2456,2457,-1,2457,2456,2458,-1,2457,2458,2459,-1,2459,2458,2460,-1,2459,2460,2461,-1,2461,2460,2462,-1,2461,2462,2463,-1,2463,2462,2464,-1,2463,2464,2465,-1,2466,2465,2467,-1,2467,2465,2464,-1,2466,2467,2468,-1,2468,2467,2469,-1,2468,2469,2470,-1,2470,2469,2471,-1,2470,2471,2472,-1,2472,2471,2473,-1,2472,2473,2474,-1,2474,2473,2475,-1,2474,2475,2476,-1,2476,2475,2477,-1,2476,2477,2478,-1,2478,2477,2479,-1,2480,2478,2481,-1,2481,2478,2479,-1,2480,2481,2482,-1,2480,2482,2483,-1,2483,2482,2484,-1,2483,2484,2485,-1,2485,2484,2486,-1,2485,2486,2487,-1,2487,2486,2488,-1,2487,2488,2489,-1,2489,2488,2490,-1,2489,2490,2491,-1,2491,2490,2492,-1,2491,2492,2493,-1,2494,2493,2495,-1,2495,2493,2492,-1,2494,2495,2496,-1,2494,2496,2497,-1,2497,2496,2498,-1,2497,2498,2499,-1,2499,2498,2500,-1,2499,2500,2501,-1,2501,2500,2502,-1,2501,2502,2503,-1,2503,2502,2504,-1,2503,2504,2505,-1,2505,2504,2506,-1,2505,2506,2507,-1,2508,2507,2509,-1,2509,2507,2506,-1,2508,2509,2510,-1,2508,2510,2511,-1,2511,2510,2512,-1,2511,2512,2513,-1,2513,2512,2514,-1,2513,2514,2515,-1,2515,2514,2516,-1,2515,2516,2517,-1,2517,2516,2518,-1,2517,2518,2519,-1,2519,2518,2520,-1,2519,2520,2521,-1,2522,2521,2523,-1,2523,2521,2520,-1,2524,2522,2525,-1,2525,2522,2523,-1,2526,2524,2527,-1,2527,2524,2525,-1,2528,2526,2529,-1,2529,2526,2527,-1,2530,2528,2531,-1,2531,2528,2529,-1,2530,2531,2532,-1,2530,2532,2533,-1,2533,2532,2534,-1,2533,2534,2535,-1,2535,2534,2536,-1,2535,2536,2537,-1,2537,2536,2538,-1,2537,2538,2539,-1,2539,2538,2540,-1,2539,2540,2541,-1,2541,2540,2542,-1,2541,2542,2543,-1,2543,2542,2544,-1,2543,2544,2545,-1,2545,2544,2546,-1,2545,2546,2547,-1,2547,2546,2548,-1,2547,2548,2549,-1,2549,2548,2550,-1,2549,2550,2551,-1,2551,2550,2552,-1,2551,2552,2553,-1,2553,2552,2554,-1,2553,2554,2555,-1,2556,2555,2557,-1,2557,2555,2554,-1,2558,2556,2559,-1,2559,2556,2557,-1,2560,2558,2561,-1,2561,2558,2559,-1,2441,2560,2443,-1,2443,2560,2561,-1,2441,2440,2465,-1,2465,2440,2444,-1,2528,2530,2555,-1,2522,2493,2521,-1,2521,2493,2494,-1,2441,2465,2560,-1,2560,2465,2466,-1,2560,2466,2558,-1,2470,2472,2524,-1,2524,2472,2474,-1,2524,2474,2522,-1,2459,2461,2463,-1,2541,2555,2539,-1,2539,2555,2537,-1,2530,2533,2555,-1,2555,2533,2535,-1,2555,2535,2537,-1,2541,2543,2555,-1,2555,2543,2545,-1,2555,2545,2547,-1,2547,2549,2555,-1,2555,2549,2551,-1,2555,2551,2553,-1,2511,2513,2521,-1,2521,2513,2515,-1,2521,2515,2519,-1,2519,2515,2517,-1,2555,2556,2528,-1,2528,2556,2558,-1,2528,2558,2526,-1,2526,2558,2466,-1,2526,2466,2524,-1,2524,2466,2468,-1,2524,2468,2470,-1,2474,2476,2522,-1,2522,2476,2478,-1,2522,2478,2480,-1,2444,2447,2465,-1,2465,2447,2449,-1,2465,2449,2451,-1,2451,2453,2465,-1,2465,2453,2455,-1,2465,2455,2463,-1,2463,2455,2457,-1,2463,2457,2459,-1,2497,2505,2494,-1,2494,2505,2507,-1,2494,2507,2521,-1,2521,2507,2508,-1,2521,2508,2511,-1,2497,2499,2505,-1,2505,2499,2501,-1,2505,2501,2503,-1,2480,2483,2522,-1,2522,2483,2485,-1,2522,2485,2487,-1,2487,2489,2522,-1,2522,2489,2491,-1,2522,2491,2493,-1,2445,2442,2443,-1,2561,2469,2467,-1,2450,2448,2446,-1,2479,2477,2523,-1,2550,2548,2540,-1,2460,2458,2445,-1,2523,2477,2525,-1,2477,2475,2525,-1,2525,2475,2473,-1,2525,2473,2471,-1,2518,2516,2514,-1,2538,2536,2554,-1,2554,2536,2534,-1,2561,2467,2443,-1,2443,2467,2464,-1,2443,2464,2445,-1,2445,2464,2462,-1,2445,2462,2460,-1,2458,2456,2445,-1,2445,2456,2454,-1,2445,2454,2446,-1,2446,2454,2452,-1,2446,2452,2450,-1,2518,2514,2520,-1,2520,2514,2512,-1,2520,2512,2510,-1,2538,2554,2540,-1,2540,2554,2552,-1,2540,2552,2550,-1,2548,2546,2540,-1,2540,2546,2544,-1,2540,2544,2542,-1,2471,2469,2525,-1,2525,2469,2561,-1,2525,2561,2527,-1,2527,2561,2559,-1,2527,2559,2529,-1,2529,2559,2557,-1,2529,2557,2531,-1,2531,2557,2554,-1,2531,2554,2532,-1,2532,2554,2534,-1,2498,2504,2500,-1,2500,2504,2502,-1,2509,2506,2495,-1,2495,2506,2504,-1,2495,2504,2496,-1,2496,2504,2498,-1,2510,2509,2520,-1,2520,2509,2495,-1,2520,2495,2523,-1,2523,2495,2492,-1,2523,2492,2490,-1,2484,2482,2523,-1,2523,2482,2481,-1,2523,2481,2479,-1,2490,2488,2523,-1,2523,2488,2486,-1,2523,2486,2484,-1,2562,2563,2564,-1,2564,2563,2565,-1,2566,2562,2567,-1,2567,2562,2564,-1,2566,2567,2568,-1,2566,2568,2569,-1,2569,2568,2570,-1,2569,2570,2571,-1,2571,2570,2572,-1,2571,2572,2573,-1,2573,2572,2574,-1,2573,2574,2575,-1,2575,2574,2576,-1,2575,2576,2577,-1,2577,2576,2578,-1,2577,2578,2579,-1,2579,2578,2580,-1,2579,2580,2581,-1,2581,2580,2582,-1,2581,2582,2583,-1,2583,2582,2584,-1,2583,2584,2585,-1,2585,2584,2586,-1,2585,2586,2587,-1,2588,2587,2589,-1,2589,2587,2586,-1,2588,2589,2590,-1,2590,2589,2591,-1,2590,2591,2592,-1,2592,2591,2593,-1,2592,2593,2594,-1,2594,2593,2595,-1,2594,2595,2596,-1,2596,2595,2597,-1,2596,2597,2598,-1,2598,2597,2599,-1,2598,2599,2600,-1,2600,2599,2601,-1,2602,2600,2603,-1,2603,2600,2601,-1,2602,2603,2604,-1,2602,2604,2605,-1,2605,2604,2606,-1,2605,2606,2607,-1,2607,2606,2608,-1,2607,2608,2609,-1,2609,2608,2610,-1,2609,2610,2611,-1,2611,2610,2612,-1,2611,2612,2613,-1,2613,2612,2614,-1,2613,2614,2615,-1,2616,2615,2617,-1,2617,2615,2614,-1,2616,2617,2618,-1,2616,2618,2619,-1,2619,2618,2620,-1,2619,2620,2621,-1,2621,2620,2622,-1,2621,2622,2623,-1,2623,2622,2624,-1,2623,2624,2625,-1,2625,2624,2626,-1,2625,2626,2627,-1,2627,2626,2628,-1,2627,2628,2629,-1,2630,2629,2631,-1,2631,2629,2628,-1,2630,2631,2632,-1,2630,2632,2633,-1,2633,2632,2634,-1,2633,2634,2635,-1,2635,2634,2636,-1,2635,2636,2637,-1,2637,2636,2638,-1,2637,2638,2639,-1,2639,2638,2640,-1,2639,2640,2641,-1,2641,2640,2642,-1,2641,2642,2643,-1,2644,2643,2645,-1,2645,2643,2642,-1,2646,2644,2647,-1,2647,2644,2645,-1,2648,2646,2649,-1,2649,2646,2647,-1,2650,2648,2651,-1,2651,2648,2649,-1,2652,2650,2653,-1,2653,2650,2651,-1,2652,2653,2654,-1,2652,2654,2655,-1,2655,2654,2656,-1,2655,2656,2657,-1,2657,2656,2658,-1,2657,2658,2659,-1,2659,2658,2660,-1,2659,2660,2661,-1,2661,2660,2662,-1,2661,2662,2663,-1,2663,2662,2664,-1,2663,2664,2665,-1,2665,2664,2666,-1,2665,2666,2667,-1,2667,2666,2668,-1,2667,2668,2669,-1,2669,2668,2670,-1,2669,2670,2671,-1,2671,2670,2672,-1,2671,2672,2673,-1,2673,2672,2674,-1,2673,2674,2675,-1,2675,2674,2676,-1,2675,2676,2677,-1,2678,2677,2679,-1,2679,2677,2676,-1,2680,2678,2681,-1,2681,2678,2679,-1,2682,2680,2683,-1,2683,2680,2681,-1,2563,2682,2565,-1,2565,2682,2683,-1,2563,2562,2587,-1,2587,2562,2566,-1,2650,2652,2677,-1,2644,2615,2643,-1,2643,2615,2616,-1,2563,2587,2682,-1,2682,2587,2588,-1,2682,2588,2680,-1,2592,2594,2646,-1,2646,2594,2596,-1,2646,2596,2644,-1,2581,2583,2585,-1,2663,2677,2661,-1,2661,2677,2659,-1,2652,2655,2677,-1,2677,2655,2657,-1,2677,2657,2659,-1,2663,2665,2677,-1,2677,2665,2667,-1,2677,2667,2669,-1,2669,2671,2677,-1,2677,2671,2673,-1,2677,2673,2675,-1,2633,2635,2643,-1,2643,2635,2637,-1,2643,2637,2641,-1,2641,2637,2639,-1,2677,2678,2650,-1,2650,2678,2680,-1,2650,2680,2648,-1,2648,2680,2588,-1,2648,2588,2646,-1,2646,2588,2590,-1,2646,2590,2592,-1,2596,2598,2644,-1,2644,2598,2600,-1,2644,2600,2602,-1,2566,2569,2587,-1,2587,2569,2571,-1,2587,2571,2573,-1,2573,2575,2587,-1,2587,2575,2577,-1,2587,2577,2585,-1,2585,2577,2579,-1,2585,2579,2581,-1,2619,2627,2616,-1,2616,2627,2629,-1,2616,2629,2643,-1,2643,2629,2630,-1,2643,2630,2633,-1,2619,2621,2627,-1,2627,2621,2623,-1,2627,2623,2625,-1,2602,2605,2644,-1,2644,2605,2607,-1,2644,2607,2609,-1,2609,2611,2644,-1,2644,2611,2613,-1,2644,2613,2615,-1,2567,2564,2565,-1,2683,2591,2589,-1,2572,2570,2568,-1,2601,2599,2645,-1,2672,2670,2662,-1,2582,2580,2567,-1,2645,2599,2647,-1,2599,2597,2647,-1,2647,2597,2595,-1,2647,2595,2593,-1,2640,2638,2636,-1,2660,2658,2676,-1,2676,2658,2656,-1,2683,2589,2565,-1,2565,2589,2586,-1,2565,2586,2567,-1,2567,2586,2584,-1,2567,2584,2582,-1,2580,2578,2567,-1,2567,2578,2576,-1,2567,2576,2568,-1,2568,2576,2574,-1,2568,2574,2572,-1,2640,2636,2642,-1,2642,2636,2634,-1,2642,2634,2632,-1,2660,2676,2662,-1,2662,2676,2674,-1,2662,2674,2672,-1,2670,2668,2662,-1,2662,2668,2666,-1,2662,2666,2664,-1,2593,2591,2647,-1,2647,2591,2683,-1,2647,2683,2649,-1,2649,2683,2681,-1,2649,2681,2651,-1,2651,2681,2679,-1,2651,2679,2653,-1,2653,2679,2676,-1,2653,2676,2654,-1,2654,2676,2656,-1,2620,2626,2622,-1,2622,2626,2624,-1,2631,2628,2617,-1,2617,2628,2626,-1,2617,2626,2618,-1,2618,2626,2620,-1,2632,2631,2642,-1,2642,2631,2617,-1,2642,2617,2645,-1,2645,2617,2614,-1,2645,2614,2612,-1,2606,2604,2645,-1,2645,2604,2603,-1,2645,2603,2601,-1,2612,2610,2645,-1,2645,2610,2608,-1,2645,2608,2606,-1,2684,2685,2686,-1,2686,2685,2687,-1,2688,2684,2689,-1,2689,2684,2686,-1,2688,2689,2690,-1,2688,2690,2691,-1,2691,2690,2692,-1,2691,2692,2693,-1,2693,2692,2694,-1,2693,2694,2695,-1,2695,2694,2696,-1,2695,2696,2697,-1,2697,2696,2698,-1,2697,2698,2699,-1,2699,2698,2700,-1,2699,2700,2701,-1,2701,2700,2702,-1,2701,2702,2703,-1,2703,2702,2704,-1,2703,2704,2705,-1,2705,2704,2706,-1,2705,2706,2707,-1,2707,2706,2708,-1,2707,2708,2709,-1,2710,2709,2711,-1,2711,2709,2708,-1,2710,2711,2712,-1,2712,2711,2713,-1,2712,2713,2714,-1,2714,2713,2715,-1,2714,2715,2716,-1,2716,2715,2717,-1,2716,2717,2718,-1,2718,2717,2719,-1,2718,2719,2720,-1,2720,2719,2721,-1,2720,2721,2722,-1,2722,2721,2723,-1,2724,2722,2725,-1,2725,2722,2723,-1,2724,2725,2726,-1,2724,2726,2727,-1,2727,2726,2728,-1,2727,2728,2729,-1,2729,2728,2730,-1,2729,2730,2731,-1,2731,2730,2732,-1,2731,2732,2733,-1,2733,2732,2734,-1,2733,2734,2735,-1,2735,2734,2736,-1,2735,2736,2737,-1,2738,2737,2739,-1,2739,2737,2736,-1,2738,2739,2740,-1,2738,2740,2741,-1,2741,2740,2742,-1,2741,2742,2743,-1,2743,2742,2744,-1,2743,2744,2745,-1,2745,2744,2746,-1,2745,2746,2747,-1,2747,2746,2748,-1,2747,2748,2749,-1,2749,2748,2750,-1,2749,2750,2751,-1,2752,2751,2753,-1,2753,2751,2750,-1,2752,2753,2754,-1,2752,2754,2755,-1,2755,2754,2756,-1,2755,2756,2757,-1,2757,2756,2758,-1,2757,2758,2759,-1,2759,2758,2760,-1,2759,2760,2761,-1,2761,2760,2762,-1,2761,2762,2763,-1,2763,2762,2764,-1,2763,2764,2765,-1,2766,2765,2767,-1,2767,2765,2764,-1,2768,2766,2769,-1,2769,2766,2767,-1,2770,2768,2771,-1,2771,2768,2769,-1,2772,2770,2773,-1,2773,2770,2771,-1,2774,2772,2775,-1,2775,2772,2773,-1,2774,2775,2776,-1,2774,2776,2777,-1,2777,2776,2778,-1,2777,2778,2779,-1,2779,2778,2780,-1,2779,2780,2781,-1,2781,2780,2782,-1,2781,2782,2783,-1,2783,2782,2784,-1,2783,2784,2785,-1,2785,2784,2786,-1,2785,2786,2787,-1,2787,2786,2788,-1,2787,2788,2789,-1,2789,2788,2790,-1,2789,2790,2791,-1,2791,2790,2792,-1,2791,2792,2793,-1,2793,2792,2794,-1,2793,2794,2795,-1,2795,2794,2796,-1,2795,2796,2797,-1,2797,2796,2798,-1,2797,2798,2799,-1,2800,2799,2801,-1,2801,2799,2798,-1,2802,2800,2803,-1,2803,2800,2801,-1,2804,2802,2805,-1,2805,2802,2803,-1,2685,2804,2687,-1,2687,2804,2805,-1,2685,2684,2709,-1,2709,2684,2688,-1,2772,2774,2799,-1,2766,2737,2765,-1,2765,2737,2738,-1,2685,2709,2804,-1,2804,2709,2710,-1,2804,2710,2802,-1,2714,2716,2768,-1,2768,2716,2718,-1,2768,2718,2766,-1,2703,2705,2707,-1,2785,2799,2783,-1,2783,2799,2781,-1,2774,2777,2799,-1,2799,2777,2779,-1,2799,2779,2781,-1,2785,2787,2799,-1,2799,2787,2789,-1,2799,2789,2791,-1,2791,2793,2799,-1,2799,2793,2795,-1,2799,2795,2797,-1,2755,2757,2765,-1,2765,2757,2759,-1,2765,2759,2763,-1,2763,2759,2761,-1,2799,2800,2772,-1,2772,2800,2802,-1,2772,2802,2770,-1,2770,2802,2710,-1,2770,2710,2768,-1,2768,2710,2712,-1,2768,2712,2714,-1,2718,2720,2766,-1,2766,2720,2722,-1,2766,2722,2724,-1,2688,2691,2709,-1,2709,2691,2693,-1,2709,2693,2695,-1,2695,2697,2709,-1,2709,2697,2699,-1,2709,2699,2707,-1,2707,2699,2701,-1,2707,2701,2703,-1,2741,2749,2738,-1,2738,2749,2751,-1,2738,2751,2765,-1,2765,2751,2752,-1,2765,2752,2755,-1,2741,2743,2749,-1,2749,2743,2745,-1,2749,2745,2747,-1,2724,2727,2766,-1,2766,2727,2729,-1,2766,2729,2731,-1,2731,2733,2766,-1,2766,2733,2735,-1,2766,2735,2737,-1,2689,2686,2687,-1,2805,2713,2711,-1,2694,2692,2690,-1,2723,2721,2767,-1,2794,2792,2784,-1,2704,2702,2689,-1,2767,2721,2769,-1,2721,2719,2769,-1,2769,2719,2717,-1,2769,2717,2715,-1,2762,2760,2758,-1,2782,2780,2798,-1,2798,2780,2778,-1,2805,2711,2687,-1,2687,2711,2708,-1,2687,2708,2689,-1,2689,2708,2706,-1,2689,2706,2704,-1,2702,2700,2689,-1,2689,2700,2698,-1,2689,2698,2690,-1,2690,2698,2696,-1,2690,2696,2694,-1,2762,2758,2764,-1,2764,2758,2756,-1,2764,2756,2754,-1,2782,2798,2784,-1,2784,2798,2796,-1,2784,2796,2794,-1,2792,2790,2784,-1,2784,2790,2788,-1,2784,2788,2786,-1,2715,2713,2769,-1,2769,2713,2805,-1,2769,2805,2771,-1,2771,2805,2803,-1,2771,2803,2773,-1,2773,2803,2801,-1,2773,2801,2775,-1,2775,2801,2798,-1,2775,2798,2776,-1,2776,2798,2778,-1,2742,2748,2744,-1,2744,2748,2746,-1,2753,2750,2739,-1,2739,2750,2748,-1,2739,2748,2740,-1,2740,2748,2742,-1,2754,2753,2764,-1,2764,2753,2739,-1,2764,2739,2767,-1,2767,2739,2736,-1,2767,2736,2734,-1,2728,2726,2767,-1,2767,2726,2725,-1,2767,2725,2723,-1,2734,2732,2767,-1,2767,2732,2730,-1,2767,2730,2728,-1,2806,2807,2808,-1,2808,2807,2809,-1,2810,2806,2811,-1,2811,2806,2808,-1,2810,2811,2812,-1,2810,2812,2813,-1,2813,2812,2814,-1,2813,2814,2815,-1,2815,2814,2816,-1,2815,2816,2817,-1,2817,2816,2818,-1,2817,2818,2819,-1,2819,2818,2820,-1,2819,2820,2821,-1,2821,2820,2822,-1,2821,2822,2823,-1,2823,2822,2824,-1,2823,2824,2825,-1,2825,2824,2826,-1,2825,2826,2827,-1,2827,2826,2828,-1,2827,2828,2829,-1,2829,2828,2830,-1,2829,2830,2831,-1,2832,2831,2833,-1,2833,2831,2830,-1,2832,2833,2834,-1,2834,2833,2835,-1,2834,2835,2836,-1,2836,2835,2837,-1,2836,2837,2838,-1,2838,2837,2839,-1,2838,2839,2840,-1,2840,2839,2841,-1,2840,2841,2842,-1,2842,2841,2843,-1,2842,2843,2844,-1,2844,2843,2845,-1,2846,2844,2847,-1,2847,2844,2845,-1,2846,2847,2848,-1,2846,2848,2849,-1,2849,2848,2850,-1,2849,2850,2851,-1,2851,2850,2852,-1,2851,2852,2853,-1,2853,2852,2854,-1,2853,2854,2855,-1,2855,2854,2856,-1,2855,2856,2857,-1,2857,2856,2858,-1,2857,2858,2859,-1,2860,2859,2861,-1,2861,2859,2858,-1,2860,2861,2862,-1,2860,2862,2863,-1,2863,2862,2864,-1,2863,2864,2865,-1,2865,2864,2866,-1,2865,2866,2867,-1,2867,2866,2868,-1,2867,2868,2869,-1,2869,2868,2870,-1,2869,2870,2871,-1,2871,2870,2872,-1,2871,2872,2873,-1,2874,2873,2875,-1,2875,2873,2872,-1,2874,2875,2876,-1,2874,2876,2877,-1,2877,2876,2878,-1,2877,2878,2879,-1,2879,2878,2880,-1,2879,2880,2881,-1,2881,2880,2882,-1,2881,2882,2883,-1,2883,2882,2884,-1,2883,2884,2885,-1,2885,2884,2886,-1,2885,2886,2887,-1,2888,2887,2889,-1,2889,2887,2886,-1,2890,2888,2891,-1,2891,2888,2889,-1,2892,2890,2893,-1,2893,2890,2891,-1,2894,2892,2895,-1,2895,2892,2893,-1,2896,2894,2897,-1,2897,2894,2895,-1,2896,2897,2898,-1,2896,2898,2899,-1,2899,2898,2900,-1,2899,2900,2901,-1,2901,2900,2902,-1,2901,2902,2903,-1,2903,2902,2904,-1,2903,2904,2905,-1,2905,2904,2906,-1,2905,2906,2907,-1,2907,2906,2908,-1,2907,2908,2909,-1,2909,2908,2910,-1,2909,2910,2911,-1,2911,2910,2912,-1,2911,2912,2913,-1,2913,2912,2914,-1,2913,2914,2915,-1,2915,2914,2916,-1,2915,2916,2917,-1,2917,2916,2918,-1,2917,2918,2919,-1,2919,2918,2920,-1,2919,2920,2921,-1,2922,2921,2923,-1,2923,2921,2920,-1,2924,2922,2925,-1,2925,2922,2923,-1,2926,2924,2927,-1,2927,2924,2925,-1,2807,2926,2809,-1,2809,2926,2927,-1,2807,2806,2831,-1,2831,2806,2810,-1,2894,2896,2921,-1,2888,2859,2887,-1,2887,2859,2860,-1,2807,2831,2926,-1,2926,2831,2832,-1,2926,2832,2924,-1,2836,2838,2890,-1,2890,2838,2840,-1,2890,2840,2888,-1,2825,2827,2829,-1,2907,2921,2905,-1,2905,2921,2903,-1,2896,2899,2921,-1,2921,2899,2901,-1,2921,2901,2903,-1,2907,2909,2921,-1,2921,2909,2911,-1,2921,2911,2913,-1,2913,2915,2921,-1,2921,2915,2917,-1,2921,2917,2919,-1,2877,2879,2887,-1,2887,2879,2881,-1,2887,2881,2885,-1,2885,2881,2883,-1,2921,2922,2894,-1,2894,2922,2924,-1,2894,2924,2892,-1,2892,2924,2832,-1,2892,2832,2890,-1,2890,2832,2834,-1,2890,2834,2836,-1,2840,2842,2888,-1,2888,2842,2844,-1,2888,2844,2846,-1,2810,2813,2831,-1,2831,2813,2815,-1,2831,2815,2817,-1,2817,2819,2831,-1,2831,2819,2821,-1,2831,2821,2829,-1,2829,2821,2823,-1,2829,2823,2825,-1,2863,2871,2860,-1,2860,2871,2873,-1,2860,2873,2887,-1,2887,2873,2874,-1,2887,2874,2877,-1,2863,2865,2871,-1,2871,2865,2867,-1,2871,2867,2869,-1,2846,2849,2888,-1,2888,2849,2851,-1,2888,2851,2853,-1,2853,2855,2888,-1,2888,2855,2857,-1,2888,2857,2859,-1,2811,2808,2809,-1,2927,2835,2833,-1,2816,2814,2812,-1,2845,2843,2889,-1,2916,2914,2906,-1,2826,2824,2811,-1,2889,2843,2891,-1,2843,2841,2891,-1,2891,2841,2839,-1,2891,2839,2837,-1,2884,2882,2880,-1,2904,2902,2920,-1,2920,2902,2900,-1,2927,2833,2809,-1,2809,2833,2830,-1,2809,2830,2811,-1,2811,2830,2828,-1,2811,2828,2826,-1,2824,2822,2811,-1,2811,2822,2820,-1,2811,2820,2812,-1,2812,2820,2818,-1,2812,2818,2816,-1,2884,2880,2886,-1,2886,2880,2878,-1,2886,2878,2876,-1,2904,2920,2906,-1,2906,2920,2918,-1,2906,2918,2916,-1,2914,2912,2906,-1,2906,2912,2910,-1,2906,2910,2908,-1,2837,2835,2891,-1,2891,2835,2927,-1,2891,2927,2893,-1,2893,2927,2925,-1,2893,2925,2895,-1,2895,2925,2923,-1,2895,2923,2897,-1,2897,2923,2920,-1,2897,2920,2898,-1,2898,2920,2900,-1,2864,2870,2866,-1,2866,2870,2868,-1,2875,2872,2861,-1,2861,2872,2870,-1,2861,2870,2862,-1,2862,2870,2864,-1,2876,2875,2886,-1,2886,2875,2861,-1,2886,2861,2889,-1,2889,2861,2858,-1,2889,2858,2856,-1,2850,2848,2889,-1,2889,2848,2847,-1,2889,2847,2845,-1,2856,2854,2889,-1,2889,2854,2852,-1,2889,2852,2850,-1,2928,2929,2930,-1,2930,2929,2931,-1,2932,2928,2933,-1,2933,2928,2930,-1,2932,2933,2934,-1,2932,2934,2935,-1,2935,2934,2936,-1,2935,2936,2937,-1,2937,2936,2938,-1,2937,2938,2939,-1,2939,2938,2940,-1,2939,2940,2941,-1,2941,2940,2942,-1,2941,2942,2943,-1,2943,2942,2944,-1,2943,2944,2945,-1,2945,2944,2946,-1,2945,2946,2947,-1,2947,2946,2948,-1,2947,2948,2949,-1,2949,2948,2950,-1,2949,2950,2951,-1,2951,2950,2952,-1,2951,2952,2953,-1,2954,2953,2955,-1,2955,2953,2952,-1,2954,2955,2956,-1,2956,2955,2957,-1,2956,2957,2958,-1,2958,2957,2959,-1,2958,2959,2960,-1,2960,2959,2961,-1,2960,2961,2962,-1,2962,2961,2963,-1,2962,2963,2964,-1,2964,2963,2965,-1,2964,2965,2966,-1,2966,2965,2967,-1,2968,2966,2969,-1,2969,2966,2967,-1,2968,2969,2970,-1,2968,2970,2971,-1,2971,2970,2972,-1,2971,2972,2973,-1,2973,2972,2974,-1,2973,2974,2975,-1,2975,2974,2976,-1,2975,2976,2977,-1,2977,2976,2978,-1,2977,2978,2979,-1,2979,2978,2980,-1,2979,2980,2981,-1,2982,2981,2983,-1,2983,2981,2980,-1,2982,2983,2984,-1,2982,2984,2985,-1,2985,2984,2986,-1,2985,2986,2987,-1,2987,2986,2988,-1,2987,2988,2989,-1,2989,2988,2990,-1,2989,2990,2991,-1,2991,2990,2992,-1,2991,2992,2993,-1,2993,2992,2994,-1,2993,2994,2995,-1,2996,2995,2997,-1,2997,2995,2994,-1,2996,2997,2998,-1,2996,2998,2999,-1,2999,2998,3000,-1,2999,3000,3001,-1,3001,3000,3002,-1,3001,3002,3003,-1,3003,3002,3004,-1,3003,3004,3005,-1,3005,3004,3006,-1,3005,3006,3007,-1,3007,3006,3008,-1,3007,3008,3009,-1,3010,3009,3011,-1,3011,3009,3008,-1,3012,3010,3013,-1,3013,3010,3011,-1,3014,3012,3015,-1,3015,3012,3013,-1,3016,3014,3017,-1,3017,3014,3015,-1,3018,3016,3019,-1,3019,3016,3017,-1,3018,3019,3020,-1,3018,3020,3021,-1,3021,3020,3022,-1,3021,3022,3023,-1,3023,3022,3024,-1,3023,3024,3025,-1,3025,3024,3026,-1,3025,3026,3027,-1,3027,3026,3028,-1,3027,3028,3029,-1,3029,3028,3030,-1,3029,3030,3031,-1,3031,3030,3032,-1,3031,3032,3033,-1,3033,3032,3034,-1,3033,3034,3035,-1,3035,3034,3036,-1,3035,3036,3037,-1,3037,3036,3038,-1,3037,3038,3039,-1,3039,3038,3040,-1,3039,3040,3041,-1,3041,3040,3042,-1,3041,3042,3043,-1,3044,3043,3045,-1,3045,3043,3042,-1,3046,3044,3047,-1,3047,3044,3045,-1,3048,3046,3049,-1,3049,3046,3047,-1,2929,3048,2931,-1,2931,3048,3049,-1,2929,2928,2953,-1,2953,2928,2932,-1,3016,3018,3043,-1,3010,2981,3009,-1,3009,2981,2982,-1,2929,2953,3048,-1,3048,2953,2954,-1,3048,2954,3046,-1,2958,2960,3012,-1,3012,2960,2962,-1,3012,2962,3010,-1,2947,2949,2951,-1,3029,3043,3027,-1,3027,3043,3025,-1,3018,3021,3043,-1,3043,3021,3023,-1,3043,3023,3025,-1,3029,3031,3043,-1,3043,3031,3033,-1,3043,3033,3035,-1,3035,3037,3043,-1,3043,3037,3039,-1,3043,3039,3041,-1,2999,3001,3009,-1,3009,3001,3003,-1,3009,3003,3007,-1,3007,3003,3005,-1,3043,3044,3016,-1,3016,3044,3046,-1,3016,3046,3014,-1,3014,3046,2954,-1,3014,2954,3012,-1,3012,2954,2956,-1,3012,2956,2958,-1,2962,2964,3010,-1,3010,2964,2966,-1,3010,2966,2968,-1,2932,2935,2953,-1,2953,2935,2937,-1,2953,2937,2939,-1,2939,2941,2953,-1,2953,2941,2943,-1,2953,2943,2951,-1,2951,2943,2945,-1,2951,2945,2947,-1,2985,2993,2982,-1,2982,2993,2995,-1,2982,2995,3009,-1,3009,2995,2996,-1,3009,2996,2999,-1,2985,2987,2993,-1,2993,2987,2989,-1,2993,2989,2991,-1,2968,2971,3010,-1,3010,2971,2973,-1,3010,2973,2975,-1,2975,2977,3010,-1,3010,2977,2979,-1,3010,2979,2981,-1,2933,2930,2931,-1,3049,2957,2955,-1,2938,2936,2934,-1,2967,2965,3011,-1,3038,3036,3028,-1,2948,2946,2933,-1,3011,2965,3013,-1,2965,2963,3013,-1,3013,2963,2961,-1,3013,2961,2959,-1,3006,3004,3002,-1,3026,3024,3042,-1,3042,3024,3022,-1,3049,2955,2931,-1,2931,2955,2952,-1,2931,2952,2933,-1,2933,2952,2950,-1,2933,2950,2948,-1,2946,2944,2933,-1,2933,2944,2942,-1,2933,2942,2934,-1,2934,2942,2940,-1,2934,2940,2938,-1,3006,3002,3008,-1,3008,3002,3000,-1,3008,3000,2998,-1,3026,3042,3028,-1,3028,3042,3040,-1,3028,3040,3038,-1,3036,3034,3028,-1,3028,3034,3032,-1,3028,3032,3030,-1,2959,2957,3013,-1,3013,2957,3049,-1,3013,3049,3015,-1,3015,3049,3047,-1,3015,3047,3017,-1,3017,3047,3045,-1,3017,3045,3019,-1,3019,3045,3042,-1,3019,3042,3020,-1,3020,3042,3022,-1,2986,2992,2988,-1,2988,2992,2990,-1,2997,2994,2983,-1,2983,2994,2992,-1,2983,2992,2984,-1,2984,2992,2986,-1,2998,2997,3008,-1,3008,2997,2983,-1,3008,2983,3011,-1,3011,2983,2980,-1,3011,2980,2978,-1,2972,2970,3011,-1,3011,2970,2969,-1,3011,2969,2967,-1,2978,2976,3011,-1,3011,2976,2974,-1,3011,2974,2972,-1,3050,3051,3052,-1,3052,3051,3053,-1,3054,3050,3055,-1,3055,3050,3052,-1,3054,3055,3056,-1,3054,3056,3057,-1,3057,3056,3058,-1,3057,3058,3059,-1,3059,3058,3060,-1,3059,3060,3061,-1,3061,3060,3062,-1,3061,3062,3063,-1,3063,3062,3064,-1,3063,3064,3065,-1,3065,3064,3066,-1,3065,3066,3067,-1,3067,3066,3068,-1,3067,3068,3069,-1,3069,3068,3070,-1,3069,3070,3071,-1,3071,3070,3072,-1,3071,3072,3073,-1,3073,3072,3074,-1,3073,3074,3075,-1,3076,3075,3077,-1,3077,3075,3074,-1,3076,3077,3078,-1,3078,3077,3079,-1,3078,3079,3080,-1,3080,3079,3081,-1,3080,3081,3082,-1,3082,3081,3083,-1,3082,3083,3084,-1,3084,3083,3085,-1,3084,3085,3086,-1,3086,3085,3087,-1,3086,3087,3088,-1,3088,3087,3089,-1,3090,3088,3091,-1,3091,3088,3089,-1,3090,3091,3092,-1,3090,3092,3093,-1,3093,3092,3094,-1,3093,3094,3095,-1,3095,3094,3096,-1,3095,3096,3097,-1,3097,3096,3098,-1,3097,3098,3099,-1,3099,3098,3100,-1,3099,3100,3101,-1,3101,3100,3102,-1,3101,3102,3103,-1,3104,3103,3105,-1,3105,3103,3102,-1,3104,3105,3106,-1,3104,3106,3107,-1,3107,3106,3108,-1,3107,3108,3109,-1,3109,3108,3110,-1,3109,3110,3111,-1,3111,3110,3112,-1,3111,3112,3113,-1,3113,3112,3114,-1,3113,3114,3115,-1,3115,3114,3116,-1,3115,3116,3117,-1,3118,3117,3119,-1,3119,3117,3116,-1,3118,3119,3120,-1,3118,3120,3121,-1,3121,3120,3122,-1,3121,3122,3123,-1,3123,3122,3124,-1,3123,3124,3125,-1,3125,3124,3126,-1,3125,3126,3127,-1,3127,3126,3128,-1,3127,3128,3129,-1,3129,3128,3130,-1,3129,3130,3131,-1,3132,3131,3133,-1,3133,3131,3130,-1,3134,3132,3135,-1,3135,3132,3133,-1,3136,3134,3137,-1,3137,3134,3135,-1,3138,3136,3139,-1,3139,3136,3137,-1,3140,3138,3141,-1,3141,3138,3139,-1,3140,3141,3142,-1,3140,3142,3143,-1,3143,3142,3144,-1,3143,3144,3145,-1,3145,3144,3146,-1,3145,3146,3147,-1,3147,3146,3148,-1,3147,3148,3149,-1,3149,3148,3150,-1,3149,3150,3151,-1,3151,3150,3152,-1,3151,3152,3153,-1,3153,3152,3154,-1,3153,3154,3155,-1,3155,3154,3156,-1,3155,3156,3157,-1,3157,3156,3158,-1,3157,3158,3159,-1,3159,3158,3160,-1,3159,3160,3161,-1,3161,3160,3162,-1,3161,3162,3163,-1,3163,3162,3164,-1,3163,3164,3165,-1,3166,3165,3167,-1,3167,3165,3164,-1,3168,3166,3169,-1,3169,3166,3167,-1,3170,3168,3171,-1,3171,3168,3169,-1,3051,3170,3053,-1,3053,3170,3171,-1,3051,3050,3075,-1,3075,3050,3054,-1,3138,3140,3165,-1,3132,3103,3131,-1,3131,3103,3104,-1,3051,3075,3170,-1,3170,3075,3076,-1,3170,3076,3168,-1,3080,3082,3134,-1,3134,3082,3084,-1,3134,3084,3132,-1,3069,3071,3073,-1,3151,3165,3149,-1,3149,3165,3147,-1,3140,3143,3165,-1,3165,3143,3145,-1,3165,3145,3147,-1,3151,3153,3165,-1,3165,3153,3155,-1,3165,3155,3157,-1,3157,3159,3165,-1,3165,3159,3161,-1,3165,3161,3163,-1,3121,3123,3131,-1,3131,3123,3125,-1,3131,3125,3129,-1,3129,3125,3127,-1,3165,3166,3138,-1,3138,3166,3168,-1,3138,3168,3136,-1,3136,3168,3076,-1,3136,3076,3134,-1,3134,3076,3078,-1,3134,3078,3080,-1,3084,3086,3132,-1,3132,3086,3088,-1,3132,3088,3090,-1,3054,3057,3075,-1,3075,3057,3059,-1,3075,3059,3061,-1,3061,3063,3075,-1,3075,3063,3065,-1,3075,3065,3073,-1,3073,3065,3067,-1,3073,3067,3069,-1,3107,3115,3104,-1,3104,3115,3117,-1,3104,3117,3131,-1,3131,3117,3118,-1,3131,3118,3121,-1,3107,3109,3115,-1,3115,3109,3111,-1,3115,3111,3113,-1,3090,3093,3132,-1,3132,3093,3095,-1,3132,3095,3097,-1,3097,3099,3132,-1,3132,3099,3101,-1,3132,3101,3103,-1,3055,3052,3053,-1,3171,3079,3077,-1,3060,3058,3056,-1,3089,3087,3133,-1,3160,3158,3150,-1,3070,3068,3055,-1,3133,3087,3135,-1,3087,3085,3135,-1,3135,3085,3083,-1,3135,3083,3081,-1,3128,3126,3124,-1,3148,3146,3164,-1,3164,3146,3144,-1,3171,3077,3053,-1,3053,3077,3074,-1,3053,3074,3055,-1,3055,3074,3072,-1,3055,3072,3070,-1,3068,3066,3055,-1,3055,3066,3064,-1,3055,3064,3056,-1,3056,3064,3062,-1,3056,3062,3060,-1,3128,3124,3130,-1,3130,3124,3122,-1,3130,3122,3120,-1,3148,3164,3150,-1,3150,3164,3162,-1,3150,3162,3160,-1,3158,3156,3150,-1,3150,3156,3154,-1,3150,3154,3152,-1,3081,3079,3135,-1,3135,3079,3171,-1,3135,3171,3137,-1,3137,3171,3169,-1,3137,3169,3139,-1,3139,3169,3167,-1,3139,3167,3141,-1,3141,3167,3164,-1,3141,3164,3142,-1,3142,3164,3144,-1,3108,3114,3110,-1,3110,3114,3112,-1,3119,3116,3105,-1,3105,3116,3114,-1,3105,3114,3106,-1,3106,3114,3108,-1,3120,3119,3130,-1,3130,3119,3105,-1,3130,3105,3133,-1,3133,3105,3102,-1,3133,3102,3100,-1,3094,3092,3133,-1,3133,3092,3091,-1,3133,3091,3089,-1,3100,3098,3133,-1,3133,3098,3096,-1,3133,3096,3094,-1,3172,3173,3174,-1,3174,3173,3175,-1,3176,3172,3177,-1,3177,3172,3174,-1,3176,3177,3178,-1,3176,3178,3179,-1,3179,3178,3180,-1,3179,3180,3181,-1,3181,3180,3182,-1,3181,3182,3183,-1,3183,3182,3184,-1,3183,3184,3185,-1,3185,3184,3186,-1,3185,3186,3187,-1,3187,3186,3188,-1,3187,3188,3189,-1,3189,3188,3190,-1,3189,3190,3191,-1,3191,3190,3192,-1,3191,3192,3193,-1,3193,3192,3194,-1,3193,3194,3195,-1,3195,3194,3196,-1,3195,3196,3197,-1,3198,3197,3199,-1,3199,3197,3196,-1,3198,3199,3200,-1,3200,3199,3201,-1,3200,3201,3202,-1,3202,3201,3203,-1,3202,3203,3204,-1,3204,3203,3205,-1,3204,3205,3206,-1,3206,3205,3207,-1,3206,3207,3208,-1,3208,3207,3209,-1,3208,3209,3210,-1,3210,3209,3211,-1,3212,3210,3213,-1,3213,3210,3211,-1,3212,3213,3214,-1,3212,3214,3215,-1,3215,3214,3216,-1,3215,3216,3217,-1,3217,3216,3218,-1,3217,3218,3219,-1,3219,3218,3220,-1,3219,3220,3221,-1,3221,3220,3222,-1,3221,3222,3223,-1,3223,3222,3224,-1,3223,3224,3225,-1,3226,3225,3227,-1,3227,3225,3224,-1,3226,3227,3228,-1,3226,3228,3229,-1,3229,3228,3230,-1,3229,3230,3231,-1,3231,3230,3232,-1,3231,3232,3233,-1,3233,3232,3234,-1,3233,3234,3235,-1,3235,3234,3236,-1,3235,3236,3237,-1,3237,3236,3238,-1,3237,3238,3239,-1,3240,3239,3241,-1,3241,3239,3238,-1,3240,3241,3242,-1,3240,3242,3243,-1,3243,3242,3244,-1,3243,3244,3245,-1,3245,3244,3246,-1,3245,3246,3247,-1,3247,3246,3248,-1,3247,3248,3249,-1,3249,3248,3250,-1,3249,3250,3251,-1,3251,3250,3252,-1,3251,3252,3253,-1,3254,3253,3255,-1,3255,3253,3252,-1,3256,3254,3257,-1,3257,3254,3255,-1,3258,3256,3259,-1,3259,3256,3257,-1,3260,3258,3261,-1,3261,3258,3259,-1,3262,3260,3263,-1,3263,3260,3261,-1,3262,3263,3264,-1,3262,3264,3265,-1,3265,3264,3266,-1,3265,3266,3267,-1,3267,3266,3268,-1,3267,3268,3269,-1,3269,3268,3270,-1,3269,3270,3271,-1,3271,3270,3272,-1,3271,3272,3273,-1,3273,3272,3274,-1,3273,3274,3275,-1,3275,3274,3276,-1,3275,3276,3277,-1,3277,3276,3278,-1,3277,3278,3279,-1,3279,3278,3280,-1,3279,3280,3281,-1,3281,3280,3282,-1,3281,3282,3283,-1,3283,3282,3284,-1,3283,3284,3285,-1,3285,3284,3286,-1,3285,3286,3287,-1,3288,3287,3289,-1,3289,3287,3286,-1,3290,3288,3291,-1,3291,3288,3289,-1,3292,3290,3293,-1,3293,3290,3291,-1,3173,3292,3175,-1,3175,3292,3293,-1,3173,3172,3197,-1,3197,3172,3176,-1,3260,3262,3287,-1,3254,3225,3253,-1,3253,3225,3226,-1,3173,3197,3292,-1,3292,3197,3198,-1,3292,3198,3290,-1,3202,3204,3256,-1,3256,3204,3206,-1,3256,3206,3254,-1,3191,3193,3195,-1,3273,3287,3271,-1,3271,3287,3269,-1,3262,3265,3287,-1,3287,3265,3267,-1,3287,3267,3269,-1,3273,3275,3287,-1,3287,3275,3277,-1,3287,3277,3279,-1,3279,3281,3287,-1,3287,3281,3283,-1,3287,3283,3285,-1,3243,3245,3253,-1,3253,3245,3247,-1,3253,3247,3251,-1,3251,3247,3249,-1,3287,3288,3260,-1,3260,3288,3290,-1,3260,3290,3258,-1,3258,3290,3198,-1,3258,3198,3256,-1,3256,3198,3200,-1,3256,3200,3202,-1,3206,3208,3254,-1,3254,3208,3210,-1,3254,3210,3212,-1,3176,3179,3197,-1,3197,3179,3181,-1,3197,3181,3183,-1,3183,3185,3197,-1,3197,3185,3187,-1,3197,3187,3195,-1,3195,3187,3189,-1,3195,3189,3191,-1,3229,3237,3226,-1,3226,3237,3239,-1,3226,3239,3253,-1,3253,3239,3240,-1,3253,3240,3243,-1,3229,3231,3237,-1,3237,3231,3233,-1,3237,3233,3235,-1,3212,3215,3254,-1,3254,3215,3217,-1,3254,3217,3219,-1,3219,3221,3254,-1,3254,3221,3223,-1,3254,3223,3225,-1,3177,3174,3175,-1,3293,3201,3199,-1,3182,3180,3178,-1,3211,3209,3255,-1,3282,3280,3272,-1,3192,3190,3177,-1,3255,3209,3257,-1,3209,3207,3257,-1,3257,3207,3205,-1,3257,3205,3203,-1,3250,3248,3246,-1,3270,3268,3286,-1,3286,3268,3266,-1,3293,3199,3175,-1,3175,3199,3196,-1,3175,3196,3177,-1,3177,3196,3194,-1,3177,3194,3192,-1,3190,3188,3177,-1,3177,3188,3186,-1,3177,3186,3178,-1,3178,3186,3184,-1,3178,3184,3182,-1,3250,3246,3252,-1,3252,3246,3244,-1,3252,3244,3242,-1,3270,3286,3272,-1,3272,3286,3284,-1,3272,3284,3282,-1,3280,3278,3272,-1,3272,3278,3276,-1,3272,3276,3274,-1,3203,3201,3257,-1,3257,3201,3293,-1,3257,3293,3259,-1,3259,3293,3291,-1,3259,3291,3261,-1,3261,3291,3289,-1,3261,3289,3263,-1,3263,3289,3286,-1,3263,3286,3264,-1,3264,3286,3266,-1,3230,3236,3232,-1,3232,3236,3234,-1,3241,3238,3227,-1,3227,3238,3236,-1,3227,3236,3228,-1,3228,3236,3230,-1,3242,3241,3252,-1,3252,3241,3227,-1,3252,3227,3255,-1,3255,3227,3224,-1,3255,3224,3222,-1,3216,3214,3255,-1,3255,3214,3213,-1,3255,3213,3211,-1,3222,3220,3255,-1,3255,3220,3218,-1,3255,3218,3216,-1,3294,3295,3296,-1,3296,3295,3297,-1,3298,3294,3299,-1,3299,3294,3296,-1,3298,3299,3300,-1,3298,3300,3301,-1,3301,3300,3302,-1,3301,3302,3303,-1,3303,3302,3304,-1,3303,3304,3305,-1,3305,3304,3306,-1,3305,3306,3307,-1,3307,3306,3308,-1,3307,3308,3309,-1,3309,3308,3310,-1,3309,3310,3311,-1,3311,3310,3312,-1,3311,3312,3313,-1,3313,3312,3314,-1,3313,3314,3315,-1,3315,3314,3316,-1,3315,3316,3317,-1,3317,3316,3318,-1,3317,3318,3319,-1,3320,3319,3321,-1,3321,3319,3318,-1,3320,3321,3322,-1,3322,3321,3323,-1,3322,3323,3324,-1,3324,3323,3325,-1,3324,3325,3326,-1,3326,3325,3327,-1,3326,3327,3328,-1,3328,3327,3329,-1,3328,3329,3330,-1,3330,3329,3331,-1,3330,3331,3332,-1,3332,3331,3333,-1,3334,3332,3335,-1,3335,3332,3333,-1,3334,3335,3336,-1,3334,3336,3337,-1,3337,3336,3338,-1,3337,3338,3339,-1,3339,3338,3340,-1,3339,3340,3341,-1,3341,3340,3342,-1,3341,3342,3343,-1,3343,3342,3344,-1,3343,3344,3345,-1,3345,3344,3346,-1,3345,3346,3347,-1,3348,3347,3349,-1,3349,3347,3346,-1,3348,3349,3350,-1,3348,3350,3351,-1,3351,3350,3352,-1,3351,3352,3353,-1,3353,3352,3354,-1,3353,3354,3355,-1,3355,3354,3356,-1,3355,3356,3357,-1,3357,3356,3358,-1,3357,3358,3359,-1,3359,3358,3360,-1,3359,3360,3361,-1,3362,3361,3363,-1,3363,3361,3360,-1,3362,3363,3364,-1,3362,3364,3365,-1,3365,3364,3366,-1,3365,3366,3367,-1,3367,3366,3368,-1,3367,3368,3369,-1,3369,3368,3370,-1,3369,3370,3371,-1,3371,3370,3372,-1,3371,3372,3373,-1,3373,3372,3374,-1,3373,3374,3375,-1,3376,3375,3377,-1,3377,3375,3374,-1,3378,3376,3379,-1,3379,3376,3377,-1,3380,3378,3381,-1,3381,3378,3379,-1,3382,3380,3383,-1,3383,3380,3381,-1,3384,3382,3385,-1,3385,3382,3383,-1,3384,3385,3386,-1,3384,3386,3387,-1,3387,3386,3388,-1,3387,3388,3389,-1,3389,3388,3390,-1,3389,3390,3391,-1,3391,3390,3392,-1,3391,3392,3393,-1,3393,3392,3394,-1,3393,3394,3395,-1,3395,3394,3396,-1,3395,3396,3397,-1,3397,3396,3398,-1,3397,3398,3399,-1,3399,3398,3400,-1,3399,3400,3401,-1,3401,3400,3402,-1,3401,3402,3403,-1,3403,3402,3404,-1,3403,3404,3405,-1,3405,3404,3406,-1,3405,3406,3407,-1,3407,3406,3408,-1,3407,3408,3409,-1,3410,3409,3411,-1,3411,3409,3408,-1,3412,3410,3413,-1,3413,3410,3411,-1,3414,3412,3415,-1,3415,3412,3413,-1,3295,3414,3297,-1,3297,3414,3415,-1,3295,3294,3319,-1,3319,3294,3298,-1,3382,3384,3409,-1,3376,3347,3375,-1,3375,3347,3348,-1,3295,3319,3414,-1,3414,3319,3320,-1,3414,3320,3412,-1,3324,3326,3378,-1,3378,3326,3328,-1,3378,3328,3376,-1,3313,3315,3317,-1,3395,3409,3393,-1,3393,3409,3391,-1,3384,3387,3409,-1,3409,3387,3389,-1,3409,3389,3391,-1,3395,3397,3409,-1,3409,3397,3399,-1,3409,3399,3401,-1,3401,3403,3409,-1,3409,3403,3405,-1,3409,3405,3407,-1,3365,3367,3375,-1,3375,3367,3369,-1,3375,3369,3373,-1,3373,3369,3371,-1,3409,3410,3382,-1,3382,3410,3412,-1,3382,3412,3380,-1,3380,3412,3320,-1,3380,3320,3378,-1,3378,3320,3322,-1,3378,3322,3324,-1,3328,3330,3376,-1,3376,3330,3332,-1,3376,3332,3334,-1,3298,3301,3319,-1,3319,3301,3303,-1,3319,3303,3305,-1,3305,3307,3319,-1,3319,3307,3309,-1,3319,3309,3317,-1,3317,3309,3311,-1,3317,3311,3313,-1,3351,3359,3348,-1,3348,3359,3361,-1,3348,3361,3375,-1,3375,3361,3362,-1,3375,3362,3365,-1,3351,3353,3359,-1,3359,3353,3355,-1,3359,3355,3357,-1,3334,3337,3376,-1,3376,3337,3339,-1,3376,3339,3341,-1,3341,3343,3376,-1,3376,3343,3345,-1,3376,3345,3347,-1,3299,3296,3297,-1,3415,3323,3321,-1,3304,3302,3300,-1,3333,3331,3377,-1,3404,3402,3394,-1,3314,3312,3299,-1,3377,3331,3379,-1,3331,3329,3379,-1,3379,3329,3327,-1,3379,3327,3325,-1,3372,3370,3368,-1,3392,3390,3408,-1,3408,3390,3388,-1,3415,3321,3297,-1,3297,3321,3318,-1,3297,3318,3299,-1,3299,3318,3316,-1,3299,3316,3314,-1,3312,3310,3299,-1,3299,3310,3308,-1,3299,3308,3300,-1,3300,3308,3306,-1,3300,3306,3304,-1,3372,3368,3374,-1,3374,3368,3366,-1,3374,3366,3364,-1,3392,3408,3394,-1,3394,3408,3406,-1,3394,3406,3404,-1,3402,3400,3394,-1,3394,3400,3398,-1,3394,3398,3396,-1,3325,3323,3379,-1,3379,3323,3415,-1,3379,3415,3381,-1,3381,3415,3413,-1,3381,3413,3383,-1,3383,3413,3411,-1,3383,3411,3385,-1,3385,3411,3408,-1,3385,3408,3386,-1,3386,3408,3388,-1,3352,3358,3354,-1,3354,3358,3356,-1,3363,3360,3349,-1,3349,3360,3358,-1,3349,3358,3350,-1,3350,3358,3352,-1,3364,3363,3374,-1,3374,3363,3349,-1,3374,3349,3377,-1,3377,3349,3346,-1,3377,3346,3344,-1,3338,3336,3377,-1,3377,3336,3335,-1,3377,3335,3333,-1,3344,3342,3377,-1,3377,3342,3340,-1,3377,3340,3338,-1,3416,3417,3418,-1,3418,3417,3419,-1,3420,3416,3421,-1,3421,3416,3418,-1,3420,3421,3422,-1,3420,3422,3423,-1,3423,3422,3424,-1,3423,3424,3425,-1,3425,3424,3426,-1,3425,3426,3427,-1,3427,3426,3428,-1,3427,3428,3429,-1,3429,3428,3430,-1,3429,3430,3431,-1,3431,3430,3432,-1,3431,3432,3433,-1,3433,3432,3434,-1,3433,3434,3435,-1,3435,3434,3436,-1,3435,3436,3437,-1,3437,3436,3438,-1,3437,3438,3439,-1,3439,3438,3440,-1,3439,3440,3441,-1,3442,3441,3443,-1,3443,3441,3440,-1,3442,3443,3444,-1,3444,3443,3445,-1,3444,3445,3446,-1,3446,3445,3447,-1,3446,3447,3448,-1,3448,3447,3449,-1,3448,3449,3450,-1,3450,3449,3451,-1,3450,3451,3452,-1,3452,3451,3453,-1,3452,3453,3454,-1,3454,3453,3455,-1,3456,3454,3457,-1,3457,3454,3455,-1,3456,3457,3458,-1,3456,3458,3459,-1,3459,3458,3460,-1,3459,3460,3461,-1,3461,3460,3462,-1,3461,3462,3463,-1,3463,3462,3464,-1,3463,3464,3465,-1,3465,3464,3466,-1,3465,3466,3467,-1,3467,3466,3468,-1,3467,3468,3469,-1,3470,3469,3471,-1,3471,3469,3468,-1,3470,3471,3472,-1,3470,3472,3473,-1,3473,3472,3474,-1,3473,3474,3475,-1,3475,3474,3476,-1,3475,3476,3477,-1,3477,3476,3478,-1,3477,3478,3479,-1,3479,3478,3480,-1,3479,3480,3481,-1,3481,3480,3482,-1,3481,3482,3483,-1,3484,3483,3485,-1,3485,3483,3482,-1,3484,3485,3486,-1,3484,3486,3487,-1,3487,3486,3488,-1,3487,3488,3489,-1,3489,3488,3490,-1,3489,3490,3491,-1,3491,3490,3492,-1,3491,3492,3493,-1,3493,3492,3494,-1,3493,3494,3495,-1,3495,3494,3496,-1,3495,3496,3497,-1,3498,3497,3499,-1,3499,3497,3496,-1,3500,3498,3501,-1,3501,3498,3499,-1,3502,3500,3503,-1,3503,3500,3501,-1,3504,3502,3505,-1,3505,3502,3503,-1,3506,3504,3507,-1,3507,3504,3505,-1,3506,3507,3508,-1,3506,3508,3509,-1,3509,3508,3510,-1,3509,3510,3511,-1,3511,3510,3512,-1,3511,3512,3513,-1,3513,3512,3514,-1,3513,3514,3515,-1,3515,3514,3516,-1,3515,3516,3517,-1,3517,3516,3518,-1,3517,3518,3519,-1,3519,3518,3520,-1,3519,3520,3521,-1,3521,3520,3522,-1,3521,3522,3523,-1,3523,3522,3524,-1,3523,3524,3525,-1,3525,3524,3526,-1,3525,3526,3527,-1,3527,3526,3528,-1,3527,3528,3529,-1,3529,3528,3530,-1,3529,3530,3531,-1,3532,3531,3533,-1,3533,3531,3530,-1,3534,3532,3535,-1,3535,3532,3533,-1,3536,3534,3537,-1,3537,3534,3535,-1,3417,3536,3419,-1,3419,3536,3537,-1,3417,3416,3441,-1,3441,3416,3420,-1,3504,3506,3531,-1,3498,3469,3497,-1,3497,3469,3470,-1,3417,3441,3536,-1,3536,3441,3442,-1,3536,3442,3534,-1,3446,3448,3500,-1,3500,3448,3450,-1,3500,3450,3498,-1,3435,3437,3439,-1,3517,3531,3515,-1,3515,3531,3513,-1,3506,3509,3531,-1,3531,3509,3511,-1,3531,3511,3513,-1,3517,3519,3531,-1,3531,3519,3521,-1,3531,3521,3523,-1,3523,3525,3531,-1,3531,3525,3527,-1,3531,3527,3529,-1,3487,3489,3497,-1,3497,3489,3491,-1,3497,3491,3495,-1,3495,3491,3493,-1,3531,3532,3504,-1,3504,3532,3534,-1,3504,3534,3502,-1,3502,3534,3442,-1,3502,3442,3500,-1,3500,3442,3444,-1,3500,3444,3446,-1,3450,3452,3498,-1,3498,3452,3454,-1,3498,3454,3456,-1,3420,3423,3441,-1,3441,3423,3425,-1,3441,3425,3427,-1,3427,3429,3441,-1,3441,3429,3431,-1,3441,3431,3439,-1,3439,3431,3433,-1,3439,3433,3435,-1,3473,3481,3470,-1,3470,3481,3483,-1,3470,3483,3497,-1,3497,3483,3484,-1,3497,3484,3487,-1,3473,3475,3481,-1,3481,3475,3477,-1,3481,3477,3479,-1,3456,3459,3498,-1,3498,3459,3461,-1,3498,3461,3463,-1,3463,3465,3498,-1,3498,3465,3467,-1,3498,3467,3469,-1,3421,3418,3419,-1,3537,3445,3443,-1,3426,3424,3422,-1,3455,3453,3499,-1,3526,3524,3516,-1,3436,3434,3421,-1,3499,3453,3501,-1,3453,3451,3501,-1,3501,3451,3449,-1,3501,3449,3447,-1,3494,3492,3490,-1,3514,3512,3530,-1,3530,3512,3510,-1,3537,3443,3419,-1,3419,3443,3440,-1,3419,3440,3421,-1,3421,3440,3438,-1,3421,3438,3436,-1,3434,3432,3421,-1,3421,3432,3430,-1,3421,3430,3422,-1,3422,3430,3428,-1,3422,3428,3426,-1,3494,3490,3496,-1,3496,3490,3488,-1,3496,3488,3486,-1,3514,3530,3516,-1,3516,3530,3528,-1,3516,3528,3526,-1,3524,3522,3516,-1,3516,3522,3520,-1,3516,3520,3518,-1,3447,3445,3501,-1,3501,3445,3537,-1,3501,3537,3503,-1,3503,3537,3535,-1,3503,3535,3505,-1,3505,3535,3533,-1,3505,3533,3507,-1,3507,3533,3530,-1,3507,3530,3508,-1,3508,3530,3510,-1,3474,3480,3476,-1,3476,3480,3478,-1,3485,3482,3471,-1,3471,3482,3480,-1,3471,3480,3472,-1,3472,3480,3474,-1,3486,3485,3496,-1,3496,3485,3471,-1,3496,3471,3499,-1,3499,3471,3468,-1,3499,3468,3466,-1,3460,3458,3499,-1,3499,3458,3457,-1,3499,3457,3455,-1,3466,3464,3499,-1,3499,3464,3462,-1,3499,3462,3460,-1,3538,3539,3540,-1,3540,3539,3541,-1,3542,3538,3543,-1,3543,3538,3540,-1,3542,3543,3544,-1,3542,3544,3545,-1,3545,3544,3546,-1,3545,3546,3547,-1,3547,3546,3548,-1,3547,3548,3549,-1,3549,3548,3550,-1,3549,3550,3551,-1,3551,3550,3552,-1,3551,3552,3553,-1,3553,3552,3554,-1,3553,3554,3555,-1,3555,3554,3556,-1,3555,3556,3557,-1,3557,3556,3558,-1,3557,3558,3559,-1,3559,3558,3560,-1,3559,3560,3561,-1,3561,3560,3562,-1,3561,3562,3563,-1,3564,3563,3565,-1,3565,3563,3562,-1,3564,3565,3566,-1,3566,3565,3567,-1,3566,3567,3568,-1,3568,3567,3569,-1,3568,3569,3570,-1,3570,3569,3571,-1,3570,3571,3572,-1,3572,3571,3573,-1,3572,3573,3574,-1,3574,3573,3575,-1,3574,3575,3576,-1,3576,3575,3577,-1,3578,3576,3579,-1,3579,3576,3577,-1,3578,3579,3580,-1,3578,3580,3581,-1,3581,3580,3582,-1,3581,3582,3583,-1,3583,3582,3584,-1,3583,3584,3585,-1,3585,3584,3586,-1,3585,3586,3587,-1,3587,3586,3588,-1,3587,3588,3589,-1,3589,3588,3590,-1,3589,3590,3591,-1,3592,3591,3593,-1,3593,3591,3590,-1,3592,3593,3594,-1,3592,3594,3595,-1,3595,3594,3596,-1,3595,3596,3597,-1,3597,3596,3598,-1,3597,3598,3599,-1,3599,3598,3600,-1,3599,3600,3601,-1,3601,3600,3602,-1,3601,3602,3603,-1,3603,3602,3604,-1,3603,3604,3605,-1,3606,3605,3607,-1,3607,3605,3604,-1,3606,3607,3608,-1,3606,3608,3609,-1,3609,3608,3610,-1,3609,3610,3611,-1,3611,3610,3612,-1,3611,3612,3613,-1,3613,3612,3614,-1,3613,3614,3615,-1,3615,3614,3616,-1,3615,3616,3617,-1,3617,3616,3618,-1,3617,3618,3619,-1,3620,3619,3621,-1,3621,3619,3618,-1,3622,3620,3623,-1,3623,3620,3621,-1,3624,3622,3625,-1,3625,3622,3623,-1,3626,3624,3627,-1,3627,3624,3625,-1,3628,3626,3629,-1,3629,3626,3627,-1,3628,3629,3630,-1,3628,3630,3631,-1,3631,3630,3632,-1,3631,3632,3633,-1,3633,3632,3634,-1,3633,3634,3635,-1,3635,3634,3636,-1,3635,3636,3637,-1,3637,3636,3638,-1,3637,3638,3639,-1,3639,3638,3640,-1,3639,3640,3641,-1,3641,3640,3642,-1,3641,3642,3643,-1,3643,3642,3644,-1,3643,3644,3645,-1,3645,3644,3646,-1,3645,3646,3647,-1,3647,3646,3648,-1,3647,3648,3649,-1,3649,3648,3650,-1,3649,3650,3651,-1,3651,3650,3652,-1,3651,3652,3653,-1,3654,3653,3655,-1,3655,3653,3652,-1,3656,3654,3657,-1,3657,3654,3655,-1,3658,3656,3659,-1,3659,3656,3657,-1,3539,3658,3541,-1,3541,3658,3659,-1,3539,3538,3563,-1,3563,3538,3542,-1,3626,3628,3653,-1,3620,3591,3619,-1,3619,3591,3592,-1,3539,3563,3658,-1,3658,3563,3564,-1,3658,3564,3656,-1,3568,3570,3622,-1,3622,3570,3572,-1,3622,3572,3620,-1,3557,3559,3561,-1,3639,3653,3637,-1,3637,3653,3635,-1,3628,3631,3653,-1,3653,3631,3633,-1,3653,3633,3635,-1,3639,3641,3653,-1,3653,3641,3643,-1,3653,3643,3645,-1,3645,3647,3653,-1,3653,3647,3649,-1,3653,3649,3651,-1,3609,3611,3619,-1,3619,3611,3613,-1,3619,3613,3617,-1,3617,3613,3615,-1,3653,3654,3626,-1,3626,3654,3656,-1,3626,3656,3624,-1,3624,3656,3564,-1,3624,3564,3622,-1,3622,3564,3566,-1,3622,3566,3568,-1,3572,3574,3620,-1,3620,3574,3576,-1,3620,3576,3578,-1,3542,3545,3563,-1,3563,3545,3547,-1,3563,3547,3549,-1,3549,3551,3563,-1,3563,3551,3553,-1,3563,3553,3561,-1,3561,3553,3555,-1,3561,3555,3557,-1,3595,3603,3592,-1,3592,3603,3605,-1,3592,3605,3619,-1,3619,3605,3606,-1,3619,3606,3609,-1,3595,3597,3603,-1,3603,3597,3599,-1,3603,3599,3601,-1,3578,3581,3620,-1,3620,3581,3583,-1,3620,3583,3585,-1,3585,3587,3620,-1,3620,3587,3589,-1,3620,3589,3591,-1,3543,3540,3541,-1,3659,3567,3565,-1,3548,3546,3544,-1,3577,3575,3621,-1,3648,3646,3638,-1,3558,3556,3543,-1,3621,3575,3623,-1,3575,3573,3623,-1,3623,3573,3571,-1,3623,3571,3569,-1,3616,3614,3612,-1,3636,3634,3652,-1,3652,3634,3632,-1,3659,3565,3541,-1,3541,3565,3562,-1,3541,3562,3543,-1,3543,3562,3560,-1,3543,3560,3558,-1,3556,3554,3543,-1,3543,3554,3552,-1,3543,3552,3544,-1,3544,3552,3550,-1,3544,3550,3548,-1,3616,3612,3618,-1,3618,3612,3610,-1,3618,3610,3608,-1,3636,3652,3638,-1,3638,3652,3650,-1,3638,3650,3648,-1,3646,3644,3638,-1,3638,3644,3642,-1,3638,3642,3640,-1,3569,3567,3623,-1,3623,3567,3659,-1,3623,3659,3625,-1,3625,3659,3657,-1,3625,3657,3627,-1,3627,3657,3655,-1,3627,3655,3629,-1,3629,3655,3652,-1,3629,3652,3630,-1,3630,3652,3632,-1,3596,3602,3598,-1,3598,3602,3600,-1,3607,3604,3593,-1,3593,3604,3602,-1,3593,3602,3594,-1,3594,3602,3596,-1,3608,3607,3618,-1,3618,3607,3593,-1,3618,3593,3621,-1,3621,3593,3590,-1,3621,3590,3588,-1,3582,3580,3621,-1,3621,3580,3579,-1,3621,3579,3577,-1,3588,3586,3621,-1,3621,3586,3584,-1,3621,3584,3582,-1,3660,3661,3662,-1,3662,3661,3663,-1,3664,3660,3665,-1,3665,3660,3662,-1,3664,3665,3666,-1,3664,3666,3667,-1,3667,3666,3668,-1,3667,3668,3669,-1,3669,3668,3670,-1,3669,3670,3671,-1,3671,3670,3672,-1,3671,3672,3673,-1,3673,3672,3674,-1,3673,3674,3675,-1,3675,3674,3676,-1,3675,3676,3677,-1,3677,3676,3678,-1,3677,3678,3679,-1,3679,3678,3680,-1,3679,3680,3681,-1,3681,3680,3682,-1,3681,3682,3683,-1,3683,3682,3684,-1,3683,3684,3685,-1,3686,3685,3687,-1,3687,3685,3684,-1,3686,3687,3688,-1,3688,3687,3689,-1,3688,3689,3690,-1,3690,3689,3691,-1,3690,3691,3692,-1,3692,3691,3693,-1,3692,3693,3694,-1,3694,3693,3695,-1,3694,3695,3696,-1,3696,3695,3697,-1,3696,3697,3698,-1,3698,3697,3699,-1,3700,3698,3701,-1,3701,3698,3699,-1,3700,3701,3702,-1,3700,3702,3703,-1,3703,3702,3704,-1,3703,3704,3705,-1,3705,3704,3706,-1,3705,3706,3707,-1,3707,3706,3708,-1,3707,3708,3709,-1,3709,3708,3710,-1,3709,3710,3711,-1,3711,3710,3712,-1,3711,3712,3713,-1,3714,3713,3715,-1,3715,3713,3712,-1,3714,3715,3716,-1,3714,3716,3717,-1,3717,3716,3718,-1,3717,3718,3719,-1,3719,3718,3720,-1,3719,3720,3721,-1,3721,3720,3722,-1,3721,3722,3723,-1,3723,3722,3724,-1,3723,3724,3725,-1,3725,3724,3726,-1,3725,3726,3727,-1,3728,3727,3729,-1,3729,3727,3726,-1,3728,3729,3730,-1,3728,3730,3731,-1,3731,3730,3732,-1,3731,3732,3733,-1,3733,3732,3734,-1,3733,3734,3735,-1,3735,3734,3736,-1,3735,3736,3737,-1,3737,3736,3738,-1,3737,3738,3739,-1,3739,3738,3740,-1,3739,3740,3741,-1,3742,3741,3743,-1,3743,3741,3740,-1,3744,3742,3745,-1,3745,3742,3743,-1,3746,3744,3747,-1,3747,3744,3745,-1,3748,3746,3749,-1,3749,3746,3747,-1,3750,3748,3751,-1,3751,3748,3749,-1,3750,3751,3752,-1,3750,3752,3753,-1,3753,3752,3754,-1,3753,3754,3755,-1,3755,3754,3756,-1,3755,3756,3757,-1,3757,3756,3758,-1,3757,3758,3759,-1,3759,3758,3760,-1,3759,3760,3761,-1,3761,3760,3762,-1,3761,3762,3763,-1,3763,3762,3764,-1,3763,3764,3765,-1,3765,3764,3766,-1,3765,3766,3767,-1,3767,3766,3768,-1,3767,3768,3769,-1,3769,3768,3770,-1,3769,3770,3771,-1,3771,3770,3772,-1,3771,3772,3773,-1,3773,3772,3774,-1,3773,3774,3775,-1,3776,3775,3777,-1,3777,3775,3774,-1,3778,3776,3779,-1,3779,3776,3777,-1,3780,3778,3781,-1,3781,3778,3779,-1,3661,3780,3663,-1,3663,3780,3781,-1,3661,3660,3685,-1,3685,3660,3664,-1,3748,3750,3775,-1,3742,3713,3741,-1,3741,3713,3714,-1,3661,3685,3780,-1,3780,3685,3686,-1,3780,3686,3778,-1,3690,3692,3744,-1,3744,3692,3694,-1,3744,3694,3742,-1,3679,3681,3683,-1,3761,3775,3759,-1,3759,3775,3757,-1,3750,3753,3775,-1,3775,3753,3755,-1,3775,3755,3757,-1,3761,3763,3775,-1,3775,3763,3765,-1,3775,3765,3767,-1,3767,3769,3775,-1,3775,3769,3771,-1,3775,3771,3773,-1,3731,3733,3741,-1,3741,3733,3735,-1,3741,3735,3739,-1,3739,3735,3737,-1,3775,3776,3748,-1,3748,3776,3778,-1,3748,3778,3746,-1,3746,3778,3686,-1,3746,3686,3744,-1,3744,3686,3688,-1,3744,3688,3690,-1,3694,3696,3742,-1,3742,3696,3698,-1,3742,3698,3700,-1,3664,3667,3685,-1,3685,3667,3669,-1,3685,3669,3671,-1,3671,3673,3685,-1,3685,3673,3675,-1,3685,3675,3683,-1,3683,3675,3677,-1,3683,3677,3679,-1,3717,3725,3714,-1,3714,3725,3727,-1,3714,3727,3741,-1,3741,3727,3728,-1,3741,3728,3731,-1,3717,3719,3725,-1,3725,3719,3721,-1,3725,3721,3723,-1,3700,3703,3742,-1,3742,3703,3705,-1,3742,3705,3707,-1,3707,3709,3742,-1,3742,3709,3711,-1,3742,3711,3713,-1,3665,3662,3663,-1,3781,3689,3687,-1,3670,3668,3666,-1,3699,3697,3743,-1,3770,3768,3760,-1,3680,3678,3665,-1,3743,3697,3745,-1,3697,3695,3745,-1,3745,3695,3693,-1,3745,3693,3691,-1,3738,3736,3734,-1,3758,3756,3774,-1,3774,3756,3754,-1,3781,3687,3663,-1,3663,3687,3684,-1,3663,3684,3665,-1,3665,3684,3682,-1,3665,3682,3680,-1,3678,3676,3665,-1,3665,3676,3674,-1,3665,3674,3666,-1,3666,3674,3672,-1,3666,3672,3670,-1,3738,3734,3740,-1,3740,3734,3732,-1,3740,3732,3730,-1,3758,3774,3760,-1,3760,3774,3772,-1,3760,3772,3770,-1,3768,3766,3760,-1,3760,3766,3764,-1,3760,3764,3762,-1,3691,3689,3745,-1,3745,3689,3781,-1,3745,3781,3747,-1,3747,3781,3779,-1,3747,3779,3749,-1,3749,3779,3777,-1,3749,3777,3751,-1,3751,3777,3774,-1,3751,3774,3752,-1,3752,3774,3754,-1,3718,3724,3720,-1,3720,3724,3722,-1,3729,3726,3715,-1,3715,3726,3724,-1,3715,3724,3716,-1,3716,3724,3718,-1,3730,3729,3740,-1,3740,3729,3715,-1,3740,3715,3743,-1,3743,3715,3712,-1,3743,3712,3710,-1,3704,3702,3743,-1,3743,3702,3701,-1,3743,3701,3699,-1,3710,3708,3743,-1,3743,3708,3706,-1,3743,3706,3704,-1,3782,3783,3784,-1,3784,3783,3785,-1,3786,3782,3787,-1,3787,3782,3784,-1,3786,3787,3788,-1,3786,3788,3789,-1,3789,3788,3790,-1,3789,3790,3791,-1,3791,3790,3792,-1,3791,3792,3793,-1,3793,3792,3794,-1,3793,3794,3795,-1,3795,3794,3796,-1,3795,3796,3797,-1,3797,3796,3798,-1,3797,3798,3799,-1,3799,3798,3800,-1,3799,3800,3801,-1,3801,3800,3802,-1,3801,3802,3803,-1,3803,3802,3804,-1,3803,3804,3805,-1,3805,3804,3806,-1,3805,3806,3807,-1,3808,3807,3809,-1,3809,3807,3806,-1,3808,3809,3810,-1,3810,3809,3811,-1,3810,3811,3812,-1,3812,3811,3813,-1,3812,3813,3814,-1,3814,3813,3815,-1,3814,3815,3816,-1,3816,3815,3817,-1,3816,3817,3818,-1,3818,3817,3819,-1,3818,3819,3820,-1,3820,3819,3821,-1,3822,3820,3823,-1,3823,3820,3821,-1,3822,3823,3824,-1,3822,3824,3825,-1,3825,3824,3826,-1,3825,3826,3827,-1,3827,3826,3828,-1,3827,3828,3829,-1,3829,3828,3830,-1,3829,3830,3831,-1,3831,3830,3832,-1,3831,3832,3833,-1,3833,3832,3834,-1,3833,3834,3835,-1,3836,3835,3837,-1,3837,3835,3834,-1,3836,3837,3838,-1,3836,3838,3839,-1,3839,3838,3840,-1,3839,3840,3841,-1,3841,3840,3842,-1,3841,3842,3843,-1,3843,3842,3844,-1,3843,3844,3845,-1,3845,3844,3846,-1,3845,3846,3847,-1,3847,3846,3848,-1,3847,3848,3849,-1,3850,3849,3851,-1,3851,3849,3848,-1,3850,3851,3852,-1,3850,3852,3853,-1,3853,3852,3854,-1,3853,3854,3855,-1,3855,3854,3856,-1,3855,3856,3857,-1,3857,3856,3858,-1,3857,3858,3859,-1,3859,3858,3860,-1,3859,3860,3861,-1,3861,3860,3862,-1,3861,3862,3863,-1,3864,3863,3865,-1,3865,3863,3862,-1,3866,3864,3867,-1,3867,3864,3865,-1,3868,3866,3869,-1,3869,3866,3867,-1,3870,3868,3871,-1,3871,3868,3869,-1,3872,3870,3873,-1,3873,3870,3871,-1,3872,3873,3874,-1,3872,3874,3875,-1,3875,3874,3876,-1,3875,3876,3877,-1,3877,3876,3878,-1,3877,3878,3879,-1,3879,3878,3880,-1,3879,3880,3881,-1,3881,3880,3882,-1,3881,3882,3883,-1,3883,3882,3884,-1,3883,3884,3885,-1,3885,3884,3886,-1,3885,3886,3887,-1,3887,3886,3888,-1,3887,3888,3889,-1,3889,3888,3890,-1,3889,3890,3891,-1,3891,3890,3892,-1,3891,3892,3893,-1,3893,3892,3894,-1,3893,3894,3895,-1,3895,3894,3896,-1,3895,3896,3897,-1,3898,3897,3899,-1,3899,3897,3896,-1,3900,3898,3901,-1,3901,3898,3899,-1,3902,3900,3903,-1,3903,3900,3901,-1,3783,3902,3785,-1,3785,3902,3903,-1,3783,3782,3807,-1,3807,3782,3786,-1,3870,3872,3897,-1,3864,3835,3863,-1,3863,3835,3836,-1,3783,3807,3902,-1,3902,3807,3808,-1,3902,3808,3900,-1,3812,3814,3866,-1,3866,3814,3816,-1,3866,3816,3864,-1,3801,3803,3805,-1,3883,3897,3881,-1,3881,3897,3879,-1,3872,3875,3897,-1,3897,3875,3877,-1,3897,3877,3879,-1,3883,3885,3897,-1,3897,3885,3887,-1,3897,3887,3889,-1,3889,3891,3897,-1,3897,3891,3893,-1,3897,3893,3895,-1,3853,3855,3863,-1,3863,3855,3857,-1,3863,3857,3861,-1,3861,3857,3859,-1,3897,3898,3870,-1,3870,3898,3900,-1,3870,3900,3868,-1,3868,3900,3808,-1,3868,3808,3866,-1,3866,3808,3810,-1,3866,3810,3812,-1,3816,3818,3864,-1,3864,3818,3820,-1,3864,3820,3822,-1,3786,3789,3807,-1,3807,3789,3791,-1,3807,3791,3793,-1,3793,3795,3807,-1,3807,3795,3797,-1,3807,3797,3805,-1,3805,3797,3799,-1,3805,3799,3801,-1,3839,3847,3836,-1,3836,3847,3849,-1,3836,3849,3863,-1,3863,3849,3850,-1,3863,3850,3853,-1,3839,3841,3847,-1,3847,3841,3843,-1,3847,3843,3845,-1,3822,3825,3864,-1,3864,3825,3827,-1,3864,3827,3829,-1,3829,3831,3864,-1,3864,3831,3833,-1,3864,3833,3835,-1,3787,3784,3785,-1,3903,3811,3809,-1,3792,3790,3788,-1,3821,3819,3865,-1,3892,3890,3882,-1,3802,3800,3787,-1,3865,3819,3867,-1,3819,3817,3867,-1,3867,3817,3815,-1,3867,3815,3813,-1,3860,3858,3856,-1,3880,3878,3896,-1,3896,3878,3876,-1,3903,3809,3785,-1,3785,3809,3806,-1,3785,3806,3787,-1,3787,3806,3804,-1,3787,3804,3802,-1,3800,3798,3787,-1,3787,3798,3796,-1,3787,3796,3788,-1,3788,3796,3794,-1,3788,3794,3792,-1,3860,3856,3862,-1,3862,3856,3854,-1,3862,3854,3852,-1,3880,3896,3882,-1,3882,3896,3894,-1,3882,3894,3892,-1,3890,3888,3882,-1,3882,3888,3886,-1,3882,3886,3884,-1,3813,3811,3867,-1,3867,3811,3903,-1,3867,3903,3869,-1,3869,3903,3901,-1,3869,3901,3871,-1,3871,3901,3899,-1,3871,3899,3873,-1,3873,3899,3896,-1,3873,3896,3874,-1,3874,3896,3876,-1,3840,3846,3842,-1,3842,3846,3844,-1,3851,3848,3837,-1,3837,3848,3846,-1,3837,3846,3838,-1,3838,3846,3840,-1,3852,3851,3862,-1,3862,3851,3837,-1,3862,3837,3865,-1,3865,3837,3834,-1,3865,3834,3832,-1,3826,3824,3865,-1,3865,3824,3823,-1,3865,3823,3821,-1,3832,3830,3865,-1,3865,3830,3828,-1,3865,3828,3826,-1,3904,3905,3906,-1,3906,3905,3907,-1,3908,3904,3909,-1,3909,3904,3906,-1,3908,3909,3910,-1,3908,3910,3911,-1,3911,3910,3912,-1,3911,3912,3913,-1,3913,3912,3914,-1,3913,3914,3915,-1,3915,3914,3916,-1,3915,3916,3917,-1,3917,3916,3918,-1,3917,3918,3919,-1,3919,3918,3920,-1,3919,3920,3921,-1,3921,3920,3922,-1,3921,3922,3923,-1,3923,3922,3924,-1,3923,3924,3925,-1,3925,3924,3926,-1,3925,3926,3927,-1,3927,3926,3928,-1,3927,3928,3929,-1,3930,3929,3931,-1,3931,3929,3928,-1,3930,3931,3932,-1,3932,3931,3933,-1,3932,3933,3934,-1,3934,3933,3935,-1,3934,3935,3936,-1,3936,3935,3937,-1,3936,3937,3938,-1,3938,3937,3939,-1,3938,3939,3940,-1,3940,3939,3941,-1,3940,3941,3942,-1,3942,3941,3943,-1,3944,3942,3945,-1,3945,3942,3943,-1,3944,3945,3946,-1,3944,3946,3947,-1,3947,3946,3948,-1,3947,3948,3949,-1,3949,3948,3950,-1,3949,3950,3951,-1,3951,3950,3952,-1,3951,3952,3953,-1,3953,3952,3954,-1,3953,3954,3955,-1,3955,3954,3956,-1,3955,3956,3957,-1,3958,3957,3959,-1,3959,3957,3956,-1,3958,3959,3960,-1,3958,3960,3961,-1,3961,3960,3962,-1,3961,3962,3963,-1,3963,3962,3964,-1,3963,3964,3965,-1,3965,3964,3966,-1,3965,3966,3967,-1,3967,3966,3968,-1,3967,3968,3969,-1,3969,3968,3970,-1,3969,3970,3971,-1,3972,3971,3973,-1,3973,3971,3970,-1,3972,3973,3974,-1,3972,3974,3975,-1,3975,3974,3976,-1,3975,3976,3977,-1,3977,3976,3978,-1,3977,3978,3979,-1,3979,3978,3980,-1,3979,3980,3981,-1,3981,3980,3982,-1,3981,3982,3983,-1,3983,3982,3984,-1,3983,3984,3985,-1,3986,3985,3987,-1,3987,3985,3984,-1,3988,3986,3989,-1,3989,3986,3987,-1,3990,3988,3991,-1,3991,3988,3989,-1,3992,3990,3993,-1,3993,3990,3991,-1,3994,3992,3995,-1,3995,3992,3993,-1,3994,3995,3996,-1,3994,3996,3997,-1,3997,3996,3998,-1,3997,3998,3999,-1,3999,3998,4000,-1,3999,4000,4001,-1,4001,4000,4002,-1,4001,4002,4003,-1,4003,4002,4004,-1,4003,4004,4005,-1,4005,4004,4006,-1,4005,4006,4007,-1,4007,4006,4008,-1,4007,4008,4009,-1,4009,4008,4010,-1,4009,4010,4011,-1,4011,4010,4012,-1,4011,4012,4013,-1,4013,4012,4014,-1,4013,4014,4015,-1,4015,4014,4016,-1,4015,4016,4017,-1,4017,4016,4018,-1,4017,4018,4019,-1,4020,4019,4021,-1,4021,4019,4018,-1,4022,4020,4023,-1,4023,4020,4021,-1,4024,4022,4025,-1,4025,4022,4023,-1,3905,4024,3907,-1,3907,4024,4025,-1,3905,3904,3929,-1,3929,3904,3908,-1,3992,3994,4019,-1,3986,3957,3985,-1,3985,3957,3958,-1,3905,3929,4024,-1,4024,3929,3930,-1,4024,3930,4022,-1,3934,3936,3988,-1,3988,3936,3938,-1,3988,3938,3986,-1,3923,3925,3927,-1,4005,4019,4003,-1,4003,4019,4001,-1,3994,3997,4019,-1,4019,3997,3999,-1,4019,3999,4001,-1,4005,4007,4019,-1,4019,4007,4009,-1,4019,4009,4011,-1,4011,4013,4019,-1,4019,4013,4015,-1,4019,4015,4017,-1,3975,3977,3985,-1,3985,3977,3979,-1,3985,3979,3983,-1,3983,3979,3981,-1,4019,4020,3992,-1,3992,4020,4022,-1,3992,4022,3990,-1,3990,4022,3930,-1,3990,3930,3988,-1,3988,3930,3932,-1,3988,3932,3934,-1,3938,3940,3986,-1,3986,3940,3942,-1,3986,3942,3944,-1,3908,3911,3929,-1,3929,3911,3913,-1,3929,3913,3915,-1,3915,3917,3929,-1,3929,3917,3919,-1,3929,3919,3927,-1,3927,3919,3921,-1,3927,3921,3923,-1,3961,3969,3958,-1,3958,3969,3971,-1,3958,3971,3985,-1,3985,3971,3972,-1,3985,3972,3975,-1,3961,3963,3969,-1,3969,3963,3965,-1,3969,3965,3967,-1,3944,3947,3986,-1,3986,3947,3949,-1,3986,3949,3951,-1,3951,3953,3986,-1,3986,3953,3955,-1,3986,3955,3957,-1,3909,3906,3907,-1,4025,3933,3931,-1,3914,3912,3910,-1,3943,3941,3987,-1,4014,4012,4004,-1,3924,3922,3909,-1,3987,3941,3989,-1,3941,3939,3989,-1,3989,3939,3937,-1,3989,3937,3935,-1,3982,3980,3978,-1,4002,4000,4018,-1,4018,4000,3998,-1,4025,3931,3907,-1,3907,3931,3928,-1,3907,3928,3909,-1,3909,3928,3926,-1,3909,3926,3924,-1,3922,3920,3909,-1,3909,3920,3918,-1,3909,3918,3910,-1,3910,3918,3916,-1,3910,3916,3914,-1,3982,3978,3984,-1,3984,3978,3976,-1,3984,3976,3974,-1,4002,4018,4004,-1,4004,4018,4016,-1,4004,4016,4014,-1,4012,4010,4004,-1,4004,4010,4008,-1,4004,4008,4006,-1,3935,3933,3989,-1,3989,3933,4025,-1,3989,4025,3991,-1,3991,4025,4023,-1,3991,4023,3993,-1,3993,4023,4021,-1,3993,4021,3995,-1,3995,4021,4018,-1,3995,4018,3996,-1,3996,4018,3998,-1,3962,3968,3964,-1,3964,3968,3966,-1,3973,3970,3959,-1,3959,3970,3968,-1,3959,3968,3960,-1,3960,3968,3962,-1,3974,3973,3984,-1,3984,3973,3959,-1,3984,3959,3987,-1,3987,3959,3956,-1,3987,3956,3954,-1,3948,3946,3987,-1,3987,3946,3945,-1,3987,3945,3943,-1,3954,3952,3987,-1,3987,3952,3950,-1,3987,3950,3948,-1,4026,4027,4028,-1,4028,4027,4029,-1,4030,4026,4031,-1,4031,4026,4028,-1,4030,4031,4032,-1,4030,4032,4033,-1,4033,4032,4034,-1,4033,4034,4035,-1,4035,4034,4036,-1,4035,4036,4037,-1,4037,4036,4038,-1,4037,4038,4039,-1,4039,4038,4040,-1,4039,4040,4041,-1,4041,4040,4042,-1,4041,4042,4043,-1,4043,4042,4044,-1,4043,4044,4045,-1,4045,4044,4046,-1,4045,4046,4047,-1,4047,4046,4048,-1,4047,4048,4049,-1,4049,4048,4050,-1,4049,4050,4051,-1,4052,4051,4053,-1,4053,4051,4050,-1,4052,4053,4054,-1,4054,4053,4055,-1,4054,4055,4056,-1,4056,4055,4057,-1,4056,4057,4058,-1,4058,4057,4059,-1,4058,4059,4060,-1,4060,4059,4061,-1,4060,4061,4062,-1,4062,4061,4063,-1,4062,4063,4064,-1,4064,4063,4065,-1,4066,4064,4067,-1,4067,4064,4065,-1,4066,4067,4068,-1,4066,4068,4069,-1,4069,4068,4070,-1,4069,4070,4071,-1,4071,4070,4072,-1,4071,4072,4073,-1,4073,4072,4074,-1,4073,4074,4075,-1,4075,4074,4076,-1,4075,4076,4077,-1,4077,4076,4078,-1,4077,4078,4079,-1,4080,4079,4081,-1,4081,4079,4078,-1,4080,4081,4082,-1,4080,4082,4083,-1,4083,4082,4084,-1,4083,4084,4085,-1,4085,4084,4086,-1,4085,4086,4087,-1,4087,4086,4088,-1,4087,4088,4089,-1,4089,4088,4090,-1,4089,4090,4091,-1,4091,4090,4092,-1,4091,4092,4093,-1,4094,4093,4095,-1,4095,4093,4092,-1,4094,4095,4096,-1,4094,4096,4097,-1,4097,4096,4098,-1,4097,4098,4099,-1,4099,4098,4100,-1,4099,4100,4101,-1,4101,4100,4102,-1,4101,4102,4103,-1,4103,4102,4104,-1,4103,4104,4105,-1,4105,4104,4106,-1,4105,4106,4107,-1,4108,4107,4109,-1,4109,4107,4106,-1,4110,4108,4111,-1,4111,4108,4109,-1,4112,4110,4113,-1,4113,4110,4111,-1,4114,4112,4115,-1,4115,4112,4113,-1,4116,4114,4117,-1,4117,4114,4115,-1,4116,4117,4118,-1,4116,4118,4119,-1,4119,4118,4120,-1,4119,4120,4121,-1,4121,4120,4122,-1,4121,4122,4123,-1,4123,4122,4124,-1,4123,4124,4125,-1,4125,4124,4126,-1,4125,4126,4127,-1,4127,4126,4128,-1,4127,4128,4129,-1,4129,4128,4130,-1,4129,4130,4131,-1,4131,4130,4132,-1,4131,4132,4133,-1,4133,4132,4134,-1,4133,4134,4135,-1,4135,4134,4136,-1,4135,4136,4137,-1,4137,4136,4138,-1,4137,4138,4139,-1,4139,4138,4140,-1,4139,4140,4141,-1,4142,4141,4143,-1,4143,4141,4140,-1,4144,4142,4145,-1,4145,4142,4143,-1,4146,4144,4147,-1,4147,4144,4145,-1,4027,4146,4029,-1,4029,4146,4147,-1,4027,4026,4051,-1,4051,4026,4030,-1,4114,4116,4141,-1,4108,4079,4107,-1,4107,4079,4080,-1,4027,4051,4146,-1,4146,4051,4052,-1,4146,4052,4144,-1,4056,4058,4110,-1,4110,4058,4060,-1,4110,4060,4108,-1,4045,4047,4049,-1,4127,4141,4125,-1,4125,4141,4123,-1,4116,4119,4141,-1,4141,4119,4121,-1,4141,4121,4123,-1,4127,4129,4141,-1,4141,4129,4131,-1,4141,4131,4133,-1,4133,4135,4141,-1,4141,4135,4137,-1,4141,4137,4139,-1,4097,4099,4107,-1,4107,4099,4101,-1,4107,4101,4105,-1,4105,4101,4103,-1,4141,4142,4114,-1,4114,4142,4144,-1,4114,4144,4112,-1,4112,4144,4052,-1,4112,4052,4110,-1,4110,4052,4054,-1,4110,4054,4056,-1,4060,4062,4108,-1,4108,4062,4064,-1,4108,4064,4066,-1,4030,4033,4051,-1,4051,4033,4035,-1,4051,4035,4037,-1,4037,4039,4051,-1,4051,4039,4041,-1,4051,4041,4049,-1,4049,4041,4043,-1,4049,4043,4045,-1,4083,4091,4080,-1,4080,4091,4093,-1,4080,4093,4107,-1,4107,4093,4094,-1,4107,4094,4097,-1,4083,4085,4091,-1,4091,4085,4087,-1,4091,4087,4089,-1,4066,4069,4108,-1,4108,4069,4071,-1,4108,4071,4073,-1,4073,4075,4108,-1,4108,4075,4077,-1,4108,4077,4079,-1,4031,4028,4029,-1,4147,4055,4053,-1,4036,4034,4032,-1,4065,4063,4109,-1,4136,4134,4126,-1,4046,4044,4031,-1,4109,4063,4111,-1,4063,4061,4111,-1,4111,4061,4059,-1,4111,4059,4057,-1,4104,4102,4100,-1,4124,4122,4140,-1,4140,4122,4120,-1,4147,4053,4029,-1,4029,4053,4050,-1,4029,4050,4031,-1,4031,4050,4048,-1,4031,4048,4046,-1,4044,4042,4031,-1,4031,4042,4040,-1,4031,4040,4032,-1,4032,4040,4038,-1,4032,4038,4036,-1,4104,4100,4106,-1,4106,4100,4098,-1,4106,4098,4096,-1,4124,4140,4126,-1,4126,4140,4138,-1,4126,4138,4136,-1,4134,4132,4126,-1,4126,4132,4130,-1,4126,4130,4128,-1,4057,4055,4111,-1,4111,4055,4147,-1,4111,4147,4113,-1,4113,4147,4145,-1,4113,4145,4115,-1,4115,4145,4143,-1,4115,4143,4117,-1,4117,4143,4140,-1,4117,4140,4118,-1,4118,4140,4120,-1,4084,4090,4086,-1,4086,4090,4088,-1,4095,4092,4081,-1,4081,4092,4090,-1,4081,4090,4082,-1,4082,4090,4084,-1,4096,4095,4106,-1,4106,4095,4081,-1,4106,4081,4109,-1,4109,4081,4078,-1,4109,4078,4076,-1,4070,4068,4109,-1,4109,4068,4067,-1,4109,4067,4065,-1,4076,4074,4109,-1,4109,4074,4072,-1,4109,4072,4070,-1,4148,4149,4150,-1,4150,4149,4151,-1,4152,4148,4153,-1,4153,4148,4150,-1,4152,4153,4154,-1,4152,4154,4155,-1,4155,4154,4156,-1,4155,4156,4157,-1,4157,4156,4158,-1,4157,4158,4159,-1,4159,4158,4160,-1,4159,4160,4161,-1,4161,4160,4162,-1,4161,4162,4163,-1,4163,4162,4164,-1,4163,4164,4165,-1,4165,4164,4166,-1,4165,4166,4167,-1,4167,4166,4168,-1,4167,4168,4169,-1,4169,4168,4170,-1,4169,4170,4171,-1,4171,4170,4172,-1,4171,4172,4173,-1,4174,4173,4175,-1,4175,4173,4172,-1,4174,4175,4176,-1,4176,4175,4177,-1,4176,4177,4178,-1,4178,4177,4179,-1,4178,4179,4180,-1,4180,4179,4181,-1,4180,4181,4182,-1,4182,4181,4183,-1,4182,4183,4184,-1,4184,4183,4185,-1,4184,4185,4186,-1,4186,4185,4187,-1,4188,4186,4189,-1,4189,4186,4187,-1,4188,4189,4190,-1,4188,4190,4191,-1,4191,4190,4192,-1,4191,4192,4193,-1,4193,4192,4194,-1,4193,4194,4195,-1,4195,4194,4196,-1,4195,4196,4197,-1,4197,4196,4198,-1,4197,4198,4199,-1,4199,4198,4200,-1,4199,4200,4201,-1,4202,4201,4203,-1,4203,4201,4200,-1,4202,4203,4204,-1,4202,4204,4205,-1,4205,4204,4206,-1,4205,4206,4207,-1,4207,4206,4208,-1,4207,4208,4209,-1,4209,4208,4210,-1,4209,4210,4211,-1,4211,4210,4212,-1,4211,4212,4213,-1,4213,4212,4214,-1,4213,4214,4215,-1,4216,4215,4217,-1,4217,4215,4214,-1,4216,4217,4218,-1,4216,4218,4219,-1,4219,4218,4220,-1,4219,4220,4221,-1,4221,4220,4222,-1,4221,4222,4223,-1,4223,4222,4224,-1,4223,4224,4225,-1,4225,4224,4226,-1,4225,4226,4227,-1,4227,4226,4228,-1,4227,4228,4229,-1,4230,4229,4231,-1,4231,4229,4228,-1,4232,4230,4233,-1,4233,4230,4231,-1,4234,4232,4235,-1,4235,4232,4233,-1,4236,4234,4237,-1,4237,4234,4235,-1,4238,4236,4239,-1,4239,4236,4237,-1,4238,4239,4240,-1,4238,4240,4241,-1,4241,4240,4242,-1,4241,4242,4243,-1,4243,4242,4244,-1,4243,4244,4245,-1,4245,4244,4246,-1,4245,4246,4247,-1,4247,4246,4248,-1,4247,4248,4249,-1,4249,4248,4250,-1,4249,4250,4251,-1,4251,4250,4252,-1,4251,4252,4253,-1,4253,4252,4254,-1,4253,4254,4255,-1,4255,4254,4256,-1,4255,4256,4257,-1,4257,4256,4258,-1,4257,4258,4259,-1,4259,4258,4260,-1,4259,4260,4261,-1,4261,4260,4262,-1,4261,4262,4263,-1,4264,4263,4265,-1,4265,4263,4262,-1,4266,4264,4267,-1,4267,4264,4265,-1,4268,4266,4269,-1,4269,4266,4267,-1,4149,4268,4151,-1,4151,4268,4269,-1,4149,4148,4173,-1,4173,4148,4152,-1,4236,4238,4263,-1,4230,4201,4229,-1,4229,4201,4202,-1,4149,4173,4268,-1,4268,4173,4174,-1,4268,4174,4266,-1,4178,4180,4232,-1,4232,4180,4182,-1,4232,4182,4230,-1,4167,4169,4171,-1,4249,4263,4247,-1,4247,4263,4245,-1,4238,4241,4263,-1,4263,4241,4243,-1,4263,4243,4245,-1,4249,4251,4263,-1,4263,4251,4253,-1,4263,4253,4255,-1,4255,4257,4263,-1,4263,4257,4259,-1,4263,4259,4261,-1,4219,4221,4229,-1,4229,4221,4223,-1,4229,4223,4227,-1,4227,4223,4225,-1,4263,4264,4236,-1,4236,4264,4266,-1,4236,4266,4234,-1,4234,4266,4174,-1,4234,4174,4232,-1,4232,4174,4176,-1,4232,4176,4178,-1,4182,4184,4230,-1,4230,4184,4186,-1,4230,4186,4188,-1,4152,4155,4173,-1,4173,4155,4157,-1,4173,4157,4159,-1,4159,4161,4173,-1,4173,4161,4163,-1,4173,4163,4171,-1,4171,4163,4165,-1,4171,4165,4167,-1,4205,4213,4202,-1,4202,4213,4215,-1,4202,4215,4229,-1,4229,4215,4216,-1,4229,4216,4219,-1,4205,4207,4213,-1,4213,4207,4209,-1,4213,4209,4211,-1,4188,4191,4230,-1,4230,4191,4193,-1,4230,4193,4195,-1,4195,4197,4230,-1,4230,4197,4199,-1,4230,4199,4201,-1,4153,4150,4151,-1,4269,4177,4175,-1,4158,4156,4154,-1,4187,4185,4231,-1,4258,4256,4248,-1,4168,4166,4153,-1,4231,4185,4233,-1,4185,4183,4233,-1,4233,4183,4181,-1,4233,4181,4179,-1,4226,4224,4222,-1,4246,4244,4262,-1,4262,4244,4242,-1,4269,4175,4151,-1,4151,4175,4172,-1,4151,4172,4153,-1,4153,4172,4170,-1,4153,4170,4168,-1,4166,4164,4153,-1,4153,4164,4162,-1,4153,4162,4154,-1,4154,4162,4160,-1,4154,4160,4158,-1,4226,4222,4228,-1,4228,4222,4220,-1,4228,4220,4218,-1,4246,4262,4248,-1,4248,4262,4260,-1,4248,4260,4258,-1,4256,4254,4248,-1,4248,4254,4252,-1,4248,4252,4250,-1,4179,4177,4233,-1,4233,4177,4269,-1,4233,4269,4235,-1,4235,4269,4267,-1,4235,4267,4237,-1,4237,4267,4265,-1,4237,4265,4239,-1,4239,4265,4262,-1,4239,4262,4240,-1,4240,4262,4242,-1,4206,4212,4208,-1,4208,4212,4210,-1,4217,4214,4203,-1,4203,4214,4212,-1,4203,4212,4204,-1,4204,4212,4206,-1,4218,4217,4228,-1,4228,4217,4203,-1,4228,4203,4231,-1,4231,4203,4200,-1,4231,4200,4198,-1,4192,4190,4231,-1,4231,4190,4189,-1,4231,4189,4187,-1,4198,4196,4231,-1,4231,4196,4194,-1,4231,4194,4192,-1,4270,4271,4272,-1,4272,4271,4273,-1,4274,4270,4275,-1,4275,4270,4272,-1,4274,4275,4276,-1,4274,4276,4277,-1,4277,4276,4278,-1,4277,4278,4279,-1,4279,4278,4280,-1,4279,4280,4281,-1,4281,4280,4282,-1,4281,4282,4283,-1,4283,4282,4284,-1,4283,4284,4285,-1,4285,4284,4286,-1,4285,4286,4287,-1,4287,4286,4288,-1,4287,4288,4289,-1,4289,4288,4290,-1,4289,4290,4291,-1,4291,4290,4292,-1,4291,4292,4293,-1,4293,4292,4294,-1,4293,4294,4295,-1,4296,4295,4297,-1,4297,4295,4294,-1,4296,4297,4298,-1,4298,4297,4299,-1,4298,4299,4300,-1,4300,4299,4301,-1,4300,4301,4302,-1,4302,4301,4303,-1,4302,4303,4304,-1,4304,4303,4305,-1,4304,4305,4306,-1,4306,4305,4307,-1,4306,4307,4308,-1,4308,4307,4309,-1,4310,4308,4311,-1,4311,4308,4309,-1,4310,4311,4312,-1,4310,4312,4313,-1,4313,4312,4314,-1,4313,4314,4315,-1,4315,4314,4316,-1,4315,4316,4317,-1,4317,4316,4318,-1,4317,4318,4319,-1,4319,4318,4320,-1,4319,4320,4321,-1,4321,4320,4322,-1,4321,4322,4323,-1,4324,4323,4325,-1,4325,4323,4322,-1,4324,4325,4326,-1,4324,4326,4327,-1,4327,4326,4328,-1,4327,4328,4329,-1,4329,4328,4330,-1,4329,4330,4331,-1,4331,4330,4332,-1,4331,4332,4333,-1,4333,4332,4334,-1,4333,4334,4335,-1,4335,4334,4336,-1,4335,4336,4337,-1,4338,4337,4339,-1,4339,4337,4336,-1,4338,4339,4340,-1,4338,4340,4341,-1,4341,4340,4342,-1,4341,4342,4343,-1,4343,4342,4344,-1,4343,4344,4345,-1,4345,4344,4346,-1,4345,4346,4347,-1,4347,4346,4348,-1,4347,4348,4349,-1,4349,4348,4350,-1,4349,4350,4351,-1,4352,4351,4353,-1,4353,4351,4350,-1,4354,4352,4355,-1,4355,4352,4353,-1,4356,4354,4357,-1,4357,4354,4355,-1,4358,4356,4359,-1,4359,4356,4357,-1,4360,4358,4361,-1,4361,4358,4359,-1,4360,4361,4362,-1,4360,4362,4363,-1,4363,4362,4364,-1,4363,4364,4365,-1,4365,4364,4366,-1,4365,4366,4367,-1,4367,4366,4368,-1,4367,4368,4369,-1,4369,4368,4370,-1,4369,4370,4371,-1,4371,4370,4372,-1,4371,4372,4373,-1,4373,4372,4374,-1,4373,4374,4375,-1,4375,4374,4376,-1,4375,4376,4377,-1,4377,4376,4378,-1,4377,4378,4379,-1,4379,4378,4380,-1,4379,4380,4381,-1,4381,4380,4382,-1,4381,4382,4383,-1,4383,4382,4384,-1,4383,4384,4385,-1,4386,4385,4387,-1,4387,4385,4384,-1,4388,4386,4389,-1,4389,4386,4387,-1,4390,4388,4391,-1,4391,4388,4389,-1,4271,4390,4273,-1,4273,4390,4391,-1,4271,4270,4295,-1,4295,4270,4274,-1,4358,4360,4385,-1,4352,4323,4351,-1,4351,4323,4324,-1,4271,4295,4390,-1,4390,4295,4296,-1,4390,4296,4388,-1,4300,4302,4354,-1,4354,4302,4304,-1,4354,4304,4352,-1,4289,4291,4293,-1,4371,4385,4369,-1,4369,4385,4367,-1,4360,4363,4385,-1,4385,4363,4365,-1,4385,4365,4367,-1,4371,4373,4385,-1,4385,4373,4375,-1,4385,4375,4377,-1,4377,4379,4385,-1,4385,4379,4381,-1,4385,4381,4383,-1,4341,4343,4351,-1,4351,4343,4345,-1,4351,4345,4349,-1,4349,4345,4347,-1,4385,4386,4358,-1,4358,4386,4388,-1,4358,4388,4356,-1,4356,4388,4296,-1,4356,4296,4354,-1,4354,4296,4298,-1,4354,4298,4300,-1,4304,4306,4352,-1,4352,4306,4308,-1,4352,4308,4310,-1,4274,4277,4295,-1,4295,4277,4279,-1,4295,4279,4281,-1,4281,4283,4295,-1,4295,4283,4285,-1,4295,4285,4293,-1,4293,4285,4287,-1,4293,4287,4289,-1,4327,4335,4324,-1,4324,4335,4337,-1,4324,4337,4351,-1,4351,4337,4338,-1,4351,4338,4341,-1,4327,4329,4335,-1,4335,4329,4331,-1,4335,4331,4333,-1,4310,4313,4352,-1,4352,4313,4315,-1,4352,4315,4317,-1,4317,4319,4352,-1,4352,4319,4321,-1,4352,4321,4323,-1,4275,4272,4273,-1,4391,4299,4297,-1,4280,4278,4276,-1,4309,4307,4353,-1,4380,4378,4370,-1,4290,4288,4275,-1,4353,4307,4355,-1,4307,4305,4355,-1,4355,4305,4303,-1,4355,4303,4301,-1,4348,4346,4344,-1,4368,4366,4384,-1,4384,4366,4364,-1,4391,4297,4273,-1,4273,4297,4294,-1,4273,4294,4275,-1,4275,4294,4292,-1,4275,4292,4290,-1,4288,4286,4275,-1,4275,4286,4284,-1,4275,4284,4276,-1,4276,4284,4282,-1,4276,4282,4280,-1,4348,4344,4350,-1,4350,4344,4342,-1,4350,4342,4340,-1,4368,4384,4370,-1,4370,4384,4382,-1,4370,4382,4380,-1,4378,4376,4370,-1,4370,4376,4374,-1,4370,4374,4372,-1,4301,4299,4355,-1,4355,4299,4391,-1,4355,4391,4357,-1,4357,4391,4389,-1,4357,4389,4359,-1,4359,4389,4387,-1,4359,4387,4361,-1,4361,4387,4384,-1,4361,4384,4362,-1,4362,4384,4364,-1,4328,4334,4330,-1,4330,4334,4332,-1,4339,4336,4325,-1,4325,4336,4334,-1,4325,4334,4326,-1,4326,4334,4328,-1,4340,4339,4350,-1,4350,4339,4325,-1,4350,4325,4353,-1,4353,4325,4322,-1,4353,4322,4320,-1,4314,4312,4353,-1,4353,4312,4311,-1,4353,4311,4309,-1,4320,4318,4353,-1,4353,4318,4316,-1,4353,4316,4314,-1,4392,4393,4394,-1,4394,4393,4395,-1,4396,4392,4397,-1,4397,4392,4394,-1,4396,4397,4398,-1,4396,4398,4399,-1,4399,4398,4400,-1,4399,4400,4401,-1,4401,4400,4402,-1,4401,4402,4403,-1,4403,4402,4404,-1,4403,4404,4405,-1,4405,4404,4406,-1,4405,4406,4407,-1,4407,4406,4408,-1,4407,4408,4409,-1,4409,4408,4410,-1,4409,4410,4411,-1,4411,4410,4412,-1,4411,4412,4413,-1,4413,4412,4414,-1,4413,4414,4415,-1,4415,4414,4416,-1,4415,4416,4417,-1,4418,4417,4419,-1,4419,4417,4416,-1,4418,4419,4420,-1,4420,4419,4421,-1,4420,4421,4422,-1,4422,4421,4423,-1,4422,4423,4424,-1,4424,4423,4425,-1,4424,4425,4426,-1,4426,4425,4427,-1,4426,4427,4428,-1,4428,4427,4429,-1,4428,4429,4430,-1,4430,4429,4431,-1,4432,4430,4433,-1,4433,4430,4431,-1,4432,4433,4434,-1,4432,4434,4435,-1,4435,4434,4436,-1,4435,4436,4437,-1,4437,4436,4438,-1,4437,4438,4439,-1,4439,4438,4440,-1,4439,4440,4441,-1,4441,4440,4442,-1,4441,4442,4443,-1,4443,4442,4444,-1,4443,4444,4445,-1,4446,4445,4447,-1,4447,4445,4444,-1,4446,4447,4448,-1,4446,4448,4449,-1,4449,4448,4450,-1,4449,4450,4451,-1,4451,4450,4452,-1,4451,4452,4453,-1,4453,4452,4454,-1,4453,4454,4455,-1,4455,4454,4456,-1,4455,4456,4457,-1,4457,4456,4458,-1,4457,4458,4459,-1,4460,4459,4461,-1,4461,4459,4458,-1,4460,4461,4462,-1,4460,4462,4463,-1,4463,4462,4464,-1,4463,4464,4465,-1,4465,4464,4466,-1,4465,4466,4467,-1,4467,4466,4468,-1,4467,4468,4469,-1,4469,4468,4470,-1,4469,4470,4471,-1,4471,4470,4472,-1,4471,4472,4473,-1,4474,4473,4475,-1,4475,4473,4472,-1,4476,4474,4477,-1,4477,4474,4475,-1,4478,4476,4479,-1,4479,4476,4477,-1,4480,4478,4481,-1,4481,4478,4479,-1,4482,4480,4483,-1,4483,4480,4481,-1,4482,4483,4484,-1,4482,4484,4485,-1,4485,4484,4486,-1,4485,4486,4487,-1,4487,4486,4488,-1,4487,4488,4489,-1,4489,4488,4490,-1,4489,4490,4491,-1,4491,4490,4492,-1,4491,4492,4493,-1,4493,4492,4494,-1,4493,4494,4495,-1,4495,4494,4496,-1,4495,4496,4497,-1,4497,4496,4498,-1,4497,4498,4499,-1,4499,4498,4500,-1,4499,4500,4501,-1,4501,4500,4502,-1,4501,4502,4503,-1,4503,4502,4504,-1,4503,4504,4505,-1,4505,4504,4506,-1,4505,4506,4507,-1,4508,4507,4509,-1,4509,4507,4506,-1,4510,4508,4511,-1,4511,4508,4509,-1,4512,4510,4513,-1,4513,4510,4511,-1,4393,4512,4395,-1,4395,4512,4513,-1,4393,4392,4417,-1,4417,4392,4396,-1,4480,4482,4507,-1,4474,4445,4473,-1,4473,4445,4446,-1,4393,4417,4512,-1,4512,4417,4418,-1,4512,4418,4510,-1,4422,4424,4476,-1,4476,4424,4426,-1,4476,4426,4474,-1,4411,4413,4415,-1,4493,4507,4491,-1,4491,4507,4489,-1,4482,4485,4507,-1,4507,4485,4487,-1,4507,4487,4489,-1,4493,4495,4507,-1,4507,4495,4497,-1,4507,4497,4499,-1,4499,4501,4507,-1,4507,4501,4503,-1,4507,4503,4505,-1,4463,4465,4473,-1,4473,4465,4467,-1,4473,4467,4471,-1,4471,4467,4469,-1,4507,4508,4480,-1,4480,4508,4510,-1,4480,4510,4478,-1,4478,4510,4418,-1,4478,4418,4476,-1,4476,4418,4420,-1,4476,4420,4422,-1,4426,4428,4474,-1,4474,4428,4430,-1,4474,4430,4432,-1,4396,4399,4417,-1,4417,4399,4401,-1,4417,4401,4403,-1,4403,4405,4417,-1,4417,4405,4407,-1,4417,4407,4415,-1,4415,4407,4409,-1,4415,4409,4411,-1,4449,4457,4446,-1,4446,4457,4459,-1,4446,4459,4473,-1,4473,4459,4460,-1,4473,4460,4463,-1,4449,4451,4457,-1,4457,4451,4453,-1,4457,4453,4455,-1,4432,4435,4474,-1,4474,4435,4437,-1,4474,4437,4439,-1,4439,4441,4474,-1,4474,4441,4443,-1,4474,4443,4445,-1,4397,4394,4395,-1,4513,4421,4419,-1,4402,4400,4398,-1,4431,4429,4475,-1,4502,4500,4492,-1,4412,4410,4397,-1,4475,4429,4477,-1,4429,4427,4477,-1,4477,4427,4425,-1,4477,4425,4423,-1,4470,4468,4466,-1,4490,4488,4506,-1,4506,4488,4486,-1,4513,4419,4395,-1,4395,4419,4416,-1,4395,4416,4397,-1,4397,4416,4414,-1,4397,4414,4412,-1,4410,4408,4397,-1,4397,4408,4406,-1,4397,4406,4398,-1,4398,4406,4404,-1,4398,4404,4402,-1,4470,4466,4472,-1,4472,4466,4464,-1,4472,4464,4462,-1,4490,4506,4492,-1,4492,4506,4504,-1,4492,4504,4502,-1,4500,4498,4492,-1,4492,4498,4496,-1,4492,4496,4494,-1,4423,4421,4477,-1,4477,4421,4513,-1,4477,4513,4479,-1,4479,4513,4511,-1,4479,4511,4481,-1,4481,4511,4509,-1,4481,4509,4483,-1,4483,4509,4506,-1,4483,4506,4484,-1,4484,4506,4486,-1,4450,4456,4452,-1,4452,4456,4454,-1,4461,4458,4447,-1,4447,4458,4456,-1,4447,4456,4448,-1,4448,4456,4450,-1,4462,4461,4472,-1,4472,4461,4447,-1,4472,4447,4475,-1,4475,4447,4444,-1,4475,4444,4442,-1,4436,4434,4475,-1,4475,4434,4433,-1,4475,4433,4431,-1,4442,4440,4475,-1,4475,4440,4438,-1,4475,4438,4436,-1,4514,4515,4516,-1,4516,4515,4517,-1,4516,4517,4518,-1,4518,4517,4519,-1,4518,4519,4520,-1,4520,4519,4521,-1,4520,4521,4522,-1,4521,4523,4522,-1,4522,4523,4524,-1,4522,4524,4525,-1,4525,4524,4526,-1,4525,4526,4527,-1,4527,4526,4528,-1,4527,4528,4529,-1,4529,4528,4530,-1,4529,4530,4531,-1,4531,4530,4532,-1,4533,4534,4535,-1,4535,4534,4536,-1,4537,4538,4530,-1,4530,4538,4539,-1,4530,4539,4532,-1,4532,4539,4540,-1,4532,4540,4541,-1,4542,4543,4544,-1,4544,4543,4545,-1,4544,4545,4546,-1,4547,4548,4545,-1,4542,4549,4543,-1,4543,4549,4550,-1,4543,4550,4530,-1,4530,4550,4551,-1,4530,4551,4537,-1,4552,4553,4534,-1,4534,4553,4554,-1,4534,4554,4555,-1,4533,4532,4534,-1,4534,4532,4541,-1,4534,4541,4552,-1,4556,4557,4558,-1,4545,4548,4546,-1,4546,4548,4559,-1,4546,4559,4560,-1,4560,4561,4546,-1,4546,4561,4562,-1,4546,4562,4563,-1,4564,4565,4566,-1,4533,4567,4532,-1,4532,4567,4564,-1,4532,4564,4568,-1,4568,4564,4566,-1,4547,4545,4558,-1,4558,4545,4569,-1,4558,4569,4556,-1,4543,4530,4528,-1,4543,4528,4570,-1,4570,4528,4526,-1,4570,4526,4571,-1,4571,4526,4524,-1,4571,4524,4572,-1,4572,4524,4523,-1,4572,4523,4573,-1,4573,4523,4521,-1,4573,4521,4574,-1,4574,4521,4519,-1,4574,4519,4575,-1,4575,4519,4517,-1,4575,4517,4576,-1,4576,4517,4515,-1,4577,4578,4579,-1,4579,4578,4576,-1,4579,4576,4580,-1,4580,4576,4515,-1,4581,4582,4579,-1,4579,4582,4577,-1,4583,4584,4582,-1,4514,4516,4585,-1,4585,4516,4583,-1,4585,4583,4581,-1,4581,4583,4582,-1,4583,4516,4586,-1,4586,4516,4518,-1,4586,4518,4587,-1,4587,4518,4520,-1,4587,4520,4588,-1,4588,4520,4522,-1,4588,4522,4589,-1,4589,4522,4525,-1,4589,4525,4590,-1,4590,4525,4527,-1,4590,4527,4591,-1,4591,4527,4529,-1,4592,4593,4531,-1,4531,4593,4529,-1,4529,4593,4594,-1,4529,4594,4595,-1,4596,4597,4598,-1,4597,4596,4599,-1,4599,4596,4591,-1,4599,4591,4600,-1,4601,4602,4603,-1,4604,4536,4605,-1,4605,4536,4606,-1,4604,4607,4536,-1,4536,4607,4592,-1,4536,4592,4535,-1,4535,4592,4531,-1,4535,4531,4608,-1,4595,4609,4529,-1,4529,4609,4610,-1,4529,4610,4591,-1,4591,4610,4611,-1,4591,4611,4600,-1,4612,4598,4613,-1,4613,4598,4614,-1,4612,4615,4598,-1,4598,4615,4616,-1,4598,4616,4596,-1,4596,4616,4617,-1,4608,4531,4603,-1,4603,4531,4618,-1,4603,4618,4601,-1,4619,4620,4621,-1,4617,4622,4596,-1,4596,4622,4619,-1,4596,4619,4623,-1,4623,4619,4621,-1,4559,4548,4616,-1,4616,4548,4617,-1,4546,4598,4544,-1,4544,4598,4597,-1,4544,4597,4542,-1,4542,4597,4599,-1,4542,4599,4549,-1,4549,4599,4600,-1,4549,4600,4550,-1,4550,4600,4611,-1,4550,4611,4551,-1,4551,4611,4610,-1,4551,4610,4537,-1,4537,4610,4609,-1,4537,4609,4538,-1,4538,4609,4595,-1,4538,4595,4539,-1,4539,4595,4594,-1,4539,4594,4540,-1,4540,4594,4593,-1,4540,4593,4541,-1,4541,4593,4592,-1,4576,4583,4575,-1,4575,4583,4586,-1,4575,4586,4574,-1,4574,4586,4587,-1,4574,4587,4573,-1,4573,4587,4588,-1,4573,4588,4572,-1,4572,4588,4589,-1,4596,4545,4591,-1,4591,4545,4543,-1,4591,4543,4590,-1,4590,4543,4570,-1,4590,4570,4589,-1,4589,4570,4571,-1,4589,4571,4572,-1,4584,4583,4578,-1,4578,4583,4576,-1,4533,4535,4608,-1,4533,4608,4567,-1,4567,4608,4603,-1,4567,4603,4564,-1,4564,4603,4602,-1,4564,4602,4565,-1,4565,4602,4601,-1,4565,4601,4566,-1,4566,4601,4618,-1,4566,4618,4568,-1,4568,4618,4531,-1,4568,4531,4532,-1,4559,4616,4615,-1,4559,4615,4560,-1,4560,4615,4612,-1,4560,4612,4561,-1,4561,4612,4613,-1,4561,4613,4562,-1,4562,4613,4614,-1,4562,4614,4563,-1,4563,4614,4598,-1,4563,4598,4546,-1,4541,4592,4607,-1,4541,4607,4552,-1,4552,4607,4604,-1,4552,4604,4553,-1,4553,4604,4605,-1,4553,4605,4554,-1,4554,4605,4606,-1,4554,4606,4555,-1,4555,4606,4536,-1,4555,4536,4534,-1,4617,4548,4547,-1,4617,4547,4622,-1,4622,4547,4558,-1,4622,4558,4619,-1,4619,4558,4557,-1,4619,4557,4620,-1,4620,4557,4556,-1,4620,4556,4621,-1,4621,4556,4569,-1,4621,4569,4623,-1,4623,4569,4545,-1,4623,4545,4596,-1,4582,4584,4577,-1,4577,4584,4578,-1,
        ]
    }
}
Shape{
    appearance Appearance {
        material  Material 	{
            diffuseColor 1.0 1.0 1.0
            specularColor 0.5019607843137255 0.5019607843137255 0.5019607843137255
            ambientIntensity 1.0
            transparency 0.0
            shininess 0.5
        }
    }
    geometry IndexedFaceSet {
        ccw TRUE
        solid FALSE
        coord DEF co Coordinate {
            point [
                4.2106 -0.5441 0.2047, 4.2106 -0.5441 0.4016, 4.1319 -0.5441 0.2047, 4.1319 -0.5441 0.4016, 4.2106 -0.7134 0.2047, 4.1319 -0.7134 0.2047
            ]
        }
        coordIndex [
            0,1,2,-1,2,1,3,-1,0,2,4,-1,4,2,5,-1,
        ]
    }
}
Shape{
    appearance Appearance {
        material  Material 	{
            diffuseColor 0.7529411764705882 0.7529411764705882 0.7529411764705882
            specularColor 0.3764705882352941 0.3764705882352941 0.3764705882352941
            ambientIntensity 0.7529
            transparency 0.0
            shininess 0.5
        }
    }
    geometry IndexedFaceSet {
        ccw TRUE
        solid FALSE
        coord DEF co Coordinate {
            point [
                -0.061 -0.6057 0.2746, -0.061 -0.583 0.2047, -0.1398 -0.6057 0.2746, -0.1398 -0.583 0.2047, -0.061 -0.8813 0.185, -0.1398 -0.8813 0.185, -0.1398 -0.8883 0.1817, -0.061 -0.8883 0.1817, -0.1398 -0.8943 0.1768, -0.061 -0.8943 0.1768, -0.1398 -0.8989 0.1705, -0.061 -0.8989 0.1705, -0.1398 -0.9017 0.1632, -0.061 -0.9017 0.1632, -0.1398 -0.9027 0.1555, -0.061 -0.9027 0.1555, -0.1398 -0.9017 0.1478, -0.061 -0.9017 0.1478, -0.1398 -0.8989 0.1406, -0.061 -0.8989 0.1406, -0.1398 -0.8943 0.1343, -0.061 -0.8943 0.1343, -0.1398 -0.8883 0.1293, -0.061 -0.8883 0.1293, -0.1398 -0.8813 0.126, -0.061 -0.8813 0.126, -0.061 0.2503 0.126, -0.1398 0.2503 0.126, -0.061 0.2639 0.1244, -0.1398 0.2639 0.1244, -0.061 0.2768 0.1197, -0.1398 0.2768 0.1197, -0.061 0.2882 0.1122, -0.1398 0.2882 0.1122, -0.061 0.2976 0.1022, -0.1398 0.2976 0.1022, -0.061 0.3045 0.0903, -0.1398 0.3045 0.0903, -0.061 0.3084 0.0772, -0.1398 0.3084 0.0772, -0.061 0.3134 0.0488, -0.1398 0.3134 0.0488, -0.1398 0.3174 0.0357, -0.061 0.3174 0.0357, -0.1398 0.3242 0.0238, -0.061 0.3242 0.0238, -0.1398 0.3336 0.0138, -0.061 0.3336 0.0138, -0.1398 0.3451 0.0063, -0.061 0.3451 0.0063, -0.1398 0.358 0.0016, -0.061 0.358 0.0016, -0.1398 0.3716 0.0, -0.061 0.3716 0.0, -0.061 0.637 0.0, -0.1398 0.637 0.0, -0.1398 0.6472 0.0013, -0.061 0.6472 0.0013, -0.1398 0.6567 0.0053, -0.061 0.6567 0.0053, -0.1398 0.6648 0.0115, -0.061 0.6648 0.0115, -0.1398 0.6711 0.0197, -0.061 0.6711 0.0197, -0.1398 0.675 0.0292, -0.061 0.675 0.0292, -0.1398 0.6764 0.0394, -0.061 0.6764 0.0394, -0.061 0.6764 0.0591, -0.1398 0.6764 0.0591, -0.1398 0.6744 0.0743, -0.061 0.6744 0.0743, -0.1398 0.6685 0.0886, -0.061 0.6685 0.0886, -0.1398 0.6591 0.1008, -0.061 0.6591 0.1008, -0.1398 0.6468 0.1102, -0.061 0.6468 0.1102, -0.1398 0.6326 0.1161, -0.061 0.6326 0.1161, -0.1398 0.6173 0.1181, -0.061 0.6173 0.1181, -0.061 0.4703 0.1181, -0.1398 0.4703 0.1181, -0.061 0.3811 0.2244, -0.1398 0.3811 0.2244, -0.061 0.3811 0.6969, -0.1398 0.3811 0.6969, -0.061 -0.6425 0.6969, -0.1398 -0.6425 0.6969, -0.061 -0.9575 0.6413, -0.1398 -0.9575 0.6413, -0.1398 -0.9669 0.6384, -0.061 -0.9669 0.6384, -0.1398 -0.9752 0.6333, -0.061 -0.9752 0.6333, -0.1398 -0.9821 0.6262, -0.061 -0.9821 0.6262, -0.1398 -0.987 0.6177, -0.061 -0.987 0.6177, -0.1398 -0.9896 0.6082, -0.061 -0.9896 0.6082, -0.1398 -0.9898 0.5984, -0.061 -0.9898 0.5984, -0.1398 -0.8354 0.5829, -0.1398 -0.6356 0.6181, -0.061 -0.8354 0.5829, -0.061 -0.6356 0.6181, -0.061 -0.0913 0.6181, -0.1398 -0.0913 0.6181, -0.061 -0.0913 0.2047, -0.1398 -0.0913 0.2047, -0.061 -0.8354 0.5984, -0.1398 -0.8354 0.5984
            ]
        }
        coordIndex [
            0,1,2,-1,2,1,3,-1,4,0,5,-1,5,0,2,-1,4,5,6,-1,4,6,7,-1,7,6,8,-1,7,8,9,-1,9,8,10,-1,9,10,11,-1,11,10,12,-1,11,12,13,-1,13,12,14,-1,13,14,15,-1,15,14,16,-1,15,16,17,-1,17,16,18,-1,17,18,19,-1,19,18,20,-1,19,20,21,-1,21,20,22,-1,21,22,23,-1,23,22,24,-1,23,24,25,-1,26,25,27,-1,27,25,24,-1,26,27,28,-1,28,27,29,-1,28,29,30,-1,30,29,31,-1,30,31,32,-1,32,31,33,-1,32,33,34,-1,34,33,35,-1,34,35,36,-1,36,35,37,-1,36,37,38,-1,38,37,39,-1,40,38,41,-1,41,38,39,-1,40,41,42,-1,40,42,43,-1,43,42,44,-1,43,44,45,-1,45,44,46,-1,45,46,47,-1,47,46,48,-1,47,48,49,-1,49,48,50,-1,49,50,51,-1,51,50,52,-1,51,52,53,-1,54,53,55,-1,55,53,52,-1,54,55,56,-1,54,56,57,-1,57,56,58,-1,57,58,59,-1,59,58,60,-1,59,60,61,-1,61,60,62,-1,61,62,63,-1,63,62,64,-1,63,64,65,-1,65,64,66,-1,65,66,67,-1,68,67,69,-1,69,67,66,-1,68,69,70,-1,68,70,71,-1,71,70,72,-1,71,72,73,-1,73,72,74,-1,73,74,75,-1,75,74,76,-1,75,76,77,-1,77,76,78,-1,77,78,79,-1,79,78,80,-1,79,80,81,-1,82,81,83,-1,83,81,80,-1,84,82,85,-1,85,82,83,-1,86,84,87,-1,87,84,85,-1,88,86,89,-1,89,86,87,-1,90,88,91,-1,91,88,89,-1,90,91,92,-1,90,92,93,-1,93,92,94,-1,93,94,95,-1,95,94,96,-1,95,96,97,-1,97,96,98,-1,97,98,99,-1,99,98,100,-1,99,100,101,-1,101,100,102,-1,101,102,103,-1,104,105,106,-1,106,105,107,-1,108,107,109,-1,109,107,105,-1,110,108,111,-1,111,108,109,-1,1,110,3,-1,3,110,111,-1,1,0,25,-1,25,0,4,-1,99,90,97,-1,97,90,93,-1,97,93,95,-1,99,101,90,-1,90,101,103,-1,90,103,88,-1,88,103,112,-1,88,112,106,-1,82,53,81,-1,81,53,54,-1,1,25,110,-1,110,25,26,-1,110,26,108,-1,19,21,23,-1,30,32,84,-1,84,32,34,-1,84,34,82,-1,4,7,25,-1,25,7,9,-1,25,9,11,-1,11,13,25,-1,25,13,15,-1,25,15,23,-1,23,15,17,-1,23,17,19,-1,71,73,81,-1,81,73,75,-1,81,75,79,-1,79,75,77,-1,106,107,88,-1,88,107,108,-1,88,108,86,-1,86,108,26,-1,86,26,84,-1,84,26,28,-1,84,28,30,-1,34,36,82,-1,82,36,38,-1,82,38,40,-1,57,65,54,-1,54,65,67,-1,54,67,81,-1,81,67,68,-1,81,68,71,-1,57,59,65,-1,65,59,61,-1,65,61,63,-1,40,43,82,-1,82,43,45,-1,82,45,47,-1,47,49,82,-1,82,49,51,-1,82,51,53,-1,5,2,3,-1,89,113,91,-1,91,113,102,-1,96,102,98,-1,98,102,100,-1,96,94,102,-1,102,94,92,-1,102,92,91,-1,104,113,105,-1,105,113,89,-1,105,89,109,-1,109,89,87,-1,109,87,111,-1,111,87,85,-1,10,8,6,-1,85,35,33,-1,20,18,5,-1,35,85,37,-1,37,85,83,-1,37,83,39,-1,78,76,74,-1,18,16,5,-1,5,16,14,-1,5,14,6,-1,6,14,12,-1,6,12,10,-1,33,31,85,-1,85,31,29,-1,85,29,111,-1,111,29,27,-1,111,27,3,-1,3,27,24,-1,3,24,5,-1,5,24,22,-1,5,22,20,-1,78,74,80,-1,80,74,72,-1,80,72,70,-1,58,64,60,-1,60,64,62,-1,69,66,55,-1,55,66,64,-1,55,64,56,-1,56,64,58,-1,70,69,80,-1,80,69,55,-1,80,55,83,-1,83,55,52,-1,83,52,50,-1,44,42,83,-1,83,42,41,-1,83,41,39,-1,50,48,83,-1,83,48,46,-1,83,46,44,-1,
        ]
    }
}
Shape{
    appearance Appearance {
        material  Material 	{
            diffuseColor 0.25098039215686274 0.25098039215686274 0.25098039215686274
            specularColor 0.12549019607843137 0.12549019607843137 0.12549019607843137
            ambientIntensity 0.251
            transparency 0.0
            shininess 0.5
        }
    }
    geometry IndexedFaceSet {
        ccw TRUE
        solid FALSE
        coord DEF co Coordinate {
            point [
                -0.1398 -0.8354 0.5984, -0.1398 -0.8354 0.5829, -0.061 -0.8354 0.5984, -0.061 -0.8354 0.5829, -0.1398 -0.9898 0.5984, -0.061 -0.9898 0.5984
            ]
        }
        coordIndex [
            0,1,2,-1,2,1,3,-1,4,0,5,-1,5,0,2,-1,
        ]
    }
}
Shape{
    appearance Appearance {
        material  Material 	{
            diffuseColor 0.7529411764705882 0.7529411764705882 0.7529411764705882
            specularColor 0.3764705882352941 0.3764705882352941 0.3764705882352941
            ambientIntensity 0.7529
            transparency 0.0
            shininess 0.5
        }
    }
    geometry IndexedFaceSet {
        ccw TRUE
        solid FALSE
        coord DEF co Coordinate {
            point [
                -0.2579 -0.6057 0.2746, -0.2579 -0.583 0.2047, -0.3366 -0.6057 0.2746, -0.3366 -0.583 0.2047, -0.2579 -0.8813 0.185, -0.3366 -0.8813 0.185, -0.3366 -0.8883 0.1817, -0.2579 -0.8883 0.1817, -0.3366 -0.8943 0.1768, -0.2579 -0.8943 0.1768, -0.3366 -0.8989 0.1705, -0.2579 -0.8989 0.1705, -0.3366 -0.9017 0.1632, -0.2579 -0.9017 0.1632, -0.3366 -0.9027 0.1555, -0.2579 -0.9027 0.1555, -0.3366 -0.9017 0.1478, -0.2579 -0.9017 0.1478, -0.3366 -0.8989 0.1406, -0.2579 -0.8989 0.1406, -0.3366 -0.8943 0.1343, -0.2579 -0.8943 0.1343, -0.3366 -0.8883 0.1293, -0.2579 -0.8883 0.1293, -0.3366 -0.8813 0.126, -0.2579 -0.8813 0.126, -0.2579 0.2503 0.126, -0.3366 0.2503 0.126, -0.2579 0.2639 0.1244, -0.3366 0.2639 0.1244, -0.2579 0.2768 0.1197, -0.3366 0.2768 0.1197, -0.2579 0.2882 0.1122, -0.3366 0.2882 0.1122, -0.2579 0.2976 0.1022, -0.3366 0.2976 0.1022, -0.2579 0.3045 0.0903, -0.3366 0.3045 0.0903, -0.2579 0.3084 0.0772, -0.3366 0.3084 0.0772, -0.2579 0.3134 0.0488, -0.3366 0.3134 0.0488, -0.3366 0.3174 0.0357, -0.2579 0.3174 0.0357, -0.3366 0.3242 0.0238, -0.2579 0.3242 0.0238, -0.3366 0.3336 0.0138, -0.2579 0.3336 0.0138, -0.3366 0.3451 0.0063, -0.2579 0.3451 0.0063, -0.3366 0.358 0.0016, -0.2579 0.358 0.0016, -0.3366 0.3716 0.0, -0.2579 0.3716 0.0, -0.2579 0.637 0.0, -0.3366 0.637 0.0, -0.3366 0.6472 0.0013, -0.2579 0.6472 0.0013, -0.3366 0.6567 0.0053, -0.2579 0.6567 0.0053, -0.3366 0.6648 0.0115, -0.2579 0.6648 0.0115, -0.3366 0.6711 0.0197, -0.2579 0.6711 0.0197, -0.3366 0.675 0.0292, -0.2579 0.675 0.0292, -0.3366 0.6764 0.0394, -0.2579 0.6764 0.0394, -0.2579 0.6764 0.0591, -0.3366 0.6764 0.0591, -0.3366 0.6744 0.0743, -0.2579 0.6744 0.0743, -0.3366 0.6685 0.0886, -0.2579 0.6685 0.0886, -0.3366 0.6591 0.1008, -0.2579 0.6591 0.1008, -0.3366 0.6468 0.1102, -0.2579 0.6468 0.1102, -0.3366 0.6326 0.1161, -0.2579 0.6326 0.1161, -0.3366 0.6173 0.1181, -0.2579 0.6173 0.1181, -0.2579 0.4703 0.1181, -0.3366 0.4703 0.1181, -0.2579 0.3811 0.2244, -0.3366 0.3811 0.2244, -0.2579 0.3811 0.6969, -0.3366 0.3811 0.6969, -0.2579 -0.6425 0.6969, -0.3366 -0.6425 0.6969, -0.2579 -0.9575 0.6413, -0.3366 -0.9575 0.6413, -0.3366 -0.9669 0.6384, -0.2579 -0.9669 0.6384, -0.3366 -0.9752 0.6333, -0.2579 -0.9752 0.6333, -0.3366 -0.9821 0.6262, -0.2579 -0.9821 0.6262, -0.3366 -0.987 0.6177, -0.2579 -0.987 0.6177, -0.3366 -0.9896 0.6082, -0.2579 -0.9896 0.6082, -0.3366 -0.9898 0.5984, -0.2579 -0.9898 0.5984, -0.3366 -0.8354 0.5829, -0.3366 -0.6356 0.6181, -0.2579 -0.8354 0.5829, -0.2579 -0.6356 0.6181, -0.2579 -0.0913 0.6181, -0.3366 -0.0913 0.6181, -0.2579 -0.0913 0.2047, -0.3366 -0.0913 0.2047, -0.2579 -0.8354 0.5984, -0.3366 -0.8354 0.5984
            ]
        }
        coordIndex [
            0,1,2,-1,2,1,3,-1,4,0,5,-1,5,0,2,-1,4,5,6,-1,4,6,7,-1,7,6,8,-1,7,8,9,-1,9,8,10,-1,9,10,11,-1,11,10,12,-1,11,12,13,-1,13,12,14,-1,13,14,15,-1,15,14,16,-1,15,16,17,-1,17,16,18,-1,17,18,19,-1,19,18,20,-1,19,20,21,-1,21,20,22,-1,21,22,23,-1,23,22,24,-1,23,24,25,-1,26,25,27,-1,27,25,24,-1,26,27,28,-1,28,27,29,-1,28,29,30,-1,30,29,31,-1,30,31,32,-1,32,31,33,-1,32,33,34,-1,34,33,35,-1,34,35,36,-1,36,35,37,-1,36,37,38,-1,38,37,39,-1,40,38,41,-1,41,38,39,-1,40,41,42,-1,40,42,43,-1,43,42,44,-1,43,44,45,-1,45,44,46,-1,45,46,47,-1,47,46,48,-1,47,48,49,-1,49,48,50,-1,49,50,51,-1,51,50,52,-1,51,52,53,-1,54,53,55,-1,55,53,52,-1,54,55,56,-1,54,56,57,-1,57,56,58,-1,57,58,59,-1,59,58,60,-1,59,60,61,-1,61,60,62,-1,61,62,63,-1,63,62,64,-1,63,64,65,-1,65,64,66,-1,65,66,67,-1,68,67,69,-1,69,67,66,-1,68,69,70,-1,68,70,71,-1,71,70,72,-1,71,72,73,-1,73,72,74,-1,73,74,75,-1,75,74,76,-1,75,76,77,-1,77,76,78,-1,77,78,79,-1,79,78,80,-1,79,80,81,-1,82,81,83,-1,83,81,80,-1,84,82,85,-1,85,82,83,-1,86,84,87,-1,87,84,85,-1,88,86,89,-1,89,86,87,-1,90,88,91,-1,91,88,89,-1,90,91,92,-1,90,92,93,-1,93,92,94,-1,93,94,95,-1,95,94,96,-1,95,96,97,-1,97,96,98,-1,97,98,99,-1,99,98,100,-1,99,100,101,-1,101,100,102,-1,101,102,103,-1,104,105,106,-1,106,105,107,-1,108,107,109,-1,109,107,105,-1,110,108,111,-1,111,108,109,-1,1,110,3,-1,3,110,111,-1,1,0,25,-1,25,0,4,-1,99,90,97,-1,97,90,93,-1,97,93,95,-1,99,101,90,-1,90,101,103,-1,90,103,88,-1,88,103,112,-1,88,112,106,-1,82,53,81,-1,81,53,54,-1,1,25,110,-1,110,25,26,-1,110,26,108,-1,19,21,23,-1,30,32,84,-1,84,32,34,-1,84,34,82,-1,4,7,25,-1,25,7,9,-1,25,9,11,-1,11,13,25,-1,25,13,15,-1,25,15,23,-1,23,15,17,-1,23,17,19,-1,71,73,81,-1,81,73,75,-1,81,75,79,-1,79,75,77,-1,106,107,88,-1,88,107,108,-1,88,108,86,-1,86,108,26,-1,86,26,84,-1,84,26,28,-1,84,28,30,-1,34,36,82,-1,82,36,38,-1,82,38,40,-1,57,65,54,-1,54,65,67,-1,54,67,81,-1,81,67,68,-1,81,68,71,-1,57,59,65,-1,65,59,61,-1,65,61,63,-1,40,43,82,-1,82,43,45,-1,82,45,47,-1,47,49,82,-1,82,49,51,-1,82,51,53,-1,5,2,3,-1,89,113,91,-1,91,113,102,-1,96,102,98,-1,98,102,100,-1,96,94,102,-1,102,94,92,-1,102,92,91,-1,104,113,105,-1,105,113,89,-1,105,89,109,-1,109,89,87,-1,109,87,111,-1,111,87,85,-1,10,8,6,-1,85,35,33,-1,20,18,5,-1,35,85,37,-1,37,85,83,-1,37,83,39,-1,78,76,74,-1,18,16,5,-1,5,16,14,-1,5,14,6,-1,6,14,12,-1,6,12,10,-1,33,31,85,-1,85,31,29,-1,85,29,111,-1,111,29,27,-1,111,27,3,-1,3,27,24,-1,3,24,5,-1,5,24,22,-1,5,22,20,-1,78,74,80,-1,80,74,72,-1,80,72,70,-1,58,64,60,-1,60,64,62,-1,69,66,55,-1,55,66,64,-1,55,64,56,-1,56,64,58,-1,70,69,80,-1,80,69,55,-1,80,55,83,-1,83,55,52,-1,83,52,50,-1,44,42,83,-1,83,42,41,-1,83,41,39,-1,50,48,83,-1,83,48,46,-1,83,46,44,-1,
        ]
    }
}
Shape{
    appearance Appearance {
        material  Material 	{
            diffuseColor 0.25098039215686274 0.25098039215686274 0.25098039215686274
            specularColor 0.12549019607843137 0.12549019607843137 0.12549019607843137
            ambientIntensity 0.251
            transparency 0.0
            shininess 0.5
        }
    }
    geometry IndexedFaceSet {
        ccw TRUE
        solid FALSE
        coord DEF co Coordinate {
            point [
                -0.3366 -0.8354 0.5984, -0.3366 -0.8354 0.5829, -0.2579 -0.8354 0.5984, -0.2579 -0.8354 0.5829, -0.3366 -0.9898 0.5984, -0.2579 -0.9898 0.5984
            ]
        }
        coordIndex [
            0,1,2,-1,2,1,3,-1,4,0,5,-1,5,0,2,-1,
        ]
    }
}
Shape{
    appearance Appearance {
        material  Material 	{
            diffuseColor 0.7529411764705882 0.7529411764705882 0.7529411764705882
            specularColor 0.3764705882352941 0.3764705882352941 0.3764705882352941
            ambientIntensity 0.7529
            transparency 0.0
            shininess 0.5
        }
    }
    geometry IndexedFaceSet {
        ccw TRUE
        solid FALSE
        coord DEF co Coordinate {
            point [
                -0.4547 -0.6057 0.2746, -0.4547 -0.583 0.2047, -0.5335 -0.6057 0.2746, -0.5335 -0.583 0.2047, -0.4547 -0.8813 0.185, -0.5335 -0.8813 0.185, -0.5335 -0.8883 0.1817, -0.4547 -0.8883 0.1817, -0.5335 -0.8943 0.1768, -0.4547 -0.8943 0.1768, -0.5335 -0.8989 0.1705, -0.4547 -0.8989 0.1705, -0.5335 -0.9017 0.1632, -0.4547 -0.9017 0.1632, -0.5335 -0.9027 0.1555, -0.4547 -0.9027 0.1555, -0.5335 -0.9017 0.1478, -0.4547 -0.9017 0.1478, -0.5335 -0.8989 0.1406, -0.4547 -0.8989 0.1406, -0.5335 -0.8943 0.1343, -0.4547 -0.8943 0.1343, -0.5335 -0.8883 0.1293, -0.4547 -0.8883 0.1293, -0.5335 -0.8813 0.126, -0.4547 -0.8813 0.126, -0.4547 0.2503 0.126, -0.5335 0.2503 0.126, -0.4547 0.2639 0.1244, -0.5335 0.2639 0.1244, -0.4547 0.2768 0.1197, -0.5335 0.2768 0.1197, -0.4547 0.2882 0.1122, -0.5335 0.2882 0.1122, -0.4547 0.2976 0.1022, -0.5335 0.2976 0.1022, -0.4547 0.3045 0.0903, -0.5335 0.3045 0.0903, -0.4547 0.3084 0.0772, -0.5335 0.3084 0.0772, -0.4547 0.3134 0.0488, -0.5335 0.3134 0.0488, -0.5335 0.3174 0.0357, -0.4547 0.3174 0.0357, -0.5335 0.3242 0.0238, -0.4547 0.3242 0.0238, -0.5335 0.3336 0.0138, -0.4547 0.3336 0.0138, -0.5335 0.3451 0.0063, -0.4547 0.3451 0.0063, -0.5335 0.358 0.0016, -0.4547 0.358 0.0016, -0.5335 0.3716 0.0, -0.4547 0.3716 0.0, -0.4547 0.637 0.0, -0.5335 0.637 0.0, -0.5335 0.6472 0.0013, -0.4547 0.6472 0.0013, -0.5335 0.6567 0.0053, -0.4547 0.6567 0.0053, -0.5335 0.6648 0.0115, -0.4547 0.6648 0.0115, -0.5335 0.6711 0.0197, -0.4547 0.6711 0.0197, -0.5335 0.675 0.0292, -0.4547 0.675 0.0292, -0.5335 0.6764 0.0394, -0.4547 0.6764 0.0394, -0.4547 0.6764 0.0591, -0.5335 0.6764 0.0591, -0.5335 0.6744 0.0743, -0.4547 0.6744 0.0743, -0.5335 0.6685 0.0886, -0.4547 0.6685 0.0886, -0.5335 0.6591 0.1008, -0.4547 0.6591 0.1008, -0.5335 0.6468 0.1102, -0.4547 0.6468 0.1102, -0.5335 0.6326 0.1161, -0.4547 0.6326 0.1161, -0.5335 0.6173 0.1181, -0.4547 0.6173 0.1181, -0.4547 0.4703 0.1181, -0.5335 0.4703 0.1181, -0.4547 0.3811 0.2244, -0.5335 0.3811 0.2244, -0.4547 0.3811 0.6969, -0.5335 0.3811 0.6969, -0.4547 -0.6425 0.6969, -0.5335 -0.6425 0.6969, -0.4547 -0.9575 0.6413, -0.5335 -0.9575 0.6413, -0.5335 -0.9669 0.6384, -0.4547 -0.9669 0.6384, -0.5335 -0.9752 0.6333, -0.4547 -0.9752 0.6333, -0.5335 -0.9821 0.6262, -0.4547 -0.9821 0.6262, -0.5335 -0.987 0.6177, -0.4547 -0.987 0.6177, -0.5335 -0.9896 0.6082, -0.4547 -0.9896 0.6082, -0.5335 -0.9898 0.5984, -0.4547 -0.9898 0.5984, -0.5335 -0.8354 0.5829, -0.5335 -0.6356 0.6181, -0.4547 -0.8354 0.5829, -0.4547 -0.6356 0.6181, -0.4547 -0.0913 0.6181, -0.5335 -0.0913 0.6181, -0.4547 -0.0913 0.2047, -0.5335 -0.0913 0.2047, -0.4547 -0.8354 0.5984, -0.5335 -0.8354 0.5984
            ]
        }
        coordIndex [
            0,1,2,-1,2,1,3,-1,4,0,5,-1,5,0,2,-1,4,5,6,-1,4,6,7,-1,7,6,8,-1,7,8,9,-1,9,8,10,-1,9,10,11,-1,11,10,12,-1,11,12,13,-1,13,12,14,-1,13,14,15,-1,15,14,16,-1,15,16,17,-1,17,16,18,-1,17,18,19,-1,19,18,20,-1,19,20,21,-1,21,20,22,-1,21,22,23,-1,23,22,24,-1,23,24,25,-1,26,25,27,-1,27,25,24,-1,26,27,28,-1,28,27,29,-1,28,29,30,-1,30,29,31,-1,30,31,32,-1,32,31,33,-1,32,33,34,-1,34,33,35,-1,34,35,36,-1,36,35,37,-1,36,37,38,-1,38,37,39,-1,40,38,41,-1,41,38,39,-1,40,41,42,-1,40,42,43,-1,43,42,44,-1,43,44,45,-1,45,44,46,-1,45,46,47,-1,47,46,48,-1,47,48,49,-1,49,48,50,-1,49,50,51,-1,51,50,52,-1,51,52,53,-1,54,53,55,-1,55,53,52,-1,54,55,56,-1,54,56,57,-1,57,56,58,-1,57,58,59,-1,59,58,60,-1,59,60,61,-1,61,60,62,-1,61,62,63,-1,63,62,64,-1,63,64,65,-1,65,64,66,-1,65,66,67,-1,68,67,69,-1,69,67,66,-1,68,69,70,-1,68,70,71,-1,71,70,72,-1,71,72,73,-1,73,72,74,-1,73,74,75,-1,75,74,76,-1,75,76,77,-1,77,76,78,-1,77,78,79,-1,79,78,80,-1,79,80,81,-1,82,81,83,-1,83,81,80,-1,84,82,85,-1,85,82,83,-1,86,84,87,-1,87,84,85,-1,88,86,89,-1,89,86,87,-1,90,88,91,-1,91,88,89,-1,90,91,92,-1,90,92,93,-1,93,92,94,-1,93,94,95,-1,95,94,96,-1,95,96,97,-1,97,96,98,-1,97,98,99,-1,99,98,100,-1,99,100,101,-1,101,100,102,-1,101,102,103,-1,104,105,106,-1,106,105,107,-1,108,107,109,-1,109,107,105,-1,110,108,111,-1,111,108,109,-1,1,110,3,-1,3,110,111,-1,1,0,25,-1,25,0,4,-1,99,90,97,-1,97,90,93,-1,97,93,95,-1,99,101,90,-1,90,101,103,-1,90,103,88,-1,88,103,112,-1,88,112,106,-1,82,53,81,-1,81,53,54,-1,1,25,110,-1,110,25,26,-1,110,26,108,-1,19,21,23,-1,30,32,84,-1,84,32,34,-1,84,34,82,-1,4,7,25,-1,25,7,9,-1,25,9,11,-1,11,13,25,-1,25,13,15,-1,25,15,23,-1,23,15,17,-1,23,17,19,-1,71,73,81,-1,81,73,75,-1,81,75,79,-1,79,75,77,-1,106,107,88,-1,88,107,108,-1,88,108,86,-1,86,108,26,-1,86,26,84,-1,84,26,28,-1,84,28,30,-1,34,36,82,-1,82,36,38,-1,82,38,40,-1,57,65,54,-1,54,65,67,-1,54,67,81,-1,81,67,68,-1,81,68,71,-1,57,59,65,-1,65,59,61,-1,65,61,63,-1,40,43,82,-1,82,43,45,-1,82,45,47,-1,47,49,82,-1,82,49,51,-1,82,51,53,-1,5,2,3,-1,89,113,91,-1,91,113,102,-1,96,102,98,-1,98,102,100,-1,96,94,102,-1,102,94,92,-1,102,92,91,-1,104,113,105,-1,105,113,89,-1,105,89,109,-1,109,89,87,-1,109,87,111,-1,111,87,85,-1,10,8,6,-1,85,35,33,-1,20,18,5,-1,35,85,37,-1,37,85,83,-1,37,83,39,-1,78,76,74,-1,18,16,5,-1,5,16,14,-1,5,14,6,-1,6,14,12,-1,6,12,10,-1,33,31,85,-1,85,31,29,-1,85,29,111,-1,111,29,27,-1,111,27,3,-1,3,27,24,-1,3,24,5,-1,5,24,22,-1,5,22,20,-1,78,74,80,-1,80,74,72,-1,80,72,70,-1,58,64,60,-1,60,64,62,-1,69,66,55,-1,55,66,64,-1,55,64,56,-1,56,64,58,-1,70,69,80,-1,80,69,55,-1,80,55,83,-1,83,55,52,-1,83,52,50,-1,44,42,83,-1,83,42,41,-1,83,41,39,-1,50,48,83,-1,83,48,46,-1,83,46,44,-1,
        ]
    }
}
Shape{
    appearance Appearance {
        material  Material 	{
            diffuseColor 0.25098039215686274 0.25098039215686274 0.25098039215686274
            specularColor 0.12549019607843137 0.12549019607843137 0.12549019607843137
            ambientIntensity 0.251
            transparency 0.0
            shininess 0.5
        }
    }
    geometry IndexedFaceSet {
        ccw TRUE
        solid FALSE
        coord DEF co Coordinate {
            point [
                -0.5335 -0.8354 0.5984, -0.5335 -0.8354 0.5829, -0.4547 -0.8354 0.5984, -0.4547 -0.8354 0.5829, -0.5335 -0.9898 0.5984, -0.4547 -0.9898 0.5984, -4.0389 -1.6074 0.7953, -3.995 -1.6431 0.7953, -4.0028 -1.6349 0.7953, -4.0677 -1.653 0.7953, -3.9593 -1.6554 0.7953, -3.9743 -1.6528 0.7953, -4.7657 -1.4102 0.7953, -4.7657 -1.7252 0.7953, -4.183 -1.6074 0.7953, -4.0918 -1.653 0.7953, -4.0918 -1.6074 0.7953, 4.7618 -1.7252 0.7953, 4.3681 -1.4102 0.7953, 4.7618 -1.4102 0.7953, -4.0677 -1.6074 0.7953, -3.9868 -1.6485 0.7953, -4.0571 -1.2291 0.7953, -4.183 -1.5869 0.7953, -4.1344 -1.5241 0.7953, -4.0934 -1.4561 0.7953, -4.0677 -1.4561 0.7953, 4.0531 -1.2291 0.7953, -4.0571 -0.9378 0.7953, -4.372 -0.9378 0.7953, -4.372 -1.4102 0.7953, -4.0126 -1.4954 0.7953, -4.0032 -1.4778 0.7953, -3.994 -1.4674 0.7953, -3.9854 -1.4614 0.7953, 4.3681 -0.9378 0.7953, 4.0531 -0.9378 0.7953, -3.9549 -1.4537 0.7953, -3.9744 -1.4573 0.7953, -4.0677 -1.5858 0.7953, -4.0389 -1.5858 0.7953, -3.9019 -1.6133 0.7953, -3.911 -1.6307 0.7953, -3.9204 -1.6415 0.7953, -3.9291 -1.6476 0.7953, -4.0107 -1.6217 0.7953, -4.0185 -1.5971 0.7953, -4.0221 -1.5584 0.7953, -4.0195 -1.5224 0.7953, -3.9372 -1.4569 0.7953, -3.9259 -1.4611 0.7953, -3.918 -1.4667 0.7953, -3.8957 -1.5129 0.7953, -3.8925 -1.5537 0.7953, -3.8951 -1.5864 0.7953, -3.9401 -1.6518 0.7953, -3.9105 -1.4751 0.7953, -3.9029 -1.4887 0.7953, -4.0571 -0.8748 0.7424, -4.372 -0.8748 0.7424, -4.0571 -0.8354 0.7424, -4.372 -0.8354 0.7424, 4.7618 -1.4102 0.0866, 4.7618 -1.7252 0.0866, 4.3681 -1.4102 0.0866, 4.0531 -1.7252 0.0866, 4.3681 -1.0559 0.0866, 4.0531 -1.0559 0.0866, 4.0531 -1.0083 0.2175, 4.3681 -1.0083 0.2175, 4.0531 -0.8354 0.2175, 4.3681 -0.8354 0.2175, 4.3681 -0.8748 0.7424, 4.3681 -0.8354 0.7424, 4.0531 -0.8748 0.7424, 4.0531 -1.7252 0.4409, -4.0571 -1.7252 0.4409, -4.0571 -1.7252 0.0866, -4.7657 -1.7252 0.0866, -4.372 -1.0559 0.0866, -4.0571 -1.0559 0.0866, -4.372 -1.4102 0.0866, -4.7657 -1.4102 0.0866, -4.0571 -1.0083 0.2175, -4.372 -1.0083 0.2175, -4.0571 -0.8354 0.2175, -4.372 -0.8354 0.2175, -4.0571 -0.8354 0.2441, -4.0571 -0.8354 0.5984, -3.8996 -0.8354 0.5984, -3.8996 -0.8354 0.4803, -3.7815 -0.8354 0.5984, -3.7028 -0.8354 0.5984, -3.7815 -0.8354 0.4803, -3.7028 -0.8354 0.4803, -2.7972 -0.8354 0.4803, -2.7972 -0.8354 0.5984, -2.7185 -0.8354 0.5984, 4.0531 -0.8354 0.2441, -3.5846 -0.8354 0.4803, -3.5846 -0.8354 0.5984, -3.5059 -0.8354 0.5984, -3.5059 -0.8354 0.4803, -3.3878 -0.8354 0.4803, -3.3878 -0.8354 0.5984, -3.3091 -0.8354 0.5984, -3.3091 -0.8354 0.4803, -3.1909 -0.8354 0.4803, -3.1909 -0.8354 0.5984, -3.1122 -0.8354 0.5984, -3.1122 -0.8354 0.4803, -2.9941 -0.8354 0.4803, -1.813 -0.8354 0.4803, -1.813 -0.8354 0.5984, -1.7343 -0.8354 0.5984, -2.7185 -0.8354 0.4803, -2.6004 -0.8354 0.4803, -2.9154 -0.8354 0.4803, -2.9154 -0.8354 0.5984, -2.9941 -0.8354 0.5984, -1.7343 -0.8354 0.4803, -1.6161 -0.8354 0.4803, -2.6004 -0.8354 0.5984, -2.5217 -0.8354 0.5984, -2.5217 -0.8354 0.4803, -2.4035 -0.8354 0.4803, -2.4035 -0.8354 0.5984, -2.3248 -0.8354 0.5984, -2.3248 -0.8354 0.4803, -2.2067 -0.8354 0.4803, -1.0256 -0.8354 0.4803, -1.0256 -0.8354 0.5984, -0.9469 -0.8354 0.5984, -2.2067 -0.8354 0.5984, -2.128 -0.8354 0.5984, -2.128 -0.8354 0.4803, -2.0098 -0.8354 0.4803, -2.0098 -0.8354 0.5984, -1.9311 -0.8354 0.5984, -1.9311 -0.8354 0.4803, -0.9469 -0.8354 0.4803, -0.8287 -0.8354 0.4803, -1.6161 -0.8354 0.5984, -1.5374 -0.8354 0.5984, -1.5374 -0.8354 0.4803, -1.4193 -0.8354 0.4803, -0.435 -0.8354 0.4803, -0.435 -0.8354 0.5984, -0.3563 -0.8354 0.5984, -1.4193 -0.8354 0.5984, -1.3406 -0.8354 0.5984, -1.3406 -0.8354 0.4803, -1.2224 -0.8354 0.4803, -1.2224 -0.8354 0.5984, -1.1437 -0.8354 0.5984, -1.1437 -0.8354 0.4803, -0.3563 -0.8354 0.4803, -0.2382 -0.8354 0.4803, -0.0413 -0.8354 0.4803, -0.0413 -0.8354 0.5984, 0.0374 -0.8354 0.5984, -0.8287 -0.8354 0.5984, -0.75 -0.8354 0.5984, -0.75 -0.8354 0.4803, -0.6319 -0.8354 0.4803, -0.6319 -0.8354 0.5984, -0.5531 -0.8354 0.5984, -0.5531 -0.8354 0.4803, 0.0374 -0.8354 0.4803, 0.1555 -0.8354 0.4803, 0.3524 -0.8354 0.4803, 0.3524 -0.8354 0.5984, 0.4311 -0.8354 0.5984, -0.1594 -0.8354 0.4803, -0.1594 -0.8354 0.5984, -0.2382 -0.8354 0.5984, 0.4311 -0.8354 0.4803, 0.5492 -0.8354 0.4803, 0.7461 -0.8354 0.4803, 0.7461 -0.8354 0.5984, 0.8248 -0.8354 0.5984, 0.2343 -0.8354 0.4803, 0.2343 -0.8354 0.5984, 0.1555 -0.8354 0.5984, 0.8248 -0.8354 0.4803, 0.9429 -0.8354 0.4803, 0.5492 -0.8354 0.5984, 0.628 -0.8354 0.5984, 0.628 -0.8354 0.4803, 1.1398 -0.8354 0.4803, 1.1398 -0.8354 0.5984, 1.2185 -0.8354 0.5984, 1.2185 -0.8354 0.4803, 1.3366 -0.8354 0.4803, 1.0217 -0.8354 0.4803, 1.0217 -0.8354 0.5984, 0.9429 -0.8354 0.5984, 1.5335 -0.8354 0.4803, 1.5335 -0.8354 0.5984, 1.6122 -0.8354 0.5984, 1.6122 -0.8354 0.4803, 1.7303 -0.8354 0.4803, 1.4154 -0.8354 0.4803, 1.4154 -0.8354 0.5984, 1.3366 -0.8354 0.5984, 1.9272 -0.8354 0.4803, 1.9272 -0.8354 0.5984, 2.0059 -0.8354 0.5984, 2.0059 -0.8354 0.4803, 2.124 -0.8354 0.4803, 1.8091 -0.8354 0.4803, 1.8091 -0.8354 0.5984, 1.7303 -0.8354 0.5984, 2.3209 -0.8354 0.4803, 2.3209 -0.8354 0.5984, 2.3996 -0.8354 0.5984, 2.3996 -0.8354 0.4803, 2.5177 -0.8354 0.4803, 2.2028 -0.8354 0.4803, 2.2028 -0.8354 0.5984, 2.124 -0.8354 0.5984, 2.7146 -0.8354 0.4803, 2.7146 -0.8354 0.5984, 2.7933 -0.8354 0.5984, 2.7933 -0.8354 0.4803, 2.9114 -0.8354 0.4803, 2.5965 -0.8354 0.4803, 2.5965 -0.8354 0.5984, 2.5177 -0.8354 0.5984, 3.1083 -0.8354 0.4803, 3.1083 -0.8354 0.5984, 3.187 -0.8354 0.5984, 3.187 -0.8354 0.4803, 3.3051 -0.8354 0.4803, 2.9902 -0.8354 0.4803, 2.9902 -0.8354 0.5984, 2.9114 -0.8354 0.5984, 3.502 -0.8354 0.4803, 3.502 -0.8354 0.5984, 3.5807 -0.8354 0.5984, 3.5807 -0.8354 0.4803, 3.6988 -0.8354 0.4803, 3.3839 -0.8354 0.4803, 3.3839 -0.8354 0.5984, 3.3051 -0.8354 0.5984, 4.0531 -0.8354 0.5984, 4.0531 -0.8354 0.7424, 3.8957 -0.8354 0.5984, 3.8957 -0.8354 0.4803, 3.7776 -0.8354 0.4803, 3.7776 -0.8354 0.5984, 3.6988 -0.8354 0.5984, 4.0531 -1.5283 0.2441, -4.0571 -1.5283 0.2441, -4.0571 -1.2291 0.5984, 4.0531 -1.2291 0.5984, -3.7028 -1.0717 0.5984, -3.8996 -1.0717 0.5984, -3.7815 -1.0717 0.5984, 3.7776 -1.0717 0.5984, 3.6988 -1.0717 0.5984, 1.4154 -1.0717 0.5984, -0.9469 -1.0717 0.5984, -1.1437 -1.0717 0.5984, -1.2224 -1.0717 0.5984, -1.7343 -1.0717 0.5984, 0.628 -1.0717 0.5984, -1.0256 -1.0717 0.5984, -1.3406 -1.0717 0.5984, -1.813 -1.0717 0.5984, -1.9311 -1.0717 0.5984, -1.4193 -1.0717 0.5984, -1.5374 -1.0717 0.5984, -1.6161 -1.0717 0.5984, 0.5492 -1.0717 0.5984, 0.4311 -1.0717 0.5984, -2.128 -1.0717 0.5984, -2.2067 -1.0717 0.5984, -2.3248 -1.0717 0.5984, 1.3366 -1.0717 0.5984, 1.2185 -1.0717 0.5984, -2.0098 -1.0717 0.5984, 0.0374 -1.0717 0.5984, 1.1398 -1.0717 0.5984, 1.0217 -1.0717 0.5984, -2.5217 -1.0717 0.5984, 2.2028 -1.0717 0.5984, -2.6004 -1.0717 0.5984, -2.7185 -1.0717 0.5984, 3.8957 -1.0717 0.5984, 3.5807 -1.0717 0.5984, 0.9429 -1.0717 0.5984, 0.8248 -1.0717 0.5984, -2.4035 -1.0717 0.5984, 0.3524 -1.0717 0.5984, 0.2343 -1.0717 0.5984, 3.502 -1.0717 0.5984, 3.3839 -1.0717 0.5984, 0.7461 -1.0717 0.5984, -2.9154 -1.0717 0.5984, -0.0413 -1.0717 0.5984, -0.1594 -1.0717 0.5984, -0.5531 -1.0717 0.5984, -2.9941 -1.0717 0.5984, -3.1122 -1.0717 0.5984, 3.3051 -1.0717 0.5984, 3.187 -1.0717 0.5984, 1.6122 -1.0717 0.5984, 0.1555 -1.0717 0.5984, -2.7972 -1.0717 0.5984, 3.1083 -1.0717 0.5984, 2.9902 -1.0717 0.5984, 1.5335 -1.0717 0.5984, -0.6319 -1.0717 0.5984, -0.75 -1.0717 0.5984, -3.3091 -1.0717 0.5984, -0.8287 -1.0717 0.5984, -3.3878 -1.0717 0.5984, -3.5059 -1.0717 0.5984, 2.9114 -1.0717 0.5984, 2.7933 -1.0717 0.5984, 2.124 -1.0717 0.5984, 2.0059 -1.0717 0.5984, -0.2382 -1.0717 0.5984, -0.3563 -1.0717 0.5984, -3.1909 -1.0717 0.5984, -3.5846 -1.0717 0.5984, 2.7146 -1.0717 0.5984, 2.5965 -1.0717 0.5984, 1.9272 -1.0717 0.5984, 1.8091 -1.0717 0.5984, -0.435 -1.0717 0.5984, 2.5177 -1.0717 0.5984, 2.3996 -1.0717 0.5984, 1.7303 -1.0717 0.5984, 2.3209 -1.0717 0.5984
            ]
        }
        coordIndex [
            0,1,2,-1,2,1,3,-1,4,0,5,-1,5,0,2,-1,6,7,8,-1,9,10,11,-1,12,13,14,-1,14,13,15,-1,14,15,16,-1,13,17,18,-1,18,17,19,-1,6,20,7,-1,7,20,9,-1,7,9,21,-1,21,9,11,-1,22,23,24,-1,24,25,22,-1,22,25,26,-1,22,26,27,-1,22,28,23,-1,23,28,29,-1,23,29,14,-1,14,29,30,-1,14,30,12,-1,31,32,26,-1,26,32,33,-1,26,33,34,-1,35,36,18,-1,18,36,27,-1,18,27,37,-1,37,27,26,-1,37,26,38,-1,38,26,34,-1,26,39,40,-1,41,42,18,-1,18,42,43,-1,18,43,44,-1,8,45,6,-1,6,45,46,-1,6,46,40,-1,40,46,47,-1,40,47,26,-1,26,47,48,-1,26,48,31,-1,37,49,18,-1,18,49,50,-1,18,50,51,-1,52,53,18,-1,18,53,54,-1,18,54,41,-1,44,55,18,-1,18,55,10,-1,18,10,13,-1,13,10,9,-1,13,9,15,-1,51,56,18,-1,18,56,57,-1,18,57,52,-1,58,59,28,-1,28,59,29,-1,60,61,58,-1,58,61,59,-1,62,63,64,-1,64,63,65,-1,64,65,66,-1,66,65,67,-1,68,69,67,-1,67,69,66,-1,70,71,68,-1,68,71,69,-1,64,66,18,-1,18,66,69,-1,35,18,72,-1,72,18,69,-1,72,69,73,-1,73,69,71,-1,36,35,74,-1,74,35,72,-1,65,63,75,-1,75,63,17,-1,75,17,76,-1,76,17,13,-1,76,13,77,-1,77,13,78,-1,79,80,81,-1,81,80,77,-1,81,77,82,-1,82,77,78,-1,80,79,83,-1,83,79,84,-1,83,84,85,-1,85,84,86,-1,87,85,86,-1,86,61,60,-1,88,89,90,-1,91,92,93,-1,93,92,94,-1,95,96,97,-1,60,88,86,-1,86,88,90,-1,86,90,87,-1,87,90,93,-1,87,93,98,-1,98,93,94,-1,98,94,99,-1,100,101,99,-1,99,101,102,-1,99,102,98,-1,98,102,103,-1,104,105,103,-1,103,105,106,-1,103,106,98,-1,98,106,107,-1,108,109,107,-1,107,109,110,-1,107,110,98,-1,98,110,111,-1,112,113,114,-1,115,116,98,-1,97,115,95,-1,95,115,98,-1,95,98,117,-1,117,98,111,-1,117,111,118,-1,118,111,119,-1,120,121,98,-1,122,123,116,-1,116,123,124,-1,116,124,98,-1,98,124,125,-1,126,127,125,-1,125,127,128,-1,125,128,98,-1,98,128,129,-1,130,131,132,-1,133,134,129,-1,129,134,135,-1,129,135,98,-1,98,135,136,-1,137,138,136,-1,136,138,139,-1,136,139,98,-1,98,139,112,-1,98,112,120,-1,120,112,114,-1,140,141,98,-1,142,143,121,-1,121,143,144,-1,121,144,98,-1,98,144,145,-1,146,147,148,-1,149,150,145,-1,145,150,151,-1,145,151,98,-1,98,151,152,-1,153,154,152,-1,152,154,155,-1,152,155,98,-1,98,155,130,-1,98,130,140,-1,140,130,132,-1,156,157,98,-1,158,159,160,-1,161,162,141,-1,141,162,163,-1,141,163,98,-1,98,163,164,-1,165,166,164,-1,164,166,167,-1,164,167,98,-1,98,167,146,-1,98,146,156,-1,156,146,148,-1,168,169,98,-1,170,171,172,-1,160,168,158,-1,158,168,98,-1,158,98,173,-1,173,98,157,-1,173,157,174,-1,174,157,175,-1,176,177,98,-1,178,179,180,-1,172,176,170,-1,170,176,98,-1,170,98,181,-1,181,98,169,-1,181,169,182,-1,182,169,183,-1,184,185,98,-1,186,187,177,-1,177,187,188,-1,177,188,98,-1,98,188,178,-1,98,178,184,-1,184,178,180,-1,189,190,191,-1,192,193,98,-1,191,192,189,-1,189,192,98,-1,189,98,194,-1,194,98,185,-1,194,185,195,-1,195,185,196,-1,197,198,199,-1,200,201,98,-1,199,200,197,-1,197,200,98,-1,197,98,202,-1,202,98,193,-1,202,193,203,-1,203,193,204,-1,205,206,207,-1,208,209,98,-1,207,208,205,-1,205,208,98,-1,205,98,210,-1,210,98,201,-1,210,201,211,-1,211,201,212,-1,213,214,215,-1,216,217,98,-1,215,216,213,-1,213,216,98,-1,213,98,218,-1,218,98,209,-1,218,209,219,-1,219,209,220,-1,221,222,223,-1,224,225,98,-1,223,224,221,-1,221,224,98,-1,221,98,226,-1,226,98,217,-1,226,217,227,-1,227,217,228,-1,229,230,231,-1,232,233,98,-1,231,232,229,-1,229,232,98,-1,229,98,234,-1,234,98,225,-1,234,225,235,-1,235,225,236,-1,237,238,239,-1,240,241,98,-1,239,240,237,-1,237,240,98,-1,237,98,242,-1,242,98,233,-1,242,233,243,-1,243,233,244,-1,70,98,71,-1,71,98,245,-1,71,245,73,-1,73,245,246,-1,247,245,248,-1,248,245,98,-1,248,98,249,-1,249,98,241,-1,249,241,250,-1,250,241,251,-1,74,72,246,-1,246,72,73,-1,79,81,84,-1,84,81,30,-1,61,86,59,-1,59,86,84,-1,59,84,29,-1,29,84,30,-1,82,12,81,-1,81,12,30,-1,12,82,13,-1,13,82,78,-1,19,62,18,-1,18,62,64,-1,62,19,63,-1,63,19,17,-1,98,70,68,-1,65,75,252,-1,98,68,252,-1,252,68,67,-1,252,67,65,-1,77,80,83,-1,85,87,83,-1,83,87,253,-1,83,253,77,-1,77,253,76,-1,253,87,252,-1,252,87,98,-1,88,60,58,-1,28,22,58,-1,58,22,254,-1,58,254,88,-1,27,36,255,-1,255,36,74,-1,255,74,245,-1,245,74,246,-1,255,254,27,-1,27,254,22,-1,255,245,247,-1,256,92,91,-1,89,88,257,-1,257,88,254,-1,257,254,258,-1,250,251,259,-1,259,251,260,-1,261,203,204,-1,262,132,131,-1,154,153,263,-1,263,153,264,-1,265,114,113,-1,266,187,186,-1,267,263,254,-1,254,263,264,-1,254,264,268,-1,269,270,254,-1,150,149,268,-1,268,149,271,-1,268,271,254,-1,254,271,272,-1,113,269,265,-1,265,269,254,-1,265,254,273,-1,273,254,272,-1,273,272,142,-1,142,272,143,-1,274,275,254,-1,276,134,133,-1,277,278,254,-1,254,279,280,-1,133,277,276,-1,276,277,254,-1,276,254,281,-1,281,254,270,-1,281,270,137,-1,137,270,138,-1,282,160,159,-1,191,190,280,-1,280,190,283,-1,280,283,254,-1,254,283,284,-1,285,123,122,-1,286,219,220,-1,287,288,254,-1,247,289,255,-1,255,289,259,-1,255,259,254,-1,254,259,260,-1,254,260,290,-1,195,196,284,-1,284,196,291,-1,284,291,254,-1,254,291,292,-1,122,287,285,-1,285,287,254,-1,285,254,293,-1,293,254,278,-1,293,278,126,-1,126,278,127,-1,172,171,275,-1,275,171,294,-1,275,294,254,-1,254,294,295,-1,239,238,290,-1,290,238,296,-1,290,296,254,-1,254,296,297,-1,180,179,292,-1,292,179,298,-1,292,298,254,-1,254,298,266,-1,254,266,274,-1,274,266,186,-1,299,118,119,-1,300,301,254,-1,302,166,165,-1,303,304,254,-1,243,244,297,-1,297,244,305,-1,297,305,254,-1,254,305,306,-1,307,199,198,-1,159,300,282,-1,282,300,254,-1,282,254,308,-1,308,254,295,-1,308,295,183,-1,183,295,182,-1,119,303,299,-1,299,303,254,-1,299,254,309,-1,309,254,288,-1,309,288,96,-1,96,288,97,-1,231,230,306,-1,306,230,310,-1,306,310,254,-1,254,310,311,-1,204,279,261,-1,261,279,254,-1,261,254,312,-1,313,314,254,-1,315,105,104,-1,131,267,262,-1,262,267,254,-1,262,254,316,-1,316,254,314,-1,316,314,161,-1,161,314,162,-1,317,318,254,-1,235,236,311,-1,311,236,319,-1,311,319,254,-1,254,319,320,-1,254,321,322,-1,174,175,301,-1,301,175,323,-1,301,323,254,-1,254,323,324,-1,104,317,315,-1,315,317,254,-1,315,254,325,-1,325,254,304,-1,325,304,108,-1,108,304,109,-1,91,258,256,-1,256,258,254,-1,256,254,326,-1,326,254,318,-1,326,318,100,-1,100,318,101,-1,223,222,320,-1,320,222,327,-1,320,327,254,-1,254,327,328,-1,207,206,322,-1,322,206,329,-1,322,329,254,-1,254,329,330,-1,148,147,324,-1,324,147,331,-1,324,331,254,-1,254,331,302,-1,254,302,313,-1,313,302,165,-1,227,228,328,-1,328,228,332,-1,328,332,254,-1,254,332,333,-1,211,212,330,-1,330,212,334,-1,330,334,254,-1,254,334,307,-1,254,307,312,-1,312,307,198,-1,220,321,286,-1,286,321,254,-1,286,254,335,-1,335,254,333,-1,335,333,214,-1,214,333,215,-1,
        ]
    }
}
Shape{
    appearance Appearance {
        material  Material 	{
            diffuseColor 0.5019607843137255 0.5019607843137255 0.5019607843137255
            specularColor 0.25098039215686274 0.25098039215686274 0.25098039215686274
            ambientIntensity 0.502
            transparency 0.0
            shininess 0.5
        }
    }
    geometry IndexedFaceSet {
        ccw TRUE
        solid FALSE
        coord DEF co Coordinate {
            point [
                -3.9593 -1.6554 0.7953, -3.9593 -1.6554 0.7874, -3.9743 -1.6528 0.7874, -3.9743 -1.6528 0.7953, -3.9868 -1.6485 0.7874, -3.9868 -1.6485 0.7953, -3.995 -1.6431 0.7874, -3.995 -1.6431 0.7953, -4.0028 -1.6349 0.7874, -4.0028 -1.6349 0.7953, -4.0107 -1.6217 0.7874, -4.0107 -1.6217 0.7953, -4.0185 -1.5971 0.7874, -4.0185 -1.5971 0.7953, -4.0221 -1.5584 0.7874, -4.0221 -1.5584 0.7953, -3.8925 -1.5537 0.7953, -3.8925 -1.5537 0.7874, -3.8951 -1.5864 0.7874, -3.8951 -1.5864 0.7953, -3.9019 -1.6133 0.7874, -3.9019 -1.6133 0.7953, -3.911 -1.6307 0.7874, -3.911 -1.6307 0.7953, -3.9204 -1.6415 0.7874, -3.9204 -1.6415 0.7953, -3.9291 -1.6476 0.7874, -3.9291 -1.6476 0.7953, -3.9401 -1.6518 0.7874, -3.9401 -1.6518 0.7953, -3.9549 -1.4537 0.7953, -3.9549 -1.4537 0.7874, -3.9372 -1.4569 0.7874, -3.9372 -1.4569 0.7953, -3.9259 -1.4611 0.7874, -3.9259 -1.4611 0.7953, -3.918 -1.4667 0.7874, -3.918 -1.4667 0.7953, -3.9105 -1.4751 0.7874, -3.9105 -1.4751 0.7953, -3.9029 -1.4887 0.7874, -3.9029 -1.4887 0.7953, -3.8957 -1.5129 0.7874, -3.8957 -1.5129 0.7953, -4.0195 -1.5224 0.7874, -4.0195 -1.5224 0.7953, -4.0126 -1.4954 0.7874, -4.0126 -1.4954 0.7953, -4.0032 -1.4778 0.7874, -4.0032 -1.4778 0.7953, -3.994 -1.4674 0.7874, -3.994 -1.4674 0.7953, -3.9854 -1.4614 0.7874, -3.9854 -1.4614 0.7953, -3.9744 -1.4573 0.7874, -3.9744 -1.4573 0.7953, -3.9242 -1.6032 0.7874, -3.9278 -1.6135 0.7874, -3.9316 -1.6204 0.7874, -3.9352 -1.6244 0.7874, -3.9404 -1.6281 0.7874, -3.9502 -1.6319 0.7874, -3.957 -1.6338 0.7874, -3.9688 -1.6305 0.7874, -3.9755 -1.6274 0.7874, -3.9802 -1.6237 0.7874, -3.984 -1.6189 0.7874, -3.9887 -1.6088 0.7874, -3.9933 -1.59 0.7874, -3.9957 -1.5572 0.7874, -3.9903 -1.5076 0.7874, -3.9866 -1.4968 0.7874, -3.9827 -1.4896 0.7874, -3.9783 -1.4846 0.7874, -3.9728 -1.481 0.7874, -3.9586 -1.476 0.7874, -3.9563 -1.4753 0.7874, -3.9445 -1.4792 0.7874, -3.9379 -1.4827 0.7874, -3.9333 -1.4867 0.7874, -3.9298 -1.4917 0.7874, -3.9254 -1.5022 0.7874, -3.921 -1.5239 0.7874, -3.9189 -1.5559 0.7874, -3.9189 -1.5559 0.7953, -3.921 -1.5239 0.7953, -3.9254 -1.5022 0.7953, -3.9298 -1.4917 0.7953, -3.9333 -1.4867 0.7953, -3.9379 -1.4827 0.7953, -3.9445 -1.4792 0.7953, -3.9563 -1.4753 0.7953, -3.9586 -1.476 0.7953, -3.9728 -1.481 0.7953, -3.9783 -1.4846 0.7953, -3.9827 -1.4896 0.7953, -3.9866 -1.4968 0.7953, -3.9903 -1.5076 0.7953, -3.9957 -1.5572 0.7953, -3.9933 -1.59 0.7953, -3.9887 -1.6088 0.7953, -3.984 -1.6189 0.7953, -3.9802 -1.6237 0.7953, -3.9755 -1.6274 0.7953, -3.9688 -1.6305 0.7953, -3.957 -1.6338 0.7953, -3.9502 -1.6319 0.7953, -3.9404 -1.6281 0.7953, -3.9352 -1.6244 0.7953, -3.9316 -1.6204 0.7953, -3.9278 -1.6135 0.7953, -3.9242 -1.6032 0.7953, -4.0918 -1.653 0.7953, -4.0918 -1.653 0.7874, -4.0918 -1.6074 0.7953, -4.0918 -1.6074 0.7874, -4.0677 -1.653 0.7953, -4.0677 -1.653 0.7874, -4.0677 -1.6074 0.7953, -4.0677 -1.6074 0.7874, -4.0389 -1.6074 0.7953, -4.0389 -1.6074 0.7874, -4.0389 -1.5858 0.7953, -4.0389 -1.5858 0.7874, -4.0677 -1.5858 0.7953, -4.0677 -1.5858 0.7874, -4.0677 -1.4561 0.7953, -4.0677 -1.4561 0.7874, -4.0934 -1.4561 0.7953, -4.0934 -1.4561 0.7874, -4.183 -1.5869 0.7953, -4.183 -1.5869 0.7874, -4.1344 -1.5241 0.7874, -4.1344 -1.5241 0.7953, -4.183 -1.6074 0.7953, -4.183 -1.6074 0.7874, -4.1551 -1.5858 0.7874, -4.0918 -1.5858 0.7874, -4.0918 -1.4923 0.7874, -4.1214 -1.5404 0.7874, -4.0918 -1.4923 0.7953, -4.0918 -1.5858 0.7953, -4.1214 -1.5404 0.7953, -4.1551 -1.5858 0.7953
            ]
        }
        coordIndex [
            0,1,2,-1,0,2,3,-1,3,2,4,-1,3,4,5,-1,5,4,6,-1,5,6,7,-1,7,6,8,-1,7,8,9,-1,9,8,10,-1,9,10,11,-1,11,10,12,-1,11,12,13,-1,13,12,14,-1,13,14,15,-1,16,17,18,-1,16,18,19,-1,19,18,20,-1,19,20,21,-1,21,20,22,-1,21,22,23,-1,23,22,24,-1,23,24,25,-1,25,24,26,-1,25,26,27,-1,27,26,28,-1,27,28,29,-1,29,28,1,-1,29,1,0,-1,30,31,32,-1,30,32,33,-1,33,32,34,-1,33,34,35,-1,35,34,36,-1,35,36,37,-1,37,36,38,-1,37,38,39,-1,39,38,40,-1,39,40,41,-1,41,40,42,-1,41,42,43,-1,43,42,17,-1,43,17,16,-1,15,14,44,-1,15,44,45,-1,45,44,46,-1,45,46,47,-1,47,46,48,-1,47,48,49,-1,49,48,50,-1,49,50,51,-1,51,50,52,-1,51,52,53,-1,53,52,54,-1,53,54,55,-1,55,54,31,-1,55,31,30,-1,56,57,22,-1,22,57,58,-1,22,58,24,-1,24,58,59,-1,24,59,26,-1,26,59,60,-1,26,60,28,-1,28,60,61,-1,28,61,1,-1,1,61,62,-1,1,62,2,-1,2,62,63,-1,2,63,4,-1,4,63,64,-1,4,64,6,-1,6,64,65,-1,6,65,8,-1,8,65,66,-1,8,66,10,-1,10,66,67,-1,10,67,12,-1,12,67,68,-1,12,68,14,-1,14,68,69,-1,14,69,44,-1,44,69,70,-1,44,70,46,-1,46,70,71,-1,46,71,48,-1,48,71,72,-1,48,72,50,-1,50,72,73,-1,50,73,52,-1,52,73,74,-1,52,74,54,-1,54,74,75,-1,54,75,31,-1,31,75,76,-1,31,76,32,-1,32,76,77,-1,32,77,34,-1,34,77,78,-1,34,78,36,-1,36,78,79,-1,36,79,38,-1,38,79,80,-1,38,80,40,-1,40,80,81,-1,40,81,42,-1,42,81,82,-1,42,82,17,-1,17,82,83,-1,17,83,18,-1,18,83,56,-1,18,56,20,-1,20,56,22,-1,84,83,82,-1,84,82,85,-1,85,82,81,-1,85,81,86,-1,86,81,80,-1,86,80,87,-1,87,80,79,-1,87,79,88,-1,88,79,78,-1,88,78,89,-1,89,78,77,-1,89,77,90,-1,90,77,76,-1,90,76,91,-1,91,76,75,-1,91,75,92,-1,92,75,74,-1,92,74,93,-1,93,74,73,-1,93,73,94,-1,94,73,72,-1,94,72,95,-1,95,72,71,-1,95,71,96,-1,96,71,70,-1,96,70,97,-1,97,70,69,-1,97,69,98,-1,98,69,68,-1,98,68,99,-1,99,68,67,-1,99,67,100,-1,100,67,66,-1,100,66,101,-1,101,66,65,-1,101,65,102,-1,102,65,64,-1,102,64,103,-1,103,64,63,-1,103,63,104,-1,104,63,62,-1,104,62,105,-1,105,62,61,-1,105,61,106,-1,106,61,60,-1,106,60,107,-1,107,60,59,-1,107,59,108,-1,108,59,58,-1,108,58,109,-1,109,58,57,-1,109,57,110,-1,110,57,56,-1,110,56,111,-1,111,56,83,-1,111,83,84,-1,112,113,114,-1,114,113,115,-1,116,117,112,-1,112,117,113,-1,118,119,116,-1,116,119,117,-1,120,121,118,-1,118,121,119,-1,122,123,120,-1,120,123,121,-1,124,125,122,-1,122,125,123,-1,126,127,124,-1,124,127,125,-1,128,129,126,-1,126,129,127,-1,130,131,132,-1,130,132,133,-1,133,132,129,-1,133,129,128,-1,134,135,130,-1,130,135,131,-1,134,114,135,-1,135,114,115,-1,123,125,121,-1,121,125,119,-1,136,135,137,-1,137,135,115,-1,113,117,115,-1,115,117,119,-1,115,119,137,-1,137,119,125,-1,137,125,138,-1,125,127,138,-1,138,127,129,-1,138,129,139,-1,139,129,132,-1,139,132,136,-1,136,132,131,-1,136,131,135,-1,138,140,137,-1,137,140,141,-1,140,138,139,-1,140,139,142,-1,142,139,136,-1,142,136,143,-1,141,143,137,-1,137,143,136,-1,
        ]
    }
}
Shape{
    appearance Appearance {
        material  Material 	{
            diffuseColor 0.25098039215686274 0.25098039215686274 0.25098039215686274
            specularColor 0.12549019607843137 0.12549019607843137 0.12549019607843137
            ambientIntensity 0.251
            transparency 0.0
            shininess 0.5
        }
    }
    geometry IndexedFaceSet {
        ccw TRUE
        solid FALSE
        coord DEF co Coordinate {
            point [
                -3.9688 -1.6305 0.7953, -3.957 -1.6338 0.7953, -3.9502 -1.6319 0.7953, -3.9189 -1.5559 0.7953, -3.921 -1.5239 0.7953, -3.9586 -1.476 0.7953, -3.9445 -1.4792 0.7953, -3.9563 -1.4753 0.7953, -3.9933 -1.59 0.7953, -3.9957 -1.5572 0.7953, -3.9903 -1.5076 0.7953, -3.9783 -1.4846 0.7953, -3.9827 -1.4896 0.7953, -3.9242 -1.6032 0.7953, -3.9866 -1.4968 0.7953, -3.9278 -1.6135 0.7953, -3.9316 -1.6204 0.7953, -3.9352 -1.6244 0.7953, -3.9254 -1.5022 0.7953, -3.9298 -1.4917 0.7953, -3.9379 -1.4827 0.7953, -3.9333 -1.4867 0.7953, -3.9728 -1.481 0.7953, -3.9887 -1.6088 0.7953, -3.984 -1.6189 0.7953, -3.9755 -1.6274 0.7953, -3.9802 -1.6237 0.7953, -3.9404 -1.6281 0.7953, -4.1551 -1.5858 0.7953, -4.0918 -1.5858 0.7953, -4.1214 -1.5404 0.7953, -4.0918 -1.4923 0.7953, 0.0374 -1.0717 0.4803, 0.0374 -0.8354 0.4803, 0.0374 -1.0717 0.5984, 0.0374 -0.8354 0.5984, 0.1555 -0.8354 0.4803, 0.1555 -1.0717 0.4803, 0.1555 -0.8354 0.5984, 0.1555 -1.0717 0.5984, 0.2343 -1.0717 0.4803, 0.2343 -0.8354 0.4803, 0.2343 -1.0717 0.5984, 0.2343 -0.8354 0.5984, 0.3524 -0.8354 0.4803, 0.3524 -1.0717 0.4803, 0.3524 -0.8354 0.5984, 0.3524 -1.0717 0.5984, 0.4311 -1.0717 0.4803, 0.4311 -0.8354 0.4803, 0.4311 -1.0717 0.5984, 0.4311 -0.8354 0.5984, 0.5492 -0.8354 0.4803, 0.5492 -1.0717 0.4803, 0.5492 -0.8354 0.5984, 0.5492 -1.0717 0.5984, 0.628 -1.0717 0.4803, 0.628 -0.8354 0.4803, 0.628 -1.0717 0.5984, 0.628 -0.8354 0.5984, 0.7461 -0.8354 0.4803, 0.7461 -1.0717 0.4803, 0.7461 -0.8354 0.5984, 0.7461 -1.0717 0.5984, 0.8248 -1.0717 0.4803, 0.8248 -0.8354 0.4803, 0.8248 -1.0717 0.5984, 0.8248 -0.8354 0.5984, 0.9429 -0.8354 0.4803, 0.9429 -1.0717 0.4803, 0.9429 -0.8354 0.5984, 0.9429 -1.0717 0.5984, 1.0217 -1.0717 0.4803, 1.0217 -0.8354 0.4803, 1.0217 -1.0717 0.5984, 1.0217 -0.8354 0.5984, 1.1398 -0.8354 0.4803, 1.1398 -1.0717 0.4803, 1.1398 -0.8354 0.5984, 1.1398 -1.0717 0.5984, 1.2185 -1.0717 0.4803, 1.2185 -0.8354 0.4803, 1.2185 -1.0717 0.5984, 1.2185 -0.8354 0.5984, 1.3366 -0.8354 0.4803, 1.3366 -1.0717 0.4803, 1.3366 -0.8354 0.5984, 1.3366 -1.0717 0.5984, 1.4154 -1.0717 0.4803, 1.4154 -0.8354 0.4803, 1.4154 -1.0717 0.5984, 1.4154 -0.8354 0.5984, 1.5335 -0.8354 0.4803, 1.5335 -1.0717 0.4803, 1.5335 -0.8354 0.5984, 1.5335 -1.0717 0.5984, 1.6122 -1.0717 0.4803, 1.6122 -0.8354 0.4803, 1.6122 -1.0717 0.5984, 1.6122 -0.8354 0.5984, 1.7303 -0.8354 0.4803, 1.7303 -1.0717 0.4803, 1.7303 -0.8354 0.5984, 1.7303 -1.0717 0.5984, 1.8091 -1.0717 0.4803, 1.8091 -0.8354 0.4803, 1.8091 -1.0717 0.5984, 1.8091 -0.8354 0.5984, 1.9272 -0.8354 0.4803, 1.9272 -1.0717 0.4803, 1.9272 -0.8354 0.5984, 1.9272 -1.0717 0.5984, 2.0059 -1.0717 0.4803, 2.0059 -0.8354 0.4803, 2.0059 -1.0717 0.5984, 2.0059 -0.8354 0.5984, 2.124 -0.8354 0.4803, 2.124 -1.0717 0.4803, 2.124 -0.8354 0.5984, 2.124 -1.0717 0.5984, 2.2028 -1.0717 0.4803, 2.2028 -0.8354 0.4803, 2.2028 -1.0717 0.5984, 2.2028 -0.8354 0.5984, 2.3209 -0.8354 0.4803, 2.3209 -1.0717 0.4803, 2.3209 -0.8354 0.5984, 2.3209 -1.0717 0.5984, 2.3996 -1.0717 0.4803, 2.3996 -0.8354 0.4803, 2.3996 -1.0717 0.5984, 2.3996 -0.8354 0.5984, 2.5177 -0.8354 0.4803, 2.5177 -1.0717 0.4803, 2.5177 -0.8354 0.5984, 2.5177 -1.0717 0.5984, 2.5965 -1.0717 0.4803, 2.5965 -0.8354 0.4803, 2.5965 -1.0717 0.5984, 2.5965 -0.8354 0.5984, 2.7146 -0.8354 0.4803, 2.7146 -1.0717 0.4803, 2.7146 -0.8354 0.5984, 2.7146 -1.0717 0.5984, 2.7933 -1.0717 0.4803, 2.7933 -0.8354 0.4803, 2.7933 -1.0717 0.5984, 2.7933 -0.8354 0.5984, 2.9114 -0.8354 0.4803, 2.9114 -1.0717 0.4803, 2.9114 -0.8354 0.5984, 2.9114 -1.0717 0.5984, 2.9902 -1.0717 0.4803, 2.9902 -0.8354 0.4803, 2.9902 -1.0717 0.5984, 2.9902 -0.8354 0.5984, 3.1083 -0.8354 0.4803, 3.1083 -1.0717 0.4803, 3.1083 -0.8354 0.5984, 3.1083 -1.0717 0.5984, 3.187 -1.0717 0.4803, 3.187 -0.8354 0.4803, 3.187 -1.0717 0.5984, 3.187 -0.8354 0.5984, 3.3051 -0.8354 0.4803, 3.3051 -1.0717 0.4803, 3.3051 -0.8354 0.5984, 3.3051 -1.0717 0.5984, 3.3839 -1.0717 0.4803, 3.3839 -0.8354 0.4803, 3.3839 -1.0717 0.5984, 3.3839 -0.8354 0.5984, 3.502 -0.8354 0.4803, 3.502 -1.0717 0.4803, 3.502 -0.8354 0.5984, 3.502 -1.0717 0.5984, 3.5807 -1.0717 0.4803, 3.5807 -0.8354 0.4803, 3.5807 -1.0717 0.5984, 3.5807 -0.8354 0.5984, 3.6988 -0.8354 0.4803, 3.6988 -1.0717 0.4803, 3.6988 -0.8354 0.5984, 3.6988 -1.0717 0.5984, 3.7776 -1.0717 0.4803, 3.7776 -0.8354 0.4803, 3.7776 -1.0717 0.5984, 3.7776 -0.8354 0.5984, 3.8957 -0.8354 0.4803, 3.8957 -1.0717 0.4803, 3.8957 -0.8354 0.5984, 3.8957 -1.0717 0.5984, -0.1594 -1.0717 0.4803, -0.1594 -0.8354 0.4803, -0.1594 -1.0717 0.5984, -0.1594 -0.8354 0.5984, -0.0413 -0.8354 0.4803, -0.0413 -1.0717 0.4803, -0.0413 -0.8354 0.5984, -0.0413 -1.0717 0.5984, -0.3563 -1.0717 0.4803, -0.3563 -0.8354 0.4803, -0.3563 -1.0717 0.5984, -0.3563 -0.8354 0.5984, -0.2382 -0.8354 0.4803, -0.2382 -1.0717 0.4803, -0.2382 -0.8354 0.5984, -0.2382 -1.0717 0.5984, -0.5531 -1.0717 0.4803, -0.5531 -0.8354 0.4803, -0.5531 -1.0717 0.5984, -0.5531 -0.8354 0.5984, -0.435 -0.8354 0.4803, -0.435 -1.0717 0.4803, -0.435 -0.8354 0.5984, -0.435 -1.0717 0.5984, -0.75 -1.0717 0.4803, -0.75 -0.8354 0.4803, -0.75 -1.0717 0.5984, -0.75 -0.8354 0.5984, -0.6319 -0.8354 0.4803, -0.6319 -1.0717 0.4803, -0.6319 -0.8354 0.5984, -0.6319 -1.0717 0.5984, -0.9469 -1.0717 0.4803, -0.9469 -0.8354 0.4803, -0.9469 -1.0717 0.5984, -0.9469 -0.8354 0.5984, -0.8287 -0.8354 0.4803, -0.8287 -1.0717 0.4803, -0.8287 -0.8354 0.5984, -0.8287 -1.0717 0.5984, -1.1437 -1.0717 0.4803, -1.1437 -0.8354 0.4803, -1.1437 -1.0717 0.5984, -1.1437 -0.8354 0.5984, -1.0256 -0.8354 0.4803, -1.0256 -1.0717 0.4803, -1.0256 -0.8354 0.5984, -1.0256 -1.0717 0.5984, -1.3406 -1.0717 0.4803, -1.3406 -0.8354 0.4803, -1.3406 -1.0717 0.5984, -1.3406 -0.8354 0.5984, -1.2224 -0.8354 0.4803, -1.2224 -1.0717 0.4803, -1.2224 -0.8354 0.5984, -1.2224 -1.0717 0.5984, -1.5374 -1.0717 0.4803, -1.5374 -0.8354 0.4803, -1.5374 -1.0717 0.5984, -1.5374 -0.8354 0.5984, -1.4193 -0.8354 0.4803, -1.4193 -1.0717 0.4803, -1.4193 -0.8354 0.5984, -1.4193 -1.0717 0.5984, -1.7343 -1.0717 0.4803, -1.7343 -0.8354 0.4803, -1.7343 -1.0717 0.5984, -1.7343 -0.8354 0.5984, -1.6161 -0.8354 0.4803, -1.6161 -1.0717 0.4803, -1.6161 -0.8354 0.5984, -1.6161 -1.0717 0.5984, -1.9311 -1.0717 0.4803, -1.9311 -0.8354 0.4803, -1.9311 -1.0717 0.5984, -1.9311 -0.8354 0.5984, -1.813 -0.8354 0.4803, -1.813 -1.0717 0.4803, -1.813 -0.8354 0.5984, -1.813 -1.0717 0.5984, -2.128 -1.0717 0.4803, -2.128 -0.8354 0.4803, -2.128 -1.0717 0.5984, -2.128 -0.8354 0.5984, -2.0098 -0.8354 0.4803, -2.0098 -1.0717 0.4803, -2.0098 -0.8354 0.5984, -2.0098 -1.0717 0.5984, -2.3248 -1.0717 0.4803, -2.3248 -0.8354 0.4803, -2.3248 -1.0717 0.5984, -2.3248 -0.8354 0.5984, -2.2067 -0.8354 0.4803, -2.2067 -1.0717 0.4803, -2.2067 -0.8354 0.5984, -2.2067 -1.0717 0.5984, -2.5217 -1.0717 0.4803, -2.5217 -0.8354 0.4803, -2.5217 -1.0717 0.5984, -2.5217 -0.8354 0.5984, -2.4035 -0.8354 0.4803, -2.4035 -1.0717 0.4803, -2.4035 -0.8354 0.5984, -2.4035 -1.0717 0.5984, -2.7185 -1.0717 0.4803, -2.7185 -0.8354 0.4803, -2.7185 -1.0717 0.5984, -2.7185 -0.8354 0.5984, -2.6004 -0.8354 0.4803, -2.6004 -1.0717 0.4803, -2.6004 -0.8354 0.5984, -2.6004 -1.0717 0.5984, -2.9154 -1.0717 0.4803, -2.9154 -0.8354 0.4803, -2.9154 -1.0717 0.5984, -2.9154 -0.8354 0.5984, -2.7972 -0.8354 0.4803, -2.7972 -1.0717 0.4803, -2.7972 -0.8354 0.5984, -2.7972 -1.0717 0.5984, -3.1122 -1.0717 0.4803, -3.1122 -0.8354 0.4803, -3.1122 -1.0717 0.5984, -3.1122 -0.8354 0.5984, -2.9941 -0.8354 0.4803, -2.9941 -1.0717 0.4803, -2.9941 -0.8354 0.5984, -2.9941 -1.0717 0.5984, -3.3091 -1.0717 0.4803, -3.3091 -0.8354 0.4803, -3.3091 -1.0717 0.5984, -3.3091 -0.8354 0.5984, -3.1909 -0.8354 0.4803, -3.1909 -1.0717 0.4803, -3.1909 -0.8354 0.5984, -3.1909 -1.0717 0.5984, -3.5059 -1.0717 0.4803, -3.5059 -0.8354 0.4803, -3.5059 -1.0717 0.5984, -3.5059 -0.8354 0.5984, -3.3878 -0.8354 0.4803, -3.3878 -1.0717 0.4803, -3.3878 -0.8354 0.5984, -3.3878 -1.0717 0.5984, -3.7028 -1.0717 0.4803, -3.7028 -0.8354 0.4803, -3.7028 -1.0717 0.5984, -3.7028 -0.8354 0.5984, -3.5846 -0.8354 0.4803, -3.5846 -1.0717 0.4803, -3.5846 -0.8354 0.5984, -3.5846 -1.0717 0.5984, -3.8996 -1.0717 0.4803, -3.8996 -0.8354 0.4803, -3.8996 -1.0717 0.5984, -3.8996 -0.8354 0.5984, -3.7815 -0.8354 0.4803, -3.7815 -1.0717 0.4803, -3.7815 -0.8354 0.5984, -3.7815 -1.0717 0.5984, -4.0571 -1.7252 0.4409, -4.0571 -1.5283 0.2441, 4.0531 -1.7252 0.4409, 4.0531 -1.5283 0.2441
            ]
        }
        coordIndex [
            0,1,2,-1,3,4,5,-1,5,4,6,-1,5,6,7,-1,8,0,9,-1,9,0,10,-1,11,12,13,-1,13,12,14,-1,13,14,15,-1,15,14,10,-1,15,10,16,-1,16,10,17,-1,4,18,6,-1,6,18,19,-1,6,19,20,-1,20,19,21,-1,3,5,13,-1,13,5,22,-1,13,22,11,-1,8,23,0,-1,0,23,24,-1,0,24,25,-1,25,24,26,-1,0,2,10,-1,10,2,27,-1,10,27,17,-1,28,29,30,-1,30,29,31,-1,32,33,34,-1,34,33,35,-1,36,37,38,-1,38,37,39,-1,37,32,39,-1,39,32,34,-1,37,36,32,-1,32,36,33,-1,40,41,42,-1,42,41,43,-1,44,45,46,-1,46,45,47,-1,45,40,47,-1,47,40,42,-1,45,44,40,-1,40,44,41,-1,48,49,50,-1,50,49,51,-1,52,53,54,-1,54,53,55,-1,53,48,55,-1,55,48,50,-1,53,52,48,-1,48,52,49,-1,56,57,58,-1,58,57,59,-1,60,61,62,-1,62,61,63,-1,61,56,63,-1,63,56,58,-1,61,60,56,-1,56,60,57,-1,64,65,66,-1,66,65,67,-1,68,69,70,-1,70,69,71,-1,69,64,71,-1,71,64,66,-1,69,68,64,-1,64,68,65,-1,72,73,74,-1,74,73,75,-1,76,77,78,-1,78,77,79,-1,77,72,79,-1,79,72,74,-1,77,76,72,-1,72,76,73,-1,80,81,82,-1,82,81,83,-1,84,85,86,-1,86,85,87,-1,85,80,87,-1,87,80,82,-1,85,84,80,-1,80,84,81,-1,88,89,90,-1,90,89,91,-1,92,93,94,-1,94,93,95,-1,93,88,95,-1,95,88,90,-1,93,92,88,-1,88,92,89,-1,96,97,98,-1,98,97,99,-1,100,101,102,-1,102,101,103,-1,101,96,103,-1,103,96,98,-1,101,100,96,-1,96,100,97,-1,104,105,106,-1,106,105,107,-1,108,109,110,-1,110,109,111,-1,109,104,111,-1,111,104,106,-1,109,108,104,-1,104,108,105,-1,112,113,114,-1,114,113,115,-1,116,117,118,-1,118,117,119,-1,117,112,119,-1,119,112,114,-1,117,116,112,-1,112,116,113,-1,120,121,122,-1,122,121,123,-1,124,125,126,-1,126,125,127,-1,125,120,127,-1,127,120,122,-1,125,124,120,-1,120,124,121,-1,128,129,130,-1,130,129,131,-1,132,133,134,-1,134,133,135,-1,133,128,135,-1,135,128,130,-1,133,132,128,-1,128,132,129,-1,136,137,138,-1,138,137,139,-1,140,141,142,-1,142,141,143,-1,141,136,143,-1,143,136,138,-1,141,140,136,-1,136,140,137,-1,144,145,146,-1,146,145,147,-1,148,149,150,-1,150,149,151,-1,149,144,151,-1,151,144,146,-1,149,148,144,-1,144,148,145,-1,152,153,154,-1,154,153,155,-1,156,157,158,-1,158,157,159,-1,157,152,159,-1,159,152,154,-1,157,156,152,-1,152,156,153,-1,160,161,162,-1,162,161,163,-1,164,165,166,-1,166,165,167,-1,165,160,167,-1,167,160,162,-1,165,164,160,-1,160,164,161,-1,168,169,170,-1,170,169,171,-1,172,173,174,-1,174,173,175,-1,173,168,175,-1,175,168,170,-1,173,172,168,-1,168,172,169,-1,176,177,178,-1,178,177,179,-1,180,181,182,-1,182,181,183,-1,181,176,183,-1,183,176,178,-1,181,180,176,-1,176,180,177,-1,184,185,186,-1,186,185,187,-1,188,189,190,-1,190,189,191,-1,189,184,191,-1,191,184,186,-1,189,188,184,-1,184,188,185,-1,192,193,194,-1,194,193,195,-1,196,197,198,-1,198,197,199,-1,197,192,199,-1,199,192,194,-1,197,196,192,-1,192,196,193,-1,200,201,202,-1,202,201,203,-1,204,205,206,-1,206,205,207,-1,205,200,207,-1,207,200,202,-1,205,204,200,-1,200,204,201,-1,208,209,210,-1,210,209,211,-1,212,213,214,-1,214,213,215,-1,213,208,215,-1,215,208,210,-1,213,212,208,-1,208,212,209,-1,216,217,218,-1,218,217,219,-1,220,221,222,-1,222,221,223,-1,221,216,223,-1,223,216,218,-1,221,220,216,-1,216,220,217,-1,224,225,226,-1,226,225,227,-1,228,229,230,-1,230,229,231,-1,229,224,231,-1,231,224,226,-1,229,228,224,-1,224,228,225,-1,232,233,234,-1,234,233,235,-1,236,237,238,-1,238,237,239,-1,237,232,239,-1,239,232,234,-1,237,236,232,-1,232,236,233,-1,240,241,242,-1,242,241,243,-1,244,245,246,-1,246,245,247,-1,245,240,247,-1,247,240,242,-1,245,244,240,-1,240,244,241,-1,248,249,250,-1,250,249,251,-1,252,253,254,-1,254,253,255,-1,253,248,255,-1,255,248,250,-1,253,252,248,-1,248,252,249,-1,256,257,258,-1,258,257,259,-1,260,261,262,-1,262,261,263,-1,261,256,263,-1,263,256,258,-1,261,260,256,-1,256,260,257,-1,264,265,266,-1,266,265,267,-1,268,269,270,-1,270,269,271,-1,269,264,271,-1,271,264,266,-1,269,268,264,-1,264,268,265,-1,272,273,274,-1,274,273,275,-1,276,277,278,-1,278,277,279,-1,277,272,279,-1,279,272,274,-1,277,276,272,-1,272,276,273,-1,280,281,282,-1,282,281,283,-1,284,285,286,-1,286,285,287,-1,285,280,287,-1,287,280,282,-1,285,284,280,-1,280,284,281,-1,288,289,290,-1,290,289,291,-1,292,293,294,-1,294,293,295,-1,293,288,295,-1,295,288,290,-1,293,292,288,-1,288,292,289,-1,296,297,298,-1,298,297,299,-1,300,301,302,-1,302,301,303,-1,301,296,303,-1,303,296,298,-1,301,300,296,-1,296,300,297,-1,304,305,306,-1,306,305,307,-1,308,309,310,-1,310,309,311,-1,309,304,311,-1,311,304,306,-1,309,308,304,-1,304,308,305,-1,312,313,314,-1,314,313,315,-1,316,317,318,-1,318,317,319,-1,317,312,319,-1,319,312,314,-1,317,316,312,-1,312,316,313,-1,320,321,322,-1,322,321,323,-1,324,325,326,-1,326,325,327,-1,325,320,327,-1,327,320,322,-1,325,324,320,-1,320,324,321,-1,328,329,330,-1,330,329,331,-1,332,333,334,-1,334,333,335,-1,333,328,335,-1,335,328,330,-1,333,332,328,-1,328,332,329,-1,336,337,338,-1,338,337,339,-1,340,341,342,-1,342,341,343,-1,341,336,343,-1,343,336,338,-1,341,340,336,-1,336,340,337,-1,344,345,346,-1,346,345,347,-1,348,349,350,-1,350,349,351,-1,349,344,351,-1,351,344,346,-1,349,348,344,-1,344,348,345,-1,352,353,354,-1,354,353,355,-1,
        ]
    }
}
Shape{
    appearance Appearance {
        material  Material 	{
            diffuseColor 1.0 1.0 1.0
            specularColor 0.5019607843137255 0.5019607843137255 0.5019607843137255
            ambientIntensity 1.0
            transparency 0.0
            shininess 0.5
        }
    }
    geometry IndexedFaceSet {
        ccw TRUE
        solid FALSE
        coord DEF co Coordinate {
            point [
                -4.0571 0.3811 0.0079, -4.1358 0.3811 0.0079, -4.0571 0.3811 0.126, -4.1358 0.3811 0.4016, -4.6476 0.3811 0.1063, -4.6476 0.3811 0.2047, -4.2539 0.3811 0.1063, -4.3524 0.3811 0.2047, -4.2437 0.3811 0.1076, -4.2159 0.3811 0.1355, -4.2198 0.3811 0.126, -3.8839 0.3811 0.126, -3.8839 0.3811 0.6969, -4.3524 0.3811 0.6969, -4.2146 0.3811 0.4016, -4.2146 0.3811 0.1457, -4.2261 0.3811 0.1178, -4.2343 0.3811 0.1116, 3.7933 0.3811 0.126, 3.6831 0.3811 0.126, 3.7933 0.3811 0.6969, 3.6831 0.3811 0.6969, 3.5965 0.3811 0.126, 3.4862 0.3811 0.126, 3.5965 0.3811 0.6969, 3.4862 0.3811 0.6969, 3.3996 0.3811 0.126, 3.2894 0.3811 0.126, 3.3996 0.3811 0.6969, 3.2894 0.3811 0.6969, 3.2028 0.3811 0.126, 3.0925 0.3811 0.126, 3.2028 0.3811 0.6969, 3.0925 0.3811 0.6969, 3.0059 0.3811 0.126, 2.8957 0.3811 0.126, 3.0059 0.3811 0.6969, 2.8957 0.3811 0.6969, 2.8091 0.3811 0.126, 2.6988 0.3811 0.126, 2.8091 0.3811 0.6969, 2.6988 0.3811 0.6969, 2.6122 0.3811 0.126, 2.502 0.3811 0.126, 2.6122 0.3811 0.6969, 2.502 0.3811 0.6969, 2.4154 0.3811 0.126, 2.3051 0.3811 0.126, 2.4154 0.3811 0.6969, 2.3051 0.3811 0.6969, 2.2185 0.3811 0.126, 2.1083 0.3811 0.126, 2.2185 0.3811 0.6969, 2.1083 0.3811 0.6969, 2.0217 0.3811 0.126, 1.9114 0.3811 0.126, 2.0217 0.3811 0.6969, 1.9114 0.3811 0.6969, 1.8248 0.3811 0.126, 1.7146 0.3811 0.126, 1.8248 0.3811 0.6969, 1.7146 0.3811 0.6969, 1.628 0.3811 0.126, 1.5177 0.3811 0.126, 1.628 0.3811 0.6969, 1.5177 0.3811 0.6969, 1.4311 0.3811 0.126, 1.3209 0.3811 0.126, 1.4311 0.3811 0.6969, 1.3209 0.3811 0.6969, 1.2343 0.3811 0.126, 1.124 0.3811 0.126, 1.2343 0.3811 0.6969, 1.124 0.3811 0.6969, 1.0374 0.3811 0.126, 0.9272 0.3811 0.126, 1.0374 0.3811 0.6969, 0.9272 0.3811 0.6969, 0.8406 0.3811 0.126, 0.7303 0.3811 0.126, 0.8406 0.3811 0.6969, 0.7303 0.3811 0.6969, 0.6437 0.3811 0.126, 0.5335 0.3811 0.126, 0.6437 0.3811 0.6969, 0.5335 0.3811 0.6969, 0.4469 0.3811 0.126, 0.3366 0.3811 0.126, 0.4469 0.3811 0.6969, 0.3366 0.3811 0.6969, 0.25 0.3811 0.126, 0.1398 0.3811 0.126, 0.25 0.3811 0.6969, 0.1398 0.3811 0.6969, 0.0531 0.3811 0.126, -0.0571 0.3811 0.126, 0.0531 0.3811 0.6969, -0.0571 0.3811 0.6969, -0.1437 0.3811 0.126, -0.2539 0.3811 0.126, -0.1437 0.3811 0.6969, -0.2539 0.3811 0.6969, -0.3406 0.3811 0.126, -0.4508 0.3811 0.126, -0.3406 0.3811 0.6969, -0.4508 0.3811 0.6969, -0.5374 0.3811 0.126, -0.6476 0.3811 0.126, -0.5374 0.3811 0.6969, -0.6476 0.3811 0.6969, -0.7343 0.3811 0.126, -0.8445 0.3811 0.126, -0.7343 0.3811 0.6969, -0.8445 0.3811 0.6969, -0.9311 0.3811 0.126, -1.0413 0.3811 0.126, -0.9311 0.3811 0.6969, -1.0413 0.3811 0.6969, -1.128 0.3811 0.126, -1.2382 0.3811 0.126, -1.128 0.3811 0.6969, -1.2382 0.3811 0.6969, -1.3248 0.3811 0.126, -1.435 0.3811 0.126, -1.3248 0.3811 0.6969, -1.435 0.3811 0.6969, -1.5217 0.3811 0.126, -1.6319 0.3811 0.126, -1.5217 0.3811 0.6969, -1.6319 0.3811 0.6969, -1.7185 0.3811 0.126, -1.8287 0.3811 0.126, -1.7185 0.3811 0.6969, -1.8287 0.3811 0.6969, -1.9154 0.3811 0.126, -2.0256 0.3811 0.126, -1.9154 0.3811 0.6969, -2.0256 0.3811 0.6969, -2.1122 0.3811 0.126, -2.2224 0.3811 0.126, -2.1122 0.3811 0.6969, -2.2224 0.3811 0.6969, -2.3091 0.3811 0.126, -2.4193 0.3811 0.126, -2.3091 0.3811 0.6969, -2.4193 0.3811 0.6969, -2.5059 0.3811 0.126, -2.6161 0.3811 0.126, -2.5059 0.3811 0.6969, -2.6161 0.3811 0.6969, -2.7028 0.3811 0.126, -2.813 0.3811 0.126, -2.7028 0.3811 0.6969, -2.813 0.3811 0.6969, -2.8996 0.3811 0.126, -3.0098 0.3811 0.126, -2.8996 0.3811 0.6969, -3.0098 0.3811 0.6969, -3.0965 0.3811 0.126, -3.2067 0.3811 0.126, -3.0965 0.3811 0.6969, -3.2067 0.3811 0.6969, -3.2933 0.3811 0.126, -3.4035 0.3811 0.126, -3.2933 0.3811 0.6969, -3.4035 0.3811 0.6969, -3.4902 0.3811 0.126, -3.6004 0.3811 0.126, -3.4902 0.3811 0.6969, -3.6004 0.3811 0.6969, -3.687 0.3811 0.126, -3.7972 0.3811 0.126, -3.687 0.3811 0.6969, -3.7972 0.3811 0.6969, -4.8051 0.263 0.7953, -4.8051 -1.3709 0.7953, -4.4508 -1.3709 0.7953, -4.4508 -0.5441 0.7953, -4.0571 -0.5441 0.7953, 4.8012 0.263 0.7953, 4.4469 -1.3709 0.7953, 4.8012 -1.3709 0.7953, 4.4469 -0.5441 0.7953, 4.0531 -0.5441 0.7953, 4.0531 -0.7606 0.7953, -4.0571 -0.7606 0.7953, -0.0571 -0.7606 0.7283, -0.1437 -0.7606 0.7283, -0.0571 0.263 0.7283, -0.1437 0.263 0.7283, 0.1398 -0.7606 0.7283, 0.0531 -0.7606 0.7283, 0.1398 0.263 0.7283, 0.0531 0.263 0.7283, 4.8012 0.263 0.1063, 4.8012 -1.3709 0.1063, 0.3366 -0.7606 0.7283, 0.25 -0.7606 0.7283, 0.3366 0.263 0.7283, 0.25 0.263 0.7283, 0.5335 -0.7606 0.7283, 0.4469 -0.7606 0.7283, 0.5335 0.263 0.7283, 0.4469 0.263 0.7283, 0.7303 -0.7606 0.7283, 0.6437 -0.7606 0.7283, 0.7303 0.263 0.7283, 0.6437 0.263 0.7283, 0.9272 -0.7606 0.7283, 0.8406 -0.7606 0.7283, 0.9272 0.263 0.7283, 0.8406 0.263 0.7283, 1.124 -0.7606 0.7283, 1.0374 -0.7606 0.7283, 1.124 0.263 0.7283, 1.0374 0.263 0.7283, 1.3209 -0.7606 0.7283, 1.2343 -0.7606 0.7283, 1.3209 0.263 0.7283, 1.2343 0.263 0.7283, 1.5177 -0.7606 0.7283, 1.4311 -0.7606 0.7283, 1.5177 0.263 0.7283, 1.4311 0.263 0.7283, 1.7146 -0.7606 0.7283, 1.628 -0.7606 0.7283, 1.7146 0.263 0.7283, 1.628 0.263 0.7283, 1.9114 -0.7606 0.7283, 1.8248 -0.7606 0.7283, 1.9114 0.263 0.7283, 1.8248 0.263 0.7283, 2.1083 -0.7606 0.7283, 2.0217 -0.7606 0.7283, 2.1083 0.263 0.7283, 2.0217 0.263 0.7283, 2.3051 -0.7606 0.7283, 2.2185 -0.7606 0.7283, 2.3051 0.263 0.7283, 2.2185 0.263 0.7283, 2.502 -0.7606 0.7283, 2.4154 -0.7606 0.7283, 2.502 0.263 0.7283, 2.4154 0.263 0.7283, 2.6988 -0.7606 0.7283, 2.6122 -0.7606 0.7283, 2.6988 0.263 0.7283, 2.6122 0.263 0.7283, 2.8957 -0.7606 0.7283, 2.8091 -0.7606 0.7283, 2.8957 0.263 0.7283, 2.8091 0.263 0.7283, 3.0925 -0.7606 0.7283, 3.0059 -0.7606 0.7283, 3.0925 0.263 0.7283, 3.0059 0.263 0.7283, 3.2894 -0.7606 0.7283, 3.2028 -0.7606 0.7283, 3.2894 0.263 0.7283, 3.2028 0.263 0.7283, 3.4862 -0.7606 0.7283, 3.3996 -0.7606 0.7283, 3.4862 0.263 0.7283, 3.3996 0.263 0.7283, 3.6831 -0.7606 0.7283, 3.5965 -0.7606 0.7283, 3.6831 0.263 0.7283, 3.5965 0.263 0.7283, 3.8799 -0.7606 0.7283, 3.7933 -0.7606 0.7283, 3.8799 0.263 0.7283, 3.7933 0.263 0.7283, -0.2539 -0.7606 0.7283, -0.3406 -0.7606 0.7283, -0.2539 0.263 0.7283, -0.3406 0.263 0.7283, -0.4508 -0.7606 0.7283, -0.5374 -0.7606 0.7283, -0.4508 0.263 0.7283, -0.5374 0.263 0.7283, -4.8051 0.263 0.1063, -4.8051 -1.3709 0.1063, -1.2382 -0.7606 0.7283, -1.3248 -0.7606 0.7283, -1.2382 0.263 0.7283, -1.3248 0.263 0.7283, -1.0413 -0.7606 0.7283, -1.128 -0.7606 0.7283, -1.0413 0.263 0.7283, -1.128 0.263 0.7283, -0.8445 -0.7606 0.7283, -0.9311 -0.7606 0.7283, -0.8445 0.263 0.7283, -0.9311 0.263 0.7283, -0.6476 -0.7606 0.7283, -0.7343 -0.7606 0.7283, -0.6476 0.263 0.7283, -0.7343 0.263 0.7283, -1.435 -0.7606 0.7283, -1.5217 -0.7606 0.7283, -1.435 0.263 0.7283, -1.5217 0.263 0.7283, -1.6319 -0.7606 0.7283, -1.7185 -0.7606 0.7283, -1.6319 0.263 0.7283, -1.7185 0.263 0.7283, -3.7972 -0.7606 0.7283, -3.8839 -0.7606 0.7283, -3.7972 0.263 0.7283, -3.8839 0.263 0.7283, -3.6004 -0.7606 0.7283, -3.687 -0.7606 0.7283, -3.6004 0.263 0.7283, -3.687 0.263 0.7283, -3.4035 -0.7606 0.7283, -3.4902 -0.7606 0.7283, -3.4035 0.263 0.7283, -3.4902 0.263 0.7283, -3.2067 -0.7606 0.7283, -3.2933 -0.7606 0.7283, -3.2067 0.263 0.7283, -3.2933 0.263 0.7283, -3.0098 -0.7606 0.7283, -3.0965 -0.7606 0.7283, -3.0098 0.263 0.7283, -3.0965 0.263 0.7283, -2.813 -0.7606 0.7283, -2.8996 -0.7606 0.7283, -2.813 0.263 0.7283, -2.8996 0.263 0.7283, -2.6161 -0.7606 0.7283, -2.7028 -0.7606 0.7283, -2.6161 0.263 0.7283, -2.7028 0.263 0.7283, -2.4193 -0.7606 0.7283, -2.5059 -0.7606 0.7283, -2.4193 0.263 0.7283, -2.5059 0.263 0.7283, -2.2224 -0.7606 0.7283, -2.3091 -0.7606 0.7283, -2.2224 0.263 0.7283, -2.3091 0.263 0.7283, -2.0256 -0.7606 0.7283, -2.1122 -0.7606 0.7283, -2.0256 0.263 0.7283, -2.1122 0.263 0.7283, -1.8287 -0.7606 0.7283, -1.9154 -0.7606 0.7283, -1.8287 0.263 0.7283, -1.9154 0.263 0.7283, -4.6476 0.263 0.6969, -4.6476 -0.0126 0.6969, -4.6476 0.263 0.2047, -4.6476 -0.0126 0.2047, 4.6437 -0.0126 0.2047, 4.6437 -0.0126 0.6969, 4.6437 0.263 0.2047, 4.6437 0.263 0.6969, 4.1319 -0.7016 0.2047, 4.2106 -0.7016 0.2047, 4.1319 -0.7016 0.1063, 4.2106 -0.7016 0.1457, 4.212 -0.7016 0.1355, 4.2159 -0.7016 0.126, 4.2222 -0.7016 0.1178, 4.2303 -0.7016 0.1116, 4.2398 -0.7016 0.1076, 4.25 -0.7016 0.1063, -4.1358 -0.7016 0.1063, -4.2539 -0.7016 0.1063, -4.2437 -0.7016 0.1076, -4.2343 -0.7016 0.1116, -4.2261 -0.7016 0.1178, -4.2198 -0.7016 0.126, -4.2146 -0.7016 0.2047, -4.1358 -0.7016 0.2047, -4.2146 -0.7016 0.1457, -4.2159 -0.7016 0.1355, -0.2539 -0.7606 0.6772, -0.2539 -0.0913 0.6772, -0.1437 -0.7606 0.6772, -0.1437 -0.0913 0.6772, -0.0413 -1.3709 0.126, -0.0413 -0.0913 0.126, -0.1594 -1.3709 0.126, -0.0571 -0.0913 0.126, -0.1594 -0.0913 0.126, -0.1437 -0.0913 0.126, -0.1437 0.2433 0.126, -0.0571 0.2433 0.126, 4.4469 -1.3709 0.2047, 4.0531 -1.3709 0.2047, 4.0531 -1.3709 0.185, -4.4508 -1.3709 0.2047, -4.1358 -1.3709 0.1063, 3.8957 -1.3709 0.185, 3.8957 -1.3709 0.126, 4.1319 -1.3709 0.1063, 4.1319 -1.3709 0.0079, 3.7776 -1.3709 0.185, 3.6988 -1.3709 0.185, 3.7776 -1.3709 0.126, 3.6988 -1.3709 0.126, 1.8091 -1.3709 0.126, 1.8091 -1.3709 0.185, 1.7303 -1.3709 0.185, 1.7303 -1.3709 0.126, 1.6122 -1.3709 0.126, -4.1358 -1.3709 0.0079, 3.5807 -1.3709 0.126, 3.5807 -1.3709 0.185, 3.502 -1.3709 0.185, 3.502 -1.3709 0.126, 3.3839 -1.3709 0.126, 3.3839 -1.3709 0.185, 3.3051 -1.3709 0.185, 3.3051 -1.3709 0.126, 3.187 -1.3709 0.126, 3.187 -1.3709 0.185, 3.1083 -1.3709 0.185, 3.1083 -1.3709 0.126, 2.9902 -1.3709 0.126, 2.9902 -1.3709 0.185, 2.9114 -1.3709 0.185, 2.9114 -1.3709 0.126, 2.7933 -1.3709 0.126, 2.7933 -1.3709 0.185, 2.7146 -1.3709 0.185, 2.7146 -1.3709 0.126, 2.5965 -1.3709 0.126, 0.4311 -1.3709 0.126, 0.4311 -1.3709 0.185, 0.3524 -1.3709 0.185, 1.6122 -1.3709 0.185, 1.5335 -1.3709 0.185, 1.5335 -1.3709 0.126, 1.4154 -1.3709 0.126, 2.5965 -1.3709 0.185, 2.5177 -1.3709 0.185, 2.5177 -1.3709 0.126, 2.3996 -1.3709 0.126, 1.4154 -1.3709 0.185, 1.3366 -1.3709 0.185, 1.3366 -1.3709 0.126, 1.2185 -1.3709 0.126, 2.3996 -1.3709 0.185, 2.3209 -1.3709 0.185, 2.3209 -1.3709 0.126, 2.2028 -1.3709 0.126, 1.2185 -1.3709 0.185, 1.1398 -1.3709 0.185, 1.1398 -1.3709 0.126, 1.0217 -1.3709 0.126, -0.1594 -1.3709 0.185, -0.2382 -1.3709 0.185, 2.2028 -1.3709 0.185, 2.124 -1.3709 0.185, 2.124 -1.3709 0.126, 2.0059 -1.3709 0.126, 1.0217 -1.3709 0.185, 0.9429 -1.3709 0.185, 0.9429 -1.3709 0.126, 0.8248 -1.3709 0.126, 2.0059 -1.3709 0.185, 1.9272 -1.3709 0.185, 1.9272 -1.3709 0.126, 0.8248 -1.3709 0.185, 0.7461 -1.3709 0.185, 0.7461 -1.3709 0.126, 0.628 -1.3709 0.126, 0.3524 -1.3709 0.126, 0.2343 -1.3709 0.126, 0.5492 -1.3709 0.126, 0.5492 -1.3709 0.185, 0.628 -1.3709 0.185, 0.2343 -1.3709 0.185, 0.1555 -1.3709 0.185, 0.1555 -1.3709 0.126, 0.0374 -1.3709 0.126, -0.75 -1.3709 0.126, -0.75 -1.3709 0.185, -0.8287 -1.3709 0.185, -0.2382 -1.3709 0.126, -0.3563 -1.3709 0.126, -0.0413 -1.3709 0.185, 0.0374 -1.3709 0.185, -0.3563 -1.3709 0.185, -0.435 -1.3709 0.185, -0.435 -1.3709 0.126, -0.5531 -1.3709 0.126, -1.1437 -1.3709 0.126, -1.1437 -1.3709 0.185, -1.2224 -1.3709 0.185, -0.8287 -1.3709 0.126, -0.9469 -1.3709 0.126, -0.6319 -1.3709 0.126, -0.6319 -1.3709 0.185, -0.5531 -1.3709 0.185, -1.2224 -1.3709 0.126, -1.3406 -1.3709 0.126, -1.5374 -1.3709 0.126, -1.5374 -1.3709 0.185, -1.6161 -1.3709 0.185, -1.0256 -1.3709 0.126, -1.0256 -1.3709 0.185, -0.9469 -1.3709 0.185, -1.6161 -1.3709 0.126, -1.7343 -1.3709 0.126, -1.9311 -1.3709 0.126, -1.9311 -1.3709 0.185, -2.0098 -1.3709 0.185, -4.0571 -1.3709 0.185, -4.0571 -1.3709 0.2047, -1.4193 -1.3709 0.126, -1.4193 -1.3709 0.185, -1.3406 -1.3709 0.185, -2.0098 -1.3709 0.126, -2.128 -1.3709 0.126, -1.7343 -1.3709 0.185, -1.813 -1.3709 0.185, -1.813 -1.3709 0.126, -2.3248 -1.3709 0.126, -2.3248 -1.3709 0.185, -2.4035 -1.3709 0.185, -2.4035 -1.3709 0.126, -2.5217 -1.3709 0.126, -2.2067 -1.3709 0.126, -2.2067 -1.3709 0.185, -2.128 -1.3709 0.185, -2.7185 -1.3709 0.126, -2.7185 -1.3709 0.185, -2.7972 -1.3709 0.185, -2.7972 -1.3709 0.126, -2.9154 -1.3709 0.126, -2.6004 -1.3709 0.126, -2.6004 -1.3709 0.185, -2.5217 -1.3709 0.185, -3.1122 -1.3709 0.126, -3.1122 -1.3709 0.185, -3.1909 -1.3709 0.185, -3.1909 -1.3709 0.126, -3.3091 -1.3709 0.126, -2.9941 -1.3709 0.126, -2.9941 -1.3709 0.185, -2.9154 -1.3709 0.185, -3.5059 -1.3709 0.126, -3.5059 -1.3709 0.185, -3.5846 -1.3709 0.185, -3.5846 -1.3709 0.126, -3.7028 -1.3709 0.126, -3.3878 -1.3709 0.126, -3.3878 -1.3709 0.185, -3.3091 -1.3709 0.185, -3.8996 -1.3709 0.185, -3.8996 -1.3709 0.126, -3.7815 -1.3709 0.126, -3.7815 -1.3709 0.185, -3.7028 -1.3709 0.185, -4.0571 0.2433 0.0079, 4.0531 0.3811 0.0079, 4.1319 0.3811 0.0079, 4.0531 0.2433 0.0079, -4.0571 0.2433 0.126, -3.8839 0.2433 0.126, -3.7972 0.2433 0.126, 0.0531 0.2433 0.126, -0.112 0.2433 0.0079, 0.1398 0.2433 0.126, -3.687 0.2433 0.126, -3.6004 0.2433 0.126, -3.4902 0.2433 0.126, 0.25 0.2433 0.126, 0.3366 0.2433 0.126, 0.4469 0.2433 0.126, -3.4035 0.2433 0.126, -3.2933 0.2433 0.126, -3.2067 0.2433 0.126, 0.5335 0.2433 0.126, 0.6437 0.2433 0.126, 0.7303 0.2433 0.126, -3.0965 0.2433 0.126, -3.0098 0.2433 0.126, -2.8996 0.2433 0.126, 0.8406 0.2433 0.126, 0.9272 0.2433 0.126, 1.0374 0.2433 0.126, -2.813 0.2433 0.126, -2.7028 0.2433 0.126, -2.6161 0.2433 0.126, 1.124 0.2433 0.126, 1.2343 0.2433 0.126, 1.3209 0.2433 0.126, -2.2224 0.2433 0.126, -2.1122 0.2433 0.126, 1.4311 0.2433 0.126, 1.5177 0.2433 0.126, 1.628 0.2433 0.126, -2.5059 0.2433 0.126, -2.4193 0.2433 0.126, -2.3091 0.2433 0.126, 1.7146 0.2433 0.126, 1.8248 0.2433 0.126, 1.9114 0.2433 0.126, -2.0256 0.2433 0.126, -1.9154 0.2433 0.126, -1.8287 0.2433 0.126, 2.0217 0.2433 0.126, 2.1083 0.2433 0.126, 2.2185 0.2433 0.126, -1.7185 0.2433 0.126, -1.6319 0.2433 0.126, -1.5217 0.2433 0.126, 2.3051 0.2433 0.126, 2.4154 0.2433 0.126, 2.502 0.2433 0.126, -1.435 0.2433 0.126, -1.3248 0.2433 0.126, -1.2382 0.2433 0.126, 2.6122 0.2433 0.126, 2.6988 0.2433 0.126, 2.8091 0.2433 0.126, -1.128 0.2433 0.126, -1.0413 0.2433 0.126, -0.9311 0.2433 0.126, 2.8957 0.2433 0.126, 3.0059 0.2433 0.126, 3.0925 0.2433 0.126, -0.8445 0.2433 0.126, -0.7343 0.2433 0.126, -0.6476 0.2433 0.126, 3.2028 0.2433 0.126, 3.2894 0.2433 0.126, 3.3996 0.2433 0.126, -0.5374 0.2433 0.126, -0.4508 0.2433 0.126, -0.3406 0.2433 0.126, 3.4862 0.2433 0.126, 3.5965 0.2433 0.126, 3.6831 0.2433 0.126, -0.2539 0.2433 0.126, 3.7933 0.2433 0.126, 3.8799 0.2433 0.126, 4.0531 0.2433 0.126, 4.3484 0.3811 0.2047, 4.6437 0.3811 0.2047, 4.6437 0.3811 0.1063, 4.0531 0.3811 0.126, 3.8799 0.3811 0.126, 3.8799 0.3811 0.6969, 4.1319 0.3811 0.4016, 4.2106 0.3811 0.4016, 4.3484 0.3811 0.6969, 4.2106 0.3811 0.1457, 4.212 0.3811 0.1355, 4.25 0.3811 0.1063, 4.2398 0.3811 0.1076, 4.2303 0.3811 0.1116, 4.2222 0.3811 0.1178, 4.2159 0.3811 0.126, -0.0413 -0.0913 0.185, 0.0374 -0.0913 0.126, 0.0531 -0.0913 0.126, 0.0374 -0.0913 0.185, 0.0531 -0.0913 0.6772, -0.0571 -0.0913 0.6772, -0.0571 -0.7606 0.6772, -0.0571 0.263 0.6969, 0.0531 -0.7606 0.6772, -0.2539 -0.0913 0.126, -0.2382 -0.0913 0.126, -0.2382 -0.0913 0.185, -0.1594 -0.0913 0.185, -0.1437 0.263 0.6969, 0.1555 -0.0913 0.126, 0.1398 -0.0913 0.126, 0.1555 -0.0913 0.185, 0.2343 -0.0913 0.126, 0.25 -0.0913 0.126, 0.2343 -0.0913 0.185, 0.25 -0.0913 0.6772, 0.1398 -0.0913 0.6772, 0.1398 -0.7606 0.6772, 0.1398 0.263 0.6969, 0.25 -0.7606 0.6772, 0.0531 0.263 0.6969, 4.0531 -0.5441 0.2047, 4.0531 -0.5441 0.6772, 4.0531 -0.0913 0.6772, 4.0531 -0.0913 0.185, 4.2106 -0.5441 0.2047, 4.2106 -0.5441 0.4016, 4.1319 -0.5441 0.4016, 4.1319 -0.5441 0.2047, 4.6437 0.263 0.1063, 3.8799 -0.0913 0.126, 3.8957 -0.0913 0.126, 3.8957 -0.0913 0.185, 3.8799 -0.0913 0.6772, 3.8799 -0.7606 0.6772, 4.0531 -0.7606 0.6772, 0.3524 -0.0913 0.126, 0.3366 -0.0913 0.126, 0.3524 -0.0913 0.185, 0.4311 -0.0913 0.126, 0.4469 -0.0913 0.126, 0.4311 -0.0913 0.185, 0.4469 -0.0913 0.6772, 0.3366 -0.0913 0.6772, 0.3366 -0.7606 0.6772, 0.3366 0.263 0.6969, 0.4469 -0.7606 0.6772, 0.25 0.263 0.6969, 0.5492 -0.0913 0.126, 0.5335 -0.0913 0.126, 0.5492 -0.0913 0.185, 0.628 -0.0913 0.126, 0.6437 -0.0913 0.126, 0.628 -0.0913 0.185, 0.6437 -0.0913 0.6772, 0.5335 -0.0913 0.6772, 0.5335 -0.7606 0.6772, 0.5335 0.263 0.6969, 0.6437 -0.7606 0.6772, 0.4469 0.263 0.6969, 0.7461 -0.0913 0.126, 0.7303 -0.0913 0.126, 0.7461 -0.0913 0.185, 0.8248 -0.0913 0.126, 0.8406 -0.0913 0.126, 0.8248 -0.0913 0.185, 0.8406 -0.0913 0.6772, 0.7303 -0.0913 0.6772, 0.7303 -0.7606 0.6772, 0.7303 0.263 0.6969, 0.8406 -0.7606 0.6772, 0.6437 0.263 0.6969, 0.9429 -0.0913 0.126, 0.9272 -0.0913 0.126, 0.9429 -0.0913 0.185, 1.0217 -0.0913 0.126, 1.0374 -0.0913 0.126, 1.0217 -0.0913 0.185, 1.0374 -0.0913 0.6772, 0.9272 -0.0913 0.6772, 0.9272 -0.7606 0.6772, 0.9272 0.263 0.6969, 1.0374 -0.7606 0.6772, 0.8406 0.263 0.6969, 1.1398 -0.0913 0.126, 1.124 -0.0913 0.126, 1.1398 -0.0913 0.185, 1.2185 -0.0913 0.126, 1.2343 -0.0913 0.126, 1.2185 -0.0913 0.185, 1.2343 -0.0913 0.6772, 1.124 -0.0913 0.6772, 1.124 -0.7606 0.6772, 1.124 0.263 0.6969, 1.2343 -0.7606 0.6772, 1.0374 0.263 0.6969, 1.3366 -0.0913 0.126, 1.3209 -0.0913 0.126, 1.3366 -0.0913 0.185, 1.4154 -0.0913 0.126, 1.4311 -0.0913 0.126, 1.4154 -0.0913 0.185, 1.4311 -0.0913 0.6772, 1.3209 -0.0913 0.6772, 1.3209 -0.7606 0.6772, 1.3209 0.263 0.6969, 1.4311 -0.7606 0.6772, 1.2343 0.263 0.6969, 1.5335 -0.0913 0.126, 1.5177 -0.0913 0.126, 1.5335 -0.0913 0.185, 1.6122 -0.0913 0.126, 1.628 -0.0913 0.126, 1.6122 -0.0913 0.185, 1.628 -0.0913 0.6772, 1.5177 -0.0913 0.6772, 1.5177 -0.7606 0.6772, 1.5177 0.263 0.6969, 1.628 -0.7606 0.6772, 1.4311 0.263 0.6969, 1.7303 -0.0913 0.126, 1.7146 -0.0913 0.126, 1.7303 -0.0913 0.185, 1.8091 -0.0913 0.126, 1.8248 -0.0913 0.126, 1.8091 -0.0913 0.185, 1.8248 -0.0913 0.6772, 1.7146 -0.0913 0.6772, 1.7146 -0.7606 0.6772, 1.7146 0.263 0.6969, 1.8248 -0.7606 0.6772, 1.628 0.263 0.6969, 1.9272 -0.0913 0.126, 1.9114 -0.0913 0.126, 1.9272 -0.0913 0.185, 2.0059 -0.0913 0.126, 2.0217 -0.0913 0.126, 2.0059 -0.0913 0.185, 2.0217 -0.0913 0.6772, 1.9114 -0.0913 0.6772, 1.9114 -0.7606 0.6772, 1.9114 0.263 0.6969, 2.0217 -0.7606 0.6772, 1.8248 0.263 0.6969, 2.124 -0.0913 0.126, 2.1083 -0.0913 0.126, 2.124 -0.0913 0.185, 2.2028 -0.0913 0.126, 2.2185 -0.0913 0.126, 2.2028 -0.0913 0.185, 2.2185 -0.0913 0.6772, 2.1083 -0.0913 0.6772, 2.1083 -0.7606 0.6772, 2.1083 0.263 0.6969, 2.2185 -0.7606 0.6772, 2.0217 0.263 0.6969, 2.3209 -0.0913 0.126, 2.3051 -0.0913 0.126, 2.3209 -0.0913 0.185, 2.3996 -0.0913 0.126, 2.4154 -0.0913 0.126, 2.3996 -0.0913 0.185, 2.4154 -0.0913 0.6772, 2.3051 -0.0913 0.6772, 2.3051 -0.7606 0.6772, 2.3051 0.263 0.6969, 2.4154 -0.7606 0.6772, 2.2185 0.263 0.6969, 2.5177 -0.0913 0.126, 2.502 -0.0913 0.126, 2.5177 -0.0913 0.185, 2.5965 -0.0913 0.126, 2.6122 -0.0913 0.126, 2.5965 -0.0913 0.185, 2.6122 -0.0913 0.6772, 2.502 -0.0913 0.6772, 2.502 -0.7606 0.6772, 2.502 0.263 0.6969, 2.6122 -0.7606 0.6772, 2.4154 0.263 0.6969, 2.7146 -0.0913 0.126, 2.6988 -0.0913 0.126, 2.7146 -0.0913 0.185, 2.7933 -0.0913 0.126, 2.8091 -0.0913 0.126, 2.7933 -0.0913 0.185, 2.8091 -0.0913 0.6772, 2.6988 -0.0913 0.6772, 2.6988 -0.7606 0.6772, 2.6988 0.263 0.6969, 2.8091 -0.7606 0.6772, 2.6122 0.263 0.6969, 2.9114 -0.0913 0.126, 2.8957 -0.0913 0.126, 2.9114 -0.0913 0.185, 2.9902 -0.0913 0.126, 3.0059 -0.0913 0.126, 2.9902 -0.0913 0.185, 3.0059 -0.0913 0.6772, 2.8957 -0.0913 0.6772, 2.8957 -0.7606 0.6772, 2.8957 0.263 0.6969, 3.0059 -0.7606 0.6772, 2.8091 0.263 0.6969, 3.1083 -0.0913 0.126, 3.0925 -0.0913 0.126, 3.1083 -0.0913 0.185, 3.187 -0.0913 0.126, 3.2028 -0.0913 0.126, 3.187 -0.0913 0.185, 3.2028 -0.0913 0.6772, 3.0925 -0.0913 0.6772, 3.0925 -0.7606 0.6772, 3.0925 0.263 0.6969, 3.2028 -0.7606 0.6772, 3.0059 0.263 0.6969, 3.3051 -0.0913 0.126, 3.2894 -0.0913 0.126, 3.3051 -0.0913 0.185, 3.3839 -0.0913 0.126, 3.3996 -0.0913 0.126, 3.3839 -0.0913 0.185, 3.3996 -0.0913 0.6772, 3.2894 -0.0913 0.6772, 3.2894 -0.7606 0.6772, 3.2894 0.263 0.6969, 3.3996 -0.7606 0.6772, 3.2028 0.263 0.6969, 3.502 -0.0913 0.126, 3.4862 -0.0913 0.126, 3.502 -0.0913 0.185, 3.5807 -0.0913 0.126, 3.5965 -0.0913 0.126, 3.5807 -0.0913 0.185, 3.5965 -0.0913 0.6772, 3.4862 -0.0913 0.6772, 3.4862 -0.7606 0.6772, 3.4862 0.263 0.6969, 3.5965 -0.7606 0.6772, 3.3996 0.263 0.6969, 3.6988 -0.0913 0.126, 3.6831 -0.0913 0.126, 3.6988 -0.0913 0.185, 3.7776 -0.0913 0.126, 3.7933 -0.0913 0.126, 3.7776 -0.0913 0.185, 3.7933 -0.0913 0.6772, 3.6831 -0.0913 0.6772, 3.6831 -0.7606 0.6772, 3.6831 0.263 0.6969, 3.7933 -0.7606 0.6772, 3.5965 0.263 0.6969, 3.8799 0.263 0.6969, 3.7933 0.263 0.6969, -0.4508 -0.7606 0.6772, -0.4508 -0.0913 0.6772, -0.3406 -0.7606 0.6772, -0.3406 -0.0913 0.6772, -0.3563 -0.0913 0.126, -0.3406 -0.0913 0.126, -0.2539 0.263 0.6969, -0.4508 -0.0913 0.126, -0.435 -0.0913 0.126, -0.435 -0.0913 0.185, -0.3563 -0.0913 0.185, -0.3406 0.263 0.6969, -0.6476 -0.7606 0.6772, -0.6476 -0.0913 0.6772, -0.5374 -0.7606 0.6772, -0.5374 -0.0913 0.6772, -0.5531 -0.0913 0.126, -0.5374 -0.0913 0.126, -0.4508 0.263 0.6969, -0.6476 -0.0913 0.126, -0.6319 -0.0913 0.126, -0.6319 -0.0913 0.185, -0.5531 -0.0913 0.185, -0.5374 0.263 0.6969, -4.0571 -0.5441 0.2047, -4.0571 -0.0913 0.185, -4.0571 -0.5441 0.6772, -4.0571 -0.0913 0.6772, -4.1358 -0.5441 0.2047, -4.1358 -0.5441 0.4016, -4.2146 -0.5441 0.4016, -4.2146 -0.5441 0.2047, -4.6476 0.263 0.1063, -3.8996 -0.0913 0.185, -3.8996 -0.0913 0.126, -3.8839 -0.0913 0.126, -3.8839 -0.0913 0.6772, -3.8839 -0.7606 0.6772, -4.0571 -0.7606 0.6772, -1.435 -0.7606 0.6772, -1.435 -0.0913 0.6772, -1.3248 -0.7606 0.6772, -1.3248 -0.0913 0.6772, -1.2224 -0.0913 0.126, -1.2382 -0.0913 0.126, -1.3406 -0.0913 0.126, -1.3248 -0.0913 0.126, -1.2224 -0.0913 0.185, -1.1437 -0.0913 0.126, -1.128 -0.0913 0.126, -1.1437 -0.0913 0.185, -1.128 -0.0913 0.6772, -1.2382 -0.0913 0.6772, -1.2382 -0.7606 0.6772, -1.2382 0.263 0.6969, -1.128 -0.7606 0.6772, -1.435 -0.0913 0.126, -1.4193 -0.0913 0.126, -1.4193 -0.0913 0.185, -1.3406 -0.0913 0.185, -1.3248 0.263 0.6969, -1.0256 -0.0913 0.126, -1.0413 -0.0913 0.126, -1.0256 -0.0913 0.185, -0.9469 -0.0913 0.126, -0.9311 -0.0913 0.126, -0.9469 -0.0913 0.185, -0.9311 -0.0913 0.6772, -1.0413 -0.0913 0.6772, -1.0413 -0.7606 0.6772, -1.0413 0.263 0.6969, -0.9311 -0.7606 0.6772, -1.128 0.263 0.6969, -0.8287 -0.0913 0.126, -0.8445 -0.0913 0.126, -0.8287 -0.0913 0.185, -0.75 -0.0913 0.126, -0.7343 -0.0913 0.126, -0.75 -0.0913 0.185, -0.7343 -0.0913 0.6772, -0.8445 -0.0913 0.6772, -0.8445 -0.7606 0.6772, -0.8445 0.263 0.6969, -0.7343 -0.7606 0.6772, -0.9311 0.263 0.6969, -0.6476 0.263 0.6969, -0.7343 0.263 0.6969, -1.6319 -0.7606 0.6772, -1.6319 -0.0913 0.6772, -1.5217 -0.7606 0.6772, -1.5217 -0.0913 0.6772, -1.5374 -0.0913 0.126, -1.5217 -0.0913 0.126, -1.435 0.263 0.6969, -1.6319 -0.0913 0.126, -1.6161 -0.0913 0.126, -1.6161 -0.0913 0.185, -1.5374 -0.0913 0.185, -1.5217 0.263 0.6969, -1.8287 -0.7606 0.6772, -1.8287 -0.0913 0.6772, -1.7185 -0.7606 0.6772, -1.7185 -0.0913 0.6772, -1.7343 -0.0913 0.126, -1.7185 -0.0913 0.126, -1.6319 0.263 0.6969, -1.8287 -0.0913 0.126, -1.813 -0.0913 0.126, -1.813 -0.0913 0.185, -1.7343 -0.0913 0.185, -1.7185 0.263 0.6969, -3.7815 -0.0913 0.126, -3.7972 -0.0913 0.126, -3.7815 -0.0913 0.185, -3.7028 -0.0913 0.126, -3.687 -0.0913 0.126, -3.7028 -0.0913 0.185, -3.687 -0.0913 0.6772, -3.7972 -0.0913 0.6772, -3.7972 -0.7606 0.6772, -3.7972 0.263 0.6969, -3.687 -0.7606 0.6772, -3.8839 0.263 0.6969, -3.5846 -0.0913 0.126, -3.6004 -0.0913 0.126, -3.5846 -0.0913 0.185, -3.5059 -0.0913 0.126, -3.4902 -0.0913 0.126, -3.5059 -0.0913 0.185, -3.4902 -0.0913 0.6772, -3.6004 -0.0913 0.6772, -3.6004 -0.7606 0.6772, -3.6004 0.263 0.6969, -3.4902 -0.7606 0.6772, -3.687 0.263 0.6969, -3.3878 -0.0913 0.126, -3.4035 -0.0913 0.126, -3.3878 -0.0913 0.185, -3.3091 -0.0913 0.126, -3.2933 -0.0913 0.126, -3.3091 -0.0913 0.185, -3.2933 -0.0913 0.6772, -3.4035 -0.0913 0.6772, -3.4035 -0.7606 0.6772, -3.4035 0.263 0.6969, -3.2933 -0.7606 0.6772, -3.4902 0.263 0.6969, -3.1909 -0.0913 0.126, -3.2067 -0.0913 0.126, -3.1909 -0.0913 0.185, -3.1122 -0.0913 0.126, -3.0965 -0.0913 0.126, -3.1122 -0.0913 0.185, -3.0965 -0.0913 0.6772, -3.2067 -0.0913 0.6772, -3.2067 -0.7606 0.6772, -3.2067 0.263 0.6969, -3.0965 -0.7606 0.6772, -3.2933 0.263 0.6969, -2.9941 -0.0913 0.126, -3.0098 -0.0913 0.126, -2.9941 -0.0913 0.185, -2.9154 -0.0913 0.126, -2.8996 -0.0913 0.126, -2.9154 -0.0913 0.185, -2.8996 -0.0913 0.6772, -3.0098 -0.0913 0.6772, -3.0098 -0.7606 0.6772, -3.0098 0.263 0.6969, -2.8996 -0.7606 0.6772, -3.0965 0.263 0.6969, -2.7972 -0.0913 0.126, -2.813 -0.0913 0.126, -2.7972 -0.0913 0.185, -2.7185 -0.0913 0.126, -2.7028 -0.0913 0.126, -2.7185 -0.0913 0.185, -2.7028 -0.0913 0.6772, -2.813 -0.0913 0.6772, -2.813 -0.7606 0.6772, -2.813 0.263 0.6969, -2.7028 -0.7606 0.6772, -2.8996 0.263 0.6969, -2.6004 -0.0913 0.126, -2.6161 -0.0913 0.126, -2.6004 -0.0913 0.185, -2.5217 -0.0913 0.126, -2.5059 -0.0913 0.126, -2.5217 -0.0913 0.185, -2.5059 -0.0913 0.6772, -2.6161 -0.0913 0.6772, -2.6161 -0.7606 0.6772, -2.6161 0.263 0.6969, -2.5059 -0.7606 0.6772, -2.7028 0.263 0.6969, -2.4035 -0.0913 0.126, -2.4193 -0.0913 0.126, -2.4035 -0.0913 0.185, -2.3248 -0.0913 0.126, -2.3091 -0.0913 0.126, -2.3248 -0.0913 0.185, -2.3091 -0.0913 0.6772, -2.4193 -0.0913 0.6772, -2.4193 -0.7606 0.6772, -2.4193 0.263 0.6969, -2.3091 -0.7606 0.6772, -2.5059 0.263 0.6969, -2.2067 -0.0913 0.126, -2.2224 -0.0913 0.126, -2.2067 -0.0913 0.185, -2.128 -0.0913 0.126, -2.1122 -0.0913 0.126, -2.128 -0.0913 0.185, -2.1122 -0.0913 0.6772, -2.2224 -0.0913 0.6772, -2.2224 -0.7606 0.6772, -2.2224 0.263 0.6969, -2.1122 -0.7606 0.6772, -2.3091 0.263 0.6969, -2.0098 -0.0913 0.126, -2.0256 -0.0913 0.126, -2.0098 -0.0913 0.185, -1.9311 -0.0913 0.126, -1.9154 -0.0913 0.126, -1.9311 -0.0913 0.185, -1.9154 -0.0913 0.6772, -2.0256 -0.0913 0.6772, -2.0256 -0.7606 0.6772, -2.0256 0.263 0.6969, -1.9154 -0.7606 0.6772, -2.1122 0.263 0.6969, -1.8287 0.263 0.6969, -1.9154 0.263 0.6969, -4.4508 -0.5441 0.2047, 4.4469 -0.5441 0.2047, -4.3524 -0.0126 0.2047, -4.3524 0.263 0.6969, -4.3524 -0.0126 0.6969, 4.3484 -0.0126 0.6969, 4.3484 -0.0126 0.2047, 4.3484 0.263 0.6969
            ]
        }
        coordIndex [
            0,1,2,-1,2,1,3,-1,4,5,6,-1,6,5,7,-1,6,7,8,-1,9,10,7,-1,11,2,12,-1,12,2,3,-1,12,3,13,-1,13,3,14,-1,13,14,7,-1,7,14,15,-1,7,15,9,-1,10,16,7,-1,7,16,17,-1,7,17,8,-1,18,19,20,-1,20,19,21,-1,22,23,24,-1,24,23,25,-1,26,27,28,-1,28,27,29,-1,30,31,32,-1,32,31,33,-1,34,35,36,-1,36,35,37,-1,38,39,40,-1,40,39,41,-1,42,43,44,-1,44,43,45,-1,46,47,48,-1,48,47,49,-1,50,51,52,-1,52,51,53,-1,54,55,56,-1,56,55,57,-1,58,59,60,-1,60,59,61,-1,62,63,64,-1,64,63,65,-1,66,67,68,-1,68,67,69,-1,70,71,72,-1,72,71,73,-1,74,75,76,-1,76,75,77,-1,78,79,80,-1,80,79,81,-1,82,83,84,-1,84,83,85,-1,86,87,88,-1,88,87,89,-1,90,91,92,-1,92,91,93,-1,94,95,96,-1,96,95,97,-1,98,99,100,-1,100,99,101,-1,102,103,104,-1,104,103,105,-1,106,107,108,-1,108,107,109,-1,110,111,112,-1,112,111,113,-1,114,115,116,-1,116,115,117,-1,118,119,120,-1,120,119,121,-1,122,123,124,-1,124,123,125,-1,126,127,128,-1,128,127,129,-1,130,131,132,-1,132,131,133,-1,134,135,136,-1,136,135,137,-1,138,139,140,-1,140,139,141,-1,142,143,144,-1,144,143,145,-1,146,147,148,-1,148,147,149,-1,150,151,152,-1,152,151,153,-1,154,155,156,-1,156,155,157,-1,158,159,160,-1,160,159,161,-1,162,163,164,-1,164,163,165,-1,166,167,168,-1,168,167,169,-1,170,171,172,-1,172,171,173,-1,174,175,176,-1,176,177,174,-1,174,177,178,-1,174,178,179,-1,180,181,182,-1,182,181,179,-1,182,179,183,-1,183,179,178,-1,183,178,184,-1,184,178,185,-1,186,187,188,-1,188,187,189,-1,190,191,192,-1,192,191,193,-1,179,181,194,-1,194,181,195,-1,196,197,198,-1,198,197,199,-1,200,201,202,-1,202,201,203,-1,204,205,206,-1,206,205,207,-1,208,209,210,-1,210,209,211,-1,212,213,214,-1,214,213,215,-1,216,217,218,-1,218,217,219,-1,220,221,222,-1,222,221,223,-1,224,225,226,-1,226,225,227,-1,228,229,230,-1,230,229,231,-1,232,233,234,-1,234,233,235,-1,236,237,238,-1,238,237,239,-1,240,241,242,-1,242,241,243,-1,244,245,246,-1,246,245,247,-1,248,249,250,-1,250,249,251,-1,252,253,254,-1,254,253,255,-1,256,257,258,-1,258,257,259,-1,260,261,262,-1,262,261,263,-1,264,265,266,-1,266,265,267,-1,268,269,270,-1,270,269,271,-1,272,273,274,-1,274,273,275,-1,276,277,278,-1,278,277,279,-1,280,281,174,-1,174,281,175,-1,282,283,284,-1,284,283,285,-1,286,287,288,-1,288,287,289,-1,290,291,292,-1,292,291,293,-1,294,295,296,-1,296,295,297,-1,298,299,300,-1,300,299,301,-1,302,303,304,-1,304,303,305,-1,306,307,308,-1,308,307,309,-1,310,311,312,-1,312,311,313,-1,314,315,316,-1,316,315,317,-1,318,319,320,-1,320,319,321,-1,322,323,324,-1,324,323,325,-1,326,327,328,-1,328,327,329,-1,330,331,332,-1,332,331,333,-1,334,335,336,-1,336,335,337,-1,338,339,340,-1,340,339,341,-1,342,343,344,-1,344,343,345,-1,346,347,348,-1,348,347,349,-1,350,351,352,-1,352,351,353,-1,354,355,356,-1,356,355,357,-1,358,359,360,-1,360,359,361,-1,361,362,360,-1,360,362,363,-1,360,363,364,-1,364,365,360,-1,360,365,366,-1,360,366,367,-1,368,369,370,-1,370,371,368,-1,368,371,372,-1,368,372,373,-1,374,375,376,-1,376,375,368,-1,376,368,377,-1,377,368,373,-1,378,379,380,-1,380,379,381,-1,382,383,384,-1,384,383,385,-1,386,384,387,-1,387,384,385,-1,387,385,388,-1,388,385,389,-1,390,391,392,-1,176,175,393,-1,393,175,281,-1,393,281,394,-1,392,395,396,-1,181,180,195,-1,195,180,390,-1,195,390,397,-1,397,390,392,-1,397,392,398,-1,399,400,401,-1,401,400,402,-1,403,404,405,-1,406,407,408,-1,392,396,398,-1,398,396,401,-1,398,401,408,-1,408,401,402,-1,408,402,409,-1,410,411,409,-1,409,411,412,-1,409,412,408,-1,408,412,413,-1,414,415,413,-1,413,415,416,-1,413,416,408,-1,408,416,417,-1,418,419,417,-1,417,419,420,-1,417,420,408,-1,408,420,421,-1,422,423,421,-1,421,423,424,-1,421,424,408,-1,408,424,425,-1,426,427,425,-1,425,427,428,-1,425,428,408,-1,408,428,429,-1,430,431,432,-1,433,434,407,-1,407,434,435,-1,407,435,408,-1,408,435,436,-1,437,438,429,-1,429,438,439,-1,429,439,408,-1,408,439,440,-1,441,442,436,-1,436,442,443,-1,436,443,408,-1,408,443,444,-1,445,446,440,-1,440,446,447,-1,440,447,408,-1,408,447,448,-1,449,450,444,-1,444,450,451,-1,444,451,408,-1,408,451,452,-1,384,453,454,-1,455,456,448,-1,448,456,457,-1,448,457,408,-1,408,457,458,-1,459,460,452,-1,452,460,461,-1,452,461,408,-1,408,461,462,-1,463,464,458,-1,458,464,465,-1,458,465,408,-1,408,465,403,-1,408,403,406,-1,406,403,405,-1,466,467,462,-1,462,467,468,-1,462,468,408,-1,408,468,469,-1,408,470,471,-1,432,470,430,-1,430,470,408,-1,430,408,472,-1,472,408,469,-1,472,469,473,-1,473,469,474,-1,475,476,471,-1,471,476,477,-1,471,477,408,-1,408,477,478,-1,479,480,481,-1,482,483,408,-1,454,482,384,-1,384,482,408,-1,384,408,382,-1,382,408,478,-1,382,478,484,-1,484,478,485,-1,486,487,483,-1,483,487,488,-1,483,488,408,-1,408,488,489,-1,490,491,492,-1,493,494,408,-1,481,493,479,-1,479,493,408,-1,479,408,495,-1,495,408,489,-1,495,489,496,-1,496,489,497,-1,498,499,408,-1,500,501,502,-1,492,498,490,-1,490,498,408,-1,490,408,503,-1,503,408,494,-1,503,494,504,-1,504,494,505,-1,506,507,408,-1,508,509,510,-1,408,511,394,-1,394,511,512,-1,394,512,393,-1,502,506,500,-1,500,506,408,-1,500,408,513,-1,513,408,499,-1,513,499,514,-1,514,499,515,-1,516,517,408,-1,518,519,507,-1,507,519,520,-1,507,520,408,-1,408,520,508,-1,408,508,516,-1,516,508,510,-1,521,522,523,-1,524,525,408,-1,523,524,521,-1,521,524,408,-1,521,408,526,-1,526,408,517,-1,526,517,527,-1,527,517,528,-1,529,530,531,-1,532,533,408,-1,531,532,529,-1,529,532,408,-1,529,408,534,-1,534,408,525,-1,534,525,535,-1,535,525,536,-1,537,538,539,-1,540,541,408,-1,539,540,537,-1,537,540,408,-1,537,408,542,-1,542,408,533,-1,542,533,543,-1,543,533,544,-1,545,546,547,-1,548,549,408,-1,547,548,545,-1,545,548,408,-1,545,408,550,-1,550,408,541,-1,550,541,551,-1,551,541,552,-1,553,511,554,-1,554,511,408,-1,554,408,555,-1,555,408,549,-1,555,549,556,-1,556,549,557,-1,1,0,558,-1,559,560,561,-1,561,560,398,-1,561,398,558,-1,558,398,408,-1,558,408,1,-1,562,563,558,-1,558,563,564,-1,389,565,566,-1,566,565,567,-1,564,568,558,-1,558,568,569,-1,558,569,570,-1,567,571,566,-1,566,571,572,-1,566,572,573,-1,570,574,558,-1,558,574,575,-1,558,575,576,-1,573,577,566,-1,566,577,578,-1,566,578,579,-1,576,580,558,-1,558,580,581,-1,558,581,582,-1,579,583,566,-1,566,583,584,-1,566,584,585,-1,582,586,558,-1,558,586,587,-1,558,587,588,-1,585,589,566,-1,566,589,590,-1,566,590,591,-1,592,593,566,-1,591,594,566,-1,566,594,595,-1,566,595,561,-1,561,595,596,-1,588,597,558,-1,558,597,598,-1,558,598,566,-1,566,598,599,-1,566,599,592,-1,596,600,561,-1,561,600,601,-1,561,601,602,-1,593,603,566,-1,566,603,604,-1,566,604,605,-1,602,606,561,-1,561,606,607,-1,561,607,608,-1,605,609,566,-1,566,609,610,-1,566,610,611,-1,608,612,561,-1,561,612,613,-1,561,613,614,-1,611,615,566,-1,566,615,616,-1,566,616,617,-1,614,618,561,-1,561,618,619,-1,561,619,620,-1,617,621,566,-1,566,621,622,-1,566,622,623,-1,620,624,561,-1,561,624,625,-1,561,625,626,-1,623,627,566,-1,566,627,628,-1,566,628,629,-1,626,630,561,-1,561,630,631,-1,561,631,632,-1,629,633,566,-1,566,633,634,-1,566,634,635,-1,632,636,561,-1,561,636,637,-1,561,637,638,-1,635,639,566,-1,566,639,388,-1,566,388,389,-1,638,640,561,-1,561,640,641,-1,561,641,642,-1,643,644,645,-1,646,647,648,-1,560,559,646,-1,560,646,649,-1,649,646,648,-1,649,648,650,-1,650,648,651,-1,650,651,652,-1,652,651,643,-1,652,643,653,-1,645,654,643,-1,643,654,655,-1,643,655,656,-1,656,657,643,-1,643,657,658,-1,643,658,653,-1,565,389,94,-1,94,389,95,-1,385,383,659,-1,660,661,662,-1,662,661,663,-1,662,663,659,-1,659,663,664,-1,659,664,385,-1,665,186,664,-1,664,186,188,-1,664,188,385,-1,385,188,666,-1,385,666,389,-1,389,666,97,-1,389,97,95,-1,665,664,667,-1,667,664,663,-1,99,98,639,-1,639,98,388,-1,668,669,670,-1,386,387,671,-1,671,387,381,-1,671,381,670,-1,670,381,379,-1,670,379,668,-1,98,100,388,-1,388,100,672,-1,388,672,387,-1,187,380,381,-1,387,672,381,-1,381,672,189,-1,381,189,187,-1,454,453,670,-1,670,453,671,-1,453,384,671,-1,671,384,386,-1,382,484,383,-1,383,484,659,-1,484,485,659,-1,659,485,662,-1,477,673,478,-1,478,673,674,-1,660,478,661,-1,661,478,674,-1,661,674,565,-1,565,674,567,-1,571,567,90,-1,90,567,91,-1,674,673,675,-1,676,677,678,-1,678,677,679,-1,678,679,675,-1,675,679,680,-1,675,680,674,-1,681,190,680,-1,680,190,192,-1,680,192,674,-1,674,192,682,-1,674,682,567,-1,567,682,93,-1,567,93,91,-1,681,680,683,-1,683,680,679,-1,94,96,565,-1,565,96,684,-1,565,684,661,-1,191,667,663,-1,661,684,663,-1,663,684,193,-1,663,193,191,-1,485,478,662,-1,662,478,660,-1,477,476,673,-1,673,476,675,-1,476,475,675,-1,675,475,678,-1,642,646,561,-1,561,646,559,-1,392,391,685,-1,686,687,685,-1,685,687,688,-1,685,688,392,-1,361,652,653,-1,361,653,362,-1,362,653,658,-1,362,658,363,-1,363,658,657,-1,363,657,364,-1,364,657,656,-1,364,656,365,-1,365,656,655,-1,365,655,366,-1,366,655,654,-1,366,654,367,-1,361,359,689,-1,690,650,689,-1,689,650,652,-1,689,652,361,-1,649,650,691,-1,691,650,690,-1,397,398,360,-1,360,398,560,-1,358,360,692,-1,692,360,560,-1,692,560,691,-1,691,560,649,-1,397,360,195,-1,195,360,367,-1,194,195,693,-1,693,195,367,-1,693,367,645,-1,645,367,654,-1,694,695,696,-1,688,687,696,-1,696,687,697,-1,696,697,694,-1,395,392,696,-1,696,392,688,-1,647,646,641,-1,641,646,642,-1,697,687,698,-1,698,687,686,-1,698,686,699,-1,470,700,471,-1,471,700,701,-1,676,471,677,-1,677,471,701,-1,677,701,571,-1,571,701,572,-1,573,572,86,-1,86,572,87,-1,701,700,702,-1,703,704,705,-1,705,704,706,-1,705,706,702,-1,702,706,707,-1,702,707,701,-1,708,196,707,-1,707,196,198,-1,707,198,701,-1,701,198,709,-1,701,709,572,-1,572,709,89,-1,572,89,87,-1,708,707,710,-1,710,707,706,-1,90,92,571,-1,571,92,711,-1,571,711,677,-1,197,683,679,-1,677,711,679,-1,679,711,199,-1,679,199,197,-1,475,471,678,-1,678,471,676,-1,470,432,700,-1,700,432,702,-1,432,431,702,-1,702,431,705,-1,472,712,430,-1,430,712,713,-1,703,430,704,-1,704,430,713,-1,704,713,573,-1,573,713,577,-1,578,577,82,-1,82,577,83,-1,713,712,714,-1,715,716,717,-1,717,716,718,-1,717,718,714,-1,714,718,719,-1,714,719,713,-1,720,200,719,-1,719,200,202,-1,719,202,713,-1,713,202,721,-1,713,721,577,-1,577,721,85,-1,577,85,83,-1,720,719,722,-1,722,719,718,-1,86,88,573,-1,573,88,723,-1,573,723,704,-1,201,710,706,-1,704,723,706,-1,706,723,203,-1,706,203,201,-1,431,430,705,-1,705,430,703,-1,472,473,712,-1,712,473,714,-1,473,474,714,-1,714,474,717,-1,468,724,469,-1,469,724,725,-1,715,469,716,-1,716,469,725,-1,716,725,578,-1,578,725,579,-1,583,579,78,-1,78,579,79,-1,725,724,726,-1,727,728,729,-1,729,728,730,-1,729,730,726,-1,726,730,731,-1,726,731,725,-1,732,204,731,-1,731,204,206,-1,731,206,725,-1,725,206,733,-1,725,733,579,-1,579,733,81,-1,579,81,79,-1,732,731,734,-1,734,731,730,-1,82,84,578,-1,578,84,735,-1,578,735,716,-1,205,722,718,-1,716,735,718,-1,718,735,207,-1,718,207,205,-1,474,469,717,-1,717,469,715,-1,468,467,724,-1,724,467,726,-1,467,466,726,-1,726,466,729,-1,461,736,462,-1,462,736,737,-1,727,462,728,-1,728,462,737,-1,728,737,583,-1,583,737,584,-1,585,584,74,-1,74,584,75,-1,737,736,738,-1,739,740,741,-1,741,740,742,-1,741,742,738,-1,738,742,743,-1,738,743,737,-1,744,208,743,-1,743,208,210,-1,743,210,737,-1,737,210,745,-1,737,745,584,-1,584,745,77,-1,584,77,75,-1,744,743,746,-1,746,743,742,-1,78,80,583,-1,583,80,747,-1,583,747,728,-1,209,734,730,-1,728,747,730,-1,730,747,211,-1,730,211,209,-1,466,462,729,-1,729,462,727,-1,461,460,736,-1,736,460,738,-1,460,459,738,-1,738,459,741,-1,451,748,452,-1,452,748,749,-1,739,452,740,-1,740,452,749,-1,740,749,585,-1,585,749,589,-1,590,589,70,-1,70,589,71,-1,749,748,750,-1,751,752,753,-1,753,752,754,-1,753,754,750,-1,750,754,755,-1,750,755,749,-1,756,212,755,-1,755,212,214,-1,755,214,749,-1,749,214,757,-1,749,757,589,-1,589,757,73,-1,589,73,71,-1,756,755,758,-1,758,755,754,-1,74,76,585,-1,585,76,759,-1,585,759,740,-1,213,746,742,-1,740,759,742,-1,742,759,215,-1,742,215,213,-1,459,452,741,-1,741,452,739,-1,451,450,748,-1,748,450,750,-1,450,449,750,-1,750,449,753,-1,443,760,444,-1,444,760,761,-1,751,444,752,-1,752,444,761,-1,752,761,590,-1,590,761,591,-1,594,591,66,-1,66,591,67,-1,761,760,762,-1,763,764,765,-1,765,764,766,-1,765,766,762,-1,762,766,767,-1,762,767,761,-1,768,216,767,-1,767,216,218,-1,767,218,761,-1,761,218,769,-1,761,769,591,-1,591,769,69,-1,591,69,67,-1,768,767,770,-1,770,767,766,-1,70,72,590,-1,590,72,771,-1,590,771,752,-1,217,758,754,-1,752,771,754,-1,754,771,219,-1,754,219,217,-1,449,444,753,-1,753,444,751,-1,443,442,760,-1,760,442,762,-1,442,441,762,-1,762,441,765,-1,435,772,436,-1,436,772,773,-1,763,436,764,-1,764,436,773,-1,764,773,594,-1,594,773,595,-1,596,595,62,-1,62,595,63,-1,773,772,774,-1,775,776,777,-1,777,776,778,-1,777,778,774,-1,774,778,779,-1,774,779,773,-1,780,220,779,-1,779,220,222,-1,779,222,773,-1,773,222,781,-1,773,781,595,-1,595,781,65,-1,595,65,63,-1,780,779,782,-1,782,779,778,-1,66,68,594,-1,594,68,783,-1,594,783,764,-1,221,770,766,-1,764,783,766,-1,766,783,223,-1,766,223,221,-1,441,436,765,-1,765,436,763,-1,435,434,772,-1,772,434,774,-1,434,433,774,-1,774,433,777,-1,406,784,407,-1,407,784,785,-1,775,407,776,-1,776,407,785,-1,776,785,596,-1,596,785,600,-1,601,600,58,-1,58,600,59,-1,785,784,786,-1,787,788,789,-1,789,788,790,-1,789,790,786,-1,786,790,791,-1,786,791,785,-1,792,224,791,-1,791,224,226,-1,791,226,785,-1,785,226,793,-1,785,793,600,-1,600,793,61,-1,600,61,59,-1,792,791,794,-1,794,791,790,-1,62,64,596,-1,596,64,795,-1,596,795,776,-1,225,782,778,-1,776,795,778,-1,778,795,227,-1,778,227,225,-1,433,407,777,-1,777,407,775,-1,406,405,784,-1,784,405,786,-1,405,404,786,-1,786,404,789,-1,465,796,403,-1,403,796,797,-1,787,403,788,-1,788,403,797,-1,788,797,601,-1,601,797,602,-1,606,602,54,-1,54,602,55,-1,797,796,798,-1,799,800,801,-1,801,800,802,-1,801,802,798,-1,798,802,803,-1,798,803,797,-1,804,228,803,-1,803,228,230,-1,803,230,797,-1,797,230,805,-1,797,805,602,-1,602,805,57,-1,602,57,55,-1,804,803,806,-1,806,803,802,-1,58,60,601,-1,601,60,807,-1,601,807,788,-1,229,794,790,-1,788,807,790,-1,790,807,231,-1,790,231,229,-1,404,403,789,-1,789,403,787,-1,465,464,796,-1,796,464,798,-1,464,463,798,-1,798,463,801,-1,457,808,458,-1,458,808,809,-1,799,458,800,-1,800,458,809,-1,800,809,606,-1,606,809,607,-1,608,607,50,-1,50,607,51,-1,809,808,810,-1,811,812,813,-1,813,812,814,-1,813,814,810,-1,810,814,815,-1,810,815,809,-1,816,232,815,-1,815,232,234,-1,815,234,809,-1,809,234,817,-1,809,817,607,-1,607,817,53,-1,607,53,51,-1,816,815,818,-1,818,815,814,-1,54,56,606,-1,606,56,819,-1,606,819,800,-1,233,806,802,-1,800,819,802,-1,802,819,235,-1,802,235,233,-1,463,458,801,-1,801,458,799,-1,457,456,808,-1,808,456,810,-1,456,455,810,-1,810,455,813,-1,447,820,448,-1,448,820,821,-1,811,448,812,-1,812,448,821,-1,812,821,608,-1,608,821,612,-1,613,612,46,-1,46,612,47,-1,821,820,822,-1,823,824,825,-1,825,824,826,-1,825,826,822,-1,822,826,827,-1,822,827,821,-1,828,236,827,-1,827,236,238,-1,827,238,821,-1,821,238,829,-1,821,829,612,-1,612,829,49,-1,612,49,47,-1,828,827,830,-1,830,827,826,-1,50,52,608,-1,608,52,831,-1,608,831,812,-1,237,818,814,-1,812,831,814,-1,814,831,239,-1,814,239,237,-1,455,448,813,-1,813,448,811,-1,447,446,820,-1,820,446,822,-1,446,445,822,-1,822,445,825,-1,439,832,440,-1,440,832,833,-1,823,440,824,-1,824,440,833,-1,824,833,613,-1,613,833,614,-1,618,614,42,-1,42,614,43,-1,833,832,834,-1,835,836,837,-1,837,836,838,-1,837,838,834,-1,834,838,839,-1,834,839,833,-1,840,240,839,-1,839,240,242,-1,839,242,833,-1,833,242,841,-1,833,841,614,-1,614,841,45,-1,614,45,43,-1,840,839,842,-1,842,839,838,-1,46,48,613,-1,613,48,843,-1,613,843,824,-1,241,830,826,-1,824,843,826,-1,826,843,243,-1,826,243,241,-1,445,440,825,-1,825,440,823,-1,439,438,832,-1,832,438,834,-1,438,437,834,-1,834,437,837,-1,428,844,429,-1,429,844,845,-1,835,429,836,-1,836,429,845,-1,836,845,618,-1,618,845,619,-1,620,619,38,-1,38,619,39,-1,845,844,846,-1,847,848,849,-1,849,848,850,-1,849,850,846,-1,846,850,851,-1,846,851,845,-1,852,244,851,-1,851,244,246,-1,851,246,845,-1,845,246,853,-1,845,853,619,-1,619,853,41,-1,619,41,39,-1,852,851,854,-1,854,851,850,-1,42,44,618,-1,618,44,855,-1,618,855,836,-1,245,842,838,-1,836,855,838,-1,838,855,247,-1,838,247,245,-1,437,429,837,-1,837,429,835,-1,428,427,844,-1,844,427,846,-1,427,426,846,-1,846,426,849,-1,424,856,425,-1,425,856,857,-1,847,425,848,-1,848,425,857,-1,848,857,620,-1,620,857,624,-1,625,624,34,-1,34,624,35,-1,857,856,858,-1,859,860,861,-1,861,860,862,-1,861,862,858,-1,858,862,863,-1,858,863,857,-1,864,248,863,-1,863,248,250,-1,863,250,857,-1,857,250,865,-1,857,865,624,-1,624,865,37,-1,624,37,35,-1,864,863,866,-1,866,863,862,-1,38,40,620,-1,620,40,867,-1,620,867,848,-1,249,854,850,-1,848,867,850,-1,850,867,251,-1,850,251,249,-1,426,425,849,-1,849,425,847,-1,424,423,856,-1,856,423,858,-1,423,422,858,-1,858,422,861,-1,420,868,421,-1,421,868,869,-1,859,421,860,-1,860,421,869,-1,860,869,625,-1,625,869,626,-1,630,626,30,-1,30,626,31,-1,869,868,870,-1,871,872,873,-1,873,872,874,-1,873,874,870,-1,870,874,875,-1,870,875,869,-1,876,252,875,-1,875,252,254,-1,875,254,869,-1,869,254,877,-1,869,877,626,-1,626,877,33,-1,626,33,31,-1,876,875,878,-1,878,875,874,-1,34,36,625,-1,625,36,879,-1,625,879,860,-1,253,866,862,-1,860,879,862,-1,862,879,255,-1,862,255,253,-1,422,421,861,-1,861,421,859,-1,420,419,868,-1,868,419,870,-1,419,418,870,-1,870,418,873,-1,416,880,417,-1,417,880,881,-1,871,417,872,-1,872,417,881,-1,872,881,630,-1,630,881,631,-1,632,631,26,-1,26,631,27,-1,881,880,882,-1,883,884,885,-1,885,884,886,-1,885,886,882,-1,882,886,887,-1,882,887,881,-1,888,256,887,-1,887,256,258,-1,887,258,881,-1,881,258,889,-1,881,889,631,-1,631,889,29,-1,631,29,27,-1,888,887,890,-1,890,887,886,-1,30,32,630,-1,630,32,891,-1,630,891,872,-1,257,878,874,-1,872,891,874,-1,874,891,259,-1,874,259,257,-1,418,417,873,-1,873,417,871,-1,416,415,880,-1,880,415,882,-1,415,414,882,-1,882,414,885,-1,412,892,413,-1,413,892,893,-1,883,413,884,-1,884,413,893,-1,884,893,632,-1,632,893,636,-1,637,636,22,-1,22,636,23,-1,893,892,894,-1,895,896,897,-1,897,896,898,-1,897,898,894,-1,894,898,899,-1,894,899,893,-1,900,260,899,-1,899,260,262,-1,899,262,893,-1,893,262,901,-1,893,901,636,-1,636,901,25,-1,636,25,23,-1,900,899,902,-1,902,899,898,-1,26,28,632,-1,632,28,903,-1,632,903,884,-1,261,890,886,-1,884,903,886,-1,886,903,263,-1,886,263,261,-1,414,413,885,-1,885,413,883,-1,412,411,892,-1,892,411,894,-1,411,410,894,-1,894,410,897,-1,402,904,409,-1,409,904,905,-1,895,409,896,-1,896,409,905,-1,896,905,637,-1,637,905,638,-1,640,638,18,-1,18,638,19,-1,905,904,906,-1,907,908,909,-1,909,908,910,-1,909,910,906,-1,906,910,911,-1,906,911,905,-1,912,264,911,-1,911,264,266,-1,911,266,905,-1,905,266,913,-1,905,913,638,-1,638,913,21,-1,638,21,19,-1,912,911,914,-1,914,911,910,-1,22,24,637,-1,637,24,915,-1,637,915,896,-1,265,902,898,-1,896,915,898,-1,898,915,267,-1,898,267,265,-1,410,409,897,-1,897,409,895,-1,402,400,904,-1,904,400,906,-1,400,399,906,-1,906,399,909,-1,396,695,401,-1,401,695,694,-1,907,401,908,-1,908,401,694,-1,908,694,640,-1,640,694,641,-1,698,268,697,-1,697,268,270,-1,697,270,694,-1,694,270,916,-1,694,916,641,-1,641,916,648,-1,641,648,647,-1,18,20,640,-1,640,20,917,-1,640,917,908,-1,269,914,910,-1,908,917,910,-1,910,917,271,-1,910,271,269,-1,399,401,909,-1,909,401,907,-1,396,395,695,-1,695,395,696,-1,918,919,920,-1,920,919,921,-1,482,669,483,-1,483,669,668,-1,922,483,923,-1,923,483,668,-1,923,668,635,-1,635,668,639,-1,378,272,379,-1,379,272,274,-1,379,274,668,-1,668,274,924,-1,668,924,639,-1,639,924,101,-1,639,101,99,-1,103,102,634,-1,634,102,635,-1,925,926,927,-1,922,923,928,-1,928,923,921,-1,928,921,927,-1,927,921,919,-1,927,919,925,-1,102,104,635,-1,635,104,929,-1,635,929,923,-1,273,920,921,-1,923,929,921,-1,921,929,275,-1,921,275,273,-1,487,486,927,-1,927,486,928,-1,486,483,928,-1,928,483,922,-1,482,454,669,-1,669,454,670,-1,930,931,932,-1,932,931,933,-1,488,926,489,-1,489,926,925,-1,934,489,935,-1,935,489,925,-1,935,925,633,-1,633,925,634,-1,918,276,919,-1,919,276,278,-1,919,278,925,-1,925,278,936,-1,925,936,634,-1,634,936,105,-1,634,105,103,-1,107,106,629,-1,629,106,633,-1,937,938,939,-1,934,935,940,-1,940,935,933,-1,940,933,939,-1,939,933,931,-1,939,931,937,-1,106,108,633,-1,633,108,941,-1,633,941,935,-1,277,932,933,-1,935,941,933,-1,933,941,279,-1,933,279,277,-1,496,497,939,-1,939,497,940,-1,497,489,940,-1,940,489,934,-1,488,487,926,-1,926,487,927,-1,512,511,942,-1,942,511,943,-1,942,943,944,-1,944,943,945,-1,562,558,2,-1,2,558,0,-1,368,375,946,-1,947,3,946,-1,946,3,1,-1,946,1,368,-1,368,1,408,-1,368,408,394,-1,14,3,948,-1,948,3,947,-1,374,376,949,-1,949,376,15,-1,949,15,948,-1,948,15,14,-1,369,6,8,-1,369,8,370,-1,370,8,17,-1,370,17,371,-1,371,17,16,-1,371,16,372,-1,372,16,10,-1,372,10,373,-1,373,10,9,-1,373,9,377,-1,377,9,15,-1,377,15,376,-1,368,394,369,-1,369,394,281,-1,4,6,950,-1,950,6,369,-1,950,369,280,-1,280,369,281,-1,951,943,553,-1,553,943,511,-1,952,953,951,-1,951,953,954,-1,951,954,943,-1,943,954,945,-1,945,954,944,-1,944,954,955,-1,944,955,956,-1,563,562,11,-1,11,562,2,-1,957,958,959,-1,959,958,960,-1,498,961,499,-1,499,961,962,-1,963,499,964,-1,964,499,962,-1,964,962,616,-1,616,962,617,-1,621,617,118,-1,118,617,119,-1,962,961,965,-1,966,967,968,-1,968,967,969,-1,968,969,965,-1,965,969,970,-1,965,970,962,-1,971,282,970,-1,970,282,284,-1,970,284,962,-1,962,284,972,-1,962,972,617,-1,617,972,121,-1,617,121,119,-1,971,970,973,-1,973,970,969,-1,123,122,615,-1,615,122,616,-1,974,975,976,-1,963,964,977,-1,977,964,960,-1,977,960,976,-1,976,960,958,-1,976,958,974,-1,122,124,616,-1,616,124,978,-1,616,978,964,-1,283,959,960,-1,964,978,960,-1,960,978,285,-1,960,285,283,-1,514,515,976,-1,976,515,977,-1,515,499,977,-1,977,499,963,-1,498,492,961,-1,961,492,965,-1,492,491,965,-1,965,491,968,-1,503,979,490,-1,490,979,980,-1,966,490,967,-1,967,490,980,-1,967,980,621,-1,621,980,622,-1,623,622,114,-1,114,622,115,-1,980,979,981,-1,982,983,984,-1,984,983,985,-1,984,985,981,-1,981,985,986,-1,981,986,980,-1,987,286,986,-1,986,286,288,-1,986,288,980,-1,980,288,988,-1,980,988,622,-1,622,988,117,-1,622,117,115,-1,987,986,989,-1,989,986,985,-1,118,120,621,-1,621,120,990,-1,621,990,967,-1,287,973,969,-1,967,990,969,-1,969,990,289,-1,969,289,287,-1,491,490,968,-1,968,490,966,-1,503,504,979,-1,979,504,981,-1,504,505,981,-1,981,505,984,-1,493,991,494,-1,494,991,992,-1,982,494,983,-1,983,494,992,-1,983,992,623,-1,623,992,627,-1,628,627,110,-1,110,627,111,-1,992,991,993,-1,994,995,996,-1,996,995,997,-1,996,997,993,-1,993,997,998,-1,993,998,992,-1,999,290,998,-1,998,290,292,-1,998,292,992,-1,992,292,1000,-1,992,1000,627,-1,627,1000,113,-1,627,113,111,-1,999,998,1001,-1,1001,998,997,-1,114,116,623,-1,623,116,1002,-1,623,1002,983,-1,291,989,985,-1,983,1002,985,-1,985,1002,293,-1,985,293,291,-1,505,494,984,-1,984,494,982,-1,493,481,991,-1,991,481,993,-1,481,480,993,-1,993,480,996,-1,495,938,479,-1,479,938,937,-1,994,479,995,-1,995,479,937,-1,995,937,628,-1,628,937,629,-1,930,294,931,-1,931,294,296,-1,931,296,937,-1,937,296,1003,-1,937,1003,629,-1,629,1003,109,-1,629,109,107,-1,110,112,628,-1,628,112,1004,-1,628,1004,995,-1,295,1001,997,-1,995,1004,997,-1,997,1004,297,-1,997,297,295,-1,480,479,996,-1,996,479,994,-1,495,496,938,-1,938,496,939,-1,1005,1006,1007,-1,1007,1006,1008,-1,513,975,500,-1,500,975,974,-1,1009,500,1010,-1,1010,500,974,-1,1010,974,611,-1,611,974,615,-1,957,298,958,-1,958,298,300,-1,958,300,974,-1,974,300,1011,-1,974,1011,615,-1,615,1011,125,-1,615,125,123,-1,127,126,610,-1,610,126,611,-1,1012,1013,1014,-1,1009,1010,1015,-1,1015,1010,1008,-1,1015,1008,1014,-1,1014,1008,1006,-1,1014,1006,1012,-1,126,128,611,-1,611,128,1016,-1,611,1016,1010,-1,299,1007,1008,-1,1010,1016,1008,-1,1008,1016,301,-1,1008,301,299,-1,502,501,1014,-1,1014,501,1015,-1,501,500,1015,-1,1015,500,1009,-1,513,514,975,-1,975,514,976,-1,1017,1018,1019,-1,1019,1018,1020,-1,506,1013,507,-1,507,1013,1012,-1,1021,507,1022,-1,1022,507,1012,-1,1022,1012,609,-1,609,1012,610,-1,1005,302,1006,-1,1006,302,304,-1,1006,304,1012,-1,1012,304,1023,-1,1012,1023,610,-1,610,1023,129,-1,610,129,127,-1,131,130,605,-1,605,130,609,-1,1024,1025,1026,-1,1021,1022,1027,-1,1027,1022,1020,-1,1027,1020,1026,-1,1026,1020,1018,-1,1026,1018,1024,-1,130,132,609,-1,609,132,1028,-1,609,1028,1022,-1,303,1019,1020,-1,1022,1028,1020,-1,1020,1028,305,-1,1020,305,303,-1,519,518,1026,-1,1026,518,1027,-1,518,507,1027,-1,1027,507,1021,-1,506,502,1013,-1,1013,502,1014,-1,555,1029,554,-1,554,1029,1030,-1,952,554,953,-1,953,554,1030,-1,953,1030,563,-1,563,1030,564,-1,568,564,170,-1,170,564,171,-1,1030,1029,1031,-1,1032,1033,1034,-1,1034,1033,1035,-1,1034,1035,1031,-1,1031,1035,1036,-1,1031,1036,1030,-1,1037,306,1036,-1,1036,306,308,-1,1036,308,1030,-1,1030,308,1038,-1,1030,1038,564,-1,564,1038,173,-1,564,173,171,-1,1037,1036,1039,-1,1039,1036,1035,-1,11,12,563,-1,563,12,1040,-1,563,1040,953,-1,307,955,954,-1,953,1040,954,-1,954,1040,309,-1,954,309,307,-1,553,554,951,-1,951,554,952,-1,555,556,1029,-1,1029,556,1031,-1,556,557,1031,-1,1031,557,1034,-1,548,1041,549,-1,549,1041,1042,-1,1032,549,1033,-1,1033,549,1042,-1,1033,1042,568,-1,568,1042,569,-1,570,569,166,-1,166,569,167,-1,1042,1041,1043,-1,1044,1045,1046,-1,1046,1045,1047,-1,1046,1047,1043,-1,1043,1047,1048,-1,1043,1048,1042,-1,1049,310,1048,-1,1048,310,312,-1,1048,312,1042,-1,1042,312,1050,-1,1042,1050,569,-1,569,1050,169,-1,569,169,167,-1,1049,1048,1051,-1,1051,1048,1047,-1,170,172,568,-1,568,172,1052,-1,568,1052,1033,-1,311,1039,1035,-1,1033,1052,1035,-1,1035,1052,313,-1,1035,313,311,-1,557,549,1034,-1,1034,549,1032,-1,548,547,1041,-1,1041,547,1043,-1,547,546,1043,-1,1043,546,1046,-1,550,1053,545,-1,545,1053,1054,-1,1044,545,1045,-1,1045,545,1054,-1,1045,1054,570,-1,570,1054,574,-1,575,574,162,-1,162,574,163,-1,1054,1053,1055,-1,1056,1057,1058,-1,1058,1057,1059,-1,1058,1059,1055,-1,1055,1059,1060,-1,1055,1060,1054,-1,1061,314,1060,-1,1060,314,316,-1,1060,316,1054,-1,1054,316,1062,-1,1054,1062,574,-1,574,1062,165,-1,574,165,163,-1,1061,1060,1063,-1,1063,1060,1059,-1,166,168,570,-1,570,168,1064,-1,570,1064,1045,-1,315,1051,1047,-1,1045,1064,1047,-1,1047,1064,317,-1,1047,317,315,-1,546,545,1046,-1,1046,545,1044,-1,550,551,1053,-1,1053,551,1055,-1,551,552,1055,-1,1055,552,1058,-1,540,1065,541,-1,541,1065,1066,-1,1056,541,1057,-1,1057,541,1066,-1,1057,1066,575,-1,575,1066,576,-1,580,576,158,-1,158,576,159,-1,1066,1065,1067,-1,1068,1069,1070,-1,1070,1069,1071,-1,1070,1071,1067,-1,1067,1071,1072,-1,1067,1072,1066,-1,1073,318,1072,-1,1072,318,320,-1,1072,320,1066,-1,1066,320,1074,-1,1066,1074,576,-1,576,1074,161,-1,576,161,159,-1,1073,1072,1075,-1,1075,1072,1071,-1,162,164,575,-1,575,164,1076,-1,575,1076,1057,-1,319,1063,1059,-1,1057,1076,1059,-1,1059,1076,321,-1,1059,321,319,-1,552,541,1058,-1,1058,541,1056,-1,540,539,1065,-1,1065,539,1067,-1,539,538,1067,-1,1067,538,1070,-1,542,1077,537,-1,537,1077,1078,-1,1068,537,1069,-1,1069,537,1078,-1,1069,1078,580,-1,580,1078,581,-1,582,581,154,-1,154,581,155,-1,1078,1077,1079,-1,1080,1081,1082,-1,1082,1081,1083,-1,1082,1083,1079,-1,1079,1083,1084,-1,1079,1084,1078,-1,1085,322,1084,-1,1084,322,324,-1,1084,324,1078,-1,1078,324,1086,-1,1078,1086,581,-1,581,1086,157,-1,581,157,155,-1,1085,1084,1087,-1,1087,1084,1083,-1,158,160,580,-1,580,160,1088,-1,580,1088,1069,-1,323,1075,1071,-1,1069,1088,1071,-1,1071,1088,325,-1,1071,325,323,-1,538,537,1070,-1,1070,537,1068,-1,542,543,1077,-1,1077,543,1079,-1,543,544,1079,-1,1079,544,1082,-1,532,1089,533,-1,533,1089,1090,-1,1080,533,1081,-1,1081,533,1090,-1,1081,1090,582,-1,582,1090,586,-1,587,586,150,-1,150,586,151,-1,1090,1089,1091,-1,1092,1093,1094,-1,1094,1093,1095,-1,1094,1095,1091,-1,1091,1095,1096,-1,1091,1096,1090,-1,1097,326,1096,-1,1096,326,328,-1,1096,328,1090,-1,1090,328,1098,-1,1090,1098,586,-1,586,1098,153,-1,586,153,151,-1,1097,1096,1099,-1,1099,1096,1095,-1,154,156,582,-1,582,156,1100,-1,582,1100,1081,-1,327,1087,1083,-1,1081,1100,1083,-1,1083,1100,329,-1,1083,329,327,-1,544,533,1082,-1,1082,533,1080,-1,532,531,1089,-1,1089,531,1091,-1,531,530,1091,-1,1091,530,1094,-1,534,1101,529,-1,529,1101,1102,-1,1092,529,1093,-1,1093,529,1102,-1,1093,1102,587,-1,587,1102,588,-1,597,588,146,-1,146,588,147,-1,1102,1101,1103,-1,1104,1105,1106,-1,1106,1105,1107,-1,1106,1107,1103,-1,1103,1107,1108,-1,1103,1108,1102,-1,1109,330,1108,-1,1108,330,332,-1,1108,332,1102,-1,1102,332,1110,-1,1102,1110,588,-1,588,1110,149,-1,588,149,147,-1,1109,1108,1111,-1,1111,1108,1107,-1,150,152,587,-1,587,152,1112,-1,587,1112,1093,-1,331,1099,1095,-1,1093,1112,1095,-1,1095,1112,333,-1,1095,333,331,-1,530,529,1094,-1,1094,529,1092,-1,534,535,1101,-1,1101,535,1103,-1,535,536,1103,-1,1103,536,1106,-1,524,1113,525,-1,525,1113,1114,-1,1104,525,1105,-1,1105,525,1114,-1,1105,1114,597,-1,597,1114,598,-1,599,598,142,-1,142,598,143,-1,1114,1113,1115,-1,1116,1117,1118,-1,1118,1117,1119,-1,1118,1119,1115,-1,1115,1119,1120,-1,1115,1120,1114,-1,1121,334,1120,-1,1120,334,336,-1,1120,336,1114,-1,1114,336,1122,-1,1114,1122,598,-1,598,1122,145,-1,598,145,143,-1,1121,1120,1123,-1,1123,1120,1119,-1,146,148,597,-1,597,148,1124,-1,597,1124,1105,-1,335,1111,1107,-1,1105,1124,1107,-1,1107,1124,337,-1,1107,337,335,-1,536,525,1106,-1,1106,525,1104,-1,524,523,1113,-1,1113,523,1115,-1,523,522,1115,-1,1115,522,1118,-1,526,1125,521,-1,521,1125,1126,-1,1116,521,1117,-1,1117,521,1126,-1,1117,1126,599,-1,599,1126,592,-1,593,592,138,-1,138,592,139,-1,1126,1125,1127,-1,1128,1129,1130,-1,1130,1129,1131,-1,1130,1131,1127,-1,1127,1131,1132,-1,1127,1132,1126,-1,1133,338,1132,-1,1132,338,340,-1,1132,340,1126,-1,1126,340,1134,-1,1126,1134,592,-1,592,1134,141,-1,592,141,139,-1,1133,1132,1135,-1,1135,1132,1131,-1,142,144,599,-1,599,144,1136,-1,599,1136,1117,-1,339,1123,1119,-1,1117,1136,1119,-1,1119,1136,341,-1,1119,341,339,-1,522,521,1118,-1,1118,521,1116,-1,526,527,1125,-1,1125,527,1127,-1,527,528,1127,-1,1127,528,1130,-1,516,1137,517,-1,517,1137,1138,-1,1128,517,1129,-1,1129,517,1138,-1,1129,1138,593,-1,593,1138,603,-1,604,603,134,-1,134,603,135,-1,1138,1137,1139,-1,1140,1141,1142,-1,1142,1141,1143,-1,1142,1143,1139,-1,1139,1143,1144,-1,1139,1144,1138,-1,1145,342,1144,-1,1144,342,344,-1,1144,344,1138,-1,1138,344,1146,-1,1138,1146,603,-1,603,1146,137,-1,603,137,135,-1,1145,1144,1147,-1,1147,1144,1143,-1,138,140,593,-1,593,140,1148,-1,593,1148,1129,-1,343,1135,1131,-1,1129,1148,1131,-1,1131,1148,345,-1,1131,345,343,-1,528,517,1130,-1,1130,517,1128,-1,516,510,1137,-1,1137,510,1139,-1,510,509,1139,-1,1139,509,1142,-1,520,1025,508,-1,508,1025,1024,-1,1140,508,1141,-1,1141,508,1024,-1,1141,1024,604,-1,604,1024,605,-1,1017,346,1018,-1,1018,346,348,-1,1018,348,1024,-1,1024,348,1149,-1,1024,1149,605,-1,605,1149,133,-1,605,133,131,-1,134,136,604,-1,604,136,1150,-1,604,1150,1141,-1,347,1147,1143,-1,1141,1150,1143,-1,1143,1150,349,-1,1143,349,347,-1,509,508,1142,-1,1142,508,1140,-1,520,519,1025,-1,1025,519,1026,-1,185,178,956,-1,956,178,944,-1,393,1151,176,-1,176,1151,177,-1,947,946,942,-1,177,1151,949,-1,944,178,177,-1,942,944,947,-1,947,944,177,-1,947,177,948,-1,948,177,949,-1,942,946,375,-1,949,1151,374,-1,374,1151,393,-1,374,393,375,-1,375,393,512,-1,375,512,942,-1,699,686,184,-1,184,686,183,-1,690,689,1152,-1,182,183,686,-1,1152,182,690,-1,690,182,686,-1,690,686,691,-1,691,686,685,-1,691,685,692,-1,1152,390,182,-1,182,390,180,-1,692,685,358,-1,358,685,391,-1,358,391,359,-1,359,391,390,-1,359,390,689,-1,689,390,1152,-1,185,956,955,-1,314,1061,1063,-1,322,1085,1087,-1,330,1109,1111,-1,338,1133,1135,-1,286,987,989,-1,290,999,1001,-1,196,708,710,-1,200,720,722,-1,212,756,758,-1,236,828,830,-1,244,852,854,-1,264,912,914,-1,1037,1039,306,-1,306,1039,311,-1,955,307,185,-1,185,307,306,-1,185,306,184,-1,184,306,311,-1,184,311,310,-1,319,318,184,-1,1063,319,314,-1,314,319,184,-1,314,184,315,-1,315,184,310,-1,315,310,1051,-1,1051,310,1049,-1,184,295,294,-1,327,326,184,-1,930,932,294,-1,294,932,277,-1,294,277,184,-1,184,277,276,-1,184,205,204,-1,1087,327,322,-1,322,327,184,-1,322,184,323,-1,323,184,318,-1,323,318,1075,-1,1075,318,1073,-1,918,920,276,-1,276,920,273,-1,276,273,184,-1,184,273,272,-1,732,734,204,-1,204,734,209,-1,204,209,184,-1,184,209,208,-1,217,216,184,-1,768,770,216,-1,216,770,221,-1,216,221,184,-1,184,221,220,-1,780,782,220,-1,220,782,225,-1,220,225,184,-1,184,225,224,-1,792,794,224,-1,224,794,229,-1,224,229,184,-1,184,229,228,-1,804,806,228,-1,228,806,233,-1,228,233,184,-1,184,233,232,-1,241,240,184,-1,335,334,184,-1,378,380,272,-1,272,380,187,-1,272,187,184,-1,184,187,186,-1,744,746,208,-1,208,746,213,-1,208,213,184,-1,184,213,212,-1,184,212,217,-1,217,212,758,-1,816,818,232,-1,232,818,237,-1,232,237,184,-1,184,237,236,-1,184,236,241,-1,241,236,830,-1,698,699,268,-1,268,699,184,-1,268,184,269,-1,249,248,184,-1,1111,335,330,-1,330,335,184,-1,330,184,331,-1,331,184,326,-1,331,326,1099,-1,1099,326,1097,-1,665,667,186,-1,186,667,191,-1,186,191,184,-1,184,191,190,-1,722,205,200,-1,200,205,184,-1,200,184,201,-1,854,249,244,-1,244,249,184,-1,244,184,245,-1,245,184,240,-1,245,240,842,-1,842,240,840,-1,343,342,184,-1,681,683,190,-1,190,683,197,-1,190,197,184,-1,184,197,196,-1,184,196,201,-1,201,196,710,-1,1135,343,338,-1,338,343,184,-1,338,184,339,-1,339,184,334,-1,339,334,1123,-1,1123,334,1121,-1,864,866,248,-1,248,866,253,-1,248,253,184,-1,184,253,252,-1,876,878,252,-1,252,878,257,-1,252,257,184,-1,184,257,256,-1,1145,1147,342,-1,342,1147,347,-1,342,347,184,-1,184,347,346,-1,1017,1019,346,-1,346,1019,303,-1,346,303,184,-1,184,303,302,-1,888,890,256,-1,256,890,261,-1,256,261,184,-1,184,261,260,-1,1005,1007,302,-1,302,1007,299,-1,302,299,184,-1,184,299,298,-1,900,902,260,-1,260,902,265,-1,260,265,184,-1,184,265,264,-1,184,264,269,-1,269,264,914,-1,957,959,298,-1,298,959,283,-1,298,283,184,-1,184,283,282,-1,1001,295,290,-1,290,295,184,-1,290,184,291,-1,971,973,282,-1,282,973,287,-1,282,287,184,-1,184,287,286,-1,184,286,291,-1,291,286,989,-1,353,1153,352,-1,352,1153,7,-1,352,7,5,-1,13,7,1154,-1,1154,7,1153,-1,1154,1153,1155,-1,1155,1153,351,-1,351,1153,353,-1,1156,1157,1158,-1,1158,1157,643,-1,1158,643,651,-1,644,643,356,-1,356,643,1157,-1,356,1157,354,-1,1157,1156,354,-1,354,1156,355,-1,96,97,684,-1,684,97,666,-1,924,672,101,-1,101,672,100,-1,92,93,711,-1,711,93,682,-1,88,89,723,-1,723,89,709,-1,84,85,735,-1,735,85,721,-1,80,81,747,-1,747,81,733,-1,76,77,759,-1,759,77,745,-1,72,73,771,-1,771,73,757,-1,68,69,783,-1,783,69,769,-1,64,65,795,-1,795,65,781,-1,60,61,807,-1,807,61,793,-1,56,57,819,-1,819,57,805,-1,52,53,831,-1,831,53,817,-1,48,49,843,-1,843,49,829,-1,44,45,855,-1,855,45,841,-1,40,41,867,-1,867,41,853,-1,36,37,879,-1,879,37,865,-1,32,33,891,-1,891,33,877,-1,28,29,903,-1,903,29,889,-1,24,25,915,-1,915,25,901,-1,20,21,917,-1,917,21,913,-1,651,648,1158,-1,1158,648,916,-1,936,929,105,-1,105,929,104,-1,1003,941,109,-1,109,941,108,-1,120,121,990,-1,990,121,972,-1,1011,978,125,-1,125,978,124,-1,116,117,1002,-1,1002,117,988,-1,112,113,1004,-1,1004,113,1000,-1,1023,1016,129,-1,129,1016,128,-1,1149,1028,133,-1,133,1028,132,-1,172,173,1052,-1,1052,173,1038,-1,1154,1040,13,-1,13,1040,12,-1,168,169,1064,-1,1064,169,1050,-1,164,165,1076,-1,1076,165,1062,-1,160,161,1088,-1,1088,161,1074,-1,156,157,1100,-1,1100,157,1086,-1,152,153,1112,-1,1112,153,1098,-1,148,149,1124,-1,1124,149,1110,-1,144,145,1136,-1,1136,145,1122,-1,140,141,1148,-1,1148,141,1134,-1,136,137,1150,-1,1150,137,1146,-1,950,352,4,-1,4,352,5,-1,645,644,693,-1,693,644,356,-1,349,1150,1146,-1,329,1100,1086,-1,1154,350,174,-1,320,321,174,-1,174,350,280,-1,280,350,352,-1,280,352,950,-1,345,174,344,-1,344,174,179,-1,325,1088,1074,-1,194,693,356,-1,312,313,174,-1,194,356,179,-1,179,356,357,-1,179,357,1158,-1,179,300,301,-1,317,1064,1050,-1,1050,312,317,-1,317,312,174,-1,317,174,316,-1,316,174,321,-1,316,321,1062,-1,1062,321,1076,-1,1040,1154,309,-1,309,1154,174,-1,309,174,308,-1,308,174,313,-1,308,313,1038,-1,1038,313,1052,-1,199,711,682,-1,285,978,1011,-1,1016,1023,301,-1,301,1023,304,-1,301,304,179,-1,179,304,305,-1,337,1124,1110,-1,255,879,865,-1,279,941,1003,-1,1028,1149,305,-1,305,1149,348,-1,305,348,179,-1,179,348,349,-1,179,349,344,-1,344,349,1146,-1,247,855,841,-1,1074,320,325,-1,325,320,174,-1,325,174,324,-1,1148,1134,345,-1,345,1134,340,-1,345,340,174,-1,174,340,341,-1,174,332,333,-1,1136,1122,341,-1,341,1122,336,-1,341,336,174,-1,174,336,337,-1,174,337,332,-1,332,337,1110,-1,1112,1098,333,-1,333,1098,328,-1,333,328,174,-1,174,328,329,-1,174,329,324,-1,324,329,1086,-1,231,807,793,-1,783,769,223,-1,223,769,218,-1,223,218,179,-1,179,218,219,-1,795,781,227,-1,227,781,222,-1,179,192,193,-1,179,296,297,-1,271,179,270,-1,270,179,1158,-1,270,1158,916,-1,771,757,219,-1,219,757,214,-1,219,214,179,-1,179,214,215,-1,684,666,193,-1,193,666,188,-1,193,188,179,-1,179,188,189,-1,1004,1000,297,-1,297,1000,292,-1,297,292,179,-1,179,292,293,-1,759,745,215,-1,215,745,210,-1,215,210,179,-1,179,210,211,-1,917,913,271,-1,271,913,266,-1,271,266,179,-1,179,266,267,-1,672,924,189,-1,189,924,274,-1,189,274,179,-1,179,274,275,-1,1002,988,293,-1,293,988,288,-1,293,288,179,-1,179,288,289,-1,915,901,267,-1,267,901,262,-1,267,262,179,-1,179,262,263,-1,747,733,211,-1,211,733,206,-1,211,206,179,-1,179,206,207,-1,903,889,263,-1,263,889,258,-1,263,258,179,-1,179,258,259,-1,929,936,275,-1,275,936,278,-1,275,278,179,-1,179,278,279,-1,179,279,296,-1,296,279,1003,-1,990,972,289,-1,289,972,284,-1,289,284,179,-1,179,284,285,-1,179,285,300,-1,300,285,1011,-1,250,251,179,-1,735,721,207,-1,207,721,202,-1,207,202,179,-1,179,202,203,-1,865,250,255,-1,255,250,179,-1,255,179,254,-1,254,179,259,-1,254,259,877,-1,877,259,891,-1,682,192,199,-1,199,192,179,-1,199,179,198,-1,198,179,203,-1,198,203,709,-1,709,203,723,-1,242,243,179,-1,841,242,247,-1,247,242,179,-1,247,179,246,-1,246,179,251,-1,246,251,853,-1,853,251,867,-1,843,829,243,-1,243,829,238,-1,243,238,179,-1,179,238,239,-1,226,227,179,-1,179,227,222,-1,179,222,223,-1,831,817,239,-1,239,817,234,-1,239,234,179,-1,179,234,235,-1,793,226,231,-1,231,226,179,-1,231,179,230,-1,230,179,235,-1,230,235,805,-1,805,235,819,-1,
        ]
    }
}
Shape{
    appearance Appearance {
        material  Material 	{
            diffuseColor 0.792156862745098 0.8196078431372549 0.9333333333333333
            specularColor 0.396078431372549 0.4117647058823529 0.4666666666666667
            ambientIntensity 0.8244
            transparency 0.0
            shininess 0.5
        }
    }
    geometry IndexedFaceSet {
        ccw TRUE
        solid FALSE
        coord DEF co Coordinate {
            point [
                -4.3524 -0.0126 0.6969, -4.6476 -0.0126 0.6969, -4.3524 0.263 0.6969, -4.6476 0.263 0.6969, 4.6437 -0.0126 0.6969, 4.3484 -0.0126 0.6969, 4.6437 0.263 0.6969, 4.3484 0.263 0.6969
            ]
        }
        coordIndex [
            0,1,2,-1,2,1,3,-1,4,5,6,-1,6,5,7,-1,
        ]
    }
}
Shape{
    appearance Appearance {
        material  Material 	{
            diffuseColor 0.7529411764705882 0.7529411764705882 0.7529411764705882
            specularColor 0.3764705882352941 0.3764705882352941 0.3764705882352941
            ambientIntensity 0.7529
            transparency 0.0
            shininess 0.5
        }
    }
    geometry IndexedFaceSet {
        ccw TRUE
        solid FALSE
        coord DEF co Coordinate {
            point [
                -4.8051 -0.6279 0.0, -4.8051 -0.674 0.0, -4.8051 -0.6279 0.0787, -4.8051 -0.674 0.0787, -4.7469 -0.5695 0.0, -4.2539 -0.7134 0.0, -4.7616 -0.5821 0.0, -4.7657 -0.7134 0.0, -4.7789 -0.5908 0.0, -4.7288 -0.4973 0.0, -4.7357 -0.4793 0.0, -4.2539 -0.3197 0.0, -4.7469 -0.4635 0.0, -4.7657 -0.3197 0.0, -4.7616 -0.4509 0.0, -4.7789 -0.4423 0.0, -4.7854 -0.7081 0.0, -4.7936 -0.7019 0.0, -4.7998 -0.6937 0.0, -4.7949 -0.6014 0.0, -4.8004 -0.6093 0.0, -4.8039 -0.6183 0.0, -4.7875 -0.5951 0.0, -4.8038 -0.6842 0.0, -4.7357 -0.5538 0.0, -4.7288 -0.5357 0.0, -4.7264 -0.5165 0.0, -4.7759 -0.712 0.0, -4.8004 -0.4238 0.0, -4.7949 -0.4317 0.0, -4.7875 -0.438 0.0, -4.8039 -0.4148 0.0, -4.8051 -0.4052 0.0, -4.8051 -0.3591 0.0, -4.7998 -0.3394 0.0, -4.7936 -0.3312 0.0, -4.7854 -0.325 0.0, -4.8038 -0.3489 0.0, -4.7759 -0.321 0.0, -4.1358 -0.3197 0.1181, -4.1358 -0.7134 0.1181, -4.1388 -0.7134 0.0918, -4.1388 -0.3197 0.0918, -4.1475 -0.7134 0.0669, -4.1475 -0.3197 0.0669, -4.1616 -0.7134 0.0445, -4.1616 -0.3197 0.0445, -4.1803 -0.7134 0.0258, -4.1803 -0.3197 0.0258, -4.2027 -0.7134 0.0117, -4.2027 -0.3197 0.0117, -4.2277 -0.7134 0.003, -4.2277 -0.3197 0.003, -4.1358 0.3102 0.1181, -4.1358 0.3102 0.4016, -4.1358 -0.7134 0.4016, -4.2146 0.3102 0.4016, -4.2146 -0.7134 0.4016, -4.2146 0.3102 0.1181, -4.2146 -0.3197 0.1181, -4.2146 -0.7134 0.1181, -4.2539 -0.3197 0.0787, -4.2539 -0.7134 0.0787, -4.2437 -0.3197 0.0801, -4.2437 -0.7134 0.0801, -4.2343 -0.3197 0.084, -4.2343 -0.7134 0.084, -4.2261 -0.3197 0.0903, -4.2261 -0.7134 0.0903, -4.2198 -0.3197 0.0984, -4.2198 -0.7134 0.0984, -4.2159 -0.3197 0.1079, -4.2159 -0.7134 0.1079, -4.7469 -0.4635 0.0787, -4.7357 -0.4793 0.0787, -4.7657 -0.7134 0.0787, -4.7616 -0.5821 0.0787, -4.7789 -0.5908 0.0787, -4.7469 -0.5695 0.0787, -4.7357 -0.5538 0.0787, -4.7616 -0.4509 0.0787, -4.7657 -0.3197 0.0787, -4.7789 -0.4423 0.0787, -4.7288 -0.4973 0.0787, -4.7264 -0.5165 0.0787, -4.7288 -0.5357 0.0787, -4.7875 -0.5951 0.0787, -4.7949 -0.6014 0.0787, -4.8004 -0.6093 0.0787, -4.8039 -0.6183 0.0787, -4.8038 -0.3489 0.0787, -4.8051 -0.3591 0.0787, -4.7998 -0.6937 0.0787, -4.7936 -0.7019 0.0787, -4.7854 -0.7081 0.0787, -4.7854 -0.325 0.0787, -4.7936 -0.3312 0.0787, -4.7998 -0.3394 0.0787, -4.8051 -0.4052 0.0787, -4.8039 -0.4148 0.0787, -4.8004 -0.4238 0.0787, -4.7949 -0.4317 0.0787, -4.7875 -0.438 0.0787, -4.8038 -0.6842 0.0787, -4.7759 -0.712 0.0787, -4.7759 -0.321 0.0787
            ]
        }
        coordIndex [
            0,1,2,-1,2,1,3,-1,4,5,6,-1,6,5,7,-1,6,7,8,-1,9,10,11,-1,11,10,12,-1,11,12,13,-1,13,12,14,-1,13,14,15,-1,16,17,18,-1,19,0,20,-1,20,0,21,-1,19,22,0,-1,0,22,8,-1,0,8,1,-1,1,8,7,-1,1,7,23,-1,4,24,5,-1,5,24,25,-1,5,25,11,-1,11,25,26,-1,11,26,9,-1,23,7,18,-1,18,7,27,-1,18,27,16,-1,28,15,29,-1,29,15,30,-1,28,31,15,-1,15,31,32,-1,15,32,13,-1,13,32,33,-1,34,35,36,-1,33,37,13,-1,13,37,34,-1,13,34,38,-1,38,34,36,-1,39,40,41,-1,39,41,42,-1,42,41,43,-1,42,43,44,-1,44,43,45,-1,44,45,46,-1,46,45,47,-1,46,47,48,-1,48,47,49,-1,48,49,50,-1,50,49,51,-1,50,51,52,-1,52,51,5,-1,52,5,11,-1,53,54,39,-1,39,54,55,-1,39,55,40,-1,54,56,55,-1,55,56,57,-1,56,58,57,-1,57,58,59,-1,57,59,60,-1,61,62,63,-1,63,62,64,-1,63,64,65,-1,65,64,66,-1,65,66,67,-1,67,66,68,-1,67,68,69,-1,69,68,70,-1,69,70,71,-1,71,70,72,-1,71,72,59,-1,59,72,60,-1,73,74,61,-1,75,76,77,-1,76,75,78,-1,78,75,62,-1,78,62,79,-1,73,61,80,-1,80,61,81,-1,80,81,82,-1,74,83,61,-1,61,83,84,-1,61,84,62,-1,62,84,85,-1,62,85,79,-1,86,87,2,-1,2,87,88,-1,2,88,89,-1,3,75,2,-1,2,75,77,-1,2,77,86,-1,90,91,81,-1,92,93,94,-1,95,96,97,-1,81,91,82,-1,82,91,98,-1,82,98,99,-1,99,100,82,-1,82,100,101,-1,82,101,102,-1,3,103,75,-1,75,103,92,-1,75,92,104,-1,104,92,94,-1,90,81,97,-1,97,81,105,-1,97,105,95,-1,33,32,91,-1,91,32,98,-1,55,57,40,-1,40,57,60,-1,40,60,41,-1,41,60,72,-1,41,72,43,-1,43,72,70,-1,43,70,45,-1,45,70,68,-1,45,68,47,-1,47,68,66,-1,75,7,62,-1,62,7,5,-1,62,5,64,-1,64,5,51,-1,64,51,66,-1,66,51,49,-1,66,49,47,-1,8,77,6,-1,6,77,76,-1,6,76,4,-1,4,76,78,-1,4,78,24,-1,24,78,79,-1,24,79,25,-1,25,79,85,-1,25,85,26,-1,26,85,84,-1,26,84,9,-1,9,84,83,-1,9,83,10,-1,10,83,74,-1,10,74,12,-1,12,74,73,-1,12,73,14,-1,14,73,80,-1,14,80,15,-1,15,80,82,-1,59,39,71,-1,71,39,42,-1,71,42,69,-1,69,42,44,-1,69,44,67,-1,13,81,11,-1,11,81,61,-1,11,61,52,-1,52,61,63,-1,52,63,50,-1,50,63,65,-1,50,65,48,-1,48,65,67,-1,48,67,46,-1,46,67,44,-1,59,58,39,-1,39,58,53,-1,7,75,104,-1,7,104,27,-1,27,104,94,-1,27,94,16,-1,16,94,93,-1,16,93,17,-1,17,93,92,-1,17,92,18,-1,18,92,103,-1,18,103,23,-1,23,103,3,-1,23,3,1,-1,15,82,102,-1,15,102,30,-1,30,102,101,-1,30,101,29,-1,29,101,100,-1,29,100,28,-1,28,100,99,-1,28,99,31,-1,31,99,98,-1,31,98,32,-1,0,2,89,-1,0,89,21,-1,21,89,88,-1,21,88,20,-1,20,88,87,-1,20,87,19,-1,19,87,86,-1,19,86,22,-1,22,86,77,-1,22,77,8,-1,81,13,38,-1,81,38,105,-1,105,38,36,-1,105,36,95,-1,95,36,35,-1,95,35,96,-1,96,35,34,-1,96,34,97,-1,97,34,37,-1,97,37,90,-1,90,37,33,-1,90,33,91,-1,58,56,53,-1,53,56,54,-1,
        ]
    }
}
Shape{
    appearance Appearance {
        material  Material 	{
            diffuseColor 0.0 0.0 0.0
            specularColor 0.0 0.0 0.0
            ambientIntensity 0.0
            transparency 0.0
            shininess 0.5
        }
    }
    geometry IndexedFaceSet {
        ccw TRUE
        solid FALSE
        coord DEF co Coordinate {
            point [
                4.8051 -0.2514 0.3377, 4.8051 -0.2514 0.3286, 4.8012 -0.2514 0.3377, 4.8012 -0.2514 0.3286, 4.8051 -0.2833 0.3377, 4.8012 -0.2833 0.3377, 4.8051 -0.2833 0.4087, 4.8012 -0.2833 0.4087, 4.8051 -0.2936 0.4087, 4.8012 -0.2936 0.4087, 4.8051 -0.2936 0.3286, 4.8012 -0.2936 0.3286, 4.8051 -0.2104 0.3273, 4.8012 -0.2104 0.3273, 4.8012 -0.2055 0.3274, 4.8051 -0.2055 0.3274, 4.8012 -0.2009 0.3279, 4.8051 -0.2009 0.3279, 4.8012 -0.1968 0.3287, 4.8051 -0.1968 0.3287, 4.8012 -0.1931 0.3298, 4.8051 -0.1931 0.3298, 4.8012 -0.1898 0.3311, 4.8051 -0.1898 0.3311, 4.8012 -0.1882 0.3319, 4.8051 -0.1882 0.3319, 4.8051 -0.1882 0.3418, 4.8012 -0.1882 0.3418, 4.8012 -0.1912 0.3402, 4.8051 -0.1912 0.3402, 4.8012 -0.1944 0.3389, 4.8051 -0.1944 0.3389, 4.8012 -0.1978 0.3378, 4.8051 -0.1978 0.3378, 4.8012 -0.2013 0.3371, 4.8051 -0.2013 0.3371, 4.8012 -0.2051 0.3366, 4.8051 -0.2051 0.3366, 4.8012 -0.2089 0.3365, 4.8051 -0.2089 0.3365, 4.8012 -0.2124 0.3366, 4.8051 -0.2124 0.3366, 4.8012 -0.2156 0.3371, 4.8051 -0.2156 0.3371, 4.8012 -0.2187 0.338, 4.8051 -0.2187 0.338, 4.8012 -0.2214 0.3391, 4.8051 -0.2214 0.3391, 4.8012 -0.224 0.3405, 4.8051 -0.224 0.3405, 4.8012 -0.2264 0.3421, 4.8051 -0.2264 0.3421, 4.8012 -0.2287 0.3441, 4.8051 -0.2287 0.3441, 4.8012 -0.2294 0.3449, 4.8051 -0.2294 0.3449, 4.8012 -0.2314 0.3473, 4.8051 -0.2314 0.3473, 4.8012 -0.233 0.3498, 4.8051 -0.233 0.3498, 4.8012 -0.2344 0.3525, 4.8051 -0.2344 0.3525, 4.8012 -0.2356 0.3555, 4.8051 -0.2356 0.3555, 4.8012 -0.2364 0.3588, 4.8051 -0.2364 0.3588, 4.8012 -0.237 0.3623, 4.8051 -0.237 0.3623, 4.8012 -0.2373 0.3661, 4.8051 -0.2373 0.3661, 4.8012 -0.2373 0.3678, 4.8051 -0.2373 0.3678, 4.8012 -0.2371 0.3719, 4.8051 -0.2371 0.3719, 4.8012 -0.2366 0.3758, 4.8051 -0.2366 0.3758, 4.8012 -0.2358 0.3793, 4.8051 -0.2358 0.3793, 4.8012 -0.2347 0.3826, 4.8051 -0.2347 0.3826, 4.8012 -0.2334 0.3855, 4.8051 -0.2334 0.3855, 4.8012 -0.2317 0.3883, 4.8051 -0.2317 0.3883, 4.8012 -0.2298 0.3907, 4.8051 -0.2298 0.3907, 4.8012 -0.2289 0.3918, 4.8051 -0.2289 0.3918, 4.8012 -0.2266 0.394, 4.8051 -0.2266 0.394, 4.8012 -0.2241 0.3959, 4.8051 -0.2241 0.3959, 4.8012 -0.2215 0.3974, 4.8051 -0.2215 0.3974, 4.8012 -0.2187 0.3987, 4.8051 -0.2187 0.3987, 4.8012 -0.2158 0.3996, 4.8051 -0.2158 0.3996, 4.8012 -0.2126 0.4003, 4.8051 -0.2126 0.4003, 4.8012 -0.2093 0.4006, 4.8051 -0.2093 0.4006, 4.8012 -0.2071 0.4007, 4.8051 -0.2071 0.4007, 4.8012 -0.2032 0.4005, 4.8051 -0.2032 0.4005, 4.8012 -0.1995 0.4, 4.8051 -0.1995 0.4, 4.8012 -0.196 0.3992, 4.8051 -0.196 0.3992, 4.8012 -0.1926 0.398, 4.8051 -0.1926 0.398, 4.8012 -0.1894 0.3966, 4.8051 -0.1894 0.3966, 4.8012 -0.1882 0.396, 4.8051 -0.1882 0.396, 4.8051 -0.1882 0.4068, 4.8012 -0.1882 0.4068, 4.8012 -0.1913 0.4079, 4.8051 -0.1913 0.4079, 4.8012 -0.1947 0.4088, 4.8051 -0.1947 0.4088, 4.8012 -0.1985 0.4095, 4.8051 -0.1985 0.4095, 4.8012 -0.2029 0.4099, 4.8051 -0.2029 0.4099, 4.8012 -0.2072 0.41, 4.8051 -0.2072 0.41, 4.8012 -0.2113 0.4099, 4.8051 -0.2113 0.4099, 4.8012 -0.2153 0.4094, 4.8051 -0.2153 0.4094, 4.8012 -0.2191 0.4085, 4.8051 -0.2191 0.4085, 4.8012 -0.2226 0.4074, 4.8051 -0.2226 0.4074, 4.8012 -0.2259 0.406, 4.8051 -0.2259 0.406, 4.8012 -0.229 0.4043, 4.8051 -0.229 0.4043, 4.8012 -0.232 0.4023, 4.8051 -0.232 0.4023, 4.8012 -0.2348 0.3999, 4.8051 -0.2348 0.3999, 4.8012 -0.2366 0.3982, 4.8051 -0.2366 0.3982, 4.8012 -0.239 0.3955, 4.8051 -0.239 0.3955, 4.8012 -0.2412 0.3926, 4.8051 -0.2412 0.3926, 4.8012 -0.243 0.3895, 4.8051 -0.243 0.3895, 4.8012 -0.2446 0.3862, 4.8051 -0.2446 0.3862, 4.8012 -0.2459 0.3827, 4.8051 -0.2459 0.3827, 4.8012 -0.2469 0.379, 4.8051 -0.2469 0.379, 4.8012 -0.2476 0.3751, 4.8051 -0.2476 0.3751, 4.8012 -0.248 0.3709, 4.8051 -0.248 0.3709, 4.8012 -0.2481 0.3671, 4.8051 -0.2481 0.3671, 4.8012 -0.248 0.3626, 4.8051 -0.248 0.3626, 4.8012 -0.2475 0.3584, 4.8051 -0.2475 0.3584, 4.8012 -0.2467 0.3545, 4.8051 -0.2467 0.3545, 4.8012 -0.2456 0.3508, 4.8051 -0.2456 0.3508, 4.8012 -0.2442 0.3475, 4.8051 -0.2442 0.3475, 4.8012 -0.2425 0.3444, 4.8051 -0.2425 0.3444, 4.8012 -0.2406 0.3415, 4.8051 -0.2406 0.3415, 4.8012 -0.2385 0.3389, 4.8051 -0.2385 0.3389, 4.8012 -0.2379 0.3382, 4.8051 -0.2379 0.3382, 4.8012 -0.2354 0.3358, 4.8051 -0.2354 0.3358, 4.8012 -0.2327 0.3337, 4.8051 -0.2327 0.3337, 4.8012 -0.2299 0.3319, 4.8051 -0.2299 0.3319, 4.8012 -0.2269 0.3304, 4.8051 -0.2269 0.3304, 4.8012 -0.2237 0.3292, 4.8051 -0.2237 0.3292, 4.8012 -0.2203 0.3283, 4.8051 -0.2203 0.3283, 4.8012 -0.2166 0.3277, 4.8051 -0.2166 0.3277, 4.8012 -0.2127 0.3273, 4.8051 -0.2127 0.3273, 4.8051 -0.1291 0.3377, 4.8051 -0.1291 0.3286, 4.8012 -0.1291 0.3377, 4.8012 -0.1291 0.3286, 4.8051 -0.1618 0.3377, 4.8012 -0.1618 0.3377, 4.8051 -0.1618 0.3647, 4.8012 -0.1618 0.3647, 4.8051 -0.1332 0.3647, 4.8012 -0.1332 0.3647, 4.8051 -0.1332 0.3739, 4.8012 -0.1332 0.3739, 4.8051 -0.1618 0.3739, 4.8012 -0.1618 0.3739, 4.8051 -0.1618 0.3995, 4.8012 -0.1618 0.3995, 4.8051 -0.1309 0.3995, 4.8012 -0.1309 0.3995, 4.8051 -0.1309 0.4087, 4.8012 -0.1309 0.4087, 4.8051 -0.1722 0.4087, 4.8012 -0.1722 0.4087, 4.8051 -0.1722 0.3286, 4.8012 -0.1722 0.3286, 4.8051 -0.0771 0.3403, 4.8051 -0.0716 0.3327, 4.8051 -0.0742 0.3417, 4.8051 -0.0683 0.3344, 4.8051 -0.0716 0.3433, 4.8051 -0.0651 0.3364, 4.8051 -0.0692 0.3452, 4.8051 -0.0622 0.3386, 4.8051 -0.0682 0.3461, 4.8051 -0.0609 0.3398, 4.8051 -0.0662 0.3483, 4.8051 -0.0583 0.3424, 4.8051 -0.0644 0.3507, 4.8051 -0.0561 0.3452, 4.8051 -0.063 0.3533, 4.8051 -0.0541 0.3482, 4.8051 -0.0618 0.3562, 4.8051 -0.0603 0.3771, 4.8051 -0.0503 0.3813, 4.8051 -0.0611 0.3804, 4.8051 -0.0514 0.3847, 4.8051 -0.0622 0.3834, 4.8051 -0.0528 0.3879, 4.8051 -0.0636 0.3861, 4.8051 -0.0545 0.3908, 4.8051 -0.0651 0.3885, 4.8051 -0.0565 0.3936, 4.8051 -0.0588 0.3962, 4.8051 -0.067 0.3906, 4.8051 -0.0609 0.3981, 4.8051 -0.0684 0.3919, 4.8051 -0.0638 0.4005, 4.8051 -0.0709 0.3938, 4.8051 -0.067 0.4025, 4.8051 -0.0736 0.3955, 4.8051 -0.0703 0.4043, 4.8051 -0.0765 0.3968, 4.8051 -0.0737 0.4058, 4.8051 -0.0796 0.3979, 4.8051 -0.0774 0.4069, 4.8051 -0.083 0.3987, 4.8051 -0.0812 0.4078, 4.8051 -0.0867 0.3992, 4.8051 -0.0853 0.4084, 4.8051 -0.0906 0.3995, 4.8051 -0.0897 0.4087, 4.8051 -0.0915 0.3995, 4.8051 -0.0911 0.4087, 4.8051 -0.1036 0.3995, 4.8051 -0.114 0.4087, 4.8051 -0.1036 0.3377, 4.8051 -0.114 0.3286, 4.8051 -0.092 0.3377, 4.8051 -0.092 0.3286, 4.8051 -0.0878 0.3379, 4.8051 -0.0874 0.3288, 4.8051 -0.0839 0.3384, 4.8051 -0.083 0.3293, 4.8051 -0.0803 0.3392, 4.8051 -0.0789 0.3301, 4.8051 -0.0751 0.3312, 4.8051 -0.0525 0.3513, 4.8051 -0.0512 0.3546, 4.8051 -0.0608 0.3593, 4.8051 -0.0501 0.3581, 4.8051 -0.0601 0.3627, 4.8051 -0.0494 0.3619, 4.8051 -0.0597 0.3664, 4.8051 -0.0489 0.3658, 4.8051 -0.0597 0.3694, 4.8051 -0.0488 0.3697, 4.8051 -0.0598 0.3734, 4.8051 -0.049 0.3738, 4.8051 -0.0495 0.3777, 4.8012 -0.0709 0.3938, 4.8012 -0.0638 0.4005, 4.8012 -0.0684 0.3919, 4.8012 -0.0609 0.3981, 4.8012 -0.067 0.3906, 4.8012 -0.0588 0.3962, 4.8012 -0.0651 0.3885, 4.8012 -0.0565 0.3936, 4.8012 -0.0636 0.3861, 4.8012 -0.0545 0.3908, 4.8012 -0.0622 0.3834, 4.8012 -0.0528 0.3879, 4.8012 -0.0611 0.3804, 4.8012 -0.0742 0.3417, 4.8012 -0.0716 0.3327, 4.8012 -0.0771 0.3403, 4.8012 -0.0751 0.3312, 4.8012 -0.0803 0.3392, 4.8012 -0.0789 0.3301, 4.8012 -0.0839 0.3384, 4.8012 -0.083 0.3293, 4.8012 -0.0878 0.3379, 4.8012 -0.0874 0.3288, 4.8012 -0.092 0.3377, 4.8012 -0.092 0.3286, 4.8012 -0.1036 0.3377, 4.8012 -0.114 0.3286, 4.8012 -0.1036 0.3995, 4.8012 -0.114 0.4087, 4.8012 -0.0915 0.3995, 4.8012 -0.0911 0.4087, 4.8012 -0.0906 0.3995, 4.8012 -0.0897 0.4087, 4.8012 -0.0867 0.3992, 4.8012 -0.0853 0.4084, 4.8012 -0.083 0.3987, 4.8012 -0.0812 0.4078, 4.8012 -0.0796 0.3979, 4.8012 -0.0774 0.4069, 4.8012 -0.0765 0.3968, 4.8012 -0.0737 0.4058, 4.8012 -0.0736 0.3955, 4.8012 -0.0703 0.4043, 4.8012 -0.067 0.4025, 4.8012 -0.0608 0.3593, 4.8012 -0.0512 0.3546, 4.8012 -0.0618 0.3562, 4.8012 -0.0525 0.3513, 4.8012 -0.063 0.3533, 4.8012 -0.0541 0.3482, 4.8012 -0.0644 0.3507, 4.8012 -0.0561 0.3452, 4.8012 -0.0662 0.3483, 4.8012 -0.0583 0.3424, 4.8012 -0.0682 0.3461, 4.8012 -0.0609 0.3398, 4.8012 -0.0692 0.3452, 4.8012 -0.0622 0.3386, 4.8012 -0.0716 0.3433, 4.8012 -0.0651 0.3364, 4.8012 -0.0683 0.3344, 4.8012 -0.0514 0.3847, 4.8012 -0.0503 0.3813, 4.8012 -0.0603 0.3771, 4.8012 -0.0495 0.3777, 4.8012 -0.0598 0.3734, 4.8012 -0.049 0.3738, 4.8012 -0.0597 0.3694, 4.8012 -0.0488 0.3697, 4.8012 -0.0597 0.3664, 4.8012 -0.0489 0.3658, 4.8012 -0.0601 0.3627, 4.8012 -0.0494 0.3619, 4.8012 -0.0501 0.3581, 4.8051 -0.022 0.3596, 4.8051 -0.0252 0.3505, 4.8051 0.0049 0.3596, 4.8051 0.0081 0.3505, 4.8051 -0.01 0.3928, 4.8051 -0.0139 0.4087, 4.8051 -0.0443 0.3286, 4.8051 -0.0329 0.3286, 4.8051 -0.0093 0.3952, 4.8051 -0.0087 0.3985, 4.8051 -0.0028 0.4087, 4.8051 -0.0084 0.3985, 4.8051 -0.0078 0.3951, 4.8051 -0.0072 0.3928, 4.8051 0.0277 0.3286, 4.8051 0.0163 0.3286, 4.8012 0.0049 0.3596, 4.8012 -0.0072 0.3928, 4.8012 -0.0028 0.4087, 4.8012 -0.0078 0.3951, 4.8012 -0.0084 0.3985, 4.8012 -0.0139 0.4087, 4.8012 -0.0087 0.3985, 4.8012 -0.0093 0.3952, 4.8012 -0.01 0.3928, 4.8012 -0.022 0.3596, 4.8012 -0.0443 0.3286, 4.8012 0.0277 0.3286, 4.8012 0.0163 0.3286, 4.8012 0.0081 0.3505, 4.8012 -0.0329 0.3286, 4.8012 -0.0252 0.3505, 4.8051 -0.2506 0.2107, 4.8051 -0.2506 0.2016, 4.8012 -0.2506 0.2107, 4.8012 -0.2506 0.2016, 4.8051 -0.2833 0.2107, 4.8012 -0.2833 0.2107, 4.8051 -0.2833 0.2377, 4.8012 -0.2833 0.2377, 4.8051 -0.2547 0.2377, 4.8012 -0.2547 0.2377, 4.8051 -0.2547 0.2468, 4.8012 -0.2547 0.2468, 4.8051 -0.2833 0.2468, 4.8012 -0.2833 0.2468, 4.8051 -0.2833 0.2725, 4.8012 -0.2833 0.2725, 4.8051 -0.2524 0.2725, 4.8012 -0.2524 0.2725, 4.8051 -0.2524 0.2817, 4.8012 -0.2524 0.2817, 4.8051 -0.2936 0.2817, 4.8012 -0.2936 0.2817, 4.8051 -0.2936 0.2016, 4.8012 -0.2936 0.2016, 4.8051 -0.2051 0.2016, 4.8051 -0.195 0.2016, 4.8051 -0.2051 0.2104, 4.8051 -0.195 0.2384, 4.8051 -0.2127 0.2515, 4.8051 -0.2111 0.2509, 4.8051 -0.207 0.2589, 4.8051 -0.2306 0.2333, 4.8051 -0.2327 0.2322, 4.8051 -0.227 0.2259, 4.8051 -0.2281 0.225, 4.8051 -0.205 0.2581, 4.8051 -0.2098 0.2501, 4.8051 -0.2032 0.2571, 4.8051 -0.2086 0.2492, 4.8051 -0.2016 0.256, 4.8051 -0.2289 0.2121, 4.8051 -0.2297 0.2133, 4.8051 -0.2381 0.207, 4.8051 -0.2346 0.231, 4.8051 -0.2362 0.2297, 4.8051 -0.2291 0.2239, 4.8051 -0.2281 0.2342, 4.8051 -0.2256 0.2266, 4.8051 -0.2252 0.235, 4.8051 -0.2238 0.2273, 4.8051 -0.222 0.2356, 4.8051 -0.2002 0.2547, 4.8051 -0.2076 0.248, 4.8051 -0.1989 0.2532, 4.8051 -0.2068 0.2467, 4.8051 -0.1978 0.2514, 4.8051 -0.2365 0.2294, 4.8051 -0.2377 0.2279, 4.8051 -0.2298 0.2226, 4.8051 -0.2388 0.2262, 4.8051 -0.2303 0.2212, 4.8051 -0.207 0.2164, 4.8051 -0.2053 0.2104, 4.8051 -0.2081 0.2147, 4.8051 -0.2058 0.2096, 4.8051 -0.2182 0.2086, 4.8051 -0.2159 0.2013, 4.8051 -0.2162 0.209, 4.8051 -0.2139 0.2022, 4.8051 -0.2144 0.2096, 4.8051 -0.212 0.2032, 4.8051 -0.2127 0.2104, 4.8051 -0.2051 0.2243, 4.8051 -0.2052 0.2221, 4.8051 -0.2056 0.2201, 4.8051 -0.2062 0.2181, 4.8051 -0.1969 0.2494, 4.8051 -0.2061 0.2451, 4.8051 -0.1961 0.2472, 4.8051 -0.2056 0.2433, 4.8051 -0.1955 0.2446, 4.8051 -0.2279 0.2111, 4.8051 -0.2328 0.2024, 4.8051 -0.2267 0.2101, 4.8051 -0.2309 0.2016, 4.8051 -0.2253 0.2094, 4.8051 -0.2289 0.201, 4.8051 -0.2238 0.2089, 4.8051 -0.2369 0.2055, 4.8051 -0.2361 0.2047, 4.8051 -0.2345 0.2035, 4.8051 -0.2307 0.2161, 4.8051 -0.2405 0.2124, 4.8051 -0.2303 0.2146, 4.8051 -0.2399 0.2104, 4.8051 -0.2391 0.2086, 4.8051 -0.2051 0.2303, 4.8051 -0.2051 0.2379, 4.8051 -0.2184 0.2285, 4.8051 -0.2216 0.2279, 4.8051 -0.2103 0.2044, 4.8051 -0.2087 0.2059, 4.8051 -0.2112 0.2114, 4.8051 -0.2072 0.2076, 4.8051 -0.2098 0.2127, 4.8051 -0.2094 0.2131, 4.8051 -0.1952 0.2416, 4.8051 -0.2052 0.2411, 4.8051 -0.2051 0.2386, 4.8051 -0.2051 0.2248, 4.8051 -0.2267 0.2005, 4.8051 -0.2242 0.2003, 4.8051 -0.2221 0.2086, 4.8051 -0.2228 0.2002, 4.8051 -0.2202 0.2085, 4.8051 -0.2204 0.2004, 4.8051 -0.218 0.2007, 4.8051 -0.2396 0.2245, 4.8051 -0.2403 0.2225, 4.8051 -0.2307 0.2196, 4.8051 -0.2407 0.2204, 4.8051 -0.2308 0.2177, 4.8051 -0.2092 0.2595, 4.8051 -0.2117 0.2599, 4.8051 -0.2146 0.2518, 4.8051 -0.2145 0.2601, 4.8051 -0.2166 0.2519, 4.8051 -0.2157 0.2601, 4.8051 -0.2177 0.2519, 4.8051 -0.2191 0.26, 4.8051 -0.2203 0.2517, 4.8051 -0.2223 0.2596, 4.8051 -0.2229 0.2513, 4.8051 -0.2254 0.259, 4.8051 -0.2255 0.2505, 4.8051 -0.2283 0.2581, 4.8051 -0.228 0.2496, 4.8051 -0.231 0.2571, 4.8051 -0.2305 0.2483, 4.8051 -0.2336 0.2558, 4.8051 -0.233 0.2468, 4.8051 -0.2354 0.2548, 4.8051 -0.2354 0.245, 4.8051 -0.241 0.2181, 4.8051 -0.241 0.2169, 4.8051 -0.2409 0.2145, 4.8012 -0.233 0.2468, 4.8012 -0.2354 0.245, 4.8012 -0.2354 0.2548, 4.8012 -0.2098 0.2501, 4.8012 -0.2032 0.2571, 4.8012 -0.2086 0.2492, 4.8012 -0.2016 0.256, 4.8012 -0.2076 0.248, 4.8012 -0.2056 0.2201, 4.8012 -0.2052 0.2221, 4.8012 -0.195 0.2384, 4.8012 -0.2289 0.2121, 4.8012 -0.2381 0.207, 4.8012 -0.2297 0.2133, 4.8012 -0.2391 0.2086, 4.8012 -0.2303 0.2146, 4.8012 -0.2002 0.2547, 4.8012 -0.1989 0.2532, 4.8012 -0.2068 0.2467, 4.8012 -0.1978 0.2514, 4.8012 -0.2061 0.2451, 4.8012 -0.2146 0.2518, 4.8012 -0.2117 0.2599, 4.8012 -0.2127 0.2515, 4.8012 -0.2092 0.2595, 4.8012 -0.2111 0.2509, 4.8012 -0.207 0.2589, 4.8012 -0.205 0.2581, 4.8012 -0.2062 0.2181, 4.8012 -0.2051 0.2104, 4.8012 -0.2051 0.2016, 4.8012 -0.195 0.2016, 4.8012 -0.2281 0.225, 4.8012 -0.2327 0.2322, 4.8012 -0.227 0.2259, 4.8012 -0.2306 0.2333, 4.8012 -0.2256 0.2266, 4.8012 -0.2281 0.2342, 4.8012 -0.2238 0.2273, 4.8012 -0.2252 0.235, 4.8012 -0.2216 0.2279, 4.8012 -0.222 0.2356, 4.8012 -0.2291 0.2239, 4.8012 -0.2362 0.2297, 4.8012 -0.2346 0.231, 4.8012 -0.2279 0.2111, 4.8012 -0.2361 0.2047, 4.8012 -0.2369 0.2055, 4.8012 -0.2267 0.2101, 4.8012 -0.2328 0.2024, 4.8012 -0.2345 0.2035, 4.8012 -0.2051 0.2303, 4.8012 -0.1952 0.2416, 4.8012 -0.2051 0.2248, 4.8012 -0.2051 0.2243, 4.8012 -0.2298 0.2226, 4.8012 -0.2377 0.2279, 4.8012 -0.2365 0.2294, 4.8012 -0.1969 0.2494, 4.8012 -0.1961 0.2472, 4.8012 -0.2056 0.2433, 4.8012 -0.1955 0.2446, 4.8012 -0.2052 0.2411, 4.8012 -0.2051 0.2386, 4.8012 -0.2399 0.2104, 4.8012 -0.2405 0.2124, 4.8012 -0.2307 0.2161, 4.8012 -0.2051 0.2379, 4.8012 -0.2184 0.2285, 4.8012 -0.2305 0.2483, 4.8012 -0.2336 0.2558, 4.8012 -0.228 0.2496, 4.8012 -0.231 0.2571, 4.8012 -0.2255 0.2505, 4.8012 -0.2283 0.2581, 4.8012 -0.2229 0.2513, 4.8012 -0.2254 0.259, 4.8012 -0.2203 0.2517, 4.8012 -0.2223 0.2596, 4.8012 -0.2177 0.2519, 4.8012 -0.2191 0.26, 4.8012 -0.2166 0.2519, 4.8012 -0.2157 0.2601, 4.8012 -0.2145 0.2601, 4.8012 -0.2307 0.2196, 4.8012 -0.2403 0.2225, 4.8012 -0.2303 0.2212, 4.8012 -0.2396 0.2245, 4.8012 -0.2388 0.2262, 4.8012 -0.2409 0.2145, 4.8012 -0.241 0.2169, 4.8012 -0.2308 0.2177, 4.8012 -0.241 0.2181, 4.8012 -0.2407 0.2204, 4.8012 -0.2058 0.2096, 4.8012 -0.2072 0.2076, 4.8012 -0.2112 0.2114, 4.8012 -0.2087 0.2059, 4.8012 -0.2127 0.2104, 4.8012 -0.2103 0.2044, 4.8012 -0.2144 0.2096, 4.8012 -0.212 0.2032, 4.8012 -0.2162 0.209, 4.8012 -0.2221 0.2086, 4.8012 -0.2242 0.2003, 4.8012 -0.2238 0.2089, 4.8012 -0.2267 0.2005, 4.8012 -0.2253 0.2094, 4.8012 -0.2289 0.201, 4.8012 -0.2309 0.2016, 4.8012 -0.2139 0.2022, 4.8012 -0.2159 0.2013, 4.8012 -0.2182 0.2086, 4.8012 -0.218 0.2007, 4.8012 -0.2202 0.2085, 4.8012 -0.2204 0.2004, 4.8012 -0.2228 0.2002, 4.8012 -0.2098 0.2127, 4.8012 -0.2094 0.2131, 4.8012 -0.2053 0.2104, 4.8012 -0.2081 0.2147, 4.8012 -0.207 0.2164, 4.8051 -0.1649 0.2084, 4.8012 -0.1649 0.2084, 4.8012 -0.1675 0.2085, 4.8051 -0.1675 0.2085, 4.8012 -0.17 0.2089, 4.8051 -0.17 0.2089, 4.8012 -0.1725 0.2095, 4.8051 -0.1725 0.2095, 4.8012 -0.1748 0.2103, 4.8051 -0.1748 0.2103, 4.8012 -0.1772 0.2114, 4.8051 -0.1772 0.2114, 4.8012 -0.1795 0.2127, 4.8051 -0.1795 0.2127, 4.8012 -0.1814 0.214, 4.8051 -0.1814 0.214, 4.8051 -0.1814 0.2036, 4.8012 -0.1814 0.2036, 4.8012 -0.179 0.2025, 4.8051 -0.179 0.2025, 4.8012 -0.1765 0.2017, 4.8051 -0.1765 0.2017, 4.8012 -0.1738 0.201, 4.8051 -0.1738 0.201, 4.8012 -0.1709 0.2005, 4.8051 -0.1709 0.2005, 4.8012 -0.1679 0.2003, 4.8051 -0.1679 0.2003, 4.8012 -0.1659 0.2002, 4.8051 -0.1659 0.2002, 4.8012 -0.1627 0.2004, 4.8051 -0.1627 0.2004, 4.8012 -0.1598 0.2007, 4.8051 -0.1598 0.2007, 4.8012 -0.1571 0.2013, 4.8051 -0.1571 0.2013, 4.8012 -0.1546 0.202, 4.8051 -0.1546 0.202, 4.8012 -0.1524 0.203, 4.8051 -0.1524 0.203, 4.8012 -0.1503 0.2041, 4.8051 -0.1503 0.2041, 4.8012 -0.1493 0.2048, 4.8051 -0.1493 0.2048, 4.8012 -0.1476 0.2061, 4.8051 -0.1476 0.2061, 4.8012 -0.1463 0.2074, 4.8051 -0.1463 0.2074, 4.8012 -0.1451 0.2089, 4.8051 -0.1451 0.2089, 4.8012 -0.1443 0.2105, 4.8051 -0.1443 0.2105, 4.8012 -0.1436 0.2121, 4.8051 -0.1436 0.2121, 4.8012 -0.1431 0.2139, 4.8051 -0.1431 0.2139, 4.8012 -0.1429 0.2158, 4.8051 -0.1429 0.2158, 4.8012 -0.1428 0.2172, 4.8051 -0.1428 0.2172, 4.8012 -0.1429 0.2192, 4.8051 -0.1429 0.2192, 4.8012 -0.1433 0.2211, 4.8051 -0.1433 0.2211, 4.8012 -0.1438 0.2228, 4.8051 -0.1438 0.2228, 4.8012 -0.1446 0.2244, 4.8051 -0.1446 0.2244, 4.8012 -0.1456 0.2259, 4.8051 -0.1456 0.2259, 4.8012 -0.1462 0.2266, 4.8051 -0.1462 0.2266, 4.8012 -0.1474 0.2278, 4.8051 -0.1474 0.2278, 4.8012 -0.149 0.2291, 4.8051 -0.149 0.2291, 4.8012 -0.1511 0.2304, 4.8051 -0.1511 0.2304, 4.8012 -0.1537 0.2317, 4.8051 -0.1537 0.2317, 4.8012 -0.1569 0.2332, 4.8051 -0.1569 0.2332, 4.8012 -0.1591 0.234, 4.8051 -0.1591 0.234, 4.8012 -0.1635 0.2358, 4.8051 -0.1635 0.2358, 4.8012 -0.1662 0.2372, 4.8051 -0.1662 0.2372, 4.8012 -0.1679 0.2382, 4.8051 -0.1679 0.2382, 4.8012 -0.1689 0.2389, 4.8051 -0.1689 0.2389, 4.8012 -0.1697 0.2398, 4.8051 -0.1697 0.2398, 4.8012 -0.1703 0.2408, 4.8051 -0.1703 0.2408, 4.8012 -0.1708 0.242, 4.8051 -0.1708 0.242, 4.8012 -0.171 0.2433, 4.8051 -0.171 0.2433, 4.8012 -0.171 0.2442, 4.8051 -0.171 0.2442, 4.8012 -0.1709 0.2455, 4.8051 -0.1709 0.2455, 4.8012 -0.1706 0.2467, 4.8051 -0.1706 0.2467, 4.8012 -0.17 0.2478, 4.8051 -0.17 0.2478, 4.8012 -0.1692 0.2488, 4.8051 -0.1692 0.2488, 4.8012 -0.1683 0.2496, 4.8051 -0.1683 0.2496, 4.8012 -0.168 0.2498, 4.8051 -0.168 0.2498, 4.8012 -0.1667 0.2506, 4.8051 -0.1667 0.2506, 4.8012 -0.1652 0.2512, 4.8051 -0.1652 0.2512, 4.8012 -0.1635 0.2516, 4.8051 -0.1635 0.2516, 4.8012 -0.1616 0.2519, 4.8051 -0.1616 0.2519, 4.8012 -0.1601 0.2519, 4.8051 -0.1601 0.2519, 4.8012 -0.1574 0.2518, 4.8051 -0.1574 0.2518, 4.8012 -0.1548 0.2515, 4.8051 -0.1548 0.2515, 4.8012 -0.1524 0.2509, 4.8051 -0.1524 0.2509, 4.8012 -0.15 0.2501, 4.8051 -0.15 0.2501, 4.8012 -0.1478 0.2491, 4.8051 -0.1478 0.2491, 4.8012 -0.1456 0.2478, 4.8051 -0.1456 0.2478, 4.8051 -0.1456 0.2576, 4.8012 -0.1456 0.2576, 4.8012 -0.1482 0.2585, 4.8051 -0.1482 0.2585, 4.8012 -0.1508 0.2592, 4.8051 -0.1508 0.2592, 4.8012 -0.1536 0.2597, 4.8051 -0.1536 0.2597, 4.8012 -0.1566 0.26, 4.8051 -0.1566 0.26, 4.8012 -0.1591 0.2601, 4.8051 -0.1591 0.2601, 4.8012 -0.1621 0.26, 4.8051 -0.1621 0.26, 4.8012 -0.1648 0.2596, 4.8051 -0.1648 0.2596, 4.8012 -0.1674 0.2591, 4.8051 -0.1674 0.2591, 4.8012 -0.1698 0.2583, 4.8051 -0.1698 0.2583, 4.8012 -0.172 0.2573, 4.8051 -0.172 0.2573, 4.8012 -0.174 0.2562, 4.8051 -0.174 0.2562, 4.8012 -0.175 0.2555, 4.8051 -0.175 0.2555, 4.8012 -0.1766 0.2542, 4.8051 -0.1766 0.2542, 4.8012 -0.178 0.2528, 4.8051 -0.178 0.2528, 4.8012 -0.1791 0.2513, 4.8051 -0.1791 0.2513, 4.8012 -0.18 0.2497, 4.8051 -0.18 0.2497, 4.8012 -0.1807 0.248, 4.8051 -0.1807 0.248, 4.8012 -0.1811 0.2463, 4.8051 -0.1811 0.2463, 4.8012 -0.1813 0.2444, 4.8051 -0.1813 0.2444, 4.8012 -0.1814 0.2433, 4.8051 -0.1814 0.2433, 4.8012 -0.1813 0.2413, 4.8051 -0.1813 0.2413, 4.8012 -0.1809 0.2393, 4.8051 -0.1809 0.2393, 4.8012 -0.1803 0.2375, 4.8051 -0.1803 0.2375, 4.8012 -0.1796 0.2359, 4.8051 -0.1796 0.2359, 4.8012 -0.1787 0.2345, 4.8051 -0.1787 0.2345, 4.8012 -0.1785 0.2343, 4.8051 -0.1785 0.2343, 4.8012 -0.1775 0.2332, 4.8051 -0.1775 0.2332, 4.8012 -0.1762 0.232, 4.8051 -0.1762 0.232, 4.8012 -0.1743 0.2307, 4.8051 -0.1743 0.2307, 4.8012 -0.172 0.2294, 4.8051 -0.172 0.2294, 4.8012 -0.169 0.2279, 4.8051 -0.169 0.2279, 4.8012 -0.1662 0.2267, 4.8051 -0.1662 0.2267, 4.8012 -0.1618 0.225, 4.8051 -0.1618 0.225, 4.8012 -0.1589 0.2236, 4.8051 -0.1589 0.2236, 4.8012 -0.1569 0.2225, 4.8051 -0.1569 0.2225, 4.8012 -0.1557 0.2216, 4.8051 -0.1557 0.2216, 4.8012 -0.1547 0.2206, 4.8051 -0.1547 0.2206, 4.8012 -0.154 0.2196, 4.8051 -0.154 0.2196, 4.8012 -0.1535 0.2184, 4.8051 -0.1535 0.2184, 4.8012 -0.1532 0.2172, 4.8051 -0.1532 0.2172, 4.8012 -0.1531 0.2162, 4.8051 -0.1531 0.2162, 4.8012 -0.1532 0.2147, 4.8051 -0.1532 0.2147, 4.8012 -0.1536 0.2134, 4.8051 -0.1536 0.2134, 4.8012 -0.1541 0.2123, 4.8051 -0.1541 0.2123, 4.8012 -0.1549 0.2114, 4.8051 -0.1549 0.2114, 4.8012 -0.1558 0.2106, 4.8051 -0.1558 0.2106, 4.8012 -0.157 0.2099, 4.8051 -0.157 0.2099, 4.8012 -0.1584 0.2093, 4.8051 -0.1584 0.2093, 4.8012 -0.1601 0.2088, 4.8051 -0.1601 0.2088, 4.8012 -0.1622 0.2085, 4.8051 -0.1622 0.2085, 4.8051 -0.0931 0.2588, 4.8051 -0.0827 0.2588, 4.8012 -0.0931 0.2588, 4.8012 -0.0827 0.2588, 4.8051 -0.1087 0.2157, 4.8012 -0.1087 0.2157, 4.8012 -0.1095 0.2131, 4.8051 -0.1095 0.2131, 4.8012 -0.1099 0.2111, 4.8051 -0.1099 0.2111, 4.8051 -0.1102 0.2111, 4.8012 -0.1102 0.2111, 4.8051 -0.1114 0.2158, 4.8012 -0.1114 0.2158, 4.8051 -0.1264 0.2588, 4.8012 -0.1264 0.2588, 4.8051 -0.1376 0.2588, 4.8012 -0.1376 0.2588, 4.8051 -0.1152 0.2017, 4.8012 -0.1152 0.2017, 4.8051 -0.1196 0.1913, 4.8012 -0.1196 0.1913, 4.8012 -0.1207 0.1889, 4.8051 -0.1207 0.1889, 4.8012 -0.1219 0.1872, 4.8051 -0.1219 0.1872, 4.8012 -0.1234 0.1857, 4.8051 -0.1234 0.1857, 4.8012 -0.1248 0.1846, 4.8051 -0.1248 0.1846, 4.8012 -0.1264 0.1838, 4.8051 -0.1264 0.1838, 4.8012 -0.1281 0.1834, 4.8051 -0.1281 0.1834, 4.8012 -0.1298 0.1833, 4.8051 -0.1298 0.1833, 4.8012 -0.132 0.1834, 4.8051 -0.132 0.1834, 4.8012 -0.1342 0.1839, 4.8051 -0.1342 0.1839, 4.8012 -0.1355 0.1844, 4.8051 -0.1355 0.1844, 4.8051 -0.1355 0.1755, 4.8012 -0.1355 0.1755, 4.8012 -0.1332 0.175, 4.8051 -0.1332 0.175, 4.8012 -0.1304 0.1747, 4.8051 -0.1304 0.1747, 4.8012 -0.1291 0.1747, 4.8051 -0.1291 0.1747, 4.8012 -0.1266 0.1748, 4.8051 -0.1266 0.1748, 4.8012 -0.1243 0.1753, 4.8051 -0.1243 0.1753, 4.8012 -0.1221 0.1761, 4.8051 -0.1221 0.1761, 4.8012 -0.12 0.1773, 4.8051 -0.12 0.1773, 4.8012 -0.118 0.1787, 4.8051 -0.118 0.1787, 4.8012 -0.116 0.1806, 4.8051 -0.116 0.1806, 4.8012 -0.1141 0.1828, 4.8051 -0.1141 0.1828, 4.8012 -0.1123 0.1855, 4.8051 -0.1123 0.1855, 4.8012 -0.1106 0.1887, 4.8051 -0.1106 0.1887, 4.8012 -0.1089 0.1923, 4.8051 -0.1089 0.1923, 4.8012 -0.1087 0.193, 4.8051 -0.1087 0.193, 4.8051 -0.0288 0.2107, 4.8051 -0.0288 0.2016, 4.8012 -0.0288 0.2107, 4.8012 -0.0288 0.2016, 4.8051 -0.0616 0.2107, 4.8012 -0.0616 0.2107, 4.8051 -0.0616 0.2377, 4.8012 -0.0616 0.2377, 4.8051 -0.0329 0.2377, 4.8012 -0.0329 0.2377, 4.8051 -0.0329 0.2468, 4.8012 -0.0329 0.2468, 4.8051 -0.0616 0.2468, 4.8012 -0.0616 0.2468, 4.8051 -0.0616 0.2725, 4.8012 -0.0616 0.2725, 4.8051 -0.0307 0.2725, 4.8012 -0.0307 0.2725, 4.8051 -0.0307 0.2817, 4.8012 -0.0307 0.2817, 4.8051 -0.0719 0.2817, 4.8012 -0.0719 0.2817, 4.8051 -0.0719 0.2016, 4.8012 -0.0719 0.2016, 4.8051 0.0231 0.2133, 4.8051 0.0287 0.2056, 4.8051 0.026 0.2147, 4.8051 0.032 0.2073, 4.8051 0.0287 0.2163, 4.8051 0.0351 0.2093, 4.8051 0.0311 0.2181, 4.8051 0.0381 0.2116, 4.8051 0.0321 0.2191, 4.8051 0.0394 0.2128, 4.8051 0.0341 0.2213, 4.8051 0.042 0.2154, 4.8051 0.0358 0.2237, 4.8051 0.0442 0.2182, 4.8051 0.0373 0.2263, 4.8051 0.0461 0.2212, 4.8051 0.0385 0.2291, 4.8051 0.0399 0.2501, 4.8051 0.05 0.2543, 4.8051 0.0391 0.2534, 4.8051 0.0489 0.2577, 4.8051 0.0381 0.2564, 4.8051 0.0474 0.2608, 4.8051 0.0367 0.259, 4.8051 0.0457 0.2638, 4.8051 0.0351 0.2614, 4.8051 0.0437 0.2665, 4.8051 0.0414 0.2691, 4.8051 0.0333 0.2636, 4.8051 0.0394 0.2711, 4.8051 0.0318 0.2649, 4.8051 0.0364 0.2734, 4.8051 0.0294 0.2668, 4.8051 0.0333 0.2755, 4.8051 0.0267 0.2685, 4.8051 0.03 0.2773, 4.8051 0.0238 0.2698, 4.8051 0.0265 0.2788, 4.8051 0.0207 0.2709, 4.8051 0.0229 0.2799, 4.8051 0.0173 0.2717, 4.8051 0.019 0.2808, 4.8051 0.0136 0.2722, 4.8051 0.0149 0.2814, 4.8051 0.0097 0.2724, 4.8051 0.0106 0.2816, 4.8051 0.0087 0.2725, 4.8051 0.0091 0.2817, 4.8051 -0.0034 0.2725, 4.8051 -0.0137 0.2817, 4.8051 -0.0034 0.2107, 4.8051 -0.0137 0.2016, 4.8051 0.0083 0.2107, 4.8051 0.0083 0.2016, 4.8051 0.0125 0.2109, 4.8051 0.0129 0.2018, 4.8051 0.0164 0.2114, 4.8051 0.0173 0.2023, 4.8051 0.0199 0.2122, 4.8051 0.0213 0.2031, 4.8051 0.0251 0.2042, 4.8051 0.0478 0.2243, 4.8051 0.0491 0.2276, 4.8051 0.0395 0.2323, 4.8051 0.0501 0.2311, 4.8051 0.0401 0.2356, 4.8051 0.0509 0.2348, 4.8051 0.0405 0.2393, 4.8051 0.0513 0.2388, 4.8051 0.0406 0.2424, 4.8051 0.0515 0.2427, 4.8051 0.0404 0.2464, 4.8051 0.0513 0.2468, 4.8051 0.0508 0.2507, 4.8012 0.0294 0.2668, 4.8012 0.0364 0.2734, 4.8012 0.0318 0.2649, 4.8012 0.0394 0.2711, 4.8012 0.0333 0.2636, 4.8012 0.0414 0.2691, 4.8012 0.0351 0.2614, 4.8012 0.0437 0.2665, 4.8012 0.0367 0.259, 4.8012 0.0457 0.2638, 4.8012 0.0381 0.2564, 4.8012 0.0474 0.2608, 4.8012 0.0391 0.2534, 4.8012 0.026 0.2147, 4.8012 0.0287 0.2056, 4.8012 0.0231 0.2133, 4.8012 0.0251 0.2042, 4.8012 0.0199 0.2122, 4.8012 0.0213 0.2031, 4.8012 0.0164 0.2114, 4.8012 0.0173 0.2023, 4.8012 0.0125 0.2109, 4.8012 0.0129 0.2018, 4.8012 0.0083 0.2107, 4.8012 0.0083 0.2016, 4.8012 -0.0034 0.2107, 4.8012 -0.0137 0.2016, 4.8012 -0.0034 0.2725, 4.8012 -0.0137 0.2817, 4.8012 0.0087 0.2725, 4.8012 0.0091 0.2817, 4.8012 0.0097 0.2724, 4.8012 0.0106 0.2816, 4.8012 0.0136 0.2722, 4.8012 0.0149 0.2814, 4.8012 0.0173 0.2717, 4.8012 0.019 0.2808, 4.8012 0.0207 0.2709, 4.8012 0.0229 0.2799, 4.8012 0.0238 0.2698, 4.8012 0.0265 0.2788, 4.8012 0.0267 0.2685, 4.8012 0.03 0.2773, 4.8012 0.0333 0.2755, 4.8012 0.0395 0.2323, 4.8012 0.0491 0.2276, 4.8012 0.0385 0.2291, 4.8012 0.0478 0.2243, 4.8012 0.0373 0.2263, 4.8012 0.0461 0.2212, 4.8012 0.0358 0.2237, 4.8012 0.0442 0.2182, 4.8012 0.0341 0.2213, 4.8012 0.042 0.2154, 4.8012 0.0321 0.2191, 4.8012 0.0394 0.2128, 4.8012 0.0311 0.2181, 4.8012 0.0381 0.2116, 4.8012 0.0287 0.2163, 4.8012 0.0351 0.2093, 4.8012 0.032 0.2073, 4.8012 0.0489 0.2577, 4.8012 0.05 0.2543, 4.8012 0.0399 0.2501, 4.8012 0.0508 0.2507, 4.8012 0.0404 0.2464, 4.8012 0.0513 0.2468, 4.8012 0.0406 0.2424, 4.8012 0.0515 0.2427, 4.8012 0.0405 0.2393, 4.8012 0.0513 0.2388, 4.8012 0.0401 0.2356, 4.8012 0.0509 0.2348, 4.8012 0.0501 0.2311, 4.8051 0.0783 0.2325, 4.8051 0.075 0.2235, 4.8051 0.1052 0.2325, 4.8051 0.1084 0.2235, 4.8051 0.0903 0.2658, 4.8051 0.0864 0.2817, 4.8051 0.0559 0.2016, 4.8051 0.0673 0.2016, 4.8051 0.091 0.2682, 4.8051 0.0916 0.2714, 4.8051 0.0975 0.2817, 4.8051 0.0918 0.2714, 4.8051 0.0925 0.268, 4.8051 0.0931 0.2658, 4.8051 0.128 0.2016, 4.8051 0.1165 0.2016, 4.8012 0.1052 0.2325, 4.8012 0.0931 0.2658, 4.8012 0.0975 0.2817, 4.8012 0.0925 0.268, 4.8012 0.0918 0.2714, 4.8012 0.0864 0.2817, 4.8012 0.0916 0.2714, 4.8012 0.091 0.2682, 4.8012 0.0903 0.2658, 4.8012 0.0783 0.2325, 4.8012 0.0559 0.2016, 4.8012 0.128 0.2016, 4.8012 0.1165 0.2016, 4.8012 0.1084 0.2235, 4.8012 0.0673 0.2016, 4.8012 0.075 0.2235, 4.8051 -0.6388 0.1798, 4.8051 -0.6325 0.1746, 4.8051 -0.6524 0.2406, 4.8051 -0.6036 0.3436, 4.8051 -0.5995 0.3414, 4.8051 -0.6171 0.3829, 4.8051 -0.5662 0.3837, 4.8051 -0.5565 0.3889, 4.8051 -0.5743 0.4186, 4.8051 -0.453 0.3545, 4.8051 -0.4483 0.3444, 4.8051 -0.4156 0.3556, 4.8051 -0.445 0.3338, 4.8051 -0.4435 0.3249, 4.8051 -0.5956 0.242, 4.8051 -0.5902 0.2403, 4.8051 -0.5783 0.2744, 4.8051 -0.4219 0.2392, 4.8051 -0.4298 0.2368, 4.8051 -0.4213 0.203, 4.8051 -0.653 0.2025, 4.8051 -0.6495 0.1941, 4.8051 -0.6447 0.1866, 4.8051 -0.4623 0.2685, 4.8051 -0.4799 0.2987, 4.8051 -0.542 0.2264, 4.8051 -0.5562 0.2588, 4.8051 -0.542 0.2207, 4.8051 -0.5728 0.1701, 4.8051 -0.5424 0.2134, 4.8051 -0.565 0.175, 4.8051 -0.5587 0.1805, 4.8051 -0.6046 0.1985, 4.8051 -0.6067 0.1643, 4.8051 -0.5995 0.1979, 4.8051 -0.5989 0.1637, 4.8051 -0.594 0.1986, 4.8051 -0.6143 0.2036, 4.8051 -0.6098 0.2005, 4.8051 -0.6246 0.1698, 4.8051 -0.6159 0.1663, 4.8051 -0.579 0.2289, 4.8051 -0.5775 0.2237, 4.8051 -0.5773 0.2182, 4.8051 -0.5786 0.2127, 4.8051 -0.5811 0.2077, 4.8051 -0.6461 0.3475, 4.8051 -0.6534 0.3811, 4.8051 -0.6645 0.3774, 4.8051 -0.4321 0.2013, 4.8051 -0.4355 0.236, 4.8051 -0.4657 0.2013, 4.8051 -0.4611 0.236, 4.8051 -0.4685 0.2017, 4.8051 -0.5622 0.4236, 4.8051 -0.5462 0.3927, 4.8051 -0.5497 0.4272, 4.8051 -0.6606 0.2452, 4.8051 -0.6703 0.2087, 4.8051 -0.6594 0.2044, 4.8051 -0.6547 0.344, 4.8051 -0.6751 0.3724, 4.8051 -0.6627 0.3392, 4.8051 -0.685 0.3659, 4.8051 -0.6698 0.3332, 4.8051 -0.5527 0.1876, 4.8051 -0.5478 0.1956, 4.8051 -0.5444 0.2042, 4.8051 -0.6215 0.2178, 4.8051 -0.6203 0.2125, 4.8051 -0.6179 0.2078, 4.8051 -0.5701 0.2704, 4.8051 -0.5855 0.2374, 4.8051 -0.5626 0.2652, 4.8051 -0.3964 0.2932, 4.8051 -0.3662 0.3119, 4.8051 -0.3995 0.3009, 4.8051 -0.3714 0.3214, 4.8051 -0.404 0.3078, 4.8051 -0.3779 0.3303, 4.8051 -0.4096 0.3138, 4.8051 -0.3856 0.3383, 4.8051 -0.4161 0.3185, 4.8051 -0.6744 0.2579, 4.8051 -0.6985 0.2298, 4.8051 -0.668 0.251, 4.8051 -0.6899 0.2214, 4.8051 -0.6804 0.2144, 4.8051 -0.6419 0.3833, 4.8051 -0.6369 0.3494, 4.8051 -0.6302 0.3841, 4.8051 -0.6296 0.3499, 4.8051 -0.6237 0.3837, 4.8051 -0.6208 0.3492, 4.8051 -0.6121 0.3471, 4.8051 -0.6214 0.2233, 4.8051 -0.6199 0.2287, 4.8051 -0.6499 0.2464, 4.8051 -0.6171 0.2336, 4.8051 -0.5995 0.2423, 4.8051 -0.608 0.2774, 4.8051 -0.6048 0.2416, 4.8051 -0.6166 0.2753, 4.8051 -0.6098 0.2397, 4.8051 -0.5873 0.277, 4.8051 -0.5959 0.2781, 4.8051 -0.5989 0.2782, 4.8051 -0.5847 0.2035, 4.8051 -0.5891 0.2005, 4.8051 -0.5811 0.1666, 4.8051 -0.5898 0.1645, 4.8051 -0.411 0.2061, 4.8051 -0.4012 0.2106, 4.8051 -0.4146 0.2431, 4.8051 -0.392 0.2164, 4.8051 -0.4082 0.2481, 4.8051 -0.3836 0.2236, 4.8051 -0.4056 0.2508, 4.8051 -0.3803 0.2269, 4.8051 -0.4009 0.2573, 4.8051 -0.5859 0.4121, 4.8051 -0.5921 0.408, 4.8051 -0.575 0.3772, 4.8051 -0.6011 0.4007, 4.8051 -0.5829 0.3696, 4.8051 -0.6093 0.3923, 4.8051 -0.5897 0.361, 4.8051 -0.5952 0.3516, 4.8051 -0.4206 0.367, 4.8051 -0.4269 0.3779, 4.8051 -0.459 0.3638, 4.8051 -0.4346 0.3883, 4.8051 -0.4663 0.3721, 4.8051 -0.6856 0.2827, 4.8051 -0.7195 0.2687, 4.8051 -0.6832 0.2737, 4.8051 -0.7158 0.2576, 4.8051 -0.6793 0.2652, 4.8051 -0.7107 0.2469, 4.8051 -0.7043 0.2368, 4.8051 -0.5817 0.2334, 4.8051 -0.3953 0.2723, 4.8051 -0.3594 0.276, 4.8051 -0.3945 0.2804, 4.8051 -0.3592 0.281, 4.8051 -0.3948 0.2851, 4.8051 -0.3601 0.2916, 4.8051 -0.3625 0.3019, 4.8051 -0.3735 0.2354, 4.8051 -0.368 0.2446, 4.8051 -0.3974 0.2646, 4.8051 -0.3637 0.2546, 4.8051 -0.3608 0.2651, 4.8051 -0.6249 0.2718, 4.8051 -0.6318 0.2675, 4.8051 -0.6143 0.2366, 4.8051 -0.6389 0.2615, 4.8051 -0.645 0.2544, 4.8051 -0.4639 0.2366, 4.8051 -0.4778 0.2074, 4.8051 -0.476 0.2057, 4.8051 -0.5237 0.4302, 4.8051 -0.5232 0.396, 4.8051 -0.5198 0.4301, 4.8051 -0.5123 0.3953, 4.8051 -0.6802 0.3191, 4.8051 -0.7151 0.328, 4.8051 -0.6837 0.3108, 4.8051 -0.719 0.3169, 4.8051 -0.6858 0.3021, 4.8051 -0.7214 0.3053, 4.8051 -0.6866 0.293, 4.8051 -0.7224 0.2942, 4.8051 -0.6865 0.2913, 4.8051 -0.7224 0.2918, 4.8051 -0.7217 0.2802, 4.8051 -0.4389 0.3249, 4.8051 -0.4309 0.3241, 4.8051 -0.4134 0.3549, 4.8051 -0.4232 0.322, 4.8051 -0.4039 0.3509, 4.8051 -0.3943 0.3452, 4.8051 -0.4822 0.219, 4.8051 -0.4817 0.2148, 4.8051 -0.4802 0.211, 4.8051 -0.4622 0.2362, 4.8051 -0.4723 0.2031, 4.8051 -0.5369 0.4294, 4.8051 -0.5353 0.3951, 4.8051 -0.5248 0.396, 4.8051 -0.4688 0.2361, 4.8051 -0.4727 0.2346, 4.8051 -0.4821 0.2207, 4.8051 -0.4762 0.2321, 4.8051 -0.479 0.229, 4.8051 -0.4811 0.225, 4.8051 -0.6937 0.3587, 4.8051 -0.6957 0.3567, 4.8051 -0.6753 0.3268, 4.8051 -0.7034 0.348, 4.8051 -0.7098 0.3384, 4.8051 -0.4645 0.2366, 4.8051 -0.4437 0.3981, 4.8051 -0.4463 0.4006, 4.8051 -0.4732 0.3784, 4.8051 -0.4572 0.409, 4.8051 -0.4822 0.3846, 4.8051 -0.4687 0.4161, 4.8051 -0.4918 0.3896, 4.8051 -0.481 0.4218, 4.8051 -0.5019 0.3931, 4.8051 -0.4937 0.4261, 4.8051 -0.5066 0.4289, 4.8012 -0.4799 0.2987, 4.8012 -0.4623 0.2685, 4.8012 -0.5562 0.2588, 4.8012 -0.542 0.2264, 4.8012 -0.5728 0.1701, 4.8012 -0.542 0.2207, 4.8012 -0.5424 0.2134, 4.8012 -0.565 0.175, 4.8012 -0.5587 0.1805, 4.8012 -0.6048 0.2416, 4.8012 -0.6098 0.2397, 4.8012 -0.6524 0.2406, 4.8012 -0.6143 0.2366, 4.8012 -0.5565 0.3889, 4.8012 -0.5662 0.3837, 4.8012 -0.5859 0.4121, 4.8012 -0.6388 0.1798, 4.8012 -0.6447 0.1866, 4.8012 -0.6199 0.2287, 4.8012 -0.6495 0.1941, 4.8012 -0.653 0.2025, 4.8012 -0.5811 0.2077, 4.8012 -0.5786 0.2127, 4.8012 -0.5773 0.2182, 4.8012 -0.5775 0.2237, 4.8012 -0.6832 0.2737, 4.8012 -0.6793 0.2652, 4.8012 -0.7107 0.2469, 4.8012 -0.5444 0.2042, 4.8012 -0.5478 0.1956, 4.8012 -0.5527 0.1876, 4.8012 -0.5995 0.1979, 4.8012 -0.594 0.1986, 4.8012 -0.5898 0.1645, 4.8012 -0.6547 0.344, 4.8012 -0.6645 0.3774, 4.8012 -0.6461 0.3475, 4.8012 -0.6534 0.3811, 4.8012 -0.6369 0.3494, 4.8012 -0.6419 0.3833, 4.8012 -0.6296 0.3499, 4.8012 -0.7043 0.2368, 4.8012 -0.6744 0.2579, 4.8012 -0.6985 0.2298, 4.8012 -0.668 0.251, 4.8012 -0.6899 0.2214, 4.8012 -0.6804 0.2144, 4.8012 -0.6606 0.2452, 4.8012 -0.6703 0.2087, 4.8012 -0.6594 0.2044, 4.8012 -0.6171 0.2336, 4.8012 -0.459 0.3638, 4.8012 -0.4269 0.3779, 4.8012 -0.453 0.3545, 4.8012 -0.4206 0.367, 4.8012 -0.4483 0.3444, 4.8012 -0.4156 0.3556, 4.8012 -0.445 0.3338, 4.8012 -0.5921 0.408, 4.8012 -0.575 0.3772, 4.8012 -0.6011 0.4007, 4.8012 -0.4232 0.322, 4.8012 -0.4309 0.3241, 4.8012 -0.6214 0.2233, 4.8012 -0.6215 0.2178, 4.8012 -0.6203 0.2125, 4.8012 -0.6093 0.3923, 4.8012 -0.5829 0.3696, 4.8012 -0.6171 0.3829, 4.8012 -0.5897 0.361, 4.8012 -0.5952 0.3516, 4.8012 -0.3974 0.2646, 4.8012 -0.368 0.2446, 4.8012 -0.4009 0.2573, 4.8012 -0.3735 0.2354, 4.8012 -0.4056 0.2508, 4.8012 -0.3803 0.2269, 4.8012 -0.4082 0.2481, 4.8012 -0.3836 0.2236, 4.8012 -0.4146 0.2431, 4.8012 -0.3995 0.3009, 4.8012 -0.3662 0.3119, 4.8012 -0.3964 0.2932, 4.8012 -0.3625 0.3019, 4.8012 -0.3948 0.2851, 4.8012 -0.3601 0.2916, 4.8012 -0.3945 0.2804, 4.8012 -0.4389 0.3249, 4.8012 -0.4435 0.3249, 4.8012 -0.6098 0.2005, 4.8012 -0.6325 0.1746, 4.8012 -0.6143 0.2036, 4.8012 -0.6179 0.2078, 4.8012 -0.5995 0.2423, 4.8012 -0.5959 0.2781, 4.8012 -0.5956 0.242, 4.8012 -0.5873 0.277, 4.8012 -0.5902 0.2403, 4.8012 -0.6302 0.3841, 4.8012 -0.6237 0.3837, 4.8012 -0.6208 0.3492, 4.8012 -0.6121 0.3471, 4.8012 -0.5811 0.1666, 4.8012 -0.5891 0.2005, 4.8012 -0.5847 0.2035, 4.8012 -0.5783 0.2744, 4.8012 -0.5701 0.2704, 4.8012 -0.5855 0.2374, 4.8012 -0.5626 0.2652, 4.8012 -0.5817 0.2334, 4.8012 -0.579 0.2289, 4.8012 -0.6249 0.2718, 4.8012 -0.6166 0.2753, 4.8012 -0.6036 0.3436, 4.8012 -0.5995 0.3414, 4.8012 -0.476 0.2057, 4.8012 -0.4778 0.2074, 4.8012 -0.4639 0.2366, 4.8012 -0.4802 0.211, 4.8012 -0.3592 0.281, 4.8012 -0.3594 0.276, 4.8012 -0.3953 0.2723, 4.8012 -0.3608 0.2651, 4.8012 -0.3637 0.2546, 4.8012 -0.4134 0.3549, 4.8012 -0.4039 0.3509, 4.8012 -0.4161 0.3185, 4.8012 -0.3943 0.3452, 4.8012 -0.4096 0.3138, 4.8012 -0.3856 0.3383, 4.8012 -0.404 0.3078, 4.8012 -0.3779 0.3303, 4.8012 -0.3714 0.3214, 4.8012 -0.5989 0.1637, 4.8012 -0.6067 0.1643, 4.8012 -0.6046 0.1985, 4.8012 -0.6159 0.1663, 4.8012 -0.6246 0.1698, 4.8012 -0.645 0.2544, 4.8012 -0.6389 0.2615, 4.8012 -0.6318 0.2675, 4.8012 -0.608 0.2774, 4.8012 -0.5989 0.2782, 4.8012 -0.6837 0.3108, 4.8012 -0.7151 0.328, 4.8012 -0.6802 0.3191, 4.8012 -0.7098 0.3384, 4.8012 -0.6753 0.3268, 4.8012 -0.7158 0.2576, 4.8012 -0.7195 0.2687, 4.8012 -0.6856 0.2827, 4.8012 -0.7217 0.2802, 4.8012 -0.6865 0.2913, 4.8012 -0.7224 0.2918, 4.8012 -0.6866 0.293, 4.8012 -0.7224 0.2942, 4.8012 -0.6858 0.3021, 4.8012 -0.7214 0.3053, 4.8012 -0.719 0.3169, 4.8012 -0.392 0.2164, 4.8012 -0.4012 0.2106, 4.8012 -0.4219 0.2392, 4.8012 -0.411 0.2061, 4.8012 -0.4298 0.2368, 4.8012 -0.4213 0.203, 4.8012 -0.4355 0.236, 4.8012 -0.4321 0.2013, 4.8012 -0.4611 0.236, 4.8012 -0.4657 0.2013, 4.8012 -0.4622 0.2362, 4.8012 -0.4685 0.2017, 4.8012 -0.4723 0.2031, 4.8012 -0.4817 0.2148, 4.8012 -0.4822 0.219, 4.8012 -0.4821 0.2207, 4.8012 -0.6499 0.2464, 4.8012 -0.7034 0.348, 4.8012 -0.6957 0.3567, 4.8012 -0.6698 0.3332, 4.8012 -0.6937 0.3587, 4.8012 -0.6627 0.3392, 4.8012 -0.685 0.3659, 4.8012 -0.6751 0.3724, 4.8012 -0.4811 0.225, 4.8012 -0.479 0.229, 4.8012 -0.4762 0.2321, 4.8012 -0.4727 0.2346, 4.8012 -0.4732 0.3784, 4.8012 -0.4463 0.4006, 4.8012 -0.4663 0.3721, 4.8012 -0.4437 0.3981, 4.8012 -0.4346 0.3883, 4.8012 -0.5743 0.4186, 4.8012 -0.5622 0.4236, 4.8012 -0.5462 0.3927, 4.8012 -0.5497 0.4272, 4.8012 -0.5353 0.3951, 4.8012 -0.5369 0.4294, 4.8012 -0.5248 0.396, 4.8012 -0.5237 0.4302, 4.8012 -0.5232 0.396, 4.8012 -0.5198 0.4301, 4.8012 -0.5123 0.3953, 4.8012 -0.5066 0.4289, 4.8012 -0.5019 0.3931, 4.8012 -0.4937 0.4261, 4.8012 -0.4918 0.3896, 4.8012 -0.481 0.4218, 4.8012 -0.4822 0.3846, 4.8012 -0.4687 0.4161, 4.8012 -0.4572 0.409, 4.8012 -0.4688 0.2361, 4.8012 -0.4645 0.2366
            ]
        }
        coordIndex [
            0,1,2,-1,2,1,3,-1,4,0,5,-1,5,0,2,-1,6,4,7,-1,7,4,5,-1,8,6,9,-1,9,6,7,-1,10,8,11,-1,11,8,9,-1,1,10,3,-1,3,10,11,-1,6,8,4,-1,4,8,10,-1,4,10,0,-1,0,10,1,-1,2,3,5,-1,5,3,11,-1,5,11,7,-1,7,11,9,-1,12,13,14,-1,12,14,15,-1,15,14,16,-1,15,16,17,-1,17,16,18,-1,17,18,19,-1,19,18,20,-1,19,20,21,-1,21,20,22,-1,21,22,23,-1,23,22,24,-1,23,24,25,-1,26,25,27,-1,27,25,24,-1,26,27,28,-1,26,28,29,-1,29,28,30,-1,29,30,31,-1,31,30,32,-1,31,32,33,-1,33,32,34,-1,33,34,35,-1,35,34,36,-1,35,36,37,-1,37,36,38,-1,37,38,39,-1,39,38,40,-1,39,40,41,-1,41,40,42,-1,41,42,43,-1,43,42,44,-1,43,44,45,-1,45,44,46,-1,45,46,47,-1,47,46,48,-1,47,48,49,-1,49,48,50,-1,49,50,51,-1,51,50,52,-1,51,52,53,-1,53,52,54,-1,53,54,55,-1,55,54,56,-1,55,56,57,-1,57,56,58,-1,57,58,59,-1,59,58,60,-1,59,60,61,-1,61,60,62,-1,61,62,63,-1,63,62,64,-1,63,64,65,-1,65,64,66,-1,65,66,67,-1,67,66,68,-1,67,68,69,-1,69,68,70,-1,69,70,71,-1,71,70,72,-1,71,72,73,-1,73,72,74,-1,73,74,75,-1,75,74,76,-1,75,76,77,-1,77,76,78,-1,77,78,79,-1,79,78,80,-1,79,80,81,-1,81,80,82,-1,81,82,83,-1,83,82,84,-1,83,84,85,-1,85,84,86,-1,85,86,87,-1,87,86,88,-1,87,88,89,-1,89,88,90,-1,89,90,91,-1,91,90,92,-1,91,92,93,-1,93,92,94,-1,93,94,95,-1,95,94,96,-1,95,96,97,-1,97,96,98,-1,97,98,99,-1,99,98,100,-1,99,100,101,-1,101,100,102,-1,101,102,103,-1,103,102,104,-1,103,104,105,-1,105,104,106,-1,105,106,107,-1,107,106,108,-1,107,108,109,-1,109,108,110,-1,109,110,111,-1,111,110,112,-1,111,112,113,-1,113,112,114,-1,113,114,115,-1,116,115,117,-1,117,115,114,-1,116,117,118,-1,116,118,119,-1,119,118,120,-1,119,120,121,-1,121,120,122,-1,121,122,123,-1,123,122,124,-1,123,124,125,-1,125,124,126,-1,125,126,127,-1,127,126,128,-1,127,128,129,-1,129,128,130,-1,129,130,131,-1,131,130,132,-1,131,132,133,-1,133,132,134,-1,133,134,135,-1,135,134,136,-1,135,136,137,-1,137,136,138,-1,137,138,139,-1,139,138,140,-1,139,140,141,-1,141,140,142,-1,141,142,143,-1,143,142,144,-1,143,144,145,-1,145,144,146,-1,145,146,147,-1,147,146,148,-1,147,148,149,-1,149,148,150,-1,149,150,151,-1,151,150,152,-1,151,152,153,-1,153,152,154,-1,153,154,155,-1,155,154,156,-1,155,156,157,-1,157,156,158,-1,157,158,159,-1,159,158,160,-1,159,160,161,-1,161,160,162,-1,161,162,163,-1,163,162,164,-1,163,164,165,-1,165,164,166,-1,165,166,167,-1,167,166,168,-1,167,168,169,-1,169,168,170,-1,169,170,171,-1,171,170,172,-1,171,172,173,-1,173,172,174,-1,173,174,175,-1,175,174,176,-1,175,176,177,-1,177,176,178,-1,177,178,179,-1,179,178,180,-1,179,180,181,-1,181,180,182,-1,181,182,183,-1,183,182,184,-1,183,184,185,-1,185,184,186,-1,185,186,187,-1,187,186,188,-1,187,188,189,-1,189,188,190,-1,189,190,191,-1,191,190,192,-1,191,192,193,-1,193,192,194,-1,193,194,195,-1,195,194,196,-1,195,196,197,-1,197,196,13,-1,197,13,12,-1,113,115,116,-1,57,177,179,-1,57,179,55,-1,55,179,181,-1,55,181,53,-1,53,181,183,-1,53,183,51,-1,51,183,185,-1,51,185,49,-1,49,185,187,-1,49,187,47,-1,33,21,31,-1,31,21,23,-1,31,23,29,-1,29,23,25,-1,29,25,26,-1,187,189,47,-1,47,189,191,-1,47,191,45,-1,45,191,193,-1,45,193,43,-1,43,193,195,-1,43,195,41,-1,41,195,197,-1,41,197,39,-1,39,197,12,-1,39,12,37,-1,37,12,15,-1,37,15,35,-1,35,15,17,-1,35,17,33,-1,33,17,19,-1,33,19,21,-1,89,143,87,-1,87,143,145,-1,87,145,85,-1,85,145,147,-1,85,147,83,-1,83,147,149,-1,83,149,81,-1,81,149,151,-1,81,151,79,-1,79,151,153,-1,79,153,77,-1,77,153,155,-1,77,155,75,-1,113,116,111,-1,111,116,119,-1,111,119,109,-1,109,119,121,-1,109,121,107,-1,107,121,123,-1,107,123,105,-1,105,123,125,-1,105,125,103,-1,103,125,127,-1,103,127,101,-1,101,127,129,-1,101,129,99,-1,99,129,131,-1,99,131,97,-1,97,131,133,-1,97,133,95,-1,95,133,135,-1,95,135,93,-1,93,135,137,-1,93,137,91,-1,91,137,139,-1,91,139,89,-1,89,139,141,-1,89,141,143,-1,177,57,175,-1,175,57,59,-1,175,59,173,-1,173,59,61,-1,173,61,171,-1,171,61,63,-1,171,63,169,-1,169,63,65,-1,169,65,167,-1,167,65,165,-1,165,65,67,-1,165,67,163,-1,155,157,75,-1,75,157,159,-1,75,159,73,-1,73,159,161,-1,73,161,71,-1,71,161,163,-1,71,163,69,-1,69,163,67,-1,28,27,24,-1,28,24,30,-1,44,190,46,-1,46,190,188,-1,46,188,48,-1,48,188,186,-1,48,186,50,-1,50,186,184,-1,50,184,52,-1,52,184,182,-1,52,182,54,-1,114,112,117,-1,117,112,110,-1,117,110,118,-1,118,110,108,-1,182,180,54,-1,54,180,178,-1,54,178,56,-1,56,178,176,-1,56,176,58,-1,58,176,174,-1,58,174,60,-1,60,174,172,-1,60,172,62,-1,24,22,30,-1,30,22,20,-1,30,20,32,-1,32,20,18,-1,32,18,34,-1,34,18,16,-1,34,16,36,-1,36,16,14,-1,36,14,38,-1,38,14,13,-1,38,13,40,-1,40,13,196,-1,40,196,42,-1,42,196,194,-1,42,194,44,-1,44,194,192,-1,44,192,190,-1,82,146,84,-1,84,146,144,-1,84,144,86,-1,86,144,142,-1,86,142,88,-1,88,142,140,-1,88,140,90,-1,90,140,138,-1,90,138,92,-1,92,138,136,-1,92,136,94,-1,94,136,134,-1,94,134,96,-1,96,134,132,-1,96,132,98,-1,98,132,130,-1,98,130,100,-1,100,130,128,-1,100,128,102,-1,102,128,126,-1,102,126,104,-1,104,126,124,-1,104,124,106,-1,106,124,122,-1,106,122,108,-1,108,122,120,-1,108,120,118,-1,162,160,72,-1,72,160,158,-1,72,158,74,-1,74,158,156,-1,74,156,76,-1,76,156,154,-1,76,154,78,-1,78,154,152,-1,78,152,80,-1,80,152,150,-1,80,150,82,-1,82,150,148,-1,82,148,146,-1,172,170,62,-1,62,170,168,-1,62,168,64,-1,64,168,166,-1,64,166,66,-1,66,166,164,-1,66,164,68,-1,68,164,162,-1,68,162,70,-1,70,162,72,-1,198,199,200,-1,200,199,201,-1,202,198,203,-1,203,198,200,-1,204,202,205,-1,205,202,203,-1,206,204,207,-1,207,204,205,-1,208,206,209,-1,209,206,207,-1,210,208,211,-1,211,208,209,-1,212,210,213,-1,213,210,211,-1,214,212,215,-1,215,212,213,-1,216,214,217,-1,217,214,215,-1,218,216,219,-1,219,216,217,-1,220,218,221,-1,221,218,219,-1,199,220,201,-1,201,220,221,-1,220,199,198,-1,198,202,220,-1,220,202,204,-1,220,204,218,-1,214,216,212,-1,212,216,218,-1,212,218,210,-1,210,218,204,-1,210,204,208,-1,208,204,206,-1,200,201,203,-1,203,201,221,-1,203,221,205,-1,217,215,219,-1,219,215,213,-1,219,213,211,-1,209,207,211,-1,211,207,205,-1,211,205,219,-1,219,205,221,-1,222,223,224,-1,224,223,225,-1,224,225,226,-1,226,225,227,-1,226,227,228,-1,228,227,229,-1,228,229,230,-1,230,229,231,-1,230,231,232,-1,232,231,233,-1,232,233,234,-1,234,233,235,-1,234,235,236,-1,236,235,237,-1,236,237,238,-1,239,240,241,-1,241,240,242,-1,241,242,243,-1,243,242,244,-1,243,244,245,-1,245,244,246,-1,245,246,247,-1,246,248,247,-1,247,248,249,-1,247,249,250,-1,250,249,251,-1,250,251,252,-1,252,251,253,-1,252,253,254,-1,254,253,255,-1,254,255,256,-1,256,255,257,-1,256,257,258,-1,258,257,259,-1,258,259,260,-1,260,259,261,-1,260,261,262,-1,262,261,263,-1,262,263,264,-1,264,263,265,-1,264,265,266,-1,266,265,267,-1,266,267,268,-1,268,267,269,-1,268,269,270,-1,270,269,271,-1,270,271,272,-1,272,271,273,-1,272,273,274,-1,274,273,275,-1,274,275,276,-1,276,275,277,-1,276,277,278,-1,278,277,279,-1,278,279,280,-1,280,279,281,-1,280,281,222,-1,222,281,282,-1,222,282,223,-1,237,283,238,-1,238,283,284,-1,238,284,285,-1,285,284,286,-1,285,286,287,-1,287,286,288,-1,287,288,289,-1,289,288,290,-1,289,290,291,-1,291,290,292,-1,291,292,293,-1,293,292,294,-1,293,294,239,-1,239,294,295,-1,239,295,240,-1,296,297,298,-1,298,297,299,-1,298,299,300,-1,300,299,301,-1,300,301,302,-1,302,301,303,-1,302,303,304,-1,304,303,305,-1,304,305,306,-1,306,305,307,-1,306,307,308,-1,309,310,311,-1,311,310,312,-1,311,312,313,-1,313,312,314,-1,313,314,315,-1,315,314,316,-1,315,316,317,-1,317,316,318,-1,317,318,319,-1,319,318,320,-1,319,320,321,-1,321,320,322,-1,321,322,323,-1,323,322,324,-1,323,324,325,-1,325,324,326,-1,325,326,327,-1,327,326,328,-1,327,328,329,-1,329,328,330,-1,329,330,331,-1,331,330,332,-1,331,332,333,-1,333,332,334,-1,333,334,335,-1,335,334,336,-1,335,336,337,-1,337,336,338,-1,337,338,296,-1,296,338,339,-1,296,339,297,-1,340,341,342,-1,342,341,343,-1,342,343,344,-1,344,343,345,-1,344,345,346,-1,346,345,347,-1,346,347,348,-1,348,347,349,-1,348,349,350,-1,350,349,351,-1,350,351,352,-1,352,351,353,-1,352,353,354,-1,354,353,355,-1,354,355,309,-1,309,355,356,-1,309,356,310,-1,307,357,308,-1,308,357,358,-1,308,358,359,-1,359,358,360,-1,359,360,361,-1,361,360,362,-1,361,362,363,-1,363,362,364,-1,363,364,365,-1,365,364,366,-1,365,366,367,-1,367,366,368,-1,367,368,340,-1,340,368,369,-1,340,369,341,-1,275,273,320,-1,320,273,322,-1,275,320,318,-1,275,318,277,-1,277,318,316,-1,277,316,279,-1,279,316,314,-1,279,314,281,-1,281,314,312,-1,281,312,282,-1,282,312,310,-1,282,310,223,-1,223,310,356,-1,223,356,225,-1,225,356,355,-1,225,355,227,-1,227,355,353,-1,227,353,229,-1,229,353,351,-1,229,351,231,-1,231,351,349,-1,231,349,233,-1,233,349,347,-1,233,347,235,-1,235,347,345,-1,235,345,237,-1,237,345,343,-1,237,343,283,-1,283,343,341,-1,283,341,284,-1,284,341,369,-1,284,369,286,-1,286,369,368,-1,286,368,288,-1,288,368,366,-1,288,366,290,-1,290,366,364,-1,290,364,292,-1,292,364,362,-1,292,362,294,-1,294,362,360,-1,294,360,295,-1,295,360,358,-1,295,358,240,-1,240,358,357,-1,240,357,242,-1,242,357,307,-1,242,307,244,-1,244,307,305,-1,244,305,246,-1,246,305,303,-1,246,303,248,-1,248,303,301,-1,248,301,249,-1,249,301,299,-1,249,299,251,-1,251,299,297,-1,251,297,253,-1,253,297,339,-1,253,339,255,-1,255,339,338,-1,255,338,257,-1,257,338,336,-1,257,336,259,-1,259,336,334,-1,259,334,261,-1,261,334,332,-1,261,332,263,-1,263,332,330,-1,263,330,265,-1,265,330,328,-1,265,328,267,-1,267,328,326,-1,267,326,269,-1,271,269,324,-1,324,269,326,-1,273,271,322,-1,322,271,324,-1,268,270,325,-1,325,270,323,-1,270,272,323,-1,323,272,321,-1,272,274,321,-1,321,274,319,-1,230,350,352,-1,230,352,228,-1,228,352,354,-1,228,354,226,-1,226,354,309,-1,226,309,224,-1,224,309,311,-1,224,311,222,-1,222,311,313,-1,222,313,280,-1,280,313,315,-1,280,315,278,-1,278,315,317,-1,278,317,276,-1,276,317,319,-1,276,319,274,-1,291,363,365,-1,291,365,289,-1,289,365,367,-1,289,367,287,-1,287,367,340,-1,287,340,285,-1,285,340,342,-1,285,342,238,-1,238,342,344,-1,238,344,236,-1,236,344,346,-1,236,346,234,-1,234,346,348,-1,234,348,232,-1,232,348,350,-1,232,350,230,-1,252,298,300,-1,252,300,250,-1,250,300,302,-1,250,302,247,-1,247,302,304,-1,247,304,245,-1,245,304,306,-1,245,306,243,-1,243,306,308,-1,243,308,241,-1,241,308,359,-1,241,359,239,-1,239,359,361,-1,239,361,293,-1,293,361,363,-1,293,363,291,-1,268,325,327,-1,268,327,266,-1,266,327,329,-1,266,329,264,-1,264,329,331,-1,264,331,262,-1,262,331,333,-1,262,333,260,-1,260,333,335,-1,260,335,258,-1,258,335,337,-1,258,337,256,-1,256,337,296,-1,256,296,254,-1,254,296,298,-1,254,298,252,-1,370,371,372,-1,372,371,373,-1,374,375,370,-1,370,375,376,-1,370,376,371,-1,371,376,377,-1,374,378,375,-1,375,378,379,-1,375,379,380,-1,380,379,381,-1,380,381,382,-1,382,383,380,-1,380,383,372,-1,380,372,384,-1,384,372,373,-1,384,373,385,-1,386,387,388,-1,387,389,388,-1,388,389,390,-1,388,390,391,-1,391,390,392,-1,391,392,393,-1,393,394,391,-1,391,394,395,-1,391,395,396,-1,397,398,399,-1,400,396,401,-1,401,396,395,-1,401,395,399,-1,399,395,386,-1,399,386,397,-1,397,386,388,-1,380,384,388,-1,388,384,397,-1,375,380,391,-1,391,380,388,-1,376,375,396,-1,396,375,391,-1,377,376,400,-1,400,376,396,-1,371,377,401,-1,401,377,400,-1,373,371,399,-1,399,371,401,-1,385,373,398,-1,398,373,399,-1,384,385,397,-1,397,385,398,-1,370,372,395,-1,395,372,386,-1,372,383,386,-1,386,383,387,-1,381,390,389,-1,381,389,382,-1,382,389,387,-1,382,387,383,-1,381,379,390,-1,390,379,392,-1,374,394,393,-1,374,393,378,-1,378,393,392,-1,378,392,379,-1,374,370,394,-1,394,370,395,-1,402,403,404,-1,404,403,405,-1,406,402,407,-1,407,402,404,-1,408,406,409,-1,409,406,407,-1,410,408,411,-1,411,408,409,-1,412,410,413,-1,413,410,411,-1,414,412,415,-1,415,412,413,-1,416,414,417,-1,417,414,415,-1,418,416,419,-1,419,416,417,-1,420,418,421,-1,421,418,419,-1,422,420,423,-1,423,420,421,-1,424,422,425,-1,425,422,423,-1,403,424,405,-1,405,424,425,-1,403,402,424,-1,424,402,406,-1,410,412,408,-1,408,412,414,-1,418,420,416,-1,416,420,422,-1,416,422,414,-1,414,422,424,-1,414,424,408,-1,408,424,406,-1,423,421,419,-1,419,417,423,-1,423,417,415,-1,423,415,425,-1,404,405,407,-1,407,405,425,-1,407,425,409,-1,409,425,415,-1,409,415,411,-1,411,415,413,-1,426,427,428,-1,428,427,429,-1,430,431,432,-1,433,434,435,-1,435,434,436,-1,432,431,437,-1,437,431,438,-1,437,438,439,-1,439,438,440,-1,439,440,441,-1,442,443,444,-1,434,445,436,-1,436,445,446,-1,436,446,447,-1,433,435,448,-1,448,435,449,-1,448,449,450,-1,450,449,451,-1,450,451,452,-1,441,440,453,-1,453,440,454,-1,453,454,455,-1,455,454,456,-1,455,456,457,-1,446,458,447,-1,447,458,459,-1,447,459,460,-1,460,459,461,-1,460,461,462,-1,428,463,464,-1,464,463,465,-1,464,465,466,-1,467,468,469,-1,469,468,470,-1,469,470,471,-1,471,470,472,-1,471,472,473,-1,474,475,429,-1,429,475,476,-1,429,476,428,-1,428,476,477,-1,428,477,463,-1,457,456,478,-1,478,456,479,-1,478,479,480,-1,480,479,481,-1,480,481,482,-1,483,484,485,-1,485,484,486,-1,485,486,487,-1,487,486,488,-1,487,488,489,-1,444,490,442,-1,442,490,491,-1,442,491,483,-1,483,491,492,-1,483,492,484,-1,493,494,495,-1,495,494,496,-1,495,496,443,-1,443,496,497,-1,443,497,444,-1,498,499,500,-1,500,499,452,-1,500,452,501,-1,501,452,451,-1,472,502,473,-1,473,502,503,-1,473,503,504,-1,504,503,505,-1,504,505,506,-1,506,505,466,-1,506,466,507,-1,507,466,465,-1,482,481,508,-1,508,481,509,-1,508,509,510,-1,510,499,508,-1,508,499,498,-1,508,498,429,-1,429,498,511,-1,429,511,474,-1,488,512,489,-1,489,512,513,-1,489,513,514,-1,514,513,515,-1,514,515,516,-1,516,515,517,-1,516,517,467,-1,467,517,518,-1,467,518,468,-1,461,519,462,-1,462,519,520,-1,462,520,521,-1,521,520,522,-1,521,522,523,-1,432,524,430,-1,430,524,525,-1,430,525,526,-1,526,525,527,-1,526,527,528,-1,528,527,529,-1,528,529,530,-1,530,529,531,-1,530,531,532,-1,532,531,533,-1,532,533,534,-1,534,533,535,-1,534,535,536,-1,536,535,537,-1,536,537,538,-1,538,537,539,-1,538,539,540,-1,540,539,541,-1,540,541,542,-1,542,541,543,-1,542,543,544,-1,522,545,523,-1,523,545,546,-1,523,546,493,-1,493,546,547,-1,493,547,494,-1,548,549,550,-1,551,552,553,-1,553,552,554,-1,553,554,555,-1,556,557,558,-1,559,560,561,-1,561,560,562,-1,561,562,563,-1,554,564,555,-1,555,564,565,-1,555,565,566,-1,566,565,567,-1,566,567,568,-1,569,570,571,-1,571,570,572,-1,571,572,573,-1,573,572,574,-1,573,574,551,-1,551,574,575,-1,551,575,552,-1,576,556,577,-1,577,556,558,-1,577,558,578,-1,578,558,579,-1,580,581,582,-1,582,581,583,-1,582,583,584,-1,584,583,585,-1,584,585,586,-1,586,585,587,-1,586,587,588,-1,588,587,589,-1,590,591,580,-1,580,591,592,-1,580,592,581,-1,593,594,559,-1,559,594,595,-1,559,595,560,-1,596,597,593,-1,593,597,598,-1,593,598,594,-1,599,600,601,-1,601,600,558,-1,601,558,602,-1,602,558,557,-1,603,604,590,-1,590,604,605,-1,590,605,591,-1,567,606,568,-1,568,606,607,-1,568,607,608,-1,608,607,609,-1,608,609,610,-1,610,609,600,-1,610,600,611,-1,562,612,563,-1,563,612,613,-1,563,613,614,-1,611,600,615,-1,615,600,599,-1,615,599,589,-1,589,599,616,-1,589,616,588,-1,548,550,617,-1,617,550,618,-1,617,618,619,-1,619,618,620,-1,619,620,621,-1,621,620,622,-1,621,622,623,-1,623,622,624,-1,623,624,625,-1,625,624,626,-1,625,626,627,-1,627,626,628,-1,627,628,629,-1,629,628,630,-1,629,630,569,-1,569,630,631,-1,569,631,570,-1,632,633,634,-1,634,633,635,-1,634,635,603,-1,603,635,636,-1,603,636,604,-1,613,637,614,-1,614,637,638,-1,614,638,639,-1,639,638,640,-1,639,640,632,-1,632,640,641,-1,632,641,633,-1,642,643,644,-1,644,643,645,-1,644,645,646,-1,646,645,647,-1,646,647,648,-1,648,647,649,-1,648,649,650,-1,651,652,653,-1,653,652,654,-1,653,654,655,-1,655,654,656,-1,655,656,596,-1,596,656,657,-1,596,657,597,-1,649,658,650,-1,650,658,659,-1,650,659,660,-1,660,659,661,-1,660,661,662,-1,662,661,663,-1,662,663,651,-1,651,663,664,-1,651,664,652,-1,644,665,642,-1,642,665,666,-1,642,666,667,-1,667,666,668,-1,667,668,577,-1,577,668,669,-1,577,669,576,-1,529,630,628,-1,529,628,531,-1,531,628,626,-1,531,626,533,-1,533,626,624,-1,533,624,535,-1,535,624,622,-1,535,622,537,-1,537,622,620,-1,537,620,539,-1,539,620,618,-1,539,618,541,-1,541,618,550,-1,541,550,543,-1,544,543,549,-1,549,543,550,-1,544,549,548,-1,544,548,542,-1,542,548,617,-1,542,617,540,-1,540,617,619,-1,540,619,538,-1,538,619,621,-1,538,621,536,-1,536,621,623,-1,536,623,534,-1,534,623,625,-1,534,625,532,-1,532,625,627,-1,532,627,530,-1,530,627,629,-1,530,629,528,-1,528,629,569,-1,528,569,526,-1,526,569,571,-1,526,571,430,-1,430,571,573,-1,430,573,431,-1,431,573,551,-1,431,551,438,-1,438,551,553,-1,438,553,440,-1,440,553,555,-1,440,555,454,-1,454,555,566,-1,454,566,456,-1,456,566,568,-1,456,568,479,-1,479,568,608,-1,479,608,481,-1,481,608,610,-1,481,610,509,-1,509,610,611,-1,509,611,510,-1,510,611,615,-1,510,615,499,-1,452,499,589,-1,589,499,615,-1,452,589,587,-1,452,587,450,-1,450,587,585,-1,450,585,448,-1,448,585,583,-1,448,583,433,-1,433,583,581,-1,433,581,434,-1,434,581,592,-1,434,592,445,-1,445,592,591,-1,445,591,446,-1,446,591,605,-1,446,605,458,-1,458,605,604,-1,458,604,459,-1,459,604,636,-1,459,636,461,-1,461,636,635,-1,461,635,519,-1,519,635,633,-1,519,633,520,-1,520,633,641,-1,520,641,522,-1,522,641,640,-1,522,640,545,-1,545,640,638,-1,545,638,546,-1,546,638,637,-1,546,637,547,-1,547,637,613,-1,547,613,494,-1,494,613,612,-1,494,612,496,-1,496,612,562,-1,496,562,497,-1,497,562,560,-1,497,560,444,-1,444,560,595,-1,444,595,490,-1,490,595,594,-1,490,594,491,-1,491,594,598,-1,491,598,492,-1,492,598,597,-1,492,597,484,-1,484,597,657,-1,484,657,486,-1,486,657,656,-1,486,656,488,-1,488,656,654,-1,488,654,512,-1,512,654,652,-1,512,652,513,-1,513,652,664,-1,513,664,515,-1,515,664,663,-1,515,663,517,-1,517,663,661,-1,517,661,518,-1,518,661,659,-1,518,659,468,-1,468,659,658,-1,468,658,470,-1,470,658,649,-1,470,649,472,-1,472,649,647,-1,472,647,502,-1,502,647,645,-1,502,645,503,-1,503,645,643,-1,503,643,505,-1,505,643,642,-1,505,642,466,-1,466,642,667,-1,466,667,464,-1,428,464,577,-1,577,464,667,-1,426,428,578,-1,578,428,577,-1,427,426,579,-1,579,426,578,-1,429,427,558,-1,558,427,579,-1,429,558,600,-1,429,600,508,-1,508,600,609,-1,508,609,482,-1,482,609,607,-1,482,607,480,-1,480,607,606,-1,480,606,478,-1,478,606,567,-1,478,567,457,-1,457,567,565,-1,457,565,455,-1,455,565,564,-1,455,564,453,-1,453,564,554,-1,453,554,441,-1,441,554,552,-1,441,552,439,-1,439,552,575,-1,439,575,437,-1,437,575,574,-1,437,574,432,-1,432,574,572,-1,432,572,524,-1,524,572,570,-1,524,570,525,-1,525,570,631,-1,525,631,527,-1,527,631,630,-1,527,630,529,-1,436,580,582,-1,436,582,435,-1,435,582,584,-1,435,584,449,-1,449,584,586,-1,449,586,451,-1,451,586,588,-1,451,588,501,-1,501,588,616,-1,501,616,500,-1,523,639,632,-1,523,632,521,-1,521,632,634,-1,521,634,462,-1,462,634,603,-1,462,603,460,-1,460,603,590,-1,460,590,447,-1,447,590,580,-1,447,580,436,-1,483,593,559,-1,483,559,442,-1,442,559,561,-1,442,561,443,-1,443,561,563,-1,443,563,495,-1,495,563,614,-1,495,614,493,-1,493,614,639,-1,493,639,523,-1,516,662,651,-1,516,651,514,-1,514,651,653,-1,514,653,489,-1,489,653,655,-1,489,655,487,-1,487,655,596,-1,487,596,485,-1,485,596,593,-1,485,593,483,-1,507,666,665,-1,507,665,506,-1,506,665,644,-1,506,644,504,-1,504,644,646,-1,504,646,473,-1,473,646,648,-1,473,648,471,-1,471,648,650,-1,471,650,469,-1,469,650,660,-1,469,660,467,-1,467,660,662,-1,467,662,516,-1,511,601,602,-1,511,602,474,-1,474,602,557,-1,474,557,475,-1,475,557,556,-1,475,556,476,-1,476,556,576,-1,476,576,477,-1,477,576,669,-1,477,669,463,-1,463,669,668,-1,463,668,465,-1,465,668,666,-1,465,666,507,-1,511,498,601,-1,601,498,599,-1,498,500,599,-1,599,500,616,-1,670,671,672,-1,670,672,673,-1,673,672,674,-1,673,674,675,-1,675,674,676,-1,675,676,677,-1,677,676,678,-1,677,678,679,-1,679,678,680,-1,679,680,681,-1,681,680,682,-1,681,682,683,-1,683,682,684,-1,683,684,685,-1,686,685,687,-1,687,685,684,-1,686,687,688,-1,686,688,689,-1,689,688,690,-1,689,690,691,-1,691,690,692,-1,691,692,693,-1,693,692,694,-1,693,694,695,-1,695,694,696,-1,695,696,697,-1,697,696,698,-1,697,698,699,-1,699,698,700,-1,699,700,701,-1,701,700,702,-1,701,702,703,-1,703,702,704,-1,703,704,705,-1,705,704,706,-1,705,706,707,-1,707,706,708,-1,707,708,709,-1,709,708,710,-1,709,710,711,-1,711,710,712,-1,711,712,713,-1,713,712,714,-1,713,714,715,-1,715,714,716,-1,715,716,717,-1,717,716,718,-1,717,718,719,-1,719,718,720,-1,719,720,721,-1,721,720,722,-1,721,722,723,-1,723,722,724,-1,723,724,725,-1,725,724,726,-1,725,726,727,-1,727,726,728,-1,727,728,729,-1,729,728,730,-1,729,730,731,-1,731,730,732,-1,731,732,733,-1,733,732,734,-1,733,734,735,-1,735,734,736,-1,735,736,737,-1,737,736,738,-1,737,738,739,-1,739,738,740,-1,739,740,741,-1,741,740,742,-1,741,742,743,-1,743,742,744,-1,743,744,745,-1,745,744,746,-1,745,746,747,-1,747,746,748,-1,747,748,749,-1,749,748,750,-1,749,750,751,-1,751,750,752,-1,751,752,753,-1,753,752,754,-1,753,754,755,-1,755,754,756,-1,755,756,757,-1,757,756,758,-1,757,758,759,-1,759,758,760,-1,759,760,761,-1,761,760,762,-1,761,762,763,-1,763,762,764,-1,763,764,765,-1,765,764,766,-1,765,766,767,-1,767,766,768,-1,767,768,769,-1,769,768,770,-1,769,770,771,-1,771,770,772,-1,771,772,773,-1,773,772,774,-1,773,774,775,-1,775,774,776,-1,775,776,777,-1,777,776,778,-1,777,778,779,-1,779,778,780,-1,779,780,781,-1,781,780,782,-1,781,782,783,-1,783,782,784,-1,783,784,785,-1,785,784,786,-1,785,786,787,-1,787,786,788,-1,787,788,789,-1,789,788,790,-1,789,790,791,-1,791,790,792,-1,791,792,793,-1,793,792,794,-1,793,794,795,-1,795,794,796,-1,795,796,797,-1,797,796,798,-1,797,798,799,-1,799,798,800,-1,799,800,801,-1,801,800,802,-1,801,802,803,-1,803,802,804,-1,803,804,805,-1,806,805,807,-1,807,805,804,-1,806,807,808,-1,806,808,809,-1,809,808,810,-1,809,810,811,-1,811,810,812,-1,811,812,813,-1,813,812,814,-1,813,814,815,-1,815,814,816,-1,815,816,817,-1,817,816,818,-1,817,818,819,-1,819,818,820,-1,819,820,821,-1,821,820,822,-1,821,822,823,-1,823,822,824,-1,823,824,825,-1,825,824,826,-1,825,826,827,-1,827,826,828,-1,827,828,829,-1,829,828,830,-1,829,830,831,-1,831,830,832,-1,831,832,833,-1,833,832,834,-1,833,834,835,-1,835,834,836,-1,835,836,837,-1,837,836,838,-1,837,838,839,-1,839,838,840,-1,839,840,841,-1,841,840,842,-1,841,842,843,-1,843,842,844,-1,843,844,845,-1,845,844,846,-1,845,846,847,-1,847,846,848,-1,847,848,849,-1,849,848,850,-1,849,850,851,-1,851,850,852,-1,851,852,853,-1,853,852,854,-1,853,854,855,-1,855,854,856,-1,855,856,857,-1,857,856,858,-1,857,858,859,-1,859,858,860,-1,859,860,861,-1,861,860,862,-1,861,862,863,-1,863,862,864,-1,863,864,865,-1,865,864,866,-1,865,866,867,-1,867,866,868,-1,867,868,869,-1,869,868,870,-1,869,870,871,-1,871,870,872,-1,871,872,873,-1,873,872,874,-1,873,874,875,-1,875,874,876,-1,875,876,877,-1,877,876,878,-1,877,878,879,-1,879,878,880,-1,879,880,881,-1,881,880,882,-1,881,882,883,-1,883,882,884,-1,883,884,885,-1,885,884,886,-1,885,886,887,-1,887,886,888,-1,887,888,889,-1,889,888,890,-1,889,890,891,-1,891,890,892,-1,891,892,893,-1,893,892,894,-1,893,894,895,-1,895,894,896,-1,895,896,897,-1,897,896,898,-1,897,898,899,-1,899,898,900,-1,899,900,901,-1,901,900,902,-1,901,902,903,-1,903,902,904,-1,903,904,905,-1,905,904,906,-1,905,906,907,-1,907,906,671,-1,907,671,670,-1,683,685,686,-1,803,805,806,-1,713,715,897,-1,897,715,895,-1,777,837,775,-1,775,837,839,-1,775,839,773,-1,715,717,895,-1,895,717,719,-1,895,719,893,-1,779,833,777,-1,777,833,835,-1,777,835,837,-1,713,897,711,-1,711,897,899,-1,711,899,709,-1,709,899,901,-1,709,901,707,-1,707,901,903,-1,707,903,705,-1,855,765,853,-1,853,765,767,-1,737,883,735,-1,735,883,885,-1,839,841,773,-1,773,841,843,-1,773,843,771,-1,843,845,771,-1,771,845,847,-1,771,847,769,-1,769,847,849,-1,769,849,767,-1,767,849,851,-1,767,851,853,-1,855,857,765,-1,765,857,859,-1,765,859,763,-1,763,859,861,-1,763,861,761,-1,761,861,863,-1,761,863,759,-1,759,863,865,-1,759,865,757,-1,889,729,887,-1,887,729,731,-1,887,731,885,-1,885,731,733,-1,885,733,735,-1,719,721,893,-1,893,721,723,-1,893,723,891,-1,891,723,725,-1,891,725,889,-1,889,725,727,-1,889,727,729,-1,737,739,883,-1,883,739,741,-1,883,741,881,-1,881,741,743,-1,881,743,879,-1,879,743,745,-1,879,745,877,-1,877,745,747,-1,877,747,875,-1,705,903,703,-1,703,903,905,-1,703,905,701,-1,701,905,907,-1,701,907,699,-1,699,907,670,-1,699,670,697,-1,697,670,673,-1,697,673,695,-1,695,673,675,-1,695,675,693,-1,693,675,677,-1,693,677,691,-1,691,677,679,-1,691,679,689,-1,689,679,686,-1,686,679,681,-1,686,681,683,-1,747,749,875,-1,875,749,751,-1,875,751,873,-1,873,751,753,-1,873,753,871,-1,871,753,755,-1,871,755,869,-1,869,755,757,-1,869,757,867,-1,867,757,865,-1,803,806,801,-1,801,806,809,-1,801,809,799,-1,799,809,811,-1,799,811,797,-1,797,811,813,-1,797,813,795,-1,795,813,815,-1,795,815,793,-1,793,815,817,-1,793,817,791,-1,791,817,819,-1,791,819,789,-1,789,819,821,-1,789,821,787,-1,787,821,823,-1,787,823,785,-1,785,823,825,-1,785,825,783,-1,783,825,827,-1,783,827,781,-1,781,827,829,-1,781,829,779,-1,779,829,831,-1,779,831,833,-1,894,714,896,-1,896,714,712,-1,896,712,898,-1,898,712,710,-1,898,710,900,-1,776,774,836,-1,856,764,858,-1,858,764,762,-1,892,718,894,-1,894,718,716,-1,894,716,714,-1,886,884,732,-1,732,884,734,-1,734,884,882,-1,734,882,736,-1,856,854,764,-1,764,854,852,-1,764,852,766,-1,766,852,850,-1,766,850,768,-1,880,740,882,-1,882,740,738,-1,882,738,736,-1,770,842,772,-1,772,842,840,-1,772,840,774,-1,774,840,838,-1,774,838,836,-1,890,722,892,-1,892,722,720,-1,892,720,718,-1,850,848,768,-1,768,848,846,-1,768,846,770,-1,770,846,844,-1,770,844,842,-1,710,708,900,-1,900,708,706,-1,900,706,902,-1,902,706,704,-1,902,704,904,-1,904,704,702,-1,904,702,906,-1,906,702,700,-1,906,700,671,-1,671,700,698,-1,671,698,672,-1,672,698,696,-1,672,696,674,-1,674,696,694,-1,674,694,676,-1,732,730,886,-1,886,730,728,-1,886,728,888,-1,888,728,726,-1,888,726,890,-1,890,726,724,-1,890,724,722,-1,694,692,676,-1,676,692,690,-1,676,690,678,-1,678,690,688,-1,678,688,680,-1,680,688,687,-1,680,687,682,-1,682,687,684,-1,872,870,754,-1,754,870,868,-1,754,868,756,-1,756,868,866,-1,756,866,758,-1,758,866,864,-1,758,864,760,-1,760,864,862,-1,760,862,762,-1,762,862,860,-1,762,860,858,-1,836,834,776,-1,776,834,832,-1,776,832,778,-1,778,832,830,-1,778,830,780,-1,780,830,828,-1,780,828,782,-1,782,828,826,-1,782,826,784,-1,784,826,824,-1,784,824,786,-1,786,824,822,-1,786,822,788,-1,788,822,820,-1,788,820,790,-1,790,820,818,-1,790,818,792,-1,792,818,816,-1,792,816,794,-1,794,816,814,-1,794,814,796,-1,796,814,812,-1,796,812,798,-1,798,812,810,-1,798,810,800,-1,800,810,808,-1,800,808,802,-1,802,808,807,-1,802,807,804,-1,754,752,872,-1,872,752,750,-1,872,750,874,-1,874,750,748,-1,874,748,876,-1,876,748,746,-1,876,746,878,-1,878,746,744,-1,878,744,880,-1,880,744,742,-1,880,742,740,-1,908,909,910,-1,910,909,911,-1,912,908,913,-1,913,908,910,-1,912,913,914,-1,912,914,915,-1,915,914,916,-1,915,916,917,-1,918,917,919,-1,919,917,916,-1,920,918,921,-1,921,918,919,-1,922,920,923,-1,923,920,921,-1,924,922,925,-1,925,922,923,-1,926,924,927,-1,927,924,925,-1,928,926,929,-1,929,926,927,-1,928,929,930,-1,928,930,931,-1,931,930,932,-1,931,932,933,-1,933,932,934,-1,933,934,935,-1,935,934,936,-1,935,936,937,-1,937,936,938,-1,937,938,939,-1,939,938,940,-1,939,940,941,-1,941,940,942,-1,941,942,943,-1,943,942,944,-1,943,944,945,-1,945,944,946,-1,945,946,947,-1,947,946,948,-1,947,948,949,-1,950,949,951,-1,951,949,948,-1,950,951,952,-1,950,952,953,-1,953,952,954,-1,953,954,955,-1,955,954,956,-1,955,956,957,-1,957,956,958,-1,957,958,959,-1,959,958,960,-1,959,960,961,-1,961,960,962,-1,961,962,963,-1,963,962,964,-1,963,964,965,-1,965,964,966,-1,965,966,967,-1,967,966,968,-1,967,968,969,-1,969,968,970,-1,969,970,971,-1,971,970,972,-1,971,972,973,-1,973,972,974,-1,973,974,975,-1,975,974,976,-1,975,976,977,-1,977,976,978,-1,977,978,979,-1,909,979,911,-1,911,979,978,-1,915,917,979,-1,909,908,979,-1,979,908,912,-1,979,912,915,-1,922,924,920,-1,920,924,926,-1,920,926,918,-1,933,935,967,-1,967,935,965,-1,965,935,937,-1,965,937,963,-1,963,937,939,-1,963,939,961,-1,961,939,959,-1,959,939,941,-1,959,941,957,-1,957,941,943,-1,957,943,955,-1,967,969,933,-1,933,969,971,-1,933,971,931,-1,931,971,973,-1,931,973,928,-1,955,943,953,-1,953,943,945,-1,953,945,950,-1,950,945,947,-1,950,947,949,-1,973,975,928,-1,928,975,977,-1,928,977,926,-1,926,977,979,-1,926,979,918,-1,918,979,917,-1,940,938,960,-1,927,925,923,-1,910,911,913,-1,913,911,978,-1,960,938,962,-1,962,938,936,-1,962,936,964,-1,960,958,940,-1,940,958,956,-1,940,956,942,-1,942,956,954,-1,942,954,944,-1,944,954,952,-1,944,952,946,-1,946,952,951,-1,946,951,948,-1,964,936,966,-1,966,936,934,-1,966,934,968,-1,968,934,932,-1,968,932,970,-1,970,932,930,-1,970,930,972,-1,972,930,974,-1,974,930,929,-1,974,929,976,-1,919,916,978,-1,978,916,914,-1,978,914,913,-1,923,921,927,-1,927,921,919,-1,927,919,929,-1,929,919,978,-1,929,978,976,-1,980,981,982,-1,982,981,983,-1,984,980,985,-1,985,980,982,-1,986,984,987,-1,987,984,985,-1,988,986,989,-1,989,986,987,-1,990,988,991,-1,991,988,989,-1,992,990,993,-1,993,990,991,-1,994,992,995,-1,995,992,993,-1,996,994,997,-1,997,994,995,-1,998,996,999,-1,999,996,997,-1,1000,998,1001,-1,1001,998,999,-1,1002,1000,1003,-1,1003,1000,1001,-1,981,1002,983,-1,983,1002,1003,-1,981,980,1002,-1,1002,980,984,-1,988,990,986,-1,986,990,992,-1,996,998,994,-1,994,998,1000,-1,994,1000,992,-1,992,1000,1002,-1,992,1002,986,-1,986,1002,984,-1,1001,999,997,-1,997,995,1001,-1,1001,995,993,-1,1001,993,1003,-1,982,983,985,-1,985,983,1003,-1,985,1003,987,-1,987,1003,993,-1,987,993,989,-1,989,993,991,-1,1004,1005,1006,-1,1006,1005,1007,-1,1006,1007,1008,-1,1008,1007,1009,-1,1008,1009,1010,-1,1010,1009,1011,-1,1010,1011,1012,-1,1012,1011,1013,-1,1012,1013,1014,-1,1014,1013,1015,-1,1014,1015,1016,-1,1016,1015,1017,-1,1016,1017,1018,-1,1018,1017,1019,-1,1018,1019,1020,-1,1021,1022,1023,-1,1023,1022,1024,-1,1023,1024,1025,-1,1025,1024,1026,-1,1025,1026,1027,-1,1027,1026,1028,-1,1027,1028,1029,-1,1028,1030,1029,-1,1029,1030,1031,-1,1029,1031,1032,-1,1032,1031,1033,-1,1032,1033,1034,-1,1034,1033,1035,-1,1034,1035,1036,-1,1036,1035,1037,-1,1036,1037,1038,-1,1038,1037,1039,-1,1038,1039,1040,-1,1040,1039,1041,-1,1040,1041,1042,-1,1042,1041,1043,-1,1042,1043,1044,-1,1044,1043,1045,-1,1044,1045,1046,-1,1046,1045,1047,-1,1046,1047,1048,-1,1048,1047,1049,-1,1048,1049,1050,-1,1050,1049,1051,-1,1050,1051,1052,-1,1052,1051,1053,-1,1052,1053,1054,-1,1054,1053,1055,-1,1054,1055,1056,-1,1056,1055,1057,-1,1056,1057,1058,-1,1058,1057,1059,-1,1058,1059,1060,-1,1060,1059,1061,-1,1060,1061,1062,-1,1062,1061,1063,-1,1062,1063,1004,-1,1004,1063,1064,-1,1004,1064,1005,-1,1019,1065,1020,-1,1020,1065,1066,-1,1020,1066,1067,-1,1067,1066,1068,-1,1067,1068,1069,-1,1069,1068,1070,-1,1069,1070,1071,-1,1071,1070,1072,-1,1071,1072,1073,-1,1073,1072,1074,-1,1073,1074,1075,-1,1075,1074,1076,-1,1075,1076,1021,-1,1021,1076,1077,-1,1021,1077,1022,-1,1078,1079,1080,-1,1080,1079,1081,-1,1080,1081,1082,-1,1082,1081,1083,-1,1082,1083,1084,-1,1084,1083,1085,-1,1084,1085,1086,-1,1086,1085,1087,-1,1086,1087,1088,-1,1088,1087,1089,-1,1088,1089,1090,-1,1091,1092,1093,-1,1093,1092,1094,-1,1093,1094,1095,-1,1095,1094,1096,-1,1095,1096,1097,-1,1097,1096,1098,-1,1097,1098,1099,-1,1099,1098,1100,-1,1099,1100,1101,-1,1101,1100,1102,-1,1101,1102,1103,-1,1103,1102,1104,-1,1103,1104,1105,-1,1105,1104,1106,-1,1105,1106,1107,-1,1107,1106,1108,-1,1107,1108,1109,-1,1109,1108,1110,-1,1109,1110,1111,-1,1111,1110,1112,-1,1111,1112,1113,-1,1113,1112,1114,-1,1113,1114,1115,-1,1115,1114,1116,-1,1115,1116,1117,-1,1117,1116,1118,-1,1117,1118,1119,-1,1119,1118,1120,-1,1119,1120,1078,-1,1078,1120,1121,-1,1078,1121,1079,-1,1122,1123,1124,-1,1124,1123,1125,-1,1124,1125,1126,-1,1126,1125,1127,-1,1126,1127,1128,-1,1128,1127,1129,-1,1128,1129,1130,-1,1130,1129,1131,-1,1130,1131,1132,-1,1132,1131,1133,-1,1132,1133,1134,-1,1134,1133,1135,-1,1134,1135,1136,-1,1136,1135,1137,-1,1136,1137,1091,-1,1091,1137,1138,-1,1091,1138,1092,-1,1089,1139,1090,-1,1090,1139,1140,-1,1090,1140,1141,-1,1141,1140,1142,-1,1141,1142,1143,-1,1143,1142,1144,-1,1143,1144,1145,-1,1145,1144,1146,-1,1145,1146,1147,-1,1147,1146,1148,-1,1147,1148,1149,-1,1149,1148,1150,-1,1149,1150,1122,-1,1122,1150,1151,-1,1122,1151,1123,-1,1057,1055,1102,-1,1102,1055,1104,-1,1057,1102,1100,-1,1057,1100,1059,-1,1059,1100,1098,-1,1059,1098,1061,-1,1061,1098,1096,-1,1061,1096,1063,-1,1063,1096,1094,-1,1063,1094,1064,-1,1064,1094,1092,-1,1064,1092,1005,-1,1005,1092,1138,-1,1005,1138,1007,-1,1007,1138,1137,-1,1007,1137,1009,-1,1009,1137,1135,-1,1009,1135,1011,-1,1011,1135,1133,-1,1011,1133,1013,-1,1013,1133,1131,-1,1013,1131,1015,-1,1015,1131,1129,-1,1015,1129,1017,-1,1017,1129,1127,-1,1017,1127,1019,-1,1019,1127,1125,-1,1019,1125,1065,-1,1065,1125,1123,-1,1065,1123,1066,-1,1066,1123,1151,-1,1066,1151,1068,-1,1068,1151,1150,-1,1068,1150,1070,-1,1070,1150,1148,-1,1070,1148,1072,-1,1072,1148,1146,-1,1072,1146,1074,-1,1074,1146,1144,-1,1074,1144,1076,-1,1076,1144,1142,-1,1076,1142,1077,-1,1077,1142,1140,-1,1077,1140,1022,-1,1022,1140,1139,-1,1022,1139,1024,-1,1024,1139,1089,-1,1024,1089,1026,-1,1026,1089,1087,-1,1026,1087,1028,-1,1028,1087,1085,-1,1028,1085,1030,-1,1030,1085,1083,-1,1030,1083,1031,-1,1031,1083,1081,-1,1031,1081,1033,-1,1033,1081,1079,-1,1033,1079,1035,-1,1035,1079,1121,-1,1035,1121,1037,-1,1037,1121,1120,-1,1037,1120,1039,-1,1039,1120,1118,-1,1039,1118,1041,-1,1041,1118,1116,-1,1041,1116,1043,-1,1043,1116,1114,-1,1043,1114,1045,-1,1045,1114,1112,-1,1045,1112,1047,-1,1047,1112,1110,-1,1047,1110,1049,-1,1049,1110,1108,-1,1049,1108,1051,-1,1053,1051,1106,-1,1106,1051,1108,-1,1055,1053,1104,-1,1104,1053,1106,-1,1050,1052,1107,-1,1107,1052,1105,-1,1052,1054,1105,-1,1105,1054,1103,-1,1054,1056,1103,-1,1103,1056,1101,-1,1012,1132,1134,-1,1012,1134,1010,-1,1010,1134,1136,-1,1010,1136,1008,-1,1008,1136,1091,-1,1008,1091,1006,-1,1006,1091,1093,-1,1006,1093,1004,-1,1004,1093,1095,-1,1004,1095,1062,-1,1062,1095,1097,-1,1062,1097,1060,-1,1060,1097,1099,-1,1060,1099,1058,-1,1058,1099,1101,-1,1058,1101,1056,-1,1073,1145,1147,-1,1073,1147,1071,-1,1071,1147,1149,-1,1071,1149,1069,-1,1069,1149,1122,-1,1069,1122,1067,-1,1067,1122,1124,-1,1067,1124,1020,-1,1020,1124,1126,-1,1020,1126,1018,-1,1018,1126,1128,-1,1018,1128,1016,-1,1016,1128,1130,-1,1016,1130,1014,-1,1014,1130,1132,-1,1014,1132,1012,-1,1034,1080,1082,-1,1034,1082,1032,-1,1032,1082,1084,-1,1032,1084,1029,-1,1029,1084,1086,-1,1029,1086,1027,-1,1027,1086,1088,-1,1027,1088,1025,-1,1025,1088,1090,-1,1025,1090,1023,-1,1023,1090,1141,-1,1023,1141,1021,-1,1021,1141,1143,-1,1021,1143,1075,-1,1075,1143,1145,-1,1075,1145,1073,-1,1050,1107,1109,-1,1050,1109,1048,-1,1048,1109,1111,-1,1048,1111,1046,-1,1046,1111,1113,-1,1046,1113,1044,-1,1044,1113,1115,-1,1044,1115,1042,-1,1042,1115,1117,-1,1042,1117,1040,-1,1040,1117,1119,-1,1040,1119,1038,-1,1038,1119,1078,-1,1038,1078,1036,-1,1036,1078,1080,-1,1036,1080,1034,-1,1152,1153,1154,-1,1154,1153,1155,-1,1156,1157,1152,-1,1152,1157,1158,-1,1152,1158,1153,-1,1153,1158,1159,-1,1156,1160,1157,-1,1157,1160,1161,-1,1157,1161,1162,-1,1162,1161,1163,-1,1162,1163,1164,-1,1164,1165,1162,-1,1162,1165,1154,-1,1162,1154,1166,-1,1166,1154,1155,-1,1166,1155,1167,-1,1168,1169,1170,-1,1169,1171,1170,-1,1170,1171,1172,-1,1170,1172,1173,-1,1173,1172,1174,-1,1173,1174,1175,-1,1175,1176,1173,-1,1173,1176,1177,-1,1173,1177,1178,-1,1179,1180,1181,-1,1182,1178,1183,-1,1183,1178,1177,-1,1183,1177,1181,-1,1181,1177,1168,-1,1181,1168,1179,-1,1179,1168,1170,-1,1162,1166,1170,-1,1170,1166,1179,-1,1157,1162,1173,-1,1173,1162,1170,-1,1158,1157,1178,-1,1178,1157,1173,-1,1159,1158,1182,-1,1182,1158,1178,-1,1153,1159,1183,-1,1183,1159,1182,-1,1155,1153,1181,-1,1181,1153,1183,-1,1167,1155,1180,-1,1180,1155,1181,-1,1166,1167,1179,-1,1179,1167,1180,-1,1152,1154,1177,-1,1177,1154,1168,-1,1154,1165,1168,-1,1168,1165,1169,-1,1163,1172,1171,-1,1163,1171,1164,-1,1164,1171,1169,-1,1164,1169,1165,-1,1163,1161,1172,-1,1172,1161,1174,-1,1156,1176,1175,-1,1156,1175,1160,-1,1160,1175,1174,-1,1160,1174,1161,-1,1156,1152,1176,-1,1176,1152,1177,-1,1184,1185,1186,-1,1187,1188,1189,-1,1190,1191,1192,-1,1193,1194,1195,-1,1195,1194,1196,-1,1195,1196,1197,-1,1198,1199,1200,-1,1201,1202,1203,-1,1204,1205,1186,-1,1186,1205,1206,-1,1186,1206,1184,-1,1207,1208,1209,-1,1209,1208,1210,-1,1209,1210,1211,-1,1211,1210,1212,-1,1211,1212,1213,-1,1213,1212,1214,-1,1213,1214,1215,-1,1216,1217,1218,-1,1218,1217,1219,-1,1218,1219,1220,-1,1221,1185,1222,-1,1222,1185,1223,-1,1222,1223,1216,-1,1216,1223,1224,-1,1216,1224,1217,-1,1225,1226,1210,-1,1210,1226,1227,-1,1210,1227,1212,-1,1212,1227,1228,-1,1212,1228,1229,-1,1230,1231,1232,-1,1203,1202,1233,-1,1233,1202,1234,-1,1233,1234,1235,-1,1235,1234,1236,-1,1235,1236,1237,-1,1192,1191,1238,-1,1238,1191,1239,-1,1238,1239,1240,-1,1241,1242,1186,-1,1186,1242,1243,-1,1186,1243,1204,-1,1230,1232,1244,-1,1244,1232,1245,-1,1244,1245,1246,-1,1246,1245,1247,-1,1246,1247,1248,-1,1215,1249,1213,-1,1213,1249,1250,-1,1213,1250,1251,-1,1252,1186,1253,-1,1253,1186,1185,-1,1253,1185,1254,-1,1254,1185,1221,-1,1200,1199,1255,-1,1255,1199,1256,-1,1255,1256,1257,-1,1258,1259,1260,-1,1260,1259,1261,-1,1260,1261,1262,-1,1262,1261,1263,-1,1262,1263,1264,-1,1264,1263,1265,-1,1264,1265,1266,-1,1267,1268,1269,-1,1269,1268,1270,-1,1269,1270,1241,-1,1241,1270,1271,-1,1241,1271,1242,-1,1231,1230,1272,-1,1272,1230,1273,-1,1272,1273,1274,-1,1274,1273,1275,-1,1274,1275,1276,-1,1276,1275,1277,-1,1276,1277,1189,-1,1189,1277,1278,-1,1189,1278,1187,-1,1252,1279,1186,-1,1186,1279,1280,-1,1186,1280,1281,-1,1281,1280,1282,-1,1283,1284,1285,-1,1285,1284,1286,-1,1285,1286,1287,-1,1200,1288,1198,-1,1198,1288,1289,-1,1198,1289,1283,-1,1283,1289,1290,-1,1283,1290,1284,-1,1229,1291,1212,-1,1212,1291,1292,-1,1212,1292,1293,-1,1293,1292,1220,-1,1293,1220,1294,-1,1294,1220,1219,-1,1203,1295,1201,-1,1201,1295,1296,-1,1201,1296,1297,-1,1297,1296,1298,-1,1297,1298,1299,-1,1299,1298,1300,-1,1299,1300,1301,-1,1301,1300,1302,-1,1301,1302,1303,-1,1192,1304,1190,-1,1190,1304,1305,-1,1190,1305,1306,-1,1306,1305,1307,-1,1306,1307,1308,-1,1308,1307,1309,-1,1308,1309,1310,-1,1310,1309,1189,-1,1310,1189,1311,-1,1311,1189,1188,-1,1195,1312,1193,-1,1193,1312,1313,-1,1193,1313,1314,-1,1314,1313,1315,-1,1314,1315,1316,-1,1317,1318,1319,-1,1319,1318,1320,-1,1319,1320,1321,-1,1321,1320,1322,-1,1321,1322,1267,-1,1267,1322,1323,-1,1267,1323,1268,-1,1257,1256,1210,-1,1210,1256,1324,-1,1210,1324,1225,-1,1325,1326,1327,-1,1327,1326,1328,-1,1327,1328,1329,-1,1329,1328,1330,-1,1329,1330,1258,-1,1258,1330,1331,-1,1258,1331,1259,-1,1302,1332,1303,-1,1303,1332,1333,-1,1303,1333,1334,-1,1334,1333,1335,-1,1334,1335,1325,-1,1325,1335,1336,-1,1325,1336,1326,-1,1286,1337,1287,-1,1287,1337,1338,-1,1287,1338,1339,-1,1339,1338,1340,-1,1339,1340,1282,-1,1282,1340,1341,-1,1282,1341,1281,-1,1342,1343,1344,-1,1345,1346,1347,-1,1347,1346,1348,-1,1349,1350,1351,-1,1351,1350,1352,-1,1351,1352,1353,-1,1353,1352,1354,-1,1353,1354,1355,-1,1355,1354,1356,-1,1355,1356,1357,-1,1357,1356,1358,-1,1357,1358,1317,-1,1317,1358,1359,-1,1317,1359,1318,-1,1197,1360,1195,-1,1195,1360,1361,-1,1195,1361,1362,-1,1362,1361,1363,-1,1362,1363,1364,-1,1364,1363,1266,-1,1364,1266,1365,-1,1365,1266,1265,-1,1366,1367,1342,-1,1342,1367,1368,-1,1342,1368,1343,-1,1236,1369,1237,-1,1237,1369,1342,-1,1237,1342,1370,-1,1370,1342,1344,-1,1240,1239,1371,-1,1371,1239,1372,-1,1371,1372,1345,-1,1345,1372,1373,-1,1345,1373,1346,-1,1374,1375,1376,-1,1375,1377,1376,-1,1376,1377,1378,-1,1376,1378,1379,-1,1247,1380,1248,-1,1248,1380,1381,-1,1248,1381,1382,-1,1382,1381,1383,-1,1382,1383,1349,-1,1349,1383,1384,-1,1349,1384,1350,-1,1366,1342,1376,-1,1376,1342,1385,-1,1376,1385,1374,-1,1315,1386,1316,-1,1316,1386,1387,-1,1316,1387,1388,-1,1388,1387,1389,-1,1388,1389,1390,-1,1390,1389,1391,-1,1390,1391,1392,-1,1392,1391,1393,-1,1392,1393,1394,-1,1394,1393,1395,-1,1394,1395,1348,-1,1348,1395,1396,-1,1348,1396,1347,-1,1397,1398,1399,-1,1399,1398,1400,-1,1399,1400,1401,-1,1400,1402,1401,-1,1401,1402,1403,-1,1401,1403,1404,-1,1404,1403,1405,-1,1406,1407,1408,-1,1408,1407,1409,-1,1410,1411,1412,-1,1413,1414,1415,-1,1415,1414,1416,-1,1415,1416,1417,-1,1418,1419,1401,-1,1401,1419,1420,-1,1401,1420,1399,-1,1399,1420,1421,-1,1422,1423,1424,-1,1425,1426,1403,-1,1403,1426,1427,-1,1403,1427,1405,-1,1428,1429,1430,-1,1431,1432,1433,-1,1433,1432,1434,-1,1433,1434,1435,-1,1435,1434,1436,-1,1435,1436,1437,-1,1424,1423,1438,-1,1438,1423,1439,-1,1438,1439,1440,-1,1440,1439,1441,-1,1440,1441,1442,-1,1442,1441,1443,-1,1443,1441,1444,-1,1443,1444,1445,-1,1445,1444,1408,-1,1445,1408,1446,-1,1446,1408,1409,-1,1446,1409,1417,-1,1417,1409,1447,-1,1417,1447,1415,-1,1448,1449,1450,-1,1450,1449,1451,-1,1450,1451,1452,-1,1452,1451,1453,-1,1452,1453,1454,-1,1412,1411,1455,-1,1455,1411,1456,-1,1455,1456,1457,-1,1458,1459,1453,-1,1415,1460,1413,-1,1413,1460,1461,-1,1413,1461,1462,-1,1457,1456,1463,-1,1463,1456,1464,-1,1463,1464,1465,-1,1465,1464,1466,-1,1465,1466,1467,-1,1468,1469,1470,-1,1470,1469,1471,-1,1470,1471,1472,-1,1472,1471,1473,-1,1472,1473,1474,-1,1474,1473,1475,-1,1474,1475,1476,-1,1477,1478,1479,-1,1479,1478,1480,-1,1479,1480,1481,-1,1481,1480,1482,-1,1481,1482,1483,-1,1459,1484,1453,-1,1453,1484,1485,-1,1453,1485,1454,-1,1486,1487,1488,-1,1488,1487,1413,-1,1488,1413,1489,-1,1489,1413,1462,-1,1490,1491,1492,-1,1492,1491,1493,-1,1492,1493,1494,-1,1436,1495,1437,-1,1437,1495,1496,-1,1437,1496,1497,-1,1497,1496,1465,-1,1497,1465,1498,-1,1430,1429,1499,-1,1499,1429,1500,-1,1499,1500,1401,-1,1401,1500,1501,-1,1401,1501,1418,-1,1493,1502,1494,-1,1494,1502,1503,-1,1494,1503,1504,-1,1504,1503,1505,-1,1504,1505,1506,-1,1506,1505,1399,-1,1506,1399,1507,-1,1507,1399,1421,-1,1490,1508,1509,-1,1498,1465,1510,-1,1510,1465,1467,-1,1510,1467,1511,-1,1512,1513,1514,-1,1514,1513,1515,-1,1482,1516,1483,-1,1483,1516,1517,-1,1483,1517,1518,-1,1518,1517,1519,-1,1518,1519,1468,-1,1468,1519,1520,-1,1468,1520,1469,-1,1453,1521,1458,-1,1458,1521,1522,-1,1458,1522,1523,-1,1523,1522,1524,-1,1523,1524,1525,-1,1525,1524,1526,-1,1525,1526,1527,-1,1527,1526,1528,-1,1527,1528,1477,-1,1477,1528,1529,-1,1477,1529,1478,-1,1430,1530,1428,-1,1428,1530,1531,-1,1428,1531,1532,-1,1532,1531,1533,-1,1532,1533,1486,-1,1486,1533,1534,-1,1486,1534,1487,-1,1535,1536,1490,-1,1490,1536,1537,-1,1490,1537,1508,-1,1509,1538,1490,-1,1490,1538,1539,-1,1490,1539,1491,-1,1540,1541,1542,-1,1542,1541,1543,-1,1542,1543,1544,-1,1424,1545,1422,-1,1422,1545,1546,-1,1422,1546,1547,-1,1547,1546,1548,-1,1547,1548,1549,-1,1549,1548,1550,-1,1549,1550,1551,-1,1551,1550,1552,-1,1551,1552,1553,-1,1553,1552,1554,-1,1553,1554,1540,-1,1540,1554,1555,-1,1540,1555,1541,-1,1475,1556,1476,-1,1476,1556,1557,-1,1476,1557,1558,-1,1558,1557,1559,-1,1558,1559,1560,-1,1560,1559,1561,-1,1560,1561,1562,-1,1562,1561,1563,-1,1562,1563,1564,-1,1564,1563,1565,-1,1564,1565,1566,-1,1566,1565,1567,-1,1566,1567,1514,-1,1514,1567,1568,-1,1514,1568,1512,-1,1515,1569,1514,-1,1514,1569,1570,-1,1514,1570,1571,-1,1406,1408,1490,-1,1490,1408,1572,-1,1490,1572,1535,-1,1543,1573,1544,-1,1544,1573,1574,-1,1544,1574,1575,-1,1575,1574,1576,-1,1575,1576,1577,-1,1577,1576,1578,-1,1577,1578,1431,-1,1431,1578,1579,-1,1431,1579,1432,-1,1580,1581,1571,-1,1571,1581,1582,-1,1571,1582,1583,-1,1584,1585,1586,-1,1586,1585,1587,-1,1586,1587,1448,-1,1448,1587,1588,-1,1448,1588,1449,-1,1412,1589,1410,-1,1410,1589,1590,-1,1410,1590,1591,-1,1591,1590,1592,-1,1591,1592,1593,-1,1593,1592,1594,-1,1593,1594,1595,-1,1595,1594,1596,-1,1595,1596,1597,-1,1597,1596,1598,-1,1597,1598,1599,-1,1599,1598,1600,-1,1599,1600,1601,-1,1601,1600,1602,-1,1601,1602,1603,-1,1603,1602,1604,-1,1603,1604,1605,-1,1605,1604,1606,-1,1605,1606,1584,-1,1584,1606,1607,-1,1584,1607,1585,-1,1583,1608,1571,-1,1571,1608,1609,-1,1571,1609,1514,-1,1328,1516,1482,-1,1328,1482,1330,-1,1330,1482,1480,-1,1330,1480,1331,-1,1331,1480,1478,-1,1331,1478,1259,-1,1259,1478,1529,-1,1259,1529,1261,-1,1261,1529,1528,-1,1261,1528,1263,-1,1263,1528,1526,-1,1263,1526,1265,-1,1265,1526,1524,-1,1265,1524,1365,-1,1365,1524,1522,-1,1365,1522,1364,-1,1364,1522,1521,-1,1364,1521,1362,-1,1362,1521,1453,-1,1362,1453,1195,-1,1195,1453,1451,-1,1195,1451,1312,-1,1312,1451,1449,-1,1312,1449,1313,-1,1313,1449,1588,-1,1313,1588,1315,-1,1315,1588,1587,-1,1315,1587,1386,-1,1386,1587,1585,-1,1386,1585,1387,-1,1387,1585,1607,-1,1387,1607,1389,-1,1389,1607,1606,-1,1389,1606,1391,-1,1391,1606,1604,-1,1391,1604,1393,-1,1393,1604,1602,-1,1393,1602,1395,-1,1395,1602,1600,-1,1395,1600,1396,-1,1396,1600,1598,-1,1396,1598,1347,-1,1347,1598,1596,-1,1347,1596,1345,-1,1345,1596,1594,-1,1345,1594,1371,-1,1371,1594,1592,-1,1371,1592,1240,-1,1240,1592,1590,-1,1240,1590,1238,-1,1238,1590,1589,-1,1238,1589,1192,-1,1192,1589,1412,-1,1192,1412,1304,-1,1304,1412,1455,-1,1304,1455,1305,-1,1305,1455,1457,-1,1305,1457,1307,-1,1307,1457,1463,-1,1307,1463,1309,-1,1309,1463,1465,-1,1309,1465,1189,-1,1189,1465,1496,-1,1189,1496,1276,-1,1276,1496,1495,-1,1276,1495,1274,-1,1274,1495,1436,-1,1274,1436,1272,-1,1272,1436,1434,-1,1272,1434,1231,-1,1231,1434,1432,-1,1231,1432,1232,-1,1232,1432,1579,-1,1232,1579,1245,-1,1245,1579,1578,-1,1245,1578,1247,-1,1247,1578,1576,-1,1247,1576,1380,-1,1380,1576,1574,-1,1380,1574,1381,-1,1381,1574,1573,-1,1381,1573,1383,-1,1383,1573,1543,-1,1383,1543,1384,-1,1384,1543,1541,-1,1384,1541,1350,-1,1350,1541,1555,-1,1350,1555,1352,-1,1352,1555,1554,-1,1352,1554,1354,-1,1354,1554,1552,-1,1354,1552,1356,-1,1356,1552,1550,-1,1356,1550,1358,-1,1358,1550,1548,-1,1358,1548,1359,-1,1359,1548,1546,-1,1359,1546,1318,-1,1318,1546,1545,-1,1318,1545,1320,-1,1320,1545,1424,-1,1320,1424,1322,-1,1322,1424,1438,-1,1322,1438,1323,-1,1323,1438,1440,-1,1323,1440,1268,-1,1268,1440,1442,-1,1268,1442,1270,-1,1270,1442,1443,-1,1270,1443,1271,-1,1271,1443,1445,-1,1271,1445,1242,-1,1242,1445,1446,-1,1242,1446,1243,-1,1243,1446,1417,-1,1243,1417,1204,-1,1204,1417,1416,-1,1204,1416,1205,-1,1205,1416,1414,-1,1205,1414,1206,-1,1206,1414,1413,-1,1206,1413,1184,-1,1184,1413,1487,-1,1184,1487,1185,-1,1185,1487,1534,-1,1185,1534,1223,-1,1223,1534,1533,-1,1223,1533,1224,-1,1224,1533,1531,-1,1224,1531,1217,-1,1217,1531,1530,-1,1217,1530,1219,-1,1219,1530,1430,-1,1219,1430,1294,-1,1294,1430,1499,-1,1294,1499,1293,-1,1293,1499,1401,-1,1293,1401,1212,-1,1212,1401,1404,-1,1212,1404,1214,-1,1214,1404,1405,-1,1214,1405,1215,-1,1215,1405,1427,-1,1215,1427,1249,-1,1249,1427,1426,-1,1249,1426,1250,-1,1250,1426,1425,-1,1250,1425,1251,-1,1251,1425,1403,-1,1251,1403,1213,-1,1213,1403,1402,-1,1213,1402,1211,-1,1209,1211,1400,-1,1400,1211,1402,-1,1207,1209,1398,-1,1398,1209,1400,-1,1208,1207,1397,-1,1397,1207,1398,-1,1210,1208,1399,-1,1399,1208,1397,-1,1210,1399,1505,-1,1210,1505,1257,-1,1257,1505,1503,-1,1257,1503,1255,-1,1255,1503,1502,-1,1255,1502,1200,-1,1200,1502,1493,-1,1200,1493,1288,-1,1288,1493,1491,-1,1288,1491,1289,-1,1289,1491,1539,-1,1289,1539,1290,-1,1290,1539,1538,-1,1290,1538,1284,-1,1284,1538,1509,-1,1284,1509,1286,-1,1286,1509,1508,-1,1286,1508,1337,-1,1337,1508,1537,-1,1337,1537,1338,-1,1338,1537,1536,-1,1338,1536,1340,-1,1340,1536,1535,-1,1340,1535,1341,-1,1341,1535,1572,-1,1341,1572,1281,-1,1281,1572,1408,-1,1281,1408,1186,-1,1186,1408,1444,-1,1186,1444,1241,-1,1241,1444,1441,-1,1241,1441,1269,-1,1269,1441,1439,-1,1269,1439,1267,-1,1267,1439,1423,-1,1267,1423,1321,-1,1321,1423,1422,-1,1321,1422,1319,-1,1319,1422,1547,-1,1319,1547,1317,-1,1317,1547,1549,-1,1317,1549,1357,-1,1357,1549,1551,-1,1357,1551,1355,-1,1355,1551,1553,-1,1355,1553,1353,-1,1353,1553,1540,-1,1353,1540,1351,-1,1351,1540,1542,-1,1351,1542,1349,-1,1349,1542,1544,-1,1349,1544,1382,-1,1382,1544,1575,-1,1382,1575,1248,-1,1248,1575,1577,-1,1248,1577,1246,-1,1246,1577,1431,-1,1246,1431,1244,-1,1244,1431,1433,-1,1244,1433,1230,-1,1230,1433,1435,-1,1230,1435,1273,-1,1273,1435,1437,-1,1273,1437,1275,-1,1275,1437,1497,-1,1275,1497,1277,-1,1277,1497,1498,-1,1277,1498,1278,-1,1278,1498,1510,-1,1278,1510,1187,-1,1187,1510,1511,-1,1187,1511,1188,-1,1188,1511,1467,-1,1188,1467,1311,-1,1311,1467,1466,-1,1311,1466,1310,-1,1310,1466,1464,-1,1310,1464,1308,-1,1308,1464,1456,-1,1308,1456,1306,-1,1306,1456,1411,-1,1306,1411,1190,-1,1190,1411,1410,-1,1190,1410,1191,-1,1191,1410,1591,-1,1191,1591,1239,-1,1239,1591,1593,-1,1239,1593,1372,-1,1372,1593,1595,-1,1372,1595,1373,-1,1373,1595,1597,-1,1373,1597,1346,-1,1346,1597,1599,-1,1346,1599,1348,-1,1348,1599,1601,-1,1348,1601,1394,-1,1394,1601,1603,-1,1394,1603,1392,-1,1392,1603,1605,-1,1392,1605,1390,-1,1390,1605,1584,-1,1390,1584,1388,-1,1388,1584,1586,-1,1388,1586,1316,-1,1316,1586,1448,-1,1316,1448,1314,-1,1314,1448,1450,-1,1314,1450,1193,-1,1193,1450,1452,-1,1193,1452,1194,-1,1194,1452,1454,-1,1194,1454,1196,-1,1196,1454,1485,-1,1196,1485,1197,-1,1360,1197,1484,-1,1484,1197,1485,-1,1360,1484,1459,-1,1360,1459,1361,-1,1361,1459,1458,-1,1361,1458,1363,-1,1363,1458,1523,-1,1363,1523,1266,-1,1266,1523,1525,-1,1266,1525,1264,-1,1264,1525,1527,-1,1264,1527,1262,-1,1262,1527,1477,-1,1262,1477,1260,-1,1260,1477,1479,-1,1260,1479,1258,-1,1258,1479,1481,-1,1258,1481,1329,-1,1329,1481,1483,-1,1329,1483,1327,-1,1327,1483,1518,-1,1327,1518,1325,-1,1325,1518,1468,-1,1325,1468,1334,-1,1334,1468,1470,-1,1334,1470,1303,-1,1303,1470,1472,-1,1303,1472,1301,-1,1301,1472,1474,-1,1301,1474,1299,-1,1299,1474,1476,-1,1299,1476,1297,-1,1297,1476,1558,-1,1297,1558,1201,-1,1201,1558,1560,-1,1201,1560,1202,-1,1202,1560,1562,-1,1202,1562,1234,-1,1236,1234,1564,-1,1564,1234,1562,-1,1236,1564,1566,-1,1236,1566,1369,-1,1369,1566,1514,-1,1369,1514,1342,-1,1342,1514,1609,-1,1342,1609,1385,-1,1385,1609,1608,-1,1385,1608,1374,-1,1374,1608,1583,-1,1374,1583,1375,-1,1375,1583,1582,-1,1375,1582,1377,-1,1377,1582,1581,-1,1377,1581,1378,-1,1378,1581,1580,-1,1378,1580,1379,-1,1379,1580,1571,-1,1379,1571,1376,-1,1376,1571,1570,-1,1376,1570,1366,-1,1366,1570,1569,-1,1366,1569,1367,-1,1367,1569,1515,-1,1367,1515,1368,-1,1368,1515,1513,-1,1368,1513,1343,-1,1343,1513,1512,-1,1343,1512,1344,-1,1344,1512,1568,-1,1344,1568,1370,-1,1370,1568,1567,-1,1370,1567,1237,-1,1237,1567,1565,-1,1237,1565,1235,-1,1233,1235,1563,-1,1563,1235,1565,-1,1233,1563,1561,-1,1233,1561,1203,-1,1203,1561,1559,-1,1203,1559,1295,-1,1295,1559,1557,-1,1295,1557,1296,-1,1296,1557,1556,-1,1296,1556,1298,-1,1298,1556,1475,-1,1298,1475,1300,-1,1300,1475,1473,-1,1300,1473,1302,-1,1302,1473,1471,-1,1302,1471,1332,-1,1332,1471,1469,-1,1332,1469,1333,-1,1333,1469,1520,-1,1333,1520,1335,-1,1335,1520,1519,-1,1335,1519,1336,-1,1336,1519,1517,-1,1336,1517,1326,-1,1326,1517,1516,-1,1326,1516,1328,-1,1283,1490,1492,-1,1283,1492,1198,-1,1198,1492,1494,-1,1198,1494,1199,-1,1199,1494,1504,-1,1199,1504,1256,-1,1256,1504,1506,-1,1256,1506,1324,-1,1324,1506,1507,-1,1324,1507,1225,-1,1225,1507,1421,-1,1225,1421,1226,-1,1226,1421,1420,-1,1226,1420,1227,-1,1227,1420,1419,-1,1227,1419,1228,-1,1228,1419,1418,-1,1228,1418,1229,-1,1229,1418,1501,-1,1229,1501,1291,-1,1291,1501,1500,-1,1291,1500,1292,-1,1292,1500,1429,-1,1292,1429,1220,-1,1220,1429,1428,-1,1220,1428,1218,-1,1218,1428,1532,-1,1218,1532,1216,-1,1216,1532,1486,-1,1216,1486,1222,-1,1222,1486,1488,-1,1222,1488,1221,-1,1221,1488,1489,-1,1221,1489,1254,-1,1254,1489,1462,-1,1254,1462,1253,-1,1253,1462,1461,-1,1253,1461,1252,-1,1252,1461,1460,-1,1252,1460,1279,-1,1279,1460,1415,-1,1279,1415,1280,-1,1280,1415,1447,-1,1280,1447,1282,-1,1282,1447,1409,-1,1282,1409,1339,-1,1339,1409,1407,-1,1339,1407,1287,-1,1287,1407,1406,-1,1287,1406,1285,-1,1285,1406,1490,-1,1285,1490,1283,-1,
        ]
    }
}