#VRML V2.0 utf8
# 3D model generated by easyeda2kicad.py (https://github.com/uPesy/easyeda2kicad.py)

Shape{
    appearance Appearance {
        material  Material 	{
            diffuseColor 0.25098039215686274 0.25098039215686274 0.25098039215686274
            specularColor 0.12549019607843137 0.12549019607843137 0.12549019607843137
            ambientIntensity 0.251
            transparency 0.0
            shininess 0.5
        }
    }
    geometry IndexedFaceSet {
        ccw TRUE
        solid FALSE
        coord DEF co Coordinate {
            point [
                0.5906 -0.5492 0.4567, 0.5906 -0.5492 0.0039, 0.5906 0.5531 0.4567, 0.5906 0.5531 0.0039, 0.5512 0.5925 0.4567, 0.5512 0.5925 0.0039, -0.5512 0.5925 0.4567, -0.5512 0.5925 0.0039, -0.5906 0.5531 0.4567, -0.5906 0.5531 0.0039, -0.5906 -0.5492 0.4567, -0.5906 -0.5492 0.0039, -0.5512 -0.5886 0.4567, -0.5512 -0.5886 0.0039, 0.5512 -0.5886 0.4567, 0.5512 -0.5886 0.0039, -0.5512 -0.5689 0.4764, 0.5512 -0.5689 0.4764, 0.5709 -0.5492 0.4764, 0.5563 -0.5682 0.4764, 0.561 -0.5663 0.4764, 0.5512 0.5728 0.4764, -0.5512 0.5728 0.4764, -0.5709 0.5531 0.4764, -0.5563 0.5722 0.4764, 0.5702 0.5582 0.4764, 0.5709 0.5531 0.4764, -0.5709 -0.5492 0.4764, -0.5702 -0.5543 0.4764, -0.5682 -0.5591 0.4764, 0.5651 -0.5631 0.4764, 0.5682 -0.5591 0.4764, 0.5702 -0.5543 0.4764, 0.5682 0.563 0.4764, 0.5651 0.5671 0.4764, -0.5651 -0.5631 0.4764, -0.561 -0.5663 0.4764, -0.5563 -0.5682 0.4764, 0.561 0.5702 0.4764, 0.5563 0.5722 0.4764, -0.561 0.5702 0.4764, -0.5651 0.5671 0.4764, -0.5682 0.563 0.4764, -0.5702 0.5582 0.4764, 0.5709 -0.5833 0.0039, 0.579 -0.5771 0.0039, 0.5892 -0.5594 0.0039, 0.5853 -0.5689 0.0039, -0.5853 -0.5689 0.0039, -0.579 -0.5771 0.0039, -0.5614 -0.5872 0.0039, -0.5709 -0.5833 0.0039, -0.5853 0.5728 0.0039, -0.579 0.581 0.0039, -0.5709 0.5872 0.0039, 0.5892 0.5633 0.0039, 0.5614 -0.5872 0.0039, -0.5892 -0.5594 0.0039, -0.5892 0.5633 0.0039, -0.5614 0.5912 0.0039, 0.5614 0.5912 0.0039, 0.5709 0.5872 0.0039, 0.5853 0.5728 0.0039, 0.579 0.581 0.0039, -0.5892 -0.5594 0.4567, -0.5853 -0.5689 0.4567, -0.579 -0.5771 0.4567, -0.5709 -0.5833 0.4567, -0.5614 -0.5872 0.4567, 0.5614 -0.5872 0.4567, 0.5709 -0.5833 0.4567, 0.579 -0.5771 0.4567, 0.5853 -0.5689 0.4567, 0.5892 -0.5594 0.4567, 0.5892 0.5633 0.4567, 0.5853 0.5728 0.4567, 0.579 0.581 0.4567, 0.5709 0.5872 0.4567, 0.5614 0.5912 0.4567, -0.5614 0.5912 0.4567, -0.5709 0.5872 0.4567, -0.579 0.581 0.4567, -0.5853 0.5728 0.4567, -0.5892 0.5633 0.4567, 0.576 -0.5492 0.4757, 0.5751 -0.5556 0.4757, 0.5807 -0.5492 0.4737, 0.5797 -0.5569 0.4737, 0.5848 -0.5492 0.4706, 0.5836 -0.5579 0.4706, 0.5879 -0.5492 0.4665, 0.5867 -0.5587 0.4665, 0.5899 -0.5492 0.4618, 0.5886 -0.5592 0.4618, 0.5726 -0.5616 0.4757, 0.5768 -0.564 0.4737, 0.5803 -0.566 0.4706, 0.583 -0.5676 0.4665, 0.5847 -0.5686 0.4618, 0.5687 -0.5667 0.4757, 0.5721 -0.5701 0.4737, 0.5749 -0.573 0.4706, 0.5772 -0.5752 0.4665, 0.5785 -0.5766 0.4618, 0.5636 -0.5707 0.4757, 0.5659 -0.5748 0.4737, 0.568 -0.5783 0.4706, 0.5695 -0.581 0.4665, 0.5705 -0.5827 0.4618, 0.5576 -0.5731 0.4757, 0.5588 -0.5777 0.4737, 0.5599 -0.5817 0.4706, 0.5607 -0.5847 0.4665, 0.5612 -0.5866 0.4618, 0.5512 -0.574 0.4757, 0.5512 -0.5787 0.4737, 0.5512 -0.5828 0.4706, 0.5512 -0.5859 0.4665, 0.5512 -0.5879 0.4618, 0.576 0.5531 0.4757, 0.5807 0.5531 0.4737, 0.5848 0.5531 0.4706, 0.5879 0.5531 0.4665, 0.5899 0.5531 0.4618, -0.5512 -0.574 0.4757, -0.5512 -0.5787 0.4737, -0.5512 -0.5828 0.4706, -0.5512 -0.5859 0.4665, -0.5512 -0.5879 0.4618, 0.5512 0.5779 0.4757, 0.5576 0.5771 0.4757, 0.5512 0.5827 0.4737, 0.5588 0.5817 0.4737, 0.5512 0.5868 0.4706, 0.5599 0.5856 0.4706, 0.5512 0.5899 0.4665, 0.5607 0.5886 0.4665, 0.5512 0.5918 0.4618, 0.5612 0.5905 0.4618, 0.5636 0.5746 0.4757, 0.5659 0.5787 0.4737, 0.568 0.5823 0.4706, 0.5695 0.585 0.4665, 0.5705 0.5867 0.4618, 0.5687 0.5707 0.4757, 0.5721 0.574 0.4737, 0.5749 0.5769 0.4706, 0.5772 0.5791 0.4665, 0.5785 0.5805 0.4618, 0.5726 0.5655 0.4757, 0.5768 0.5679 0.4737, 0.5803 0.57 0.4706, 0.583 0.5715 0.4665, 0.5847 0.5725 0.4618, 0.5751 0.5596 0.4757, 0.5797 0.5608 0.4737, 0.5836 0.5618 0.4706, 0.5867 0.5627 0.4665, 0.5886 0.5632 0.4618, -0.5576 -0.5731 0.4757, -0.5588 -0.5777 0.4737, -0.5599 -0.5817 0.4706, -0.5607 -0.5847 0.4665, -0.5612 -0.5866 0.4618, -0.5636 -0.5707 0.4757, -0.5659 -0.5748 0.4737, -0.568 -0.5783 0.4706, -0.5695 -0.581 0.4665, -0.5705 -0.5827 0.4618, -0.5687 -0.5667 0.4757, -0.5721 -0.5701 0.4737, -0.5749 -0.573 0.4706, -0.5772 -0.5752 0.4665, -0.5785 -0.5766 0.4618, -0.5726 -0.5616 0.4757, -0.5768 -0.564 0.4737, -0.5803 -0.566 0.4706, -0.583 -0.5676 0.4665, -0.5847 -0.5686 0.4618, -0.5751 -0.5556 0.4757, -0.5797 -0.5569 0.4737, -0.5836 -0.5579 0.4706, -0.5867 -0.5587 0.4665, -0.5886 -0.5592 0.4618, -0.576 -0.5492 0.4757, -0.5807 -0.5492 0.4737, -0.5848 -0.5492 0.4706, -0.5879 -0.5492 0.4665, -0.5899 -0.5492 0.4618, -0.5512 0.5779 0.4757, -0.5512 0.5827 0.4737, -0.5512 0.5868 0.4706, -0.5512 0.5899 0.4665, -0.5512 0.5918 0.4618, -0.576 0.5531 0.4757, -0.5807 0.5531 0.4737, -0.5848 0.5531 0.4706, -0.5879 0.5531 0.4665, -0.5899 0.5531 0.4618, -0.5751 0.5596 0.4757, -0.5797 0.5608 0.4737, -0.5836 0.5618 0.4706, -0.5867 0.5627 0.4665, -0.5886 0.5632 0.4618, -0.5726 0.5655 0.4757, -0.5768 0.5679 0.4737, -0.5803 0.57 0.4706, -0.583 0.5715 0.4665, -0.5847 0.5725 0.4618, -0.5687 0.5707 0.4757, -0.5721 0.574 0.4737, -0.5749 0.5769 0.4706, -0.5772 0.5791 0.4665, -0.5785 0.5805 0.4618, -0.5636 0.5746 0.4757, -0.5659 0.5787 0.4737, -0.568 0.5823 0.4706, -0.5695 0.585 0.4665, -0.5705 0.5867 0.4618, -0.5576 0.5771 0.4757, -0.5588 0.5817 0.4737, -0.5599 0.5856 0.4706, -0.5607 0.5886 0.4665, -0.5612 0.5905 0.4618
            ]
        }
        coordIndex [
            0,1,2,-1,2,1,3,-1,4,5,6,-1,6,5,7,-1,8,9,10,-1,10,9,11,-1,12,13,14,-1,14,13,15,-1,16,17,18,-1,18,17,19,-1,18,19,20,-1,21,22,23,-1,23,22,24,-1,25,21,26,-1,26,21,23,-1,26,23,18,-1,18,23,27,-1,18,27,16,-1,16,27,28,-1,16,28,29,-1,30,31,20,-1,20,31,32,-1,20,32,18,-1,25,33,34,-1,35,36,29,-1,29,36,37,-1,29,37,16,-1,34,38,25,-1,25,38,39,-1,25,39,21,-1,24,40,41,-1,41,42,24,-1,24,42,43,-1,24,43,23,-1,1,11,3,-1,3,11,9,-1,44,1,45,-1,45,1,46,-1,45,46,47,-1,48,13,49,-1,49,13,50,-1,49,50,51,-1,52,53,54,-1,9,7,3,-1,3,7,5,-1,3,5,55,-1,44,56,1,-1,1,56,15,-1,1,15,11,-1,11,15,13,-1,11,13,57,-1,57,13,48,-1,9,58,7,-1,7,58,52,-1,7,52,59,-1,59,52,54,-1,5,60,55,-1,55,60,61,-1,55,61,62,-1,62,61,63,-1,10,11,57,-1,10,57,64,-1,64,57,48,-1,64,48,65,-1,65,48,49,-1,65,49,66,-1,66,49,51,-1,66,51,67,-1,67,51,50,-1,67,50,68,-1,68,50,13,-1,68,13,12,-1,14,15,56,-1,14,56,69,-1,69,56,44,-1,69,44,70,-1,70,44,45,-1,70,45,71,-1,71,45,47,-1,71,47,72,-1,72,47,46,-1,72,46,73,-1,73,46,1,-1,73,1,0,-1,2,3,55,-1,2,55,74,-1,74,55,62,-1,74,62,75,-1,75,62,63,-1,75,63,76,-1,76,63,61,-1,76,61,77,-1,77,61,60,-1,77,60,78,-1,78,60,5,-1,78,5,4,-1,6,7,59,-1,6,59,79,-1,79,59,54,-1,79,54,80,-1,80,54,53,-1,80,53,81,-1,81,53,52,-1,81,52,82,-1,82,52,58,-1,82,58,83,-1,83,58,9,-1,83,9,8,-1,18,32,84,-1,84,32,85,-1,84,85,86,-1,86,85,87,-1,86,87,88,-1,88,87,89,-1,88,89,90,-1,90,89,91,-1,90,91,92,-1,92,91,93,-1,92,93,0,-1,0,93,73,-1,32,31,85,-1,85,31,94,-1,85,94,87,-1,87,94,95,-1,87,95,89,-1,89,95,96,-1,89,96,91,-1,91,96,97,-1,91,97,93,-1,93,97,98,-1,93,98,73,-1,73,98,72,-1,31,30,94,-1,94,30,99,-1,94,99,95,-1,95,99,100,-1,95,100,96,-1,96,100,101,-1,96,101,97,-1,97,101,102,-1,97,102,98,-1,98,102,103,-1,98,103,72,-1,72,103,71,-1,30,20,99,-1,99,20,104,-1,99,104,100,-1,100,104,105,-1,100,105,101,-1,101,105,106,-1,101,106,102,-1,102,106,107,-1,102,107,103,-1,103,107,108,-1,103,108,71,-1,71,108,70,-1,20,19,104,-1,104,19,109,-1,104,109,105,-1,105,109,110,-1,105,110,106,-1,106,110,111,-1,106,111,107,-1,107,111,112,-1,107,112,108,-1,108,112,113,-1,108,113,70,-1,70,113,69,-1,19,17,109,-1,109,17,114,-1,109,114,110,-1,110,114,115,-1,110,115,111,-1,111,115,116,-1,111,116,112,-1,112,116,117,-1,112,117,113,-1,113,117,118,-1,113,118,69,-1,69,118,14,-1,26,18,84,-1,26,84,119,-1,119,84,86,-1,119,86,120,-1,120,86,88,-1,120,88,121,-1,121,88,90,-1,121,90,122,-1,122,90,92,-1,122,92,123,-1,123,92,0,-1,123,0,2,-1,17,16,124,-1,17,124,114,-1,114,124,125,-1,114,125,115,-1,115,125,126,-1,115,126,116,-1,116,126,127,-1,116,127,117,-1,117,127,128,-1,117,128,118,-1,118,128,12,-1,118,12,14,-1,21,39,129,-1,129,39,130,-1,129,130,131,-1,131,130,132,-1,131,132,133,-1,133,132,134,-1,133,134,135,-1,135,134,136,-1,135,136,137,-1,137,136,138,-1,137,138,4,-1,4,138,78,-1,39,38,130,-1,130,38,139,-1,130,139,132,-1,132,139,140,-1,132,140,134,-1,134,140,141,-1,134,141,136,-1,136,141,142,-1,136,142,138,-1,138,142,143,-1,138,143,78,-1,78,143,77,-1,38,34,139,-1,139,34,144,-1,139,144,140,-1,140,144,145,-1,140,145,141,-1,141,145,146,-1,141,146,142,-1,142,146,147,-1,142,147,143,-1,143,147,148,-1,143,148,77,-1,77,148,76,-1,34,33,144,-1,144,33,149,-1,144,149,145,-1,145,149,150,-1,145,150,146,-1,146,150,151,-1,146,151,147,-1,147,151,152,-1,147,152,148,-1,148,152,153,-1,148,153,76,-1,76,153,75,-1,33,25,149,-1,149,25,154,-1,149,154,150,-1,150,154,155,-1,150,155,151,-1,151,155,156,-1,151,156,152,-1,152,156,157,-1,152,157,153,-1,153,157,158,-1,153,158,75,-1,75,158,74,-1,25,26,154,-1,154,26,119,-1,154,119,155,-1,155,119,120,-1,155,120,156,-1,156,120,121,-1,156,121,157,-1,157,121,122,-1,157,122,158,-1,158,122,123,-1,158,123,74,-1,74,123,2,-1,16,37,124,-1,124,37,159,-1,124,159,125,-1,125,159,160,-1,125,160,126,-1,126,160,161,-1,126,161,127,-1,127,161,162,-1,127,162,128,-1,128,162,163,-1,128,163,12,-1,12,163,68,-1,37,36,159,-1,159,36,164,-1,159,164,160,-1,160,164,165,-1,160,165,161,-1,161,165,166,-1,161,166,162,-1,162,166,167,-1,162,167,163,-1,163,167,168,-1,163,168,68,-1,68,168,67,-1,36,35,164,-1,164,35,169,-1,164,169,165,-1,165,169,170,-1,165,170,166,-1,166,170,171,-1,166,171,167,-1,167,171,172,-1,167,172,168,-1,168,172,173,-1,168,173,67,-1,67,173,66,-1,35,29,169,-1,169,29,174,-1,169,174,170,-1,170,174,175,-1,170,175,171,-1,171,175,176,-1,171,176,172,-1,172,176,177,-1,172,177,173,-1,173,177,178,-1,173,178,66,-1,66,178,65,-1,29,28,174,-1,174,28,179,-1,174,179,175,-1,175,179,180,-1,175,180,176,-1,176,180,181,-1,176,181,177,-1,177,181,182,-1,177,182,178,-1,178,182,183,-1,178,183,65,-1,65,183,64,-1,28,27,179,-1,179,27,184,-1,179,184,180,-1,180,184,185,-1,180,185,181,-1,181,185,186,-1,181,186,182,-1,182,186,187,-1,182,187,183,-1,183,187,188,-1,183,188,64,-1,64,188,10,-1,22,21,129,-1,22,129,189,-1,189,129,131,-1,189,131,190,-1,190,131,133,-1,190,133,191,-1,191,133,135,-1,191,135,192,-1,192,135,137,-1,192,137,193,-1,193,137,4,-1,193,4,6,-1,27,23,194,-1,27,194,184,-1,184,194,195,-1,184,195,185,-1,185,195,196,-1,185,196,186,-1,186,196,197,-1,186,197,187,-1,187,197,198,-1,187,198,188,-1,188,198,8,-1,188,8,10,-1,23,43,194,-1,194,43,199,-1,194,199,195,-1,195,199,200,-1,195,200,196,-1,196,200,201,-1,196,201,197,-1,197,201,202,-1,197,202,198,-1,198,202,203,-1,198,203,8,-1,8,203,83,-1,43,42,199,-1,199,42,204,-1,199,204,200,-1,200,204,205,-1,200,205,201,-1,201,205,206,-1,201,206,202,-1,202,206,207,-1,202,207,203,-1,203,207,208,-1,203,208,83,-1,83,208,82,-1,42,41,204,-1,204,41,209,-1,204,209,205,-1,205,209,210,-1,205,210,206,-1,206,210,211,-1,206,211,207,-1,207,211,212,-1,207,212,208,-1,208,212,213,-1,208,213,82,-1,82,213,81,-1,41,40,209,-1,209,40,214,-1,209,214,210,-1,210,214,215,-1,210,215,211,-1,211,215,216,-1,211,216,212,-1,212,216,217,-1,212,217,213,-1,213,217,218,-1,213,218,81,-1,81,218,80,-1,40,24,214,-1,214,24,219,-1,214,219,215,-1,215,219,220,-1,215,220,216,-1,216,220,221,-1,216,221,217,-1,217,221,222,-1,217,222,218,-1,218,222,223,-1,218,223,80,-1,80,223,79,-1,24,22,219,-1,219,22,189,-1,219,189,220,-1,220,189,190,-1,220,190,221,-1,221,190,191,-1,221,191,222,-1,222,191,192,-1,222,192,223,-1,223,192,193,-1,223,193,79,-1,79,193,6,-1,
        ]
    }
}
Shape{
    appearance Appearance {
        material  Material 	{
            diffuseColor 0.7529411764705882 0.7529411764705882 0.7529411764705882
            specularColor 0.3764705882352941 0.3764705882352941 0.3764705882352941
            ambientIntensity 0.7529
            transparency 0.0
            shininess 0.5
        }
    }
    geometry IndexedFaceSet {
        ccw TRUE
        solid FALSE
        coord DEF co Coordinate {
            point [
                -0.1969 -0.5886 0.0, -0.1969 0.5925 0.0, -0.1969 -0.5886 0.0039, -0.1969 0.5925 0.0039, -0.5512 -0.5886 0.0, -0.5512 -0.5886 0.0039, -0.5614 -0.5872 0.0039, -0.5614 -0.5872 0.0, -0.5709 -0.5833 0.0039, -0.5709 -0.5833 0.0, -0.579 -0.5771 0.0039, -0.579 -0.5771 0.0, -0.5853 -0.5689 0.0039, -0.5853 -0.5689 0.0, -0.5892 -0.5594 0.0039, -0.5892 -0.5594 0.0, -0.5906 -0.5492 0.0039, -0.5906 -0.5492 0.0, -0.5906 0.5531 0.0, -0.5906 0.5531 0.0039, -0.5892 0.5633 0.0039, -0.5892 0.5633 0.0, -0.5853 0.5728 0.0039, -0.5853 0.5728 0.0, -0.579 0.581 0.0039, -0.579 0.581 0.0, -0.5709 0.5872 0.0039, -0.5709 0.5872 0.0, -0.5614 0.5912 0.0039, -0.5614 0.5912 0.0, -0.5512 0.5925 0.0039, -0.5512 0.5925 0.0, 0.1969 0.5925 0.0, 0.1969 -0.5886 0.0, 0.1969 0.5925 0.0039, 0.1969 -0.5886 0.0039, 0.5512 -0.5886 0.0, 0.5512 -0.5886 0.0039, 0.5906 -0.5492 0.0, 0.5906 -0.5492 0.0039, 0.5892 -0.5594 0.0039, 0.5892 -0.5594 0.0, 0.5853 -0.5689 0.0039, 0.5853 -0.5689 0.0, 0.579 -0.5771 0.0039, 0.579 -0.5771 0.0, 0.5709 -0.5833 0.0039, 0.5709 -0.5833 0.0, 0.5614 -0.5872 0.0039, 0.5614 -0.5872 0.0, 0.5906 0.5531 0.0, 0.5906 0.5531 0.0039, 0.5512 0.5925 0.0, 0.5512 0.5925 0.0039, 0.5614 0.5912 0.0039, 0.5614 0.5912 0.0, 0.5709 0.5872 0.0039, 0.5709 0.5872 0.0, 0.579 0.581 0.0039, 0.579 0.581 0.0, 0.5853 0.5728 0.0039, 0.5853 0.5728 0.0, 0.5892 0.5633 0.0039, 0.5892 0.5633 0.0
            ]
        }
        coordIndex [
            0,1,2,-1,2,1,3,-1,4,0,5,-1,5,0,2,-1,4,5,6,-1,4,6,7,-1,7,6,8,-1,7,8,9,-1,9,8,10,-1,9,10,11,-1,11,10,12,-1,11,12,13,-1,13,12,14,-1,13,14,15,-1,15,14,16,-1,15,16,17,-1,18,17,19,-1,19,17,16,-1,18,19,20,-1,18,20,21,-1,21,20,22,-1,21,22,23,-1,23,22,24,-1,23,24,25,-1,25,24,26,-1,25,26,27,-1,27,26,28,-1,27,28,29,-1,29,28,30,-1,29,30,31,-1,1,31,3,-1,3,31,30,-1,1,0,31,-1,31,0,4,-1,7,9,11,-1,18,31,17,-1,17,31,4,-1,17,4,15,-1,7,11,4,-1,4,11,13,-1,4,13,15,-1,23,25,27,-1,18,21,31,-1,31,21,23,-1,31,23,29,-1,29,23,27,-1,2,3,5,-1,5,3,30,-1,26,24,22,-1,30,28,19,-1,19,28,26,-1,19,26,20,-1,20,26,22,-1,30,19,5,-1,5,19,16,-1,5,16,14,-1,8,6,10,-1,10,6,5,-1,10,5,12,-1,12,5,14,-1,32,33,34,-1,34,33,35,-1,33,36,35,-1,35,36,37,-1,38,39,40,-1,38,40,41,-1,41,40,42,-1,41,42,43,-1,43,42,44,-1,43,44,45,-1,45,44,46,-1,45,46,47,-1,47,46,48,-1,47,48,49,-1,49,48,37,-1,49,37,36,-1,38,50,39,-1,39,50,51,-1,52,53,54,-1,52,54,55,-1,55,54,56,-1,55,56,57,-1,57,56,58,-1,57,58,59,-1,59,58,60,-1,59,60,61,-1,61,60,62,-1,61,62,63,-1,63,62,51,-1,63,51,50,-1,52,32,53,-1,53,32,34,-1,33,32,38,-1,38,32,52,-1,38,52,50,-1,50,52,63,-1,47,49,45,-1,45,49,36,-1,45,36,43,-1,52,55,57,-1,33,38,36,-1,36,38,41,-1,36,41,43,-1,57,59,52,-1,52,59,61,-1,52,61,63,-1,53,34,51,-1,51,34,39,-1,42,37,44,-1,44,37,48,-1,44,48,46,-1,34,35,39,-1,39,35,37,-1,39,37,40,-1,40,37,42,-1,60,58,56,-1,51,62,53,-1,53,62,60,-1,53,60,54,-1,54,60,56,-1,
        ]
    }
}
Shape{
    appearance Appearance {
        material  Material 	{
            diffuseColor 1.0 1.0 1.0
            specularColor 0.5019607843137255 0.5019607843137255 0.5019607843137255
            ambientIntensity 1.0
            transparency 0.0
            shininess 0.5
        }
    }
    geometry IndexedFaceSet {
        ccw TRUE
        solid FALSE
        coord DEF co Coordinate {
            point [
                0.0319 -0.5925 0.3577, 0.0319 -0.5925 0.3535, 0.0319 -0.5886 0.3577, 0.0319 -0.5886 0.3535, 0.0172 -0.5925 0.3577, 0.0172 -0.5886 0.3577, 0.0172 -0.5925 0.3906, 0.0172 -0.5886 0.3906, 0.0124 -0.5925 0.3906, 0.0124 -0.5886 0.3906, 0.0124 -0.5925 0.3535, 0.0124 -0.5886 0.3535, 0.0509 -0.5925 0.3529, 0.0509 -0.5886 0.3529, 0.0532 -0.5886 0.3529, 0.0532 -0.5925 0.3529, 0.0553 -0.5886 0.3532, 0.0553 -0.5925 0.3532, 0.0572 -0.5886 0.3535, 0.0572 -0.5925 0.3535, 0.0589 -0.5886 0.354, 0.0589 -0.5925 0.354, 0.0605 -0.5886 0.3547, 0.0605 -0.5925 0.3547, 0.0612 -0.5886 0.355, 0.0612 -0.5925 0.355, 0.0612 -0.5925 0.3596, 0.0612 -0.5886 0.3596, 0.0598 -0.5886 0.3589, 0.0598 -0.5925 0.3589, 0.0583 -0.5886 0.3582, 0.0583 -0.5925 0.3582, 0.0568 -0.5886 0.3577, 0.0568 -0.5925 0.3577, 0.0551 -0.5886 0.3574, 0.0551 -0.5925 0.3574, 0.0533 -0.5886 0.3572, 0.0533 -0.5925 0.3572, 0.0516 -0.5886 0.3571, 0.0516 -0.5925 0.3571, 0.05 -0.5886 0.3572, 0.05 -0.5925 0.3572, 0.0485 -0.5886 0.3574, 0.0485 -0.5925 0.3574, 0.0471 -0.5886 0.3578, 0.0471 -0.5925 0.3578, 0.0458 -0.5886 0.3583, 0.0458 -0.5925 0.3583, 0.0446 -0.5886 0.359, 0.0446 -0.5925 0.359, 0.0435 -0.5886 0.3598, 0.0435 -0.5925 0.3598, 0.0424 -0.5886 0.3607, 0.0424 -0.5925 0.3607, 0.0421 -0.5886 0.361, 0.0421 -0.5925 0.361, 0.0412 -0.5886 0.3621, 0.0412 -0.5925 0.3621, 0.0404 -0.5886 0.3633, 0.0404 -0.5925 0.3633, 0.0398 -0.5886 0.3646, 0.0398 -0.5925 0.3646, 0.0393 -0.5886 0.366, 0.0393 -0.5925 0.366, 0.0389 -0.5886 0.3675, 0.0389 -0.5925 0.3675, 0.0386 -0.5886 0.3691, 0.0386 -0.5925 0.3691, 0.0385 -0.5886 0.3708, 0.0385 -0.5925 0.3708, 0.0385 -0.5886 0.3716, 0.0385 -0.5925 0.3716, 0.0385 -0.5886 0.3735, 0.0385 -0.5925 0.3735, 0.0388 -0.5886 0.3753, 0.0388 -0.5925 0.3753, 0.0391 -0.5886 0.377, 0.0391 -0.5925 0.377, 0.0397 -0.5886 0.3785, 0.0397 -0.5925 0.3785, 0.0403 -0.5886 0.3799, 0.0403 -0.5925 0.3799, 0.041 -0.5886 0.3811, 0.041 -0.5925 0.3811, 0.0419 -0.5886 0.3823, 0.0419 -0.5925 0.3823, 0.0424 -0.5886 0.3828, 0.0424 -0.5925 0.3828, 0.0434 -0.5886 0.3838, 0.0434 -0.5925 0.3838, 0.0446 -0.5886 0.3846, 0.0446 -0.5925 0.3846, 0.0458 -0.5886 0.3854, 0.0458 -0.5925 0.3854, 0.0471 -0.5886 0.3859, 0.0471 -0.5925 0.3859, 0.0484 -0.5886 0.3864, 0.0484 -0.5925 0.3864, 0.0499 -0.5886 0.3867, 0.0499 -0.5925 0.3867, 0.0515 -0.5886 0.3868, 0.0515 -0.5925 0.3868, 0.0525 -0.5886 0.3869, 0.0525 -0.5925 0.3869, 0.0542 -0.5886 0.3868, 0.0542 -0.5925 0.3868, 0.056 -0.5886 0.3866, 0.056 -0.5925 0.3866, 0.0576 -0.5886 0.3862, 0.0576 -0.5925 0.3862, 0.0592 -0.5886 0.3856, 0.0592 -0.5925 0.3856, 0.0607 -0.5886 0.385, 0.0607 -0.5925 0.385, 0.0612 -0.5886 0.3847, 0.0612 -0.5925 0.3847, 0.0612 -0.5925 0.3897, 0.0612 -0.5886 0.3897, 0.0598 -0.5886 0.3902, 0.0598 -0.5925 0.3902, 0.0582 -0.5886 0.3906, 0.0582 -0.5925 0.3906, 0.0564 -0.5886 0.3909, 0.0564 -0.5925 0.3909, 0.0544 -0.5886 0.3911, 0.0544 -0.5925 0.3911, 0.0524 -0.5886 0.3912, 0.0524 -0.5925 0.3912, 0.0505 -0.5886 0.3911, 0.0505 -0.5925 0.3911, 0.0486 -0.5886 0.3909, 0.0486 -0.5925 0.3909, 0.0469 -0.5886 0.3905, 0.0469 -0.5925 0.3905, 0.0453 -0.5886 0.39, 0.0453 -0.5925 0.39, 0.0437 -0.5886 0.3893, 0.0437 -0.5925 0.3893, 0.0423 -0.5886 0.3885, 0.0423 -0.5925 0.3885, 0.0409 -0.5886 0.3876, 0.0409 -0.5925 0.3876, 0.0396 -0.5886 0.3865, 0.0396 -0.5925 0.3865, 0.0388 -0.5886 0.3857, 0.0388 -0.5925 0.3857, 0.0377 -0.5886 0.3845, 0.0377 -0.5925 0.3845, 0.0367 -0.5886 0.3831, 0.0367 -0.5925 0.3831, 0.0358 -0.5886 0.3817, 0.0358 -0.5925 0.3817, 0.0351 -0.5886 0.3802, 0.0351 -0.5925 0.3802, 0.0345 -0.5886 0.3785, 0.0345 -0.5925 0.3785, 0.034 -0.5886 0.3768, 0.034 -0.5925 0.3768, 0.0337 -0.5886 0.375, 0.0337 -0.5925 0.375, 0.0335 -0.5886 0.373, 0.0335 -0.5925 0.373, 0.0334 -0.5886 0.3713, 0.0334 -0.5925 0.3713, 0.0335 -0.5886 0.3692, 0.0335 -0.5925 0.3692, 0.0338 -0.5886 0.3673, 0.0338 -0.5925 0.3673, 0.0341 -0.5886 0.3655, 0.0341 -0.5925 0.3655, 0.0346 -0.5886 0.3638, 0.0346 -0.5925 0.3638, 0.0353 -0.5886 0.3622, 0.0353 -0.5925 0.3622, 0.0361 -0.5886 0.3608, 0.0361 -0.5925 0.3608, 0.0369 -0.5886 0.3594, 0.0369 -0.5925 0.3594, 0.0379 -0.5886 0.3582, 0.0379 -0.5925 0.3582, 0.0382 -0.5886 0.3579, 0.0382 -0.5925 0.3579, 0.0394 -0.5886 0.3568, 0.0394 -0.5925 0.3568, 0.0406 -0.5886 0.3558, 0.0406 -0.5925 0.3558, 0.0419 -0.5886 0.355, 0.0419 -0.5925 0.355, 0.0433 -0.5886 0.3543, 0.0433 -0.5925 0.3543, 0.0448 -0.5886 0.3538, 0.0448 -0.5925 0.3538, 0.0464 -0.5886 0.3533, 0.0464 -0.5925 0.3533, 0.0481 -0.5886 0.353, 0.0481 -0.5925 0.353, 0.0499 -0.5886 0.3529, 0.0499 -0.5925 0.3529, 0.0886 -0.5925 0.3577, 0.0886 -0.5925 0.3535, 0.0886 -0.5886 0.3577, 0.0886 -0.5886 0.3535, 0.0734 -0.5925 0.3577, 0.0734 -0.5886 0.3577, 0.0734 -0.5925 0.3702, 0.0734 -0.5886 0.3702, 0.0867 -0.5925 0.3702, 0.0867 -0.5886 0.3702, 0.0867 -0.5925 0.3744, 0.0867 -0.5886 0.3744, 0.0734 -0.5925 0.3744, 0.0734 -0.5886 0.3744, 0.0734 -0.5925 0.3863, 0.0734 -0.5886 0.3863, 0.0877 -0.5925 0.3863, 0.0877 -0.5886 0.3863, 0.0877 -0.5925 0.3906, 0.0877 -0.5886 0.3906, 0.0686 -0.5925 0.3906, 0.0686 -0.5886 0.3906, 0.0686 -0.5925 0.3535, 0.0686 -0.5886 0.3535, 0.1126 -0.5925 0.3589, 0.1152 -0.5925 0.3554, 0.114 -0.5925 0.3595, 0.1167 -0.5925 0.3562, 0.1152 -0.5925 0.3603, 0.1182 -0.5925 0.3571, 0.1163 -0.5925 0.3612, 0.1195 -0.5925 0.3581, 0.1167 -0.5925 0.3616, 0.1201 -0.5925 0.3587, 0.1177 -0.5925 0.3626, 0.1213 -0.5925 0.3599, 0.1185 -0.5925 0.3637, 0.1224 -0.5925 0.3612, 0.1192 -0.5925 0.3649, 0.1233 -0.5925 0.3626, 0.1197 -0.5925 0.3663, 0.1204 -0.5925 0.3759, 0.125 -0.5925 0.3779, 0.12 -0.5925 0.3775, 0.1245 -0.5925 0.3795, 0.1195 -0.5925 0.3789, 0.1239 -0.5925 0.3809, 0.1189 -0.5925 0.3801, 0.1231 -0.5925 0.3823, 0.1182 -0.5925 0.3812, 0.1221 -0.5925 0.3836, 0.1211 -0.5925 0.3848, 0.1173 -0.5925 0.3822, 0.1201 -0.5925 0.3857, 0.1166 -0.5925 0.3828, 0.1188 -0.5925 0.3868, 0.1155 -0.5925 0.3837, 0.1173 -0.5925 0.3877, 0.1142 -0.5925 0.3844, 0.1158 -0.5925 0.3885, 0.1129 -0.5925 0.3851, 0.1142 -0.5925 0.3892, 0.1115 -0.5925 0.3856, 0.1125 -0.5925 0.3898, 0.1099 -0.5925 0.3859, 0.1107 -0.5925 0.3902, 0.1082 -0.5925 0.3862, 0.1088 -0.5925 0.3904, 0.1064 -0.5925 0.3863, 0.1068 -0.5925 0.3906, 0.1059 -0.5925 0.3863, 0.1061 -0.5925 0.3906, 0.1003 -0.5925 0.3863, 0.0956 -0.5925 0.3906, 0.1003 -0.5925 0.3577, 0.0956 -0.5925 0.3535, 0.1057 -0.5925 0.3577, 0.1058 -0.5925 0.3535, 0.1077 -0.5925 0.3578, 0.1079 -0.5925 0.3536, 0.1095 -0.5925 0.358, 0.1099 -0.5925 0.3538, 0.1111 -0.5925 0.3584, 0.1118 -0.5925 0.3542, 0.1135 -0.5925 0.3547, 0.124 -0.5925 0.364, 0.1246 -0.5925 0.3655, 0.1202 -0.5925 0.3677, 0.1251 -0.5925 0.3672, 0.1205 -0.5925 0.3693, 0.1255 -0.5925 0.3689, 0.1207 -0.5925 0.371, 0.1257 -0.5925 0.3707, 0.1207 -0.5925 0.3724, 0.1257 -0.5925 0.3725, 0.1206 -0.5925 0.3742, 0.1257 -0.5925 0.3744, 0.1254 -0.5925 0.3762, 0.1155 -0.5886 0.3837, 0.1188 -0.5886 0.3868, 0.1166 -0.5886 0.3828, 0.1201 -0.5886 0.3857, 0.1173 -0.5886 0.3822, 0.1211 -0.5886 0.3848, 0.1182 -0.5886 0.3812, 0.1221 -0.5886 0.3836, 0.1189 -0.5886 0.3801, 0.1231 -0.5886 0.3823, 0.1195 -0.5886 0.3789, 0.1239 -0.5886 0.3809, 0.12 -0.5886 0.3775, 0.114 -0.5886 0.3595, 0.1152 -0.5886 0.3554, 0.1126 -0.5886 0.3589, 0.1135 -0.5886 0.3547, 0.1111 -0.5886 0.3584, 0.1118 -0.5886 0.3542, 0.1095 -0.5886 0.358, 0.1099 -0.5886 0.3538, 0.1077 -0.5886 0.3578, 0.1079 -0.5886 0.3536, 0.1057 -0.5886 0.3577, 0.1058 -0.5886 0.3535, 0.1003 -0.5886 0.3577, 0.0956 -0.5886 0.3535, 0.1003 -0.5886 0.3863, 0.0956 -0.5886 0.3906, 0.1059 -0.5886 0.3863, 0.1061 -0.5886 0.3906, 0.1064 -0.5886 0.3863, 0.1068 -0.5886 0.3906, 0.1082 -0.5886 0.3862, 0.1088 -0.5886 0.3904, 0.1099 -0.5886 0.3859, 0.1107 -0.5886 0.3902, 0.1115 -0.5886 0.3856, 0.1125 -0.5886 0.3898, 0.1129 -0.5886 0.3851, 0.1142 -0.5886 0.3892, 0.1142 -0.5886 0.3844, 0.1158 -0.5886 0.3885, 0.1173 -0.5886 0.3877, 0.1202 -0.5886 0.3677, 0.1246 -0.5886 0.3655, 0.1197 -0.5886 0.3663, 0.124 -0.5886 0.364, 0.1192 -0.5886 0.3649, 0.1233 -0.5886 0.3626, 0.1185 -0.5886 0.3637, 0.1224 -0.5886 0.3612, 0.1177 -0.5886 0.3626, 0.1213 -0.5886 0.3599, 0.1167 -0.5886 0.3616, 0.1201 -0.5886 0.3587, 0.1163 -0.5886 0.3612, 0.1195 -0.5886 0.3581, 0.1152 -0.5886 0.3603, 0.1182 -0.5886 0.3571, 0.1167 -0.5886 0.3562, 0.1245 -0.5886 0.3795, 0.125 -0.5886 0.3779, 0.1204 -0.5886 0.3759, 0.1254 -0.5886 0.3762, 0.1206 -0.5886 0.3742, 0.1257 -0.5886 0.3744, 0.1207 -0.5886 0.3724, 0.1257 -0.5886 0.3725, 0.1207 -0.5886 0.371, 0.1257 -0.5886 0.3707, 0.1205 -0.5886 0.3693, 0.1255 -0.5886 0.3689, 0.1251 -0.5886 0.3672, 0.1382 -0.5925 0.3678, 0.1366 -0.5925 0.3636, 0.1506 -0.5925 0.3678, 0.1521 -0.5925 0.3636, 0.1437 -0.5925 0.3832, 0.1419 -0.5925 0.3906, 0.1278 -0.5925 0.3535, 0.1331 -0.5925 0.3535, 0.144 -0.5925 0.3843, 0.1443 -0.5925 0.3858, 0.147 -0.5925 0.3906, 0.1444 -0.5925 0.3858, 0.1447 -0.5925 0.3843, 0.145 -0.5925 0.3832, 0.1611 -0.5925 0.3535, 0.1559 -0.5925 0.3535, 0.1506 -0.5886 0.3678, 0.145 -0.5886 0.3832, 0.147 -0.5886 0.3906, 0.1447 -0.5886 0.3843, 0.1444 -0.5886 0.3858, 0.1419 -0.5886 0.3906, 0.1443 -0.5886 0.3858, 0.144 -0.5886 0.3843, 0.1437 -0.5886 0.3832, 0.1382 -0.5886 0.3678, 0.1278 -0.5886 0.3535, 0.1611 -0.5886 0.3535, 0.1559 -0.5886 0.3535, 0.1521 -0.5886 0.3636, 0.1331 -0.5886 0.3535, 0.1366 -0.5886 0.3636, 0.0323 -0.5925 0.2989, 0.0323 -0.5925 0.2947, 0.0323 -0.5886 0.2989, 0.0323 -0.5886 0.2947, 0.0172 -0.5925 0.2989, 0.0172 -0.5886 0.2989, 0.0172 -0.5925 0.3114, 0.0172 -0.5886 0.3114, 0.0304 -0.5925 0.3114, 0.0304 -0.5886 0.3114, 0.0304 -0.5925 0.3156, 0.0304 -0.5886 0.3156, 0.0172 -0.5925 0.3156, 0.0172 -0.5886 0.3156, 0.0172 -0.5925 0.3275, 0.0172 -0.5886 0.3275, 0.0315 -0.5925 0.3275, 0.0315 -0.5886 0.3275, 0.0315 -0.5925 0.3318, 0.0315 -0.5886 0.3318, 0.0124 -0.5925 0.3318, 0.0124 -0.5886 0.3318, 0.0124 -0.5925 0.2947, 0.0124 -0.5886 0.2947, 0.0534 -0.5925 0.2947, 0.058 -0.5925 0.2947, 0.0534 -0.5925 0.2988, 0.058 -0.5925 0.3117, 0.0498 -0.5925 0.3178, 0.0506 -0.5925 0.3175, 0.0525 -0.5925 0.3212, 0.0416 -0.5925 0.3094, 0.0406 -0.5925 0.3089, 0.0432 -0.5925 0.3059, 0.0427 -0.5925 0.3055, 0.0534 -0.5925 0.3208, 0.0512 -0.5925 0.3171, 0.0542 -0.5925 0.3204, 0.0517 -0.5925 0.3167, 0.055 -0.5925 0.3199, 0.0556 -0.5925 0.3193, 0.0522 -0.5925 0.3162, 0.0562 -0.5925 0.3186, 0.0423 -0.5925 0.2995, 0.042 -0.5925 0.3001, 0.0381 -0.5925 0.2972, 0.0397 -0.5925 0.3083, 0.039 -0.5925 0.3077, 0.0423 -0.5925 0.305, 0.0427 -0.5925 0.3098, 0.0439 -0.5925 0.3063, 0.0441 -0.5925 0.3102, 0.0447 -0.5925 0.3066, 0.0455 -0.5925 0.3104, 0.0389 -0.5925 0.3076, 0.0383 -0.5925 0.3069, 0.0419 -0.5925 0.3044, 0.0378 -0.5925 0.3061, 0.0417 -0.5925 0.3038, 0.0525 -0.5925 0.3015, 0.0533 -0.5925 0.2988, 0.052 -0.5925 0.3007, 0.053 -0.5925 0.2984, 0.0473 -0.5925 0.2979, 0.0484 -0.5925 0.2946, 0.0482 -0.5925 0.2981, 0.0493 -0.5925 0.295, 0.0491 -0.5925 0.2984, 0.0502 -0.5925 0.2954, 0.0498 -0.5925 0.2988, 0.0534 -0.5925 0.3052, 0.0533 -0.5925 0.3042, 0.0531 -0.5925 0.3032, 0.0529 -0.5925 0.3024, 0.0567 -0.5925 0.3178, 0.0526 -0.5925 0.3155, 0.0572 -0.5925 0.3168, 0.0529 -0.5925 0.3148, 0.0575 -0.5925 0.3158, 0.0531 -0.5925 0.314, 0.0578 -0.5925 0.3146, 0.0428 -0.5925 0.2991, 0.0405 -0.5925 0.2951, 0.0434 -0.5925 0.2986, 0.0414 -0.5925 0.2947, 0.044 -0.5925 0.2983, 0.0424 -0.5925 0.2944, 0.0447 -0.5925 0.2981, 0.0387 -0.5925 0.2965, 0.039 -0.5925 0.2961, 0.0398 -0.5925 0.2956, 0.0415 -0.5925 0.3014, 0.037 -0.5925 0.2997, 0.0417 -0.5925 0.3007, 0.0373 -0.5925 0.2988, 0.0376 -0.5925 0.2979, 0.0534 -0.5925 0.308, 0.0534 -0.5925 0.3115, 0.0472 -0.5925 0.3071, 0.0457 -0.5925 0.3069, 0.051 -0.5925 0.296, 0.0517 -0.5925 0.2967, 0.0506 -0.5925 0.2992, 0.0524 -0.5925 0.2975, 0.0512 -0.5925 0.2998, 0.0514 -0.5925 0.3, 0.058 -0.5925 0.3132, 0.0533 -0.5925 0.313, 0.0534 -0.5925 0.3118, 0.0534 -0.5925 0.3054, 0.0434 -0.5925 0.2942, 0.0445 -0.5925 0.2941, 0.0455 -0.5925 0.2979, 0.0452 -0.5925 0.2941, 0.0464 -0.5925 0.2979, 0.0463 -0.5925 0.2941, 0.0474 -0.5925 0.2943, 0.0374 -0.5925 0.3053, 0.0371 -0.5925 0.3044, 0.0415 -0.5925 0.303, 0.0369 -0.5925 0.3034, 0.0415 -0.5925 0.3022, 0.0514 -0.5925 0.3215, 0.0503 -0.5925 0.3217, 0.049 -0.5925 0.3179, 0.049 -0.5925 0.3218, 0.048 -0.5925 0.318, 0.0485 -0.5925 0.3218, 0.0476 -0.5925 0.318, 0.0469 -0.5925 0.3217, 0.0463 -0.5925 0.3179, 0.0454 -0.5925 0.3215, 0.0451 -0.5925 0.3177, 0.044 -0.5925 0.3213, 0.0439 -0.5925 0.3174, 0.0426 -0.5925 0.3209, 0.0428 -0.5925 0.3169, 0.0414 -0.5925 0.3204, 0.0416 -0.5925 0.3163, 0.0401 -0.5925 0.3198, 0.0405 -0.5925 0.3156, 0.0393 -0.5925 0.3193, 0.0393 -0.5925 0.3148, 0.0368 -0.5925 0.3024, 0.0368 -0.5925 0.3018, 0.0368 -0.5925 0.3007, 0.0405 -0.5886 0.3156, 0.0393 -0.5886 0.3148, 0.0393 -0.5886 0.3193, 0.0542 -0.5886 0.3204, 0.0517 -0.5886 0.3167, 0.0512 -0.5886 0.3171, 0.0531 -0.5886 0.3032, 0.0533 -0.5886 0.3042, 0.058 -0.5886 0.3117, 0.0423 -0.5886 0.2995, 0.0381 -0.5886 0.2972, 0.042 -0.5886 0.3001, 0.0376 -0.5886 0.2979, 0.0417 -0.5886 0.3007, 0.055 -0.5886 0.3199, 0.0556 -0.5886 0.3193, 0.0522 -0.5886 0.3162, 0.0562 -0.5886 0.3186, 0.0526 -0.5886 0.3155, 0.0567 -0.5886 0.3178, 0.0529 -0.5886 0.3148, 0.049 -0.5886 0.3179, 0.0503 -0.5886 0.3217, 0.0498 -0.5886 0.3178, 0.0514 -0.5886 0.3215, 0.0506 -0.5886 0.3175, 0.0525 -0.5886 0.3212, 0.0534 -0.5886 0.3208, 0.0529 -0.5886 0.3024, 0.0534 -0.5886 0.2988, 0.0534 -0.5886 0.2947, 0.058 -0.5886 0.2947, 0.0427 -0.5886 0.3055, 0.0406 -0.5886 0.3089, 0.0432 -0.5886 0.3059, 0.0416 -0.5886 0.3094, 0.0439 -0.5886 0.3063, 0.0427 -0.5886 0.3098, 0.0447 -0.5886 0.3066, 0.0441 -0.5886 0.3102, 0.0457 -0.5886 0.3069, 0.0455 -0.5886 0.3104, 0.0423 -0.5886 0.305, 0.039 -0.5886 0.3077, 0.0397 -0.5886 0.3083, 0.0428 -0.5886 0.2991, 0.039 -0.5886 0.2961, 0.0387 -0.5886 0.2965, 0.0434 -0.5886 0.2986, 0.0405 -0.5886 0.2951, 0.0398 -0.5886 0.2956, 0.0534 -0.5886 0.308, 0.058 -0.5886 0.3132, 0.0534 -0.5886 0.3054, 0.0534 -0.5886 0.3052, 0.0419 -0.5886 0.3044, 0.0383 -0.5886 0.3069, 0.0389 -0.5886 0.3076, 0.0572 -0.5886 0.3168, 0.0575 -0.5886 0.3158, 0.0531 -0.5886 0.314, 0.0578 -0.5886 0.3146, 0.0533 -0.5886 0.313, 0.0534 -0.5886 0.3118, 0.0373 -0.5886 0.2988, 0.037 -0.5886 0.2997, 0.0415 -0.5886 0.3014, 0.0534 -0.5886 0.3115, 0.0472 -0.5886 0.3071, 0.0416 -0.5886 0.3163, 0.0401 -0.5886 0.3198, 0.0428 -0.5886 0.3169, 0.0414 -0.5886 0.3204, 0.0439 -0.5886 0.3174, 0.0426 -0.5886 0.3209, 0.0451 -0.5886 0.3177, 0.044 -0.5886 0.3213, 0.0463 -0.5886 0.3179, 0.0454 -0.5886 0.3215, 0.0476 -0.5886 0.318, 0.0469 -0.5886 0.3217, 0.048 -0.5886 0.318, 0.0485 -0.5886 0.3218, 0.049 -0.5886 0.3218, 0.0415 -0.5886 0.303, 0.0371 -0.5886 0.3044, 0.0417 -0.5886 0.3038, 0.0374 -0.5886 0.3053, 0.0378 -0.5886 0.3061, 0.0368 -0.5886 0.3007, 0.0368 -0.5886 0.3018, 0.0415 -0.5886 0.3022, 0.0368 -0.5886 0.3024, 0.0369 -0.5886 0.3034, 0.053 -0.5886 0.2984, 0.0524 -0.5886 0.2975, 0.0506 -0.5886 0.2992, 0.0517 -0.5886 0.2967, 0.0498 -0.5886 0.2988, 0.051 -0.5886 0.296, 0.0491 -0.5886 0.2984, 0.0502 -0.5886 0.2954, 0.0482 -0.5886 0.2981, 0.0455 -0.5886 0.2979, 0.0445 -0.5886 0.2941, 0.0447 -0.5886 0.2981, 0.0434 -0.5886 0.2942, 0.044 -0.5886 0.2983, 0.0424 -0.5886 0.2944, 0.0414 -0.5886 0.2947, 0.0493 -0.5886 0.295, 0.0484 -0.5886 0.2946, 0.0473 -0.5886 0.2979, 0.0474 -0.5886 0.2943, 0.0464 -0.5886 0.2979, 0.0463 -0.5886 0.2941, 0.0452 -0.5886 0.2941, 0.0512 -0.5886 0.2998, 0.0514 -0.5886 0.3, 0.0533 -0.5886 0.2988, 0.052 -0.5886 0.3007, 0.0525 -0.5886 0.3015, 0.072 -0.5925 0.2979, 0.072 -0.5886 0.2979, 0.0708 -0.5886 0.2979, 0.0708 -0.5925 0.2979, 0.0696 -0.5886 0.2981, 0.0696 -0.5925 0.2981, 0.0685 -0.5886 0.2983, 0.0685 -0.5925 0.2983, 0.0674 -0.5886 0.2987, 0.0674 -0.5925 0.2987, 0.0663 -0.5886 0.2992, 0.0663 -0.5925 0.2992, 0.0652 -0.5886 0.2998, 0.0652 -0.5925 0.2998, 0.0643 -0.5886 0.3004, 0.0643 -0.5925 0.3004, 0.0643 -0.5925 0.2956, 0.0643 -0.5886 0.2956, 0.0654 -0.5886 0.2951, 0.0654 -0.5925 0.2951, 0.0666 -0.5886 0.2947, 0.0666 -0.5925 0.2947, 0.0679 -0.5886 0.2944, 0.0679 -0.5925 0.2944, 0.0692 -0.5886 0.2942, 0.0692 -0.5925 0.2942, 0.0706 -0.5886 0.2941, 0.0706 -0.5925 0.2941, 0.0715 -0.5886 0.2941, 0.0715 -0.5925 0.2941, 0.073 -0.5886 0.2941, 0.073 -0.5925 0.2941, 0.0744 -0.5886 0.2943, 0.0744 -0.5925 0.2943, 0.0756 -0.5886 0.2945, 0.0756 -0.5925 0.2945, 0.0768 -0.5886 0.2949, 0.0768 -0.5925 0.2949, 0.0778 -0.5886 0.2953, 0.0778 -0.5925 0.2953, 0.0787 -0.5886 0.2958, 0.0787 -0.5925 0.2958, 0.0792 -0.5886 0.2962, 0.0792 -0.5925 0.2962, 0.08 -0.5886 0.2968, 0.08 -0.5925 0.2968, 0.0806 -0.5886 0.2974, 0.0806 -0.5925 0.2974, 0.0811 -0.5886 0.2981, 0.0811 -0.5925 0.2981, 0.0815 -0.5886 0.2988, 0.0815 -0.5925 0.2988, 0.0819 -0.5886 0.2996, 0.0819 -0.5925 0.2996, 0.0821 -0.5886 0.3004, 0.0821 -0.5925 0.3004, 0.0822 -0.5886 0.3013, 0.0822 -0.5925 0.3013, 0.0822 -0.5886 0.3019, 0.0822 -0.5925 0.3019, 0.0821 -0.5886 0.3028, 0.0821 -0.5925 0.3028, 0.082 -0.5886 0.3037, 0.082 -0.5925 0.3037, 0.0817 -0.5886 0.3045, 0.0817 -0.5925 0.3045, 0.0814 -0.5886 0.3053, 0.0814 -0.5925 0.3053, 0.0809 -0.5886 0.3059, 0.0809 -0.5925 0.3059, 0.0806 -0.5886 0.3063, 0.0806 -0.5925 0.3063, 0.0801 -0.5886 0.3068, 0.0801 -0.5925 0.3068, 0.0793 -0.5886 0.3074, 0.0793 -0.5925 0.3074, 0.0784 -0.5886 0.308, 0.0784 -0.5925 0.308, 0.0771 -0.5886 0.3087, 0.0771 -0.5925 0.3087, 0.0757 -0.5886 0.3093, 0.0757 -0.5925 0.3093, 0.0747 -0.5886 0.3097, 0.0747 -0.5925 0.3097, 0.0726 -0.5886 0.3105, 0.0726 -0.5925 0.3105, 0.0714 -0.5886 0.3112, 0.0714 -0.5925 0.3112, 0.0706 -0.5886 0.3116, 0.0706 -0.5925 0.3116, 0.0702 -0.5886 0.312, 0.0702 -0.5925 0.312, 0.0698 -0.5886 0.3124, 0.0698 -0.5925 0.3124, 0.0695 -0.5886 0.3129, 0.0695 -0.5925 0.3129, 0.0693 -0.5886 0.3134, 0.0693 -0.5925 0.3134, 0.0692 -0.5886 0.314, 0.0692 -0.5925 0.314, 0.0691 -0.5886 0.3144, 0.0691 -0.5925 0.3144, 0.0692 -0.5886 0.315, 0.0692 -0.5925 0.315, 0.0694 -0.5886 0.3156, 0.0694 -0.5925 0.3156, 0.0696 -0.5886 0.3161, 0.0696 -0.5925 0.3161, 0.07 -0.5886 0.3165, 0.07 -0.5925 0.3165, 0.0704 -0.5886 0.3169, 0.0704 -0.5925 0.3169, 0.0705 -0.5886 0.317, 0.0705 -0.5925 0.317, 0.0712 -0.5886 0.3174, 0.0712 -0.5925 0.3174, 0.0718 -0.5886 0.3177, 0.0718 -0.5925 0.3177, 0.0726 -0.5886 0.3179, 0.0726 -0.5925 0.3179, 0.0735 -0.5886 0.318, 0.0735 -0.5925 0.318, 0.0742 -0.5886 0.318, 0.0742 -0.5925 0.318, 0.0755 -0.5886 0.3179, 0.0755 -0.5925 0.3179, 0.0767 -0.5886 0.3178, 0.0767 -0.5925 0.3178, 0.0778 -0.5886 0.3175, 0.0778 -0.5925 0.3175, 0.0789 -0.5886 0.3171, 0.0789 -0.5925 0.3171, 0.0799 -0.5886 0.3167, 0.0799 -0.5925 0.3167, 0.0809 -0.5886 0.3161, 0.0809 -0.5925 0.3161, 0.0809 -0.5925 0.3206, 0.0809 -0.5886 0.3206, 0.0797 -0.5886 0.321, 0.0797 -0.5925 0.321, 0.0785 -0.5886 0.3214, 0.0785 -0.5925 0.3214, 0.0772 -0.5886 0.3216, 0.0772 -0.5925 0.3216, 0.0758 -0.5886 0.3217, 0.0758 -0.5925 0.3217, 0.0747 -0.5886 0.3218, 0.0747 -0.5925 0.3218, 0.0733 -0.5886 0.3217, 0.0733 -0.5925 0.3217, 0.072 -0.5886 0.3215, 0.072 -0.5925 0.3215, 0.0708 -0.5886 0.3213, 0.0708 -0.5925 0.3213, 0.0697 -0.5886 0.3209, 0.0697 -0.5925 0.3209, 0.0687 -0.5886 0.3205, 0.0687 -0.5925 0.3205, 0.0677 -0.5886 0.3199, 0.0677 -0.5925 0.3199, 0.0673 -0.5886 0.3197, 0.0673 -0.5925 0.3197, 0.0666 -0.5886 0.319, 0.0666 -0.5925 0.319, 0.0659 -0.5886 0.3184, 0.0659 -0.5925 0.3184, 0.0654 -0.5886 0.3177, 0.0654 -0.5925 0.3177, 0.065 -0.5886 0.3169, 0.065 -0.5925 0.3169, 0.0647 -0.5886 0.3162, 0.0647 -0.5925 0.3162, 0.0645 -0.5886 0.3154, 0.0645 -0.5925 0.3154, 0.0644 -0.5886 0.3145, 0.0644 -0.5925 0.3145, 0.0644 -0.5886 0.314, 0.0644 -0.5925 0.314, 0.0644 -0.5886 0.313, 0.0644 -0.5925 0.313, 0.0646 -0.5886 0.3121, 0.0646 -0.5925 0.3121, 0.0648 -0.5886 0.3113, 0.0648 -0.5925 0.3113, 0.0652 -0.5886 0.3106, 0.0652 -0.5925 0.3106, 0.0656 -0.5886 0.3099, 0.0656 -0.5925 0.3099, 0.0657 -0.5886 0.3098, 0.0657 -0.5925 0.3098, 0.0661 -0.5886 0.3093, 0.0661 -0.5925 0.3093, 0.0668 -0.5886 0.3088, 0.0668 -0.5925 0.3088, 0.0676 -0.5886 0.3082, 0.0676 -0.5925 0.3082, 0.0687 -0.5886 0.3075, 0.0687 -0.5925 0.3075, 0.0701 -0.5886 0.3069, 0.0701 -0.5925 0.3069, 0.0714 -0.5886 0.3063, 0.0714 -0.5925 0.3063, 0.0734 -0.5886 0.3055, 0.0734 -0.5925 0.3055, 0.0748 -0.5886 0.3049, 0.0748 -0.5925 0.3049, 0.0757 -0.5886 0.3044, 0.0757 -0.5925 0.3044, 0.0762 -0.5886 0.304, 0.0762 -0.5925 0.304, 0.0767 -0.5886 0.3035, 0.0767 -0.5925 0.3035, 0.0771 -0.5886 0.303, 0.0771 -0.5925 0.303, 0.0773 -0.5886 0.3025, 0.0773 -0.5925 0.3025, 0.0774 -0.5886 0.3019, 0.0774 -0.5925 0.3019, 0.0774 -0.5886 0.3014, 0.0774 -0.5925 0.3014, 0.0774 -0.5886 0.3008, 0.0774 -0.5925 0.3008, 0.0772 -0.5886 0.3002, 0.0772 -0.5925 0.3002, 0.077 -0.5886 0.2996, 0.077 -0.5925 0.2996, 0.0766 -0.5886 0.2992, 0.0766 -0.5925 0.2992, 0.0762 -0.5886 0.2988, 0.0762 -0.5925 0.2988, 0.0757 -0.5886 0.2985, 0.0757 -0.5925 0.2985, 0.075 -0.5886 0.2982, 0.075 -0.5925 0.2982, 0.0742 -0.5886 0.298, 0.0742 -0.5925 0.298, 0.0732 -0.5886 0.2979, 0.0732 -0.5925 0.2979, 0.1052 -0.5925 0.3212, 0.11 -0.5925 0.3212, 0.1052 -0.5886 0.3212, 0.11 -0.5886 0.3212, 0.098 -0.5925 0.3012, 0.098 -0.5886 0.3012, 0.0976 -0.5886 0.3, 0.0976 -0.5925 0.3, 0.0974 -0.5886 0.2991, 0.0974 -0.5925 0.2991, 0.0973 -0.5925 0.2991, 0.0973 -0.5886 0.2991, 0.0967 -0.5925 0.3013, 0.0967 -0.5886 0.3013, 0.0898 -0.5925 0.3212, 0.0898 -0.5886 0.3212, 0.0846 -0.5925 0.3212, 0.0846 -0.5886 0.3212, 0.095 -0.5925 0.2947, 0.095 -0.5886 0.2947, 0.093 -0.5925 0.2899, 0.093 -0.5886 0.2899, 0.0924 -0.5886 0.2888, 0.0924 -0.5925 0.2888, 0.0919 -0.5886 0.288, 0.0919 -0.5925 0.288, 0.0912 -0.5886 0.2873, 0.0912 -0.5925 0.2873, 0.0905 -0.5886 0.2868, 0.0905 -0.5925 0.2868, 0.0898 -0.5886 0.2865, 0.0898 -0.5925 0.2865, 0.089 -0.5886 0.2863, 0.089 -0.5925 0.2863, 0.0882 -0.5886 0.2862, 0.0882 -0.5925 0.2862, 0.0872 -0.5886 0.2863, 0.0872 -0.5925 0.2863, 0.0862 -0.5886 0.2865, 0.0862 -0.5925 0.2865, 0.0856 -0.5886 0.2867, 0.0856 -0.5925 0.2867, 0.0856 -0.5925 0.2826, 0.0856 -0.5886 0.2826, 0.0867 -0.5886 0.2824, 0.0867 -0.5925 0.2824, 0.088 -0.5886 0.2822, 0.088 -0.5925 0.2822, 0.0886 -0.5886 0.2822, 0.0886 -0.5925 0.2822, 0.0897 -0.5886 0.2823, 0.0897 -0.5925 0.2823, 0.0908 -0.5886 0.2825, 0.0908 -0.5925 0.2825, 0.0918 -0.5886 0.2829, 0.0918 -0.5925 0.2829, 0.0928 -0.5886 0.2834, 0.0928 -0.5925 0.2834, 0.0937 -0.5886 0.2841, 0.0937 -0.5925 0.2841, 0.0946 -0.5886 0.285, 0.0946 -0.5925 0.285, 0.0955 -0.5886 0.286, 0.0955 -0.5925 0.286, 0.0963 -0.5886 0.2872, 0.0963 -0.5925 0.2872, 0.0971 -0.5886 0.2887, 0.0971 -0.5925 0.2887, 0.0979 -0.5886 0.2904, 0.0979 -0.5925 0.2904, 0.098 -0.5886 0.2907, 0.098 -0.5925 0.2907, 0.135 -0.5925 0.2989, 0.135 -0.5925 0.2947, 0.135 -0.5886 0.2989, 0.135 -0.5886 0.2947, 0.1198 -0.5925 0.2989, 0.1198 -0.5886 0.2989, 0.1198 -0.5925 0.3114, 0.1198 -0.5886 0.3114, 0.1331 -0.5925 0.3114, 0.1331 -0.5886 0.3114, 0.1331 -0.5925 0.3156, 0.1331 -0.5886 0.3156, 0.1198 -0.5925 0.3156, 0.1198 -0.5886 0.3156, 0.1198 -0.5925 0.3275, 0.1198 -0.5886 0.3275, 0.1341 -0.5925 0.3275, 0.1341 -0.5886 0.3275, 0.1341 -0.5925 0.3318, 0.1341 -0.5886 0.3318, 0.115 -0.5925 0.3318, 0.115 -0.5886 0.3318, 0.115 -0.5925 0.2947, 0.115 -0.5886 0.2947, 0.159 -0.5925 0.3001, 0.1616 -0.5925 0.2966, 0.1604 -0.5925 0.3007, 0.1632 -0.5925 0.2974, 0.1616 -0.5925 0.3015, 0.1646 -0.5925 0.2983, 0.1627 -0.5925 0.3024, 0.166 -0.5925 0.2993, 0.1632 -0.5925 0.3028, 0.1666 -0.5925 0.2999, 0.1641 -0.5925 0.3038, 0.1678 -0.5925 0.3011, 0.1649 -0.5925 0.3049, 0.1688 -0.5925 0.3024, 0.1656 -0.5925 0.3061, 0.1697 -0.5925 0.3038, 0.1662 -0.5925 0.3074, 0.1668 -0.5925 0.3171, 0.1715 -0.5925 0.3191, 0.1664 -0.5925 0.3187, 0.1709 -0.5925 0.3207, 0.1659 -0.5925 0.3201, 0.1703 -0.5925 0.3221, 0.1653 -0.5925 0.3213, 0.1695 -0.5925 0.3235, 0.1646 -0.5925 0.3224, 0.1686 -0.5925 0.3248, 0.1675 -0.5925 0.326, 0.1637 -0.5925 0.3234, 0.1666 -0.5925 0.3268, 0.1631 -0.5925 0.324, 0.1652 -0.5925 0.328, 0.1619 -0.5925 0.3249, 0.1637 -0.5925 0.3289, 0.1607 -0.5925 0.3256, 0.1622 -0.5925 0.3297, 0.1593 -0.5925 0.3263, 0.1606 -0.5925 0.3304, 0.1579 -0.5925 0.3268, 0.1589 -0.5925 0.331, 0.1563 -0.5925 0.3271, 0.1571 -0.5925 0.3314, 0.1546 -0.5925 0.3274, 0.1552 -0.5925 0.3316, 0.1528 -0.5925 0.3275, 0.1532 -0.5925 0.3317, 0.1524 -0.5925 0.3275, 0.1526 -0.5925 0.3318, 0.1468 -0.5925 0.3275, 0.142 -0.5925 0.3318, 0.1468 -0.5925 0.2989, 0.142 -0.5925 0.2947, 0.1521 -0.5925 0.2989, 0.1522 -0.5925 0.2947, 0.1541 -0.5925 0.299, 0.1543 -0.5925 0.2948, 0.1559 -0.5925 0.2992, 0.1563 -0.5925 0.295, 0.1576 -0.5925 0.2996, 0.1582 -0.5925 0.2954, 0.16 -0.5925 0.2959, 0.1704 -0.5925 0.3052, 0.1711 -0.5925 0.3067, 0.1666 -0.5925 0.3089, 0.1715 -0.5925 0.3084, 0.1669 -0.5925 0.3105, 0.1719 -0.5925 0.3101, 0.1671 -0.5925 0.3122, 0.1721 -0.5925 0.3119, 0.1671 -0.5925 0.3136, 0.1722 -0.5925 0.3137, 0.167 -0.5925 0.3154, 0.1721 -0.5925 0.3156, 0.1718 -0.5925 0.3174, 0.1619 -0.5886 0.3249, 0.1652 -0.5886 0.328, 0.1631 -0.5886 0.324, 0.1666 -0.5886 0.3268, 0.1637 -0.5886 0.3234, 0.1675 -0.5886 0.326, 0.1646 -0.5886 0.3224, 0.1686 -0.5886 0.3248, 0.1653 -0.5886 0.3213, 0.1695 -0.5886 0.3235, 0.1659 -0.5886 0.3201, 0.1703 -0.5886 0.3221, 0.1664 -0.5886 0.3187, 0.1604 -0.5886 0.3007, 0.1616 -0.5886 0.2966, 0.159 -0.5886 0.3001, 0.16 -0.5886 0.2959, 0.1576 -0.5886 0.2996, 0.1582 -0.5886 0.2954, 0.1559 -0.5886 0.2992, 0.1563 -0.5886 0.295, 0.1541 -0.5886 0.299, 0.1543 -0.5886 0.2948, 0.1521 -0.5886 0.2989, 0.1522 -0.5886 0.2947, 0.1468 -0.5886 0.2989, 0.142 -0.5886 0.2947, 0.1468 -0.5886 0.3275, 0.142 -0.5886 0.3318, 0.1524 -0.5886 0.3275, 0.1526 -0.5886 0.3318, 0.1528 -0.5886 0.3275, 0.1532 -0.5886 0.3317, 0.1546 -0.5886 0.3274, 0.1552 -0.5886 0.3316, 0.1563 -0.5886 0.3271, 0.1571 -0.5886 0.3314, 0.1579 -0.5886 0.3268, 0.1589 -0.5886 0.331, 0.1593 -0.5886 0.3263, 0.1606 -0.5886 0.3304, 0.1607 -0.5886 0.3256, 0.1622 -0.5886 0.3297, 0.1637 -0.5886 0.3289, 0.1666 -0.5886 0.3089, 0.1711 -0.5886 0.3067, 0.1662 -0.5886 0.3074, 0.1704 -0.5886 0.3052, 0.1656 -0.5886 0.3061, 0.1697 -0.5886 0.3038, 0.1649 -0.5886 0.3049, 0.1688 -0.5886 0.3024, 0.1641 -0.5886 0.3038, 0.1678 -0.5886 0.3011, 0.1632 -0.5886 0.3028, 0.1666 -0.5886 0.2999, 0.1627 -0.5886 0.3024, 0.166 -0.5886 0.2993, 0.1616 -0.5886 0.3015, 0.1646 -0.5886 0.2983, 0.1632 -0.5886 0.2974, 0.1709 -0.5886 0.3207, 0.1715 -0.5886 0.3191, 0.1668 -0.5886 0.3171, 0.1718 -0.5886 0.3174, 0.167 -0.5886 0.3154, 0.1721 -0.5886 0.3156, 0.1671 -0.5886 0.3136, 0.1722 -0.5886 0.3137, 0.1671 -0.5886 0.3122, 0.1721 -0.5886 0.3119, 0.1669 -0.5886 0.3105, 0.1719 -0.5886 0.3101, 0.1715 -0.5886 0.3084, 0.1846 -0.5925 0.309, 0.1831 -0.5925 0.3048, 0.197 -0.5925 0.309, 0.1985 -0.5925 0.3048, 0.1901 -0.5925 0.3244, 0.1883 -0.5925 0.3318, 0.1742 -0.5925 0.2947, 0.1795 -0.5925 0.2947, 0.1904 -0.5925 0.3255, 0.1907 -0.5925 0.327, 0.1934 -0.5925 0.3318, 0.1908 -0.5925 0.327, 0.1911 -0.5925 0.3254, 0.1914 -0.5925 0.3244, 0.2076 -0.5925 0.2947, 0.2023 -0.5925 0.2947, 0.197 -0.5886 0.309, 0.1914 -0.5886 0.3244, 0.1934 -0.5886 0.3318, 0.1911 -0.5886 0.3254, 0.1908 -0.5886 0.327, 0.1883 -0.5886 0.3318, 0.1907 -0.5886 0.327, 0.1904 -0.5886 0.3255, 0.1901 -0.5886 0.3244, 0.1846 -0.5886 0.309, 0.1742 -0.5886 0.2947, 0.2076 -0.5886 0.2947, 0.2023 -0.5886 0.2947, 0.1985 -0.5886 0.3048, 0.1795 -0.5886 0.2947, 0.1831 -0.5886 0.3048, -0.1474 -0.5925 0.2846, -0.1445 -0.5925 0.2822, -0.1537 -0.5925 0.3127, -0.1311 -0.5925 0.3604, -0.1292 -0.5925 0.3594, -0.1374 -0.5925 0.3786, -0.1138 -0.5925 0.379, -0.1093 -0.5925 0.3814, -0.1175 -0.5925 0.3951, -0.0614 -0.5925 0.3655, -0.0592 -0.5925 0.3608, -0.0441 -0.5925 0.366, -0.0577 -0.5925 0.3559, -0.057 -0.5925 0.3517, -0.1274 -0.5925 0.3134, -0.1249 -0.5925 0.3126, -0.1194 -0.5925 0.3284, -0.047 -0.5925 0.3121, -0.0506 -0.5925 0.311, -0.0467 -0.5925 0.2953, -0.154 -0.5925 0.2951, -0.1524 -0.5925 0.2912, -0.1502 -0.5925 0.2877, -0.0657 -0.5925 0.3257, -0.0739 -0.5925 0.3396, -0.1026 -0.5925 0.3062, -0.1092 -0.5925 0.3212, -0.1026 -0.5925 0.3035, -0.1168 -0.5925 0.2801, -0.1028 -0.5925 0.3001, -0.1133 -0.5925 0.2824, -0.1103 -0.5925 0.2849, -0.1316 -0.5925 0.2933, -0.1326 -0.5925 0.2774, -0.1292 -0.5925 0.293, -0.1289 -0.5925 0.2772, -0.1267 -0.5925 0.2933, -0.1361 -0.5925 0.2956, -0.134 -0.5925 0.2942, -0.1408 -0.5925 0.2799, -0.1368 -0.5925 0.2783, -0.1198 -0.5925 0.3073, -0.1191 -0.5925 0.3049, -0.119 -0.5925 0.3024, -0.1195 -0.5925 0.2998, -0.1207 -0.5925 0.2975, -0.1508 -0.5925 0.3622, -0.1542 -0.5925 0.3778, -0.1593 -0.5925 0.3761, -0.0517 -0.5925 0.2946, -0.0533 -0.5925 0.3106, -0.0673 -0.5925 0.2946, -0.0652 -0.5925 0.3106, -0.0686 -0.5925 0.2948, -0.1119 -0.5925 0.3975, -0.1045 -0.5925 0.3832, -0.1062 -0.5925 0.3991, -0.1575 -0.5925 0.3149, -0.162 -0.5925 0.298, -0.157 -0.5925 0.296, -0.1548 -0.5925 0.3606, -0.1642 -0.5925 0.3737, -0.1585 -0.5925 0.3584, -0.1688 -0.5925 0.3708, -0.1618 -0.5925 0.3556, -0.1075 -0.5925 0.2882, -0.1053 -0.5925 0.2919, -0.1037 -0.5925 0.2959, -0.1394 -0.5925 0.3022, -0.1389 -0.5925 0.2997, -0.1378 -0.5925 0.2976, -0.1156 -0.5925 0.3265, -0.1228 -0.5925 0.3112, -0.1121 -0.5925 0.3241, -0.0352 -0.5925 0.3371, -0.0212 -0.5925 0.3457, -0.0366 -0.5925 0.3406, -0.0236 -0.5925 0.3501, -0.0387 -0.5925 0.3438, -0.0266 -0.5925 0.3543, -0.0413 -0.5925 0.3466, -0.0302 -0.5925 0.358, -0.0443 -0.5925 0.3488, -0.1639 -0.5925 0.3208, -0.1751 -0.5925 0.3077, -0.1609 -0.5925 0.3175, -0.1711 -0.5925 0.3039, -0.1667 -0.5925 0.3006, -0.1489 -0.5925 0.3788, -0.1465 -0.5925 0.3631, -0.1434 -0.5925 0.3792, -0.1432 -0.5925 0.3633, -0.1404 -0.5925 0.379, -0.1391 -0.5925 0.363, -0.1351 -0.5925 0.362, -0.1394 -0.5925 0.3047, -0.1387 -0.5925 0.3073, -0.1525 -0.5925 0.3154, -0.1374 -0.5925 0.3095, -0.1292 -0.5925 0.3135, -0.1331 -0.5925 0.3298, -0.1317 -0.5925 0.3132, -0.1371 -0.5925 0.3288, -0.134 -0.5925 0.3123, -0.1236 -0.5925 0.3296, -0.1276 -0.5925 0.3301, -0.1289 -0.5925 0.3301, -0.1224 -0.5925 0.2956, -0.1244 -0.5925 0.2942, -0.1207 -0.5925 0.2785, -0.1247 -0.5925 0.2775, -0.042 -0.5925 0.2968, -0.0374 -0.5925 0.2988, -0.0436 -0.5925 0.3139, -0.0332 -0.5925 0.3016, -0.0407 -0.5925 0.3162, -0.0292 -0.5925 0.3049, -0.0395 -0.5925 0.3175, -0.0277 -0.5925 0.3064, -0.0373 -0.5925 0.3205, -0.1229 -0.5925 0.3921, -0.1258 -0.5925 0.3902, -0.1179 -0.5925 0.376, -0.13 -0.5925 0.3869, -0.1216 -0.5925 0.3725, -0.1338 -0.5925 0.383, -0.1247 -0.5925 0.3685, -0.1272 -0.5925 0.3641, -0.0464 -0.5925 0.3713, -0.0493 -0.5925 0.3763, -0.0642 -0.5925 0.3698, -0.0529 -0.5925 0.3811, -0.0675 -0.5925 0.3736, -0.1691 -0.5925 0.3322, -0.1848 -0.5925 0.3258, -0.168 -0.5925 0.3281, -0.1831 -0.5925 0.3206, -0.1661 -0.5925 0.3241, -0.1807 -0.5925 0.3156, -0.1777 -0.5925 0.311, -0.121 -0.5925 0.3094, -0.0347 -0.5925 0.3274, -0.0181 -0.5925 0.3292, -0.0343 -0.5925 0.3312, -0.018 -0.5925 0.3315, -0.0344 -0.5925 0.3333, -0.0184 -0.5925 0.3364, -0.0195 -0.5925 0.3411, -0.0246 -0.5925 0.3103, -0.022 -0.5925 0.3146, -0.0356 -0.5925 0.3238, -0.0201 -0.5925 0.3192, -0.0187 -0.5925 0.3241, -0.141 -0.5925 0.3272, -0.1442 -0.5925 0.3252, -0.1361 -0.5925 0.3109, -0.1475 -0.5925 0.3224, -0.1503 -0.5925 0.3192, -0.0664 -0.5925 0.3109, -0.0729 -0.5925 0.2974, -0.0721 -0.5925 0.2966, -0.0941 -0.5925 0.4005, -0.0939 -0.5925 0.3847, -0.0923 -0.5925 0.4005, -0.0889 -0.5925 0.3844, -0.1666 -0.5925 0.3491, -0.1827 -0.5925 0.3532, -0.1682 -0.5925 0.3452, -0.1845 -0.5925 0.3481, -0.1692 -0.5925 0.3412, -0.1857 -0.5925 0.3427, -0.1695 -0.5925 0.337, -0.1861 -0.5925 0.3376, -0.1695 -0.5925 0.3362, -0.1861 -0.5925 0.3365, -0.1858 -0.5925 0.3311, -0.0549 -0.5925 0.3517, -0.0511 -0.5925 0.3514, -0.0431 -0.5925 0.3657, -0.0476 -0.5925 0.3504, -0.0387 -0.5925 0.3638, -0.0342 -0.5925 0.3612, -0.0749 -0.5925 0.3027, -0.0747 -0.5925 0.3008, -0.074 -0.5925 0.299, -0.0656 -0.5925 0.3107, -0.0703 -0.5925 0.2954, -0.1002 -0.5925 0.4002, -0.0995 -0.5925 0.3843, -0.0947 -0.5925 0.3847, -0.0687 -0.5925 0.3107, -0.0705 -0.5925 0.31, -0.0749 -0.5925 0.3035, -0.0721 -0.5925 0.3088, -0.0734 -0.5925 0.3074, -0.0744 -0.5925 0.3055, -0.1728 -0.5925 0.3674, -0.1737 -0.5925 0.3665, -0.1643 -0.5925 0.3527, -0.1773 -0.5925 0.3625, -0.1803 -0.5925 0.358, -0.0667 -0.5925 0.3109, -0.0571 -0.5925 0.3857, -0.0583 -0.5925 0.3868, -0.0708 -0.5925 0.3765, -0.0633 -0.5925 0.3907, -0.0749 -0.5925 0.3794, -0.0687 -0.5925 0.394, -0.0794 -0.5925 0.3817, -0.0744 -0.5925 0.3966, -0.084 -0.5925 0.3834, -0.0802 -0.5925 0.3986, -0.0862 -0.5925 0.3999, -0.0739 -0.5886 0.3396, -0.0657 -0.5886 0.3257, -0.1092 -0.5886 0.3212, -0.1026 -0.5886 0.3062, -0.1168 -0.5886 0.2801, -0.1026 -0.5886 0.3035, -0.1028 -0.5886 0.3001, -0.1133 -0.5886 0.2824, -0.1103 -0.5886 0.2849, -0.1317 -0.5886 0.3132, -0.134 -0.5886 0.3123, -0.1537 -0.5886 0.3127, -0.1361 -0.5886 0.3109, -0.1093 -0.5886 0.3814, -0.1138 -0.5886 0.379, -0.1229 -0.5886 0.3921, -0.1474 -0.5886 0.2846, -0.1502 -0.5886 0.2877, -0.1387 -0.5886 0.3073, -0.1524 -0.5886 0.2912, -0.154 -0.5886 0.2951, -0.1207 -0.5886 0.2975, -0.1195 -0.5886 0.2998, -0.119 -0.5886 0.3024, -0.1191 -0.5886 0.3049, -0.168 -0.5886 0.3281, -0.1661 -0.5886 0.3241, -0.1807 -0.5886 0.3156, -0.1037 -0.5886 0.2959, -0.1053 -0.5886 0.2919, -0.1075 -0.5886 0.2882, -0.1292 -0.5886 0.293, -0.1267 -0.5886 0.2933, -0.1247 -0.5886 0.2775, -0.1548 -0.5886 0.3606, -0.1593 -0.5886 0.3761, -0.1508 -0.5886 0.3622, -0.1542 -0.5886 0.3778, -0.1465 -0.5886 0.3631, -0.1489 -0.5886 0.3788, -0.1432 -0.5886 0.3633, -0.1777 -0.5886 0.311, -0.1639 -0.5886 0.3208, -0.1751 -0.5886 0.3077, -0.1609 -0.5886 0.3175, -0.1711 -0.5886 0.3039, -0.1667 -0.5886 0.3006, -0.1575 -0.5886 0.3149, -0.162 -0.5886 0.298, -0.157 -0.5886 0.296, -0.1374 -0.5886 0.3095, -0.0642 -0.5886 0.3698, -0.0493 -0.5886 0.3763, -0.0614 -0.5886 0.3655, -0.0464 -0.5886 0.3713, -0.0592 -0.5886 0.3608, -0.0441 -0.5886 0.366, -0.0577 -0.5886 0.3559, -0.1258 -0.5886 0.3902, -0.1179 -0.5886 0.376, -0.13 -0.5886 0.3869, -0.0476 -0.5886 0.3504, -0.0511 -0.5886 0.3514, -0.1394 -0.5886 0.3047, -0.1394 -0.5886 0.3022, -0.1389 -0.5886 0.2997, -0.1338 -0.5886 0.383, -0.1216 -0.5886 0.3725, -0.1374 -0.5886 0.3786, -0.1247 -0.5886 0.3685, -0.1272 -0.5886 0.3641, -0.0356 -0.5886 0.3238, -0.022 -0.5886 0.3146, -0.0373 -0.5886 0.3205, -0.0246 -0.5886 0.3103, -0.0395 -0.5886 0.3175, -0.0277 -0.5886 0.3064, -0.0407 -0.5886 0.3162, -0.0292 -0.5886 0.3049, -0.0436 -0.5886 0.3139, -0.0366 -0.5886 0.3406, -0.0212 -0.5886 0.3457, -0.0352 -0.5886 0.3371, -0.0195 -0.5886 0.3411, -0.0344 -0.5886 0.3333, -0.0184 -0.5886 0.3364, -0.0343 -0.5886 0.3312, -0.0549 -0.5886 0.3517, -0.057 -0.5886 0.3517, -0.134 -0.5886 0.2942, -0.1445 -0.5886 0.2822, -0.1361 -0.5886 0.2956, -0.1378 -0.5886 0.2976, -0.1292 -0.5886 0.3135, -0.1276 -0.5886 0.3301, -0.1274 -0.5886 0.3134, -0.1236 -0.5886 0.3296, -0.1249 -0.5886 0.3126, -0.1434 -0.5886 0.3792, -0.1404 -0.5886 0.379, -0.1391 -0.5886 0.363, -0.1351 -0.5886 0.362, -0.1207 -0.5886 0.2785, -0.1244 -0.5886 0.2942, -0.1224 -0.5886 0.2956, -0.1194 -0.5886 0.3284, -0.1156 -0.5886 0.3265, -0.1228 -0.5886 0.3112, -0.1121 -0.5886 0.3241, -0.121 -0.5886 0.3094, -0.1198 -0.5886 0.3073, -0.141 -0.5886 0.3272, -0.1371 -0.5886 0.3288, -0.1311 -0.5886 0.3604, -0.1292 -0.5886 0.3594, -0.0721 -0.5886 0.2966, -0.0729 -0.5886 0.2974, -0.0664 -0.5886 0.3109, -0.074 -0.5886 0.299, -0.018 -0.5886 0.3315, -0.0181 -0.5886 0.3292, -0.0347 -0.5886 0.3274, -0.0187 -0.5886 0.3241, -0.0201 -0.5886 0.3192, -0.0431 -0.5886 0.3657, -0.0387 -0.5886 0.3638, -0.0443 -0.5886 0.3488, -0.0342 -0.5886 0.3612, -0.0413 -0.5886 0.3466, -0.0302 -0.5886 0.358, -0.0387 -0.5886 0.3438, -0.0266 -0.5886 0.3543, -0.0236 -0.5886 0.3501, -0.1289 -0.5886 0.2772, -0.1326 -0.5886 0.2774, -0.1316 -0.5886 0.2933, -0.1368 -0.5886 0.2783, -0.1408 -0.5886 0.2799, -0.1503 -0.5886 0.3192, -0.1475 -0.5886 0.3224, -0.1442 -0.5886 0.3252, -0.1331 -0.5886 0.3298, -0.1289 -0.5886 0.3301, -0.1682 -0.5886 0.3452, -0.1827 -0.5886 0.3532, -0.1666 -0.5886 0.3491, -0.1803 -0.5886 0.358, -0.1643 -0.5886 0.3527, -0.1831 -0.5886 0.3206, -0.1848 -0.5886 0.3258, -0.1691 -0.5886 0.3322, -0.1858 -0.5886 0.3311, -0.1695 -0.5886 0.3362, -0.1861 -0.5886 0.3365, -0.1695 -0.5886 0.337, -0.1861 -0.5886 0.3376, -0.1692 -0.5886 0.3412, -0.1857 -0.5886 0.3427, -0.1845 -0.5886 0.3481, -0.0332 -0.5886 0.3016, -0.0374 -0.5886 0.2988, -0.047 -0.5886 0.3121, -0.042 -0.5886 0.2968, -0.0506 -0.5886 0.311, -0.0467 -0.5886 0.2953, -0.0533 -0.5886 0.3106, -0.0517 -0.5886 0.2946, -0.0652 -0.5886 0.3106, -0.0673 -0.5886 0.2946, -0.0656 -0.5886 0.3107, -0.0686 -0.5886 0.2948, -0.0703 -0.5886 0.2954, -0.0747 -0.5886 0.3008, -0.0749 -0.5886 0.3027, -0.0749 -0.5886 0.3035, -0.1525 -0.5886 0.3154, -0.1773 -0.5886 0.3625, -0.1737 -0.5886 0.3665, -0.1618 -0.5886 0.3556, -0.1728 -0.5886 0.3674, -0.1585 -0.5886 0.3584, -0.1688 -0.5886 0.3708, -0.1642 -0.5886 0.3737, -0.0744 -0.5886 0.3055, -0.0734 -0.5886 0.3074, -0.0721 -0.5886 0.3088, -0.0705 -0.5886 0.31, -0.0708 -0.5886 0.3765, -0.0583 -0.5886 0.3868, -0.0675 -0.5886 0.3736, -0.0571 -0.5886 0.3857, -0.0529 -0.5886 0.3811, -0.1175 -0.5886 0.3951, -0.1119 -0.5886 0.3975, -0.1045 -0.5886 0.3832, -0.1062 -0.5886 0.3991, -0.0995 -0.5886 0.3843, -0.1002 -0.5886 0.4002, -0.0947 -0.5886 0.3847, -0.0941 -0.5886 0.4005, -0.0939 -0.5886 0.3847, -0.0923 -0.5886 0.4005, -0.0889 -0.5886 0.3844, -0.0862 -0.5886 0.3999, -0.084 -0.5886 0.3834, -0.0802 -0.5886 0.3986, -0.0794 -0.5886 0.3817, -0.0744 -0.5886 0.3966, -0.0749 -0.5886 0.3794, -0.0687 -0.5886 0.394, -0.0633 -0.5886 0.3907, -0.0687 -0.5886 0.3107, -0.0667 -0.5886 0.3109
            ]
        }
        coordIndex [
            0,1,2,-1,2,1,3,-1,4,0,5,-1,5,0,2,-1,6,4,7,-1,7,4,5,-1,8,6,9,-1,9,6,7,-1,10,8,11,-1,11,8,9,-1,1,10,3,-1,3,10,11,-1,6,8,4,-1,4,8,10,-1,4,10,0,-1,0,10,1,-1,2,3,5,-1,5,3,11,-1,5,11,7,-1,7,11,9,-1,12,13,14,-1,12,14,15,-1,15,14,16,-1,15,16,17,-1,17,16,18,-1,17,18,19,-1,19,18,20,-1,19,20,21,-1,21,20,22,-1,21,22,23,-1,23,22,24,-1,23,24,25,-1,26,25,27,-1,27,25,24,-1,26,27,28,-1,26,28,29,-1,29,28,30,-1,29,30,31,-1,31,30,32,-1,31,32,33,-1,33,32,34,-1,33,34,35,-1,35,34,36,-1,35,36,37,-1,37,36,38,-1,37,38,39,-1,39,38,40,-1,39,40,41,-1,41,40,42,-1,41,42,43,-1,43,42,44,-1,43,44,45,-1,45,44,46,-1,45,46,47,-1,47,46,48,-1,47,48,49,-1,49,48,50,-1,49,50,51,-1,51,50,52,-1,51,52,53,-1,53,52,54,-1,53,54,55,-1,55,54,56,-1,55,56,57,-1,57,56,58,-1,57,58,59,-1,59,58,60,-1,59,60,61,-1,61,60,62,-1,61,62,63,-1,63,62,64,-1,63,64,65,-1,65,64,66,-1,65,66,67,-1,67,66,68,-1,67,68,69,-1,69,68,70,-1,69,70,71,-1,71,70,72,-1,71,72,73,-1,73,72,74,-1,73,74,75,-1,75,74,76,-1,75,76,77,-1,77,76,78,-1,77,78,79,-1,79,78,80,-1,79,80,81,-1,81,80,82,-1,81,82,83,-1,83,82,84,-1,83,84,85,-1,85,84,86,-1,85,86,87,-1,87,86,88,-1,87,88,89,-1,89,88,90,-1,89,90,91,-1,91,90,92,-1,91,92,93,-1,93,92,94,-1,93,94,95,-1,95,94,96,-1,95,96,97,-1,97,96,98,-1,97,98,99,-1,99,98,100,-1,99,100,101,-1,101,100,102,-1,101,102,103,-1,103,102,104,-1,103,104,105,-1,105,104,106,-1,105,106,107,-1,107,106,108,-1,107,108,109,-1,109,108,110,-1,109,110,111,-1,111,110,112,-1,111,112,113,-1,113,112,114,-1,113,114,115,-1,116,115,117,-1,117,115,114,-1,116,117,118,-1,116,118,119,-1,119,118,120,-1,119,120,121,-1,121,120,122,-1,121,122,123,-1,123,122,124,-1,123,124,125,-1,125,124,126,-1,125,126,127,-1,127,126,128,-1,127,128,129,-1,129,128,130,-1,129,130,131,-1,131,130,132,-1,131,132,133,-1,133,132,134,-1,133,134,135,-1,135,134,136,-1,135,136,137,-1,137,136,138,-1,137,138,139,-1,139,138,140,-1,139,140,141,-1,141,140,142,-1,141,142,143,-1,143,142,144,-1,143,144,145,-1,145,144,146,-1,145,146,147,-1,147,146,148,-1,147,148,149,-1,149,148,150,-1,149,150,151,-1,151,150,152,-1,151,152,153,-1,153,152,154,-1,153,154,155,-1,155,154,156,-1,155,156,157,-1,157,156,158,-1,157,158,159,-1,159,158,160,-1,159,160,161,-1,161,160,162,-1,161,162,163,-1,163,162,164,-1,163,164,165,-1,165,164,166,-1,165,166,167,-1,167,166,168,-1,167,168,169,-1,169,168,170,-1,169,170,171,-1,171,170,172,-1,171,172,173,-1,173,172,174,-1,173,174,175,-1,175,174,176,-1,175,176,177,-1,177,176,178,-1,177,178,179,-1,179,178,180,-1,179,180,181,-1,181,180,182,-1,181,182,183,-1,183,182,184,-1,183,184,185,-1,185,184,186,-1,185,186,187,-1,187,186,188,-1,187,188,189,-1,189,188,190,-1,189,190,191,-1,191,190,192,-1,191,192,193,-1,193,192,194,-1,193,194,195,-1,195,194,196,-1,195,196,197,-1,197,196,13,-1,197,13,12,-1,113,115,116,-1,57,177,179,-1,33,21,31,-1,31,21,23,-1,31,23,29,-1,29,23,25,-1,29,25,26,-1,57,179,55,-1,55,179,181,-1,55,181,53,-1,53,181,183,-1,53,183,51,-1,51,183,185,-1,51,185,49,-1,49,185,187,-1,49,187,47,-1,187,189,47,-1,47,189,191,-1,47,191,45,-1,45,191,193,-1,45,193,43,-1,43,193,195,-1,43,195,41,-1,41,195,197,-1,41,197,39,-1,39,197,12,-1,39,12,37,-1,37,12,15,-1,37,15,35,-1,35,15,17,-1,35,17,33,-1,33,17,19,-1,33,19,21,-1,89,143,87,-1,87,143,145,-1,87,145,85,-1,85,145,147,-1,85,147,83,-1,83,147,149,-1,83,149,81,-1,81,149,151,-1,81,151,79,-1,79,151,153,-1,79,153,77,-1,77,153,155,-1,77,155,75,-1,113,116,111,-1,111,116,119,-1,111,119,109,-1,109,119,121,-1,109,121,107,-1,107,121,123,-1,107,123,105,-1,105,123,125,-1,105,125,103,-1,103,125,127,-1,103,127,101,-1,101,127,129,-1,101,129,99,-1,99,129,131,-1,99,131,97,-1,97,131,133,-1,97,133,95,-1,95,133,135,-1,95,135,93,-1,93,135,137,-1,93,137,91,-1,91,137,139,-1,91,139,89,-1,89,139,141,-1,89,141,143,-1,177,57,175,-1,175,57,59,-1,175,59,173,-1,173,59,61,-1,173,61,171,-1,171,61,63,-1,171,63,169,-1,169,63,65,-1,169,65,167,-1,167,65,165,-1,165,65,67,-1,165,67,163,-1,155,157,75,-1,75,157,159,-1,75,159,73,-1,73,159,161,-1,73,161,71,-1,71,161,163,-1,71,163,69,-1,69,163,67,-1,28,27,24,-1,28,24,30,-1,44,190,46,-1,46,190,188,-1,46,188,48,-1,48,188,186,-1,48,186,50,-1,50,186,184,-1,50,184,52,-1,52,184,182,-1,52,182,54,-1,114,112,117,-1,117,112,110,-1,117,110,118,-1,118,110,108,-1,182,180,54,-1,54,180,178,-1,54,178,56,-1,56,178,176,-1,56,176,58,-1,58,176,174,-1,58,174,60,-1,60,174,172,-1,60,172,62,-1,24,22,30,-1,30,22,20,-1,30,20,32,-1,32,20,18,-1,32,18,34,-1,34,18,16,-1,34,16,36,-1,36,16,14,-1,36,14,38,-1,38,14,13,-1,38,13,40,-1,40,13,196,-1,40,196,42,-1,42,196,194,-1,42,194,44,-1,44,194,192,-1,44,192,190,-1,82,146,84,-1,84,146,144,-1,84,144,86,-1,86,144,142,-1,86,142,88,-1,88,142,140,-1,88,140,90,-1,90,140,138,-1,90,138,92,-1,92,138,136,-1,92,136,94,-1,94,136,134,-1,94,134,96,-1,96,134,132,-1,96,132,98,-1,98,132,130,-1,98,130,100,-1,100,130,128,-1,100,128,102,-1,102,128,126,-1,102,126,104,-1,104,126,124,-1,104,124,106,-1,106,124,122,-1,106,122,108,-1,108,122,120,-1,108,120,118,-1,162,160,72,-1,72,160,158,-1,72,158,74,-1,74,158,156,-1,74,156,76,-1,76,156,154,-1,76,154,78,-1,78,154,152,-1,78,152,80,-1,80,152,150,-1,80,150,82,-1,82,150,148,-1,82,148,146,-1,172,170,62,-1,62,170,168,-1,62,168,64,-1,64,168,166,-1,64,166,66,-1,66,166,164,-1,66,164,68,-1,68,164,162,-1,68,162,70,-1,70,162,72,-1,198,199,200,-1,200,199,201,-1,202,198,203,-1,203,198,200,-1,204,202,205,-1,205,202,203,-1,206,204,207,-1,207,204,205,-1,208,206,209,-1,209,206,207,-1,210,208,211,-1,211,208,209,-1,212,210,213,-1,213,210,211,-1,214,212,215,-1,215,212,213,-1,216,214,217,-1,217,214,215,-1,218,216,219,-1,219,216,217,-1,220,218,221,-1,221,218,219,-1,199,220,201,-1,201,220,221,-1,220,199,198,-1,198,202,220,-1,220,202,204,-1,220,204,218,-1,214,216,212,-1,212,216,218,-1,212,218,210,-1,210,218,204,-1,210,204,208,-1,208,204,206,-1,219,217,215,-1,215,213,219,-1,219,213,211,-1,219,211,221,-1,200,201,203,-1,203,201,221,-1,203,221,205,-1,205,221,211,-1,205,211,207,-1,207,211,209,-1,222,223,224,-1,224,223,225,-1,224,225,226,-1,226,225,227,-1,226,227,228,-1,228,227,229,-1,228,229,230,-1,230,229,231,-1,230,231,232,-1,232,231,233,-1,232,233,234,-1,234,233,235,-1,234,235,236,-1,236,235,237,-1,236,237,238,-1,239,240,241,-1,241,240,242,-1,241,242,243,-1,243,242,244,-1,243,244,245,-1,245,244,246,-1,245,246,247,-1,246,248,247,-1,247,248,249,-1,247,249,250,-1,250,249,251,-1,250,251,252,-1,252,251,253,-1,252,253,254,-1,254,253,255,-1,254,255,256,-1,256,255,257,-1,256,257,258,-1,258,257,259,-1,258,259,260,-1,260,259,261,-1,260,261,262,-1,262,261,263,-1,262,263,264,-1,264,263,265,-1,264,265,266,-1,266,265,267,-1,266,267,268,-1,268,267,269,-1,268,269,270,-1,270,269,271,-1,270,271,272,-1,272,271,273,-1,272,273,274,-1,274,273,275,-1,274,275,276,-1,276,275,277,-1,276,277,278,-1,278,277,279,-1,278,279,280,-1,280,279,281,-1,280,281,222,-1,222,281,282,-1,222,282,223,-1,237,283,238,-1,238,283,284,-1,238,284,285,-1,285,284,286,-1,285,286,287,-1,287,286,288,-1,287,288,289,-1,289,288,290,-1,289,290,291,-1,291,290,292,-1,291,292,293,-1,293,292,294,-1,293,294,239,-1,239,294,295,-1,239,295,240,-1,296,297,298,-1,298,297,299,-1,298,299,300,-1,300,299,301,-1,300,301,302,-1,302,301,303,-1,302,303,304,-1,304,303,305,-1,304,305,306,-1,306,305,307,-1,306,307,308,-1,309,310,311,-1,311,310,312,-1,311,312,313,-1,313,312,314,-1,313,314,315,-1,315,314,316,-1,315,316,317,-1,317,316,318,-1,317,318,319,-1,319,318,320,-1,319,320,321,-1,321,320,322,-1,321,322,323,-1,323,322,324,-1,323,324,325,-1,325,324,326,-1,325,326,327,-1,327,326,328,-1,327,328,329,-1,329,328,330,-1,329,330,331,-1,331,330,332,-1,331,332,333,-1,333,332,334,-1,333,334,335,-1,335,334,336,-1,335,336,337,-1,337,336,338,-1,337,338,296,-1,296,338,339,-1,296,339,297,-1,340,341,342,-1,342,341,343,-1,342,343,344,-1,344,343,345,-1,344,345,346,-1,346,345,347,-1,346,347,348,-1,348,347,349,-1,348,349,350,-1,350,349,351,-1,350,351,352,-1,352,351,353,-1,352,353,354,-1,354,353,355,-1,354,355,309,-1,309,355,356,-1,309,356,310,-1,307,357,308,-1,308,357,358,-1,308,358,359,-1,359,358,360,-1,359,360,361,-1,361,360,362,-1,361,362,363,-1,363,362,364,-1,363,364,365,-1,365,364,366,-1,365,366,367,-1,367,366,368,-1,367,368,340,-1,340,368,369,-1,340,369,341,-1,275,273,320,-1,320,273,322,-1,275,320,318,-1,275,318,277,-1,277,318,316,-1,277,316,279,-1,279,316,314,-1,279,314,281,-1,281,314,312,-1,281,312,282,-1,282,312,310,-1,282,310,223,-1,223,310,356,-1,223,356,225,-1,225,356,355,-1,225,355,227,-1,227,355,353,-1,227,353,229,-1,229,353,351,-1,229,351,231,-1,231,351,349,-1,231,349,233,-1,233,349,347,-1,233,347,235,-1,235,347,345,-1,235,345,237,-1,237,345,343,-1,237,343,283,-1,283,343,341,-1,283,341,284,-1,284,341,369,-1,284,369,286,-1,286,369,368,-1,286,368,288,-1,288,368,366,-1,288,366,290,-1,290,366,364,-1,290,364,292,-1,292,364,362,-1,292,362,294,-1,294,362,360,-1,294,360,295,-1,295,360,358,-1,295,358,240,-1,240,358,357,-1,240,357,242,-1,242,357,307,-1,242,307,244,-1,244,307,305,-1,244,305,246,-1,246,305,303,-1,246,303,248,-1,248,303,301,-1,248,301,249,-1,249,301,299,-1,249,299,251,-1,251,299,297,-1,251,297,253,-1,253,297,339,-1,253,339,255,-1,255,339,338,-1,255,338,257,-1,257,338,336,-1,257,336,259,-1,259,336,334,-1,259,334,261,-1,261,334,332,-1,261,332,263,-1,263,332,330,-1,263,330,265,-1,265,330,328,-1,265,328,267,-1,267,328,326,-1,267,326,269,-1,271,269,324,-1,324,269,326,-1,273,271,322,-1,322,271,324,-1,268,270,325,-1,325,270,323,-1,270,272,323,-1,323,272,321,-1,272,274,321,-1,321,274,319,-1,230,350,352,-1,230,352,228,-1,228,352,354,-1,228,354,226,-1,226,354,309,-1,226,309,224,-1,224,309,311,-1,224,311,222,-1,222,311,313,-1,222,313,280,-1,280,313,315,-1,280,315,278,-1,278,315,317,-1,278,317,276,-1,276,317,319,-1,276,319,274,-1,291,363,365,-1,291,365,289,-1,289,365,367,-1,289,367,287,-1,287,367,340,-1,287,340,285,-1,285,340,342,-1,285,342,238,-1,238,342,344,-1,238,344,236,-1,236,344,346,-1,236,346,234,-1,234,346,348,-1,234,348,232,-1,232,348,350,-1,232,350,230,-1,252,298,300,-1,252,300,250,-1,250,300,302,-1,250,302,247,-1,247,302,304,-1,247,304,245,-1,245,304,306,-1,245,306,243,-1,243,306,308,-1,243,308,241,-1,241,308,359,-1,241,359,239,-1,239,359,361,-1,239,361,293,-1,293,361,363,-1,293,363,291,-1,268,325,327,-1,268,327,266,-1,266,327,329,-1,266,329,264,-1,264,329,331,-1,264,331,262,-1,262,331,333,-1,262,333,260,-1,260,333,335,-1,260,335,258,-1,258,335,337,-1,258,337,256,-1,256,337,296,-1,256,296,254,-1,254,296,298,-1,254,298,252,-1,370,371,372,-1,372,371,373,-1,374,375,370,-1,370,375,376,-1,370,376,371,-1,371,376,377,-1,374,378,375,-1,375,378,379,-1,375,379,380,-1,380,379,381,-1,380,381,382,-1,382,383,380,-1,380,383,372,-1,380,372,384,-1,384,372,373,-1,384,373,385,-1,386,387,388,-1,387,389,388,-1,388,389,390,-1,388,390,391,-1,391,390,392,-1,391,392,393,-1,393,394,391,-1,391,394,395,-1,391,395,396,-1,397,398,399,-1,400,396,401,-1,401,396,395,-1,401,395,399,-1,399,395,386,-1,399,386,397,-1,397,386,388,-1,380,384,388,-1,388,384,397,-1,375,380,391,-1,391,380,388,-1,376,375,396,-1,396,375,391,-1,377,376,400,-1,400,376,396,-1,371,377,401,-1,401,377,400,-1,373,371,399,-1,399,371,401,-1,385,373,398,-1,398,373,399,-1,384,385,397,-1,397,385,398,-1,370,372,395,-1,395,372,386,-1,372,383,386,-1,386,383,387,-1,381,390,389,-1,381,389,382,-1,382,389,387,-1,382,387,383,-1,381,379,390,-1,390,379,392,-1,374,394,393,-1,374,393,378,-1,378,393,392,-1,378,392,379,-1,374,370,394,-1,394,370,395,-1,402,403,404,-1,404,403,405,-1,406,402,407,-1,407,402,404,-1,408,406,409,-1,409,406,407,-1,410,408,411,-1,411,408,409,-1,412,410,413,-1,413,410,411,-1,414,412,415,-1,415,412,413,-1,416,414,417,-1,417,414,415,-1,418,416,419,-1,419,416,417,-1,420,418,421,-1,421,418,419,-1,422,420,423,-1,423,420,421,-1,424,422,425,-1,425,422,423,-1,403,424,405,-1,405,424,425,-1,424,403,402,-1,402,406,424,-1,424,406,408,-1,424,408,422,-1,418,420,416,-1,416,420,422,-1,416,422,414,-1,414,422,408,-1,414,408,412,-1,412,408,410,-1,423,421,419,-1,419,417,423,-1,423,417,415,-1,423,415,425,-1,404,405,407,-1,407,405,425,-1,407,425,409,-1,409,425,415,-1,409,415,411,-1,411,415,413,-1,426,427,428,-1,428,427,429,-1,430,431,432,-1,433,434,435,-1,435,434,436,-1,432,431,437,-1,437,431,438,-1,437,438,439,-1,439,438,440,-1,439,440,441,-1,441,440,442,-1,442,440,443,-1,442,443,444,-1,445,446,447,-1,434,448,436,-1,436,448,449,-1,436,449,450,-1,433,435,451,-1,451,435,452,-1,451,452,453,-1,453,452,454,-1,453,454,455,-1,449,456,450,-1,450,456,457,-1,450,457,458,-1,458,457,459,-1,458,459,460,-1,428,461,462,-1,462,461,463,-1,462,463,464,-1,465,466,467,-1,467,466,468,-1,467,468,469,-1,469,468,470,-1,469,470,471,-1,472,473,429,-1,429,473,474,-1,429,474,428,-1,428,474,475,-1,428,475,461,-1,444,443,476,-1,476,443,477,-1,476,477,478,-1,478,477,479,-1,478,479,480,-1,480,479,481,-1,480,481,482,-1,483,484,485,-1,485,484,486,-1,485,486,487,-1,487,486,488,-1,487,488,489,-1,447,490,445,-1,445,490,491,-1,445,491,483,-1,483,491,492,-1,483,492,484,-1,493,494,495,-1,495,494,496,-1,495,496,446,-1,446,496,497,-1,446,497,447,-1,498,499,500,-1,500,499,455,-1,500,455,501,-1,501,455,454,-1,470,502,471,-1,471,502,503,-1,471,503,504,-1,504,503,505,-1,504,505,506,-1,506,505,464,-1,506,464,507,-1,507,464,463,-1,482,481,508,-1,508,481,509,-1,508,509,510,-1,510,499,508,-1,508,499,498,-1,508,498,429,-1,429,498,511,-1,429,511,472,-1,488,512,489,-1,489,512,513,-1,489,513,514,-1,514,513,515,-1,514,515,516,-1,516,515,517,-1,516,517,465,-1,465,517,518,-1,465,518,466,-1,459,519,460,-1,460,519,520,-1,460,520,521,-1,521,520,522,-1,521,522,523,-1,432,524,430,-1,430,524,525,-1,430,525,526,-1,526,525,527,-1,526,527,528,-1,528,527,529,-1,528,529,530,-1,530,529,531,-1,530,531,532,-1,532,531,533,-1,532,533,534,-1,534,533,535,-1,534,535,536,-1,536,535,537,-1,536,537,538,-1,538,537,539,-1,538,539,540,-1,540,539,541,-1,540,541,542,-1,542,541,543,-1,542,543,544,-1,522,545,523,-1,523,545,546,-1,523,546,493,-1,493,546,547,-1,493,547,494,-1,548,549,550,-1,551,552,553,-1,554,555,556,-1,557,558,559,-1,559,558,560,-1,559,560,561,-1,551,562,552,-1,552,562,563,-1,552,563,564,-1,564,563,565,-1,564,565,566,-1,566,565,567,-1,566,567,568,-1,569,570,571,-1,571,570,572,-1,571,572,573,-1,573,572,574,-1,573,574,553,-1,553,574,575,-1,553,575,551,-1,576,554,577,-1,577,554,556,-1,577,556,578,-1,578,556,579,-1,580,581,582,-1,582,581,583,-1,582,583,584,-1,584,583,585,-1,584,585,586,-1,586,585,587,-1,586,587,588,-1,588,587,589,-1,590,591,580,-1,580,591,592,-1,580,592,581,-1,593,594,557,-1,557,594,595,-1,557,595,558,-1,596,597,593,-1,593,597,598,-1,593,598,594,-1,599,600,601,-1,601,600,556,-1,601,556,602,-1,602,556,555,-1,603,604,590,-1,590,604,605,-1,590,605,591,-1,567,606,568,-1,568,606,607,-1,568,607,608,-1,608,607,609,-1,608,609,610,-1,610,609,600,-1,610,600,611,-1,560,612,561,-1,561,612,613,-1,561,613,614,-1,611,600,615,-1,615,600,599,-1,615,599,589,-1,589,599,616,-1,589,616,588,-1,548,550,617,-1,617,550,618,-1,617,618,619,-1,619,618,620,-1,619,620,621,-1,621,620,622,-1,621,622,623,-1,623,622,624,-1,623,624,625,-1,625,624,626,-1,625,626,627,-1,627,626,628,-1,627,628,629,-1,629,628,630,-1,629,630,569,-1,569,630,631,-1,569,631,570,-1,632,633,634,-1,634,633,635,-1,634,635,603,-1,603,635,636,-1,603,636,604,-1,613,637,614,-1,614,637,638,-1,614,638,639,-1,639,638,640,-1,639,640,632,-1,632,640,641,-1,632,641,633,-1,642,643,644,-1,644,643,645,-1,644,645,646,-1,646,645,647,-1,646,647,648,-1,648,647,649,-1,648,649,650,-1,651,652,653,-1,653,652,654,-1,653,654,655,-1,655,654,656,-1,655,656,596,-1,596,656,657,-1,596,657,597,-1,649,658,650,-1,650,658,659,-1,650,659,660,-1,660,659,661,-1,660,661,662,-1,662,661,663,-1,662,663,651,-1,651,663,664,-1,651,664,652,-1,644,665,642,-1,642,665,666,-1,642,666,667,-1,667,666,668,-1,667,668,577,-1,577,668,669,-1,577,669,576,-1,529,630,628,-1,529,628,531,-1,531,628,626,-1,531,626,533,-1,533,626,624,-1,533,624,535,-1,535,624,622,-1,535,622,537,-1,537,622,620,-1,537,620,539,-1,539,620,618,-1,539,618,541,-1,541,618,550,-1,541,550,543,-1,544,543,549,-1,549,543,550,-1,544,549,548,-1,544,548,542,-1,542,548,617,-1,542,617,540,-1,540,617,619,-1,540,619,538,-1,538,619,621,-1,538,621,536,-1,536,621,623,-1,536,623,534,-1,534,623,625,-1,534,625,532,-1,532,625,627,-1,532,627,530,-1,530,627,629,-1,530,629,528,-1,528,629,569,-1,528,569,526,-1,526,569,571,-1,526,571,430,-1,430,571,573,-1,430,573,431,-1,431,573,553,-1,431,553,438,-1,438,553,552,-1,438,552,440,-1,440,552,564,-1,440,564,443,-1,443,564,566,-1,443,566,477,-1,477,566,568,-1,477,568,479,-1,479,568,608,-1,479,608,481,-1,481,608,610,-1,481,610,509,-1,509,610,611,-1,509,611,510,-1,510,611,615,-1,510,615,499,-1,455,499,589,-1,589,499,615,-1,455,589,587,-1,455,587,453,-1,453,587,585,-1,453,585,451,-1,451,585,583,-1,451,583,433,-1,433,583,581,-1,433,581,434,-1,434,581,592,-1,434,592,448,-1,448,592,591,-1,448,591,449,-1,449,591,605,-1,449,605,456,-1,456,605,604,-1,456,604,457,-1,457,604,636,-1,457,636,459,-1,459,636,635,-1,459,635,519,-1,519,635,633,-1,519,633,520,-1,520,633,641,-1,520,641,522,-1,522,641,640,-1,522,640,545,-1,545,640,638,-1,545,638,546,-1,546,638,637,-1,546,637,547,-1,547,637,613,-1,547,613,494,-1,494,613,612,-1,494,612,496,-1,496,612,560,-1,496,560,497,-1,497,560,558,-1,497,558,447,-1,447,558,595,-1,447,595,490,-1,490,595,594,-1,490,594,491,-1,491,594,598,-1,491,598,492,-1,492,598,597,-1,492,597,484,-1,484,597,657,-1,484,657,486,-1,486,657,656,-1,486,656,488,-1,488,656,654,-1,488,654,512,-1,512,654,652,-1,512,652,513,-1,513,652,664,-1,513,664,515,-1,515,664,663,-1,515,663,517,-1,517,663,661,-1,517,661,518,-1,518,661,659,-1,518,659,466,-1,466,659,658,-1,466,658,468,-1,468,658,649,-1,468,649,470,-1,470,649,647,-1,470,647,502,-1,502,647,645,-1,502,645,503,-1,503,645,643,-1,503,643,505,-1,505,643,642,-1,505,642,464,-1,464,642,667,-1,464,667,462,-1,428,462,577,-1,577,462,667,-1,426,428,578,-1,578,428,577,-1,427,426,579,-1,579,426,578,-1,429,427,556,-1,556,427,579,-1,429,556,600,-1,429,600,508,-1,508,600,609,-1,508,609,482,-1,482,609,607,-1,482,607,480,-1,480,607,606,-1,480,606,478,-1,478,606,567,-1,478,567,476,-1,476,567,565,-1,476,565,444,-1,444,565,563,-1,444,563,442,-1,442,563,562,-1,442,562,441,-1,441,562,551,-1,441,551,439,-1,439,551,575,-1,439,575,437,-1,437,575,574,-1,437,574,432,-1,432,574,572,-1,432,572,524,-1,524,572,570,-1,524,570,525,-1,525,570,631,-1,525,631,527,-1,527,631,630,-1,527,630,529,-1,436,580,582,-1,436,582,435,-1,435,582,584,-1,435,584,452,-1,452,584,586,-1,452,586,454,-1,454,586,588,-1,454,588,501,-1,501,588,616,-1,501,616,500,-1,523,639,632,-1,523,632,521,-1,521,632,634,-1,521,634,460,-1,460,634,603,-1,460,603,458,-1,458,603,590,-1,458,590,450,-1,450,590,580,-1,450,580,436,-1,483,593,557,-1,483,557,445,-1,445,557,559,-1,445,559,446,-1,446,559,561,-1,446,561,495,-1,495,561,614,-1,495,614,493,-1,493,614,639,-1,493,639,523,-1,516,662,651,-1,516,651,514,-1,514,651,653,-1,514,653,489,-1,489,653,655,-1,489,655,487,-1,487,655,596,-1,487,596,485,-1,485,596,593,-1,485,593,483,-1,507,666,665,-1,507,665,506,-1,506,665,644,-1,506,644,504,-1,504,644,646,-1,504,646,471,-1,471,646,648,-1,471,648,469,-1,469,648,650,-1,469,650,467,-1,467,650,660,-1,467,660,465,-1,465,660,662,-1,465,662,516,-1,511,601,602,-1,511,602,472,-1,472,602,555,-1,472,555,473,-1,473,555,554,-1,473,554,474,-1,474,554,576,-1,474,576,475,-1,475,576,669,-1,475,669,461,-1,461,669,668,-1,461,668,463,-1,463,668,666,-1,463,666,507,-1,511,498,601,-1,601,498,599,-1,498,500,599,-1,599,500,616,-1,670,671,672,-1,670,672,673,-1,673,672,674,-1,673,674,675,-1,675,674,676,-1,675,676,677,-1,677,676,678,-1,677,678,679,-1,679,678,680,-1,679,680,681,-1,681,680,682,-1,681,682,683,-1,683,682,684,-1,683,684,685,-1,686,685,687,-1,687,685,684,-1,686,687,688,-1,686,688,689,-1,689,688,690,-1,689,690,691,-1,691,690,692,-1,691,692,693,-1,693,692,694,-1,693,694,695,-1,695,694,696,-1,695,696,697,-1,697,696,698,-1,697,698,699,-1,699,698,700,-1,699,700,701,-1,701,700,702,-1,701,702,703,-1,703,702,704,-1,703,704,705,-1,705,704,706,-1,705,706,707,-1,707,706,708,-1,707,708,709,-1,709,708,710,-1,709,710,711,-1,711,710,712,-1,711,712,713,-1,713,712,714,-1,713,714,715,-1,715,714,716,-1,715,716,717,-1,717,716,718,-1,717,718,719,-1,719,718,720,-1,719,720,721,-1,721,720,722,-1,721,722,723,-1,723,722,724,-1,723,724,725,-1,725,724,726,-1,725,726,727,-1,727,726,728,-1,727,728,729,-1,729,728,730,-1,729,730,731,-1,731,730,732,-1,731,732,733,-1,733,732,734,-1,733,734,735,-1,735,734,736,-1,735,736,737,-1,737,736,738,-1,737,738,739,-1,739,738,740,-1,739,740,741,-1,741,740,742,-1,741,742,743,-1,743,742,744,-1,743,744,745,-1,745,744,746,-1,745,746,747,-1,747,746,748,-1,747,748,749,-1,749,748,750,-1,749,750,751,-1,751,750,752,-1,751,752,753,-1,753,752,754,-1,753,754,755,-1,755,754,756,-1,755,756,757,-1,757,756,758,-1,757,758,759,-1,759,758,760,-1,759,760,761,-1,761,760,762,-1,761,762,763,-1,763,762,764,-1,763,764,765,-1,765,764,766,-1,765,766,767,-1,767,766,768,-1,767,768,769,-1,769,768,770,-1,769,770,771,-1,771,770,772,-1,771,772,773,-1,773,772,774,-1,773,774,775,-1,775,774,776,-1,775,776,777,-1,777,776,778,-1,777,778,779,-1,779,778,780,-1,779,780,781,-1,781,780,782,-1,781,782,783,-1,783,782,784,-1,783,784,785,-1,785,784,786,-1,785,786,787,-1,787,786,788,-1,787,788,789,-1,789,788,790,-1,789,790,791,-1,791,790,792,-1,791,792,793,-1,793,792,794,-1,793,794,795,-1,795,794,796,-1,795,796,797,-1,797,796,798,-1,797,798,799,-1,799,798,800,-1,799,800,801,-1,801,800,802,-1,801,802,803,-1,803,802,804,-1,803,804,805,-1,806,805,807,-1,807,805,804,-1,806,807,808,-1,806,808,809,-1,809,808,810,-1,809,810,811,-1,811,810,812,-1,811,812,813,-1,813,812,814,-1,813,814,815,-1,815,814,816,-1,815,816,817,-1,817,816,818,-1,817,818,819,-1,819,818,820,-1,819,820,821,-1,821,820,822,-1,821,822,823,-1,823,822,824,-1,823,824,825,-1,825,824,826,-1,825,826,827,-1,827,826,828,-1,827,828,829,-1,829,828,830,-1,829,830,831,-1,831,830,832,-1,831,832,833,-1,833,832,834,-1,833,834,835,-1,835,834,836,-1,835,836,837,-1,837,836,838,-1,837,838,839,-1,839,838,840,-1,839,840,841,-1,841,840,842,-1,841,842,843,-1,843,842,844,-1,843,844,845,-1,845,844,846,-1,845,846,847,-1,847,846,848,-1,847,848,849,-1,849,848,850,-1,849,850,851,-1,851,850,852,-1,851,852,853,-1,853,852,854,-1,853,854,855,-1,855,854,856,-1,855,856,857,-1,857,856,858,-1,857,858,859,-1,859,858,860,-1,859,860,861,-1,861,860,862,-1,861,862,863,-1,863,862,864,-1,863,864,865,-1,865,864,866,-1,865,866,867,-1,867,866,868,-1,867,868,869,-1,869,868,870,-1,869,870,871,-1,871,870,872,-1,871,872,873,-1,873,872,874,-1,873,874,875,-1,875,874,876,-1,875,876,877,-1,877,876,878,-1,877,878,879,-1,879,878,880,-1,879,880,881,-1,881,880,882,-1,881,882,883,-1,883,882,884,-1,883,884,885,-1,885,884,886,-1,885,886,887,-1,887,886,888,-1,887,888,889,-1,889,888,890,-1,889,890,891,-1,891,890,892,-1,891,892,893,-1,893,892,894,-1,893,894,895,-1,895,894,896,-1,895,896,897,-1,897,896,898,-1,897,898,899,-1,899,898,900,-1,899,900,901,-1,901,900,902,-1,901,902,903,-1,903,902,904,-1,903,904,905,-1,905,904,906,-1,905,906,907,-1,907,906,671,-1,907,671,670,-1,683,685,686,-1,803,805,806,-1,713,715,897,-1,897,715,895,-1,777,837,775,-1,775,837,839,-1,775,839,773,-1,715,717,895,-1,895,717,719,-1,895,719,893,-1,893,719,721,-1,893,721,891,-1,779,833,777,-1,777,833,835,-1,777,835,837,-1,713,897,711,-1,711,897,899,-1,711,899,709,-1,709,899,901,-1,709,901,707,-1,707,901,903,-1,707,903,705,-1,855,765,853,-1,853,765,767,-1,737,883,735,-1,735,883,885,-1,839,841,773,-1,773,841,843,-1,773,843,771,-1,843,845,771,-1,771,845,847,-1,771,847,769,-1,769,847,849,-1,769,849,767,-1,767,849,851,-1,767,851,853,-1,855,857,765,-1,765,857,859,-1,765,859,763,-1,763,859,861,-1,763,861,761,-1,761,861,863,-1,761,863,759,-1,759,863,865,-1,759,865,757,-1,889,729,887,-1,887,729,731,-1,887,731,885,-1,885,731,733,-1,885,733,735,-1,721,723,891,-1,891,723,725,-1,891,725,889,-1,889,725,727,-1,889,727,729,-1,705,903,703,-1,703,903,905,-1,703,905,701,-1,701,905,907,-1,701,907,699,-1,699,907,670,-1,699,670,697,-1,697,670,673,-1,697,673,695,-1,695,673,675,-1,695,675,693,-1,693,675,677,-1,693,677,691,-1,691,677,679,-1,691,679,689,-1,689,679,686,-1,686,679,681,-1,686,681,683,-1,737,739,883,-1,883,739,741,-1,883,741,881,-1,881,741,743,-1,881,743,879,-1,879,743,745,-1,879,745,877,-1,877,745,747,-1,877,747,875,-1,875,747,749,-1,875,749,873,-1,803,806,801,-1,801,806,809,-1,801,809,799,-1,799,809,811,-1,799,811,797,-1,797,811,813,-1,797,813,795,-1,795,813,815,-1,795,815,793,-1,793,815,817,-1,793,817,791,-1,791,817,819,-1,791,819,789,-1,789,819,821,-1,789,821,787,-1,787,821,823,-1,787,823,785,-1,785,823,825,-1,785,825,783,-1,783,825,827,-1,783,827,781,-1,781,827,829,-1,781,829,779,-1,779,829,831,-1,779,831,833,-1,865,867,757,-1,757,867,869,-1,757,869,755,-1,755,869,871,-1,755,871,753,-1,753,871,873,-1,753,873,751,-1,751,873,749,-1,894,714,896,-1,896,714,712,-1,896,712,898,-1,898,712,710,-1,898,710,900,-1,776,774,836,-1,856,764,858,-1,858,764,762,-1,892,718,894,-1,894,718,716,-1,894,716,714,-1,886,884,732,-1,732,884,734,-1,734,884,882,-1,734,882,736,-1,856,854,764,-1,764,854,852,-1,764,852,766,-1,766,852,850,-1,766,850,768,-1,880,740,882,-1,882,740,738,-1,882,738,736,-1,770,842,772,-1,772,842,840,-1,772,840,774,-1,774,840,838,-1,774,838,836,-1,850,848,768,-1,768,848,846,-1,768,846,770,-1,770,846,844,-1,770,844,842,-1,710,708,900,-1,900,708,706,-1,900,706,902,-1,902,706,704,-1,902,704,904,-1,904,704,702,-1,904,702,906,-1,906,702,700,-1,906,700,671,-1,671,700,698,-1,671,698,672,-1,672,698,696,-1,672,696,674,-1,674,696,694,-1,674,694,676,-1,888,724,890,-1,890,724,722,-1,890,722,892,-1,892,722,720,-1,892,720,718,-1,732,730,886,-1,886,730,728,-1,886,728,888,-1,888,728,726,-1,888,726,724,-1,694,692,676,-1,676,692,690,-1,676,690,678,-1,678,690,688,-1,678,688,680,-1,680,688,687,-1,680,687,682,-1,682,687,684,-1,836,834,776,-1,776,834,832,-1,776,832,778,-1,778,832,830,-1,778,830,780,-1,780,830,828,-1,780,828,782,-1,782,828,826,-1,782,826,784,-1,784,826,824,-1,784,824,786,-1,786,824,822,-1,786,822,788,-1,788,822,820,-1,788,820,790,-1,790,820,818,-1,790,818,792,-1,792,818,816,-1,792,816,794,-1,794,816,814,-1,794,814,796,-1,796,814,812,-1,796,812,798,-1,798,812,810,-1,798,810,800,-1,800,810,808,-1,800,808,802,-1,802,808,807,-1,802,807,804,-1,872,870,754,-1,754,870,868,-1,754,868,756,-1,756,868,866,-1,756,866,758,-1,758,866,864,-1,758,864,760,-1,760,864,862,-1,760,862,762,-1,762,862,860,-1,762,860,858,-1,754,752,872,-1,872,752,750,-1,872,750,874,-1,874,750,748,-1,874,748,876,-1,876,748,746,-1,876,746,878,-1,878,746,744,-1,878,744,880,-1,880,744,742,-1,880,742,740,-1,908,909,910,-1,910,909,911,-1,912,908,913,-1,913,908,910,-1,912,913,914,-1,912,914,915,-1,915,914,916,-1,915,916,917,-1,918,917,919,-1,919,917,916,-1,920,918,921,-1,921,918,919,-1,922,920,923,-1,923,920,921,-1,924,922,925,-1,925,922,923,-1,926,924,927,-1,927,924,925,-1,928,926,929,-1,929,926,927,-1,928,929,930,-1,928,930,931,-1,931,930,932,-1,931,932,933,-1,933,932,934,-1,933,934,935,-1,935,934,936,-1,935,936,937,-1,937,936,938,-1,937,938,939,-1,939,938,940,-1,939,940,941,-1,941,940,942,-1,941,942,943,-1,943,942,944,-1,943,944,945,-1,945,944,946,-1,945,946,947,-1,947,946,948,-1,947,948,949,-1,950,949,951,-1,951,949,948,-1,950,951,952,-1,950,952,953,-1,953,952,954,-1,953,954,955,-1,955,954,956,-1,955,956,957,-1,957,956,958,-1,957,958,959,-1,959,958,960,-1,959,960,961,-1,961,960,962,-1,961,962,963,-1,963,962,964,-1,963,964,965,-1,965,964,966,-1,965,966,967,-1,967,966,968,-1,967,968,969,-1,969,968,970,-1,969,970,971,-1,971,970,972,-1,971,972,973,-1,973,972,974,-1,973,974,975,-1,975,974,976,-1,975,976,977,-1,977,976,978,-1,977,978,979,-1,909,979,911,-1,911,979,978,-1,915,917,979,-1,909,908,979,-1,979,908,912,-1,979,912,915,-1,922,924,920,-1,920,924,926,-1,920,926,918,-1,933,935,967,-1,967,935,965,-1,965,935,937,-1,965,937,963,-1,963,937,939,-1,963,939,961,-1,961,939,959,-1,959,939,941,-1,959,941,957,-1,957,941,943,-1,957,943,955,-1,967,969,933,-1,933,969,971,-1,933,971,931,-1,931,971,973,-1,931,973,928,-1,955,943,953,-1,953,943,945,-1,953,945,950,-1,950,945,947,-1,950,947,949,-1,973,975,928,-1,928,975,977,-1,928,977,926,-1,926,977,979,-1,926,979,918,-1,918,979,917,-1,940,938,960,-1,927,925,923,-1,910,911,913,-1,913,911,978,-1,960,938,962,-1,962,938,936,-1,962,936,964,-1,960,958,940,-1,940,958,956,-1,940,956,942,-1,942,956,954,-1,942,954,944,-1,944,954,952,-1,944,952,946,-1,946,952,951,-1,946,951,948,-1,964,936,966,-1,966,936,934,-1,966,934,968,-1,968,934,932,-1,968,932,970,-1,970,932,930,-1,970,930,972,-1,972,930,974,-1,974,930,929,-1,974,929,976,-1,919,916,978,-1,978,916,914,-1,978,914,913,-1,923,921,927,-1,927,921,919,-1,927,919,929,-1,929,919,978,-1,929,978,976,-1,980,981,982,-1,982,981,983,-1,984,980,985,-1,985,980,982,-1,986,984,987,-1,987,984,985,-1,988,986,989,-1,989,986,987,-1,990,988,991,-1,991,988,989,-1,992,990,993,-1,993,990,991,-1,994,992,995,-1,995,992,993,-1,996,994,997,-1,997,994,995,-1,998,996,999,-1,999,996,997,-1,1000,998,1001,-1,1001,998,999,-1,1002,1000,1003,-1,1003,1000,1001,-1,981,1002,983,-1,983,1002,1003,-1,1002,981,980,-1,980,984,1002,-1,1002,984,986,-1,1002,986,1000,-1,996,998,994,-1,994,998,1000,-1,994,1000,992,-1,992,1000,986,-1,992,986,990,-1,990,986,988,-1,1001,999,997,-1,997,995,1001,-1,1001,995,993,-1,1001,993,1003,-1,982,983,985,-1,985,983,1003,-1,985,1003,987,-1,987,1003,993,-1,987,993,989,-1,989,993,991,-1,1004,1005,1006,-1,1006,1005,1007,-1,1006,1007,1008,-1,1008,1007,1009,-1,1008,1009,1010,-1,1010,1009,1011,-1,1010,1011,1012,-1,1012,1011,1013,-1,1012,1013,1014,-1,1014,1013,1015,-1,1014,1015,1016,-1,1016,1015,1017,-1,1016,1017,1018,-1,1018,1017,1019,-1,1018,1019,1020,-1,1021,1022,1023,-1,1023,1022,1024,-1,1023,1024,1025,-1,1025,1024,1026,-1,1025,1026,1027,-1,1027,1026,1028,-1,1027,1028,1029,-1,1028,1030,1029,-1,1029,1030,1031,-1,1029,1031,1032,-1,1032,1031,1033,-1,1032,1033,1034,-1,1034,1033,1035,-1,1034,1035,1036,-1,1036,1035,1037,-1,1036,1037,1038,-1,1038,1037,1039,-1,1038,1039,1040,-1,1040,1039,1041,-1,1040,1041,1042,-1,1042,1041,1043,-1,1042,1043,1044,-1,1044,1043,1045,-1,1044,1045,1046,-1,1046,1045,1047,-1,1046,1047,1048,-1,1048,1047,1049,-1,1048,1049,1050,-1,1050,1049,1051,-1,1050,1051,1052,-1,1052,1051,1053,-1,1052,1053,1054,-1,1054,1053,1055,-1,1054,1055,1056,-1,1056,1055,1057,-1,1056,1057,1058,-1,1058,1057,1059,-1,1058,1059,1060,-1,1060,1059,1061,-1,1060,1061,1062,-1,1062,1061,1063,-1,1062,1063,1004,-1,1004,1063,1064,-1,1004,1064,1005,-1,1019,1065,1020,-1,1020,1065,1066,-1,1020,1066,1067,-1,1067,1066,1068,-1,1067,1068,1069,-1,1069,1068,1070,-1,1069,1070,1071,-1,1071,1070,1072,-1,1071,1072,1073,-1,1073,1072,1074,-1,1073,1074,1075,-1,1075,1074,1076,-1,1075,1076,1021,-1,1021,1076,1077,-1,1021,1077,1022,-1,1078,1079,1080,-1,1080,1079,1081,-1,1080,1081,1082,-1,1082,1081,1083,-1,1082,1083,1084,-1,1084,1083,1085,-1,1084,1085,1086,-1,1086,1085,1087,-1,1086,1087,1088,-1,1088,1087,1089,-1,1088,1089,1090,-1,1091,1092,1093,-1,1093,1092,1094,-1,1093,1094,1095,-1,1095,1094,1096,-1,1095,1096,1097,-1,1097,1096,1098,-1,1097,1098,1099,-1,1099,1098,1100,-1,1099,1100,1101,-1,1101,1100,1102,-1,1101,1102,1103,-1,1103,1102,1104,-1,1103,1104,1105,-1,1105,1104,1106,-1,1105,1106,1107,-1,1107,1106,1108,-1,1107,1108,1109,-1,1109,1108,1110,-1,1109,1110,1111,-1,1111,1110,1112,-1,1111,1112,1113,-1,1113,1112,1114,-1,1113,1114,1115,-1,1115,1114,1116,-1,1115,1116,1117,-1,1117,1116,1118,-1,1117,1118,1119,-1,1119,1118,1120,-1,1119,1120,1078,-1,1078,1120,1121,-1,1078,1121,1079,-1,1122,1123,1124,-1,1124,1123,1125,-1,1124,1125,1126,-1,1126,1125,1127,-1,1126,1127,1128,-1,1128,1127,1129,-1,1128,1129,1130,-1,1130,1129,1131,-1,1130,1131,1132,-1,1132,1131,1133,-1,1132,1133,1134,-1,1134,1133,1135,-1,1134,1135,1136,-1,1136,1135,1137,-1,1136,1137,1091,-1,1091,1137,1138,-1,1091,1138,1092,-1,1089,1139,1090,-1,1090,1139,1140,-1,1090,1140,1141,-1,1141,1140,1142,-1,1141,1142,1143,-1,1143,1142,1144,-1,1143,1144,1145,-1,1145,1144,1146,-1,1145,1146,1147,-1,1147,1146,1148,-1,1147,1148,1149,-1,1149,1148,1150,-1,1149,1150,1122,-1,1122,1150,1151,-1,1122,1151,1123,-1,1057,1055,1102,-1,1102,1055,1104,-1,1057,1102,1100,-1,1057,1100,1059,-1,1059,1100,1098,-1,1059,1098,1061,-1,1061,1098,1096,-1,1061,1096,1063,-1,1063,1096,1094,-1,1063,1094,1064,-1,1064,1094,1092,-1,1064,1092,1005,-1,1005,1092,1138,-1,1005,1138,1007,-1,1007,1138,1137,-1,1007,1137,1009,-1,1009,1137,1135,-1,1009,1135,1011,-1,1011,1135,1133,-1,1011,1133,1013,-1,1013,1133,1131,-1,1013,1131,1015,-1,1015,1131,1129,-1,1015,1129,1017,-1,1017,1129,1127,-1,1017,1127,1019,-1,1019,1127,1125,-1,1019,1125,1065,-1,1065,1125,1123,-1,1065,1123,1066,-1,1066,1123,1151,-1,1066,1151,1068,-1,1068,1151,1150,-1,1068,1150,1070,-1,1070,1150,1148,-1,1070,1148,1072,-1,1072,1148,1146,-1,1072,1146,1074,-1,1074,1146,1144,-1,1074,1144,1076,-1,1076,1144,1142,-1,1076,1142,1077,-1,1077,1142,1140,-1,1077,1140,1022,-1,1022,1140,1139,-1,1022,1139,1024,-1,1024,1139,1089,-1,1024,1089,1026,-1,1026,1089,1087,-1,1026,1087,1028,-1,1028,1087,1085,-1,1028,1085,1030,-1,1030,1085,1083,-1,1030,1083,1031,-1,1031,1083,1081,-1,1031,1081,1033,-1,1033,1081,1079,-1,1033,1079,1035,-1,1035,1079,1121,-1,1035,1121,1037,-1,1037,1121,1120,-1,1037,1120,1039,-1,1039,1120,1118,-1,1039,1118,1041,-1,1041,1118,1116,-1,1041,1116,1043,-1,1043,1116,1114,-1,1043,1114,1045,-1,1045,1114,1112,-1,1045,1112,1047,-1,1047,1112,1110,-1,1047,1110,1049,-1,1049,1110,1108,-1,1049,1108,1051,-1,1053,1051,1106,-1,1106,1051,1108,-1,1055,1053,1104,-1,1104,1053,1106,-1,1050,1052,1107,-1,1107,1052,1105,-1,1052,1054,1105,-1,1105,1054,1103,-1,1054,1056,1103,-1,1103,1056,1101,-1,1012,1132,1134,-1,1012,1134,1010,-1,1010,1134,1136,-1,1010,1136,1008,-1,1008,1136,1091,-1,1008,1091,1006,-1,1006,1091,1093,-1,1006,1093,1004,-1,1004,1093,1095,-1,1004,1095,1062,-1,1062,1095,1097,-1,1062,1097,1060,-1,1060,1097,1099,-1,1060,1099,1058,-1,1058,1099,1101,-1,1058,1101,1056,-1,1073,1145,1147,-1,1073,1147,1071,-1,1071,1147,1149,-1,1071,1149,1069,-1,1069,1149,1122,-1,1069,1122,1067,-1,1067,1122,1124,-1,1067,1124,1020,-1,1020,1124,1126,-1,1020,1126,1018,-1,1018,1126,1128,-1,1018,1128,1016,-1,1016,1128,1130,-1,1016,1130,1014,-1,1014,1130,1132,-1,1014,1132,1012,-1,1034,1080,1082,-1,1034,1082,1032,-1,1032,1082,1084,-1,1032,1084,1029,-1,1029,1084,1086,-1,1029,1086,1027,-1,1027,1086,1088,-1,1027,1088,1025,-1,1025,1088,1090,-1,1025,1090,1023,-1,1023,1090,1141,-1,1023,1141,1021,-1,1021,1141,1143,-1,1021,1143,1075,-1,1075,1143,1145,-1,1075,1145,1073,-1,1050,1107,1109,-1,1050,1109,1048,-1,1048,1109,1111,-1,1048,1111,1046,-1,1046,1111,1113,-1,1046,1113,1044,-1,1044,1113,1115,-1,1044,1115,1042,-1,1042,1115,1117,-1,1042,1117,1040,-1,1040,1117,1119,-1,1040,1119,1038,-1,1038,1119,1078,-1,1038,1078,1036,-1,1036,1078,1080,-1,1036,1080,1034,-1,1152,1153,1154,-1,1154,1153,1155,-1,1156,1157,1152,-1,1152,1157,1158,-1,1152,1158,1153,-1,1153,1158,1159,-1,1156,1160,1157,-1,1157,1160,1161,-1,1157,1161,1162,-1,1162,1161,1163,-1,1162,1163,1164,-1,1164,1165,1162,-1,1162,1165,1154,-1,1162,1154,1166,-1,1166,1154,1155,-1,1166,1155,1167,-1,1168,1169,1170,-1,1169,1171,1170,-1,1170,1171,1172,-1,1170,1172,1173,-1,1173,1172,1174,-1,1173,1174,1175,-1,1175,1176,1173,-1,1173,1176,1177,-1,1173,1177,1178,-1,1179,1180,1181,-1,1182,1178,1183,-1,1183,1178,1177,-1,1183,1177,1181,-1,1181,1177,1168,-1,1181,1168,1179,-1,1179,1168,1170,-1,1162,1166,1170,-1,1170,1166,1179,-1,1157,1162,1173,-1,1173,1162,1170,-1,1158,1157,1178,-1,1178,1157,1173,-1,1159,1158,1182,-1,1182,1158,1178,-1,1153,1159,1183,-1,1183,1159,1182,-1,1155,1153,1181,-1,1181,1153,1183,-1,1167,1155,1180,-1,1180,1155,1181,-1,1166,1167,1179,-1,1179,1167,1180,-1,1152,1154,1177,-1,1177,1154,1168,-1,1154,1165,1168,-1,1168,1165,1169,-1,1163,1172,1171,-1,1163,1171,1164,-1,1164,1171,1169,-1,1164,1169,1165,-1,1163,1161,1172,-1,1172,1161,1174,-1,1156,1176,1175,-1,1156,1175,1160,-1,1160,1175,1174,-1,1160,1174,1161,-1,1156,1152,1176,-1,1176,1152,1177,-1,1184,1185,1186,-1,1187,1188,1189,-1,1190,1191,1192,-1,1193,1194,1195,-1,1195,1194,1196,-1,1195,1196,1197,-1,1198,1199,1200,-1,1201,1202,1203,-1,1204,1205,1186,-1,1186,1205,1206,-1,1186,1206,1184,-1,1207,1208,1209,-1,1209,1208,1210,-1,1209,1210,1211,-1,1211,1210,1212,-1,1211,1212,1213,-1,1213,1212,1214,-1,1213,1214,1215,-1,1216,1217,1218,-1,1218,1217,1219,-1,1218,1219,1220,-1,1221,1185,1222,-1,1222,1185,1223,-1,1222,1223,1216,-1,1216,1223,1224,-1,1216,1224,1217,-1,1225,1226,1210,-1,1210,1226,1227,-1,1210,1227,1212,-1,1212,1227,1228,-1,1212,1228,1229,-1,1230,1231,1232,-1,1203,1202,1233,-1,1233,1202,1234,-1,1233,1234,1235,-1,1235,1234,1236,-1,1235,1236,1237,-1,1192,1191,1238,-1,1238,1191,1239,-1,1238,1239,1240,-1,1241,1242,1186,-1,1186,1242,1243,-1,1186,1243,1204,-1,1230,1232,1244,-1,1244,1232,1245,-1,1244,1245,1246,-1,1246,1245,1247,-1,1246,1247,1248,-1,1215,1249,1213,-1,1213,1249,1250,-1,1213,1250,1251,-1,1252,1186,1253,-1,1253,1186,1185,-1,1253,1185,1254,-1,1254,1185,1221,-1,1200,1199,1255,-1,1255,1199,1256,-1,1255,1256,1257,-1,1258,1259,1260,-1,1260,1259,1261,-1,1260,1261,1262,-1,1262,1261,1263,-1,1262,1263,1264,-1,1264,1263,1265,-1,1264,1265,1266,-1,1267,1268,1269,-1,1269,1268,1270,-1,1269,1270,1241,-1,1241,1270,1271,-1,1241,1271,1242,-1,1231,1230,1272,-1,1272,1230,1273,-1,1272,1273,1274,-1,1274,1273,1275,-1,1274,1275,1276,-1,1276,1275,1277,-1,1276,1277,1189,-1,1189,1277,1278,-1,1189,1278,1187,-1,1252,1279,1186,-1,1186,1279,1280,-1,1186,1280,1281,-1,1281,1280,1282,-1,1283,1284,1285,-1,1285,1284,1286,-1,1285,1286,1287,-1,1200,1288,1198,-1,1198,1288,1289,-1,1198,1289,1283,-1,1283,1289,1290,-1,1283,1290,1284,-1,1229,1291,1212,-1,1212,1291,1292,-1,1212,1292,1293,-1,1293,1292,1220,-1,1293,1220,1294,-1,1294,1220,1219,-1,1203,1295,1201,-1,1201,1295,1296,-1,1201,1296,1297,-1,1297,1296,1298,-1,1297,1298,1299,-1,1299,1298,1300,-1,1299,1300,1301,-1,1301,1300,1302,-1,1301,1302,1303,-1,1192,1304,1190,-1,1190,1304,1305,-1,1190,1305,1306,-1,1306,1305,1307,-1,1306,1307,1308,-1,1308,1307,1309,-1,1308,1309,1310,-1,1310,1309,1189,-1,1310,1189,1311,-1,1311,1189,1188,-1,1195,1312,1193,-1,1193,1312,1313,-1,1193,1313,1314,-1,1314,1313,1315,-1,1314,1315,1316,-1,1317,1318,1319,-1,1319,1318,1320,-1,1319,1320,1321,-1,1321,1320,1322,-1,1321,1322,1267,-1,1267,1322,1323,-1,1267,1323,1268,-1,1257,1256,1210,-1,1210,1256,1324,-1,1210,1324,1225,-1,1325,1326,1327,-1,1327,1326,1328,-1,1327,1328,1329,-1,1329,1328,1330,-1,1329,1330,1258,-1,1258,1330,1331,-1,1258,1331,1259,-1,1302,1332,1303,-1,1303,1332,1333,-1,1303,1333,1334,-1,1334,1333,1335,-1,1334,1335,1325,-1,1325,1335,1336,-1,1325,1336,1326,-1,1286,1337,1287,-1,1287,1337,1338,-1,1287,1338,1339,-1,1339,1338,1340,-1,1339,1340,1282,-1,1282,1340,1341,-1,1282,1341,1281,-1,1342,1343,1344,-1,1345,1346,1347,-1,1347,1346,1348,-1,1349,1350,1351,-1,1351,1350,1352,-1,1351,1352,1353,-1,1353,1352,1354,-1,1353,1354,1355,-1,1355,1354,1356,-1,1355,1356,1357,-1,1357,1356,1358,-1,1357,1358,1317,-1,1317,1358,1359,-1,1317,1359,1318,-1,1197,1360,1195,-1,1195,1360,1361,-1,1195,1361,1362,-1,1362,1361,1363,-1,1362,1363,1364,-1,1364,1363,1266,-1,1364,1266,1365,-1,1365,1266,1265,-1,1366,1367,1342,-1,1342,1367,1368,-1,1342,1368,1343,-1,1236,1369,1237,-1,1237,1369,1342,-1,1237,1342,1370,-1,1370,1342,1344,-1,1240,1239,1371,-1,1371,1239,1372,-1,1371,1372,1345,-1,1345,1372,1373,-1,1345,1373,1346,-1,1374,1375,1376,-1,1375,1377,1376,-1,1376,1377,1378,-1,1376,1378,1379,-1,1247,1380,1248,-1,1248,1380,1381,-1,1248,1381,1382,-1,1382,1381,1383,-1,1382,1383,1349,-1,1349,1383,1384,-1,1349,1384,1350,-1,1366,1342,1376,-1,1376,1342,1385,-1,1376,1385,1374,-1,1315,1386,1316,-1,1316,1386,1387,-1,1316,1387,1388,-1,1388,1387,1389,-1,1388,1389,1390,-1,1390,1389,1391,-1,1390,1391,1392,-1,1392,1391,1393,-1,1392,1393,1394,-1,1394,1393,1395,-1,1394,1395,1348,-1,1348,1395,1396,-1,1348,1396,1347,-1,1397,1398,1399,-1,1399,1398,1400,-1,1399,1400,1401,-1,1400,1402,1401,-1,1401,1402,1403,-1,1401,1403,1404,-1,1404,1403,1405,-1,1406,1407,1408,-1,1408,1407,1409,-1,1410,1411,1412,-1,1413,1414,1415,-1,1415,1414,1416,-1,1415,1416,1417,-1,1418,1419,1401,-1,1401,1419,1420,-1,1401,1420,1399,-1,1399,1420,1421,-1,1422,1423,1424,-1,1425,1426,1403,-1,1403,1426,1427,-1,1403,1427,1405,-1,1428,1429,1430,-1,1431,1432,1433,-1,1433,1432,1434,-1,1433,1434,1435,-1,1435,1434,1436,-1,1435,1436,1437,-1,1424,1423,1438,-1,1438,1423,1439,-1,1438,1439,1440,-1,1440,1439,1441,-1,1440,1441,1442,-1,1442,1441,1443,-1,1443,1441,1444,-1,1443,1444,1445,-1,1445,1444,1408,-1,1445,1408,1446,-1,1446,1408,1409,-1,1446,1409,1417,-1,1417,1409,1447,-1,1417,1447,1415,-1,1448,1449,1450,-1,1450,1449,1451,-1,1450,1451,1452,-1,1452,1451,1453,-1,1452,1453,1454,-1,1412,1411,1455,-1,1455,1411,1456,-1,1455,1456,1457,-1,1458,1459,1453,-1,1415,1460,1413,-1,1413,1460,1461,-1,1413,1461,1462,-1,1457,1456,1463,-1,1463,1456,1464,-1,1463,1464,1465,-1,1465,1464,1466,-1,1465,1466,1467,-1,1468,1469,1470,-1,1470,1469,1471,-1,1470,1471,1472,-1,1472,1471,1473,-1,1472,1473,1474,-1,1474,1473,1475,-1,1474,1475,1476,-1,1477,1478,1479,-1,1479,1478,1480,-1,1479,1480,1481,-1,1481,1480,1482,-1,1481,1482,1483,-1,1459,1484,1453,-1,1453,1484,1485,-1,1453,1485,1454,-1,1486,1487,1488,-1,1488,1487,1413,-1,1488,1413,1489,-1,1489,1413,1462,-1,1490,1491,1492,-1,1492,1491,1493,-1,1492,1493,1494,-1,1436,1495,1437,-1,1437,1495,1496,-1,1437,1496,1497,-1,1497,1496,1465,-1,1497,1465,1498,-1,1430,1429,1499,-1,1499,1429,1500,-1,1499,1500,1401,-1,1401,1500,1501,-1,1401,1501,1418,-1,1493,1502,1494,-1,1494,1502,1503,-1,1494,1503,1504,-1,1504,1503,1505,-1,1504,1505,1506,-1,1506,1505,1399,-1,1506,1399,1507,-1,1507,1399,1421,-1,1490,1508,1509,-1,1498,1465,1510,-1,1510,1465,1467,-1,1510,1467,1511,-1,1512,1513,1514,-1,1514,1513,1515,-1,1482,1516,1483,-1,1483,1516,1517,-1,1483,1517,1518,-1,1518,1517,1519,-1,1518,1519,1468,-1,1468,1519,1520,-1,1468,1520,1469,-1,1453,1521,1458,-1,1458,1521,1522,-1,1458,1522,1523,-1,1523,1522,1524,-1,1523,1524,1525,-1,1525,1524,1526,-1,1525,1526,1527,-1,1527,1526,1528,-1,1527,1528,1477,-1,1477,1528,1529,-1,1477,1529,1478,-1,1430,1530,1428,-1,1428,1530,1531,-1,1428,1531,1532,-1,1532,1531,1533,-1,1532,1533,1486,-1,1486,1533,1534,-1,1486,1534,1487,-1,1535,1536,1490,-1,1490,1536,1537,-1,1490,1537,1508,-1,1509,1538,1490,-1,1490,1538,1539,-1,1490,1539,1491,-1,1540,1541,1542,-1,1542,1541,1543,-1,1542,1543,1544,-1,1424,1545,1422,-1,1422,1545,1546,-1,1422,1546,1547,-1,1547,1546,1548,-1,1547,1548,1549,-1,1549,1548,1550,-1,1549,1550,1551,-1,1551,1550,1552,-1,1551,1552,1553,-1,1553,1552,1554,-1,1553,1554,1540,-1,1540,1554,1555,-1,1540,1555,1541,-1,1475,1556,1476,-1,1476,1556,1557,-1,1476,1557,1558,-1,1558,1557,1559,-1,1558,1559,1560,-1,1560,1559,1561,-1,1560,1561,1562,-1,1562,1561,1563,-1,1562,1563,1564,-1,1564,1563,1565,-1,1564,1565,1566,-1,1566,1565,1567,-1,1566,1567,1514,-1,1514,1567,1568,-1,1514,1568,1512,-1,1515,1569,1514,-1,1514,1569,1570,-1,1514,1570,1571,-1,1406,1408,1490,-1,1490,1408,1572,-1,1490,1572,1535,-1,1543,1573,1544,-1,1544,1573,1574,-1,1544,1574,1575,-1,1575,1574,1576,-1,1575,1576,1577,-1,1577,1576,1578,-1,1577,1578,1431,-1,1431,1578,1579,-1,1431,1579,1432,-1,1580,1581,1571,-1,1571,1581,1582,-1,1571,1582,1583,-1,1584,1585,1586,-1,1586,1585,1587,-1,1586,1587,1448,-1,1448,1587,1588,-1,1448,1588,1449,-1,1412,1589,1410,-1,1410,1589,1590,-1,1410,1590,1591,-1,1591,1590,1592,-1,1591,1592,1593,-1,1593,1592,1594,-1,1593,1594,1595,-1,1595,1594,1596,-1,1595,1596,1597,-1,1597,1596,1598,-1,1597,1598,1599,-1,1599,1598,1600,-1,1599,1600,1601,-1,1601,1600,1602,-1,1601,1602,1603,-1,1603,1602,1604,-1,1603,1604,1605,-1,1605,1604,1606,-1,1605,1606,1584,-1,1584,1606,1607,-1,1584,1607,1585,-1,1583,1608,1571,-1,1571,1608,1609,-1,1571,1609,1514,-1,1328,1516,1482,-1,1328,1482,1330,-1,1330,1482,1480,-1,1330,1480,1331,-1,1331,1480,1478,-1,1331,1478,1259,-1,1259,1478,1529,-1,1259,1529,1261,-1,1261,1529,1528,-1,1261,1528,1263,-1,1263,1528,1526,-1,1263,1526,1265,-1,1265,1526,1524,-1,1265,1524,1365,-1,1365,1524,1522,-1,1365,1522,1364,-1,1364,1522,1521,-1,1364,1521,1362,-1,1362,1521,1453,-1,1362,1453,1195,-1,1195,1453,1451,-1,1195,1451,1312,-1,1312,1451,1449,-1,1312,1449,1313,-1,1313,1449,1588,-1,1313,1588,1315,-1,1315,1588,1587,-1,1315,1587,1386,-1,1386,1587,1585,-1,1386,1585,1387,-1,1387,1585,1607,-1,1387,1607,1389,-1,1389,1607,1606,-1,1389,1606,1391,-1,1391,1606,1604,-1,1391,1604,1393,-1,1393,1604,1602,-1,1393,1602,1395,-1,1395,1602,1600,-1,1395,1600,1396,-1,1396,1600,1598,-1,1396,1598,1347,-1,1347,1598,1596,-1,1347,1596,1345,-1,1345,1596,1594,-1,1345,1594,1371,-1,1371,1594,1592,-1,1371,1592,1240,-1,1240,1592,1590,-1,1240,1590,1238,-1,1238,1590,1589,-1,1238,1589,1192,-1,1192,1589,1412,-1,1192,1412,1304,-1,1304,1412,1455,-1,1304,1455,1305,-1,1305,1455,1457,-1,1305,1457,1307,-1,1307,1457,1463,-1,1307,1463,1309,-1,1309,1463,1465,-1,1309,1465,1189,-1,1189,1465,1496,-1,1189,1496,1276,-1,1276,1496,1495,-1,1276,1495,1274,-1,1274,1495,1436,-1,1274,1436,1272,-1,1272,1436,1434,-1,1272,1434,1231,-1,1231,1434,1432,-1,1231,1432,1232,-1,1232,1432,1579,-1,1232,1579,1245,-1,1245,1579,1578,-1,1245,1578,1247,-1,1247,1578,1576,-1,1247,1576,1380,-1,1380,1576,1574,-1,1380,1574,1381,-1,1381,1574,1573,-1,1381,1573,1383,-1,1383,1573,1543,-1,1383,1543,1384,-1,1384,1543,1541,-1,1384,1541,1350,-1,1350,1541,1555,-1,1350,1555,1352,-1,1352,1555,1554,-1,1352,1554,1354,-1,1354,1554,1552,-1,1354,1552,1356,-1,1356,1552,1550,-1,1356,1550,1358,-1,1358,1550,1548,-1,1358,1548,1359,-1,1359,1548,1546,-1,1359,1546,1318,-1,1318,1546,1545,-1,1318,1545,1320,-1,1320,1545,1424,-1,1320,1424,1322,-1,1322,1424,1438,-1,1322,1438,1323,-1,1323,1438,1440,-1,1323,1440,1268,-1,1268,1440,1442,-1,1268,1442,1270,-1,1270,1442,1443,-1,1270,1443,1271,-1,1271,1443,1445,-1,1271,1445,1242,-1,1242,1445,1446,-1,1242,1446,1243,-1,1243,1446,1417,-1,1243,1417,1204,-1,1204,1417,1416,-1,1204,1416,1205,-1,1205,1416,1414,-1,1205,1414,1206,-1,1206,1414,1413,-1,1206,1413,1184,-1,1184,1413,1487,-1,1184,1487,1185,-1,1185,1487,1534,-1,1185,1534,1223,-1,1223,1534,1533,-1,1223,1533,1224,-1,1224,1533,1531,-1,1224,1531,1217,-1,1217,1531,1530,-1,1217,1530,1219,-1,1219,1530,1430,-1,1219,1430,1294,-1,1294,1430,1499,-1,1294,1499,1293,-1,1293,1499,1401,-1,1293,1401,1212,-1,1212,1401,1404,-1,1212,1404,1214,-1,1214,1404,1405,-1,1214,1405,1215,-1,1215,1405,1427,-1,1215,1427,1249,-1,1249,1427,1426,-1,1249,1426,1250,-1,1250,1426,1425,-1,1250,1425,1251,-1,1251,1425,1403,-1,1251,1403,1213,-1,1213,1403,1402,-1,1213,1402,1211,-1,1209,1211,1400,-1,1400,1211,1402,-1,1207,1209,1398,-1,1398,1209,1400,-1,1208,1207,1397,-1,1397,1207,1398,-1,1210,1208,1399,-1,1399,1208,1397,-1,1210,1399,1505,-1,1210,1505,1257,-1,1257,1505,1503,-1,1257,1503,1255,-1,1255,1503,1502,-1,1255,1502,1200,-1,1200,1502,1493,-1,1200,1493,1288,-1,1288,1493,1491,-1,1288,1491,1289,-1,1289,1491,1539,-1,1289,1539,1290,-1,1290,1539,1538,-1,1290,1538,1284,-1,1284,1538,1509,-1,1284,1509,1286,-1,1286,1509,1508,-1,1286,1508,1337,-1,1337,1508,1537,-1,1337,1537,1338,-1,1338,1537,1536,-1,1338,1536,1340,-1,1340,1536,1535,-1,1340,1535,1341,-1,1341,1535,1572,-1,1341,1572,1281,-1,1281,1572,1408,-1,1281,1408,1186,-1,1186,1408,1444,-1,1186,1444,1241,-1,1241,1444,1441,-1,1241,1441,1269,-1,1269,1441,1439,-1,1269,1439,1267,-1,1267,1439,1423,-1,1267,1423,1321,-1,1321,1423,1422,-1,1321,1422,1319,-1,1319,1422,1547,-1,1319,1547,1317,-1,1317,1547,1549,-1,1317,1549,1357,-1,1357,1549,1551,-1,1357,1551,1355,-1,1355,1551,1553,-1,1355,1553,1353,-1,1353,1553,1540,-1,1353,1540,1351,-1,1351,1540,1542,-1,1351,1542,1349,-1,1349,1542,1544,-1,1349,1544,1382,-1,1382,1544,1575,-1,1382,1575,1248,-1,1248,1575,1577,-1,1248,1577,1246,-1,1246,1577,1431,-1,1246,1431,1244,-1,1244,1431,1433,-1,1244,1433,1230,-1,1230,1433,1435,-1,1230,1435,1273,-1,1273,1435,1437,-1,1273,1437,1275,-1,1275,1437,1497,-1,1275,1497,1277,-1,1277,1497,1498,-1,1277,1498,1278,-1,1278,1498,1510,-1,1278,1510,1187,-1,1187,1510,1511,-1,1187,1511,1188,-1,1188,1511,1467,-1,1188,1467,1311,-1,1311,1467,1466,-1,1311,1466,1310,-1,1310,1466,1464,-1,1310,1464,1308,-1,1308,1464,1456,-1,1308,1456,1306,-1,1306,1456,1411,-1,1306,1411,1190,-1,1190,1411,1410,-1,1190,1410,1191,-1,1191,1410,1591,-1,1191,1591,1239,-1,1239,1591,1593,-1,1239,1593,1372,-1,1372,1593,1595,-1,1372,1595,1373,-1,1373,1595,1597,-1,1373,1597,1346,-1,1346,1597,1599,-1,1346,1599,1348,-1,1348,1599,1601,-1,1348,1601,1394,-1,1394,1601,1603,-1,1394,1603,1392,-1,1392,1603,1605,-1,1392,1605,1390,-1,1390,1605,1584,-1,1390,1584,1388,-1,1388,1584,1586,-1,1388,1586,1316,-1,1316,1586,1448,-1,1316,1448,1314,-1,1314,1448,1450,-1,1314,1450,1193,-1,1193,1450,1452,-1,1193,1452,1194,-1,1194,1452,1454,-1,1194,1454,1196,-1,1196,1454,1485,-1,1196,1485,1197,-1,1360,1197,1484,-1,1484,1197,1485,-1,1360,1484,1459,-1,1360,1459,1361,-1,1361,1459,1458,-1,1361,1458,1363,-1,1363,1458,1523,-1,1363,1523,1266,-1,1266,1523,1525,-1,1266,1525,1264,-1,1264,1525,1527,-1,1264,1527,1262,-1,1262,1527,1477,-1,1262,1477,1260,-1,1260,1477,1479,-1,1260,1479,1258,-1,1258,1479,1481,-1,1258,1481,1329,-1,1329,1481,1483,-1,1329,1483,1327,-1,1327,1483,1518,-1,1327,1518,1325,-1,1325,1518,1468,-1,1325,1468,1334,-1,1334,1468,1470,-1,1334,1470,1303,-1,1303,1470,1472,-1,1303,1472,1301,-1,1301,1472,1474,-1,1301,1474,1299,-1,1299,1474,1476,-1,1299,1476,1297,-1,1297,1476,1558,-1,1297,1558,1201,-1,1201,1558,1560,-1,1201,1560,1202,-1,1202,1560,1562,-1,1202,1562,1234,-1,1236,1234,1564,-1,1564,1234,1562,-1,1236,1564,1566,-1,1236,1566,1369,-1,1369,1566,1514,-1,1369,1514,1342,-1,1342,1514,1609,-1,1342,1609,1385,-1,1385,1609,1608,-1,1385,1608,1374,-1,1374,1608,1583,-1,1374,1583,1375,-1,1375,1583,1582,-1,1375,1582,1377,-1,1377,1582,1581,-1,1377,1581,1378,-1,1378,1581,1580,-1,1378,1580,1379,-1,1379,1580,1571,-1,1379,1571,1376,-1,1376,1571,1570,-1,1376,1570,1366,-1,1366,1570,1569,-1,1366,1569,1367,-1,1367,1569,1515,-1,1367,1515,1368,-1,1368,1515,1513,-1,1368,1513,1343,-1,1343,1513,1512,-1,1343,1512,1344,-1,1344,1512,1568,-1,1344,1568,1370,-1,1370,1568,1567,-1,1370,1567,1237,-1,1237,1567,1565,-1,1237,1565,1235,-1,1233,1235,1563,-1,1563,1235,1565,-1,1233,1563,1561,-1,1233,1561,1203,-1,1203,1561,1559,-1,1203,1559,1295,-1,1295,1559,1557,-1,1295,1557,1296,-1,1296,1557,1556,-1,1296,1556,1298,-1,1298,1556,1475,-1,1298,1475,1300,-1,1300,1475,1473,-1,1300,1473,1302,-1,1302,1473,1471,-1,1302,1471,1332,-1,1332,1471,1469,-1,1332,1469,1333,-1,1333,1469,1520,-1,1333,1520,1335,-1,1335,1520,1519,-1,1335,1519,1336,-1,1336,1519,1517,-1,1336,1517,1326,-1,1326,1517,1516,-1,1326,1516,1328,-1,1283,1490,1492,-1,1283,1492,1198,-1,1198,1492,1494,-1,1198,1494,1199,-1,1199,1494,1504,-1,1199,1504,1256,-1,1256,1504,1506,-1,1256,1506,1324,-1,1324,1506,1507,-1,1324,1507,1225,-1,1225,1507,1421,-1,1225,1421,1226,-1,1226,1421,1420,-1,1226,1420,1227,-1,1227,1420,1419,-1,1227,1419,1228,-1,1228,1419,1418,-1,1228,1418,1229,-1,1229,1418,1501,-1,1229,1501,1291,-1,1291,1501,1500,-1,1291,1500,1292,-1,1292,1500,1429,-1,1292,1429,1220,-1,1220,1429,1428,-1,1220,1428,1218,-1,1218,1428,1532,-1,1218,1532,1216,-1,1216,1532,1486,-1,1216,1486,1222,-1,1222,1486,1488,-1,1222,1488,1221,-1,1221,1488,1489,-1,1221,1489,1254,-1,1254,1489,1462,-1,1254,1462,1253,-1,1253,1462,1461,-1,1253,1461,1252,-1,1252,1461,1460,-1,1252,1460,1279,-1,1279,1460,1415,-1,1279,1415,1280,-1,1280,1415,1447,-1,1280,1447,1282,-1,1282,1447,1409,-1,1282,1409,1339,-1,1339,1409,1407,-1,1339,1407,1287,-1,1287,1407,1406,-1,1287,1406,1285,-1,1285,1406,1490,-1,1285,1490,1283,-1,
        ]
    }
}