#VRML V2.0 utf8
# 3D model generated by easyeda2kicad.py (https://github.com/uPesy/easyeda2kicad.py)

Shape{
    appearance Appearance {
        material  Material 	{
            diffuseColor 0.8274509803921568 0.6666666666666666 0.12941176470588237
            specularColor 0.8274509803921568 0.6666666666666666 0.12941176470588237
            ambientIntensity 0.6535
            transparency 0.0
            shininess 0.5
        }
    }
    geometry IndexedFaceSet {
        ccw TRUE
        solid FALSE
        coord DEF co Coordinate {
            point [
                0.1378 0.8327 0.0394, 0.1378 0.8327 0.0, 0.1378 0.939 0.0394, 0.1378 1.0886 0.0, 0.1378 0.939 0.0591, 0.1378 1.0886 0.0591, 0.0591 0.8327 0.0, 0.0591 0.8327 0.0394, 0.0591 0.939 0.0394, 0.0591 0.939 0.0591, 0.0591 1.0886 0.0591, 0.0591 1.0886 0.0, 0.3346 0.8327 0.0394, 0.3346 0.8327 0.0, 0.3346 0.939 0.0394, 0.3346 1.0886 0.0, 0.3346 0.939 0.0591, 0.3346 1.0886 0.0591, 0.2559 0.8327 0.0, 0.2559 0.8327 0.0394, 0.2559 0.939 0.0394, 0.2559 0.939 0.0591, 0.2559 1.0886 0.0591, 0.2559 1.0886 0.0, 0.5315 0.8327 0.0394, 0.5315 0.8327 0.0, 0.5315 0.939 0.0394, 0.5315 1.0886 0.0, 0.5315 0.939 0.0591, 0.5315 1.0886 0.0591, 0.4528 0.8327 0.0, 0.4528 0.8327 0.0394, 0.4528 0.939 0.0394, 0.4528 0.939 0.0591, 0.4528 1.0886 0.0591, 0.4528 1.0886 0.0, 0.7283 0.8327 0.0394, 0.7283 0.8327 0.0, 0.7283 0.939 0.0394, 0.7283 1.0886 0.0, 0.7283 0.939 0.0591, 0.7283 1.0886 0.0591, 0.6496 0.8327 0.0, 0.6496 0.8327 0.0394, 0.6496 0.939 0.0394, 0.6496 0.939 0.0591, 0.6496 1.0886 0.0591, 0.6496 1.0886 0.0, 1.0098 0.8327 0.0394, 1.0098 0.8327 0.0, 1.0098 0.939 0.0394, 1.0098 1.0886 0.0, 1.0098 0.939 0.0591, 1.0098 1.0886 0.0591, 0.8524 0.8327 0.0, 0.8524 0.8327 0.0394, 0.8524 0.939 0.0394, 0.8524 0.939 0.0591, 0.8524 1.0886 0.0591, 0.8524 1.0886 0.0, 1.3248 0.8327 0.0394, 1.3248 0.8327 0.0, 1.3248 0.939 0.0394, 1.3248 1.0886 0.0, 1.3248 0.939 0.0591, 1.3248 1.0886 0.0591, 1.1673 0.8327 0.0, 1.1673 0.8327 0.0394, 1.1673 0.939 0.0394, 1.1673 0.939 0.0591, 1.1673 1.0886 0.0591, 1.1673 1.0886 0.0, -0.1378 0.8327 0.0, -0.1378 0.8327 0.0394, -0.1378 0.939 0.0394, -0.1378 0.939 0.0591, -0.1378 1.0886 0.0591, -0.1378 1.0886 0.0, -0.0591 0.8327 0.0394, -0.0591 0.8327 0.0, -0.0591 0.939 0.0394, -0.0591 1.0886 0.0, -0.0591 0.939 0.0591, -0.0591 1.0886 0.0591, -0.3346 0.8327 0.0, -0.3346 0.8327 0.0394, -0.3346 0.939 0.0394, -0.3346 0.939 0.0591, -0.3346 1.0886 0.0591, -0.3346 1.0886 0.0, -0.2559 0.8327 0.0394, -0.2559 0.8327 0.0, -0.2559 0.939 0.0394, -0.2559 1.0886 0.0, -0.2559 0.939 0.0591, -0.2559 1.0886 0.0591, -0.5315 0.8327 0.0, -0.5315 0.8327 0.0394, -0.5315 0.939 0.0394, -0.5315 0.939 0.0591, -0.5315 1.0886 0.0591, -0.5315 1.0886 0.0, -0.4528 0.8327 0.0394, -0.4528 0.8327 0.0, -0.4528 0.939 0.0394, -0.4528 1.0886 0.0, -0.4528 0.939 0.0591, -0.4528 1.0886 0.0591, -0.7283 0.8327 0.0, -0.7283 0.8327 0.0394, -0.7283 0.939 0.0394, -0.7283 0.939 0.0591, -0.7283 1.0886 0.0591, -0.7283 1.0886 0.0, -0.6496 0.8327 0.0394, -0.6496 0.8327 0.0, -0.6496 0.939 0.0394, -0.6496 1.0886 0.0, -0.6496 0.939 0.0591, -0.6496 1.0886 0.0591, -1.0098 0.8327 0.0, -1.0098 0.8327 0.0394, -1.0098 0.939 0.0394, -1.0098 0.939 0.0591, -1.0098 1.0886 0.0591, -1.0098 1.0886 0.0, -0.8524 0.8327 0.0394, -0.8524 0.8327 0.0, -0.8524 0.939 0.0394, -0.8524 1.0886 0.0, -0.8524 0.939 0.0591, -0.8524 1.0886 0.0591, -1.3248 0.8327 0.0, -1.3248 0.8327 0.0394, -1.3248 0.939 0.0394, -1.3248 0.939 0.0591, -1.3248 1.0886 0.0591, -1.3248 1.0886 0.0, -1.1673 0.8327 0.0394, -1.1673 0.8327 0.0, -1.1673 0.939 0.0394, -1.1673 1.0886 0.0, -1.1673 0.939 0.0591, -1.1673 1.0886 0.0591
            ]
        }
        coordIndex [
            0,1,2,-1,2,1,3,-1,2,3,4,-1,4,3,5,-1,6,7,8,-1,9,10,8,-1,8,10,11,-1,8,11,6,-1,12,13,14,-1,14,13,15,-1,14,15,16,-1,16,15,17,-1,18,19,20,-1,21,22,20,-1,20,22,23,-1,20,23,18,-1,24,25,26,-1,26,25,27,-1,26,27,28,-1,28,27,29,-1,30,31,32,-1,33,34,32,-1,32,34,35,-1,32,35,30,-1,36,37,38,-1,38,37,39,-1,38,39,40,-1,40,39,41,-1,42,43,44,-1,45,46,44,-1,44,46,47,-1,44,47,42,-1,48,49,50,-1,50,49,51,-1,50,51,52,-1,52,51,53,-1,54,55,56,-1,57,58,56,-1,56,58,59,-1,56,59,54,-1,60,61,62,-1,62,61,63,-1,62,63,64,-1,64,63,65,-1,66,67,68,-1,69,70,68,-1,68,70,71,-1,68,71,66,-1,72,73,74,-1,75,76,74,-1,74,76,77,-1,74,77,72,-1,78,79,80,-1,80,79,81,-1,80,81,82,-1,82,81,83,-1,84,85,86,-1,87,88,86,-1,86,88,89,-1,86,89,84,-1,90,91,92,-1,92,91,93,-1,92,93,94,-1,94,93,95,-1,96,97,98,-1,99,100,98,-1,98,100,101,-1,98,101,96,-1,102,103,104,-1,104,103,105,-1,104,105,106,-1,106,105,107,-1,108,109,110,-1,111,112,110,-1,110,112,113,-1,110,113,108,-1,114,115,116,-1,116,115,117,-1,116,117,118,-1,118,117,119,-1,120,121,122,-1,123,124,122,-1,122,124,125,-1,122,125,120,-1,126,127,128,-1,128,127,129,-1,128,129,130,-1,130,129,131,-1,132,133,134,-1,135,136,134,-1,134,136,137,-1,134,137,132,-1,138,139,140,-1,140,139,141,-1,140,141,142,-1,142,141,143,-1,
        ]
    }
}
Shape{
    appearance Appearance {
        material  Material 	{
            diffuseColor 0.20784313725490197 0.20784313725490197 0.20784313725490197
            specularColor 0.01568627450980392 0.01568627450980392 0.01568627450980392
            ambientIntensity 0.298
            transparency 0.0
            shininess 0.5
        }
    }
    geometry IndexedFaceSet {
        ccw TRUE
        solid FALSE
        coord DEF co Coordinate {
            point [
                -1.6417 0.6437 0.7913, -1.6417 -0.0138 0.7913, -1.6324 -0.0138 0.8746, -1.6324 0.6437 0.8746, -1.6047 -0.0138 0.9536, -1.6047 0.6437 0.9536, -1.5601 -0.0138 1.0245, -1.5601 0.6437 1.0245, -1.5083 0.6645 1.0777, -1.5248 0.6532 1.063, -1.5009 -0.0138 1.0838, -1.5417 0.6461 1.0459, -1.5577 0.6437 1.0276, -1.43 0.939 1.1283, -1.4812 0.939 1.0984, -1.4812 0.7146 1.0984, -1.4821 0.7052 1.0978, -1.43 -0.0138 1.1283, -1.4847 0.6962 1.096, -1.4889 0.6872 1.0929, -1.4943 0.6791 1.0889, -1.5008 0.6723 1.0837, -1.3509 -0.0138 1.156, -1.3509 0.939 1.156, -1.2677 -0.0138 1.1654, -1.2677 0.939 1.1654, -1.6417 0.3406 0.5315, -1.6417 -0.0138 0.5315, -1.6417 0.3406 0.0394, -1.6417 0.6962 0.6835, -1.6417 0.939 0.0394, -1.6417 0.7146 0.6811, -1.6417 0.939 0.6811, -1.6417 0.6437 0.752, -1.6417 0.6461 0.7336, -1.6417 0.6532 0.7165, -1.6417 0.6645 0.7019, -1.6417 0.6791 0.6906, 1.378 -0.0531 0.7992, 1.378 -1.287 0.7992, 1.378 -0.0531 0.5236, 1.378 -1.287 0.5236, -1.2152 -1.5689 0.7992, 1.2152 -1.5689 0.7992, -1.378 -1.287 0.7992, -1.378 -0.0531 0.7992, -1.378 -0.0531 0.5236, -1.378 -1.287 0.5236, 1.2152 -1.5689 0.5236, -1.2152 -1.5689 0.5236, 1.1811 -1.628 0.5827, 1.1811 -1.628 0.7402, -1.1811 -1.628 0.5827, -1.1811 -1.628 0.7402, 1.3422 -0.0531 0.2052, 1.4129 -0.0531 0.23, 1.594 -0.0531 0.8658, 1.5692 -0.0531 0.9365, -1.4764 -0.0531 0.2699, -1.4129 -0.0531 0.23, 1.4764 -0.0531 0.2699, 1.5294 -0.0531 0.3228, 1.5692 -0.0531 0.3863, -1.3422 -0.0531 1.1176, -1.4129 -0.0531 1.0928, 1.594 -0.0531 0.457, 1.6024 -0.0531 0.5315, 1.6024 -0.0531 0.7913, -1.3422 -0.0531 0.2052, -1.2677 -0.0531 0.1969, 1.2677 -0.0531 0.1969, -1.594 -0.0531 0.457, -1.5692 -0.0531 0.3863, -1.5294 -0.0531 0.3228, -1.4764 -0.0531 1.053, -1.5294 -0.0531 1.0, -1.5692 -0.0531 0.9365, -1.594 -0.0531 0.8658, -1.6024 -0.0531 0.7913, -1.6024 -0.0531 0.5315, 1.5294 -0.0531 1.0, 1.4764 -0.0531 1.053, 1.4129 -0.0531 1.0928, 1.3422 -0.0531 1.1176, 1.2677 -0.0531 1.126, -1.2677 -0.0531 1.126, -1.6324 0.3406 0.4483, -1.6324 -0.0138 0.4483, -1.6047 0.3406 0.3692, -1.6047 -0.0138 0.3692, -1.5601 0.3406 0.2983, -1.5601 -0.0138 0.2983, -1.5009 0.3406 0.2391, -1.5009 -0.0138 0.2391, -1.43 0.3406 0.1945, -1.43 -0.0138 0.1945, -1.3509 0.3406 0.1669, -1.3509 -0.0138 0.1669, -1.2677 0.3406 0.1575, -1.2677 -0.0138 0.1575, 1.2677 -0.0138 0.1575, 1.2677 0.3406 0.1575, 1.3509 0.3406 0.1669, 1.3509 -0.0138 0.1669, 1.43 0.3406 0.1945, 1.43 -0.0138 0.1945, 1.5009 0.3406 0.2391, 1.5009 -0.0138 0.2391, 1.5601 0.3406 0.2983, 1.5601 -0.0138 0.2983, 1.6047 0.3406 0.3692, 1.6047 -0.0138 0.3692, 1.6324 0.3406 0.4483, 1.6324 -0.0138 0.4483, 1.6417 0.3406 0.5315, 1.6417 -0.0138 0.5315, 0.5315 0.8327 0.0394, 0.5315 0.939 0.0394, 0.6496 0.939 0.0394, -0.4528 0.8327 0.0394, -0.4528 0.939 0.0394, -0.3346 0.939 0.0394, -0.8524 0.939 0.0394, -0.7283 0.939 0.0394, -0.8524 0.8327 0.0394, -0.7283 0.8327 0.0394, 1.2015 0.5873 0.0394, 1.1811 0.603 0.0394, 1.1673 0.8327 0.0394, -0.6496 0.939 0.0394, -0.5315 0.939 0.0394, -0.6496 0.8327 0.0394, -0.5315 0.8327 0.0394, -1.3248 0.939 0.0394, -1.3248 0.8327 0.0394, -0.0591 0.8327 0.0394, -0.0591 0.939 0.0394, 0.0591 0.939 0.0394, 1.3248 0.8327 0.0394, 1.3248 0.939 0.0394, 1.6417 0.939 0.0394, 0.3346 0.8327 0.0394, 0.3346 0.939 0.0394, 0.4528 0.939 0.0394, -1.1064 0.4226 0.0394, 0.6496 0.8327 0.0394, 0.7283 0.8327 0.0394, 1.1574 0.6128 0.0394, 1.1319 0.6161 0.0394, 1.1673 0.939 0.0394, 1.0098 0.8327 0.0394, 1.0098 0.939 0.0394, -1.1673 0.939 0.0394, -1.0098 0.939 0.0394, -1.1319 0.6161 0.0394, -1.0098 0.8327 0.0394, -1.1064 0.6128 0.0394, 1.1574 0.4226 0.0394, 1.1811 0.4325 0.0394, 1.6417 0.3406 0.0394, 1.2015 0.4481 0.0394, 1.2171 0.4685 0.0394, -1.2015 0.5873 0.0394, -1.2171 0.5669 0.0394, -1.2303 0.5177 0.0394, -1.227 0.4922 0.0394, 1.227 0.4922 0.0394, 1.2303 0.5177 0.0394, 1.227 0.5432 0.0394, 0.4528 0.8327 0.0394, -1.0827 0.4325 0.0394, -1.0623 0.4481 0.0394, -1.0467 0.4685 0.0394, -1.0368 0.4922 0.0394, -1.0335 0.5177 0.0394, -1.0467 0.5669 0.0394, -1.0623 0.5873 0.0394, -1.0827 0.603 0.0394, -1.227 0.5432 0.0394, -1.2171 0.4685 0.0394, -1.2015 0.4481 0.0394, -1.1811 0.4325 0.0394, 0.7283 0.939 0.0394, 0.8524 0.939 0.0394, 0.8524 0.8327 0.0394, 1.0467 0.5669 0.0394, 1.0368 0.5432 0.0394, 1.2171 0.5669 0.0394, -1.1673 0.8327 0.0394, -1.1574 0.6128 0.0394, -1.1811 0.603 0.0394, 1.1064 0.6128 0.0394, 1.0827 0.603 0.0394, 1.0623 0.5873 0.0394, 1.0368 0.4922 0.0394, 1.0467 0.4685 0.0394, 1.0623 0.4481 0.0394, -0.3346 0.8327 0.0394, -0.2559 0.8327 0.0394, -1.0368 0.5432 0.0394, 1.0827 0.4325 0.0394, 1.1064 0.4226 0.0394, 1.1319 0.4193 0.0394, 0.1378 0.8327 0.0394, 0.0591 0.8327 0.0394, -1.1574 0.4226 0.0394, -1.1319 0.4193 0.0394, 1.0335 0.5177 0.0394, 0.1378 0.939 0.0394, 0.2559 0.939 0.0394, 0.2559 0.8327 0.0394, -0.1378 0.8327 0.0394, -0.1378 0.939 0.0394, -0.2559 0.939 0.0394, 1.6417 0.6532 0.7165, 1.6417 0.6461 0.7336, 1.6417 0.939 0.6811, 1.6417 0.7146 0.6811, 1.6417 -0.0138 0.7913, 1.6417 0.6437 0.7913, 1.6417 0.6437 0.752, 1.6417 0.6962 0.6835, 1.6417 0.6791 0.6906, 1.6417 0.6645 0.7019, 1.4812 0.7146 1.0984, 1.4812 0.939 1.0984, 1.43 0.939 1.1283, 1.5417 0.6461 1.0459, 1.5248 0.6532 1.063, 1.5009 -0.0138 1.0838, 1.5577 0.6437 1.0276, 1.5601 -0.0138 1.0245, 1.5601 0.6437 1.0245, 1.6047 -0.0138 0.9536, 1.6047 0.6437 0.9536, 1.6324 -0.0138 0.8746, 1.6324 0.6437 0.8746, 1.5083 0.6645 1.0777, 1.5008 0.6723 1.0837, 1.43 -0.0138 1.1283, 1.4943 0.6791 1.0889, 1.4889 0.6872 1.0929, 1.4847 0.6962 1.096, 1.4821 0.7052 1.0978, 1.3509 0.939 1.156, 1.3509 -0.0138 1.156, 1.2677 0.939 1.1654, 1.2677 -0.0138 1.1654, 1.1496 0.939 1.1654, 1.1496 0.6358 1.1654, -1.1496 0.939 1.1654, -1.1496 0.6358 1.1654, 1.1496 0.6358 0.8701, 1.0075 0.6358 0.8701, 0.5261 0.6358 1.148, 0.5091 0.6358 1.1551, -1.0075 0.6358 0.8701, -1.1496 0.6358 0.8701, -0.5261 0.6358 1.148, 0.4907 0.6358 1.1575, -0.4907 0.6358 1.1575, -0.5091 0.6358 1.1551, -1.1496 0.939 0.8701, -1.0075 0.939 0.8701, -0.5261 0.939 1.148, -0.4907 0.939 1.1575, -0.5091 0.939 1.1551, 0.4907 0.939 1.1575, 0.5261 0.939 1.148, 0.5091 0.939 1.1551, 1.0075 0.939 0.8701, 1.1496 0.939 0.8701, 1.7598 0.939 0.6811, 1.7598 0.7146 0.6811, 1.7598 0.6962 0.6835, 1.7598 0.6791 0.6906, 1.7598 0.6645 0.7019, 1.7598 0.6532 0.7165, 1.7598 0.6461 0.7336, 1.7598 0.6437 0.752, 1.7598 0.7146 1.0984, 1.7598 0.939 1.0984, 1.7598 0.6437 1.0276, 1.7598 0.6461 1.0459, 1.7598 0.6532 1.063, 1.7598 0.6645 1.0777, 1.7598 0.6791 1.0889, 1.7598 0.6962 1.096, -1.7598 0.939 1.0984, -1.7598 0.7146 1.0984, -1.7598 0.6962 1.096, -1.7598 0.6791 1.0889, -1.7598 0.6645 1.0777, -1.7598 0.6532 1.063, -1.7598 0.6461 1.0459, -1.7598 0.6437 1.0276, -1.7598 0.6437 0.752, -1.7598 0.6461 0.7336, -1.7598 0.6532 0.7165, -1.7598 0.6645 0.7019, -1.7598 0.6791 0.6906, -1.7598 0.6962 0.6835, -1.7598 0.7146 0.6811, -1.7598 0.939 0.6811
            ]
        }
        coordIndex [
            0,1,2,-1,0,2,3,-1,3,2,4,-1,3,4,5,-1,5,4,6,-1,5,6,7,-1,8,9,10,-1,10,9,11,-1,10,11,6,-1,6,11,12,-1,6,12,7,-1,13,14,15,-1,15,16,17,-1,17,16,18,-1,18,19,17,-1,17,19,20,-1,17,20,10,-1,10,20,21,-1,10,21,8,-1,15,17,13,-1,13,17,22,-1,13,22,23,-1,23,22,24,-1,23,24,25,-1,26,27,1,-1,28,29,30,-1,30,29,31,-1,30,31,32,-1,1,0,26,-1,26,0,33,-1,26,33,34,-1,34,35,26,-1,26,35,36,-1,26,36,28,-1,28,36,37,-1,28,37,29,-1,38,39,40,-1,40,39,41,-1,42,43,44,-1,44,43,39,-1,44,39,45,-1,45,39,38,-1,46,47,45,-1,45,47,44,-1,46,40,41,-1,48,49,41,-1,41,49,47,-1,41,47,46,-1,50,51,52,-1,52,51,53,-1,44,47,42,-1,42,47,49,-1,42,49,53,-1,53,49,52,-1,51,50,43,-1,43,50,48,-1,43,48,39,-1,39,48,41,-1,48,50,49,-1,49,50,52,-1,42,53,43,-1,43,53,51,-1,54,55,40,-1,56,57,38,-1,58,59,46,-1,55,60,40,-1,40,60,61,-1,40,61,62,-1,63,64,45,-1,62,65,40,-1,40,65,66,-1,40,66,38,-1,38,66,67,-1,38,67,56,-1,59,68,46,-1,46,68,69,-1,46,69,40,-1,40,69,70,-1,40,70,54,-1,71,72,46,-1,46,72,73,-1,46,73,58,-1,64,74,45,-1,45,74,75,-1,45,75,76,-1,76,77,45,-1,45,77,78,-1,45,78,46,-1,46,78,79,-1,46,79,71,-1,57,80,38,-1,38,80,81,-1,38,81,82,-1,82,83,38,-1,38,83,84,-1,38,84,45,-1,45,84,85,-1,45,85,63,-1,27,26,86,-1,27,86,87,-1,87,86,88,-1,87,88,89,-1,89,88,90,-1,89,90,91,-1,91,90,92,-1,91,92,93,-1,93,92,94,-1,93,94,95,-1,95,94,96,-1,95,96,97,-1,97,96,98,-1,97,98,99,-1,99,98,100,-1,100,98,101,-1,100,101,102,-1,100,102,103,-1,103,102,104,-1,103,104,105,-1,105,104,106,-1,105,106,107,-1,107,106,108,-1,107,108,109,-1,109,108,110,-1,109,110,111,-1,111,110,112,-1,111,112,113,-1,113,112,114,-1,113,114,115,-1,116,117,118,-1,119,120,121,-1,122,123,124,-1,124,123,125,-1,126,127,128,-1,129,130,131,-1,131,130,132,-1,30,133,28,-1,28,133,134,-1,135,136,137,-1,138,139,140,-1,141,142,143,-1,144,145,146,-1,127,147,128,-1,128,147,148,-1,128,148,149,-1,149,148,150,-1,149,150,151,-1,152,153,154,-1,154,153,155,-1,154,155,156,-1,157,158,159,-1,159,158,160,-1,159,160,161,-1,134,162,163,-1,164,165,28,-1,161,166,159,-1,159,166,167,-1,159,167,168,-1,118,145,116,-1,116,145,144,-1,116,144,169,-1,169,144,170,-1,169,170,171,-1,171,172,169,-1,169,172,173,-1,169,173,174,-1,125,175,124,-1,124,175,176,-1,124,176,155,-1,155,176,177,-1,155,177,156,-1,134,163,28,-1,28,163,178,-1,28,178,164,-1,165,179,28,-1,28,179,180,-1,28,180,181,-1,182,183,146,-1,146,183,184,-1,146,184,144,-1,144,184,185,-1,144,185,186,-1,140,159,138,-1,138,159,168,-1,138,168,128,-1,128,168,187,-1,128,187,126,-1,152,154,188,-1,188,154,189,-1,188,189,134,-1,134,189,190,-1,134,190,162,-1,148,191,150,-1,150,191,192,-1,150,192,184,-1,184,192,193,-1,184,193,185,-1,194,195,28,-1,28,195,196,-1,197,198,199,-1,196,200,28,-1,28,200,201,-1,28,201,159,-1,159,201,202,-1,159,202,157,-1,203,174,204,-1,204,174,199,-1,181,205,28,-1,28,205,206,-1,28,206,194,-1,194,206,144,-1,194,144,207,-1,207,144,186,-1,208,209,203,-1,203,209,210,-1,203,210,174,-1,174,210,141,-1,174,141,169,-1,169,141,143,-1,121,197,119,-1,119,197,199,-1,119,199,132,-1,132,199,175,-1,132,175,131,-1,131,175,125,-1,137,204,135,-1,135,204,199,-1,135,199,211,-1,211,199,198,-1,211,198,212,-1,212,198,213,-1,214,215,114,-1,140,216,217,-1,218,115,219,-1,219,115,114,-1,219,114,220,-1,220,114,215,-1,140,217,159,-1,217,221,159,-1,159,221,222,-1,159,222,114,-1,114,222,223,-1,114,223,214,-1,224,225,226,-1,227,228,229,-1,227,229,230,-1,230,229,231,-1,230,231,232,-1,232,231,233,-1,232,233,234,-1,234,233,235,-1,234,235,236,-1,236,235,218,-1,236,218,219,-1,228,237,229,-1,229,237,238,-1,229,238,239,-1,239,238,240,-1,239,240,241,-1,241,242,239,-1,239,242,243,-1,239,243,224,-1,224,226,239,-1,239,226,244,-1,239,244,245,-1,245,244,246,-1,245,246,247,-1,246,248,249,-1,250,25,251,-1,251,25,24,-1,251,24,249,-1,249,24,247,-1,249,247,246,-1,110,159,112,-1,112,159,114,-1,96,94,28,-1,26,28,86,-1,86,28,88,-1,110,108,159,-1,159,108,106,-1,159,106,104,-1,94,92,28,-1,28,92,90,-1,28,90,88,-1,104,102,159,-1,159,102,101,-1,159,101,28,-1,28,101,98,-1,28,98,96,-1,85,24,22,-1,85,22,63,-1,63,22,17,-1,63,17,64,-1,64,17,10,-1,64,10,74,-1,74,10,6,-1,74,6,75,-1,75,6,4,-1,75,4,76,-1,76,4,2,-1,76,2,77,-1,77,2,1,-1,77,1,78,-1,27,79,1,-1,1,79,78,-1,84,247,85,-1,85,247,24,-1,79,27,87,-1,79,87,71,-1,71,87,89,-1,71,89,72,-1,72,89,91,-1,72,91,73,-1,73,91,93,-1,73,93,58,-1,58,93,95,-1,58,95,59,-1,59,95,97,-1,59,97,68,-1,68,97,99,-1,68,99,69,-1,67,218,235,-1,67,235,56,-1,56,235,233,-1,56,233,57,-1,57,233,231,-1,57,231,80,-1,80,231,229,-1,80,229,81,-1,81,229,239,-1,81,239,82,-1,82,239,245,-1,82,245,83,-1,83,245,247,-1,83,247,84,-1,100,70,99,-1,99,70,69,-1,66,115,67,-1,67,115,218,-1,70,100,103,-1,70,103,54,-1,54,103,105,-1,54,105,55,-1,55,105,107,-1,55,107,60,-1,60,107,109,-1,60,109,61,-1,61,109,111,-1,61,111,62,-1,62,111,113,-1,62,113,65,-1,65,113,115,-1,65,115,66,-1,252,253,249,-1,249,253,254,-1,249,254,255,-1,256,257,258,-1,258,257,251,-1,255,259,249,-1,249,259,260,-1,249,260,251,-1,251,260,261,-1,251,261,258,-1,262,250,257,-1,257,250,251,-1,263,262,256,-1,256,262,257,-1,264,263,258,-1,258,263,256,-1,260,265,266,-1,260,266,261,-1,261,266,264,-1,261,264,258,-1,267,265,259,-1,259,265,260,-1,254,268,269,-1,254,269,255,-1,255,269,267,-1,255,267,259,-1,270,268,253,-1,253,268,254,-1,271,270,252,-1,252,270,253,-1,248,271,249,-1,249,271,252,-1,272,273,216,-1,216,273,217,-1,217,273,274,-1,217,274,221,-1,221,274,275,-1,221,275,222,-1,222,275,276,-1,222,276,223,-1,223,276,277,-1,223,277,214,-1,214,277,278,-1,214,278,215,-1,215,278,279,-1,215,279,220,-1,280,281,224,-1,224,281,225,-1,230,282,283,-1,230,283,227,-1,227,283,284,-1,227,284,228,-1,228,284,285,-1,228,285,237,-1,237,285,238,-1,238,285,286,-1,238,286,240,-1,240,286,241,-1,241,286,287,-1,241,287,242,-1,242,287,243,-1,243,287,280,-1,243,280,224,-1,282,230,232,-1,232,234,282,-1,282,234,236,-1,282,236,279,-1,279,236,219,-1,279,219,220,-1,283,282,280,-1,280,282,273,-1,280,273,281,-1,281,273,272,-1,287,286,285,-1,287,285,280,-1,280,285,284,-1,280,284,283,-1,275,278,276,-1,276,278,277,-1,282,279,273,-1,273,279,278,-1,273,278,274,-1,274,278,275,-1,288,289,14,-1,14,289,15,-1,15,289,16,-1,16,289,290,-1,16,290,18,-1,8,21,291,-1,291,21,20,-1,291,20,290,-1,290,20,19,-1,290,19,18,-1,291,292,8,-1,8,292,293,-1,8,293,9,-1,9,293,294,-1,9,294,11,-1,11,294,295,-1,11,295,12,-1,3,295,0,-1,0,295,296,-1,0,296,33,-1,3,5,295,-1,295,5,7,-1,295,7,12,-1,33,296,297,-1,33,297,34,-1,34,297,298,-1,34,298,35,-1,35,298,299,-1,35,299,36,-1,36,299,300,-1,36,300,37,-1,37,300,301,-1,37,301,29,-1,29,301,302,-1,29,302,31,-1,302,303,31,-1,31,303,32,-1,288,303,289,-1,289,303,302,-1,289,302,296,-1,296,295,289,-1,289,295,294,-1,289,294,293,-1,293,292,289,-1,289,292,291,-1,289,291,290,-1,299,302,300,-1,300,302,301,-1,299,298,302,-1,302,298,297,-1,302,297,296,-1,
        ]
    }
}
Shape{
    appearance Appearance {
        material  Material 	{
            diffuseColor 0.8274509803921568 0.6666666666666666 0.12941176470588237
            specularColor 0.8274509803921568 0.6666666666666666 0.12941176470588237
            ambientIntensity 0.6535
            transparency 0.0
            shininess 0.5
        }
    }
    geometry IndexedFaceSet {
        ccw TRUE
        solid FALSE
        coord DEF co Coordinate {
            point [
                0.1378 0.939 0.0591, 0.1378 1.0886 0.0591, 0.0591 0.939 0.0591, 0.0591 1.0886 0.0591, 0.0591 0.8327 0.0394, 0.0591 0.8327 0.0, 0.1378 0.8327 0.0394, 0.1378 0.8327 0.0, 0.1378 1.0886 0.0, 0.0591 1.0886 0.0, 0.3346 0.939 0.0591, 0.3346 1.0886 0.0591, 0.2559 0.939 0.0591, 0.2559 1.0886 0.0591, 0.2559 0.8327 0.0394, 0.2559 0.8327 0.0, 0.3346 0.8327 0.0394, 0.3346 0.8327 0.0, 0.3346 1.0886 0.0, 0.2559 1.0886 0.0, 0.5315 0.939 0.0591, 0.5315 1.0886 0.0591, 0.4528 0.939 0.0591, 0.4528 1.0886 0.0591, 0.4528 0.8327 0.0394, 0.4528 0.8327 0.0, 0.5315 0.8327 0.0394, 0.5315 0.8327 0.0, 0.5315 1.0886 0.0, 0.4528 1.0886 0.0, 0.7283 0.939 0.0591, 0.7283 1.0886 0.0591, 0.6496 0.939 0.0591, 0.6496 1.0886 0.0591, 0.6496 0.8327 0.0394, 0.6496 0.8327 0.0, 0.7283 0.8327 0.0394, 0.7283 0.8327 0.0, 0.7283 1.0886 0.0, 0.6496 1.0886 0.0, 1.0098 0.939 0.0591, 1.0098 1.0886 0.0591, 0.8524 0.939 0.0591, 0.8524 1.0886 0.0591, 0.8524 0.8327 0.0394, 0.8524 0.8327 0.0, 1.0098 0.8327 0.0394, 1.0098 0.8327 0.0, 1.0098 1.0886 0.0, 0.8524 1.0886 0.0, 1.3248 0.939 0.0591, 1.3248 1.0886 0.0591, 1.1673 0.939 0.0591, 1.1673 1.0886 0.0591, 1.1673 0.8327 0.0394, 1.1673 0.8327 0.0, 1.3248 0.8327 0.0394, 1.3248 0.8327 0.0, 1.3248 1.0886 0.0, 1.1673 1.0886 0.0, -0.0591 1.0886 0.0591, -0.1378 1.0886 0.0591, -0.0591 0.939 0.0591, -0.1378 0.939 0.0591, -0.1378 1.0886 0.0, -0.0591 1.0886 0.0, -0.1378 0.8327 0.0, -0.0591 0.8327 0.0, -0.1378 0.8327 0.0394, -0.0591 0.8327 0.0394, -0.2559 1.0886 0.0591, -0.3346 1.0886 0.0591, -0.2559 0.939 0.0591, -0.3346 0.939 0.0591, -0.3346 1.0886 0.0, -0.2559 1.0886 0.0, -0.3346 0.8327 0.0, -0.2559 0.8327 0.0, -0.3346 0.8327 0.0394, -0.2559 0.8327 0.0394, -0.4528 1.0886 0.0591, -0.5315 1.0886 0.0591, -0.4528 0.939 0.0591, -0.5315 0.939 0.0591, -0.5315 1.0886 0.0, -0.4528 1.0886 0.0, -0.5315 0.8327 0.0, -0.4528 0.8327 0.0, -0.5315 0.8327 0.0394, -0.4528 0.8327 0.0394, -0.6496 1.0886 0.0591, -0.7283 1.0886 0.0591, -0.6496 0.939 0.0591, -0.7283 0.939 0.0591, -0.7283 1.0886 0.0, -0.6496 1.0886 0.0, -0.7283 0.8327 0.0, -0.6496 0.8327 0.0, -0.7283 0.8327 0.0394, -0.6496 0.8327 0.0394, -0.8524 1.0886 0.0591, -1.0098 1.0886 0.0591, -0.8524 0.939 0.0591, -1.0098 0.939 0.0591, -1.0098 1.0886 0.0, -0.8524 1.0886 0.0, -1.0098 0.8327 0.0, -0.8524 0.8327 0.0, -1.0098 0.8327 0.0394, -0.8524 0.8327 0.0394, -1.1673 1.0886 0.0591, -1.3248 1.0886 0.0591, -1.1673 0.939 0.0591, -1.3248 0.939 0.0591, -1.3248 1.0886 0.0, -1.1673 1.0886 0.0, -1.3248 0.8327 0.0, -1.1673 0.8327 0.0, -1.3248 0.8327 0.0394, -1.1673 0.8327 0.0394
            ]
        }
        coordIndex [
            0,1,2,-1,2,1,3,-1,4,5,6,-1,6,5,7,-1,8,7,9,-1,9,7,5,-1,1,8,3,-1,3,8,9,-1,10,11,12,-1,12,11,13,-1,14,15,16,-1,16,15,17,-1,18,17,19,-1,19,17,15,-1,11,18,13,-1,13,18,19,-1,20,21,22,-1,22,21,23,-1,24,25,26,-1,26,25,27,-1,28,27,29,-1,29,27,25,-1,21,28,23,-1,23,28,29,-1,30,31,32,-1,32,31,33,-1,34,35,36,-1,36,35,37,-1,38,37,39,-1,39,37,35,-1,31,38,33,-1,33,38,39,-1,40,41,42,-1,42,41,43,-1,44,45,46,-1,46,45,47,-1,48,47,49,-1,49,47,45,-1,41,48,43,-1,43,48,49,-1,50,51,52,-1,52,51,53,-1,54,55,56,-1,56,55,57,-1,58,57,59,-1,59,57,55,-1,51,58,53,-1,53,58,59,-1,60,61,62,-1,62,61,63,-1,64,61,65,-1,65,61,60,-1,66,64,67,-1,67,64,65,-1,66,67,68,-1,68,67,69,-1,70,71,72,-1,72,71,73,-1,74,71,75,-1,75,71,70,-1,76,74,77,-1,77,74,75,-1,76,77,78,-1,78,77,79,-1,80,81,82,-1,82,81,83,-1,84,81,85,-1,85,81,80,-1,86,84,87,-1,87,84,85,-1,86,87,88,-1,88,87,89,-1,90,91,92,-1,92,91,93,-1,94,91,95,-1,95,91,90,-1,96,94,97,-1,97,94,95,-1,96,97,98,-1,98,97,99,-1,100,101,102,-1,102,101,103,-1,104,101,105,-1,105,101,100,-1,106,104,107,-1,107,104,105,-1,106,107,108,-1,108,107,109,-1,110,111,112,-1,112,111,113,-1,114,111,115,-1,115,111,110,-1,116,114,117,-1,117,114,115,-1,116,117,118,-1,118,117,119,-1,
        ]
    }
}
Shape{
    appearance Appearance {
        material  Material 	{
            diffuseColor 0.20784313725490197 0.20784313725490197 0.20784313725490197
            specularColor 0.01568627450980392 0.01568627450980392 0.01568627450980392
            ambientIntensity 0.298
            transparency 0.0
            shininess 0.5
        }
    }
    geometry IndexedFaceSet {
        ccw TRUE
        solid FALSE
        coord DEF co Coordinate {
            point [
                -1.2303 0.5177 0.0394, -1.227 0.4922 -0.2165, -1.227 0.4922 0.0394, -1.2171 0.4685 -0.2165, -1.2171 0.4685 0.0394, -1.2015 0.4481 -0.2165, -1.2015 0.4481 0.0394, -1.1811 0.4325 -0.2165, -1.1811 0.4325 0.0394, -1.1574 0.4226 -0.2165, -1.1574 0.4226 0.0394, -1.1319 0.4193 -0.2165, -1.1319 0.4193 0.0394, -1.1064 0.4226 -0.2165, -1.1064 0.4226 0.0394, -1.0827 0.4325 -0.2165, -1.0827 0.4325 0.0394, -1.0623 0.4481 -0.2165, -1.0623 0.4481 0.0394, -1.0467 0.4685 -0.2165, -1.0467 0.4685 0.0394, -1.0368 0.4922 -0.2165, -1.0368 0.4922 0.0394, -1.0335 0.5177 -0.2165, -1.0335 0.5177 0.0394, -1.0368 0.5432 -0.2165, -1.0368 0.5432 0.0394, -1.0467 0.5669 -0.2165, -1.0467 0.5669 0.0394, -1.0623 0.5873 -0.2165, -1.0623 0.5873 0.0394, -1.0827 0.603 -0.2165, -1.0827 0.603 0.0394, -1.1064 0.6128 -0.2165, -1.1064 0.6128 0.0394, -1.1319 0.6161 -0.2165, -1.1319 0.6161 0.0394, -1.1574 0.6128 -0.2165, -1.1574 0.6128 0.0394, -1.1811 0.603 -0.2165, -1.1811 0.603 0.0394, -1.2015 0.5873 -0.2165, -1.2015 0.5873 0.0394, -1.2171 0.5669 -0.2165, -1.2171 0.5669 0.0394, -1.227 0.5432 -0.2165, -1.227 0.5432 0.0394, -1.2303 0.5177 -0.2165, -1.1614 0.5689 -0.2559, -1.1472 0.5748 -0.2559, -1.1319 0.5177 -0.2559, -1.1319 0.5768 -0.2559, -1.1166 0.5748 -0.2559, -1.1889 0.533 -0.2559, -1.183 0.5472 -0.2559, -1.1736 0.5595 -0.2559, -1.183 0.4882 -0.2559, -1.1889 0.5024 -0.2559, -1.1909 0.5177 -0.2559, -1.1472 0.4607 -0.2559, -1.1614 0.4666 -0.2559, -1.1736 0.476 -0.2559, -1.1024 0.4666 -0.2559, -1.1166 0.4607 -0.2559, -1.1319 0.4587 -0.2559, -1.0748 0.5024 -0.2559, -1.0807 0.4882 -0.2559, -1.0901 0.476 -0.2559, -1.0807 0.5472 -0.2559, -1.0748 0.533 -0.2559, -1.0728 0.5177 -0.2559, -1.1024 0.5689 -0.2559, -1.0901 0.5595 -0.2559, 1.2303 0.5177 0.0394, 1.227 0.5432 -0.2165, 1.227 0.5432 0.0394, 1.2171 0.5669 -0.2165, 1.2171 0.5669 0.0394, 1.2015 0.5873 -0.2165, 1.2015 0.5873 0.0394, 1.1811 0.603 -0.2165, 1.1811 0.603 0.0394, 1.1574 0.6128 -0.2165, 1.1574 0.6128 0.0394, 1.1319 0.6161 -0.2165, 1.1319 0.6161 0.0394, 1.1064 0.6128 -0.2165, 1.1064 0.6128 0.0394, 1.0827 0.603 -0.2165, 1.0827 0.603 0.0394, 1.0623 0.5873 -0.2165, 1.0623 0.5873 0.0394, 1.0467 0.5669 -0.2165, 1.0467 0.5669 0.0394, 1.0368 0.5432 -0.2165, 1.0368 0.5432 0.0394, 1.0335 0.5177 -0.2165, 1.0335 0.5177 0.0394, 1.0368 0.4922 -0.2165, 1.0368 0.4922 0.0394, 1.0467 0.4685 -0.2165, 1.0467 0.4685 0.0394, 1.0623 0.4481 -0.2165, 1.0623 0.4481 0.0394, 1.0827 0.4325 -0.2165, 1.0827 0.4325 0.0394, 1.1064 0.4226 -0.2165, 1.1064 0.4226 0.0394, 1.1319 0.4193 -0.2165, 1.1319 0.4193 0.0394, 1.1574 0.4226 -0.2165, 1.1574 0.4226 0.0394, 1.1811 0.4325 -0.2165, 1.1811 0.4325 0.0394, 1.2015 0.4481 -0.2165, 1.2015 0.4481 0.0394, 1.2171 0.4685 -0.2165, 1.2171 0.4685 0.0394, 1.227 0.4922 -0.2165, 1.227 0.4922 0.0394, 1.2303 0.5177 -0.2165, 1.1024 0.5689 -0.2559, 1.1166 0.5748 -0.2559, 1.1319 0.5177 -0.2559, 1.1319 0.5768 -0.2559, 1.1472 0.5748 -0.2559, 1.0748 0.533 -0.2559, 1.0807 0.5472 -0.2559, 1.0901 0.5595 -0.2559, 1.0807 0.4882 -0.2559, 1.0748 0.5024 -0.2559, 1.0728 0.5177 -0.2559, 1.1166 0.4607 -0.2559, 1.1024 0.4666 -0.2559, 1.0901 0.476 -0.2559, 1.1614 0.4666 -0.2559, 1.1472 0.4607 -0.2559, 1.1319 0.4587 -0.2559, 1.1889 0.5024 -0.2559, 1.183 0.4882 -0.2559, 1.1736 0.476 -0.2559, 1.183 0.5472 -0.2559, 1.1889 0.533 -0.2559, 1.1909 0.5177 -0.2559, 1.1614 0.5689 -0.2559, 1.1736 0.5595 -0.2559, -1.6417 0.939 0.6811, -1.7598 0.939 0.6811, -1.7598 0.939 1.0984, -1.1673 0.939 0.0591, -1.3248 0.939 0.0591, -1.1496 0.939 0.8701, 1.6417 0.939 0.0394, 1.3248 0.939 0.0394, 1.3248 0.939 0.0591, -1.3248 0.939 0.0394, -1.6417 0.939 0.0394, -1.4812 0.939 1.0984, -1.43 0.939 1.1283, -1.1496 0.939 1.1654, -1.2677 0.939 1.1654, -1.3509 0.939 1.156, 1.1496 0.939 0.8701, 1.1496 0.939 1.1654, 1.6417 0.939 0.6811, 1.2677 0.939 1.1654, 1.7598 0.939 1.0984, 1.7598 0.939 0.6811, 1.4812 0.939 1.0984, 1.1673 0.939 0.0591, -0.4907 0.939 1.1575, 0.4907 0.939 1.1575, 1.0075 0.939 0.8701, 0.8524 0.939 0.0591, 0.8524 0.939 0.0394, 0.7283 0.939 0.0394, 1.3509 0.939 1.156, 1.43 0.939 1.1283, 0.5091 0.939 1.1551, 0.5261 0.939 1.148, 0.7283 0.939 0.0591, 1.0098 0.939 0.0591, 1.0098 0.939 0.0394, 1.1673 0.939 0.0394, 0.6496 0.939 0.0394, 0.5315 0.939 0.0394, 0.6496 0.939 0.0591, 0.5315 0.939 0.0591, 0.4528 0.939 0.0394, 0.3346 0.939 0.0394, 0.4528 0.939 0.0591, 0.3346 0.939 0.0591, -0.5091 0.939 1.1551, -0.5261 0.939 1.148, 0.2559 0.939 0.0394, 0.1378 0.939 0.0394, 0.2559 0.939 0.0591, 0.1378 0.939 0.0591, 0.0591 0.939 0.0591, 0.0591 0.939 0.0394, -0.0591 0.939 0.0394, -0.0591 0.939 0.0591, -1.0075 0.939 0.8701, -0.1378 0.939 0.0394, -0.2559 0.939 0.0394, -0.1378 0.939 0.0591, -0.2559 0.939 0.0591, -0.3346 0.939 0.0591, -0.5315 0.939 0.0591, -0.5315 0.939 0.0394, -0.6496 0.939 0.0394, -0.6496 0.939 0.0591, -0.7283 0.939 0.0591, -0.4528 0.939 0.0591, -0.4528 0.939 0.0394, -0.3346 0.939 0.0394, -0.7283 0.939 0.0394, -0.8524 0.939 0.0394, -0.8524 0.939 0.0591, -1.0098 0.939 0.0591, -1.0098 0.939 0.0394, -1.1673 0.939 0.0394
            ]
        }
        coordIndex [
            0,1,2,-1,2,1,3,-1,2,3,4,-1,4,3,5,-1,4,5,6,-1,6,5,7,-1,6,7,8,-1,8,7,9,-1,8,9,10,-1,10,9,11,-1,10,11,12,-1,12,11,13,-1,12,13,14,-1,14,13,15,-1,14,15,16,-1,16,15,17,-1,16,17,18,-1,18,17,19,-1,18,19,20,-1,20,19,21,-1,20,21,22,-1,22,21,23,-1,22,23,24,-1,24,23,25,-1,24,25,26,-1,26,25,27,-1,26,27,28,-1,28,27,29,-1,28,29,30,-1,30,29,31,-1,30,31,32,-1,32,31,33,-1,32,33,34,-1,34,33,35,-1,34,35,36,-1,36,35,37,-1,36,37,38,-1,38,37,39,-1,38,39,40,-1,40,39,41,-1,40,41,42,-1,42,41,43,-1,42,43,44,-1,44,43,45,-1,44,45,46,-1,46,45,47,-1,46,47,0,-1,0,47,1,-1,48,49,50,-1,50,49,51,-1,50,51,52,-1,53,54,50,-1,50,54,55,-1,50,55,48,-1,56,57,50,-1,50,57,58,-1,50,58,53,-1,59,60,50,-1,50,60,61,-1,50,61,56,-1,62,63,50,-1,50,63,64,-1,50,64,59,-1,65,66,50,-1,50,66,67,-1,50,67,62,-1,68,69,50,-1,50,69,70,-1,50,70,65,-1,52,71,50,-1,50,71,72,-1,50,72,68,-1,11,63,13,-1,13,63,62,-1,13,62,15,-1,15,62,67,-1,15,67,17,-1,17,67,66,-1,17,66,19,-1,19,66,65,-1,19,65,21,-1,21,65,70,-1,21,70,23,-1,23,70,69,-1,23,69,25,-1,25,69,68,-1,25,68,27,-1,27,68,72,-1,27,72,29,-1,29,72,71,-1,29,71,31,-1,31,71,52,-1,31,52,33,-1,33,52,51,-1,33,51,35,-1,35,51,49,-1,35,49,37,-1,37,49,48,-1,37,48,39,-1,39,48,55,-1,39,55,41,-1,41,55,54,-1,41,54,43,-1,43,54,53,-1,43,53,45,-1,45,53,58,-1,45,58,47,-1,47,58,57,-1,47,57,1,-1,1,57,56,-1,1,56,3,-1,3,56,61,-1,3,61,5,-1,5,61,60,-1,5,60,7,-1,7,60,59,-1,7,59,9,-1,9,59,64,-1,9,64,11,-1,11,64,63,-1,73,74,75,-1,75,74,76,-1,75,76,77,-1,77,76,78,-1,77,78,79,-1,79,78,80,-1,79,80,81,-1,81,80,82,-1,81,82,83,-1,83,82,84,-1,83,84,85,-1,85,84,86,-1,85,86,87,-1,87,86,88,-1,87,88,89,-1,89,88,90,-1,89,90,91,-1,91,90,92,-1,91,92,93,-1,93,92,94,-1,93,94,95,-1,95,94,96,-1,95,96,97,-1,97,96,98,-1,97,98,99,-1,99,98,100,-1,99,100,101,-1,101,100,102,-1,101,102,103,-1,103,102,104,-1,103,104,105,-1,105,104,106,-1,105,106,107,-1,107,106,108,-1,107,108,109,-1,109,108,110,-1,109,110,111,-1,111,110,112,-1,111,112,113,-1,113,112,114,-1,113,114,115,-1,115,114,116,-1,115,116,117,-1,117,116,118,-1,117,118,119,-1,119,118,120,-1,119,120,73,-1,73,120,74,-1,121,122,123,-1,123,122,124,-1,123,124,125,-1,126,127,123,-1,123,127,128,-1,123,128,121,-1,129,130,123,-1,123,130,131,-1,123,131,126,-1,132,133,123,-1,123,133,134,-1,123,134,129,-1,135,136,123,-1,123,136,137,-1,123,137,132,-1,138,139,123,-1,123,139,140,-1,123,140,135,-1,141,142,123,-1,123,142,143,-1,123,143,138,-1,125,144,123,-1,123,144,145,-1,123,145,141,-1,108,136,110,-1,110,136,135,-1,110,135,112,-1,112,135,140,-1,112,140,114,-1,114,140,139,-1,114,139,116,-1,116,139,138,-1,116,138,118,-1,118,138,143,-1,118,143,120,-1,120,143,142,-1,120,142,74,-1,74,142,141,-1,74,141,76,-1,76,141,145,-1,76,145,78,-1,78,145,144,-1,78,144,80,-1,80,144,125,-1,80,125,82,-1,82,125,124,-1,82,124,84,-1,84,124,122,-1,84,122,86,-1,86,122,121,-1,86,121,88,-1,88,121,128,-1,88,128,90,-1,90,128,127,-1,90,127,92,-1,92,127,126,-1,92,126,94,-1,94,126,131,-1,94,131,96,-1,96,131,130,-1,96,130,98,-1,98,130,129,-1,98,129,100,-1,100,129,134,-1,100,134,102,-1,102,134,133,-1,102,133,104,-1,104,133,132,-1,104,132,106,-1,106,132,137,-1,106,137,108,-1,108,137,136,-1,146,147,148,-1,149,150,151,-1,152,153,154,-1,155,156,150,-1,150,156,146,-1,146,148,150,-1,150,148,157,-1,150,157,158,-1,159,151,160,-1,160,151,150,-1,160,150,161,-1,161,150,158,-1,162,163,164,-1,164,163,165,-1,166,167,168,-1,168,167,164,-1,169,170,171,-1,169,172,154,-1,154,172,162,-1,154,162,152,-1,152,162,164,-1,173,174,175,-1,165,176,164,-1,164,176,177,-1,164,177,168,-1,171,178,169,-1,169,178,179,-1,169,179,172,-1,175,180,173,-1,173,180,170,-1,173,170,181,-1,181,170,169,-1,181,169,182,-1,182,169,183,-1,184,185,186,-1,186,185,187,-1,188,189,190,-1,190,189,191,-1,180,186,170,-1,170,186,187,-1,170,187,192,-1,192,187,190,-1,192,190,193,-1,193,190,191,-1,194,195,196,-1,196,195,197,-1,198,199,200,-1,200,201,198,-1,198,201,202,-1,198,202,197,-1,197,202,193,-1,197,193,196,-1,196,193,191,-1,203,204,205,-1,205,204,206,-1,207,151,206,-1,206,151,202,-1,206,202,205,-1,205,202,201,-1,208,209,210,-1,211,212,151,-1,210,211,208,-1,208,211,151,-1,208,151,213,-1,213,151,207,-1,213,207,214,-1,214,207,215,-1,216,217,212,-1,212,217,218,-1,212,218,151,-1,151,218,219,-1,151,219,149,-1,149,219,220,-1,149,220,221,-1,
        ]
    }
}
Shape{
    appearance Appearance {
        material  Material 	{
            diffuseColor 0.6666666666666666 0.6666666666666666 0.6666666666666666
            specularColor 0.4666666666666667 0.4666666666666667 0.4666666666666667
            ambientIntensity 0.6667
            transparency 0.0
            shininess 0.5
        }
    }
    geometry IndexedFaceSet {
        ccw TRUE
        solid FALSE
        coord DEF co Coordinate {
            point [
                0.1631 0.5346 1.2835, 0.181 0.5346 1.2835, 0.181 0.5507 1.2835, 0.103 0.4779 1.2835, 0.1009 0.4776 1.2835, 0.1149 0.4776 1.2835, -1.189 0.9114 1.2835, -1.2677 0.9114 1.2835, -1.2677 0.7754 1.2835, 1.0997 0.4783 1.2835, 1.0991 0.4776 1.2835, 1.2677 0.4776 1.2835, 0.4724 0.4495 1.2835, 0.465 0.4553 1.2835, 0.1988 0.4553 1.2835, 0.4561 0.462 1.2835, 0.4442 0.4776 1.2835, 0.1988 0.4776 1.2835, 0.1227 0.5742 1.2835, 0.1227 0.5677 1.2835, 0.1281 0.5507 1.2835, 0.1149 0.5507 1.2835, 0.1215 0.6177 1.2835, 0.1281 0.6247 1.2835, 0.1215 0.6242 1.2835, 0.1149 0.6247 1.2835, 0.1149 0.6242 1.2835, 0.0997 0.5932 1.2835, 0.0997 0.5742 1.2835, 0.1149 0.5932 1.2835, 0.1149 0.5742 1.2835, 0.1199 0.5932 1.2835, 0.1199 0.5996 1.2835, 0.0997 0.6177 1.2835, 0.0997 0.5996 1.2835, 0.1149 0.6177 1.2835, 0.1149 0.5996 1.2835, 0.1149 0.5677 1.2835, 0.0924 0.5677 1.2835, 0.0891 0.5507 1.2835, 0.0924 0.6242 1.2835, 0.0891 0.6247 1.2835, 0.1906 0.5677 1.2835, 0.1825 0.5677 1.2835, 0.196 0.5832 1.2835, 0.1988 0.5507 1.2835, 0.2333 0.5677 1.2835, 0.2253 0.5677 1.2835, 0.1988 0.6104 1.2835, 0.204 0.6242 1.2835, 0.1988 0.6247 1.2835, 0.2118 0.6242 1.2835, 0.1988 0.5832 1.2835, 0.2195 0.5832 1.2835, 0.4331 0.5507 1.2835, 0.4331 0.5768 1.2835, 0.4357 0.597 1.2835, 0.0735 0.6247 1.2835, 0.0755 0.6245 1.2835, 0.0811 0.6228 1.2835, 0.0811 0.6152 1.2835, 0.0694 0.5734 1.2835, 0.0757 0.5746 1.2835, 0.0464 0.5948 1.2835, 0.0811 0.577 1.2835, 0.0464 0.5953 1.2835, 0.0515 0.6113 1.2835, 0.0489 0.6073 1.2835, 0.0471 0.6022 1.2835, 0.0473 0.5879 1.2835, 0.0491 0.5833 1.2835, 0.052 0.5792 1.2835, 0.0811 0.5701 1.2835, 0.0801 0.5696 1.2835, 0.0558 0.5682 1.2835, 0.0505 0.5707 1.2835, 0.0413 0.5507 1.2835, 0.046 0.5745 1.2835, 0.0455 0.5751 1.2835, 0.08 0.6158 1.2835, 0.0742 0.6178 1.2835, 0.053 0.5781 1.2835, 0.0567 0.5755 1.2835, 0.0678 0.6186 1.2835, 0.0653 0.6184 1.2835, 0.0604 0.6174 1.2835, 0.0607 0.574 1.2835, 0.0665 0.5733 1.2835, 0.074 0.5676 1.2835, 0.0654 0.5668 1.2835, 0.0619 0.5669 1.2835, 0.056 0.6153 1.2835, 0.0524 0.6123 1.2835, 0.0682 0.6251 1.2835, 0.0891 0.7754 1.2835, 0.0677 0.6251 1.2835, 0.0413 0.7754 1.2835, 0.063 0.6247 1.2835, 0.0413 0.6247 1.2835, 0.0546 0.6224 1.2835, 0.0607 0.6244 1.2835, 0.0431 0.6119 1.2835, 0.0469 0.6168 1.2835, 0.0489 0.6187 1.2835, 0.0421 0.5799 1.2835, 0.0413 0.5821 1.2835, 0.0379 0.5507 1.2835, 0.0379 0.6247 1.2835, 0.0403 0.6057 1.2835, 0.0413 0.6079 1.2835, 0.0399 0.5858 1.2835, 0.0388 0.5949 1.2835, 0.0389 0.5984 1.2835, 0.181 0.6247 1.2835, 0.1593 0.6247 1.2835, 0.1593 0.6229 1.2835, 0.1792 0.5927 1.2835, 0.1777 0.5861 1.2835, 0.1656 0.6204 1.2835, 0.1709 0.6167 1.2835, 0.1734 0.6142 1.2835, 0.1749 0.5803 1.2835, 0.1709 0.5756 1.2835, 0.1703 0.5751 1.2835, 0.1767 0.6091 1.2835, 0.1787 0.6035 1.2835, 0.1794 0.5967 1.2835, 0.1649 0.5713 1.2835, 0.1593 0.5692 1.2835, 0.1593 0.5507 1.2835, 0.1584 0.5688 1.2835, 0.1489 0.5677 1.2835, 0.1334 0.5677 1.2835, 0.1334 0.6242 1.2835, 0.1495 0.6242 1.2835, 0.1589 0.6231 1.2835, 0.0453 0.4953 1.2835, 0.0467 0.4973 1.2835, 0.0478 0.5088 1.2835, 0.0631 0.4786 1.2835, 0.0605 0.4776 1.2835, 0.0692 0.4781 1.2835, 0.0656 0.4803 1.2835, 0.0688 0.5181 1.2835, 0.087 0.5124 1.2835, 0.0883 0.5143 1.2835, 0.0634 0.5134 1.2835, 0.061 0.5136 1.2835, 0.0572 0.5021 1.2835, 0.0497 0.4787 1.2835, 0.0413 0.4776 1.2835, 0.0524 0.4777 1.2835, 0.0525 0.4776 1.2835, 0.045 0.4833 1.2835, 0.0442 0.4857 1.2835, 0.0438 0.4889 1.2835, 0.0488 0.4992 1.2835, 0.0518 0.5008 1.2835, 0.0527 0.5118 1.2835, 0.0571 0.5133 1.2835, 0.0473 0.4803 1.2835, 0.0465 0.4811 1.2835, 0.0712 0.5168 1.2835, 0.0731 0.515 1.2835, 0.0861 0.5101 1.2835, 0.0746 0.5127 1.2835, 0.0757 0.5095 1.2835, 0.0692 0.4844 1.2835, 0.069 0.4844 1.2835, 0.0679 0.4827 1.2835, 0.0438 0.4897 1.2835, 0.0443 0.4928 1.2835, 0.0658 0.519 1.2835, 0.0617 0.5194 1.2835, 0.0551 0.5187 1.2835, 0.0478 0.5156 1.2835, 0.0498 0.5167 1.2835, 0.089 0.5 1.2835, 0.0858 0.4868 1.2835, 0.0891 0.4999 1.2835, 0.0886 0.4851 1.2835, 0.0891 0.4849 1.2835, 0.0879 0.5012 1.2835, 0.087 0.5027 1.2835, 0.0762 0.5041 1.2835, 0.0862 0.5048 1.2835, 0.0859 0.5076 1.2835, 0.0692 0.5038 1.2835, 0.0689 0.5069 1.2835, 0.0682 0.5094 1.2835, 0.0674 0.5109 1.2835, 0.0663 0.512 1.2835, 0.065 0.5128 1.2835, 0.0566 0.4772 1.2835, 0.0413 0.4553 1.2835, 0.0603 0.4776 1.2835, 0.0891 0.4553 1.2835, 0.4907 0.6526 1.2835, 0.4907 0.7754 1.2835, 0.4719 0.6447 1.2835, 0.1988 0.7754 1.2835, 0.4558 0.6321 1.2835, 0.4501 0.6247 1.2835, 0.2613 0.4781 1.2835, 0.2533 0.4781 1.2835, 0.296 0.4781 1.2835, 0.2903 0.4936 1.2835, 0.2667 0.4936 1.2835, 0.3041 0.4781 1.2835, 0.2826 0.5346 1.2835, 0.2748 0.5346 1.2835, 0.4436 0.4783 1.2835, 0.4358 0.4973 1.2835, 0.4331 0.5177 1.2835, 0.2041 0.5346 1.2835, 0.2041 0.4781 1.2835, 0.2197 0.4781 1.2835, 0.2291 0.4793 1.2835, 0.2356 0.4817 1.2835, 0.2202 0.5346 1.2835, 0.2296 0.5335 1.2835, 0.2363 0.5308 1.2835, 0.2416 0.5271 1.2835, 0.2441 0.5246 1.2835, 0.2475 0.5195 1.2835, 0.2494 0.5139 1.2835, 0.2456 0.4907 1.2835, 0.2416 0.486 1.2835, 0.241 0.4855 1.2835, 0.2501 0.5071 1.2835, 0.2499 0.5031 1.2835, 0.2485 0.4965 1.2835, 0.5118 0.439 1.2835, 0.4914 0.4417 1.2835, 0.1988 -1.9547 1.2835, 1.0315 0.439 1.2835, 1.2677 -1.9547 1.2835, 1.0519 0.4417 1.2835, 1.2677 0.4553 1.2835, 1.0872 0.462 1.2835, 1.0783 0.4553 1.2835, 1.0709 0.4495 1.2835, 1.1102 0.5507 1.2835, 1.1102 0.5177 1.2835, 1.1076 0.4973 1.2835, 1.1102 0.8327 1.2835, 1.1102 0.7754 1.2835, 1.2677 0.7754 1.2835, 1.1102 0.6247 1.2835, 1.2677 0.6247 1.2835, 1.2677 0.5507 1.2835, 1.2677 0.9114 1.2835, 1.189 0.9114 1.2835, 1.1686 0.9087 1.2835, 1.1496 0.9009 1.2835, 1.1333 0.8884 1.2835, 1.1208 0.872 1.2835, 1.1129 0.8531 1.2835, -1.1686 0.9087 1.2835, -1.1129 0.8531 1.2835, -1.1208 0.872 1.2835, -1.1333 0.8884 1.2835, -1.1496 0.9009 1.2835, -1.2677 0.5507 1.2835, -1.1102 0.6247 1.2835, -1.2677 0.6247 1.2835, -1.1102 0.7754 1.2835, -1.1102 0.8327 1.2835, -1.2677 0.4776 1.2835, -1.0991 0.4776 1.2835, -1.0997 0.4783 1.2835, -1.1076 0.4973 1.2835, -1.1102 0.5177 1.2835, -1.1102 0.5507 1.2835, -1.0872 0.462 1.2835, -1.2677 0.4553 1.2835, -1.0783 0.4553 1.2835, -1.0709 0.4495 1.2835, -1.2677 -1.9547 1.2835, -1.0519 0.4417 1.2835, -0.0164 -1.9547 1.2835, -0.0164 0.4553 1.2835, -0.192 0.4553 1.2835, -0.4724 0.4495 1.2835, -0.4914 0.4417 1.2835, -0.5118 0.439 1.2835, -0.7817 -1.9547 1.2835, -0.7817 0.439 1.2835, -1.0315 0.439 1.2835, -0.1989 0.4526 1.2835, -0.2086 0.4514 1.2835, -0.2101 0.4514 1.2835, -0.2196 0.4529 1.2835, -0.2252 0.4553 1.2835, -0.2289 0.4568 1.2835, -0.4561 0.462 1.2835, -0.465 0.4553 1.2835, -0.2367 0.4627 1.2835, -0.2427 0.4701 1.2835, -0.4442 0.4776 1.2835, -0.2463 0.4776 1.2835, -0.4436 0.4783 1.2835, -0.4358 0.4973 1.2835, -0.2664 0.4873 1.2835, -0.2789 0.498 1.2835, -0.2519 0.4803 1.2835, -0.2468 0.4787 1.2835, -0.2938 0.526 1.2835, -0.2958 0.5418 1.2835, -0.4331 0.5507 1.2835, -0.288 0.5111 1.2835, -0.4331 0.5177 1.2835, -0.4501 0.6247 1.2835, -0.4435 0.6159 1.2835, -0.2022 0.6247 1.2835, -0.4357 0.597 1.2835, -0.2038 0.6237 1.2835, -0.2465 0.6049 1.2835, -0.2307 0.6068 1.2835, -0.2132 0.6156 1.2835, -0.2261 0.6066 1.2835, -0.2215 0.606 1.2835, -0.2956 0.5456 1.2835, -0.2947 0.5507 1.2835, -0.4331 0.5768 1.2835, -0.293 0.5607 1.2835, -0.2866 0.5751 1.2835, -0.2769 0.5875 1.2835, -0.2742 0.5901 1.2835, -0.2614 0.5991 1.2835, -0.4558 0.6321 1.2835, -0.0164 0.7754 1.2835, -0.4719 0.6447 1.2835, -0.4907 0.7754 1.2835, -0.4907 0.6526 1.2835, -0.1556 0.6393 1.2835, -0.1391 0.6376 1.2835, -0.194 0.6298 1.2835, -0.1755 0.6369 1.2835, 0.1481 0.5185 1.2835, 0.1555 0.5185 1.2835, 0.1593 0.4776 1.2835, 0.1352 0.4881 1.2835, 0.1361 0.4848 1.2835, 0.1363 0.4848 1.2835, 0.1281 0.5086 1.2835, 0.1371 0.4881 1.2835, 0.1366 0.4862 1.2835, 0.1168 0.5185 1.2835, 0.1281 0.4896 1.2835, 0.1247 0.5185 1.2835, 0.1281 0.4776 1.2835, 0.1323 0.4776 1.2835, 0.1326 0.4782 1.2835, 0.1281 0.4683 1.2835, 0.1281 0.4683 1.2835, 0.1295 0.4709 1.2835, 0.1149 0.4553 1.2835, 0.1182 0.4597 1.2835, 0.1182 0.466 1.2835, 0.1222 0.4652 1.2835, 0.1239 0.4654 1.2835, 0.1281 0.4604 1.2835, 0.1256 0.4594 1.2835, 0.1281 0.4553 1.2835, 0.1228 0.4591 1.2835, 0.1212 0.4592 1.2835, 0.1255 0.466 1.2835, 0.1268 0.4669 1.2835, 0.1372 0.472 1.2835, 0.134 0.4658 1.2835, 0.1593 0.4553 1.2835, 0.1394 0.4776 1.2835, 0.1314 0.4627 1.2835, 0.1309 0.4622 1.2835, 0.1284 0.4605 1.2835, 0.092 0.5172 1.2835, 0.0958 0.5187 1.2835, 0.1107 0.4958 1.2835, 0.112 0.4938 1.2835, 0.1111 0.5107 1.2835, 0.0904 0.5162 1.2835, 0.0891 0.515 1.2835, 0.1128 0.4917 1.2835, 0.1131 0.4891 1.2835, 0.1127 0.4862 1.2835, 0.1119 0.484 1.2835, 0.1105 0.4821 1.2835, 0.1016 0.5194 1.2835, 0.1111 0.5176 1.2835, 0.1057 0.5191 1.2835, 0.1085 0.4804 1.2835, 0.1067 0.4793 1.2835, 0.1009 0.5136 1.2835, 0.0988 0.5135 1.2835, 0.0932 0.5082 1.2835, 0.0969 0.513 1.2835, 0.0953 0.5121 1.2835, 0.0932 0.5073 1.2835, 0.0935 0.5062 1.2835, 0.094 0.5052 1.2835, 0.0947 0.5045 1.2835, 0.0972 0.5029 1.2835, 0.1055 0.5131 1.2835, 0.1016 0.501 1.2835, 0.1095 0.5116 1.2835, 0.1043 0.4999 1.2835, 0.109 0.4973 1.2835, 0.0942 0.5112 1.2835, 0.0936 0.5103 1.2835, 0.0933 0.5093 1.2835, 0.093 0.4835 1.2835, 0.0966 0.4958 1.2835, 0.0924 0.4978 1.2835, 0.0975 0.4829 1.2835, 0.0978 0.4829 1.2835, 0.1012 0.4939 1.2835, 0.1014 0.4833 1.2835, 0.1058 0.4884 1.2835, 0.1057 0.4893 1.2835, 0.1032 0.484 1.2835, 0.1039 0.4844 1.2835, 0.1047 0.4851 1.2835, 0.1053 0.486 1.2835, 0.1057 0.487 1.2835, 0.1054 0.4904 1.2835, 0.1049 0.4913 1.2835, 0.104 0.4922 1.2835, 0.0858 0.4795 1.2835, 0.0762 0.4781 1.2835, 0.0891 0.4784 1.2835, 0.0891 0.4776 1.2835, 0.0909 0.4778 1.2835, 0.0921 0.4776 1.2835, 0.0968 0.4772 1.2835, 0.1197 0.4655 1.2835, -0.1189 0.6305 1.2835, -0.1102 0.6247 1.2835, -0.0164 0.6247 1.2835, -0.101 0.6185 1.2835, -0.0877 0.6031 1.2835, -0.0428 0.5507 1.2835, -0.0164 0.5507 1.2835, -0.0463 0.5595 1.2835, -0.0545 0.571 1.2835, -0.0654 0.5802 1.2835, -0.0793 0.5867 1.2835, -0.0774 0.5861 1.2835, -0.0164 0.4776 1.2835, -0.171 0.4776 1.2835, -0.1711 0.4774 1.2835, -0.1758 0.4685 1.2835, -0.1819 0.4616 1.2835, -0.1899 0.4561 1.2835, -0.1197 0.5013 1.2835, -0.117 0.5024 1.2835, -0.1122 0.5253 1.2835, -0.0544 0.496 1.2835, -0.0653 0.4868 1.2835, -0.1785 0.5185 1.2835, -0.1247 0.5466 1.2835, -0.1855 0.5249 1.2835, -0.1941 0.5294 1.2835, -0.1222 0.4996 1.2835, -0.0464 0.5071 1.2835, -0.0647 0.5375 1.2835, -0.0666 0.5452 1.2835, -0.0697 0.5507 1.2835, -0.2695 0.5507 1.2835, -0.0414 0.5473 1.2835, -0.0396 0.5341 1.2835, -0.0414 0.5198 1.2835, -0.1139 0.5028 1.2835, -0.1135 0.5028 1.2835, -0.1123 0.5025 1.2835, -0.2671 0.5265 1.2835, -0.2623 0.5184 1.2835, -0.2419 0.5142 1.2835, -0.2551 0.511 1.2835, -0.2464 0.5056 1.2835, -0.2271 0.5275 1.2835, -0.2353 0.5218 1.2835, -0.2705 0.5426 1.2835, -0.27 0.5363 1.2835, -0.2182 0.5309 1.2835, -0.2086 0.5321 1.2835, -0.2038 0.5318 1.2835, -0.1263 0.4904 1.2835, -0.1262 0.492 1.2835, -0.1685 0.4956 1.2835, -0.1254 0.495 1.2835, -0.1239 0.4977 1.2835, -0.0726 0.5125 1.2835, -0.0682 0.5187 1.2835, -0.0654 0.5259 1.2835, -0.0645 0.5337 1.2835, -0.1169 0.4783 1.2835, -0.1196 0.4793 1.2835, -0.1222 0.4812 1.2835, -0.1231 0.4821 1.2835, -0.1249 0.4847 1.2835, -0.1259 0.4874 1.2835, -0.1687 0.4873 1.2835, -0.1685 0.4916 1.2835, -0.0776 0.4808 1.2835, -0.091 0.4779 1.2835, -0.1147 0.4779 1.2835, -0.1114 0.5024 1.2835, -0.0934 0.5024 1.2835, -0.0861 0.5038 1.2835, -0.079 0.5071 1.2835, -0.0731 0.512 1.2835, -0.1077 0.5893 1.2835, -0.1168 0.6001 1.2835, -0.209 0.5767 1.2835, -0.1177 0.6009 1.2835, -0.129 0.6087 1.2835, -0.2029 0.5894 1.2835, -0.2118 0.5782 1.2835, -0.2208 0.5815 1.2835, -0.0892 0.5644 1.2835, -0.0958 0.5651 1.2835, -0.099 0.5651 1.2835, -0.1015 0.5763 1.2835, -0.0705 0.5521 1.2835, -0.0758 0.5578 1.2835, -0.0821 0.5619 1.2835, -0.2445 0.5801 1.2835, -0.2534 0.5754 1.2835, -0.2346 0.5825 1.2835, -0.2602 0.5693 1.2835, -0.2658 0.5613 1.2835, -0.1939 0.6002 1.2835, -0.1416 0.6136 1.2835, -0.1831 0.608 1.2835, -0.1552 0.6153 1.2835, -0.17 0.6133 1.2835, -0.2303 0.5827 1.2835, -0.2693 0.5523 1.2835, 0.1922 0.5346 1.2835, 0.1922 0.5281 1.2835, 0.1935 0.4846 1.2835, 0.1935 0.4781 1.2835, 0.181 0.4776 1.2835, 0.1704 0.5036 1.2835, 0.1704 0.4846 1.2835, 0.181 0.5036 1.2835, 0.181 0.4846 1.2835, 0.1906 0.5036 1.2835, 0.1906 0.51 1.2835, 0.181 0.51 1.2835, 0.181 0.5281 1.2835, 0.1704 0.51 1.2835, 0.1704 0.5281 1.2835, 0.181 0.4781 1.2835, 0.1631 0.4781 1.2835, 0.181 0.4553 1.2835, 0.4435 0.6159 1.2835, 0.181 0.7754 1.2835, 0.1593 0.7754 1.2835, 0.1281 0.7754 1.2835, 0.1149 0.7754 1.2835, 0.181 -1.9547 1.2835, 0.1593 -1.9547 1.2835, 0.1281 -1.9547 1.2835, 0.1149 -1.9547 1.2835, 0.0891 -1.9547 1.2835, 0.0413 -1.9547 1.2835, 0.0379 -1.9547 1.2835, 0.0379 0.4553 1.2835, 0.0379 0.4776 1.2835, 0.0371 0.4846 1.2835, 0.0371 0.4781 1.2835, 0.0067 0.4781 1.2835, 0.0358 0.5281 1.2835, 0.0067 0.5346 1.2835, 0.0358 0.5346 1.2835, 0.014 0.5036 1.2835, 0.014 0.4846 1.2835, 0.0342 0.5036 1.2835, 0.0342 0.51 1.2835, 0.014 0.51 1.2835, 0.014 0.5281 1.2835, 0.014 0.6242 1.2835, 0.014 0.5742 1.2835, 0.0365 0.5742 1.2835, 0.0067 0.5677 1.2835, 0.0067 0.6242 1.2835, 0.0365 0.5677 1.2835, 0.0379 0.7754 1.2835, 0.4907 0.9114 1.2835, 0.1988 0.9114 1.2835, 0.181 0.9114 1.2835, 0.1593 0.9114 1.2835, 0.1281 0.9114 1.2835, 0.1149 0.9114 1.2835, 0.0891 0.9114 1.2835, 0.0413 0.9114 1.2835, 0.0379 0.9114 1.2835, -0.0164 0.9114 1.2835, -0.4907 0.9114 1.2835, -1.7598 0.4397 0.5288, -1.7598 0.4193 0.5315, -1.7598 0.6464 0.7126, -1.7598 0.4953 0.4731, -1.7598 0.4875 0.4921, -1.7598 0.6752 0.6838, -1.7598 -1.2461 0.5315, -1.7598 -1.9547 0.5315, -1.7598 -1.2434 0.5519, -1.7598 -1.9547 0.7913, -1.7598 0.6358 0.7913, -1.7598 -0.6392 0.5872, -1.7598 -0.6555 0.5997, -1.7598 -1.0991 0.5709, -1.7598 -1.1116 0.5872, -1.7598 -0.7709 0.5519, -1.7598 -1.1877 0.6076, -1.7598 -1.2067 0.5997, -1.7598 0.6385 0.7316, -1.7598 -0.6161 0.5315, -1.7598 0.6358 0.752, -1.7598 -0.6188 0.5519, -1.7598 -0.6267 0.5709, -1.7598 0.6589 0.6963, -1.7598 0.475 0.5084, -1.7598 0.4587 0.5209, -1.7598 -0.7343 0.5997, -1.7598 -0.7506 0.5872, -1.7598 -0.7631 0.5709, -1.7598 0.6555 -0.3543, -1.7598 0.7146 0.6732, -1.7598 0.8524 0.6732, -1.7598 -1.223 0.5872, -1.7598 -1.2355 0.5709, -1.7598 0.91 -0.2756, -1.7598 0.885 -0.3082, -1.7598 0.8524 -0.3332, -1.7598 -0.6745 0.6076, -1.7598 -0.6949 0.6102, -1.7598 -0.7153 0.6076, -1.7598 -1.128 0.5997, -1.7598 -1.1469 0.6076, -1.7598 -1.1673 0.6102, -1.7598 0.6148 -0.349, -1.7598 0.5768 -0.3332, -1.7598 0.5442 -0.3082, -1.7598 0.5191 -0.2756, -1.7598 0.5034 -0.2376, -1.7598 0.6942 0.6759, -1.7598 0.498 -0.1968, -1.7598 0.498 0.4528, -1.7598 0.8144 -0.349, -1.7598 0.7736 -0.3543, -1.7598 0.9311 -0.1968, -1.7598 0.9311 0.5945, -1.7598 0.9284 0.6149, -1.7598 0.9257 -0.2376, -1.7598 0.8727 0.6705, -1.7598 0.8917 0.6627, -1.7598 0.9206 0.6339, -1.7598 0.908 0.6502, -1.7598 -1.0675 -0.2756, -1.7598 -0.7736 -0.1968, -1.7598 -0.779 -0.2376, -1.7598 -1.0832 -0.2376, -1.7598 -1.0886 -0.1968, -1.7598 -0.7736 0.5315, -1.7598 -1.0886 0.5315, -1.7598 -1.0913 0.5519, -1.7598 -0.7947 -0.2756, -1.7598 -1.0098 -0.3332, -1.7598 -1.0425 -0.3082, -1.7598 -0.8197 -0.3082, -1.7598 -0.8524 -0.3332, -1.7598 -0.9719 -0.349, -1.7598 -0.8903 -0.349, -1.7598 -0.9311 -0.3543, -1.6417 -1.9547 0.5315, -1.6417 -1.2461 0.5315, -1.6417 -1.9547 0.7913, -1.6417 -1.2434 0.5519, -1.6417 -1.2355 0.5709, -1.6417 -0.7709 0.5519, -1.6417 -0.7631 0.5709, -1.6417 -0.7506 0.5872, -1.6417 -0.7343 0.5997, -1.6417 0.6148 -0.349, -1.6417 0.6555 -0.3543, -1.6417 0.7146 0.6732, -1.6417 -1.223 0.5872, -1.6417 -1.2067 0.5997, -1.6417 -1.1877 0.6076, -1.6417 -1.1116 0.5872, -1.6417 -1.0991 0.5709, -1.6417 -1.0913 0.5519, -1.6417 -1.0886 0.5315, -1.6417 -0.7736 0.5315, -1.6417 -0.6555 0.5997, -1.6417 -0.6392 0.5872, -1.6417 0.6358 0.7913, -1.6417 -0.6267 0.5709, -1.6417 -0.6188 0.5519, -1.6417 0.8524 0.6732, -1.6417 -1.1673 0.6102, -1.6417 -1.1469 0.6076, -1.6417 -1.128 0.5997, -1.6417 -0.779 -0.2376, -1.6417 -0.7736 -0.1968, -1.6417 -1.0675 -0.2756, -1.6417 -0.7153 0.6076, -1.6417 -0.6949 0.6102, -1.6417 -0.6745 0.6076, -1.6417 0.4875 0.4921, -1.6417 0.6752 0.6838, -1.6417 0.475 0.5084, -1.6417 0.6589 0.6963, -1.6417 0.4587 0.5209, -1.6417 0.6464 0.7126, -1.6417 0.4397 0.5288, -1.6417 0.4193 0.5315, -1.6417 -1.0832 -0.2376, -1.6417 -0.6161 0.5315, -1.6417 0.6385 0.7316, -1.6417 0.6358 0.752, -1.6417 0.8144 -0.349, -1.6417 0.8524 -0.3332, -1.6417 0.9311 -0.1968, -1.6417 0.4953 0.4731, -1.6417 0.498 0.4528, -1.6417 0.6942 0.6759, -1.6417 0.498 -0.1968, -1.6417 0.5034 -0.2376, -1.6417 0.5191 -0.2756, -1.6417 -1.0886 -0.1968, -1.6417 0.7736 -0.3543, -1.6417 0.5442 -0.3082, -1.6417 0.5768 -0.3332, -1.6417 0.885 -0.3082, -1.6417 0.91 -0.2756, -1.6417 0.9257 -0.2376, -1.6417 0.908 0.6502, -1.6417 0.8917 0.6627, -1.6417 0.9206 0.6339, -1.6417 0.9284 0.6149, -1.6417 0.9311 0.5945, -1.6417 0.8727 0.6705, -1.6417 -0.9311 -0.3543, -1.6417 -0.8903 -0.349, -1.6417 -0.8524 -0.3332, -1.6417 -1.0425 -0.3082, -1.6417 -1.0098 -0.3332, -1.6417 -0.7947 -0.2756, -1.6417 -0.8197 -0.3082, -1.6417 -0.9719 -0.349, 0.4331 0.5768 1.1654, 0.4331 0.5177 1.1654, 1.3509 0.9114 1.156, 1.456 0.9114 1.246, 1.3875 0.9114 1.1457, 1.5411 0.9114 1.2005, 1.6092 0.9114 1.1457, 1.189 0.9114 1.1654, 1.2677 0.9114 1.1654, 1.3637 0.9114 1.274, 1.7598 -1.2461 0.5315, 1.7598 -1.9547 0.5315, 1.7504 -1.9547 0.4355, 1.7504 -1.2461 0.4355, 1.7224 -1.9547 0.3432, 1.7224 -1.2461 0.3432, 1.6769 -1.9547 0.2581, 1.6769 -1.2461 0.2581, 1.6157 -1.9547 0.1835, 1.6157 -1.2461 0.1835, 1.5411 -1.9547 0.1223, 1.5411 -1.2461 0.1223, 1.456 -1.9547 0.0768, 1.456 -1.2461 0.0768, 1.3637 -1.9547 0.0488, 1.3637 -1.2461 0.0488, 1.2677 -1.9547 0.0394, 1.2677 -1.2461 0.0394, 1.2677 -1.2461 0.1575, 1.2677 -1.9547 0.1575, 1.3509 -1.2461 0.1669, 1.3509 -1.9547 0.1669, 1.43 -1.2461 0.1945, 1.43 -1.9547 0.1945, 1.5009 -1.2461 0.2391, 1.5009 -1.9547 0.2391, 1.5601 -1.2461 0.2983, 1.5601 -1.9547 0.2983, 1.6047 -1.2461 0.3692, 1.6047 -1.9547 0.3692, 1.6324 -1.2461 0.4483, 1.6324 -1.9547 0.4483, 1.6417 -1.2461 0.5315, 1.6417 -1.9547 0.5315, 1.7564 0.3432 0.4731, 1.7574 0.3466 0.4829, 1.7598 -0.6161 0.5315, 1.7504 0.3406 0.4355, 1.7535 0.3406 0.4528, 1.7551 0.3412 0.463, 1.7583 0.3511 0.4921, 1.7589 0.3568 0.5007, 1.7593 0.3636 0.5084, 1.7596 0.3713 0.5152, 1.7597 0.3799 0.5209, 1.7598 0.3892 0.5255, 1.7598 0.3989 0.5288, 1.7598 0.409 0.5308, 1.7598 0.4193 0.5315, 1.7504 -0.6161 0.4355, 1.7224 -0.6161 0.3432, 1.7224 0.3406 0.3432, 1.6769 -0.6161 0.2581, 1.6769 0.3406 0.2581, 1.6157 -0.6161 0.1835, 1.6157 0.3406 0.1835, 1.5411 -0.6161 0.1223, 1.5411 0.3406 0.1223, 1.456 -0.6161 0.0768, 1.456 0.3406 0.0768, 1.3637 -0.6161 0.0488, 1.3637 0.3406 0.0488, 1.2677 -0.6161 0.0394, 1.2677 0.3406 0.0394, -1.2677 -0.6161 0.0394, -1.2677 0.3406 0.0394, -0.9724 -0.6161 0.0394, -0.9521 -0.6188 0.0394, 0.9724 -0.6161 0.0394, 0.9521 -0.6188 0.0394, 0.9331 -0.6267 0.0394, 0.9168 -0.6392 0.0394, -0.9042 -0.6555 0.0394, -0.9168 -0.6392 0.0394, 0.9042 -0.6555 0.0394, -0.9331 -0.6267 0.0394, 0.9168 -1.223 0.0394, 0.9331 -1.2355 0.0394, -1.2677 -1.2461 0.0394, -0.9724 -1.2461 0.0394, -1.2677 -1.9547 0.0394, -0.9521 -1.2434 0.0394, -0.9331 -1.2355 0.0394, -0.9168 -1.223 0.0394, 0.9521 -1.2434 0.0394, 0.9724 -1.2461 0.0394, -0.9042 -1.2067 0.0394, -0.8964 -1.1877 0.0394, 0.9042 -1.2067 0.0394, 0.8964 -1.1877 0.0394, -0.8964 -0.6745 0.0394, 0.8964 -0.6745 0.0394, 0.8937 -0.6949 0.0394, 0.8937 -1.1673 0.0394, -0.8937 -1.1673 0.0394, -0.8937 -0.6949 0.0394, 1.6157 -1.9547 1.1393, 1.6595 0.6655 1.0891, 1.6522 0.6804 1.0985, 1.6495 0.6885 1.1019, 1.6475 0.697 1.1043, 1.6463 0.7057 1.1058, 1.6459 0.7146 1.1063, 1.6433 0.8872 1.1093, 1.6414 0.8917 1.1116, 1.6285 0.9061 1.126, 1.6359 0.8999 1.1178, 1.6389 0.8961 1.1145, 1.6447 0.8822 1.1076, 1.6459 0.872 1.1063, 1.6456 0.8772 1.1066, 1.6994 0.6358 1.0276, 1.6894 0.6378 1.0451, 1.6769 -1.9547 1.0647, 1.7224 0.6358 0.9797, 1.6789 0.644 1.0616, 1.6769 0.6452 1.0647, 1.6687 0.653 1.0767, 1.7224 -1.9547 0.9797, 1.7504 -1.9547 0.8873, 1.7504 0.6358 0.8873, 1.7598 -1.9547 0.7913, 1.7598 0.6358 0.7913, 1.6195 0.9101 1.1355, 1.6157 0.9106 1.1393, 1.5411 -1.9547 1.2005, 1.456 -1.9547 1.246, 1.3637 -1.9547 1.274, 1.7598 -0.6555 0.5997, 1.7598 -0.6392 0.5872, 1.7598 -0.6267 0.5709, 1.7598 -0.6188 0.5519, 1.7598 -1.2434 0.5519, 1.7598 -1.2355 0.5709, 1.7598 -1.223 0.5872, 1.7598 -1.2067 0.5997, 1.7598 -1.1877 0.6076, 1.7598 -0.7709 0.5519, 1.7598 -1.1116 0.5872, 1.7598 -1.0991 0.5709, 1.7598 -1.0913 0.5519, 1.7598 -1.0886 0.5315, 1.7598 -0.7736 0.5315, 1.7598 -0.7631 0.5709, 1.7598 -0.7506 0.5872, 1.7598 -0.7343 0.5997, 1.7598 -1.1673 0.6102, 1.7598 -1.1469 0.6076, 1.7598 -1.128 0.5997, 1.7598 0.6464 0.7126, 1.7598 0.6385 0.7316, 1.7598 0.6358 0.752, 1.7598 0.4397 0.5288, 1.7598 0.4587 0.5209, 1.7598 0.6589 0.6963, 1.7598 0.475 0.5084, 1.7598 0.6752 0.6838, 1.7598 0.4875 0.4921, 1.7598 -0.7153 0.6076, 1.7598 -0.6949 0.6102, 1.7598 -0.6745 0.6076, 1.7598 0.5191 -0.2756, 1.7598 0.5442 -0.3082, 1.7598 0.7146 0.6732, 1.7598 0.5768 -0.3332, 1.7598 0.6148 -0.349, 1.7598 0.6555 -0.3543, 1.7598 0.7736 -0.3543, 1.7598 0.8524 0.6732, 1.7598 0.9311 -0.1968, 1.7598 -0.7736 -0.1968, 1.7598 -1.0886 -0.1968, 1.7598 -1.0832 -0.2376, 1.7598 -1.0675 -0.2756, 1.7598 -1.0425 -0.3082, 1.7598 -1.0098 -0.3332, 1.7598 0.885 -0.3082, 1.7598 0.8524 -0.3332, 1.7598 0.8144 -0.349, 1.7598 0.91 -0.2756, 1.7598 0.9257 -0.2376, 1.7598 0.4953 0.4731, 1.7598 0.498 0.4528, 1.7598 0.6942 0.6759, 1.7598 0.498 -0.1968, 1.7598 0.5034 -0.2376, 1.7598 -0.9719 -0.349, 1.7598 -0.9311 -0.3543, 1.7598 -0.8197 -0.3082, 1.7598 -0.7947 -0.2756, 1.7598 -0.779 -0.2376, 1.7598 0.908 0.6502, 1.7598 0.8917 0.6627, 1.7598 0.9206 0.6339, 1.7598 0.9284 0.6149, 1.7598 0.9311 0.5945, 1.7598 0.8727 0.6705, 1.7598 -0.8903 -0.349, 1.7598 -0.8524 -0.3332, -1.5009 -1.9547 1.0838, -1.6157 -1.9547 1.1393, -1.5601 -1.9547 1.0245, -1.6769 -1.9547 1.0647, -1.6047 -1.9547 0.9536, -1.7224 -1.9547 0.9797, -1.6324 -1.9547 0.8746, -1.7504 -1.9547 0.8873, -1.6324 -1.9547 0.4483, -1.7504 -1.9547 0.4355, -1.6047 -1.9547 0.3692, -1.7224 -1.9547 0.3432, -1.5601 -1.9547 0.2983, -1.6769 -1.9547 0.2581, -1.6157 -1.9547 0.1835, -1.5009 -1.9547 0.2391, -1.5411 -1.9547 0.1223, -1.43 -1.9547 0.1945, -1.456 -1.9547 0.0768, -1.3509 -1.9547 0.1669, -1.3637 -1.9547 0.0488, -1.2677 -1.9547 0.1575, 1.6417 -1.9547 0.7913, 1.6324 -1.9547 0.8746, 1.6047 -1.9547 0.9536, 1.5601 -1.9547 1.0245, 1.5009 -1.9547 1.0838, 1.43 -1.9547 1.1283, 1.3509 -1.9547 1.156, 1.2677 -1.9547 1.1654, -1.2677 -1.9547 1.1654, -1.3509 -1.9547 1.156, -1.3637 -1.9547 1.274, -1.43 -1.9547 1.1283, -1.456 -1.9547 1.246, -1.5411 -1.9547 1.2005, 1.6417 0.4193 0.5315, 1.6417 0.409 0.5308, 1.6417 -0.6161 0.5315, 1.6417 0.3989 0.5288, 1.6417 0.3891 0.5255, 1.6416 0.3799 0.5209, 1.6414 0.3714 0.5152, 1.641 0.3636 0.5084, 1.6405 0.3568 0.5007, 1.6397 0.3511 0.4921, 1.6386 0.3465 0.4829, 1.6372 0.3432 0.4731, 1.6354 0.3412 0.463, 1.6324 -0.6161 0.4483, 1.2677 0.3406 0.1575, 1.2677 -0.6161 0.1575, 1.3509 0.3406 0.1669, 1.3509 -0.6161 0.1669, 1.43 0.3406 0.1945, 1.43 -0.6161 0.1945, 1.5009 0.3406 0.2391, 1.5009 -0.6161 0.2391, 1.5601 0.3406 0.2983, 1.5601 -0.6161 0.2983, 1.6047 0.3406 0.3692, 1.6047 -0.6161 0.3692, 1.6324 0.3406 0.4483, 1.6334 0.3406 0.4528, 0.9724 -0.6161 0.1575, -0.9331 -1.2355 0.1575, -0.9521 -1.2434 0.1575, -0.9724 -1.2461 0.1575, -1.2677 -1.2461 0.1575, 0.9724 -1.2461 0.1575, -1.2677 0.3406 0.1575, -1.2677 -0.6161 0.1575, -0.9724 -0.6161 0.1575, 0.9042 -0.6555 0.1575, 0.9168 -0.6392 0.1575, 0.9331 -0.6267 0.1575, 0.9521 -0.6188 0.1575, -0.9521 -0.6188 0.1575, -0.9331 -0.6267 0.1575, -0.9168 -0.6392 0.1575, -0.8964 -1.1877 0.1575, -0.9042 -1.2067 0.1575, 0.9168 -1.223 0.1575, 0.9521 -1.2434 0.1575, 0.9331 -1.2355 0.1575, -0.9168 -1.223 0.1575, -0.9042 -0.6555 0.1575, -0.8964 -0.6745 0.1575, 0.8964 -0.6745 0.1575, 0.9042 -1.2067 0.1575, 0.8964 -1.1877 0.1575, 0.8937 -1.1673 0.1575, 0.8937 -0.6949 0.1575, -0.8937 -0.6949 0.1575, -0.8937 -1.1673 0.1575, 1.0997 0.4783 1.1654, 1.1076 0.4973 1.1654, 1.0315 0.439 1.1654, 1.0519 0.4417 1.1654, -0.4561 0.462 1.1654, -0.4436 0.4783 1.1654, 0.4561 0.462 1.1654, -0.4358 0.4973 1.1654, 0.4436 0.4783 1.1654, 0.4358 0.4973 1.1654, -1.0709 0.4495 1.1654, -1.0519 0.4417 1.1654, -0.4776 0.6477 1.1654, -0.4907 0.6526 1.1654, -0.4907 0.9114 1.1654, 1.1102 0.5177 1.1654, 1.1102 0.8327 1.1654, 1.1686 0.9087 1.1654, -1.0872 0.462 1.1654, -0.4724 0.4495 1.1654, -0.4914 0.4417 1.1654, 0.4627 0.6383 1.1654, 0.4502 0.6259 1.1654, 0.4724 0.4495 1.1654, 0.4914 0.4417 1.1654, 0.5118 0.439 1.1654, 1.0709 0.4495 1.1654, 1.0872 0.462 1.1654, 1.1208 0.872 1.1654, 1.1333 0.8884 1.1654, 1.1496 0.9009 1.1654, -1.1129 0.8531 1.1654, -1.1102 0.8327 1.1654, -1.189 0.9114 1.1654, -1.1102 0.5177 1.1654, -1.2677 0.9114 1.1654, -1.1076 0.4973 1.1654, -1.0997 0.4783 1.1654, -1.0315 0.439 1.1654, -0.5118 0.439 1.1654, -0.4409 0.6109 1.1654, -0.4502 0.6259 1.1654, 0.4409 0.6109 1.1654, 1.1129 0.8531 1.1654, 0.4776 0.6477 1.1654, 0.4907 0.9114 1.1654, 0.4907 0.6526 1.1654, -0.4627 0.6383 1.1654, -1.1686 0.9087 1.1654, -1.1496 0.9009 1.1654, -1.1208 0.872 1.1654, -1.1333 0.8884 1.1654, -0.435 0.5943 1.1654, 0.435 0.5943 1.1654, -0.4331 0.5177 1.1654, -0.4331 0.5768 1.1654, 1.5261 0.6436 1.0617, 1.5425 0.6378 1.0451, 1.6417 0.6358 0.7913, 1.6324 0.6358 0.8746, 1.6047 0.6358 0.9536, 1.5601 0.6358 1.0245, 1.5577 0.6358 1.0276, 1.45 0.8896 1.1179, 1.4609 0.8917 1.1116, 1.4645 0.8873 1.1094, 1.4673 0.8822 1.1076, 1.4689 0.8773 1.1067, 1.4694 0.872 1.1063, 1.4347 0.9061 1.126, 1.4502 0.8999 1.1178, 1.4558 0.8962 1.1146, 1.4694 0.7146 1.1063, 1.4299 0.9071 1.1282, 1.4702 0.7056 1.1058, 1.4725 0.697 1.1043, 1.4763 0.6883 1.1018, 1.4811 0.6804 1.0985, 1.494 0.6655 1.0891, 1.5008 0.66 1.0837, 1.5096 0.653 1.0767, 1.4142 0.9101 1.1355, 1.6417 -1.2434 0.5519, 1.6417 -0.6392 0.5872, 1.6417 -0.6555 0.5997, 1.6417 -1.0991 0.5709, 1.6417 -1.1116 0.5872, 1.6417 -0.7709 0.5519, 1.6417 -1.1877 0.6076, 1.6417 -1.2067 0.5997, 1.6417 -0.7343 0.5997, 1.6417 -0.7506 0.5872, 1.6417 -0.7631 0.5709, 1.6417 -1.223 0.5872, 1.6417 -1.2355 0.5709, 1.6417 0.4587 0.5209, 1.6417 0.6464 0.7126, 1.6417 0.475 0.5084, 1.6417 0.6589 0.6963, 1.6417 0.4875 0.4921, 1.6417 0.6752 0.6838, 1.6417 0.4953 0.4731, 1.6417 -0.6745 0.6076, 1.6417 -0.6949 0.6102, 1.6417 -0.7153 0.6076, 1.6417 -1.128 0.5997, 1.6417 -1.1469 0.6076, 1.6417 -1.1673 0.6102, 1.6417 0.6148 -0.349, 1.6417 0.5768 -0.3332, 1.6417 0.7146 0.6732, 1.6417 0.5442 -0.3082, 1.6417 0.4397 0.5288, 1.6417 0.6385 0.7316, 1.6417 0.6358 0.752, 1.6417 -0.6188 0.5519, 1.6417 -0.6267 0.5709, 1.6417 0.9284 0.6149, 1.6417 0.9311 0.5945, 1.6417 0.8524 0.6732, 1.6417 0.7736 -0.3543, 1.6417 0.6555 -0.3543, 1.6417 -1.0425 -0.3082, 1.6417 -1.0675 -0.2756, 1.6417 -0.7736 -0.1968, 1.6417 0.5191 -0.2756, 1.6417 0.5034 -0.2376, 1.6417 0.6942 0.6759, 1.6417 0.498 -0.1968, 1.6417 0.498 0.4528, 1.6417 0.9311 -0.1968, 1.6417 0.9257 -0.2376, 1.6417 0.91 -0.2756, 1.6417 0.885 -0.3082, 1.6417 0.8524 -0.3332, 1.6417 0.8144 -0.349, 1.6417 -0.7947 -0.2756, 1.6417 -0.8197 -0.3082, 1.6417 -1.0098 -0.3332, 1.6417 -0.8524 -0.3332, 1.6417 -1.0832 -0.2376, 1.6417 -1.0886 -0.1968, 1.6417 -0.7736 0.5315, 1.6417 -1.0886 0.5315, 1.6417 -1.0913 0.5519, 1.6417 0.8727 0.6705, 1.6417 0.8917 0.6627, 1.6417 0.9206 0.6339, 1.6417 0.908 0.6502, 1.6417 -0.779 -0.2376, 1.6417 -0.8903 -0.349, 1.6417 -0.9311 -0.3543, 1.6417 -0.9719 -0.349, -1.7535 0.3406 0.4528, -1.6334 0.3406 0.4528, -1.7504 0.3406 0.4355, -1.6324 0.3406 0.4483, -1.7224 0.3406 0.3432, -1.6047 0.3406 0.3692, -1.6769 0.3406 0.2581, -1.5601 0.3406 0.2983, -1.6157 0.3406 0.1835, -1.5009 0.3406 0.2391, -1.3509 0.3406 0.1669, -1.3637 0.3406 0.0488, -1.43 0.3406 0.1945, -1.456 0.3406 0.0768, -1.5411 0.3406 0.1223, -0.9239 0.9114 0.9274, -0.983 0.9114 1.0297, -0.5301 0.9114 1.1548, -0.5891 0.9114 1.2571, -0.5111 0.9114 1.1627, -0.5417 0.9114 1.2768, 0.5111 0.9114 1.1627, 0.5417 0.9114 1.2768, 0.5301 0.9114 1.1548, 0.5891 0.9114 1.2571, 0.9239 0.9114 0.9274, 0.983 0.9114 1.0297, 0.5301 0.6555 1.1548, 0.9239 0.6555 0.9274, 0.9416 0.9087 0.9172, 0.983 0.872 0.8933, 0.958 0.9009 0.9077, 0.9722 0.8884 0.8996, 0.9898 0.8531 0.8894, 0.9921 0.8327 0.888, 0.9921 0.7343 0.888, 0.9898 0.7139 0.8894, 0.958 0.6661 0.9077, 0.9416 0.6582 0.9172, 0.9722 0.6786 0.8996, 0.983 0.6949 0.8933, 1.0512 0.8327 0.9903, 1.0512 0.7343 0.9903, 1.0489 0.7139 0.9917, 0.983 0.6555 1.0297, 0.5891 0.6555 1.2571, 1.0006 0.6582 1.0195, 1.0171 0.6661 1.01, 1.0312 0.6786 1.0019, 1.0006 0.9087 1.0195, 1.042 0.872 0.9956, 1.0312 0.8884 1.0019, 1.0171 0.9009 1.01, 1.042 0.6949 0.9956, 1.0489 0.8531 0.9917, 0.4943 0.6535 1.2834, 0.5118 0.6555 1.2823, 0.5417 0.6555 1.2768, 0.4943 0.6533 1.1651, 0.5118 0.6555 1.1625, 0.5111 0.6555 1.1627, 0.5027 0.655 1.1644, 0.435 0.5943 1.2835, 0.4409 0.6109 1.2835, 0.4502 0.6259 1.2835, 0.4627 0.6383 1.2835, 0.4776 0.6477 1.2835, -1.3637 0.9114 1.274, -1.3509 0.9114 1.156, -1.456 0.9114 1.246, -1.3875 0.9114 1.1457, -1.5411 0.9114 1.2005, -1.6092 0.9114 1.1457, -1.3637 -1.2461 0.0488, -1.456 -1.2461 0.0768, -1.5411 -1.2461 0.1223, -1.6157 -1.2461 0.1835, -1.6769 -1.2461 0.2581, -1.7224 -1.2461 0.3432, -1.7504 -1.2461 0.4355, -1.6324 -1.2461 0.4483, -1.6047 -1.2461 0.3692, -1.5601 -1.2461 0.2983, -1.5009 -1.2461 0.2391, -1.43 -1.2461 0.1945, -1.3509 -1.2461 0.1669, -1.7598 0.3892 0.5255, -1.7597 0.3799 0.5209, -1.7598 0.409 0.5308, -1.7598 0.3989 0.5288, -1.7596 0.3713 0.5152, -1.7593 0.3636 0.5084, -1.7589 0.3568 0.5007, -1.7583 0.3511 0.4921, -1.7574 0.3466 0.4829, -1.7564 0.3432 0.4731, -1.7551 0.3412 0.463, -1.7504 -0.6161 0.4355, -1.7224 -0.6161 0.3432, -1.6769 -0.6161 0.2581, -1.6157 -0.6161 0.1835, -1.5411 -0.6161 0.1223, -1.456 -0.6161 0.0768, -1.3637 -0.6161 0.0488, -1.7504 0.6358 0.8873, -1.6789 0.644 1.0616, -1.6894 0.6378 1.0451, -1.6994 0.6358 1.0276, -1.7224 0.6358 0.9797, -1.6389 0.8961 1.1145, -1.6414 0.8917 1.1116, -1.6312 0.8913 1.1232, -1.6433 0.8872 1.1093, -1.6447 0.8822 1.1076, -1.6456 0.8772 1.1066, -1.6459 0.872 1.1063, -1.6195 0.9101 1.1355, -1.6285 0.9061 1.126, -1.6359 0.8999 1.1178, -1.6459 0.7146 1.1063, -1.6157 0.9106 1.1393, -1.6463 0.7057 1.1058, -1.6475 0.697 1.1043, -1.6495 0.6885 1.1019, -1.6522 0.6804 1.0985, -1.6595 0.6655 1.0891, -1.6687 0.653 1.0767, -1.6769 0.6452 1.0647
            ]
        }
        coordIndex [
            0,1,2,-1,3,4,5,-1,6,7,8,-1,9,10,11,-1,12,13,14,-1,15,16,17,-1,18,19,20,-1,20,19,21,-1,22,23,24,-1,24,23,25,-1,24,25,26,-1,27,28,29,-1,29,28,30,-1,29,30,31,-1,31,30,18,-1,31,18,32,-1,33,34,35,-1,35,34,36,-1,35,36,22,-1,37,38,39,-1,26,25,40,-1,40,25,41,-1,40,41,38,-1,42,43,2,-1,44,42,45,-1,46,47,45,-1,48,49,50,-1,50,49,51,-1,44,45,52,-1,52,45,47,-1,52,47,53,-1,54,55,51,-1,51,55,56,-1,57,58,41,-1,41,58,59,-1,41,59,60,-1,61,62,63,-1,63,62,64,-1,63,64,65,-1,66,67,64,-1,64,67,68,-1,64,68,65,-1,69,70,71,-1,64,72,39,-1,39,72,73,-1,74,75,76,-1,76,75,77,-1,76,77,78,-1,38,41,39,-1,39,41,60,-1,39,60,64,-1,64,60,79,-1,64,79,80,-1,69,71,63,-1,63,71,81,-1,63,81,82,-1,80,83,64,-1,64,83,84,-1,64,84,85,-1,82,86,63,-1,63,86,87,-1,63,87,61,-1,73,88,39,-1,39,88,89,-1,39,89,76,-1,76,89,90,-1,76,90,74,-1,85,91,64,-1,64,91,92,-1,64,92,66,-1,93,94,95,-1,95,94,96,-1,95,96,97,-1,98,99,100,-1,101,102,98,-1,98,102,103,-1,98,103,99,-1,78,104,76,-1,76,104,105,-1,76,105,106,-1,107,108,98,-1,98,108,109,-1,98,109,101,-1,105,110,106,-1,106,110,111,-1,106,111,107,-1,107,111,112,-1,107,112,108,-1,113,114,115,-1,116,117,2,-1,115,118,113,-1,113,118,119,-1,113,119,120,-1,117,121,2,-1,2,121,122,-1,2,122,123,-1,120,124,113,-1,113,124,125,-1,113,125,126,-1,48,50,43,-1,43,50,113,-1,43,113,2,-1,2,113,126,-1,2,126,116,-1,127,128,129,-1,129,128,130,-1,131,132,20,-1,20,132,23,-1,20,23,18,-1,18,23,22,-1,18,22,32,-1,32,22,36,-1,132,133,23,-1,23,133,134,-1,23,134,114,-1,114,134,135,-1,114,135,115,-1,136,137,138,-1,139,140,141,-1,139,141,142,-1,143,144,145,-1,146,147,148,-1,149,150,151,-1,151,150,152,-1,153,154,150,-1,150,154,155,-1,137,156,138,-1,138,156,157,-1,138,157,158,-1,158,157,148,-1,158,148,159,-1,159,148,147,-1,149,160,150,-1,150,160,161,-1,150,161,153,-1,143,162,144,-1,144,162,163,-1,144,163,164,-1,164,163,165,-1,164,165,166,-1,167,168,141,-1,141,168,169,-1,141,169,142,-1,76,170,171,-1,172,76,173,-1,173,76,174,-1,136,138,171,-1,171,138,175,-1,171,175,76,-1,76,175,176,-1,76,176,174,-1,177,178,179,-1,179,178,180,-1,179,180,181,-1,182,183,184,-1,184,183,185,-1,184,185,166,-1,166,185,186,-1,166,186,164,-1,187,188,148,-1,148,188,189,-1,148,189,190,-1,190,191,148,-1,148,191,192,-1,148,192,146,-1,193,194,195,-1,195,194,196,-1,195,196,140,-1,197,198,199,-1,199,198,200,-1,199,200,201,-1,201,200,202,-1,203,204,17,-1,205,206,207,-1,207,203,205,-1,205,203,17,-1,205,17,208,-1,208,17,16,-1,51,46,54,-1,54,46,45,-1,54,45,209,-1,209,45,210,-1,16,211,208,-1,208,211,212,-1,208,212,209,-1,209,212,213,-1,209,213,54,-1,214,45,215,-1,215,45,17,-1,215,17,216,-1,216,17,204,-1,216,204,217,-1,217,204,218,-1,214,219,45,-1,45,219,220,-1,45,220,210,-1,210,220,221,-1,210,221,222,-1,222,223,210,-1,210,223,224,-1,210,224,225,-1,226,227,204,-1,204,227,228,-1,204,228,218,-1,225,229,210,-1,210,229,230,-1,210,230,204,-1,204,230,231,-1,204,231,226,-1,232,233,234,-1,232,234,235,-1,235,234,236,-1,235,236,237,-1,11,10,238,-1,10,239,238,-1,238,239,240,-1,238,240,236,-1,236,240,241,-1,236,241,237,-1,242,243,11,-1,11,243,244,-1,11,244,9,-1,245,246,247,-1,247,246,248,-1,247,248,249,-1,249,248,242,-1,249,242,250,-1,250,242,11,-1,247,251,252,-1,252,253,247,-1,247,253,254,-1,247,254,255,-1,255,256,247,-1,247,256,257,-1,247,257,245,-1,6,8,258,-1,8,259,260,-1,260,261,8,-1,8,261,262,-1,8,262,258,-1,263,264,265,-1,265,264,266,-1,265,266,8,-1,8,266,267,-1,8,267,259,-1,268,269,270,-1,270,271,268,-1,268,271,272,-1,268,272,263,-1,263,272,273,-1,263,273,264,-1,269,268,274,-1,274,268,275,-1,274,275,276,-1,276,275,277,-1,277,275,278,-1,277,278,279,-1,280,281,282,-1,283,284,280,-1,280,284,285,-1,280,285,286,-1,286,285,287,-1,286,287,278,-1,278,287,288,-1,278,288,279,-1,282,289,280,-1,280,289,290,-1,280,290,291,-1,291,292,280,-1,280,292,293,-1,280,293,283,-1,294,295,293,-1,293,295,296,-1,293,296,283,-1,294,297,295,-1,295,297,298,-1,295,298,299,-1,299,298,300,-1,299,300,301,-1,301,300,302,-1,303,304,302,-1,303,302,305,-1,305,302,300,-1,305,300,306,-1,307,308,309,-1,304,310,302,-1,302,310,307,-1,302,307,311,-1,311,307,309,-1,312,313,314,-1,314,313,315,-1,314,315,316,-1,315,317,316,-1,316,317,318,-1,316,318,319,-1,319,318,320,-1,319,320,321,-1,308,322,309,-1,309,322,323,-1,309,323,324,-1,324,323,325,-1,324,325,315,-1,315,325,326,-1,315,326,327,-1,327,328,315,-1,315,328,329,-1,315,329,317,-1,330,331,332,-1,332,331,333,-1,332,333,334,-1,335,336,331,-1,312,314,330,-1,330,314,337,-1,330,337,331,-1,331,337,338,-1,331,338,335,-1,339,340,129,-1,129,340,341,-1,342,343,344,-1,130,131,129,-1,129,131,20,-1,129,20,339,-1,339,20,345,-1,339,345,346,-1,346,345,342,-1,346,342,347,-1,347,342,344,-1,348,21,5,-1,348,5,349,-1,21,348,20,-1,20,348,350,-1,20,350,345,-1,5,351,349,-1,349,351,352,-1,349,352,353,-1,354,355,351,-1,351,355,356,-1,351,356,352,-1,357,358,359,-1,351,360,361,-1,362,363,364,-1,364,363,365,-1,364,365,357,-1,357,365,366,-1,357,366,358,-1,361,367,351,-1,351,367,368,-1,351,368,354,-1,369,370,371,-1,369,371,372,-1,370,373,371,-1,371,373,374,-1,371,374,364,-1,364,374,375,-1,364,375,362,-1,376,377,39,-1,378,379,380,-1,376,39,381,-1,172,143,76,-1,76,143,145,-1,76,145,39,-1,39,145,382,-1,39,382,381,-1,383,384,5,-1,384,385,5,-1,5,385,386,-1,5,386,387,-1,377,388,39,-1,39,388,21,-1,39,21,37,-1,37,21,19,-1,379,383,380,-1,380,383,5,-1,380,5,389,-1,389,5,21,-1,389,21,390,-1,390,21,388,-1,387,391,5,-1,5,391,392,-1,5,392,3,-1,393,394,395,-1,395,394,396,-1,395,396,397,-1,395,398,393,-1,393,398,399,-1,393,399,400,-1,400,401,393,-1,393,401,402,-1,393,402,403,-1,403,402,404,-1,403,404,405,-1,405,404,406,-1,405,406,380,-1,380,406,407,-1,380,407,378,-1,408,409,397,-1,397,409,410,-1,397,410,395,-1,411,412,181,-1,181,412,413,-1,181,413,179,-1,411,414,412,-1,412,414,415,-1,412,415,416,-1,416,415,417,-1,416,418,419,-1,417,420,416,-1,416,420,421,-1,416,421,422,-1,422,423,416,-1,416,423,424,-1,416,424,418,-1,419,425,416,-1,416,425,426,-1,416,426,427,-1,177,182,178,-1,178,182,184,-1,178,184,428,-1,428,184,429,-1,428,429,430,-1,430,429,431,-1,430,431,432,-1,432,431,433,-1,434,433,196,-1,196,433,431,-1,196,431,140,-1,140,431,429,-1,140,429,141,-1,434,196,4,-1,4,196,357,-1,4,357,5,-1,5,357,359,-1,5,359,351,-1,351,359,435,-1,351,435,360,-1,436,437,438,-1,438,437,439,-1,438,439,440,-1,441,442,443,-1,443,442,438,-1,443,438,444,-1,444,438,445,-1,440,446,438,-1,438,446,447,-1,438,447,445,-1,448,449,281,-1,281,449,450,-1,281,450,451,-1,451,452,281,-1,281,452,453,-1,281,453,282,-1,454,455,456,-1,457,458,448,-1,459,460,461,-1,461,460,462,-1,454,456,463,-1,457,448,464,-1,465,466,460,-1,460,466,467,-1,460,467,468,-1,441,469,442,-1,442,469,470,-1,442,470,448,-1,448,470,471,-1,448,471,464,-1,455,472,456,-1,456,472,473,-1,456,473,474,-1,475,476,477,-1,477,476,478,-1,477,478,479,-1,480,468,481,-1,481,468,482,-1,481,482,477,-1,477,482,483,-1,477,483,475,-1,480,484,468,-1,468,484,485,-1,468,485,460,-1,460,485,486,-1,460,486,462,-1,487,488,489,-1,489,488,490,-1,489,490,456,-1,456,490,491,-1,456,491,463,-1,492,493,456,-1,456,493,494,-1,456,494,460,-1,460,494,495,-1,460,495,465,-1,496,497,449,-1,449,497,498,-1,449,498,499,-1,499,500,449,-1,449,500,501,-1,449,501,502,-1,502,501,487,-1,502,487,503,-1,503,487,489,-1,458,504,448,-1,448,504,505,-1,448,505,449,-1,449,505,506,-1,449,506,496,-1,474,507,456,-1,456,507,508,-1,456,508,509,-1,509,510,456,-1,456,510,511,-1,456,511,492,-1,512,513,514,-1,513,515,514,-1,514,515,516,-1,514,516,517,-1,467,514,468,-1,468,514,518,-1,468,518,519,-1,520,521,467,-1,467,521,522,-1,467,522,514,-1,514,522,523,-1,514,523,512,-1,524,525,467,-1,467,525,526,-1,467,526,520,-1,527,528,529,-1,529,528,530,-1,529,530,531,-1,517,516,532,-1,532,516,533,-1,532,533,534,-1,534,533,535,-1,534,535,536,-1,519,537,468,-1,468,537,529,-1,468,529,538,-1,538,529,531,-1,42,2,45,-1,45,2,1,-1,45,1,539,-1,539,540,45,-1,45,540,541,-1,45,541,17,-1,17,541,542,-1,17,542,543,-1,544,545,546,-1,546,545,547,-1,546,547,548,-1,548,547,541,-1,548,541,549,-1,549,541,540,-1,549,540,550,-1,550,540,551,-1,550,551,552,-1,552,551,553,-1,542,554,543,-1,543,554,555,-1,543,555,341,-1,341,555,0,-1,341,0,129,-1,129,0,2,-1,129,2,127,-1,127,2,123,-1,13,15,14,-1,14,15,17,-1,14,17,556,-1,556,17,543,-1,556,543,371,-1,371,543,341,-1,371,341,372,-1,372,341,340,-1,56,557,51,-1,51,557,202,-1,51,202,50,-1,50,202,200,-1,50,200,113,-1,113,200,558,-1,113,558,114,-1,114,558,559,-1,114,559,23,-1,23,559,560,-1,23,560,25,-1,25,560,561,-1,25,561,41,-1,41,561,94,-1,41,94,57,-1,57,94,93,-1,233,12,234,-1,234,12,14,-1,234,14,562,-1,562,14,556,-1,562,556,563,-1,563,556,371,-1,563,371,564,-1,564,371,364,-1,564,364,565,-1,565,364,357,-1,565,357,566,-1,566,357,196,-1,566,196,567,-1,567,196,194,-1,567,194,568,-1,568,194,569,-1,568,569,280,-1,193,152,194,-1,194,152,150,-1,194,150,569,-1,569,150,570,-1,571,572,570,-1,570,572,573,-1,155,170,150,-1,150,170,76,-1,150,76,570,-1,570,76,106,-1,570,106,571,-1,571,106,574,-1,280,569,281,-1,281,569,570,-1,281,570,448,-1,448,570,573,-1,448,573,442,-1,442,573,575,-1,442,575,106,-1,106,575,576,-1,106,576,574,-1,577,578,579,-1,579,578,571,-1,579,571,580,-1,580,571,574,-1,580,574,581,-1,581,574,582,-1,583,584,585,-1,586,587,438,-1,438,587,583,-1,438,583,107,-1,107,583,585,-1,107,585,106,-1,106,585,588,-1,106,588,442,-1,442,588,586,-1,442,586,438,-1,100,97,98,-1,98,97,96,-1,98,96,107,-1,107,96,589,-1,107,589,438,-1,438,589,331,-1,438,331,436,-1,436,331,336,-1,198,590,200,-1,200,590,591,-1,200,591,558,-1,558,591,592,-1,558,592,559,-1,559,592,593,-1,559,593,560,-1,560,593,594,-1,560,594,561,-1,561,594,595,-1,561,595,94,-1,94,595,596,-1,94,596,96,-1,96,596,597,-1,96,597,589,-1,589,597,598,-1,589,598,331,-1,331,598,599,-1,331,599,333,-1,333,599,600,-1,601,602,603,-1,604,605,606,-1,607,608,609,-1,609,608,610,-1,611,612,613,-1,614,615,616,-1,617,618,610,-1,603,602,619,-1,619,602,620,-1,619,620,621,-1,621,620,622,-1,621,622,611,-1,611,622,623,-1,611,623,612,-1,606,605,624,-1,624,605,625,-1,624,625,603,-1,603,625,626,-1,603,626,601,-1,627,628,610,-1,610,628,629,-1,610,629,616,-1,630,631,632,-1,618,633,610,-1,610,633,634,-1,610,634,609,-1,635,636,637,-1,613,638,611,-1,611,638,639,-1,611,639,610,-1,610,639,640,-1,610,640,627,-1,615,641,616,-1,616,641,642,-1,616,642,610,-1,610,642,643,-1,610,643,617,-1,630,644,631,-1,631,644,645,-1,631,645,646,-1,646,647,631,-1,631,647,648,-1,631,648,649,-1,649,648,650,-1,649,650,606,-1,606,650,651,-1,606,651,604,-1,652,653,654,-1,654,653,630,-1,654,630,655,-1,655,630,632,-1,655,632,656,-1,652,654,637,-1,637,654,657,-1,637,657,635,-1,632,658,656,-1,656,658,659,-1,656,659,660,-1,660,659,661,-1,662,663,664,-1,662,665,663,-1,663,665,666,-1,663,666,667,-1,667,666,668,-1,667,668,616,-1,616,668,669,-1,616,669,614,-1,670,671,664,-1,664,671,672,-1,664,672,662,-1,670,673,671,-1,671,673,674,-1,671,674,675,-1,675,674,676,-1,675,676,677,-1,678,679,680,-1,680,679,681,-1,680,681,682,-1,683,684,680,-1,680,684,685,-1,680,685,686,-1,687,688,689,-1,682,690,680,-1,680,690,691,-1,680,691,692,-1,683,693,694,-1,694,695,683,-1,683,695,696,-1,683,696,697,-1,698,699,700,-1,700,699,701,-1,700,701,702,-1,689,688,703,-1,692,704,680,-1,680,704,705,-1,680,705,683,-1,683,705,706,-1,683,706,693,-1,707,708,709,-1,686,710,680,-1,680,710,711,-1,680,711,700,-1,700,711,712,-1,700,712,698,-1,713,714,715,-1,715,714,716,-1,715,716,717,-1,717,716,718,-1,717,718,719,-1,719,718,720,-1,709,708,721,-1,720,718,722,-1,722,718,723,-1,722,723,702,-1,702,723,724,-1,702,724,700,-1,725,726,727,-1,713,728,714,-1,714,728,729,-1,714,729,730,-1,730,729,731,-1,730,731,689,-1,689,731,732,-1,689,732,733,-1,697,696,708,-1,708,696,734,-1,708,734,721,-1,703,688,727,-1,727,688,735,-1,727,735,725,-1,733,736,689,-1,689,736,737,-1,689,737,687,-1,738,739,726,-1,726,739,740,-1,726,740,727,-1,741,742,743,-1,743,742,744,-1,727,745,703,-1,703,745,744,-1,703,744,746,-1,746,744,742,-1,747,748,749,-1,709,750,707,-1,707,750,751,-1,707,751,752,-1,752,751,753,-1,753,751,749,-1,749,751,754,-1,749,754,747,-1,55,213,755,-1,755,213,756,-1,757,758,759,-1,759,758,760,-1,759,760,761,-1,762,252,763,-1,763,252,251,-1,763,251,757,-1,757,251,764,-1,757,764,758,-1,765,766,767,-1,765,767,768,-1,768,767,769,-1,768,769,770,-1,770,769,771,-1,770,771,772,-1,772,771,773,-1,772,773,774,-1,774,773,775,-1,774,775,776,-1,776,775,777,-1,776,777,778,-1,778,777,779,-1,778,779,780,-1,780,779,781,-1,780,781,782,-1,783,784,785,-1,785,784,786,-1,785,786,787,-1,787,786,788,-1,787,788,789,-1,789,788,790,-1,789,790,791,-1,791,790,792,-1,791,792,793,-1,793,792,794,-1,793,794,795,-1,795,794,796,-1,795,796,797,-1,797,796,798,-1,799,800,801,-1,802,803,801,-1,801,803,804,-1,801,804,799,-1,800,805,801,-1,801,805,806,-1,801,806,807,-1,807,808,801,-1,801,808,809,-1,801,809,810,-1,810,811,801,-1,801,811,812,-1,801,812,813,-1,801,814,802,-1,802,814,815,-1,802,815,816,-1,816,815,817,-1,816,817,818,-1,818,817,819,-1,818,819,820,-1,820,819,821,-1,820,821,822,-1,822,821,823,-1,822,823,824,-1,824,823,825,-1,824,825,826,-1,826,825,827,-1,826,827,828,-1,829,830,831,-1,831,830,832,-1,827,833,828,-1,828,833,834,-1,828,834,830,-1,830,834,835,-1,830,835,836,-1,837,838,839,-1,839,838,836,-1,836,838,830,-1,830,838,840,-1,830,840,832,-1,841,842,781,-1,843,844,845,-1,845,844,846,-1,845,846,781,-1,781,846,847,-1,781,847,841,-1,841,847,848,-1,842,849,781,-1,781,849,850,-1,781,850,782,-1,848,851,841,-1,841,851,852,-1,841,852,853,-1,853,852,854,-1,837,839,855,-1,855,839,856,-1,855,856,857,-1,854,852,858,-1,858,852,859,-1,858,859,857,-1,857,859,860,-1,857,860,855,-1,861,862,863,-1,863,864,861,-1,861,864,865,-1,861,865,866,-1,867,868,869,-1,870,866,871,-1,871,866,867,-1,871,867,872,-1,872,867,869,-1,868,867,873,-1,873,867,874,-1,873,874,875,-1,876,877,878,-1,876,878,879,-1,877,880,878,-1,878,880,881,-1,878,881,861,-1,861,881,882,-1,861,882,862,-1,878,883,879,-1,879,883,884,-1,879,884,885,-1,885,884,886,-1,885,886,887,-1,870,888,866,-1,866,888,889,-1,866,889,861,-1,861,889,761,-1,861,761,890,-1,761,760,890,-1,890,760,758,-1,890,758,891,-1,891,758,764,-1,891,764,892,-1,892,764,251,-1,892,251,236,-1,893,894,887,-1,887,894,895,-1,887,895,896,-1,766,765,886,-1,886,765,897,-1,886,897,898,-1,898,899,886,-1,886,899,900,-1,886,900,901,-1,902,903,904,-1,904,905,902,-1,902,905,906,-1,902,906,907,-1,902,908,886,-1,886,908,909,-1,886,909,910,-1,901,911,886,-1,886,911,912,-1,886,912,902,-1,902,912,913,-1,902,913,903,-1,813,914,801,-1,801,914,915,-1,801,915,896,-1,896,915,916,-1,896,916,887,-1,813,917,914,-1,914,917,918,-1,914,918,919,-1,919,918,920,-1,919,920,921,-1,921,920,922,-1,910,923,886,-1,886,923,924,-1,886,924,887,-1,887,924,925,-1,887,925,893,-1,926,927,928,-1,928,927,929,-1,928,929,930,-1,930,931,928,-1,928,931,932,-1,928,932,933,-1,933,932,934,-1,907,906,935,-1,935,906,936,-1,935,936,937,-1,937,938,935,-1,935,938,939,-1,935,939,940,-1,941,932,942,-1,942,932,943,-1,941,944,932,-1,932,944,945,-1,932,945,934,-1,922,946,921,-1,921,946,947,-1,921,947,948,-1,948,947,949,-1,948,949,928,-1,928,949,950,-1,928,950,926,-1,940,951,952,-1,953,954,940,-1,940,954,955,-1,940,955,935,-1,956,957,958,-1,958,957,959,-1,934,960,933,-1,933,960,959,-1,933,959,961,-1,961,959,957,-1,952,962,940,-1,940,962,963,-1,940,963,953,-1,964,965,966,-1,966,965,967,-1,966,967,968,-1,968,967,969,-1,968,969,970,-1,970,969,971,-1,970,971,680,-1,680,971,610,-1,680,610,678,-1,678,610,608,-1,678,608,972,-1,972,608,973,-1,972,973,974,-1,974,973,975,-1,974,975,976,-1,975,977,976,-1,976,977,978,-1,976,978,979,-1,979,978,980,-1,979,980,981,-1,981,980,982,-1,981,982,983,-1,983,982,984,-1,983,984,985,-1,985,984,845,-1,985,845,784,-1,784,845,781,-1,784,781,786,-1,786,781,779,-1,786,779,788,-1,788,779,777,-1,788,777,790,-1,777,775,790,-1,790,775,773,-1,790,773,792,-1,792,773,771,-1,792,771,794,-1,794,771,769,-1,794,769,796,-1,796,769,767,-1,796,767,798,-1,798,767,766,-1,798,766,986,-1,986,766,886,-1,986,886,987,-1,987,886,884,-1,987,884,988,-1,988,884,883,-1,988,883,989,-1,883,878,989,-1,989,878,861,-1,989,861,990,-1,990,861,890,-1,990,890,991,-1,991,890,891,-1,991,891,992,-1,992,891,892,-1,992,892,993,-1,993,892,236,-1,993,236,994,-1,994,236,278,-1,994,278,995,-1,995,278,996,-1,995,996,997,-1,997,996,998,-1,997,998,964,-1,964,998,999,-1,964,999,965,-1,1000,1001,1002,-1,1002,1001,1003,-1,1002,1003,1004,-1,1004,1005,1002,-1,1002,1005,1006,-1,1002,1006,1007,-1,1007,1008,1002,-1,1002,1008,1009,-1,1002,1009,1010,-1,1010,1011,1002,-1,1002,1011,1012,-1,1002,1012,1013,-1,1014,1015,1016,-1,1016,1015,1017,-1,1016,1017,1018,-1,1018,1017,1019,-1,1018,1019,1020,-1,1020,1019,1021,-1,1020,1021,1022,-1,1022,1021,1023,-1,1022,1023,1024,-1,1024,1023,1025,-1,1024,1025,1026,-1,1026,1025,1013,-1,1026,1013,1027,-1,1027,1013,1012,-1,1028,1015,1014,-1,985,784,1029,-1,1029,1030,985,-1,985,1030,1031,-1,985,1031,1032,-1,784,783,1033,-1,1034,1035,1036,-1,1037,1038,1034,-1,1034,1038,1039,-1,1034,1039,1014,-1,1014,1039,1040,-1,1014,1040,1028,-1,1036,1041,1034,-1,1034,1041,1042,-1,1034,1042,1037,-1,1037,1042,1043,-1,1044,1045,1046,-1,1033,1047,784,-1,784,1047,1048,-1,784,1048,1029,-1,1029,1048,1046,-1,1029,1046,1049,-1,1049,1046,1045,-1,1043,1050,1037,-1,1037,1050,1051,-1,1037,1051,1052,-1,1046,1053,1044,-1,1044,1053,1054,-1,1044,1054,1055,-1,1052,1051,1056,-1,1056,1051,1057,-1,1056,1057,1055,-1,1055,1057,1058,-1,1055,1058,1044,-1,1059,1060,993,-1,1061,1062,993,-1,1063,1064,1065,-1,1065,1064,1066,-1,1065,1066,1067,-1,1067,1066,1068,-1,1069,1070,994,-1,1071,1072,1073,-1,993,1060,763,-1,763,1060,1074,-1,763,1074,762,-1,762,1074,1075,-1,762,1075,1076,-1,1069,994,1077,-1,1063,1065,1078,-1,1078,1065,994,-1,1078,994,1079,-1,1080,1081,1073,-1,1065,1082,994,-1,994,1082,1083,-1,994,1083,993,-1,993,1083,1084,-1,993,1084,1061,-1,1062,1085,993,-1,993,1085,1086,-1,993,1086,1059,-1,1087,1088,1089,-1,1090,1091,1092,-1,1092,1091,1093,-1,1092,1093,1094,-1,1094,1093,1095,-1,1094,1095,994,-1,994,1095,1096,-1,994,1096,1077,-1,1070,1097,994,-1,994,1097,1098,-1,994,1098,1079,-1,1099,1100,1101,-1,1101,1100,1081,-1,1076,1075,1089,-1,1089,1075,1102,-1,1089,1102,1087,-1,1080,1073,1103,-1,1103,1073,1104,-1,1103,1104,1105,-1,1081,1100,1073,-1,1073,1100,1106,-1,1073,1106,1071,-1,1092,1107,1090,-1,1090,1107,1108,-1,1090,1108,1109,-1,1109,1108,1110,-1,1099,1101,1111,-1,1111,1101,1112,-1,1111,1112,755,-1,1068,1066,756,-1,756,1066,1113,-1,756,1113,755,-1,755,1113,1114,-1,755,1114,1111,-1,1115,1116,989,-1,1117,986,1118,-1,1118,986,987,-1,1118,987,1119,-1,1119,987,988,-1,1119,988,1120,-1,1120,988,989,-1,1120,989,1121,-1,1121,989,1116,-1,1122,1123,1124,-1,1124,1125,1122,-1,1122,1125,1126,-1,1122,1126,1127,-1,1128,1129,1122,-1,1122,1129,1130,-1,1122,1130,1123,-1,1127,1131,1122,-1,1122,1131,1132,-1,1122,1132,1128,-1,1133,1134,991,-1,991,1134,1135,-1,1135,1136,991,-1,991,1136,1137,-1,991,1137,990,-1,990,1137,1138,-1,990,1138,989,-1,989,1138,1139,-1,989,1139,1115,-1,1131,1133,1132,-1,1132,1133,991,-1,1132,991,1140,-1,1140,991,992,-1,1140,992,759,-1,993,763,992,-1,992,763,757,-1,992,757,759,-1,797,798,1141,-1,1141,798,986,-1,1117,1142,1143,-1,1144,1145,1146,-1,1147,1148,986,-1,1149,1150,986,-1,986,1150,1151,-1,986,1151,1146,-1,1148,1152,986,-1,986,1152,1153,-1,986,1153,1141,-1,1154,1155,1156,-1,1156,1155,1157,-1,1156,1157,1158,-1,1158,1157,1159,-1,1158,1159,1160,-1,1143,1161,1117,-1,1117,1161,1162,-1,1117,1162,986,-1,986,1162,1163,-1,986,1163,1149,-1,1145,1164,1146,-1,1146,1164,1165,-1,1146,1165,986,-1,986,1165,1166,-1,986,1166,1147,-1,1167,1168,1169,-1,1169,1168,1170,-1,1154,1171,1155,-1,1155,1171,1000,-1,1155,1000,1172,-1,1172,1000,1002,-1,1172,1002,1173,-1,1173,1002,1174,-1,1173,1174,1117,-1,1117,1174,1175,-1,1117,1175,1142,-1,1176,1177,1178,-1,1178,1177,1179,-1,1178,1179,1169,-1,1169,1179,1180,-1,1169,1180,1167,-1,1181,1182,1183,-1,1170,1184,1169,-1,1169,1184,1185,-1,1169,1185,1186,-1,1186,1185,1187,-1,1186,1187,1159,-1,1159,1187,1188,-1,1159,1188,1160,-1,1177,1189,1179,-1,1179,1189,1190,-1,1179,1190,1191,-1,1191,1192,1179,-1,1179,1192,1193,-1,1179,1193,1194,-1,1195,1196,1197,-1,1197,1196,1198,-1,1182,1199,1183,-1,1183,1199,1200,-1,1183,1200,1201,-1,1201,1200,1202,-1,1201,1202,1146,-1,1146,1202,1203,-1,1146,1203,1144,-1,1178,1204,1176,-1,1176,1204,1205,-1,1176,1205,1206,-1,1206,1205,1207,-1,1181,1183,1197,-1,1197,1183,1208,-1,1197,1208,1195,-1,1198,1209,1197,-1,1197,1209,1210,-1,1197,1210,1211,-1,1056,1055,857,-1,857,1055,858,-1,797,765,795,-1,795,765,768,-1,795,768,793,-1,793,768,770,-1,793,770,791,-1,850,1033,782,-1,782,1033,783,-1,782,783,780,-1,780,783,785,-1,780,785,778,-1,778,785,787,-1,778,787,776,-1,776,787,789,-1,776,789,774,-1,774,789,791,-1,774,791,772,-1,772,791,770,-1,907,935,1201,-1,1201,935,1183,-1,936,906,1200,-1,1200,906,1202,-1,1027,803,1026,-1,1026,803,802,-1,1026,802,1024,-1,1024,802,816,-1,1024,816,1022,-1,1212,1213,1214,-1,1214,1213,1215,-1,1214,1215,1216,-1,1216,1215,1217,-1,1216,1217,1218,-1,1218,1217,1219,-1,1218,1219,1220,-1,1220,1219,1221,-1,816,818,1022,-1,1022,818,820,-1,1022,820,1020,-1,1020,820,822,-1,1020,822,1018,-1,1018,822,824,-1,1018,824,1016,-1,1016,824,826,-1,1016,826,1014,-1,1014,826,828,-1,1014,828,1034,-1,1034,828,830,-1,1034,830,1222,-1,1222,830,1223,-1,1222,1223,1224,-1,1224,1223,1225,-1,1224,1225,1221,-1,1221,1225,1226,-1,1221,1226,1220,-1,960,934,1177,-1,1177,934,1189,-1,932,931,1179,-1,1179,931,1180,-1,949,947,1187,-1,1187,947,1188,-1,1188,947,1160,-1,1160,947,946,-1,1160,946,1158,-1,1158,946,922,-1,1158,922,1156,-1,1156,922,920,-1,1156,920,1154,-1,1154,920,918,-1,1154,918,1171,-1,1171,918,917,-1,1171,917,1000,-1,1000,917,813,-1,1007,806,1008,-1,1008,806,805,-1,1008,805,1009,-1,1009,805,800,-1,1009,800,1010,-1,1010,800,799,-1,1010,799,1011,-1,1011,799,804,-1,1011,804,1012,-1,1012,804,803,-1,1012,803,1027,-1,1000,813,1001,-1,1001,813,812,-1,1001,812,1003,-1,1003,812,811,-1,1003,811,1004,-1,1004,811,810,-1,1004,810,1005,-1,1005,810,809,-1,1005,809,1006,-1,1006,809,808,-1,1006,808,1007,-1,1007,808,807,-1,1007,807,806,-1,1033,850,1047,-1,1047,850,849,-1,1047,849,1048,-1,1048,849,842,-1,1048,842,1046,-1,1046,842,841,-1,1046,841,1053,-1,1053,841,853,-1,1053,853,1054,-1,1054,853,854,-1,1054,854,1055,-1,1055,854,858,-1,765,797,897,-1,897,797,1141,-1,897,1141,898,-1,898,1141,1153,-1,898,1153,899,-1,899,1153,1152,-1,899,1152,900,-1,900,1152,1148,-1,900,1148,901,-1,901,1148,1147,-1,901,1147,911,-1,911,1147,1166,-1,1202,906,1203,-1,1203,906,905,-1,1203,905,1144,-1,1144,905,904,-1,1144,904,1145,-1,1145,904,903,-1,1145,903,1164,-1,1164,903,913,-1,1164,913,1165,-1,1165,913,912,-1,1165,912,1166,-1,1166,912,911,-1,1189,934,945,-1,1189,945,1190,-1,1190,945,944,-1,1190,944,1191,-1,1191,944,941,-1,1191,941,1192,-1,1192,941,942,-1,1192,942,1193,-1,1193,942,943,-1,1193,943,1194,-1,1194,943,932,-1,1194,932,1179,-1,949,1187,1185,-1,949,1185,950,-1,950,1185,1184,-1,950,1184,926,-1,926,1184,1170,-1,926,1170,927,-1,927,1170,1168,-1,927,1168,929,-1,929,1168,1167,-1,929,1167,930,-1,930,1167,1180,-1,930,1180,931,-1,1210,952,951,-1,1210,951,1211,-1,1211,951,940,-1,1211,940,1197,-1,1197,940,939,-1,1197,939,1181,-1,1181,939,938,-1,1181,938,1182,-1,1182,938,937,-1,1182,937,1199,-1,1199,937,936,-1,1199,936,1200,-1,952,1210,1209,-1,952,1209,962,-1,962,1209,1198,-1,962,1198,963,-1,963,1198,1196,-1,963,1196,953,-1,953,1196,1195,-1,953,1195,954,-1,954,1195,1208,-1,954,1208,955,-1,955,1208,1183,-1,955,1183,935,-1,916,1173,887,-1,887,1173,1117,-1,887,1117,885,-1,885,1117,1118,-1,885,1118,879,-1,879,1118,1119,-1,879,1119,876,-1,876,1119,1120,-1,876,1120,1121,-1,1178,1169,933,-1,933,1169,928,-1,874,867,1127,-1,1127,867,1131,-1,862,1137,1136,-1,881,880,1115,-1,1115,880,877,-1,1115,877,1116,-1,1116,877,876,-1,1116,876,1121,-1,881,1115,882,-1,882,1115,1139,-1,882,1139,862,-1,862,1139,1138,-1,862,1138,1137,-1,1131,867,1133,-1,1133,867,866,-1,1133,866,1134,-1,1134,866,865,-1,1134,865,1135,-1,1135,865,864,-1,1135,864,1136,-1,1136,864,863,-1,1136,863,862,-1,928,1169,948,-1,948,1169,1186,-1,948,1186,921,-1,921,1186,1159,-1,921,1159,919,-1,919,1159,1157,-1,919,1157,914,-1,914,1157,1155,-1,914,1155,915,-1,915,1155,1172,-1,915,1172,916,-1,916,1172,1173,-1,1075,1074,245,-1,245,1074,243,-1,1061,1084,235,-1,235,1084,232,-1,1227,1228,1229,-1,1229,1228,1230,-1,1229,1230,1231,-1,1231,1230,1232,-1,1231,1232,1073,-1,1073,1232,600,-1,1073,600,1104,-1,1104,600,590,-1,1104,590,1233,-1,1233,590,1234,-1,1233,1234,1235,-1,1235,1234,1236,-1,1235,1236,1237,-1,1237,1236,1238,-1,1239,1235,1240,-1,1240,1235,1237,-1,1237,1241,1242,-1,1242,1241,1243,-1,1242,1243,1244,-1,1242,1245,1237,-1,1237,1245,1246,-1,1237,1246,1240,-1,1240,1246,1247,-1,1240,1247,1248,-1,1249,1250,1251,-1,1251,1250,1240,-1,1251,1240,1252,-1,1252,1240,1248,-1,1253,1254,1246,-1,1246,1254,1247,-1,1255,1254,1256,-1,1236,1257,1238,-1,1238,1257,1256,-1,1258,1259,1260,-1,1256,1254,1238,-1,1238,1254,1253,-1,1238,1253,1261,-1,1262,1263,1264,-1,1258,1260,1256,-1,1256,1260,1265,-1,1256,1265,1255,-1,1261,1253,1264,-1,1264,1253,1266,-1,1264,1266,1262,-1,1257,1236,1234,-1,197,1267,590,-1,590,1267,1268,-1,590,1268,1234,-1,1234,1268,1269,-1,1234,1269,1257,-1,1270,1105,1104,-1,1233,1235,1239,-1,1239,1271,1233,-1,1233,1271,1272,-1,1233,1272,1104,-1,1104,1272,1273,-1,1104,1273,1270,-1,1239,1240,1256,-1,1268,1271,1269,-1,1269,1271,1239,-1,1269,1239,1257,-1,1257,1239,1256,-1,1253,1246,1245,-1,1253,1245,1266,-1,1266,1245,1242,-1,1266,1242,1262,-1,1262,1242,1244,-1,1262,1244,1263,-1,1263,1244,1243,-1,1263,1243,1264,-1,1264,1243,1241,-1,1264,1241,1261,-1,1261,1241,1237,-1,1261,1237,1238,-1,1075,245,257,-1,1075,257,1102,-1,1102,257,256,-1,1102,256,1087,-1,1087,256,255,-1,1087,255,1088,-1,1088,255,254,-1,1088,254,1089,-1,1089,254,253,-1,1089,253,1076,-1,1076,253,252,-1,1076,252,762,-1,1247,1254,1255,-1,1247,1255,1248,-1,1248,1255,1265,-1,1248,1265,1252,-1,1252,1265,1260,-1,1252,1260,1251,-1,1251,1260,1259,-1,1251,1259,1249,-1,1249,1259,1258,-1,1249,1258,1250,-1,1250,1258,1256,-1,1250,1256,1240,-1,243,1074,244,-1,244,1074,1060,-1,244,1060,9,-1,9,1060,1059,-1,9,1059,239,-1,239,1059,1086,-1,239,1086,241,-1,241,1086,1085,-1,241,1085,237,-1,237,1085,1062,-1,237,1062,235,-1,235,1062,1061,-1,1272,1271,1268,-1,55,755,1274,-1,1274,755,1112,-1,1274,1112,1275,-1,1275,1112,1101,-1,1275,1101,1276,-1,1276,1101,1081,-1,1276,1081,1277,-1,1277,1081,1080,-1,1277,1080,1278,-1,1278,1080,1103,-1,1278,1103,197,-1,197,1103,1105,-1,197,1105,1267,-1,1267,1105,1270,-1,1267,1270,1268,-1,1268,1270,1273,-1,1268,1273,1272,-1,756,213,1068,-1,1068,213,212,-1,1068,212,1067,-1,1067,212,211,-1,1067,211,1065,-1,1065,211,15,-1,1065,15,1082,-1,1082,15,12,-1,1082,12,1083,-1,1083,12,233,-1,1083,233,1084,-1,1084,233,232,-1,311,324,1113,-1,1113,324,1114,-1,6,1092,7,-1,7,1092,1094,-1,7,1094,1279,-1,1279,1094,1280,-1,1279,1280,1281,-1,1281,1280,1282,-1,1281,1282,1283,-1,1283,1282,1284,-1,843,845,984,-1,843,984,1285,-1,1285,984,982,-1,1285,982,1286,-1,1286,982,980,-1,1286,980,1287,-1,1287,980,978,-1,1287,978,1288,-1,1288,978,977,-1,1288,977,1289,-1,1289,977,975,-1,1289,975,1290,-1,1290,975,973,-1,1290,973,1291,-1,1291,973,608,-1,1291,608,607,-1,679,678,1292,-1,1292,678,972,-1,1292,972,1293,-1,1293,972,974,-1,1293,974,1294,-1,1294,974,976,-1,1294,976,1295,-1,1295,976,979,-1,1295,979,1296,-1,1296,979,981,-1,1296,981,1297,-1,1297,981,983,-1,1297,983,1032,-1,1032,983,985,-1,1298,1299,620,-1,602,1300,620,-1,620,1300,1301,-1,620,1301,1298,-1,1299,1302,620,-1,620,1302,1303,-1,620,1303,1304,-1,1304,1305,620,-1,620,1305,1306,-1,620,1306,1307,-1,1307,1308,620,-1,620,1308,1212,-1,620,1212,1309,-1,1212,1214,1309,-1,1309,1214,1216,-1,1309,1216,1310,-1,1310,1216,1218,-1,1310,1218,1311,-1,1311,1218,1220,-1,1311,1220,1312,-1,1312,1220,1226,-1,1312,1226,1313,-1,1313,1226,1225,-1,1313,1225,1314,-1,1314,1225,1223,-1,1314,1223,1315,-1,1315,1223,830,-1,1315,830,829,-1,969,1316,971,-1,971,1316,611,-1,971,611,610,-1,1317,1318,967,-1,967,1318,1319,-1,967,1319,969,-1,969,1319,1320,-1,969,1320,1316,-1,1321,1322,1323,-1,1323,1322,1324,-1,1324,1325,1323,-1,1323,1325,1326,-1,1323,1326,1327,-1,1328,1329,1323,-1,1323,1329,1330,-1,1323,1330,1321,-1,1327,1331,1323,-1,1323,1331,1332,-1,1323,1332,1328,-1,1333,1334,965,-1,965,1334,1335,-1,965,1335,1336,-1,1336,1337,965,-1,965,1337,1338,-1,965,1338,967,-1,967,1338,1339,-1,967,1339,1317,-1,1331,1333,1332,-1,1332,1333,965,-1,1332,965,1284,-1,1284,965,999,-1,1284,999,1283,-1,1283,999,998,-1,1283,998,1281,-1,1281,998,996,-1,1281,996,1279,-1,1279,996,278,-1,1279,278,7,-1,
        ]
    }
}
Shape{
    appearance Appearance {
        material  Material 	{
            diffuseColor 1.0 1.0 1.0
            specularColor 0.8784313725490196 0.8784313725490196 0.8784313725490196
            ambientIntensity 1.0
            transparency 0.0
            shininess 0.5
        }
    }
    geometry IndexedFaceSet {
        ccw TRUE
        solid FALSE
        coord DEF co Coordinate {
            point [
                -1.6372 0.3432 0.4731, -1.6386 0.3465 0.4829, -1.6417 -0.6161 0.5315, -1.6354 0.3412 0.463, -1.6397 0.3511 0.4921, -1.6405 0.3568 0.5007, -1.641 0.3636 0.5084, -1.6414 0.3714 0.5152, -1.6416 0.3799 0.5209, -1.6417 0.3891 0.5255, -1.6417 0.3989 0.5288, -1.6417 0.409 0.5308, -1.6417 0.4193 0.5315, -1.2677 -0.6161 0.1575, -1.2677 0.3406 0.1575, -1.3509 -0.6161 0.1669, -1.3509 0.3406 0.1669, -1.43 -0.6161 0.1945, -1.43 0.3406 0.1945, -1.5009 -0.6161 0.2391, -1.5009 0.3406 0.2391, -1.5601 -0.6161 0.2983, -1.5601 0.3406 0.2983, -1.6047 -0.6161 0.3692, -1.6047 0.3406 0.3692, -1.6324 -0.6161 0.4483, -1.6324 0.3406 0.4483, -1.6334 0.3406 0.4528
            ]
        }
        coordIndex [
            0,1,2,-1,0,2,3,-1,1,4,2,-1,2,4,5,-1,2,5,6,-1,6,7,2,-1,2,7,8,-1,2,8,9,-1,9,10,2,-1,2,10,11,-1,2,11,12,-1,13,14,15,-1,15,14,16,-1,15,16,17,-1,17,16,18,-1,17,18,19,-1,19,18,20,-1,19,20,21,-1,21,20,22,-1,21,22,23,-1,23,22,24,-1,23,24,25,-1,25,24,26,-1,25,26,2,-1,2,26,27,-1,2,27,3,-1,
        ]
    }
}
Shape{
    appearance Appearance {
        material  Material 	{
            diffuseColor 0.6666666666666666 0.6666666666666666 0.6666666666666666
            specularColor 0.4666666666666667 0.4666666666666667 0.4666666666666667
            ambientIntensity 0.6667
            transparency 0.0
            shininess 0.5
        }
    }
    geometry IndexedFaceSet {
        ccw TRUE
        solid FALSE
        coord DEF co Coordinate {
            point [
                -1.4341 0.9059 1.1262, -1.43 0.9074 1.1283, -1.4694 0.7146 1.1063, -1.5009 -1.9547 1.0838, -1.5008 0.66 1.0837, -1.43 -1.9547 1.1283, -1.494 0.6655 1.0891, -1.4811 0.6804 1.0985, -1.4763 0.6883 1.1018, -1.4725 0.697 1.1043, -1.4702 0.7056 1.1058, -1.4609 0.8917 1.1116, -1.4558 0.8963 1.1146, -1.4521 0.889 1.1168, -1.4502 0.8999 1.1178, -1.4689 0.8773 1.1066, -1.4673 0.8822 1.1076, -1.4645 0.8874 1.1094, -1.4694 0.872 1.1063, -1.5425 0.6378 1.0451, -1.5261 0.6436 1.0617, -1.5096 0.653 1.0767, -1.6417 -1.9547 0.7913, -1.6417 0.6358 0.7913, -1.6324 -1.9547 0.8746, -1.6324 0.6358 0.8746, -1.6047 -1.9547 0.9536, -1.6047 0.6358 0.9536, -1.5601 -1.9547 1.0245, -1.5601 0.6358 1.0245, -1.5577 0.6358 1.0276, -1.4142 0.9101 1.1355, -1.3509 -1.9547 1.156, -1.2677 0.9114 1.1654, -1.2677 -1.9547 1.1654, -1.3509 0.9114 1.156, -1.3875 0.9114 1.1457, -0.8937 -0.6949 0.0394, -0.8937 -1.1673 0.0394, -0.8937 -0.6949 0.1575, -0.8937 -1.1673 0.1575, -1.7598 -1.2461 0.5315, -1.6417 -1.2461 0.5315, -1.7504 -1.2461 0.4355, -1.6324 -1.2461 0.4483, -1.7224 -1.2461 0.3432, -1.6047 -1.2461 0.3692, -1.6769 -1.2461 0.2581, -1.5601 -1.2461 0.2983, -1.6157 -1.2461 0.1835, -1.5009 -1.2461 0.2391, -0.9724 -1.2461 0.1575, -0.9724 -1.2461 0.0394, -1.2677 -1.2461 0.1575, -1.2677 -1.2461 0.0394, -1.3509 -1.2461 0.1669, -1.3637 -1.2461 0.0488, -1.43 -1.2461 0.1945, -1.456 -1.2461 0.0768, -1.5411 -1.2461 0.1223, -1.6417 -0.7736 0.5315, -1.6417 -0.7736 -0.1968, -1.7598 -0.7736 0.5315, -1.7598 -0.7736 -0.1968, -1.7598 -1.0886 0.5315, -1.7598 -1.0886 -0.1968, -1.6417 -1.0886 0.5315, -1.6417 -1.0886 -0.1968, -1.6417 0.9311 0.5945, -1.6417 0.9311 -0.1968, -1.7598 0.9311 0.5945, -1.7598 0.9311 -0.1968, -1.7598 0.6555 -0.3543, -1.7598 0.7736 -0.3543, -1.6417 0.6555 -0.3543, -1.6417 0.7736 -0.3543, -1.7598 0.498 0.4528, -1.7598 0.498 -0.1968, -1.6417 0.498 0.4528, -1.6417 0.498 -0.1968, -1.6417 0.4193 0.5315, -1.7598 0.4193 0.5315, -1.6417 0.4397 0.5288, -1.7598 0.4397 0.5288, -1.6417 0.4587 0.5209, -1.7598 0.4587 0.5209, -1.6417 0.475 0.5084, -1.7598 0.475 0.5084, -1.6417 0.4875 0.4921, -1.7598 0.4875 0.4921, -1.6417 0.4953 0.4731, -1.7598 0.4953 0.4731, -1.7598 0.409 0.5308, -1.6417 0.409 0.5308, -1.7598 0.3989 0.5288, -1.6417 0.3989 0.5288, -1.7598 0.3892 0.5255, -1.6417 0.3891 0.5255, -1.7597 0.3799 0.5209, -1.6416 0.3799 0.5209, -1.7596 0.3713 0.5152, -1.6414 0.3714 0.5152, -1.7593 0.3636 0.5084, -1.641 0.3636 0.5084, -1.7589 0.3568 0.5007, -1.6405 0.3568 0.5007, -1.7583 0.3511 0.4921, -1.6397 0.3511 0.4921, -1.7574 0.3466 0.4829, -1.6386 0.3465 0.4829, -1.7564 0.3432 0.4731, -1.6372 0.3432 0.4731, -1.7551 0.3412 0.463, -1.6354 0.3412 0.463, -1.7535 0.3406 0.4528, -1.6334 0.3406 0.4528, -0.8964 -1.1877 0.1575, -0.8964 -1.1877 0.0394, -0.9042 -1.2067 0.1575, -0.9042 -1.2067 0.0394, -0.9168 -1.223 0.1575, -0.9168 -1.223 0.0394, -0.9331 -1.2355 0.1575, -0.9331 -1.2355 0.0394, -0.9521 -1.2434 0.1575, -0.9521 -1.2434 0.0394, -1.7598 -1.1673 0.6102, -1.6417 -1.1673 0.6102, -1.7598 -1.1877 0.6076, -1.6417 -1.1877 0.6076, -1.7598 -1.2067 0.5997, -1.6417 -1.2067 0.5997, -1.7598 -1.223 0.5872, -1.6417 -1.223 0.5872, -1.7598 -1.2355 0.5709, -1.6417 -1.2355 0.5709, -1.7598 -1.2434 0.5519, -1.6417 -1.2434 0.5519, -1.6417 -1.1469 0.6076, -1.7598 -1.1469 0.6076, -1.6417 -1.128 0.5997, -1.7598 -1.128 0.5997, -1.6417 -1.1116 0.5872, -1.7598 -1.1116 0.5872, -1.6417 -1.0991 0.5709, -1.7598 -1.0991 0.5709, -1.6417 -1.0913 0.5519, -1.7598 -1.0913 0.5519, -1.7598 0.8144 -0.349, -1.6417 0.8144 -0.349, -1.7598 0.8524 -0.3332, -1.6417 0.8524 -0.3332, -1.7598 0.885 -0.3082, -1.6417 0.885 -0.3082, -1.7598 0.91 -0.2756, -1.6417 0.91 -0.2756, -1.7598 0.9257 -0.2376, -1.6417 0.9257 -0.2376, -1.6417 0.6148 -0.349, -1.7598 0.6148 -0.349, -1.6417 0.5768 -0.3332, -1.7598 0.5768 -0.3332, -1.6417 0.5442 -0.3082, -1.7598 0.5442 -0.3082, -1.6417 0.5191 -0.2756, -1.7598 0.5191 -0.2756, -1.6417 0.5034 -0.2376, -1.7598 0.5034 -0.2376, -1.7598 -1.0832 -0.2376, -1.6417 -1.0832 -0.2376, -1.7598 -1.0675 -0.2756, -1.6417 -1.0675 -0.2756, -1.7598 -1.0425 -0.3082, -1.6417 -1.0425 -0.3082, -1.7598 -1.0098 -0.3332, -1.6417 -1.0098 -0.3332, -1.7598 -0.9719 -0.349, -1.6417 -0.9719 -0.349, -1.7598 -0.9311 -0.3543, -1.6417 -0.9311 -0.3543, -1.6417 -0.779 -0.2376, -1.7598 -0.779 -0.2376, -1.6417 -0.7947 -0.2756, -1.7598 -0.7947 -0.2756, -1.6417 -0.8197 -0.3082, -1.7598 -0.8197 -0.3082, -1.6417 -0.8524 -0.3332, -1.7598 -0.8524 -0.3332, -1.6417 -0.8903 -0.349, -1.7598 -0.8903 -0.349, -1.6994 0.6358 1.0276, -1.7224 0.6358 0.9797, -1.6417 0.6358 0.752, -1.7598 0.6358 0.752, -1.7598 0.6358 0.7913, -1.7504 0.6358 0.8873, -1.7598 0.8524 0.6732, -1.7598 0.7146 0.6732, -1.6417 0.8524 0.6732, -1.6417 0.7146 0.6732, -1.6459 0.872 1.1063, -1.6459 0.7146 1.1063, -1.6463 0.7057 1.1058, -1.6475 0.697 1.1043, -1.6495 0.6885 1.1019, -1.6522 0.6804 1.0985, -1.6595 0.6655 1.0891, -1.6687 0.653 1.0767, -1.6769 0.6452 1.0647, -1.6789 0.644 1.0616, -1.6894 0.6378 1.0451, -1.7598 0.6385 0.7316, -1.6417 0.6385 0.7316, -1.7598 0.6464 0.7126, -1.6417 0.6464 0.7126, -1.7598 0.6589 0.6963, -1.6417 0.6589 0.6963, -1.7598 0.6752 0.6838, -1.6417 0.6752 0.6838, -1.7598 0.6942 0.6759, -1.6417 0.6942 0.6759, -1.1102 0.5177 1.1654, -1.1102 0.8327 1.1654, -1.1102 0.5177 1.2835, -1.1102 0.8327 1.2835, -0.5118 0.439 1.1654, -1.0315 0.439 1.1654, -0.5118 0.439 1.2835, -1.0315 0.439 1.2835, -0.5301 0.9114 1.1548, -0.5301 0.6555 1.1548, -0.9239 0.9114 0.9274, -0.9239 0.6555 0.9274, -0.9921 0.8327 0.888, -0.9665 0.8942 0.9029, -0.9535 0.9036 0.9103, -0.9416 0.6582 0.9172, -0.958 0.6661 0.9077, -0.9904 0.8502 0.889, -0.9854 0.8668 0.8919, -0.9772 0.8818 0.8966, -0.9391 0.9094 0.9187, -0.9921 0.7343 0.888, -0.9898 0.7139 0.8894, -0.9722 0.6786 0.8996, -0.983 0.6949 0.8933, -1.0512 0.7343 0.9903, -1.0512 0.8327 0.9903, -1.0006 0.6582 1.0195, -0.983 0.6555 1.0297, -1.0126 0.9036 1.0126, -1.0255 0.8942 1.0052, -1.042 0.6949 0.9956, -1.0312 0.6786 1.0019, -1.0171 0.6661 1.01, -0.5891 0.6555 1.2571, -0.5891 0.9114 1.2571, -0.983 0.9114 1.0297, -0.9982 0.9094 1.0209, -1.0363 0.8818 0.9989, -1.0444 0.8668 0.9942, -1.0495 0.8502 0.9913, -1.0489 0.7139 0.9917, -0.5417 0.6555 1.2768, -0.5118 0.6555 1.2823, -0.4907 0.9114 1.2835, -0.4943 0.6535 1.2834, -0.4907 0.6526 1.2835, -0.5417 0.9114 1.2768, -0.4907 0.6526 1.1654, -0.4943 0.6533 1.1651, -0.4907 0.9114 1.1654, -0.5027 0.655 1.1644, -0.5111 0.9114 1.1627, -0.5111 0.6555 1.1627, -0.5118 0.6555 1.1625, -1.189 0.9114 1.1654, -1.189 0.9114 1.2835, -1.1686 0.9087 1.2835, -1.1686 0.9087 1.1654, -1.1496 0.9009 1.2835, -1.1496 0.9009 1.1654, -1.1333 0.8884 1.2835, -1.1333 0.8884 1.1654, -1.1208 0.872 1.2835, -1.1208 0.872 1.1654, -1.1129 0.8531 1.2835, -1.1129 0.8531 1.1654, -1.0519 0.4417 1.2835, -1.0519 0.4417 1.1654, -1.0709 0.4495 1.2835, -1.0709 0.4495 1.1654, -1.0872 0.462 1.2835, -1.0872 0.462 1.1654, -1.0997 0.4783 1.2835, -1.0997 0.4783 1.1654, -1.1076 0.4973 1.2835, -1.1076 0.4973 1.1654, -0.4776 0.6477 1.1654, -0.4331 0.5768 1.1654, -0.4331 0.5768 1.2835, -0.435 0.5943 1.1654, -0.435 0.5943 1.2835, -0.4409 0.6109 1.1654, -0.4409 0.6109 1.2835, -0.4502 0.6259 1.1654, -0.4502 0.6259 1.2835, -0.4627 0.6383 1.1654, -0.4627 0.6383 1.2835, -0.4776 0.6477 1.2835, -0.4914 0.4417 1.1654, -0.4914 0.4417 1.2835, -0.4724 0.4495 1.1654, -0.4724 0.4495 1.2835, -0.4561 0.462 1.1654, -0.4561 0.462 1.2835, -0.4436 0.4783 1.1654, -0.4436 0.4783 1.2835, -0.4358 0.4973 1.1654, -0.4358 0.4973 1.2835, -0.4331 0.5177 1.1654, -0.4331 0.5177 1.2835, -1.7598 0.9284 0.6149, -1.6417 0.9284 0.6149, -1.7598 0.9206 0.6339, -1.6417 0.9206 0.6339, -1.7598 0.908 0.6502, -1.6417 0.908 0.6502, -1.7598 0.8917 0.6627, -1.6417 0.8917 0.6627, -1.7598 0.8727 0.6705, -1.6417 0.8727 0.6705, 1.6417 0.8524 0.6732, 1.7598 0.8524 0.6732, 1.7598 0.8727 0.6705, 1.6417 0.8727 0.6705, 1.7598 0.8917 0.6627, 1.6417 0.8917 0.6627, 1.7598 0.908 0.6502, 1.6417 0.908 0.6502, 1.7598 0.9206 0.6339, 1.6417 0.9206 0.6339, 1.7598 0.9284 0.6149, 1.6417 0.9284 0.6149, 1.7598 0.9311 0.5945, 1.6417 0.9311 0.5945, 1.4609 0.8917 1.1116, 1.4558 0.8962 1.1146, 1.6359 0.8999 1.1178, 1.6459 0.872 1.1063, 1.4694 0.872 1.1063, 1.6456 0.8772 1.1066, 1.4689 0.8773 1.1067, 1.6447 0.8822 1.1076, 1.4673 0.8822 1.1076, 1.6433 0.8872 1.1093, 1.4645 0.8873 1.1094, 1.6414 0.8917 1.1116, 1.6389 0.8961 1.1145, 1.4502 0.8999 1.1178, 1.4347 0.9061 1.126, 1.6285 0.9061 1.126, 1.6195 0.9101 1.1355, 1.4142 0.9101 1.1355, 1.3875 0.9114 1.1457, 1.6092 0.9114 1.1457, 1.4299 0.9071 1.1282, 1.6157 0.9106 1.1393, -1.6092 0.9114 1.1457, -1.6157 0.9106 1.1393, -1.6195 0.9101 1.1355, -1.6285 0.9061 1.126, -1.6359 0.8999 1.1178, -1.6389 0.8961 1.1145, -1.6414 0.8917 1.1116, -1.6433 0.8872 1.1093, -1.6447 0.8822 1.1076, -1.6456 0.8772 1.1066, 1.7598 -0.6161 0.5315, 1.6417 -0.6161 0.5315, 1.7504 -0.6161 0.4355, 1.6324 -0.6161 0.4483, 1.7224 -0.6161 0.3432, 1.6047 -0.6161 0.3692, 1.6769 -0.6161 0.2581, 1.5601 -0.6161 0.2983, 1.6157 -0.6161 0.1835, 1.5009 -0.6161 0.2391, 0.9724 -0.6161 0.1575, 0.9724 -0.6161 0.0394, 1.2677 -0.6161 0.1575, 1.2677 -0.6161 0.0394, 1.3509 -0.6161 0.1669, 1.3637 -0.6161 0.0488, 1.43 -0.6161 0.1945, 1.456 -0.6161 0.0768, 1.5411 -0.6161 0.1223, -1.6417 -0.6161 0.5315, -1.7598 -0.6161 0.5315, -1.6324 -0.6161 0.4483, -1.7504 -0.6161 0.4355, -1.6047 -0.6161 0.3692, -1.7224 -0.6161 0.3432, -1.5601 -0.6161 0.2983, -0.9724 -0.6161 0.0394, -0.9724 -0.6161 0.1575, -1.2677 -0.6161 0.0394, -1.2677 -0.6161 0.1575, -1.3637 -0.6161 0.0488, -1.3509 -0.6161 0.1669, -1.456 -0.6161 0.0768, -1.43 -0.6161 0.1945, -1.5411 -0.6161 0.1223, -1.5009 -0.6161 0.2391, -1.6157 -0.6161 0.1835, -1.6769 -0.6161 0.2581, -0.9521 -0.6188 0.1575, -0.9521 -0.6188 0.0394, -0.9331 -0.6267 0.1575, -0.9331 -0.6267 0.0394, -0.9168 -0.6392 0.1575, -0.9168 -0.6392 0.0394, -0.9042 -0.6555 0.1575, -0.9042 -0.6555 0.0394, -0.8964 -0.6745 0.1575, -0.8964 -0.6745 0.0394, -1.6417 -0.7709 0.5519, -1.7598 -0.7709 0.5519, -1.6417 -0.7631 0.5709, -1.7598 -0.7631 0.5709, -1.6417 -0.7506 0.5872, -1.7598 -0.7506 0.5872, -1.6417 -0.7343 0.5997, -1.7598 -0.7343 0.5997, -1.6417 -0.7153 0.6076, -1.7598 -0.7153 0.6076, -1.6417 -0.6949 0.6102, -1.7598 -0.6949 0.6102, -1.6417 -0.6745 0.6076, -1.7598 -0.6745 0.6076, -1.6417 -0.6555 0.5997, -1.7598 -0.6555 0.5997, -1.6417 -0.6392 0.5872, -1.7598 -0.6392 0.5872, -1.6417 -0.6267 0.5709, -1.7598 -0.6267 0.5709, -1.6417 -0.6188 0.5519, -1.7598 -0.6188 0.5519, 0.9521 -0.6188 0.0394, 0.9521 -0.6188 0.1575, 0.9331 -0.6267 0.0394, 0.9331 -0.6267 0.1575, 0.9168 -0.6392 0.0394, 0.9168 -0.6392 0.1575, 0.9042 -0.6555 0.0394, 0.9042 -0.6555 0.1575, 0.8964 -0.6745 0.0394, 0.8964 -0.6745 0.1575, 0.8937 -0.6949 0.0394, 0.8937 -0.6949 0.1575, 1.7598 -0.7736 0.5315, 1.6417 -0.7736 0.5315, 1.7598 -0.7709 0.5519, 1.6417 -0.7709 0.5519, 1.7598 -0.7631 0.5709, 1.6417 -0.7631 0.5709, 1.7598 -0.7506 0.5872, 1.6417 -0.7506 0.5872, 1.7598 -0.7343 0.5997, 1.6417 -0.7343 0.5997, 1.7598 -0.7153 0.6076, 1.6417 -0.7153 0.6076, 1.7598 -0.6949 0.6102, 1.6417 -0.6949 0.6102, 1.7598 -0.6745 0.6076, 1.6417 -0.6745 0.6076, 1.7598 -0.6555 0.5997, 1.6417 -0.6555 0.5997, 1.7598 -0.6392 0.5872, 1.6417 -0.6392 0.5872, 1.7598 -0.6267 0.5709, 1.6417 -0.6267 0.5709, 1.7598 -0.6188 0.5519, 1.6417 -0.6188 0.5519
            ]
        }
        coordIndex [
            0,1,2,-1,3,4,5,-1,5,4,6,-1,5,6,7,-1,7,8,5,-1,5,8,9,-1,5,9,10,-1,2,1,10,-1,11,12,13,-1,13,12,14,-1,13,14,0,-1,15,16,13,-1,13,16,17,-1,13,17,11,-1,0,2,13,-1,13,2,18,-1,13,18,15,-1,19,20,3,-1,3,20,21,-1,3,21,4,-1,22,23,24,-1,24,23,25,-1,24,25,26,-1,26,25,27,-1,26,27,28,-1,28,27,29,-1,28,29,3,-1,3,29,30,-1,3,30,19,-1,10,1,5,-1,5,1,31,-1,5,31,32,-1,33,34,35,-1,35,34,32,-1,35,32,36,-1,36,32,31,-1,37,38,39,-1,39,38,40,-1,41,42,43,-1,43,42,44,-1,43,44,45,-1,45,44,46,-1,45,46,47,-1,47,46,48,-1,47,48,49,-1,49,48,50,-1,51,52,53,-1,53,52,54,-1,53,54,55,-1,55,54,56,-1,55,56,57,-1,57,56,58,-1,57,58,50,-1,50,58,59,-1,50,59,49,-1,60,61,62,-1,62,61,63,-1,64,65,66,-1,66,65,67,-1,68,69,70,-1,70,69,71,-1,72,73,74,-1,74,73,75,-1,76,77,78,-1,78,77,79,-1,80,81,82,-1,82,81,83,-1,82,83,84,-1,84,83,85,-1,84,85,86,-1,86,85,87,-1,86,87,88,-1,88,87,89,-1,88,89,90,-1,90,89,91,-1,90,91,78,-1,78,91,76,-1,81,80,92,-1,92,80,93,-1,92,93,94,-1,94,93,95,-1,94,95,96,-1,96,95,97,-1,96,97,98,-1,98,97,99,-1,98,99,100,-1,100,99,101,-1,100,101,102,-1,102,101,103,-1,102,103,104,-1,104,103,105,-1,104,105,106,-1,106,105,107,-1,106,107,108,-1,108,107,109,-1,108,109,110,-1,110,109,111,-1,110,111,112,-1,112,111,113,-1,112,113,114,-1,114,113,115,-1,40,38,116,-1,116,38,117,-1,116,117,118,-1,118,117,119,-1,118,119,120,-1,120,119,121,-1,120,121,122,-1,122,121,123,-1,122,123,124,-1,124,123,125,-1,124,125,51,-1,51,125,52,-1,126,127,128,-1,128,127,129,-1,128,129,130,-1,130,129,131,-1,130,131,132,-1,132,131,133,-1,132,133,134,-1,134,133,135,-1,134,135,136,-1,136,135,137,-1,136,137,41,-1,41,137,42,-1,127,126,138,-1,138,126,139,-1,138,139,140,-1,140,139,141,-1,140,141,142,-1,142,141,143,-1,142,143,144,-1,144,143,145,-1,144,145,146,-1,146,145,147,-1,146,147,66,-1,66,147,64,-1,75,73,148,-1,75,148,149,-1,149,148,150,-1,149,150,151,-1,151,150,152,-1,151,152,153,-1,153,152,154,-1,153,154,155,-1,155,154,156,-1,155,156,157,-1,157,156,71,-1,157,71,69,-1,72,74,158,-1,72,158,159,-1,159,158,160,-1,159,160,161,-1,161,160,162,-1,161,162,163,-1,163,162,164,-1,163,164,165,-1,165,164,166,-1,165,166,167,-1,167,166,79,-1,167,79,77,-1,67,65,168,-1,67,168,169,-1,169,168,170,-1,169,170,171,-1,171,170,172,-1,171,172,173,-1,173,172,174,-1,173,174,175,-1,175,174,176,-1,175,176,177,-1,177,176,178,-1,177,178,179,-1,63,61,180,-1,63,180,181,-1,181,180,182,-1,181,182,183,-1,183,182,184,-1,183,184,185,-1,185,184,186,-1,185,186,187,-1,187,186,188,-1,187,188,189,-1,189,188,179,-1,189,179,178,-1,30,29,190,-1,190,29,27,-1,190,27,191,-1,191,27,25,-1,192,193,23,-1,23,193,194,-1,23,194,25,-1,25,194,195,-1,25,195,191,-1,196,197,198,-1,198,197,199,-1,18,2,200,-1,200,2,201,-1,201,2,10,-1,201,10,202,-1,202,10,9,-1,202,9,203,-1,203,9,8,-1,203,8,204,-1,204,8,7,-1,204,7,205,-1,205,7,6,-1,205,6,206,-1,206,6,4,-1,206,4,207,-1,207,4,21,-1,207,21,208,-1,208,21,20,-1,208,20,209,-1,209,20,19,-1,209,19,210,-1,210,19,30,-1,210,30,190,-1,193,192,211,-1,211,192,212,-1,211,212,213,-1,213,212,214,-1,213,214,215,-1,215,214,216,-1,215,216,217,-1,217,216,218,-1,217,218,219,-1,219,218,220,-1,219,220,197,-1,197,220,199,-1,221,222,223,-1,223,222,224,-1,225,226,227,-1,227,226,228,-1,229,230,231,-1,231,230,232,-1,233,234,235,-1,232,236,237,-1,233,238,234,-1,234,238,239,-1,234,239,240,-1,235,241,233,-1,233,241,231,-1,233,231,242,-1,242,231,232,-1,242,232,243,-1,237,244,232,-1,232,244,245,-1,232,245,243,-1,246,247,242,-1,242,247,233,-1,248,249,246,-1,250,251,247,-1,246,249,247,-1,252,253,254,-1,255,256,249,-1,249,256,257,-1,249,257,247,-1,247,257,258,-1,247,258,250,-1,259,260,251,-1,251,260,261,-1,251,261,247,-1,248,246,254,-1,254,246,262,-1,254,262,252,-1,263,264,265,-1,265,264,266,-1,265,266,267,-1,265,268,263,-1,263,268,256,-1,263,256,255,-1,269,270,271,-1,271,270,272,-1,271,272,273,-1,273,272,274,-1,273,274,229,-1,229,274,275,-1,229,275,230,-1,249,232,255,-1,255,232,230,-1,255,230,263,-1,263,230,275,-1,263,275,264,-1,257,231,241,-1,257,241,258,-1,258,241,235,-1,258,235,250,-1,250,235,234,-1,250,234,251,-1,251,234,240,-1,251,240,259,-1,259,240,239,-1,259,239,260,-1,260,239,238,-1,260,238,261,-1,261,238,233,-1,261,233,247,-1,276,277,278,-1,276,278,279,-1,279,278,280,-1,279,280,281,-1,281,280,282,-1,281,282,283,-1,283,282,284,-1,283,284,285,-1,285,284,286,-1,285,286,287,-1,287,286,224,-1,287,224,222,-1,232,249,248,-1,232,248,236,-1,236,248,254,-1,236,254,237,-1,237,254,253,-1,237,253,244,-1,244,253,252,-1,244,252,245,-1,245,252,262,-1,245,262,243,-1,243,262,246,-1,243,246,242,-1,228,226,288,-1,288,226,289,-1,288,289,290,-1,290,289,291,-1,290,291,292,-1,292,291,293,-1,292,293,294,-1,294,293,295,-1,294,295,296,-1,296,295,297,-1,296,297,223,-1,223,297,221,-1,275,274,264,-1,264,274,272,-1,264,272,266,-1,272,270,266,-1,266,270,269,-1,266,269,267,-1,267,269,298,-1,299,300,301,-1,301,300,302,-1,301,302,303,-1,303,302,304,-1,303,304,305,-1,305,304,306,-1,305,306,307,-1,307,306,308,-1,307,308,298,-1,298,308,309,-1,298,309,267,-1,225,227,310,-1,310,227,311,-1,310,311,312,-1,312,311,313,-1,312,313,314,-1,314,313,315,-1,314,315,316,-1,316,315,317,-1,316,317,318,-1,318,317,319,-1,318,319,320,-1,320,319,321,-1,68,70,322,-1,68,322,323,-1,323,322,324,-1,323,324,325,-1,325,324,326,-1,325,326,327,-1,327,326,328,-1,327,328,329,-1,329,328,330,-1,329,330,331,-1,331,330,196,-1,331,196,198,-1,332,333,334,-1,332,334,335,-1,335,334,336,-1,335,336,337,-1,337,336,338,-1,337,338,339,-1,339,338,340,-1,339,340,341,-1,341,340,342,-1,341,342,343,-1,343,342,344,-1,343,344,345,-1,346,347,348,-1,349,350,351,-1,351,350,352,-1,351,352,353,-1,353,352,354,-1,353,354,355,-1,355,354,356,-1,355,356,357,-1,357,356,346,-1,357,346,358,-1,358,346,348,-1,347,359,348,-1,348,359,360,-1,348,360,361,-1,361,360,362,-1,363,364,365,-1,360,366,362,-1,362,366,363,-1,362,363,367,-1,367,363,365,-1,368,36,369,-1,369,36,31,-1,369,31,370,-1,370,31,1,-1,370,1,371,-1,1,0,371,-1,371,0,14,-1,371,14,372,-1,372,14,12,-1,372,12,373,-1,373,12,11,-1,373,11,374,-1,374,11,17,-1,374,17,375,-1,375,17,16,-1,375,16,376,-1,376,16,15,-1,376,15,377,-1,377,15,18,-1,377,18,200,-1,378,379,380,-1,380,379,381,-1,380,381,382,-1,382,381,383,-1,382,383,384,-1,384,383,385,-1,384,385,386,-1,386,385,387,-1,388,389,390,-1,390,389,391,-1,390,391,392,-1,392,391,393,-1,392,393,394,-1,394,393,395,-1,394,395,387,-1,387,395,396,-1,387,396,386,-1,397,398,399,-1,399,398,400,-1,399,400,401,-1,401,400,402,-1,401,402,403,-1,404,405,406,-1,406,405,407,-1,406,407,408,-1,408,407,409,-1,408,409,410,-1,410,409,411,-1,410,411,412,-1,412,411,413,-1,412,413,414,-1,414,413,403,-1,414,403,415,-1,415,403,402,-1,405,404,416,-1,416,404,417,-1,416,417,418,-1,418,417,419,-1,418,419,420,-1,420,419,421,-1,420,421,422,-1,422,421,423,-1,422,423,424,-1,424,423,425,-1,424,425,39,-1,39,425,37,-1,60,62,426,-1,426,62,427,-1,426,427,428,-1,428,427,429,-1,428,429,430,-1,430,429,431,-1,430,431,432,-1,432,431,433,-1,432,433,434,-1,434,433,435,-1,434,435,436,-1,436,435,437,-1,436,437,438,-1,438,437,439,-1,438,439,440,-1,440,439,441,-1,440,441,442,-1,442,441,443,-1,442,443,444,-1,444,443,445,-1,444,445,446,-1,446,445,447,-1,446,447,397,-1,397,447,398,-1,389,388,448,-1,448,388,449,-1,448,449,450,-1,450,449,451,-1,450,451,452,-1,452,451,453,-1,452,453,454,-1,454,453,455,-1,454,455,456,-1,456,455,457,-1,456,457,458,-1,458,457,459,-1,460,461,462,-1,462,461,463,-1,462,463,464,-1,464,463,465,-1,464,465,466,-1,466,465,467,-1,466,467,468,-1,468,467,469,-1,468,469,470,-1,470,469,471,-1,470,471,472,-1,472,471,473,-1,472,473,474,-1,474,473,475,-1,474,475,476,-1,476,475,477,-1,476,477,478,-1,478,477,479,-1,478,479,480,-1,480,479,481,-1,480,481,482,-1,482,481,483,-1,482,483,378,-1,378,483,379,-1,
        ]
    }
}
Shape{
    appearance Appearance {
        material  Material 	{
            diffuseColor 0.0 0.0 0.0
            specularColor 0.0 0.0 0.0
            ambientIntensity 0.0
            transparency 0.0
            shininess 0.5
        }
    }
    geometry IndexedFaceSet {
        ccw TRUE
        solid FALSE
        coord DEF co Coordinate {
            point [
                0.2381 0.521 1.2874, 0.2441 0.5246 1.2874, 0.2363 0.5228 1.2874, 0.2416 0.5271 1.2874, 0.2319 0.5256 1.2874, 0.2363 0.5308 1.2874, 0.227 0.5274 1.2874, 0.2296 0.5335 1.2874, 0.22 0.5281 1.2874, 0.2202 0.5346 1.2874, 0.2114 0.5281 1.2874, 0.2041 0.5346 1.2874, 0.2114 0.4846 1.2874, 0.2041 0.4781 1.2874, 0.2196 0.4846 1.2874, 0.2197 0.4781 1.2874, 0.2266 0.4853 1.2874, 0.2291 0.4793 1.2874, 0.2315 0.487 1.2874, 0.2356 0.4817 1.2874, 0.2352 0.4894 1.2874, 0.241 0.4855 1.2874, 0.2364 0.4904 1.2874, 0.2416 0.486 1.2874, 0.2394 0.4942 1.2874, 0.2456 0.4907 1.2874, 0.2413 0.4984 1.2874, 0.2485 0.4965 1.2874, 0.2423 0.5037 1.2874, 0.2499 0.5031 1.2874, 0.2425 0.5069 1.2874, 0.2501 0.5071 1.2874, 0.2417 0.5135 1.2874, 0.2494 0.5139 1.2874, 0.2402 0.5177 1.2874, 0.2475 0.5195 1.2874, 0.2416 0.486 1.2835, 0.2456 0.4907 1.2835, 0.2485 0.4965 1.2835, 0.2499 0.5031 1.2835, 0.2501 0.5071 1.2835, 0.2494 0.5139 1.2835, 0.2475 0.5195 1.2835, 0.2441 0.5246 1.2835, 0.2416 0.5271 1.2835, 0.2363 0.5308 1.2835, 0.2296 0.5335 1.2835, 0.2202 0.5346 1.2835, 0.2041 0.5346 1.2835, 0.2041 0.4781 1.2835, 0.2197 0.4781 1.2835, 0.2291 0.4793 1.2835, 0.2356 0.4817 1.2835, 0.241 0.4855 1.2835, 0.2363 0.5228 1.2835, 0.2381 0.521 1.2835, 0.2402 0.5177 1.2835, 0.2417 0.5135 1.2835, 0.2425 0.5069 1.2835, 0.22 0.5281 1.2835, 0.227 0.5274 1.2835, 0.2319 0.5256 1.2835, 0.2114 0.5281 1.2835, 0.2114 0.4846 1.2835, 0.2196 0.4846 1.2835, 0.2364 0.4904 1.2835, 0.2352 0.4894 1.2835, 0.2315 0.487 1.2835, 0.2266 0.4853 1.2835, 0.2423 0.5037 1.2835, 0.2413 0.4984 1.2835, 0.2394 0.4942 1.2835
            ]
        }
        coordIndex [
            0,1,2,-1,2,1,3,-1,2,3,4,-1,4,3,5,-1,4,5,6,-1,6,5,7,-1,6,7,8,-1,8,7,9,-1,8,9,10,-1,10,9,11,-1,10,11,12,-1,12,11,13,-1,12,13,14,-1,14,13,15,-1,14,15,16,-1,16,15,17,-1,16,17,18,-1,18,17,19,-1,18,19,20,-1,20,19,21,-1,20,21,22,-1,22,21,23,-1,22,23,24,-1,24,23,25,-1,24,25,26,-1,26,25,27,-1,26,27,28,-1,28,27,29,-1,28,29,30,-1,30,29,31,-1,30,31,32,-1,32,31,33,-1,32,33,34,-1,34,33,35,-1,34,35,0,-1,0,35,1,-1,23,36,37,-1,23,37,25,-1,25,37,38,-1,25,38,27,-1,27,38,39,-1,27,39,29,-1,29,39,40,-1,29,40,31,-1,31,40,41,-1,31,41,33,-1,33,41,42,-1,33,42,35,-1,35,42,43,-1,35,43,1,-1,1,43,44,-1,1,44,3,-1,3,44,45,-1,3,45,5,-1,5,45,46,-1,5,46,7,-1,7,46,47,-1,7,47,9,-1,11,9,48,-1,48,9,47,-1,13,11,49,-1,49,11,48,-1,15,13,50,-1,50,13,49,-1,15,50,51,-1,15,51,17,-1,17,51,52,-1,17,52,19,-1,19,52,53,-1,19,53,21,-1,21,53,36,-1,21,36,23,-1,2,54,55,-1,2,55,0,-1,0,55,56,-1,0,56,34,-1,34,56,57,-1,34,57,32,-1,32,57,58,-1,32,58,30,-1,8,59,60,-1,8,60,6,-1,6,60,61,-1,6,61,4,-1,4,61,54,-1,4,54,2,-1,8,10,59,-1,59,10,62,-1,10,12,62,-1,62,12,63,-1,12,14,63,-1,63,14,64,-1,22,65,66,-1,22,66,20,-1,20,66,67,-1,20,67,18,-1,18,67,68,-1,18,68,16,-1,16,68,64,-1,16,64,14,-1,30,58,69,-1,30,69,28,-1,28,69,70,-1,28,70,26,-1,26,70,71,-1,26,71,24,-1,24,71,65,-1,24,65,22,-1,
        ]
    }
}
Shape{
    appearance Appearance {
        material  Material 	{
            diffuseColor 0.6666666666666666 0.6666666666666666 0.6666666666666666
            specularColor 0.4666666666666667 0.4666666666666667 0.4666666666666667
            ambientIntensity 0.6667
            transparency 0.0
            shininess 0.5
        }
    }
    geometry IndexedFaceSet {
        ccw TRUE
        solid FALSE
        coord DEF co Coordinate {
            point [
                0.2114 0.5281 1.2835, 0.2114 0.4846 1.2835, 0.22 0.5281 1.2835, 0.2196 0.4846 1.2835, 0.2266 0.4853 1.2835, 0.2315 0.487 1.2835, 0.2352 0.4894 1.2835, 0.2364 0.4904 1.2835, 0.2394 0.4942 1.2835, 0.2413 0.4984 1.2835, 0.2423 0.5037 1.2835, 0.2425 0.5069 1.2835, 0.2417 0.5135 1.2835, 0.2402 0.5177 1.2835, 0.2381 0.521 1.2835, 0.2363 0.5228 1.2835, 0.227 0.5274 1.2835, 0.2319 0.5256 1.2835
            ]
        }
        coordIndex [
            0,1,2,-1,2,1,3,-1,2,3,4,-1,4,5,2,-1,2,5,6,-1,2,6,7,-1,7,8,2,-1,2,8,9,-1,2,9,10,-1,10,11,2,-1,2,11,12,-1,2,12,13,-1,13,14,2,-1,2,14,15,-1,2,15,16,-1,16,15,17,-1,
        ]
    }
}
Shape{
    appearance Appearance {
        material  Material 	{
            diffuseColor 0.0 0.0 0.0
            specularColor 0.0 0.0 0.0
            ambientIntensity 0.0
            transparency 0.0
            shininess 0.5
        }
    }
    geometry IndexedFaceSet {
        ccw TRUE
        solid FALSE
        coord DEF co Coordinate {
            point [
                0.1371 0.4881 1.2874, 0.1371 0.4881 1.2835, 0.1366 0.4862 1.2835, 0.1366 0.4862 1.2874, 0.1363 0.4848 1.2835, 0.1363 0.4848 1.2874, 0.1361 0.4848 1.2874, 0.1361 0.4848 1.2835, 0.1352 0.4881 1.2874, 0.1352 0.4881 1.2835, 0.1247 0.5185 1.2874, 0.1281 0.5086 1.2835, 0.1247 0.5185 1.2835, 0.1168 0.5185 1.2874, 0.1168 0.5185 1.2835, 0.1326 0.4782 1.2835, 0.1326 0.4782 1.2874, 0.1281 0.4896 1.2835, 0.1295 0.4709 1.2835, 0.1295 0.4709 1.2874, 0.1323 0.4776 1.2835, 0.1281 0.4683 1.2835, 0.1281 0.4683 1.2835, 0.1268 0.4669 1.2874, 0.1281 0.4683 1.2874, 0.1268 0.4669 1.2835, 0.1255 0.466 1.2835, 0.1255 0.466 1.2874, 0.1239 0.4654 1.2835, 0.1239 0.4654 1.2874, 0.1222 0.4652 1.2835, 0.1222 0.4652 1.2874, 0.1197 0.4655 1.2835, 0.1197 0.4655 1.2874, 0.1182 0.466 1.2835, 0.1182 0.466 1.2874, 0.1182 0.4597 1.2874, 0.1182 0.4597 1.2835, 0.1212 0.4592 1.2835, 0.1212 0.4592 1.2874, 0.1228 0.4591 1.2835, 0.1228 0.4591 1.2874, 0.1256 0.4594 1.2835, 0.1281 0.4604 1.2835, 0.1284 0.4605 1.2874, 0.1256 0.4594 1.2874, 0.1284 0.4605 1.2835, 0.1309 0.4622 1.2835, 0.1309 0.4622 1.2874, 0.1314 0.4627 1.2835, 0.1314 0.4627 1.2874, 0.134 0.4658 1.2835, 0.134 0.4658 1.2874, 0.1372 0.472 1.2835, 0.1372 0.472 1.2874, 0.1555 0.5185 1.2835, 0.1555 0.5185 1.2874, 0.1394 0.4776 1.2835, 0.1481 0.5185 1.2874, 0.1481 0.5185 1.2835, 0.0968 0.4772 1.2835, 0.1009 0.4776 1.2835, 0.0968 0.4772 1.2874, 0.103 0.4779 1.2874, 0.103 0.4779 1.2835, 0.1067 0.4793 1.2835, 0.1067 0.4793 1.2874, 0.1085 0.4804 1.2835, 0.1085 0.4804 1.2874, 0.1105 0.4821 1.2835, 0.1105 0.4821 1.2874, 0.1119 0.484 1.2835, 0.1119 0.484 1.2874, 0.1127 0.4862 1.2835, 0.1127 0.4862 1.2874, 0.1131 0.4891 1.2835, 0.1131 0.4891 1.2874, 0.1128 0.4917 1.2835, 0.1128 0.4917 1.2874, 0.112 0.4938 1.2835, 0.112 0.4938 1.2874, 0.1107 0.4958 1.2835, 0.1107 0.4958 1.2874, 0.109 0.4973 1.2835, 0.109 0.4973 1.2874, 0.1043 0.4999 1.2835, 0.1043 0.4999 1.2874, 0.1016 0.501 1.2835, 0.1016 0.501 1.2874, 0.0972 0.5029 1.2835, 0.0972 0.5029 1.2874, 0.0947 0.5045 1.2835, 0.0947 0.5045 1.2874, 0.094 0.5052 1.2835, 0.094 0.5052 1.2874, 0.0935 0.5062 1.2835, 0.0935 0.5062 1.2874, 0.0932 0.5073 1.2835, 0.0932 0.5073 1.2874, 0.0932 0.5082 1.2835, 0.0932 0.5082 1.2874, 0.0933 0.5093 1.2835, 0.0933 0.5093 1.2874, 0.0936 0.5103 1.2835, 0.0936 0.5103 1.2874, 0.0942 0.5112 1.2835, 0.0942 0.5112 1.2874, 0.0953 0.5121 1.2835, 0.0953 0.5121 1.2874, 0.0969 0.513 1.2835, 0.0969 0.513 1.2874, 0.0988 0.5135 1.2835, 0.0988 0.5135 1.2874, 0.1009 0.5136 1.2835, 0.1009 0.5136 1.2874, 0.1055 0.5131 1.2835, 0.1055 0.5131 1.2874, 0.1095 0.5116 1.2835, 0.1095 0.5116 1.2874, 0.1111 0.5107 1.2835, 0.1111 0.5107 1.2874, 0.1111 0.5176 1.2874, 0.1111 0.5176 1.2835, 0.1057 0.5191 1.2835, 0.1057 0.5191 1.2874, 0.1016 0.5194 1.2835, 0.1016 0.5194 1.2874, 0.0958 0.5187 1.2835, 0.0958 0.5187 1.2874, 0.092 0.5172 1.2835, 0.092 0.5172 1.2874, 0.0904 0.5162 1.2835, 0.0904 0.5162 1.2874, 0.0891 0.515 1.2835, 0.0883 0.5143 1.2874, 0.0883 0.5143 1.2835, 0.087 0.5124 1.2835, 0.087 0.5124 1.2874, 0.0861 0.5101 1.2835, 0.0861 0.5101 1.2874, 0.0859 0.5076 1.2835, 0.0859 0.5076 1.2874, 0.0862 0.5048 1.2835, 0.0862 0.5048 1.2874, 0.087 0.5027 1.2835, 0.087 0.5027 1.2874, 0.0879 0.5012 1.2835, 0.0879 0.5012 1.2874, 0.0966 0.4958 1.2835, 0.0966 0.4958 1.2874, 0.0924 0.4978 1.2874, 0.089 0.5 1.2835, 0.089 0.5 1.2874, 0.0891 0.4999 1.2835, 0.0924 0.4978 1.2835, 0.1012 0.4939 1.2835, 0.1012 0.4939 1.2874, 0.104 0.4922 1.2835, 0.104 0.4922 1.2874, 0.1049 0.4913 1.2835, 0.1049 0.4913 1.2874, 0.1054 0.4904 1.2835, 0.1054 0.4904 1.2874, 0.1057 0.4893 1.2835, 0.1057 0.4893 1.2874, 0.1058 0.4884 1.2835, 0.1058 0.4884 1.2874, 0.1057 0.487 1.2835, 0.1057 0.487 1.2874, 0.1053 0.486 1.2835, 0.1053 0.486 1.2874, 0.1047 0.4851 1.2835, 0.1047 0.4851 1.2874, 0.1039 0.4844 1.2835, 0.1039 0.4844 1.2874, 0.1032 0.484 1.2835, 0.1032 0.484 1.2874, 0.1014 0.4833 1.2835, 0.1014 0.4833 1.2874, 0.0978 0.4829 1.2835, 0.0978 0.4829 1.2874, 0.0975 0.4829 1.2835, 0.0975 0.4829 1.2874, 0.0858 0.4868 1.2835, 0.0858 0.4868 1.2874, 0.0886 0.4851 1.2874, 0.093 0.4835 1.2835, 0.093 0.4835 1.2874, 0.0891 0.4849 1.2835, 0.0886 0.4851 1.2835, 0.0858 0.4795 1.2874, 0.0858 0.4795 1.2835, 0.0891 0.4784 1.2835, 0.0909 0.4778 1.2874, 0.0921 0.4776 1.2835, 0.0909 0.4778 1.2835, 0.0692 0.4781 1.2874, 0.0762 0.4781 1.2874, 0.0692 0.4844 1.2874, 0.0762 0.5041 1.2874, 0.0692 0.5038 1.2874, 0.0539 0.4954 1.2874, 0.0556 0.4962 1.2874, 0.069 0.4844 1.2874, 0.0652 0.4854 1.2874, 0.0679 0.4827 1.2874, 0.0632 0.484 1.2874, 0.0597 0.4971 1.2874, 0.0692 0.4984 1.2874, 0.0692 0.4945 1.2874, 0.0692 0.494 1.2874, 0.0687 0.4909 1.2874, 0.0677 0.4883 1.2874, 0.0661 0.4863 1.2874, 0.0689 0.5069 1.2874, 0.0757 0.5095 1.2874, 0.0682 0.5094 1.2874, 0.0746 0.5127 1.2874, 0.0674 0.5109 1.2874, 0.0731 0.515 1.2874, 0.0663 0.512 1.2874, 0.0712 0.5168 1.2874, 0.065 0.5128 1.2874, 0.0688 0.5181 1.2874, 0.0634 0.5134 1.2874, 0.0658 0.519 1.2874, 0.061 0.5136 1.2874, 0.0617 0.5194 1.2874, 0.0571 0.5133 1.2874, 0.0551 0.5187 1.2874, 0.0527 0.5118 1.2874, 0.0498 0.5167 1.2874, 0.0478 0.5088 1.2874, 0.0478 0.5156 1.2874, 0.0525 0.4854 1.2874, 0.0473 0.4803 1.2874, 0.0531 0.4848 1.2874, 0.0497 0.4787 1.2874, 0.0545 0.4838 1.2874, 0.0524 0.4777 1.2874, 0.0561 0.4832 1.2874, 0.0566 0.4772 1.2874, 0.0585 0.483 1.2874, 0.0603 0.4776 1.2874, 0.0611 0.4833 1.2874, 0.0631 0.4786 1.2874, 0.0656 0.4803 1.2874, 0.0511 0.4906 1.2874, 0.0438 0.4897 1.2874, 0.051 0.4895 1.2874, 0.0438 0.4889 1.2874, 0.0512 0.4879 1.2874, 0.0442 0.4857 1.2874, 0.0516 0.4866 1.2874, 0.045 0.4833 1.2874, 0.0465 0.4811 1.2874, 0.0572 0.5021 1.2874, 0.0518 0.5008 1.2874, 0.0529 0.4946 1.2874, 0.0488 0.4992 1.2874, 0.052 0.4936 1.2874, 0.0467 0.4973 1.2874, 0.0514 0.4922 1.2874, 0.0453 0.4953 1.2874, 0.0443 0.4928 1.2874, 0.061 0.5136 1.2835, 0.0634 0.5134 1.2835, 0.065 0.5128 1.2835, 0.0663 0.512 1.2835, 0.0674 0.5109 1.2835, 0.0682 0.5094 1.2835, 0.0689 0.5069 1.2835, 0.0692 0.5038 1.2835, 0.0572 0.5021 1.2835, 0.0518 0.5008 1.2835, 0.0488 0.4992 1.2835, 0.0467 0.4973 1.2835, 0.0453 0.4953 1.2835, 0.0443 0.4928 1.2835, 0.0438 0.4897 1.2835, 0.0438 0.4889 1.2835, 0.0442 0.4857 1.2835, 0.045 0.4833 1.2835, 0.0465 0.4811 1.2835, 0.0473 0.4803 1.2835, 0.0566 0.4772 1.2835, 0.0525 0.4776 1.2835, 0.0524 0.4777 1.2835, 0.0497 0.4787 1.2835, 0.0603 0.4776 1.2835, 0.0605 0.4776 1.2835, 0.0631 0.4786 1.2835, 0.0656 0.4803 1.2835, 0.0679 0.4827 1.2835, 0.069 0.4844 1.2835, 0.0692 0.4844 1.2835, 0.0692 0.4781 1.2835, 0.0762 0.4781 1.2835, 0.0762 0.5041 1.2835, 0.0757 0.5095 1.2835, 0.0746 0.5127 1.2835, 0.0731 0.515 1.2835, 0.0712 0.5168 1.2835, 0.0688 0.5181 1.2835, 0.0658 0.519 1.2835, 0.0617 0.5194 1.2835, 0.0551 0.5187 1.2835, 0.0498 0.5167 1.2835, 0.0478 0.5156 1.2835, 0.0478 0.5088 1.2835, 0.0527 0.5118 1.2835, 0.0571 0.5133 1.2835, 0.0661 0.4863 1.2835, 0.0652 0.4854 1.2835, 0.0632 0.484 1.2835, 0.0611 0.4833 1.2835, 0.0585 0.483 1.2835, 0.0692 0.4945 1.2835, 0.0692 0.494 1.2835, 0.0687 0.4909 1.2835, 0.0677 0.4883 1.2835, 0.0692 0.4984 1.2835, 0.0597 0.4971 1.2835, 0.0529 0.4946 1.2835, 0.0539 0.4954 1.2835, 0.0556 0.4962 1.2835, 0.051 0.4895 1.2835, 0.0511 0.4906 1.2835, 0.0514 0.4922 1.2835, 0.052 0.4936 1.2835, 0.0531 0.4848 1.2835, 0.0525 0.4854 1.2835, 0.0516 0.4866 1.2835, 0.0512 0.4879 1.2835, 0.0561 0.4832 1.2835, 0.0545 0.4838 1.2835
            ]
        }
        coordIndex [
            0,1,2,-1,0,2,3,-1,3,2,4,-1,3,4,5,-1,6,5,7,-1,7,5,4,-1,8,6,9,-1,9,6,7,-1,8,9,10,-1,10,9,11,-1,10,11,12,-1,13,10,14,-1,14,10,12,-1,15,16,17,-1,17,16,13,-1,17,13,14,-1,18,19,20,-1,20,19,16,-1,20,16,15,-1,19,18,21,-1,22,23,21,-1,21,23,24,-1,21,24,19,-1,22,25,23,-1,23,25,26,-1,23,26,27,-1,27,26,28,-1,27,28,29,-1,29,28,30,-1,29,30,31,-1,31,30,32,-1,31,32,33,-1,33,32,34,-1,33,34,35,-1,36,35,37,-1,37,35,34,-1,36,37,38,-1,36,38,39,-1,39,38,40,-1,39,40,41,-1,41,40,42,-1,43,44,42,-1,42,44,45,-1,42,45,41,-1,43,46,44,-1,44,46,47,-1,44,47,48,-1,48,47,49,-1,48,49,50,-1,50,49,51,-1,50,51,52,-1,52,51,53,-1,52,53,54,-1,55,56,57,-1,57,56,54,-1,57,54,53,-1,58,56,59,-1,59,56,55,-1,0,58,1,-1,1,58,59,-1,3,5,54,-1,56,58,54,-1,54,58,0,-1,54,0,3,-1,10,13,8,-1,8,13,16,-1,8,16,6,-1,52,24,50,-1,50,24,23,-1,35,36,33,-1,33,36,39,-1,33,39,31,-1,31,39,41,-1,31,41,29,-1,29,41,45,-1,29,45,27,-1,27,45,44,-1,27,44,23,-1,23,44,48,-1,23,48,50,-1,5,6,54,-1,54,6,16,-1,54,16,52,-1,52,16,19,-1,52,19,24,-1,60,61,62,-1,62,61,63,-1,61,64,63,-1,63,64,65,-1,63,65,66,-1,66,65,67,-1,66,67,68,-1,68,67,69,-1,68,69,70,-1,70,69,71,-1,70,71,72,-1,72,71,73,-1,72,73,74,-1,74,73,75,-1,74,75,76,-1,76,75,77,-1,76,77,78,-1,78,77,79,-1,78,79,80,-1,80,79,81,-1,80,81,82,-1,82,81,83,-1,82,83,84,-1,84,83,85,-1,84,85,86,-1,86,85,87,-1,86,87,88,-1,88,87,89,-1,88,89,90,-1,90,89,91,-1,90,91,92,-1,92,91,93,-1,92,93,94,-1,94,93,95,-1,94,95,96,-1,96,95,97,-1,96,97,98,-1,98,97,99,-1,98,99,100,-1,100,99,101,-1,100,101,102,-1,102,101,103,-1,102,103,104,-1,104,103,105,-1,104,105,106,-1,106,105,107,-1,106,107,108,-1,108,107,109,-1,108,109,110,-1,110,109,111,-1,110,111,112,-1,112,111,113,-1,112,113,114,-1,114,113,115,-1,114,115,116,-1,116,115,117,-1,116,117,118,-1,118,117,119,-1,118,119,120,-1,121,120,122,-1,122,120,119,-1,121,122,123,-1,121,123,124,-1,124,123,125,-1,124,125,126,-1,126,125,127,-1,126,127,128,-1,128,127,129,-1,128,129,130,-1,130,129,131,-1,130,131,132,-1,131,133,132,-1,132,133,134,-1,133,135,134,-1,134,135,136,-1,134,136,137,-1,137,136,138,-1,137,138,139,-1,139,138,140,-1,139,140,141,-1,141,140,142,-1,141,142,143,-1,143,142,144,-1,143,144,145,-1,145,144,146,-1,145,146,147,-1,148,149,150,-1,147,146,151,-1,147,151,152,-1,152,151,153,-1,152,153,150,-1,150,153,154,-1,150,154,148,-1,149,148,155,-1,149,155,156,-1,156,155,157,-1,156,157,158,-1,158,157,159,-1,158,159,160,-1,160,159,161,-1,160,161,162,-1,162,161,163,-1,162,163,164,-1,164,163,165,-1,164,165,166,-1,166,165,167,-1,166,167,168,-1,168,167,169,-1,168,169,170,-1,170,169,171,-1,170,171,172,-1,172,171,173,-1,172,173,174,-1,174,173,175,-1,174,175,176,-1,176,175,177,-1,176,177,178,-1,178,177,179,-1,178,179,180,-1,180,179,181,-1,180,181,182,-1,183,184,185,-1,182,181,186,-1,182,186,187,-1,187,186,188,-1,187,188,185,-1,185,188,189,-1,185,189,183,-1,190,184,191,-1,191,184,183,-1,191,192,190,-1,190,192,193,-1,60,62,194,-1,194,62,193,-1,194,193,195,-1,195,193,192,-1,106,108,130,-1,130,108,128,-1,156,88,149,-1,149,88,90,-1,66,68,172,-1,172,68,70,-1,172,70,170,-1,170,70,72,-1,170,72,168,-1,168,72,74,-1,168,74,166,-1,166,74,76,-1,166,76,164,-1,164,76,78,-1,164,78,162,-1,162,78,80,-1,162,80,160,-1,160,80,82,-1,160,82,158,-1,158,82,84,-1,158,84,156,-1,156,84,86,-1,156,86,88,-1,62,182,193,-1,193,182,187,-1,193,187,190,-1,190,187,185,-1,190,185,184,-1,108,110,128,-1,128,110,112,-1,128,112,126,-1,126,112,114,-1,126,114,124,-1,124,114,116,-1,124,116,121,-1,121,116,118,-1,121,118,120,-1,172,174,66,-1,66,174,176,-1,66,176,63,-1,63,176,178,-1,63,178,62,-1,62,178,180,-1,62,180,182,-1,130,132,106,-1,106,132,134,-1,106,134,104,-1,104,134,137,-1,104,137,102,-1,102,137,139,-1,102,139,100,-1,100,139,141,-1,100,141,98,-1,98,141,143,-1,98,143,96,-1,96,143,145,-1,96,145,94,-1,94,145,147,-1,94,147,92,-1,92,147,152,-1,92,152,90,-1,90,152,150,-1,90,150,149,-1,196,197,198,-1,198,197,199,-1,200,201,202,-1,203,204,205,-1,205,204,206,-1,207,208,199,-1,199,208,209,-1,209,210,199,-1,199,210,211,-1,199,211,198,-1,198,211,212,-1,198,212,203,-1,203,212,213,-1,203,213,204,-1,202,207,200,-1,200,207,199,-1,200,199,214,-1,214,199,215,-1,214,215,216,-1,216,215,217,-1,216,217,218,-1,218,217,219,-1,218,219,220,-1,220,219,221,-1,220,221,222,-1,222,221,223,-1,222,223,224,-1,224,223,225,-1,224,225,226,-1,226,225,227,-1,226,227,228,-1,228,227,229,-1,228,229,230,-1,230,229,231,-1,230,231,232,-1,232,231,233,-1,234,235,236,-1,236,235,237,-1,236,237,238,-1,238,237,239,-1,238,239,240,-1,240,239,241,-1,240,241,242,-1,242,241,243,-1,242,243,244,-1,244,243,245,-1,244,245,206,-1,206,245,246,-1,206,246,205,-1,247,248,249,-1,249,248,250,-1,249,250,251,-1,251,250,252,-1,251,252,253,-1,253,252,254,-1,253,254,234,-1,234,254,255,-1,234,255,235,-1,200,256,201,-1,201,256,257,-1,201,257,258,-1,258,257,259,-1,258,259,260,-1,260,259,261,-1,260,261,262,-1,262,261,263,-1,262,263,247,-1,247,263,264,-1,247,264,248,-1,226,265,266,-1,226,266,224,-1,224,266,267,-1,224,267,222,-1,222,267,268,-1,222,268,220,-1,220,268,269,-1,220,269,218,-1,218,269,270,-1,218,270,216,-1,216,270,271,-1,216,271,214,-1,214,271,272,-1,214,272,200,-1,256,200,273,-1,273,200,272,-1,256,273,274,-1,256,274,257,-1,257,274,275,-1,257,275,259,-1,259,275,276,-1,259,276,261,-1,261,276,277,-1,261,277,263,-1,263,277,278,-1,263,278,264,-1,264,278,279,-1,264,279,248,-1,248,279,280,-1,248,280,250,-1,250,280,281,-1,250,281,252,-1,252,281,282,-1,252,282,254,-1,254,282,283,-1,254,283,255,-1,255,283,284,-1,255,284,235,-1,285,241,286,-1,286,241,239,-1,286,239,287,-1,287,239,237,-1,287,237,288,-1,288,237,235,-1,288,235,284,-1,241,285,289,-1,241,289,243,-1,243,289,290,-1,243,290,245,-1,290,291,245,-1,245,291,292,-1,245,292,246,-1,246,292,293,-1,246,293,205,-1,205,293,294,-1,205,294,203,-1,198,203,295,-1,295,203,294,-1,196,198,296,-1,296,198,295,-1,197,196,297,-1,297,196,296,-1,199,197,298,-1,298,197,297,-1,199,298,299,-1,199,299,215,-1,215,299,300,-1,215,300,217,-1,217,300,301,-1,217,301,219,-1,219,301,302,-1,219,302,221,-1,221,302,303,-1,221,303,223,-1,223,303,304,-1,223,304,225,-1,225,304,305,-1,225,305,227,-1,227,305,306,-1,227,306,229,-1,229,306,307,-1,229,307,231,-1,231,307,308,-1,231,308,233,-1,232,233,309,-1,309,233,308,-1,232,309,310,-1,232,310,230,-1,230,310,311,-1,230,311,228,-1,228,311,265,-1,228,265,226,-1,213,312,313,-1,213,313,204,-1,204,313,314,-1,204,314,206,-1,206,314,315,-1,206,315,244,-1,244,315,316,-1,244,316,242,-1,209,317,318,-1,209,318,210,-1,210,318,319,-1,210,319,211,-1,211,319,320,-1,211,320,212,-1,212,320,312,-1,212,312,213,-1,209,208,317,-1,317,208,321,-1,208,207,321,-1,321,207,322,-1,258,323,324,-1,258,324,201,-1,201,324,325,-1,201,325,202,-1,202,325,322,-1,202,322,207,-1,249,326,327,-1,249,327,247,-1,247,327,328,-1,247,328,262,-1,262,328,329,-1,262,329,260,-1,260,329,323,-1,260,323,258,-1,236,330,331,-1,236,331,234,-1,234,331,332,-1,234,332,253,-1,253,332,333,-1,253,333,251,-1,251,333,326,-1,251,326,249,-1,242,316,334,-1,242,334,240,-1,240,334,335,-1,240,335,238,-1,238,335,330,-1,238,330,236,-1,
        ]
    }
}
Shape{
    appearance Appearance {
        material  Material 	{
            diffuseColor 0.6666666666666666 0.6666666666666666 0.6666666666666666
            specularColor 0.4666666666666667 0.4666666666666667 0.4666666666666667
            ambientIntensity 0.6667
            transparency 0.0
            shininess 0.5
        }
    }
    geometry IndexedFaceSet {
        ccw TRUE
        solid FALSE
        coord DEF co Coordinate {
            point [
                0.0692 0.4984 1.2835, 0.0597 0.4971 1.2835, 0.0692 0.4945 1.2835, 0.0556 0.4962 1.2835, 0.0539 0.4954 1.2835, 0.0529 0.4946 1.2835, 0.0692 0.494 1.2835, 0.0687 0.4909 1.2835, 0.052 0.4936 1.2835, 0.0677 0.4883 1.2835, 0.0525 0.4854 1.2835, 0.0531 0.4848 1.2835, 0.0652 0.4854 1.2835, 0.0516 0.4866 1.2835, 0.0632 0.484 1.2835, 0.0611 0.4833 1.2835, 0.0585 0.483 1.2835, 0.0514 0.4922 1.2835, 0.0511 0.4906 1.2835, 0.0661 0.4863 1.2835, 0.051 0.4895 1.2835, 0.0512 0.4879 1.2835, 0.0545 0.4838 1.2835, 0.0561 0.4832 1.2835
            ]
        }
        coordIndex [
            0,1,2,-1,2,1,3,-1,3,4,2,-1,2,4,5,-1,2,5,6,-1,6,5,7,-1,7,5,8,-1,7,8,9,-1,10,11,12,-1,10,12,13,-1,14,12,15,-1,15,12,16,-1,8,17,9,-1,9,17,18,-1,9,18,19,-1,19,18,20,-1,19,20,12,-1,12,20,21,-1,12,21,13,-1,11,22,12,-1,12,22,23,-1,12,23,16,-1,
        ]
    }
}
Shape{
    appearance Appearance {
        material  Material 	{
            diffuseColor 0.0 0.0 0.0
            specularColor 0.0 0.0 0.0
            ambientIntensity 0.0
            transparency 0.0
            shininess 0.5
        }
    }
    geometry IndexedFaceSet {
        ccw TRUE
        solid FALSE
        coord DEF co Coordinate {
            point [
                -0.2427 0.4701 1.2874, -0.2367 0.4627 1.2874, -0.2464 0.5056 1.2874, -0.2534 0.5754 1.2874, -0.2445 0.5801 1.2874, -0.2465 0.6049 1.2874, -0.2215 0.606 1.2874, -0.209 0.5767 1.2874, -0.2029 0.5894 1.2874, -0.2551 0.511 1.2874, -0.2519 0.4803 1.2874, -0.2468 0.4787 1.2874, -0.2307 0.6068 1.2874, -0.2057 0.5065 1.2874, -0.202 0.5051 1.2874, -0.1685 0.4956 1.2874, -0.1987 0.503 1.2874, -0.1961 0.5001 1.2874, -0.1122 0.5253 1.2874, -0.1247 0.5466 1.2874, -0.1785 0.5185 1.2874, -0.209 0.5068 1.2874, -0.2129 0.5063 1.2874, -0.2182 0.5309 1.2874, -0.2165 0.5049 1.2874, -0.2271 0.5275 1.2874, -0.2196 0.5027 1.2874, -0.2353 0.5218 1.2874, -0.2212 0.501 1.2874, -0.2419 0.5142 1.2874, -0.2233 0.4977 1.2874, -0.2244 0.4939 1.2874, -0.2246 0.49 1.2874, -0.1941 0.5294 1.2874, -0.2038 0.5318 1.2874, -0.2086 0.5321 1.2874, -0.1944 0.4968 1.2874, -0.1935 0.493 1.2874, -0.1685 0.4916 1.2874, -0.1935 0.4894 1.2874, -0.1687 0.4873 1.2874, -0.2132 0.6156 1.2874, -0.1939 0.6002 1.2874, -0.2038 0.6237 1.2874, -0.1831 0.608 1.2874, -0.194 0.6298 1.2874, -0.2346 0.5825 1.2874, -0.2303 0.5827 1.2874, -0.2261 0.6066 1.2874, -0.2208 0.5815 1.2874, -0.2118 0.5782 1.2874, -0.1855 0.5249 1.2874, -0.0544 0.496 1.2874, -0.0731 0.512 1.2874, -0.0653 0.4868 1.2874, -0.079 0.5071 1.2874, -0.0776 0.4808 1.2874, -0.0861 0.5038 1.2874, -0.091 0.4779 1.2874, -0.0934 0.5024 1.2874, -0.1147 0.4779 1.2874, -0.1114 0.5024 1.2874, -0.1169 0.4783 1.2874, -0.2239 0.4863 1.2874, -0.2223 0.4829 1.2874, -0.099 0.5651 1.2874, -0.0958 0.5651 1.2874, -0.0793 0.5867 1.2874, -0.0892 0.5644 1.2874, -0.0774 0.5861 1.2874, -0.0821 0.5619 1.2874, -0.0654 0.5802 1.2874, -0.0758 0.5578 1.2874, -0.0545 0.571 1.2874, -0.0705 0.5521 1.2874, -0.0463 0.5595 1.2874, -0.0666 0.5452 1.2874, -0.0414 0.5473 1.2874, -0.0647 0.5375 1.2874, -0.0396 0.5341 1.2874, -0.0645 0.5337 1.2874, -0.0414 0.5198 1.2874, -0.0654 0.5259 1.2874, -0.0464 0.5071 1.2874, -0.0682 0.5187 1.2874, -0.0726 0.5125 1.2874, -0.101 0.6185 1.2874, -0.1168 0.6001 1.2874, -0.0877 0.6031 1.2874, -0.1077 0.5893 1.2874, -0.1015 0.5763 1.2874, -0.2693 0.5523 1.2874, -0.2956 0.5456 1.2874, -0.2705 0.5426 1.2874, -0.2958 0.5418 1.2874, -0.27 0.5363 1.2874, -0.2938 0.526 1.2874, -0.2671 0.5265 1.2874, -0.288 0.5111 1.2874, -0.2623 0.5184 1.2874, -0.2789 0.498 1.2874, -0.2664 0.4873 1.2874, -0.1711 0.4774 1.2874, -0.1944 0.4855 1.2874, -0.1758 0.4685 1.2874, -0.1963 0.4821 1.2874, -0.1819 0.4616 1.2874, -0.1985 0.4796 1.2874, -0.1899 0.4561 1.2874, -0.2015 0.4774 1.2874, -0.1989 0.4526 1.2874, -0.205 0.476 1.2874, -0.2086 0.4514 1.2874, -0.209 0.4755 1.2874, -0.2101 0.4514 1.2874, -0.2097 0.4755 1.2874, -0.2196 0.4529 1.2874, -0.2133 0.4761 1.2874, -0.2289 0.4568 1.2874, -0.2169 0.4777 1.2874, -0.22 0.48 1.2874, -0.1755 0.6369 1.2874, -0.17 0.6133 1.2874, -0.1556 0.6393 1.2874, -0.1552 0.6153 1.2874, -0.1391 0.6376 1.2874, -0.1416 0.6136 1.2874, -0.1189 0.6305 1.2874, -0.129 0.6087 1.2874, -0.1177 0.6009 1.2874, -0.2614 0.5991 1.2874, -0.2742 0.5901 1.2874, -0.2602 0.5693 1.2874, -0.2769 0.5875 1.2874, -0.2658 0.5613 1.2874, -0.2866 0.5751 1.2874, -0.293 0.5607 1.2874, -0.1135 0.5028 1.2874, -0.1231 0.4821 1.2874, -0.1222 0.4812 1.2874, -0.1123 0.5025 1.2874, -0.1196 0.4793 1.2874, -0.1263 0.4904 1.2874, -0.1259 0.4874 1.2874, -0.1249 0.4847 1.2874, -0.117 0.5024 1.2874, -0.1197 0.5013 1.2874, -0.1262 0.492 1.2874, -0.1222 0.4996 1.2874, -0.1239 0.4977 1.2874, -0.1254 0.495 1.2874, -0.1139 0.5028 1.2874, -0.0396 0.5341 1.2835, -0.0414 0.5473 1.2835, -0.0428 0.5507 1.2835, -0.0463 0.5595 1.2835, -0.0545 0.571 1.2835, -0.0654 0.5802 1.2835, -0.0774 0.5861 1.2835, -0.0793 0.5867 1.2835, -0.0877 0.6031 1.2835, -0.101 0.6185 1.2835, -0.1102 0.6247 1.2835, -0.1189 0.6305 1.2835, -0.1391 0.6376 1.2835, -0.1556 0.6393 1.2835, -0.2038 0.6237 1.2835, -0.2022 0.6247 1.2835, -0.194 0.6298 1.2835, -0.1755 0.6369 1.2835, -0.2132 0.6156 1.2835, -0.2215 0.606 1.2835, -0.2261 0.6066 1.2835, -0.2307 0.6068 1.2835, -0.2465 0.6049 1.2835, -0.2614 0.5991 1.2835, -0.2742 0.5901 1.2835, -0.2769 0.5875 1.2835, -0.293 0.5607 1.2835, -0.2866 0.5751 1.2835, -0.2947 0.5507 1.2835, -0.2956 0.5456 1.2835, -0.2958 0.5418 1.2835, -0.2938 0.526 1.2835, -0.288 0.5111 1.2835, -0.2789 0.498 1.2835, -0.2664 0.4873 1.2835, -0.2519 0.4803 1.2835, -0.2468 0.4787 1.2835, -0.2463 0.4776 1.2835, -0.2427 0.4701 1.2835, -0.2367 0.4627 1.2835, -0.2289 0.4568 1.2835, -0.2252 0.4553 1.2835, -0.2196 0.4529 1.2835, -0.2101 0.4514 1.2835, -0.2086 0.4514 1.2835, -0.1685 0.4916 1.2835, -0.1989 0.4526 1.2835, -0.192 0.4553 1.2835, -0.1899 0.4561 1.2835, -0.1819 0.4616 1.2835, -0.1758 0.4685 1.2835, -0.1711 0.4774 1.2835, -0.171 0.4776 1.2835, -0.1687 0.4873 1.2835, -0.1685 0.4956 1.2835, -0.1122 0.5253 1.2835, -0.1247 0.5466 1.2835, -0.1785 0.5185 1.2835, -0.1855 0.5249 1.2835, -0.1941 0.5294 1.2835, -0.2038 0.5318 1.2835, -0.2086 0.5321 1.2835, -0.2182 0.5309 1.2835, -0.2271 0.5275 1.2835, -0.2353 0.5218 1.2835, -0.2419 0.5142 1.2835, -0.2464 0.5056 1.2835, -0.2551 0.511 1.2835, -0.2623 0.5184 1.2835, -0.2671 0.5265 1.2835, -0.27 0.5363 1.2835, -0.2705 0.5426 1.2835, -0.2695 0.5507 1.2835, -0.2693 0.5523 1.2835, -0.2658 0.5613 1.2835, -0.2602 0.5693 1.2835, -0.2534 0.5754 1.2835, -0.2445 0.5801 1.2835, -0.2346 0.5825 1.2835, -0.2303 0.5827 1.2835, -0.2208 0.5815 1.2835, -0.2118 0.5782 1.2835, -0.209 0.5767 1.2835, -0.2029 0.5894 1.2835, -0.1939 0.6002 1.2835, -0.1831 0.608 1.2835, -0.17 0.6133 1.2835, -0.1552 0.6153 1.2835, -0.1416 0.6136 1.2835, -0.129 0.6087 1.2835, -0.1177 0.6009 1.2835, -0.1168 0.6001 1.2835, -0.1077 0.5893 1.2835, -0.1015 0.5763 1.2835, -0.099 0.5651 1.2835, -0.0958 0.5651 1.2835, -0.0892 0.5644 1.2835, -0.0821 0.5619 1.2835, -0.0758 0.5578 1.2835, -0.0705 0.5521 1.2835, -0.0697 0.5507 1.2835, -0.0666 0.5452 1.2835, -0.0647 0.5375 1.2835, -0.0645 0.5337 1.2835, -0.0654 0.5259 1.2835, -0.0682 0.5187 1.2835, -0.0726 0.5125 1.2835, -0.0731 0.512 1.2835, -0.079 0.5071 1.2835, -0.0861 0.5038 1.2835, -0.0934 0.5024 1.2835, -0.1114 0.5024 1.2835, -0.1123 0.5025 1.2835, -0.1135 0.5028 1.2835, -0.1139 0.5028 1.2835, -0.117 0.5024 1.2835, -0.1197 0.5013 1.2835, -0.1222 0.4996 1.2835, -0.1239 0.4977 1.2835, -0.1254 0.495 1.2835, -0.1262 0.492 1.2835, -0.1263 0.4904 1.2835, -0.1259 0.4874 1.2835, -0.1249 0.4847 1.2835, -0.1231 0.4821 1.2835, -0.1222 0.4812 1.2835, -0.1196 0.4793 1.2835, -0.1169 0.4783 1.2835, -0.1147 0.4779 1.2835, -0.091 0.4779 1.2835, -0.0776 0.4808 1.2835, -0.0653 0.4868 1.2835, -0.0544 0.496 1.2835, -0.0464 0.5071 1.2835, -0.0414 0.5198 1.2835, -0.209 0.5068 1.2835, -0.2057 0.5065 1.2835, -0.202 0.5051 1.2835, -0.1987 0.503 1.2835, -0.1961 0.5001 1.2835, -0.1944 0.4968 1.2835, -0.1935 0.493 1.2835, -0.1935 0.4894 1.2835, -0.1944 0.4855 1.2835, -0.1963 0.4821 1.2835, -0.1985 0.4796 1.2835, -0.2015 0.4774 1.2835, -0.205 0.476 1.2835, -0.209 0.4755 1.2835, -0.2097 0.4755 1.2835, -0.2133 0.4761 1.2835, -0.2169 0.4777 1.2835, -0.22 0.48 1.2835, -0.2223 0.4829 1.2835, -0.2239 0.4863 1.2835, -0.2246 0.49 1.2835, -0.2244 0.4939 1.2835, -0.2233 0.4977 1.2835, -0.2212 0.501 1.2835, -0.2196 0.5027 1.2835, -0.2165 0.5049 1.2835, -0.2129 0.5063 1.2835
            ]
        }
        coordIndex [
            0,1,2,-1,3,4,5,-1,6,7,8,-1,9,10,2,-1,2,10,11,-1,2,11,0,-1,5,4,12,-1,13,14,15,-1,15,14,16,-1,15,16,17,-1,18,19,15,-1,15,19,20,-1,15,20,13,-1,13,20,21,-1,22,23,24,-1,24,23,25,-1,24,25,26,-1,26,25,27,-1,26,27,28,-1,28,27,29,-1,28,29,30,-1,30,29,2,-1,30,2,31,-1,31,2,32,-1,33,34,22,-1,22,34,35,-1,22,35,23,-1,17,36,15,-1,15,36,37,-1,15,37,38,-1,38,37,39,-1,38,39,40,-1,6,8,41,-1,41,8,42,-1,41,42,43,-1,43,42,44,-1,43,44,45,-1,4,46,12,-1,12,46,47,-1,12,47,48,-1,48,47,49,-1,48,49,6,-1,6,49,50,-1,6,50,7,-1,21,20,22,-1,22,20,51,-1,22,51,33,-1,52,53,54,-1,54,53,55,-1,54,55,56,-1,56,55,57,-1,56,57,58,-1,58,57,59,-1,58,59,60,-1,60,59,61,-1,60,61,62,-1,32,2,63,-1,63,2,1,-1,63,1,64,-1,65,66,67,-1,67,66,68,-1,67,68,69,-1,69,68,70,-1,69,70,71,-1,71,70,72,-1,71,72,73,-1,73,72,74,-1,73,74,75,-1,75,74,76,-1,75,76,77,-1,77,76,78,-1,77,78,79,-1,79,78,80,-1,79,80,81,-1,81,80,82,-1,81,82,83,-1,83,82,84,-1,83,84,52,-1,52,84,85,-1,52,85,53,-1,86,87,88,-1,88,87,89,-1,88,89,67,-1,67,89,90,-1,67,90,65,-1,91,92,93,-1,93,92,94,-1,93,94,95,-1,95,94,96,-1,95,96,97,-1,97,96,98,-1,97,98,99,-1,99,98,100,-1,99,100,9,-1,9,100,101,-1,9,101,10,-1,40,39,102,-1,102,39,103,-1,102,103,104,-1,104,103,105,-1,104,105,106,-1,106,105,107,-1,106,107,108,-1,108,107,109,-1,108,109,110,-1,110,109,111,-1,110,111,112,-1,112,111,113,-1,112,113,114,-1,114,113,115,-1,114,115,116,-1,116,115,117,-1,116,117,118,-1,118,117,119,-1,118,119,1,-1,1,119,120,-1,1,120,64,-1,45,44,121,-1,121,44,122,-1,121,122,123,-1,123,122,124,-1,123,124,125,-1,125,124,126,-1,125,126,127,-1,127,126,128,-1,127,128,86,-1,86,128,129,-1,86,129,87,-1,5,130,3,-1,3,130,131,-1,3,131,132,-1,132,131,133,-1,132,133,134,-1,134,133,135,-1,134,135,91,-1,91,135,136,-1,91,136,92,-1,137,138,139,-1,61,140,62,-1,62,140,137,-1,62,137,141,-1,141,137,139,-1,142,143,137,-1,137,143,144,-1,137,144,138,-1,145,146,147,-1,146,148,147,-1,147,148,149,-1,147,149,150,-1,142,137,147,-1,147,137,151,-1,147,151,145,-1,79,152,153,-1,79,153,77,-1,77,153,154,-1,77,154,75,-1,154,155,75,-1,75,155,156,-1,75,156,73,-1,73,156,157,-1,73,157,71,-1,71,157,158,-1,71,158,69,-1,69,158,159,-1,69,159,67,-1,67,159,160,-1,67,160,88,-1,88,160,161,-1,88,161,86,-1,86,161,127,-1,127,161,162,-1,162,163,127,-1,127,163,164,-1,127,164,125,-1,125,164,165,-1,125,165,123,-1,166,43,167,-1,167,43,45,-1,167,45,168,-1,168,45,121,-1,168,121,169,-1,169,121,123,-1,169,123,165,-1,43,166,170,-1,43,170,41,-1,41,170,171,-1,41,171,6,-1,6,171,172,-1,6,172,48,-1,48,172,173,-1,48,173,12,-1,12,173,174,-1,12,174,5,-1,5,174,175,-1,5,175,130,-1,130,175,176,-1,130,176,131,-1,131,176,177,-1,131,177,133,-1,178,135,179,-1,179,135,133,-1,179,133,177,-1,180,92,178,-1,178,92,136,-1,178,136,135,-1,180,181,92,-1,92,181,182,-1,92,182,94,-1,94,182,183,-1,94,183,96,-1,96,183,184,-1,96,184,98,-1,98,184,185,-1,98,185,100,-1,100,185,186,-1,100,186,101,-1,101,186,187,-1,101,187,10,-1,10,187,188,-1,10,188,11,-1,11,188,189,-1,11,189,0,-1,189,190,0,-1,0,190,191,-1,0,191,1,-1,1,191,192,-1,1,192,118,-1,118,192,193,-1,118,193,116,-1,193,194,116,-1,116,194,195,-1,116,195,114,-1,114,195,196,-1,114,196,112,-1,197,38,40,-1,112,196,198,-1,112,198,110,-1,110,198,199,-1,110,199,108,-1,199,200,108,-1,108,200,201,-1,108,201,106,-1,106,201,202,-1,106,202,104,-1,104,202,203,-1,104,203,102,-1,102,203,204,-1,102,204,40,-1,40,204,205,-1,40,205,197,-1,15,38,206,-1,206,38,197,-1,18,15,207,-1,207,15,206,-1,19,18,208,-1,208,18,207,-1,20,19,209,-1,209,19,208,-1,20,209,210,-1,20,210,51,-1,51,210,211,-1,51,211,33,-1,33,211,212,-1,33,212,34,-1,34,212,213,-1,34,213,35,-1,35,213,214,-1,35,214,23,-1,23,214,215,-1,23,215,25,-1,25,215,216,-1,25,216,27,-1,27,216,217,-1,27,217,29,-1,29,217,218,-1,29,218,2,-1,2,218,219,-1,2,219,9,-1,9,219,220,-1,9,220,99,-1,99,220,221,-1,99,221,97,-1,97,221,222,-1,97,222,95,-1,95,222,223,-1,95,223,93,-1,223,224,93,-1,93,224,91,-1,224,225,91,-1,91,225,226,-1,91,226,134,-1,134,226,227,-1,134,227,132,-1,132,227,228,-1,132,228,3,-1,3,228,229,-1,3,229,4,-1,4,229,230,-1,4,230,46,-1,46,230,231,-1,46,231,47,-1,47,231,232,-1,47,232,49,-1,49,232,233,-1,49,233,50,-1,50,233,234,-1,50,234,7,-1,7,234,235,-1,7,235,8,-1,8,235,236,-1,8,236,42,-1,42,236,237,-1,42,237,44,-1,44,237,238,-1,44,238,122,-1,122,238,239,-1,122,239,124,-1,124,239,240,-1,124,240,126,-1,126,240,241,-1,126,241,128,-1,128,241,242,-1,128,242,129,-1,129,242,243,-1,129,243,87,-1,87,243,244,-1,87,244,89,-1,89,244,245,-1,89,245,90,-1,90,245,246,-1,90,246,65,-1,66,65,247,-1,247,65,246,-1,66,247,248,-1,66,248,68,-1,68,248,249,-1,68,249,70,-1,70,249,250,-1,70,250,72,-1,72,250,251,-1,72,251,74,-1,74,251,252,-1,74,252,76,-1,252,253,76,-1,76,253,254,-1,76,254,78,-1,78,254,255,-1,78,255,80,-1,80,255,256,-1,80,256,82,-1,82,256,257,-1,82,257,84,-1,84,257,258,-1,84,258,85,-1,85,258,259,-1,85,259,53,-1,53,259,260,-1,53,260,55,-1,55,260,261,-1,55,261,57,-1,57,261,262,-1,57,262,59,-1,61,59,263,-1,263,59,262,-1,61,263,264,-1,61,264,140,-1,140,264,265,-1,140,265,137,-1,137,265,266,-1,137,266,151,-1,151,266,267,-1,151,267,145,-1,145,267,268,-1,145,268,146,-1,146,268,269,-1,146,269,148,-1,148,269,270,-1,148,270,149,-1,149,270,271,-1,149,271,150,-1,150,271,272,-1,150,272,147,-1,147,272,273,-1,147,273,142,-1,142,273,274,-1,142,274,143,-1,143,274,275,-1,143,275,144,-1,144,275,276,-1,144,276,138,-1,138,276,277,-1,138,277,139,-1,139,277,278,-1,139,278,141,-1,141,278,279,-1,141,279,62,-1,62,279,280,-1,62,280,60,-1,58,60,281,-1,281,60,280,-1,58,281,282,-1,58,282,56,-1,56,282,283,-1,56,283,54,-1,54,283,284,-1,54,284,52,-1,52,284,285,-1,52,285,83,-1,83,285,286,-1,83,286,81,-1,81,286,152,-1,81,152,79,-1,21,287,288,-1,21,288,13,-1,13,288,289,-1,13,289,14,-1,14,289,290,-1,14,290,16,-1,16,290,291,-1,16,291,17,-1,17,291,292,-1,17,292,36,-1,36,292,293,-1,36,293,37,-1,37,293,294,-1,37,294,39,-1,39,294,295,-1,39,295,103,-1,103,295,296,-1,103,296,105,-1,105,296,297,-1,105,297,107,-1,107,297,298,-1,107,298,109,-1,109,298,299,-1,109,299,111,-1,111,299,300,-1,111,300,113,-1,113,300,301,-1,113,301,115,-1,115,301,302,-1,115,302,117,-1,117,302,303,-1,117,303,119,-1,119,303,304,-1,119,304,120,-1,120,304,305,-1,120,305,64,-1,64,305,306,-1,64,306,63,-1,63,306,307,-1,63,307,32,-1,32,307,308,-1,32,308,31,-1,31,308,309,-1,31,309,30,-1,30,309,310,-1,30,310,28,-1,28,310,311,-1,28,311,26,-1,26,311,312,-1,26,312,24,-1,24,312,313,-1,24,313,22,-1,22,313,287,-1,22,287,21,-1,
        ]
    }
}
Shape{
    appearance Appearance {
        material  Material 	{
            diffuseColor 0.6666666666666666 0.6666666666666666 0.6666666666666666
            specularColor 0.4666666666666667 0.4666666666666667 0.4666666666666667
            ambientIntensity 0.6667
            transparency 0.0
            shininess 0.5
        }
    }
    geometry IndexedFaceSet {
        ccw TRUE
        solid FALSE
        coord DEF co Coordinate {
            point [
                -0.2097 0.4755 1.2835, -0.2196 0.5027 1.2835, -0.2212 0.501 1.2835, -0.205 0.476 1.2835, -0.2015 0.4774 1.2835, -0.2057 0.5065 1.2835, -0.209 0.5068 1.2835, -0.2129 0.5063 1.2835, -0.2165 0.5049 1.2835, -0.2239 0.4863 1.2835, -0.2223 0.4829 1.2835, -0.22 0.48 1.2835, -0.209 0.4755 1.2835, -0.2233 0.4977 1.2835, -0.2244 0.4939 1.2835, -0.2246 0.49 1.2835, -0.2169 0.4777 1.2835, -0.2133 0.4761 1.2835, -0.1985 0.4796 1.2835, -0.1963 0.4821 1.2835, -0.1944 0.4855 1.2835, -0.1935 0.4894 1.2835, -0.1935 0.493 1.2835, -0.1944 0.4968 1.2835, -0.1961 0.5001 1.2835, -0.1987 0.503 1.2835, -0.202 0.5051 1.2835
            ]
        }
        coordIndex [
            0,1,2,-1,3,4,5,-1,6,7,0,-1,0,7,8,-1,0,8,1,-1,9,10,2,-1,2,10,11,-1,6,0,5,-1,5,0,12,-1,5,12,3,-1,13,14,2,-1,2,14,15,-1,2,15,9,-1,11,16,2,-1,2,16,17,-1,2,17,0,-1,4,18,5,-1,5,18,19,-1,5,19,20,-1,20,21,5,-1,5,21,22,-1,5,22,23,-1,23,24,5,-1,5,24,25,-1,5,25,26,-1,
        ]
    }
}
Shape{
    appearance Appearance {
        material  Material 	{
            diffuseColor 0.0 0.0 0.0
            specularColor 0.0 0.0 0.0
            ambientIntensity 0.0
            transparency 0.0
            shininess 0.5
        }
    }
    geometry IndexedFaceSet {
        ccw TRUE
        solid FALSE
        coord DEF co Coordinate {
            point [
                0.1674 0.6105 1.2874, 0.1734 0.6142 1.2874, 0.1655 0.6124 1.2874, 0.1709 0.6167 1.2874, 0.1612 0.6152 1.2874, 0.1656 0.6204 1.2874, 0.1562 0.617 1.2874, 0.1589 0.6231 1.2874, 0.1492 0.6177 1.2874, 0.1495 0.6242 1.2874, 0.1407 0.6177 1.2874, 0.1334 0.6242 1.2874, 0.1407 0.5742 1.2874, 0.1334 0.5677 1.2874, 0.1489 0.5742 1.2874, 0.1489 0.5677 1.2874, 0.1558 0.5749 1.2874, 0.1584 0.5688 1.2874, 0.1607 0.5766 1.2874, 0.1649 0.5713 1.2874, 0.1645 0.579 1.2874, 0.1703 0.5751 1.2874, 0.1657 0.58 1.2874, 0.1709 0.5756 1.2874, 0.1686 0.5838 1.2874, 0.1749 0.5803 1.2874, 0.1705 0.588 1.2874, 0.1777 0.5861 1.2874, 0.1716 0.5933 1.2874, 0.1792 0.5927 1.2874, 0.1717 0.5965 1.2874, 0.1794 0.5967 1.2874, 0.171 0.6031 1.2874, 0.1787 0.6035 1.2874, 0.1695 0.6073 1.2874, 0.1767 0.6091 1.2874, 0.1709 0.5756 1.2835, 0.1749 0.5803 1.2835, 0.1777 0.5861 1.2835, 0.1792 0.5927 1.2835, 0.1794 0.5967 1.2835, 0.1787 0.6035 1.2835, 0.1767 0.6091 1.2835, 0.1734 0.6142 1.2835, 0.1709 0.6167 1.2835, 0.1495 0.6242 1.2835, 0.1656 0.6204 1.2835, 0.1593 0.6229 1.2835, 0.1589 0.6231 1.2835, 0.1334 0.6242 1.2835, 0.1334 0.5677 1.2835, 0.1489 0.5677 1.2835, 0.1584 0.5688 1.2835, 0.1593 0.5692 1.2835, 0.1649 0.5713 1.2835, 0.1703 0.5751 1.2835, 0.1655 0.6124 1.2835, 0.1674 0.6105 1.2835, 0.1695 0.6073 1.2835, 0.171 0.6031 1.2835, 0.1717 0.5965 1.2835, 0.1492 0.6177 1.2835, 0.1562 0.617 1.2835, 0.1612 0.6152 1.2835, 0.1407 0.6177 1.2835, 0.1407 0.5742 1.2835, 0.1489 0.5742 1.2835, 0.1657 0.58 1.2835, 0.1645 0.579 1.2835, 0.1607 0.5766 1.2835, 0.1558 0.5749 1.2835, 0.1716 0.5933 1.2835, 0.1705 0.588 1.2835, 0.1686 0.5838 1.2835
            ]
        }
        coordIndex [
            0,1,2,-1,2,1,3,-1,2,3,4,-1,4,3,5,-1,4,5,6,-1,6,5,7,-1,6,7,8,-1,8,7,9,-1,8,9,10,-1,10,9,11,-1,10,11,12,-1,12,11,13,-1,12,13,14,-1,14,13,15,-1,14,15,16,-1,16,15,17,-1,16,17,18,-1,18,17,19,-1,18,19,20,-1,20,19,21,-1,20,21,22,-1,22,21,23,-1,22,23,24,-1,24,23,25,-1,24,25,26,-1,26,25,27,-1,26,27,28,-1,28,27,29,-1,28,29,30,-1,30,29,31,-1,30,31,32,-1,32,31,33,-1,32,33,34,-1,34,33,35,-1,34,35,0,-1,0,35,1,-1,23,36,37,-1,23,37,25,-1,25,37,38,-1,25,38,27,-1,27,38,39,-1,27,39,29,-1,29,39,40,-1,29,40,31,-1,31,40,41,-1,31,41,33,-1,33,41,42,-1,33,42,35,-1,35,42,43,-1,35,43,1,-1,1,43,44,-1,1,44,3,-1,45,9,7,-1,3,44,46,-1,3,46,5,-1,5,46,47,-1,5,47,7,-1,7,47,48,-1,7,48,45,-1,11,9,49,-1,49,9,45,-1,13,11,50,-1,50,11,49,-1,15,13,51,-1,51,13,50,-1,15,51,52,-1,15,52,17,-1,17,52,53,-1,17,53,19,-1,53,54,19,-1,19,54,55,-1,19,55,21,-1,21,55,36,-1,21,36,23,-1,2,56,57,-1,2,57,0,-1,0,57,58,-1,0,58,34,-1,34,58,59,-1,34,59,32,-1,32,59,60,-1,32,60,30,-1,8,61,62,-1,8,62,6,-1,6,62,63,-1,6,63,4,-1,4,63,56,-1,4,56,2,-1,8,10,61,-1,61,10,64,-1,10,12,64,-1,64,12,65,-1,12,14,65,-1,65,14,66,-1,22,67,68,-1,22,68,20,-1,20,68,69,-1,20,69,18,-1,18,69,70,-1,18,70,16,-1,16,70,66,-1,16,66,14,-1,30,60,71,-1,30,71,28,-1,28,71,72,-1,28,72,26,-1,26,72,73,-1,26,73,24,-1,24,73,67,-1,24,67,22,-1,
        ]
    }
}
Shape{
    appearance Appearance {
        material  Material 	{
            diffuseColor 0.6666666666666666 0.6666666666666666 0.6666666666666666
            specularColor 0.4666666666666667 0.4666666666666667 0.4666666666666667
            ambientIntensity 0.6667
            transparency 0.0
            shininess 0.5
        }
    }
    geometry IndexedFaceSet {
        ccw TRUE
        solid FALSE
        coord DEF co Coordinate {
            point [
                0.1407 0.6177 1.2835, 0.1407 0.5742 1.2835, 0.1492 0.6177 1.2835, 0.1489 0.5742 1.2835, 0.1558 0.5749 1.2835, 0.1607 0.5766 1.2835, 0.1645 0.579 1.2835, 0.1657 0.58 1.2835, 0.1686 0.5838 1.2835, 0.1705 0.588 1.2835, 0.1716 0.5933 1.2835, 0.1717 0.5965 1.2835, 0.171 0.6031 1.2835, 0.1695 0.6073 1.2835, 0.1674 0.6105 1.2835, 0.1655 0.6124 1.2835, 0.1562 0.617 1.2835, 0.1612 0.6152 1.2835
            ]
        }
        coordIndex [
            0,1,2,-1,2,1,3,-1,2,3,4,-1,4,5,2,-1,2,5,6,-1,2,6,7,-1,7,8,2,-1,2,8,9,-1,2,9,10,-1,10,11,2,-1,2,11,12,-1,2,12,13,-1,13,14,2,-1,2,14,15,-1,2,15,16,-1,16,15,17,-1,
        ]
    }
}
Shape{
    appearance Appearance {
        material  Material 	{
            diffuseColor 0.0 0.0 0.0
            specularColor 0.0 0.0 0.0
            ambientIntensity 0.0
            transparency 0.0
            shininess 0.5
        }
    }
    geometry IndexedFaceSet {
        ccw TRUE
        solid FALSE
        coord DEF co Coordinate {
            point [
                0.0665 0.5733 1.2874, 0.0665 0.5733 1.2835, 0.0607 0.574 1.2835, 0.0607 0.574 1.2874, 0.0567 0.5755 1.2835, 0.0567 0.5755 1.2874, 0.053 0.5781 1.2835, 0.053 0.5781 1.2874, 0.052 0.5792 1.2835, 0.052 0.5792 1.2874, 0.0491 0.5833 1.2835, 0.0491 0.5833 1.2874, 0.0473 0.5879 1.2835, 0.0473 0.5879 1.2874, 0.0464 0.5948 1.2835, 0.0464 0.5948 1.2874, 0.0464 0.5953 1.2835, 0.0464 0.5953 1.2874, 0.0471 0.6022 1.2835, 0.0471 0.6022 1.2874, 0.0489 0.6073 1.2835, 0.0489 0.6073 1.2874, 0.0515 0.6113 1.2835, 0.0515 0.6113 1.2874, 0.0524 0.6123 1.2835, 0.0524 0.6123 1.2874, 0.056 0.6153 1.2835, 0.056 0.6153 1.2874, 0.0604 0.6174 1.2835, 0.0604 0.6174 1.2874, 0.0653 0.6184 1.2835, 0.0653 0.6184 1.2874, 0.0678 0.6186 1.2835, 0.0678 0.6186 1.2874, 0.0742 0.6178 1.2835, 0.0742 0.6178 1.2874, 0.08 0.6158 1.2835, 0.08 0.6158 1.2874, 0.0811 0.6152 1.2835, 0.0811 0.6152 1.2874, 0.0811 0.6228 1.2874, 0.0811 0.6228 1.2835, 0.0677 0.6251 1.2835, 0.0677 0.6251 1.2874, 0.0682 0.6251 1.2874, 0.0755 0.6245 1.2835, 0.0755 0.6245 1.2874, 0.0735 0.6247 1.2835, 0.0682 0.6251 1.2835, 0.0607 0.6244 1.2874, 0.063 0.6247 1.2835, 0.0607 0.6244 1.2835, 0.0546 0.6224 1.2835, 0.0546 0.6224 1.2874, 0.0489 0.6187 1.2835, 0.0489 0.6187 1.2874, 0.0469 0.6168 1.2835, 0.0469 0.6168 1.2874, 0.0431 0.6119 1.2835, 0.0413 0.6079 1.2835, 0.0403 0.6057 1.2874, 0.0431 0.6119 1.2874, 0.0403 0.6057 1.2835, 0.0389 0.5984 1.2835, 0.0389 0.5984 1.2874, 0.0388 0.5949 1.2835, 0.0388 0.5949 1.2874, 0.0399 0.5858 1.2835, 0.0413 0.5821 1.2835, 0.0421 0.5799 1.2874, 0.0399 0.5858 1.2874, 0.0421 0.5799 1.2835, 0.0455 0.5751 1.2835, 0.0455 0.5751 1.2874, 0.046 0.5745 1.2835, 0.046 0.5745 1.2874, 0.0505 0.5707 1.2835, 0.0505 0.5707 1.2874, 0.0558 0.5682 1.2835, 0.0558 0.5682 1.2874, 0.0619 0.5669 1.2835, 0.0619 0.5669 1.2874, 0.0654 0.5668 1.2835, 0.0654 0.5668 1.2874, 0.074 0.5676 1.2835, 0.074 0.5676 1.2874, 0.0801 0.5696 1.2835, 0.0801 0.5696 1.2874, 0.0811 0.5701 1.2835, 0.0811 0.5701 1.2874, 0.0811 0.577 1.2874, 0.0811 0.577 1.2835, 0.0757 0.5746 1.2835, 0.0757 0.5746 1.2874, 0.0694 0.5734 1.2835, 0.0694 0.5734 1.2874, 0.269 0.4999 1.2874, 0.2667 0.4936 1.2874, 0.288 0.4999 1.2874, 0.2903 0.4936 1.2874, 0.2775 0.5234 1.2874, 0.2748 0.5346 1.2874, 0.2533 0.4781 1.2874, 0.2613 0.4781 1.2874, 0.278 0.5251 1.2874, 0.2784 0.5274 1.2874, 0.2826 0.5346 1.2874, 0.2786 0.5274 1.2874, 0.279 0.525 1.2874, 0.2795 0.5234 1.2874, 0.3041 0.4781 1.2874, 0.296 0.4781 1.2874, 0.2748 0.5346 1.2835, 0.2826 0.5346 1.2835, 0.2533 0.4781 1.2835, 0.2613 0.4781 1.2835, 0.2667 0.4936 1.2835, 0.2903 0.4936 1.2835, 0.296 0.4781 1.2835, 0.3041 0.4781 1.2835, 0.2775 0.5234 1.2835, 0.278 0.5251 1.2835, 0.2784 0.5274 1.2835, 0.269 0.4999 1.2835, 0.288 0.4999 1.2835, 0.2795 0.5234 1.2835, 0.2786 0.5274 1.2835, 0.279 0.525 1.2835
            ]
        }
        coordIndex [
            0,1,2,-1,0,2,3,-1,3,2,4,-1,3,4,5,-1,5,4,6,-1,5,6,7,-1,7,6,8,-1,7,8,9,-1,9,8,10,-1,9,10,11,-1,11,10,12,-1,11,12,13,-1,13,12,14,-1,13,14,15,-1,15,14,16,-1,15,16,17,-1,17,16,18,-1,17,18,19,-1,19,18,20,-1,19,20,21,-1,21,20,22,-1,21,22,23,-1,23,22,24,-1,23,24,25,-1,25,24,26,-1,25,26,27,-1,27,26,28,-1,27,28,29,-1,29,28,30,-1,29,30,31,-1,31,30,32,-1,31,32,33,-1,33,32,34,-1,33,34,35,-1,35,34,36,-1,35,36,37,-1,37,36,38,-1,37,38,39,-1,40,39,41,-1,41,39,38,-1,42,43,44,-1,40,41,45,-1,40,45,46,-1,46,45,47,-1,46,47,44,-1,44,47,48,-1,44,48,42,-1,43,42,49,-1,49,42,50,-1,50,51,49,-1,49,51,52,-1,49,52,53,-1,53,52,54,-1,53,54,55,-1,55,54,56,-1,55,56,57,-1,57,56,58,-1,59,60,58,-1,58,60,61,-1,58,61,57,-1,59,62,60,-1,60,62,63,-1,60,63,64,-1,64,63,65,-1,64,65,66,-1,66,65,67,-1,68,69,67,-1,67,69,70,-1,67,70,66,-1,68,71,69,-1,69,71,72,-1,69,72,73,-1,73,72,74,-1,73,74,75,-1,75,74,76,-1,75,76,77,-1,77,76,78,-1,77,78,79,-1,79,78,80,-1,79,80,81,-1,81,80,82,-1,81,82,83,-1,83,82,84,-1,83,84,85,-1,85,84,86,-1,85,86,87,-1,87,86,88,-1,87,88,89,-1,90,89,91,-1,91,89,88,-1,90,91,92,-1,90,92,93,-1,93,92,94,-1,93,94,95,-1,95,94,1,-1,95,1,0,-1,37,39,40,-1,19,21,61,-1,89,90,87,-1,87,90,93,-1,87,93,85,-1,85,93,95,-1,85,95,83,-1,83,95,0,-1,83,0,81,-1,81,0,3,-1,81,3,79,-1,79,3,5,-1,79,5,77,-1,77,5,7,-1,77,7,75,-1,75,7,9,-1,75,9,73,-1,73,9,11,-1,73,11,69,-1,69,11,70,-1,70,11,13,-1,70,13,66,-1,61,21,57,-1,37,40,35,-1,35,40,46,-1,35,46,33,-1,33,46,44,-1,33,44,31,-1,31,44,43,-1,31,43,29,-1,29,43,49,-1,29,49,27,-1,49,53,27,-1,27,53,55,-1,27,55,25,-1,25,55,57,-1,25,57,23,-1,23,57,21,-1,13,15,66,-1,66,15,17,-1,66,17,64,-1,64,17,19,-1,64,19,60,-1,60,19,61,-1,96,97,98,-1,98,97,99,-1,100,101,96,-1,96,101,102,-1,96,102,97,-1,97,102,103,-1,100,104,101,-1,101,104,105,-1,101,105,106,-1,106,105,107,-1,106,107,108,-1,108,109,106,-1,106,109,98,-1,106,98,110,-1,110,98,99,-1,110,99,111,-1,101,106,112,-1,112,106,113,-1,102,101,114,-1,114,101,112,-1,103,102,115,-1,115,102,114,-1,97,103,116,-1,116,103,115,-1,99,97,117,-1,117,97,116,-1,111,99,118,-1,118,99,117,-1,110,111,119,-1,119,111,118,-1,106,110,113,-1,113,110,119,-1,100,120,121,-1,100,121,104,-1,104,121,122,-1,104,122,105,-1,100,96,120,-1,120,96,123,-1,96,98,123,-1,123,98,124,-1,98,109,124,-1,124,109,125,-1,107,126,127,-1,107,127,108,-1,108,127,125,-1,108,125,109,-1,107,105,126,-1,126,105,122,-1,
        ]
    }
}
Shape{
    appearance Appearance {
        material  Material 	{
            diffuseColor 0.6666666666666666 0.6666666666666666 0.6666666666666666
            specularColor 0.4666666666666667 0.4666666666666667 0.4666666666666667
            ambientIntensity 0.6667
            transparency 0.0
            shininess 0.5
        }
    }
    geometry IndexedFaceSet {
        ccw TRUE
        solid FALSE
        coord DEF co Coordinate {
            point [
                0.2786 0.5274 1.2835, 0.2784 0.5274 1.2835, 0.279 0.525 1.2835, 0.278 0.5251 1.2835, 0.2795 0.5234 1.2835, 0.2775 0.5234 1.2835, 0.288 0.4999 1.2835, 0.269 0.4999 1.2835
            ]
        }
        coordIndex [
            0,1,2,-1,2,1,3,-1,2,3,4,-1,4,3,5,-1,4,5,6,-1,6,5,7,-1,
        ]
    }
}
Shape{
    appearance Appearance {
        material  Material 	{
            diffuseColor 0.0 0.0 0.0
            specularColor 0.0 0.0 0.0
            ambientIntensity 0.0
            transparency 0.0
            shininess 0.5
        }
    }
    geometry IndexedFaceSet {
        ccw TRUE
        solid FALSE
        coord DEF co Coordinate {
            point [
                0.1935 0.4846 1.2874, 0.1935 0.4846 1.2835, 0.1704 0.4846 1.2874, 0.181 0.4846 1.2835, 0.1704 0.4846 1.2835, 0.1704 0.5036 1.2874, 0.1704 0.5036 1.2835, 0.1906 0.5036 1.2874, 0.181 0.5036 1.2835, 0.1906 0.5036 1.2835, 0.1906 0.51 1.2874, 0.1906 0.51 1.2835, 0.1704 0.51 1.2835, 0.1704 0.51 1.2874, 0.181 0.51 1.2835, 0.1704 0.5281 1.2874, 0.1704 0.5281 1.2835, 0.1922 0.5281 1.2835, 0.1922 0.5281 1.2874, 0.181 0.5281 1.2835, 0.1922 0.5346 1.2874, 0.1922 0.5346 1.2835, 0.1631 0.5346 1.2835, 0.1631 0.5346 1.2874, 0.181 0.5346 1.2835, 0.1631 0.4781 1.2874, 0.1631 0.4781 1.2835, 0.1935 0.4781 1.2835, 0.1935 0.4781 1.2874, 0.181 0.4781 1.2835, 0.014 0.4846 1.2874, 0.0371 0.4846 1.2874, 0.014 0.4846 1.2835, 0.0371 0.4846 1.2835, 0.014 0.5036 1.2874, 0.014 0.5036 1.2835, 0.0342 0.5036 1.2874, 0.0342 0.5036 1.2835, 0.0342 0.51 1.2874, 0.0342 0.51 1.2835, 0.014 0.51 1.2874, 0.014 0.51 1.2835, 0.014 0.5281 1.2874, 0.014 0.5281 1.2835, 0.0358 0.5281 1.2874, 0.0358 0.5281 1.2835, 0.0358 0.5346 1.2874, 0.0358 0.5346 1.2835, 0.0067 0.5346 1.2874, 0.0067 0.5346 1.2835, 0.0067 0.4781 1.2874, 0.0067 0.4781 1.2835, 0.0371 0.4781 1.2874, 0.0371 0.4781 1.2835, 0.1983 0.5895 1.2874, 0.196 0.5832 1.2874, 0.2173 0.5895 1.2874, 0.2195 0.5832 1.2874, 0.2068 0.613 1.2874, 0.204 0.6242 1.2874, 0.1825 0.5677 1.2874, 0.1906 0.5677 1.2874, 0.2073 0.6147 1.2874, 0.2077 0.617 1.2874, 0.2118 0.6242 1.2874, 0.2079 0.617 1.2874, 0.2083 0.6146 1.2874, 0.2087 0.613 1.2874, 0.2333 0.5677 1.2874, 0.2253 0.5677 1.2874, 0.204 0.6242 1.2835, 0.2118 0.6242 1.2835, 0.1825 0.5677 1.2835, 0.1988 0.6104 1.2835, 0.1906 0.5677 1.2835, 0.196 0.5832 1.2835, 0.2195 0.5832 1.2835, 0.1988 0.5832 1.2835, 0.2253 0.5677 1.2835, 0.2333 0.5677 1.2835, 0.2068 0.613 1.2835, 0.2073 0.6147 1.2835, 0.2077 0.617 1.2835, 0.1983 0.5895 1.2835, 0.2173 0.5895 1.2835, 0.2087 0.613 1.2835, 0.2079 0.617 1.2835, 0.2083 0.6146 1.2835
            ]
        }
        coordIndex [
            0,1,2,-1,2,1,3,-1,2,3,4,-1,5,2,6,-1,6,2,4,-1,5,6,7,-1,7,6,8,-1,7,8,9,-1,10,7,11,-1,11,7,9,-1,12,13,14,-1,14,13,10,-1,14,10,11,-1,15,13,16,-1,16,13,12,-1,17,18,19,-1,19,18,15,-1,19,15,16,-1,20,18,21,-1,21,18,17,-1,22,23,24,-1,24,23,20,-1,24,20,21,-1,25,23,26,-1,26,23,22,-1,27,28,29,-1,29,28,25,-1,29,25,26,-1,0,28,1,-1,1,28,27,-1,25,28,0,-1,0,2,25,-1,25,2,5,-1,25,5,23,-1,18,20,15,-1,15,20,23,-1,15,23,13,-1,13,23,5,-1,13,5,10,-1,10,5,7,-1,30,31,32,-1,32,31,33,-1,34,30,35,-1,35,30,32,-1,36,34,37,-1,37,34,35,-1,38,36,39,-1,39,36,37,-1,40,38,41,-1,41,38,39,-1,42,40,43,-1,43,40,41,-1,44,42,45,-1,45,42,43,-1,46,44,47,-1,47,44,45,-1,48,46,49,-1,49,46,47,-1,50,48,51,-1,51,48,49,-1,52,50,53,-1,53,50,51,-1,31,52,33,-1,33,52,53,-1,50,52,31,-1,31,30,50,-1,50,30,34,-1,50,34,48,-1,44,46,42,-1,42,46,48,-1,42,48,40,-1,40,48,34,-1,40,34,38,-1,38,34,36,-1,54,55,56,-1,56,55,57,-1,58,59,54,-1,54,59,60,-1,54,60,55,-1,55,60,61,-1,58,62,59,-1,59,62,63,-1,59,63,64,-1,64,63,65,-1,64,65,66,-1,66,67,64,-1,64,67,56,-1,64,56,68,-1,68,56,57,-1,68,57,69,-1,59,64,70,-1,70,64,71,-1,72,60,73,-1,73,60,59,-1,73,59,70,-1,61,60,74,-1,74,60,72,-1,55,61,75,-1,75,61,74,-1,76,57,77,-1,77,57,55,-1,77,55,75,-1,69,57,78,-1,78,57,76,-1,68,69,79,-1,79,69,78,-1,64,68,71,-1,71,68,79,-1,58,80,81,-1,58,81,62,-1,62,81,82,-1,62,82,63,-1,58,54,80,-1,80,54,83,-1,54,56,83,-1,83,56,84,-1,56,67,84,-1,84,67,85,-1,65,86,87,-1,65,87,66,-1,66,87,85,-1,66,85,67,-1,65,63,86,-1,86,63,82,-1,
        ]
    }
}
Shape{
    appearance Appearance {
        material  Material 	{
            diffuseColor 0.6666666666666666 0.6666666666666666 0.6666666666666666
            specularColor 0.4666666666666667 0.4666666666666667 0.4666666666666667
            ambientIntensity 0.6667
            transparency 0.0
            shininess 0.5
        }
    }
    geometry IndexedFaceSet {
        ccw TRUE
        solid FALSE
        coord DEF co Coordinate {
            point [
                0.2079 0.617 1.2835, 0.2077 0.617 1.2835, 0.2083 0.6146 1.2835, 0.2073 0.6147 1.2835, 0.2087 0.613 1.2835, 0.2068 0.613 1.2835, 0.2173 0.5895 1.2835, 0.1983 0.5895 1.2835
            ]
        }
        coordIndex [
            0,1,2,-1,2,1,3,-1,2,3,4,-1,4,3,5,-1,4,5,6,-1,6,5,7,-1,
        ]
    }
}
Shape{
    appearance Appearance {
        material  Material 	{
            diffuseColor 0.0 0.0 0.0
            specularColor 0.0 0.0 0.0
            ambientIntensity 0.0
            transparency 0.0
            shininess 0.5
        }
    }
    geometry IndexedFaceSet {
        ccw TRUE
        solid FALSE
        coord DEF co Coordinate {
            point [
                0.0997 0.5742 1.2835, 0.0997 0.5742 1.2874, 0.1149 0.5742 1.2835, 0.1227 0.5742 1.2874, 0.1227 0.5742 1.2835, 0.0997 0.5932 1.2874, 0.0997 0.5932 1.2835, 0.1199 0.5932 1.2874, 0.1149 0.5932 1.2835, 0.1199 0.5932 1.2835, 0.1199 0.5996 1.2874, 0.1199 0.5996 1.2835, 0.0997 0.5996 1.2835, 0.0997 0.5996 1.2874, 0.1149 0.5996 1.2835, 0.0997 0.6177 1.2874, 0.0997 0.6177 1.2835, 0.1215 0.6177 1.2874, 0.1149 0.6177 1.2835, 0.1215 0.6177 1.2835, 0.1215 0.6242 1.2874, 0.1215 0.6242 1.2835, 0.0924 0.6242 1.2835, 0.0924 0.6242 1.2874, 0.1149 0.6242 1.2835, 0.0924 0.5677 1.2874, 0.0924 0.5677 1.2835, 0.1227 0.5677 1.2874, 0.1149 0.5677 1.2835, 0.1227 0.5677 1.2835, 0.014 0.5742 1.2874, 0.0365 0.5742 1.2874, 0.014 0.5742 1.2835, 0.0365 0.5742 1.2835, 0.014 0.6242 1.2874, 0.014 0.6242 1.2835, 0.0067 0.6242 1.2874, 0.0067 0.6242 1.2835, 0.0067 0.5677 1.2874, 0.0067 0.5677 1.2835, 0.0365 0.5677 1.2874, 0.0365 0.5677 1.2835
            ]
        }
        coordIndex [
            0,1,2,-1,2,1,3,-1,2,3,4,-1,5,1,6,-1,6,1,0,-1,5,6,7,-1,7,6,8,-1,7,8,9,-1,10,7,11,-1,11,7,9,-1,12,13,14,-1,14,13,10,-1,14,10,11,-1,15,13,16,-1,16,13,12,-1,15,16,17,-1,17,16,18,-1,17,18,19,-1,20,17,21,-1,21,17,19,-1,22,23,24,-1,24,23,20,-1,24,20,21,-1,25,23,26,-1,26,23,22,-1,25,26,27,-1,27,26,28,-1,27,28,29,-1,3,27,4,-1,4,27,29,-1,25,27,3,-1,3,1,25,-1,25,1,5,-1,25,5,23,-1,17,20,15,-1,15,20,23,-1,15,23,13,-1,13,23,5,-1,13,5,10,-1,10,5,7,-1,30,31,32,-1,32,31,33,-1,34,30,35,-1,35,30,32,-1,36,34,37,-1,37,34,35,-1,38,36,39,-1,39,36,37,-1,40,38,41,-1,41,38,39,-1,31,40,33,-1,33,40,41,-1,34,36,30,-1,30,36,38,-1,30,38,31,-1,31,38,40,-1,
        ]
    }
}