#VRML V2.0 utf8
# 3D model generated by easyeda2kicad.py (https://github.com/uPesy/easyeda2kicad.py)

Shape{
    appearance Appearance {
        material  Material 	{
            diffuseColor 0.7529411764705882 0.7529411764705882 0.7529411764705882
            specularColor 0.3764705882352941 0.3764705882352941 0.3764705882352941
            ambientIntensity 0.7529
            transparency 0.0
            shininess 0.5
        }
    }
    geometry IndexedFaceSet {
        ccw TRUE
        solid FALSE
        coord DEF co Coordinate {
            point [
                0.2559 -1.4793 1.0118, 0.2559 -1.3979 1.0118, -0.8054 -1.3979 1.0118, -0.9825 -1.6216 1.0118, -0.9806 -1.6195 1.0118, -0.9806 -1.6063 1.0118, -1.0169 -1.6062 1.0118, -1.0185 -1.6063 1.0118, -0.9993 -1.6063 1.0118, 1.2775 -1.4927 1.0118, 1.2672 -1.4793 1.0118, -1.0778 -1.3986 1.0118, -1.0718 -1.3979 1.0118, -1.1036 -1.3979 1.0118, -1.0572 -1.4788 1.0118, -1.0624 -1.4793 1.0118, -1.0439 -1.4793 1.0118, -1.2549 -1.461 1.0118, -1.2395 -1.4741 1.0118, -1.1855 -1.3979 1.0118, -1.1855 -1.4793 1.0118, -1.3294 -1.3903 1.0118, -1.3183 -1.3979 1.0118, -1.3054 -1.4067 1.0118, -1.2865 -1.4286 1.0118, -1.2747 -1.4517 1.0118, -1.2719 -1.4526 1.0118, -1.4367 -1.3904 1.0118, -1.4104 -1.3804 1.0118, -1.6274 1.752 1.0118, -1.1855 1.752 1.0118, -1.3828 -1.3771 1.0118, -1.3578 -1.3799 1.0118, -1.6274 -1.3979 1.0118, -1.5117 -1.426 1.0118, -1.4893 -1.4232 1.0118, -1.6274 -1.4793 1.0118, -1.5734 -1.4793 1.0118, -1.5684 -1.4681 1.0118, -1.5547 -1.4505 1.0118, -1.4489 -1.3979 1.0118, -1.4511 -1.3993 1.0118, -1.4645 -1.4107 1.0118, -1.4827 -1.4236 1.0118, -1.4762 -1.4243 1.0118, -1.5509 -1.4469 1.0118, -1.5328 -1.4342 1.0118, -1.5121 -1.6048 1.0118, -1.5193 -1.6026 1.0118, -1.6274 -1.6063 1.0118, -1.5398 -1.5926 1.0118, -1.5576 -1.5775 1.0118, -1.5706 -1.5589 1.0118, -1.5787 -1.5377 1.0118, -1.6274 -1.5028 1.0118, -1.5815 -1.5154 1.0118, -1.5813 -1.51 1.0118, -1.5801 -1.5028 1.0118, -1.5775 -1.4886 1.0118, -1.4867 -1.6359 1.0118, -1.4979 -1.6275 1.0118, -1.6274 -1.6381 1.0118, -1.5063 -1.617 1.0118, -1.5113 -1.6063 1.0118, -1.458 -1.6435 1.0118, -1.6274 -1.752 1.0118, -1.4442 -1.6418 1.0118, -1.1855 -1.752 1.0118, -1.4344 -1.6381 1.0118, -1.4601 -1.6435 1.0118, -1.4736 -1.6414 1.0118, -1.4815 -1.6381 1.0118, -1.4046 -1.6063 1.0118, -1.4047 -1.6066 1.0118, -1.1855 -1.6381 1.0118, -1.4114 -1.6193 1.0118, -1.4201 -1.629 1.0118, -1.4315 -1.6369 1.0118, -1.2209 -1.5076 1.0118, -1.2183 -1.5262 1.0118, -1.1855 -1.5028 1.0118, -1.3319 -1.5728 1.0118, -1.328 -1.5712 1.0118, -1.3213 -1.5388 1.0118, -1.2394 -1.5803 1.0118, -1.2548 -1.5934 1.0118, -1.1855 -1.6063 1.0118, -1.4153 -1.5484 1.0118, -1.339 -1.5086 1.0118, -1.4252 -1.5394 1.0118, -1.4373 -1.5329 1.0118, -1.3354 -1.5752 1.0118, -1.2281 -1.5646 1.0118, -1.2539 -1.5218 1.0118, -1.2566 -1.5108 1.0118, -1.2609 -1.5028 1.0118, -1.5442 -1.5028 1.0118, -1.2209 -1.5465 1.0118, -1.3236 -1.5706 1.0118, -1.3231 -1.5707 1.0118, -1.3214 -1.5711 1.0118, -1.5409 -1.537 1.0118, -1.5341 -1.5485 1.0118, -1.5052 -1.5544 1.0118, -1.5239 -1.559 1.0118, -1.5115 -1.5667 1.0118, -1.4842 -1.5356 1.0118, -1.4958 -1.5437 1.0118, -1.5456 -1.5143 1.0118, -1.545 -1.5231 1.0118, -1.4716 -1.5308 1.0118, -1.458 -1.5291 1.0118, -1.4511 -1.5295 1.0118, -1.3413 -1.5883 1.0118, -1.3411 -1.586 1.0118, -1.401 -1.5809 1.0118, -1.34 -1.5817 1.0118, -1.3378 -1.5778 1.0118, -1.2652 -1.5569 1.0118, -1.2589 -1.548 1.0118, -1.255 -1.5379 1.0118, -1.2536 -1.5268 1.0118, -1.328 -1.6054 1.0118, -1.3317 -1.6039 1.0118, -1.3354 -1.6013 1.0118, -1.3367 -1.6 1.0118, -1.3392 -1.5964 1.0118, -1.3407 -1.5925 1.0118, -1.4014 -1.5925 1.0118, -1.401 -1.5866 1.0118, -1.2722 -1.6019 1.0118, -1.2912 -1.6059 1.0118, -1.3248 -1.6059 1.0118, -1.3202 -1.5712 1.0118, -1.2946 -1.5712 1.0118, -1.2843 -1.5692 1.0118, -1.2743 -1.5646 1.0118, -1.2659 -1.5577 1.0118, -1.3026 -1.4824 1.0118, -1.5391 -1.4878 1.0118, -1.5439 -1.5005 1.0118, -1.298 -1.4824 1.0118, -1.2619 -1.501 1.0118, -1.2684 -1.4937 1.0118, -1.2772 -1.4876 1.0118, -1.2872 -1.4837 1.0118, -1.3148 -1.4482 1.0118, -1.3277 -1.4328 1.0118, -1.4585 -1.4659 1.0118, -1.3291 -1.4316 1.0118, -1.3451 -1.4205 1.0118, -1.4498 -1.4479 1.0118, -1.5332 -1.4793 1.0118, -1.4626 -1.4637 1.0118, -1.3032 -1.4793 1.0118, -1.3061 -1.4665 1.0118, -1.4753 -1.459 1.0118, -1.4887 -1.4574 1.0118, -1.4947 -1.4577 1.0118, -1.4371 -1.4326 1.0118, -1.3629 -1.4136 1.0118, -1.4218 -1.4215 1.0118, -1.3823 -1.4112 1.0118, -1.4032 -1.4139 1.0118, -1.5087 -1.461 1.0118, -1.5214 -1.4678 1.0118, -1.5312 -1.4765 1.0118, -1.2357 -1.4793 1.0118, -1.2279 -1.4903 1.0118, -1.2228 -1.5028 1.0118, -0.8619 -1.3986 1.0118, -0.8314 -1.4786 1.0118, -0.8054 -1.4793 1.0118, -0.8428 -1.4786 1.0118, -0.892 -1.4786 1.0118, -0.9034 -1.4786 1.0118, -0.9056 -1.4793 1.0118, -0.8804 -1.4567 1.0118, -0.8843 -1.4567 1.0118, -0.8804 -1.4793 1.0118, -0.9056 -1.3979 1.0118, -0.8804 -1.418 1.0118, -0.8804 -1.3979 1.0118, -0.9993 -1.4426 1.0118, -1.0209 -1.4426 1.0118, -0.9993 -1.4695 1.0118, -1.0209 -1.4695 1.0118, -0.9806 -1.3979 1.0118, -0.9993 -1.3979 1.0118, -0.99 -1.3986 1.0118, -0.9993 -1.3986 1.0118, -0.99 -1.4078 1.0118, -0.9882 -1.4695 1.0118, -0.9806 -1.4793 1.0118, -0.9882 -1.4786 1.0118, -0.9993 -1.4793 1.0118, -0.9923 -1.4426 1.0118, -0.9923 -1.4334 1.0118, -0.9993 -1.4334 1.0118, -0.9993 -1.4078 1.0118, -1.0209 -1.4078 1.0118, -1.0209 -1.4334 1.0118, -1.0312 -1.3986 1.0118, -1.0439 -1.3979 1.0118, -1.0312 -1.4786 1.0118, -1.0473 -1.4005 1.0118, -1.0558 -1.398 1.0118, -1.0577 -1.3979 1.0118, -0.9993 -1.4786 1.0118, -1.0473 -1.4113 1.0118, -1.0486 -1.476 1.0118, -1.0679 -1.4708 1.0118, -1.063 -1.4705 1.0118, -1.0482 -1.4108 1.0118, -1.0963 -1.4425 1.0118, -1.095 -1.4505 1.0118, -1.0541 -1.4686 1.0118, -1.0473 -1.4654 1.0118, -1.0473 -1.4753 1.0118, -1.0886 -1.4161 1.0118, -1.0924 -1.4217 1.0118, -1.0924 -1.457 1.0118, -1.0885 -1.4623 1.0118, -1.0866 -1.4642 1.0118, -1.0661 -1.4065 1.0118, -1.0694 -1.4067 1.0118, -1.088 -1.4154 1.0118, -1.0764 -1.4081 1.0118, -1.0827 -1.411 1.0118, -1.0951 -1.4286 1.0118, -1.0964 -1.4395 1.0118, -1.0812 -1.4679 1.0118, -1.0754 -1.47 1.0118, -1.0563 -1.4077 1.0118, -1.0662 -1.3972 1.0118, -1.1036 1.752 1.0118, -1.0439 1.752 1.0118, -1.1015 -1.4166 1.0118, -1.0957 -1.409 1.0118, -1.0939 -1.4073 1.0118, -1.0861 -1.4018 1.0118, -1.1036 -1.4583 1.0118, -1.1057 -1.4531 1.0118, -1.1084 -1.4793 1.0118, -1.1072 -1.4401 1.0118, -1.1071 -1.4359 1.0118, -1.1084 -1.3979 1.0118, -1.1053 -1.4255 1.0118, -1.1036 -1.4217 1.0118, -1.1036 -1.5028 1.0118, -1.0767 -1.4793 1.0118, -1.1036 -1.4793 1.0118, -1.0838 -1.4777 1.0118, -1.0912 -1.4739 1.0118, -1.0969 -1.4691 1.0118, -1.0977 -1.4683 1.0118, -1.1024 -1.4614 1.0118, -1.0439 -1.5028 1.0118, -1.0694 -1.48 1.0118, -1.0753 -1.4797 1.0118, 1.4751 -1.4398 1.0118, 1.6732 -1.4793 1.0118, 1.4791 -1.4092 1.0118, 1.6732 -1.3979 1.0118, 1.4776 -1.3979 1.0118, 1.4751 -1.3786 1.0118, 1.2587 -1.3501 1.0118, 1.2469 -1.3786 1.0118, 1.2443 -1.3979 1.0118, 1.2775 -1.3257 1.0118, 1.3019 -1.3069 1.0118, 0.2559 1.752 1.0118, 1.3304 -1.2951 1.0118, 1.6732 1.752 1.0118, 1.361 -1.2911 1.0118, 1.3915 -1.2951 1.0118, 1.42 -1.3069 1.0118, 1.4445 -1.3257 1.0118, 1.4633 -1.3501 1.0118, 1.2587 -1.4683 1.0118, 1.2469 -1.4398 1.0118, 1.2429 -1.4092 1.0118, 1.6732 -1.5028 1.0118, 1.4314 -1.5028 1.0118, 1.6732 -1.6063 1.0118, 1.42 -1.5115 1.0118, 1.3915 -1.5233 1.0118, 1.361 -1.5273 1.0118, 0.2559 -1.6063 1.0118, 1.2906 -1.5028 1.0118, 0.2559 -1.5028 1.0118, 1.3019 -1.5115 1.0118, 1.3304 -1.5233 1.0118, 1.4633 -1.4683 1.0118, 1.4548 -1.4793 1.0118, 1.4445 -1.4927 1.0118, -0.9364 -1.3979 1.0118, -0.9364 -1.4005 1.0118, -0.9283 -1.4034 1.0118, -0.9105 -1.4533 1.0118, -0.9147 -1.4614 1.0118, -0.9199 -1.4092 1.0118, -0.9171 -1.412 1.0118, -0.9121 -1.419 1.0118, -0.9364 -1.4766 1.0118, -0.9364 -1.4793 1.0118, -0.9284 -1.4735 1.0118, -0.9199 -1.4674 1.0118, -0.9092 -1.4266 1.0118, -0.9079 -1.4376 1.0118, -0.9083 -1.4442 1.0118, -0.9502 -1.3986 1.0118, -0.938 -1.3999 1.0118, -0.9375 -1.477 1.0118, -0.951 -1.4786 1.0118, -0.9731 -1.4786 1.0118, -0.9731 -1.3986 1.0118, -1.0961 -1.5785 1.0118, -1.0945 -1.5622 1.0118, -1.0981 -1.5813 1.0118, -1.0994 -1.5849 1.0118, -1.0439 -1.6063 1.0118, -1.0541 -1.6057 1.0118, -1.0641 -1.6057 1.0118, -1.0879 -1.6063 1.0118, -1.0918 -1.6049 1.0118, -1.1036 -1.6063 1.0118, -1.0945 -1.5525 1.0118, -1.0924 -1.5513 1.0118, -1.0613 -1.5508 1.0118, -1.0586 -1.5533 1.0118, -1.0647 -1.5489 1.0118, -1.093 -1.5758 1.0118, -1.0888 -1.5736 1.0118, -1.0881 -1.5582 1.0118, -1.0811 -1.5717 1.0118, -1.0723 -1.5557 1.0118, -1.0757 -1.5553 1.0118, -1.0819 -1.556 1.0118, -1.0951 -1.6025 1.0118, -1.0963 -1.6014 1.0118, -1.0984 -1.5983 1.0118, -1.0641 -1.5968 1.0118, -1.0644 -1.5968 1.0118, -1.066 -1.5992 1.0118, -1.0692 -1.6026 1.0118, -1.0996 -1.5949 1.0118, -1.1001 -1.5903 1.0118, -1.0565 -1.5565 1.0118, -1.0549 -1.561 1.0118, -1.0541 -1.5689 1.0118, -1.0641 -1.5693 1.0118, -1.0645 -1.5649 1.0118, -1.0655 -1.5613 1.0118, -1.0667 -1.5592 1.0118, -1.0849 -1.5484 1.0118, -1.0748 -1.5472 1.0118, -1.0689 -1.5477 1.0118, -1.0682 -1.5576 1.0118, -1.07 -1.5565 1.0118, -1.0765 -1.6063 1.0118, -1.0767 -1.6064 1.0118, -1.0439 -1.6381 1.0118, -1.1036 -1.6381 1.0118, -1.0819 -1.607 1.0118, -1.0877 -1.6063 1.0118, -1.0046 -1.5497 1.0118, -1.0046 -1.5594 1.0118, -1.0311 -1.6063 1.0118, -1.034 -1.606 1.0118, -1.0405 -1.6037 1.0118, -1.0405 -1.5933 1.0118, -1.0116 -1.5477 1.0118, -0.9993 -1.5028 1.0118, -1.0405 -1.5639 1.0118, -1.0401 -1.5603 1.0118, -1.0024 -1.5941 1.0118, -1.0036 -1.5973 1.0118, -1.0055 -1.6 1.0118, -1.0389 -1.5709 1.0118, -1.04 -1.5678 1.0118, -1.0053 -1.5806 1.0118, -1.0034 -1.5834 1.0118, -1.0023 -1.5864 1.0118, -1.0019 -1.5901 1.0118, -1.0376 -1.573 1.0118, -1.0389 -1.5571 1.0118, -1.037 -1.5544 1.0118, -1.034 -1.5517 1.0118, -1.0311 -1.55 1.0118, -1.0257 -1.548 1.0118, -1.0182 -1.5472 1.0118, -1.0083 -1.6025 1.0118, -1.0114 -1.6043 1.0118, -1.0306 -1.598 1.0118, -1.0253 -1.5805 1.0118, -1.0369 -1.5956 1.0118, -1.0313 -1.5778 1.0118, -1.036 -1.5747 1.0118, -1.0192 -1.5553 1.0118, -1.0221 -1.5555 1.0118, -1.0301 -1.563 1.0118, -1.0248 -1.5562 1.0118, -1.0271 -1.5574 1.0118, -1.03 -1.5643 1.0118, -1.0296 -1.5659 1.0118, -1.0289 -1.5673 1.0118, -1.024 -1.5988 1.0118, -1.0236 -1.5988 1.0118, -1.0187 -1.5833 1.0118, -1.0184 -1.5982 1.0118, -1.0122 -1.5911 1.0118, -1.0123 -1.5898 1.0118, -1.0279 -1.5683 1.0118, -1.0244 -1.5705 1.0118, -1.0123 -1.5561 1.0118, -1.0182 -1.5732 1.0118, -1.0066 -1.5583 1.0118, -1.0143 -1.5748 1.0118, -1.0076 -1.5785 1.0118, -1.0159 -1.5973 1.0118, -1.0149 -1.5967 1.0118, -1.0138 -1.5957 1.0118, -1.0286 -1.5588 1.0118, -1.0294 -1.5601 1.0118, -1.0299 -1.5614 1.0118, -1.0129 -1.5944 1.0118, -1.0124 -1.593 1.0118, -1.0127 -1.5883 1.0118, -1.0135 -1.5869 1.0118, -1.0148 -1.5856 1.0118, -1.0727 -1.605 1.0118, -1.025 -1.607 1.0118, -0.9522 -1.5485 1.0118, -0.9418 -1.5485 1.0118, -0.9364 -1.5028 1.0118, -0.9705 -1.5915 1.0118, -0.9693 -1.5962 1.0118, -0.969 -1.5962 1.0118, -0.9806 -1.5028 1.0118, -0.9806 -1.5624 1.0118, -0.9678 -1.5915 1.0118, -0.9686 -1.5942 1.0118, -0.9806 -1.5893 1.0118, -0.9967 -1.5485 1.0118, -0.9855 -1.5485 1.0118, -0.9746 -1.6063 1.0118, -0.9742 -1.6055 1.0118, -0.9806 -1.6195 1.0118, -0.9786 -1.6159 1.0118, -0.9993 -1.6381 1.0118, -0.9946 -1.6318 1.0118, -0.9946 -1.6229 1.0118, -0.9926 -1.6235 1.0118, -0.9889 -1.624 1.0118, -0.9806 -1.6308 1.0118, -0.9841 -1.6321 1.0118, -0.9806 -1.6381 1.0118, -0.9881 -1.6326 1.0118, -0.9904 -1.6325 1.0118, -0.9865 -1.6237 1.0118, -0.9843 -1.6229 1.0118, -0.9677 -1.6143 1.0118, -0.9723 -1.6231 1.0118, -0.9364 -1.6381 1.0118, -0.9646 -1.6063 1.0118, -0.9759 -1.6275 1.0118, -0.9766 -1.6282 1.0118, -0.9801 -1.6306 1.0118, -0.9056 -1.5696 1.0118, -0.9206 -1.5696 1.0118, -0.9056 -1.5965 1.0118, -0.9206 -1.5965 1.0118, -0.8897 -1.5256 1.0118, -0.8897 -1.5348 1.0118, -0.8804 -1.5028 1.0118, -0.8879 -1.5965 1.0118, -0.8804 -1.6063 1.0118, -0.8879 -1.6057 1.0118, -0.9056 -1.6063 1.0118, -0.892 -1.5696 1.0118, -0.892 -1.5604 1.0118, -0.9056 -1.5604 1.0118, -0.9056 -1.5348 1.0118, -0.9206 -1.5348 1.0118, -0.9206 -1.5604 1.0118, -0.9056 -1.6057 1.0118, -0.931 -1.6057 1.0118, -0.9364 -1.6063 1.0118, -0.931 -1.5256 1.0118, -0.9056 -1.5256 1.0118, -0.9056 -1.5028 1.0118, -0.9993 1.752 1.0118, -0.9806 1.752 1.0118, -0.9364 1.752 1.0118, -0.9056 1.752 1.0118, -0.8804 1.752 1.0118, -0.8054 1.752 1.0118, -1.1084 1.752 1.0118, -0.8729 -1.3986 1.0118, -1.1105 -1.4695 1.0118, -1.1105 -1.4786 1.0118, -1.1527 -1.4786 1.0118, -1.1527 -1.3986 1.0118, -1.1424 -1.3986 1.0118, -1.1424 -1.4695 1.0118, -1.1084 -1.5028 1.0118, -0.7917 -1.6057 1.0118, -0.8032 -1.6057 1.0118, -0.8054 -1.6063 1.0118, -0.7425 -1.6057 1.0118, -0.7507 -1.5838 1.0118, -0.784 -1.5838 1.0118, -0.8054 -1.5028 1.0118, -0.7727 -1.5256 1.0118, -0.7616 -1.5256 1.0118, -0.7311 -1.6057 1.0118, -0.851 -1.4567 1.0118, -0.8377 -1.5269 1.0118, -0.8281 -1.5305 1.0118, -0.8119 -1.546 1.0118, -0.8089 -1.5536 1.0118, -0.8076 -1.5646 1.0118, -0.808 -1.5712 1.0118, -0.8102 -1.5803 1.0118, -0.8145 -1.5884 1.0118, -0.8197 -1.5944 1.0118, -0.8281 -1.6005 1.0118, -0.8373 -1.604 1.0118, -0.8508 -1.6057 1.0118, -0.8728 -1.6057 1.0118, -0.8728 -1.5256 1.0118, -0.8499 -1.5256 1.0118, -0.8197 -1.5362 1.0118, -0.8168 -1.539 1.0118, -1.1084 -1.6063 1.0118, -1.1527 -1.6057 1.0118, -1.1097 -1.6057 1.0118, -1.1097 -1.5965 1.0118, -1.1115 -1.5348 1.0118, -1.1527 -1.5256 1.0118, -1.1115 -1.5256 1.0118, -1.1424 -1.5696 1.0118, -1.1424 -1.5965 1.0118, -1.1138 -1.5696 1.0118, -1.1138 -1.5604 1.0118, -1.1424 -1.5604 1.0118, -1.1424 -1.5348 1.0118, -0.9056 -1.6381 1.0118, -0.8804 -1.6381 1.0118, -0.8054 -1.6381 1.0118, 0.2559 -1.6381 1.0118, 1.6732 -1.6381 1.0118, -1.1084 -1.6381 1.0118, -1.1084 -1.752 1.0118, -1.1036 -1.752 1.0118, -1.0439 -1.752 1.0118, -0.9993 -1.752 1.0118, -0.9806 -1.752 1.0118, -0.9364 -1.752 1.0118, -0.9056 -1.752 1.0118, -0.8804 -1.752 1.0118, -0.8054 -1.752 1.0118, 0.2559 -1.752 1.0118, 1.6732 -1.752 1.0118, -1.6732 1.752 1.0118, -1.6732 -1.3979 1.0118, -1.6732 -1.4793 1.0118, -1.6732 -1.5028 1.0118, -1.6732 -1.6063 1.0118, -1.6732 -1.6381 1.0118, -1.6732 -1.752 1.0118
            ]
        }
        coordIndex [
            0,1,2,-1,3,4,5,-1,6,7,8,-1,9,10,0,-1,11,12,13,-1,14,15,16,-1,17,18,19,-1,19,18,20,-1,21,22,19,-1,19,22,23,-1,19,23,24,-1,24,25,19,-1,19,25,26,-1,19,26,17,-1,27,28,29,-1,29,28,30,-1,30,28,31,-1,30,31,32,-1,33,34,35,-1,36,37,33,-1,33,37,38,-1,33,38,39,-1,27,29,40,-1,40,29,33,-1,40,33,41,-1,41,33,35,-1,41,35,42,-1,42,35,43,-1,42,43,44,-1,39,45,33,-1,33,45,46,-1,33,46,34,-1,47,48,49,-1,49,48,50,-1,49,50,51,-1,51,52,49,-1,49,52,53,-1,49,53,54,-1,54,53,55,-1,55,56,54,-1,54,56,57,-1,54,57,36,-1,36,57,58,-1,36,58,37,-1,59,60,61,-1,61,60,62,-1,61,62,49,-1,49,62,63,-1,49,63,47,-1,64,65,66,-1,66,65,67,-1,66,67,68,-1,64,69,65,-1,65,69,70,-1,65,70,61,-1,61,70,71,-1,61,71,59,-1,72,73,74,-1,74,73,75,-1,75,76,74,-1,74,76,77,-1,74,77,68,-1,78,79,80,-1,81,82,83,-1,84,85,86,-1,87,88,89,-1,89,88,90,-1,81,83,91,-1,84,86,92,-1,93,94,88,-1,88,94,95,-1,88,95,96,-1,80,79,86,-1,86,79,97,-1,86,97,92,-1,82,98,83,-1,83,98,99,-1,83,99,100,-1,101,102,103,-1,103,102,104,-1,103,104,105,-1,106,96,107,-1,107,96,108,-1,107,108,103,-1,103,108,109,-1,103,109,101,-1,106,110,96,-1,96,110,111,-1,96,111,88,-1,88,111,112,-1,88,112,90,-1,113,114,115,-1,115,114,116,-1,115,116,83,-1,83,116,117,-1,83,117,91,-1,118,119,83,-1,83,119,120,-1,83,120,88,-1,88,120,121,-1,88,121,93,-1,122,123,72,-1,72,123,124,-1,72,124,125,-1,125,126,72,-1,72,126,127,-1,72,127,128,-1,128,127,113,-1,128,113,129,-1,129,113,115,-1,85,130,86,-1,86,130,131,-1,86,131,72,-1,72,131,132,-1,72,132,122,-1,100,133,83,-1,83,133,134,-1,83,134,135,-1,135,136,83,-1,83,136,137,-1,83,137,118,-1,138,139,140,-1,140,96,138,-1,138,96,95,-1,138,95,141,-1,141,95,142,-1,142,143,141,-1,141,143,144,-1,141,144,145,-1,146,147,148,-1,147,149,148,-1,148,149,150,-1,148,150,151,-1,152,148,153,-1,139,138,152,-1,152,138,154,-1,152,154,148,-1,148,154,155,-1,148,155,146,-1,153,156,152,-1,152,156,157,-1,152,157,158,-1,151,150,159,-1,159,150,160,-1,159,160,161,-1,161,160,162,-1,161,162,163,-1,164,165,158,-1,158,165,166,-1,158,166,152,-1,18,167,20,-1,20,167,168,-1,20,168,80,-1,80,168,169,-1,80,169,78,-1,170,171,172,-1,172,171,173,-1,174,175,176,-1,177,178,179,-1,179,178,174,-1,176,175,180,-1,180,175,181,-1,180,181,182,-1,183,184,185,-1,185,184,186,-1,187,188,189,-1,189,188,190,-1,189,191,187,-1,187,191,192,-1,187,192,193,-1,193,192,194,-1,193,194,195,-1,183,185,196,-1,196,185,192,-1,196,192,197,-1,197,192,191,-1,197,191,198,-1,191,199,198,-1,198,199,200,-1,198,200,201,-1,190,188,202,-1,202,188,203,-1,202,203,204,-1,205,203,206,-1,206,203,207,-1,194,208,195,-1,195,208,204,-1,195,204,16,-1,16,204,203,-1,16,203,209,-1,209,203,205,-1,14,16,210,-1,209,211,212,-1,213,214,209,-1,209,214,215,-1,212,216,209,-1,209,216,217,-1,209,217,16,-1,16,217,218,-1,16,218,210,-1,213,219,220,-1,215,221,209,-1,209,221,222,-1,209,222,223,-1,224,225,226,-1,226,225,227,-1,226,227,228,-1,220,229,213,-1,213,229,230,-1,213,230,214,-1,223,231,209,-1,209,231,232,-1,209,232,211,-1,219,213,226,-1,226,213,233,-1,226,233,224,-1,234,207,235,-1,235,207,236,-1,13,237,238,-1,238,239,13,-1,13,239,240,-1,13,240,11,-1,241,242,243,-1,243,242,244,-1,244,245,246,-1,246,245,247,-1,246,247,13,-1,13,247,248,-1,13,248,237,-1,249,250,251,-1,251,250,252,-1,251,252,253,-1,253,254,251,-1,251,254,255,-1,251,255,256,-1,257,258,249,-1,249,258,259,-1,249,259,250,-1,260,261,262,-1,262,261,263,-1,262,263,264,-1,264,263,265,-1,266,1,267,-1,267,1,268,-1,269,270,271,-1,271,270,272,-1,271,272,273,-1,273,272,274,-1,273,274,275,-1,275,276,273,-1,273,276,277,-1,273,277,263,-1,263,277,278,-1,263,278,265,-1,10,279,0,-1,0,279,280,-1,0,280,1,-1,1,280,281,-1,1,281,268,-1,282,283,284,-1,284,283,285,-1,285,286,284,-1,284,286,287,-1,284,287,288,-1,289,290,291,-1,291,290,288,-1,291,288,292,-1,292,288,287,-1,260,293,261,-1,261,293,294,-1,261,294,282,-1,282,294,295,-1,282,295,283,-1,296,297,180,-1,180,297,298,-1,176,299,300,-1,298,301,180,-1,180,301,302,-1,180,302,303,-1,304,305,306,-1,306,305,176,-1,306,176,307,-1,307,176,300,-1,303,308,180,-1,180,308,309,-1,180,309,176,-1,176,309,310,-1,176,310,299,-1,187,311,296,-1,296,311,312,-1,296,312,297,-1,304,313,305,-1,305,313,314,-1,305,314,193,-1,193,314,315,-1,193,315,187,-1,187,315,316,-1,187,316,311,-1,317,318,319,-1,319,318,320,-1,321,322,323,-1,324,325,326,-1,249,327,328,-1,329,330,257,-1,329,257,331,-1,317,332,318,-1,318,332,333,-1,318,333,334,-1,334,333,335,-1,336,337,335,-1,335,337,338,-1,335,338,334,-1,325,339,326,-1,326,339,340,-1,326,340,341,-1,342,343,323,-1,323,343,344,-1,323,344,345,-1,341,346,326,-1,326,346,347,-1,326,347,249,-1,249,347,320,-1,249,320,327,-1,327,320,318,-1,330,348,257,-1,257,348,349,-1,257,349,350,-1,351,352,335,-1,335,352,353,-1,335,353,354,-1,328,355,249,-1,249,355,356,-1,249,356,257,-1,257,356,357,-1,257,357,331,-1,354,358,335,-1,335,358,359,-1,335,359,336,-1,360,361,362,-1,362,361,363,-1,363,361,364,-1,363,364,365,-1,366,367,8,-1,368,369,321,-1,321,369,370,-1,321,370,371,-1,372,366,373,-1,374,375,257,-1,376,377,8,-1,8,377,378,-1,379,380,371,-1,381,382,367,-1,367,382,383,-1,367,383,8,-1,8,383,384,-1,8,384,376,-1,379,371,385,-1,380,374,371,-1,371,374,257,-1,371,257,321,-1,321,257,350,-1,321,350,322,-1,375,386,257,-1,257,386,387,-1,257,387,388,-1,388,389,257,-1,257,389,390,-1,257,390,373,-1,373,390,391,-1,373,391,372,-1,378,392,8,-1,8,392,393,-1,8,393,6,-1,394,395,396,-1,396,395,397,-1,396,397,371,-1,371,397,398,-1,371,398,385,-1,399,400,401,-1,401,400,402,-1,401,402,403,-1,401,404,399,-1,399,404,405,-1,399,405,406,-1,394,407,395,-1,395,407,408,-1,395,408,409,-1,409,408,410,-1,409,411,412,-1,406,413,399,-1,399,413,414,-1,399,414,415,-1,415,414,416,-1,415,416,417,-1,417,416,418,-1,417,418,367,-1,367,418,419,-1,367,419,381,-1,410,420,409,-1,409,420,421,-1,409,421,422,-1,423,424,403,-1,403,424,425,-1,403,425,401,-1,422,426,409,-1,409,426,427,-1,409,427,411,-1,412,428,409,-1,409,428,429,-1,409,429,430,-1,345,431,323,-1,323,431,360,-1,323,360,321,-1,321,360,362,-1,321,362,368,-1,368,362,432,-1,433,434,435,-1,436,437,438,-1,435,439,433,-1,433,439,440,-1,433,440,441,-1,441,440,436,-1,441,436,442,-1,442,436,438,-1,443,444,8,-1,366,8,373,-1,373,8,444,-1,373,444,439,-1,439,444,445,-1,439,445,440,-1,8,5,443,-1,443,5,446,-1,443,446,447,-1,4,448,5,-1,5,448,449,-1,5,449,446,-1,450,451,452,-1,432,362,7,-1,7,362,450,-1,7,450,8,-1,8,450,452,-1,8,452,5,-1,5,452,453,-1,5,453,454,-1,455,456,457,-1,457,456,458,-1,457,458,450,-1,450,458,459,-1,450,459,451,-1,454,460,5,-1,5,460,461,-1,5,461,3,-1,462,463,464,-1,462,464,465,-1,463,466,464,-1,464,466,467,-1,464,467,457,-1,457,467,468,-1,457,468,455,-1,469,470,471,-1,471,470,472,-1,473,474,475,-1,475,474,476,-1,475,476,477,-1,477,476,478,-1,477,478,479,-1,469,471,480,-1,480,471,476,-1,480,476,481,-1,481,476,474,-1,481,474,482,-1,474,483,482,-1,482,483,484,-1,482,484,485,-1,478,486,479,-1,479,486,487,-1,479,487,488,-1,488,487,489,-1,473,475,490,-1,490,475,491,-1,490,491,489,-1,489,491,435,-1,489,435,488,-1,488,435,434,-1,488,434,465,-1,207,203,236,-1,236,203,188,-1,236,188,492,-1,492,188,187,-1,492,187,493,-1,493,187,296,-1,493,296,494,-1,494,296,180,-1,494,180,495,-1,495,180,182,-1,495,182,496,-1,496,182,2,-1,496,2,497,-1,497,2,1,-1,497,1,271,-1,271,1,266,-1,271,266,269,-1,30,246,498,-1,498,246,13,-1,498,13,235,-1,235,13,12,-1,235,12,234,-1,289,9,290,-1,290,9,0,-1,290,0,172,-1,172,0,2,-1,172,2,170,-1,170,2,182,-1,170,182,499,-1,499,182,181,-1,244,246,243,-1,243,246,500,-1,243,500,501,-1,20,502,19,-1,19,502,503,-1,19,503,504,-1,505,500,504,-1,504,500,246,-1,504,246,19,-1,19,246,30,-1,19,30,21,-1,21,30,32,-1,475,176,491,-1,491,176,305,-1,491,305,435,-1,435,305,193,-1,435,193,439,-1,439,193,195,-1,439,195,373,-1,373,195,16,-1,373,16,257,-1,257,16,15,-1,257,15,258,-1,501,502,243,-1,243,502,20,-1,243,20,506,-1,506,20,80,-1,507,508,509,-1,510,511,512,-1,509,508,513,-1,513,508,514,-1,513,514,515,-1,512,507,510,-1,510,507,509,-1,510,509,516,-1,516,509,288,-1,516,288,515,-1,515,288,290,-1,515,290,513,-1,513,290,172,-1,513,172,179,-1,179,172,173,-1,179,173,177,-1,177,173,517,-1,518,519,513,-1,520,521,513,-1,513,521,522,-1,513,522,509,-1,509,522,523,-1,509,523,524,-1,524,525,509,-1,509,525,526,-1,509,526,527,-1,527,528,509,-1,509,528,529,-1,509,529,477,-1,477,529,530,-1,477,530,475,-1,475,530,531,-1,475,531,532,-1,174,176,179,-1,179,176,475,-1,179,475,513,-1,513,475,532,-1,513,532,518,-1,519,533,513,-1,513,533,534,-1,513,534,520,-1,256,241,251,-1,251,241,243,-1,251,243,249,-1,249,243,506,-1,249,506,326,-1,326,506,535,-1,86,535,536,-1,536,535,537,-1,537,535,538,-1,538,535,506,-1,538,506,539,-1,86,536,80,-1,80,536,540,-1,80,540,506,-1,506,540,541,-1,506,541,539,-1,542,543,544,-1,544,543,538,-1,544,538,545,-1,545,538,539,-1,545,539,546,-1,546,539,547,-1,465,464,488,-1,488,464,548,-1,488,548,479,-1,479,548,549,-1,479,549,477,-1,477,549,550,-1,477,550,509,-1,509,550,551,-1,509,551,288,-1,288,551,552,-1,288,552,284,-1,72,74,86,-1,86,74,553,-1,86,553,535,-1,535,553,363,-1,535,363,326,-1,326,363,365,-1,326,365,324,-1,68,67,74,-1,74,67,554,-1,74,554,553,-1,553,554,555,-1,553,555,363,-1,363,555,556,-1,363,556,362,-1,362,556,557,-1,362,557,450,-1,450,557,558,-1,450,558,457,-1,457,558,559,-1,457,559,464,-1,464,559,560,-1,464,560,548,-1,548,560,561,-1,548,561,549,-1,549,561,562,-1,549,562,550,-1,550,562,563,-1,550,563,551,-1,551,563,564,-1,551,564,552,-1,29,565,33,-1,33,565,566,-1,33,566,36,-1,36,566,567,-1,36,567,54,-1,54,567,568,-1,54,568,49,-1,49,568,569,-1,49,569,61,-1,61,569,570,-1,61,570,65,-1,65,570,571,-1,
        ]
    }
}
Shape{
    appearance Appearance {
        material  Material 	{
            diffuseColor 0.0 0.5019607843137255 0.0
            specularColor 0.0 0.25098039215686274 0.0
            ambientIntensity 0.2947
            transparency 0.0
            shininess 0.5
        }
    }
    geometry IndexedFaceSet {
        ccw TRUE
        solid FALSE
        coord DEF co Coordinate {
            point [
                -1.9094 1.4567 0.0039, -1.9094 1.4567 0.0, -1.9094 1.378 0.0, -1.9094 1.6535 0.3071, -1.9094 1.6535 0.0, -1.9094 1.5748 0.0039, -1.9094 1.5748 0.0, -1.9094 1.378 0.3071, -1.9094 1.4567 0.3071, -1.9094 1.4567 0.3031, -1.9094 1.5748 0.3071, -1.9094 1.5748 0.3031, -1.9094 1.811 0.0, -1.9094 1.811 0.3071, -1.9094 1.8898 0.3031, -1.9094 1.8898 0.3071, -1.9094 1.8898 0.0, -1.9094 1.8898 0.0039, -1.9094 1.9882 0.0039, -1.9094 1.9882 0.3031, -1.9094 1.0236 0.0039, -1.9094 1.0236 0.0, -1.9094 0.9449 0.0, -1.9094 1.2205 0.3071, -1.9094 1.2205 0.0, -1.9094 1.1417 0.0039, -1.9094 1.1417 0.0, -1.9094 0.9449 0.3071, -1.9094 1.0236 0.3071, -1.9094 1.0236 0.3031, -1.9094 1.1417 0.3071, -1.9094 1.1417 0.3031, -1.9094 0.5906 0.0039, -1.9094 0.5906 0.0, -1.9094 0.5118 0.0, -1.9094 0.7874 0.3071, -1.9094 0.7874 0.0, -1.9094 0.7087 0.0039, -1.9094 0.7087 0.0, -1.9094 0.5118 0.3071, -1.9094 0.5906 0.3071, -1.9094 0.5906 0.3031, -1.9094 0.7087 0.3071, -1.9094 0.7087 0.3031, -1.9094 0.1575 0.0039, -1.9094 0.1575 0.0, -1.9094 0.0787 0.0, -1.9094 0.3543 0.3071, -1.9094 0.3543 0.0, -1.9094 0.2756 0.0039, -1.9094 0.2756 0.0, -1.9094 0.0787 0.3071, -1.9094 0.1575 0.3071, -1.9094 0.1575 0.3031, -1.9094 0.2756 0.3071, -1.9094 0.2756 0.3031, -1.9094 -0.2756 0.0039, -1.9094 -0.2756 0.0, -1.9094 -0.3543 0.0, -1.9094 -0.0787 0.3071, -1.9094 -0.0787 0.0, -1.9094 -0.1575 0.0039, -1.9094 -0.1575 0.0, -1.9094 -0.3543 0.3071, -1.9094 -0.2756 0.3071, -1.9094 -0.2756 0.3031, -1.9094 -0.1575 0.3071, -1.9094 -0.1575 0.3031, -1.9094 -0.7087 0.0039, -1.9094 -0.7087 0.0, -1.9094 -0.7874 0.0, -1.9094 -0.5118 0.3071, -1.9094 -0.5118 0.0, -1.9094 -0.5906 0.0039, -1.9094 -0.5906 0.0, -1.9094 -0.7874 0.3071, -1.9094 -0.7087 0.3071, -1.9094 -0.7087 0.3031, -1.9094 -0.5906 0.3071, -1.9094 -0.5906 0.3031, -1.9094 -1.1417 0.0039, -1.9094 -1.1417 0.0, -1.9094 -1.2205 0.0, -1.9094 -0.9449 0.3071, -1.9094 -0.9449 0.0, -1.9094 -1.0236 0.0039, -1.9094 -1.0236 0.0, -1.9094 -1.2205 0.3071, -1.9094 -1.1417 0.3071, -1.9094 -1.1417 0.3031, -1.9094 -1.0236 0.3071, -1.9094 -1.0236 0.3031, -1.9094 -1.5748 0.0039, -1.9094 -1.5748 0.0, -1.9094 -1.6535 0.0, -1.9094 -1.378 0.3071, -1.9094 -1.378 0.0, -1.9094 -1.4567 0.0039, -1.9094 -1.4567 0.0, -1.9094 -1.6535 0.3071, -1.9094 -1.5748 0.3071, -1.9094 -1.5748 0.3031, -1.9094 -1.4567 0.3071, -1.9094 -1.4567 0.3031, -1.9094 -1.811 0.3071, -1.9094 -1.811 0.0, -1.9094 -1.8898 0.0039, -1.9094 -1.8898 0.0, -1.9094 -1.8898 0.3071, -1.9094 -1.8898 0.3031, -1.9094 -1.9882 0.3031, -1.9094 -1.9882 0.0039, -1.5157 -1.8898 0.3031, 1.9094 -1.9882 0.3031, 1.9094 -1.8898 0.3031, 1.5157 -1.8898 0.3031, 1.5157 -1.8701 0.3031, -1.5157 -1.8701 0.3031, -1.7913 -1.5748 0.3031, -1.7913 -1.4567 0.3031, 1.9094 -1.9882 0.0039, -1.5157 -1.8898 0.0039, -1.5157 -1.5748 0.0039, 1.5157 1.4567 0.0039, 1.5157 1.1417 0.0039, 1.5157 0.7087 0.0039, 1.9094 0.7087 0.0039, 1.9094 0.5906 0.0039, -1.5157 -1.1417 0.0039, 1.5157 1.8898 0.0039, -1.5157 -1.4567 0.0039, 1.5157 1.5748 0.0039, 1.5157 0.5906 0.0039, 1.5157 0.2756 0.0039, 1.9094 1.4567 0.0039, 1.9094 1.5748 0.0039, -1.5157 -0.7087 0.0039, 1.5157 1.0236 0.0039, 1.9094 1.0236 0.0039, 1.9094 1.1417 0.0039, -1.5157 -0.5906 0.0039, -1.5157 -0.2756 0.0039, -1.5157 -1.0236 0.0039, 1.5157 -0.1575 0.0039, 1.9094 -0.1575 0.0039, 1.9094 -0.2756 0.0039, 1.5157 -0.2756 0.0039, 1.5157 -0.5906 0.0039, -1.5157 0.1575 0.0039, 1.5157 0.1575 0.0039, 1.9094 0.1575 0.0039, 1.9094 0.2756 0.0039, -1.5157 0.2756 0.0039, -1.5157 0.5906 0.0039, -1.5157 -0.1575 0.0039, 1.5157 -1.0236 0.0039, 1.9094 -1.0236 0.0039, 1.9094 -1.1417 0.0039, 1.5157 -1.1417 0.0039, 1.5157 -1.4567 0.0039, -1.5157 1.0236 0.0039, 1.5157 -0.7087 0.0039, 1.9094 -0.7087 0.0039, 1.9094 -0.5906 0.0039, 1.9094 -1.8898 0.0039, 1.5157 -1.8898 0.0039, 1.5157 -1.5748 0.0039, 1.9094 -1.5748 0.0039, 1.9094 -1.4567 0.0039, -1.5157 1.1417 0.0039, -1.5157 1.4567 0.0039, 1.9094 1.9882 0.0039, 1.9094 1.8898 0.0039, -1.5157 0.7087 0.0039, -1.5157 1.8898 0.0039, -1.5157 1.5748 0.0039
            ]
        }
        coordIndex [
            0,1,2,-1,3,4,5,-1,5,4,6,-1,7,8,9,-1,10,3,11,-1,11,3,5,-1,11,5,9,-1,9,5,0,-1,9,0,7,-1,7,0,2,-1,12,13,14,-1,14,13,15,-1,16,12,17,-1,17,12,14,-1,17,14,18,-1,18,14,19,-1,20,21,22,-1,23,24,25,-1,25,24,26,-1,27,28,29,-1,30,23,31,-1,31,23,25,-1,31,25,29,-1,29,25,20,-1,29,20,27,-1,27,20,22,-1,32,33,34,-1,35,36,37,-1,37,36,38,-1,39,40,41,-1,42,35,43,-1,43,35,37,-1,43,37,41,-1,41,37,32,-1,41,32,39,-1,39,32,34,-1,44,45,46,-1,47,48,49,-1,49,48,50,-1,51,52,53,-1,54,47,55,-1,55,47,49,-1,55,49,53,-1,53,49,44,-1,53,44,51,-1,51,44,46,-1,56,57,58,-1,59,60,61,-1,61,60,62,-1,63,64,65,-1,66,59,67,-1,67,59,61,-1,67,61,65,-1,65,61,56,-1,65,56,63,-1,63,56,58,-1,68,69,70,-1,71,72,73,-1,73,72,74,-1,75,76,77,-1,78,71,79,-1,79,71,73,-1,79,73,77,-1,77,73,68,-1,77,68,75,-1,75,68,70,-1,80,81,82,-1,83,84,85,-1,85,84,86,-1,87,88,89,-1,90,83,91,-1,91,83,85,-1,91,85,89,-1,89,85,80,-1,89,80,87,-1,87,80,82,-1,92,93,94,-1,95,96,97,-1,97,96,98,-1,99,100,101,-1,102,95,103,-1,103,95,97,-1,103,97,101,-1,101,97,92,-1,101,92,99,-1,99,92,94,-1,104,105,106,-1,106,105,107,-1,108,104,109,-1,109,104,106,-1,109,106,110,-1,110,106,111,-1,112,109,110,-1,113,114,115,-1,116,117,115,-1,115,117,112,-1,115,112,113,-1,113,112,110,-1,118,119,101,-1,101,119,103,-1,120,111,121,-1,121,111,106,-1,122,123,121,-1,121,123,124,-1,125,126,127,-1,128,129,130,-1,130,129,131,-1,132,133,121,-1,92,97,122,-1,122,97,130,-1,122,130,123,-1,123,130,131,-1,123,131,134,-1,134,131,135,-1,136,68,73,-1,127,132,125,-1,125,132,121,-1,125,121,137,-1,137,121,124,-1,137,124,138,-1,138,124,139,-1,140,141,129,-1,73,140,136,-1,136,140,129,-1,136,129,142,-1,142,129,128,-1,142,128,85,-1,85,128,80,-1,143,144,145,-1,146,147,121,-1,148,44,49,-1,145,146,143,-1,143,146,121,-1,143,121,149,-1,149,121,133,-1,149,133,150,-1,150,133,151,-1,152,153,129,-1,49,152,148,-1,148,152,129,-1,148,129,154,-1,154,129,141,-1,154,141,61,-1,61,141,56,-1,155,156,157,-1,158,159,121,-1,160,20,25,-1,157,158,155,-1,155,158,121,-1,155,121,161,-1,161,121,147,-1,161,147,162,-1,162,147,163,-1,164,120,165,-1,165,120,121,-1,165,121,166,-1,166,121,159,-1,166,159,167,-1,167,159,168,-1,169,170,129,-1,129,170,171,-1,129,171,172,-1,25,169,160,-1,160,169,129,-1,160,129,173,-1,173,129,153,-1,173,153,37,-1,37,153,32,-1,17,18,174,-1,174,18,171,-1,174,171,175,-1,175,171,170,-1,175,170,5,-1,5,170,0,-1,
        ]
    }
}
Shape{
    appearance Appearance {
        material  Material 	{
            diffuseColor 0.7529411764705882 0.7529411764705882 0.7529411764705882
            specularColor 0.3764705882352941 0.3764705882352941 0.3764705882352941
            ambientIntensity 0.7529
            transparency 0.0
            shininess 0.5
        }
    }
    geometry IndexedFaceSet {
        ccw TRUE
        solid FALSE
        coord DEF co Coordinate {
            point [
                -1.7913 -1.1417 0.3071, -1.7913 -1.4567 0.3071, -1.7913 -1.752 0.8937, -1.7913 -1.0236 0.3071, -1.7913 -1.0236 0.3031, -1.7913 -1.1417 0.3031, -1.7913 -1.752 0.3071, -1.7913 -1.5748 0.3071, -1.7913 -1.5748 0.3031, -1.7913 -1.4567 0.3031, -1.7913 1.752 0.8937, -1.7913 1.5748 0.3071, -1.7913 1.752 0.3071, -1.7913 1.1417 0.3071, -1.7913 1.4567 0.3071, -1.7913 1.4567 0.3031, -1.7913 1.5748 0.3031, -1.7913 0.7087 0.3071, -1.7913 0.7087 0.3031, -1.7913 0.5906 0.3031, -1.7913 0.5906 0.3071, -1.7913 0.2756 0.3071, -1.7913 1.0236 0.3071, -1.7913 1.0236 0.3031, -1.7913 1.1417 0.3031, -1.7913 -0.1575 0.3071, -1.7913 -0.1575 0.3031, -1.7913 -0.2756 0.3031, -1.7913 -0.2756 0.3071, -1.7913 -0.5906 0.3071, -1.7913 0.1575 0.3071, -1.7913 0.1575 0.3031, -1.7913 0.2756 0.3031, -1.7913 -0.7087 0.3071, -1.7913 -0.7087 0.3031, -1.7913 -0.5906 0.3031, 1.5157 -1.8701 0.3071, 1.6732 -1.8701 0.3071, 1.6732 -1.8701 0.8937, -1.6732 -1.8701 0.8937, -1.6732 -1.8701 0.3071, -1.5157 -1.8701 0.3071, -1.5157 -1.8701 0.3031, 1.5157 -1.8701 0.3031
            ]
        }
        coordIndex [
            0,1,2,-1,3,4,5,-1,6,2,7,-1,7,2,1,-1,7,1,8,-1,8,1,9,-1,2,10,11,-1,11,10,12,-1,13,2,14,-1,14,2,11,-1,14,11,15,-1,15,11,16,-1,17,18,19,-1,20,21,2,-1,19,20,17,-1,17,20,2,-1,17,2,22,-1,22,2,13,-1,22,13,23,-1,23,13,24,-1,25,26,27,-1,28,29,2,-1,27,28,25,-1,25,28,2,-1,25,2,30,-1,30,2,21,-1,30,21,31,-1,31,21,32,-1,5,0,3,-1,3,0,2,-1,3,2,33,-1,33,2,29,-1,33,29,34,-1,34,29,35,-1,36,37,38,-1,39,40,41,-1,42,43,41,-1,41,43,36,-1,41,36,39,-1,39,36,38,-1,
        ]
    }
}
Shape{
    appearance Appearance {
        material  Material 	{
            diffuseColor 0.0 0.5019607843137255 0.0
            specularColor 0.0 0.25098039215686274 0.0
            ambientIntensity 0.2947
            transparency 0.0
            shininess 0.5
        }
    }
    geometry IndexedFaceSet {
        ccw TRUE
        solid FALSE
        coord DEF co Coordinate {
            point [
                -1.7913 -1.1417 0.3031, -1.7913 -1.0236 0.3031, -1.9094 -1.1417 0.3031, -1.9094 -1.0236 0.3031, -1.7913 -0.7087 0.3031, -1.7913 -0.5906 0.3031, -1.9094 -0.7087 0.3031, -1.9094 -0.5906 0.3031, -1.7913 -0.2756 0.3031, -1.7913 -0.1575 0.3031, -1.9094 -0.2756 0.3031, -1.9094 -0.1575 0.3031, -1.7913 0.1575 0.3031, -1.7913 0.2756 0.3031, -1.9094 0.1575 0.3031, -1.9094 0.2756 0.3031, -1.7913 0.5906 0.3031, -1.7913 0.7087 0.3031, -1.9094 0.5906 0.3031, -1.9094 0.7087 0.3031, -1.7913 1.0236 0.3031, -1.7913 1.1417 0.3031, -1.9094 1.0236 0.3031, -1.9094 1.1417 0.3031, -1.7913 1.4567 0.3031, -1.7913 1.5748 0.3031, -1.9094 1.4567 0.3031, -1.9094 1.5748 0.3031, 1.9094 1.9882 0.3031, -1.9094 1.9882 0.3031, -1.5157 1.8898 0.3031, -1.9094 1.8898 0.3031, 1.9094 1.8898 0.3031, 1.5157 1.8898 0.3031, 1.5157 1.8701 0.3031, -1.5157 1.8701 0.3031
            ]
        }
        coordIndex [
            0,1,2,-1,2,1,3,-1,4,5,6,-1,6,5,7,-1,8,9,10,-1,10,9,11,-1,12,13,14,-1,14,13,15,-1,16,17,18,-1,18,17,19,-1,20,21,22,-1,22,21,23,-1,24,25,26,-1,26,25,27,-1,28,29,30,-1,30,29,31,-1,32,28,33,-1,33,28,30,-1,33,30,34,-1,34,30,35,-1,
        ]
    }
}
Shape{
    appearance Appearance {
        material  Material 	{
            diffuseColor 0.7529411764705882 0.7529411764705882 0.7529411764705882
            specularColor 0.3764705882352941 0.3764705882352941 0.3764705882352941
            ambientIntensity 0.7529
            transparency 0.0
            shininess 0.5
        }
    }
    geometry IndexedFaceSet {
        ccw TRUE
        solid FALSE
        coord DEF co Coordinate {
            point [
                -1.5157 1.8701 0.3071, -1.6732 1.8701 0.3071, -1.6732 1.8701 0.8937, 1.6732 1.8701 0.8937, 1.6732 1.8701 0.3071, 1.5157 1.8701 0.3071, 1.5157 1.8701 0.3031, -1.5157 1.8701 0.3031
            ]
        }
        coordIndex [
            0,1,2,-1,3,4,5,-1,6,7,5,-1,5,7,0,-1,5,0,3,-1,3,0,2,-1,
        ]
    }
}
Shape{
    appearance Appearance {
        material  Material 	{
            diffuseColor 0.0 0.5019607843137255 0.0
            specularColor 0.0 0.25098039215686274 0.0
            ambientIntensity 0.2947
            transparency 0.0
            shininess 0.5
        }
    }
    geometry IndexedFaceSet {
        ccw TRUE
        solid FALSE
        coord DEF co Coordinate {
            point [
                1.9094 1.5748 0.0039, 1.9094 1.5748 0.0, 1.9094 1.6535 0.0, 1.9094 1.378 0.3071, 1.9094 1.378 0.0, 1.9094 1.4567 0.0039, 1.9094 1.4567 0.0, 1.9094 1.6535 0.3071, 1.9094 1.5748 0.3071, 1.9094 1.5748 0.3031, 1.9094 1.4567 0.3071, 1.9094 1.4567 0.3031, 1.9094 1.0236 0.3031, 1.9094 1.0236 0.3071, 1.9094 0.9449 0.3071, 1.9094 1.2205 0.0, 1.9094 1.2205 0.3071, 1.9094 1.1417 0.3031, 1.9094 1.1417 0.3071, 1.9094 0.9449 0.0, 1.9094 1.0236 0.0, 1.9094 1.0236 0.0039, 1.9094 1.1417 0.0, 1.9094 1.1417 0.0039, 1.9094 0.5906 0.3031, 1.9094 0.5906 0.3071, 1.9094 0.5118 0.3071, 1.9094 0.7874 0.0, 1.9094 0.7874 0.3071, 1.9094 0.7087 0.3031, 1.9094 0.7087 0.3071, 1.9094 0.5118 0.0, 1.9094 0.5906 0.0, 1.9094 0.5906 0.0039, 1.9094 0.7087 0.0, 1.9094 0.7087 0.0039, 1.9094 0.1575 0.3031, 1.9094 0.1575 0.3071, 1.9094 0.0787 0.3071, 1.9094 0.3543 0.0, 1.9094 0.3543 0.3071, 1.9094 0.2756 0.3031, 1.9094 0.2756 0.3071, 1.9094 0.0787 0.0, 1.9094 0.1575 0.0, 1.9094 0.1575 0.0039, 1.9094 0.2756 0.0, 1.9094 0.2756 0.0039, 1.9094 -0.2756 0.3031, 1.9094 -0.2756 0.3071, 1.9094 -0.3543 0.3071, 1.9094 -0.0787 0.0, 1.9094 -0.0787 0.3071, 1.9094 -0.1575 0.3031, 1.9094 -0.1575 0.3071, 1.9094 -0.3543 0.0, 1.9094 -0.2756 0.0, 1.9094 -0.2756 0.0039, 1.9094 -0.1575 0.0, 1.9094 -0.1575 0.0039, 1.9094 -0.7087 0.3031, 1.9094 -0.7087 0.3071, 1.9094 -0.7874 0.3071, 1.9094 -0.5118 0.0, 1.9094 -0.5118 0.3071, 1.9094 -0.5906 0.3031, 1.9094 -0.5906 0.3071, 1.9094 -0.7874 0.0, 1.9094 -0.7087 0.0, 1.9094 -0.7087 0.0039, 1.9094 -0.5906 0.0, 1.9094 -0.5906 0.0039, 1.9094 -1.1417 0.3031, 1.9094 -1.1417 0.3071, 1.9094 -1.2205 0.3071, 1.9094 -0.9449 0.0, 1.9094 -0.9449 0.3071, 1.9094 -1.0236 0.3031, 1.9094 -1.0236 0.3071, 1.9094 -1.2205 0.0, 1.9094 -1.1417 0.0, 1.9094 -1.1417 0.0039, 1.9094 -1.0236 0.0, 1.9094 -1.0236 0.0039, 1.9094 -1.5748 0.3031, 1.9094 -1.5748 0.3071, 1.9094 -1.6535 0.3071, 1.9094 -1.378 0.0, 1.9094 -1.378 0.3071, 1.9094 -1.4567 0.3031, 1.9094 -1.4567 0.3071, 1.9094 -1.6535 0.0, 1.9094 -1.5748 0.0, 1.9094 -1.5748 0.0039, 1.9094 -1.4567 0.0, 1.9094 -1.4567 0.0039, 1.7913 -1.4567 0.3031, 1.7913 -1.5748 0.3031, 1.7913 -1.0236 0.3031, 1.7913 -1.1417 0.3031, 1.7913 -0.5906 0.3031, 1.7913 -0.7087 0.3031, 1.7913 -0.1575 0.3031, 1.7913 -0.2756 0.3031, 1.7913 0.2756 0.3031, 1.7913 0.1575 0.3031, 1.7913 0.7087 0.3031, 1.7913 0.5906 0.3031, 1.7913 1.1417 0.3031, 1.7913 1.0236 0.3031, 1.7913 1.5748 0.3031, 1.7913 1.4567 0.3031, 1.9094 1.811 0.3071, 1.9094 1.811 0.0, 1.9094 1.8898 0.0039, 1.9094 1.8898 0.0, 1.9094 1.8898 0.3071, 1.9094 1.8898 0.3031, 1.9094 1.9882 0.3031, 1.9094 1.9882 0.0039, 1.9094 -1.811 0.0, 1.9094 -1.811 0.3071, 1.9094 -1.8898 0.3031, 1.9094 -1.8898 0.3071, 1.9094 -1.8898 0.0, 1.9094 -1.8898 0.0039, 1.9094 -1.9882 0.0039, 1.9094 -1.9882 0.3031, -1.9094 1.9882 0.3031, -1.9094 1.9882 0.0039, -1.9094 -1.9882 0.3031, -1.9094 -1.9882 0.0039
            ]
        }
        coordIndex [
            0,1,2,-1,3,4,5,-1,5,4,6,-1,7,8,9,-1,10,3,11,-1,11,3,5,-1,11,5,9,-1,9,5,0,-1,9,0,7,-1,7,0,2,-1,12,13,14,-1,15,16,17,-1,17,16,18,-1,19,20,21,-1,22,15,23,-1,23,15,17,-1,23,17,21,-1,21,17,12,-1,21,12,19,-1,19,12,14,-1,24,25,26,-1,27,28,29,-1,29,28,30,-1,31,32,33,-1,34,27,35,-1,35,27,29,-1,35,29,33,-1,33,29,24,-1,33,24,31,-1,31,24,26,-1,36,37,38,-1,39,40,41,-1,41,40,42,-1,43,44,45,-1,46,39,47,-1,47,39,41,-1,47,41,45,-1,45,41,36,-1,45,36,43,-1,43,36,38,-1,48,49,50,-1,51,52,53,-1,53,52,54,-1,55,56,57,-1,58,51,59,-1,59,51,53,-1,59,53,57,-1,57,53,48,-1,57,48,55,-1,55,48,50,-1,60,61,62,-1,63,64,65,-1,65,64,66,-1,67,68,69,-1,70,63,71,-1,71,63,65,-1,71,65,69,-1,69,65,60,-1,69,60,67,-1,67,60,62,-1,72,73,74,-1,75,76,77,-1,77,76,78,-1,79,80,81,-1,82,75,83,-1,83,75,77,-1,83,77,81,-1,81,77,72,-1,81,72,79,-1,79,72,74,-1,84,85,86,-1,87,88,89,-1,89,88,90,-1,91,92,93,-1,94,87,95,-1,95,87,89,-1,95,89,93,-1,93,89,84,-1,93,84,91,-1,91,84,86,-1,89,96,84,-1,84,96,97,-1,77,98,72,-1,72,98,99,-1,65,100,60,-1,60,100,101,-1,53,102,48,-1,48,102,103,-1,41,104,36,-1,36,104,105,-1,29,106,24,-1,24,106,107,-1,17,108,12,-1,12,108,109,-1,9,110,11,-1,11,110,111,-1,112,113,114,-1,114,113,115,-1,116,112,117,-1,117,112,114,-1,117,114,118,-1,118,114,119,-1,120,121,122,-1,122,121,123,-1,124,120,125,-1,125,120,122,-1,125,122,126,-1,126,122,127,-1,128,118,129,-1,129,118,119,-1,127,130,126,-1,126,130,131,-1,
        ]
    }
}
Shape{
    appearance Appearance {
        material  Material 	{
            diffuseColor 0.7529411764705882 0.7529411764705882 0.7529411764705882
            specularColor 0.3764705882352941 0.3764705882352941 0.3764705882352941
            ambientIntensity 0.7529
            transparency 0.0
            shininess 0.5
        }
    }
    geometry IndexedFaceSet {
        ccw TRUE
        solid FALSE
        coord DEF co Coordinate {
            point [
                -1.7913 -1.752 0.8937, -1.7913 -1.752 0.3071, -1.7884 -1.7783 0.3071, -1.7884 -1.7783 0.8937, -1.7796 -1.8032 0.3071, -1.7796 -1.8032 0.8937, -1.7656 -1.8256 0.3071, -1.7656 -1.8256 0.8937, -1.7469 -1.8443 0.3071, -1.7469 -1.8443 0.8937, -1.7245 -1.8584 0.3071, -1.7245 -1.8584 0.8937, -1.6995 -1.8671 0.3071, -1.6995 -1.8671 0.8937, -1.6732 -1.8701 0.3071, -1.6732 -1.8701 0.8937, 1.6732 -1.8701 0.8937, 1.6732 -1.8701 0.3071, 1.6995 -1.8671 0.3071, 1.6995 -1.8671 0.8937, 1.7245 -1.8584 0.3071, 1.7245 -1.8584 0.8937, 1.7469 -1.8443 0.3071, 1.7469 -1.8443 0.8937, 1.7656 -1.8256 0.3071, 1.7656 -1.8256 0.8937, 1.7796 -1.8032 0.3071, 1.7796 -1.8032 0.8937, 1.7884 -1.7783 0.3071, 1.7884 -1.7783 0.8937, 1.7913 -1.752 0.3071, 1.7913 -1.752 0.8937, 1.7913 1.5748 0.3071, 1.7913 1.752 0.3071, 1.7913 1.752 0.8937, 1.7913 -1.5748 0.3071, 1.7913 -1.1417 0.3071, 1.7913 -1.4567 0.3071, 1.7913 -1.4567 0.3031, 1.7913 -1.5748 0.3031, 1.7913 -0.2756 0.3071, 1.7913 -0.2756 0.3031, 1.7913 -0.1575 0.3031, 1.7913 -1.1417 0.3031, 1.7913 -1.0236 0.3031, 1.7913 -1.0236 0.3071, 1.7913 -0.7087 0.3071, 1.7913 -0.1575 0.3071, 1.7913 0.1575 0.3071, 1.7913 -0.5906 0.3071, 1.7913 -0.5906 0.3031, 1.7913 -0.7087 0.3031, 1.7913 0.5906 0.3071, 1.7913 0.5906 0.3031, 1.7913 0.7087 0.3031, 1.7913 0.7087 0.3071, 1.7913 1.0236 0.3071, 1.7913 0.2756 0.3071, 1.7913 0.2756 0.3031, 1.7913 0.1575 0.3031, 1.7913 1.4567 0.3071, 1.7913 1.4567 0.3031, 1.7913 1.5748 0.3031, 1.7913 1.1417 0.3071, 1.7913 1.1417 0.3031, 1.7913 1.0236 0.3031, 1.7884 1.7783 0.3071, 1.7884 1.7783 0.8937, 1.7796 1.8032 0.3071, 1.7796 1.8032 0.8937, 1.7656 1.8256 0.3071, 1.7656 1.8256 0.8937, 1.7469 1.8443 0.3071, 1.7469 1.8443 0.8937, 1.7245 1.8584 0.3071, 1.7245 1.8584 0.8937, 1.6995 1.8671 0.3071, 1.6995 1.8671 0.8937, 1.6732 1.8701 0.3071, 1.6732 1.8701 0.8937, -1.6732 1.8701 0.8937, -1.6732 1.8701 0.3071, -1.6995 1.8671 0.3071, -1.6995 1.8671 0.8937, -1.7245 1.8584 0.3071, -1.7245 1.8584 0.8937, -1.7469 1.8443 0.3071, -1.7469 1.8443 0.8937, -1.7656 1.8256 0.3071, -1.7656 1.8256 0.8937, -1.7796 1.8032 0.3071, -1.7796 1.8032 0.8937, -1.7884 1.7783 0.3071, -1.7884 1.7783 0.8937, -1.7913 1.752 0.3071, -1.7913 1.752 0.8937, 1.6732 1.752 1.0118, 1.6732 -1.752 1.0118, 1.7038 -1.752 1.0078, 1.7038 1.752 1.0078, 1.7323 -1.752 0.996, 1.7323 1.752 0.996, 1.7567 -1.752 0.9772, 1.7567 1.752 0.9772, 1.7755 -1.752 0.9528, 1.7755 1.752 0.9528, 1.7873 -1.752 0.9243, 1.7873 1.752 0.9243, 1.71 1.7981 0.996, 1.6923 1.7759 1.0078, 1.6971 1.771 1.0078, 1.703 1.7588 1.0078, 1.7008 1.7652 1.0078, 1.6865 1.7795 1.0078, 1.6989 1.8052 0.996, 1.7095 1.8272 0.9772, 1.68 1.7818 1.0078, 1.7194 1.7888 0.996, 1.7264 1.7776 0.996, 1.7308 1.7651 0.996, 1.6864 1.8095 0.996, 1.6918 1.8334 0.9772, 1.696 1.8517 0.9528, 1.6732 1.7825 1.0078, 1.7253 1.8173 0.9772, 1.7385 1.804 0.9772, 1.7485 1.7882 0.9772, 1.7547 1.7706 0.9772, 1.6732 1.811 0.996, 1.6732 1.8355 0.9772, 1.6732 1.8543 0.9528, 1.6732 1.8661 0.9243, 1.7176 1.8441 0.9528, 1.737 1.8319 0.9528, 1.7532 1.8157 0.9528, 1.7654 1.7963 0.9528, 1.773 1.7747 0.9528, 1.6986 1.8632 0.9243, 1.7227 1.8548 0.9243, 1.7444 1.8412 0.9243, 1.7624 1.8231 0.9243, 1.776 1.8015 0.9243, 1.7845 1.7774 0.9243, 1.7194 -1.7888 0.996, 1.6971 -1.771 1.0078, 1.6923 -1.7759 1.0078, 1.68 -1.7818 1.0078, 1.6865 -1.7795 1.0078, 1.6732 -1.7825 1.0078, 1.7008 -1.7652 1.0078, 1.7264 -1.7776 0.996, 1.7485 -1.7882 0.9772, 1.703 -1.7588 1.0078, 1.71 -1.7981 0.996, 1.6989 -1.8052 0.996, 1.6864 -1.8095 0.996, 1.6732 -1.811 0.996, 1.7308 -1.7651 0.996, 1.7547 -1.7706 0.9772, 1.773 -1.7747 0.9528, 1.7385 -1.804 0.9772, 1.7253 -1.8173 0.9772, 1.7095 -1.8272 0.9772, 1.6918 -1.8334 0.9772, 1.6732 -1.8355 0.9772, 1.7654 -1.7963 0.9528, 1.7532 -1.8157 0.9528, 1.737 -1.8319 0.9528, 1.7176 -1.8441 0.9528, 1.696 -1.8517 0.9528, 1.6732 -1.8543 0.9528, 1.7845 -1.7774 0.9243, 1.776 -1.8015 0.9243, 1.7624 -1.8231 0.9243, 1.7444 -1.8412 0.9243, 1.7227 -1.8548 0.9243, 1.6986 -1.8632 0.9243, 1.6732 -1.8661 0.9243, -1.6732 1.752 1.0118, -1.6732 1.7825 1.0078, -1.6732 1.811 0.996, -1.6732 1.8355 0.9772, -1.6732 1.8543 0.9528, -1.6732 1.8661 0.9243, -1.6732 -1.752 1.0118, -1.6732 -1.7825 1.0078, -1.6732 -1.811 0.996, -1.6732 -1.8355 0.9772, -1.6732 -1.8543 0.9528, -1.6732 -1.8661 0.9243, -1.7194 1.7888 0.996, -1.6971 1.771 1.0078, -1.6923 1.7759 1.0078, -1.68 1.7818 1.0078, -1.6865 1.7795 1.0078, -1.7008 1.7652 1.0078, -1.7264 1.7776 0.996, -1.7485 1.7882 0.9772, -1.703 1.7588 1.0078, -1.71 1.7981 0.996, -1.6989 1.8052 0.996, -1.6864 1.8095 0.996, -1.7308 1.7651 0.996, -1.7547 1.7706 0.9772, -1.773 1.7747 0.9528, -1.7038 1.752 1.0078, -1.7385 1.804 0.9772, -1.7253 1.8173 0.9772, -1.7095 1.8272 0.9772, -1.6918 1.8334 0.9772, -1.7323 1.752 0.996, -1.7567 1.752 0.9772, -1.7755 1.752 0.9528, -1.7873 1.752 0.9243, -1.7654 1.7963 0.9528, -1.7532 1.8157 0.9528, -1.737 1.8319 0.9528, -1.7176 1.8441 0.9528, -1.696 1.8517 0.9528, -1.7845 1.7774 0.9243, -1.776 1.8015 0.9243, -1.7624 1.8231 0.9243, -1.7444 1.8412 0.9243, -1.7227 1.8548 0.9243, -1.6986 1.8632 0.9243, -1.71 -1.7981 0.996, -1.6923 -1.7759 1.0078, -1.6971 -1.771 1.0078, -1.703 -1.7588 1.0078, -1.7008 -1.7652 1.0078, -1.7038 -1.752 1.0078, -1.6865 -1.7795 1.0078, -1.6989 -1.8052 0.996, -1.7095 -1.8272 0.9772, -1.68 -1.7818 1.0078, -1.7194 -1.7888 0.996, -1.7264 -1.7776 0.996, -1.7308 -1.7651 0.996, -1.7323 -1.752 0.996, -1.6864 -1.8095 0.996, -1.6918 -1.8334 0.9772, -1.696 -1.8517 0.9528, -1.7253 -1.8173 0.9772, -1.7385 -1.804 0.9772, -1.7485 -1.7882 0.9772, -1.7547 -1.7706 0.9772, -1.7567 -1.752 0.9772, -1.7176 -1.8441 0.9528, -1.737 -1.8319 0.9528, -1.7532 -1.8157 0.9528, -1.7654 -1.7963 0.9528, -1.773 -1.7747 0.9528, -1.7755 -1.752 0.9528, -1.6986 -1.8632 0.9243, -1.7227 -1.8548 0.9243, -1.7444 -1.8412 0.9243, -1.7624 -1.8231 0.9243, -1.776 -1.8015 0.9243, -1.7845 -1.7774 0.9243, -1.7873 -1.752 0.9243
            ]
        }
        coordIndex [
            0,1,2,-1,0,2,3,-1,3,2,4,-1,3,4,5,-1,5,4,6,-1,5,6,7,-1,7,6,8,-1,7,8,9,-1,9,8,10,-1,9,10,11,-1,11,10,12,-1,11,12,13,-1,13,12,14,-1,13,14,15,-1,16,17,18,-1,16,18,19,-1,19,18,20,-1,19,20,21,-1,21,20,22,-1,21,22,23,-1,23,22,24,-1,23,24,25,-1,25,24,26,-1,25,26,27,-1,27,26,28,-1,27,28,29,-1,29,28,30,-1,29,30,31,-1,32,33,34,-1,34,31,35,-1,35,31,30,-1,36,34,37,-1,37,34,35,-1,37,35,38,-1,38,35,39,-1,40,41,42,-1,43,44,36,-1,36,44,45,-1,36,45,34,-1,34,45,46,-1,47,48,34,-1,42,47,40,-1,40,47,34,-1,40,34,49,-1,49,34,46,-1,49,46,50,-1,50,46,51,-1,52,53,54,-1,55,56,34,-1,54,55,52,-1,52,55,34,-1,52,34,57,-1,57,34,48,-1,57,48,58,-1,58,48,59,-1,60,61,62,-1,62,32,60,-1,60,32,34,-1,60,34,63,-1,63,34,56,-1,63,56,64,-1,64,56,65,-1,34,33,66,-1,34,66,67,-1,67,66,68,-1,67,68,69,-1,69,68,70,-1,69,70,71,-1,71,70,72,-1,71,72,73,-1,73,72,74,-1,73,74,75,-1,75,74,76,-1,75,76,77,-1,77,76,78,-1,77,78,79,-1,80,81,82,-1,80,82,83,-1,83,82,84,-1,83,84,85,-1,85,84,86,-1,85,86,87,-1,87,86,88,-1,87,88,89,-1,89,88,90,-1,89,90,91,-1,91,90,92,-1,91,92,93,-1,93,92,94,-1,93,94,95,-1,96,97,98,-1,96,98,99,-1,99,98,100,-1,99,100,101,-1,101,100,102,-1,101,102,103,-1,103,102,104,-1,103,104,105,-1,105,104,106,-1,105,106,107,-1,107,106,31,-1,107,31,34,-1,108,109,110,-1,96,111,112,-1,99,111,96,-1,110,109,96,-1,113,96,109,-1,113,109,114,-1,114,109,108,-1,114,108,115,-1,116,96,113,-1,117,112,118,-1,118,112,111,-1,118,111,119,-1,119,111,99,-1,119,99,101,-1,116,113,120,-1,120,113,114,-1,120,114,121,-1,121,114,115,-1,121,115,122,-1,123,96,116,-1,124,117,125,-1,125,117,118,-1,125,118,126,-1,126,118,119,-1,126,119,127,-1,127,119,101,-1,127,101,103,-1,123,116,128,-1,128,116,120,-1,128,120,129,-1,129,120,121,-1,129,121,130,-1,130,121,122,-1,130,122,131,-1,132,124,133,-1,133,124,125,-1,133,125,134,-1,134,125,126,-1,134,126,135,-1,135,126,127,-1,135,127,136,-1,136,127,103,-1,136,103,105,-1,137,132,138,-1,138,132,133,-1,138,133,139,-1,139,133,134,-1,139,134,140,-1,140,134,135,-1,140,135,141,-1,141,135,136,-1,141,136,142,-1,142,136,105,-1,142,105,107,-1,79,137,77,-1,77,137,138,-1,77,138,75,-1,75,138,139,-1,75,139,73,-1,73,139,140,-1,73,140,71,-1,71,140,141,-1,71,141,69,-1,69,141,142,-1,69,142,67,-1,67,142,107,-1,67,107,34,-1,79,131,137,-1,137,131,122,-1,137,122,132,-1,132,122,115,-1,132,115,124,-1,124,115,108,-1,124,108,117,-1,117,108,110,-1,117,110,112,-1,112,110,96,-1,143,144,145,-1,97,146,147,-1,148,146,97,-1,145,144,97,-1,149,97,144,-1,149,144,150,-1,150,144,143,-1,150,143,151,-1,152,97,149,-1,153,147,154,-1,154,147,146,-1,154,146,155,-1,155,146,148,-1,155,148,156,-1,152,149,157,-1,157,149,150,-1,157,150,158,-1,158,150,151,-1,158,151,159,-1,98,97,152,-1,160,153,161,-1,161,153,154,-1,161,154,162,-1,162,154,155,-1,162,155,163,-1,163,155,156,-1,163,156,164,-1,98,152,100,-1,100,152,157,-1,100,157,102,-1,102,157,158,-1,102,158,104,-1,104,158,159,-1,104,159,106,-1,165,160,166,-1,166,160,161,-1,166,161,167,-1,167,161,162,-1,167,162,168,-1,168,162,163,-1,168,163,169,-1,169,163,164,-1,169,164,170,-1,171,165,172,-1,172,165,166,-1,172,166,173,-1,173,166,167,-1,173,167,174,-1,174,167,168,-1,174,168,175,-1,175,168,169,-1,175,169,176,-1,176,169,170,-1,176,170,177,-1,31,171,29,-1,29,171,172,-1,29,172,27,-1,27,172,173,-1,27,173,25,-1,25,173,174,-1,25,174,23,-1,23,174,175,-1,23,175,21,-1,21,175,176,-1,21,176,19,-1,19,176,177,-1,19,177,16,-1,31,106,171,-1,171,106,159,-1,171,159,165,-1,165,159,151,-1,165,151,160,-1,160,151,143,-1,160,143,153,-1,153,143,145,-1,153,145,147,-1,147,145,97,-1,178,96,123,-1,178,123,179,-1,179,123,128,-1,179,128,180,-1,180,128,129,-1,180,129,181,-1,181,129,130,-1,181,130,182,-1,182,130,131,-1,182,131,183,-1,183,131,79,-1,183,79,80,-1,97,184,185,-1,97,185,148,-1,148,185,186,-1,148,186,156,-1,156,186,187,-1,156,187,164,-1,164,187,188,-1,164,188,170,-1,170,188,189,-1,170,189,177,-1,177,189,15,-1,177,15,16,-1,190,191,192,-1,178,193,194,-1,179,193,178,-1,192,191,178,-1,195,178,191,-1,195,191,196,-1,196,191,190,-1,196,190,197,-1,198,178,195,-1,199,194,200,-1,200,194,193,-1,200,193,201,-1,201,193,179,-1,201,179,180,-1,198,195,202,-1,202,195,196,-1,202,196,203,-1,203,196,197,-1,203,197,204,-1,205,178,198,-1,206,199,207,-1,207,199,200,-1,207,200,208,-1,208,200,201,-1,208,201,209,-1,209,201,180,-1,209,180,181,-1,205,198,210,-1,210,198,202,-1,210,202,211,-1,211,202,203,-1,211,203,212,-1,212,203,204,-1,212,204,213,-1,214,206,215,-1,215,206,207,-1,215,207,216,-1,216,207,208,-1,216,208,217,-1,217,208,209,-1,217,209,218,-1,218,209,181,-1,218,181,182,-1,219,214,220,-1,220,214,215,-1,220,215,221,-1,221,215,216,-1,221,216,222,-1,222,216,217,-1,222,217,223,-1,223,217,218,-1,223,218,224,-1,224,218,182,-1,224,182,183,-1,95,219,93,-1,93,219,220,-1,93,220,91,-1,91,220,221,-1,91,221,89,-1,89,221,222,-1,89,222,87,-1,87,222,223,-1,87,223,85,-1,85,223,224,-1,85,224,83,-1,83,224,183,-1,83,183,80,-1,95,213,219,-1,219,213,204,-1,219,204,214,-1,214,204,197,-1,214,197,206,-1,206,197,190,-1,206,190,199,-1,199,190,192,-1,199,192,194,-1,194,192,178,-1,225,226,227,-1,184,228,229,-1,230,228,184,-1,227,226,184,-1,231,184,226,-1,231,226,232,-1,232,226,225,-1,232,225,233,-1,234,184,231,-1,235,229,236,-1,236,229,228,-1,236,228,237,-1,237,228,230,-1,237,230,238,-1,234,231,239,-1,239,231,232,-1,239,232,240,-1,240,232,233,-1,240,233,241,-1,185,184,234,-1,242,235,243,-1,243,235,236,-1,243,236,244,-1,244,236,237,-1,244,237,245,-1,245,237,238,-1,245,238,246,-1,185,234,186,-1,186,234,239,-1,186,239,187,-1,187,239,240,-1,187,240,188,-1,188,240,241,-1,188,241,189,-1,247,242,248,-1,248,242,243,-1,248,243,249,-1,249,243,244,-1,249,244,250,-1,250,244,245,-1,250,245,251,-1,251,245,246,-1,251,246,252,-1,253,247,254,-1,254,247,248,-1,254,248,255,-1,255,248,249,-1,255,249,256,-1,256,249,250,-1,256,250,257,-1,257,250,251,-1,257,251,258,-1,258,251,252,-1,258,252,259,-1,15,253,13,-1,13,253,254,-1,13,254,11,-1,11,254,255,-1,11,255,9,-1,9,255,256,-1,9,256,7,-1,7,256,257,-1,7,257,5,-1,5,257,258,-1,5,258,3,-1,3,258,259,-1,3,259,0,-1,15,189,253,-1,253,189,241,-1,253,241,247,-1,247,241,233,-1,247,233,242,-1,242,233,225,-1,242,225,235,-1,235,225,227,-1,235,227,229,-1,229,227,184,-1,184,178,205,-1,184,205,230,-1,230,205,210,-1,230,210,238,-1,238,210,211,-1,238,211,246,-1,246,211,212,-1,246,212,252,-1,252,212,213,-1,252,213,259,-1,259,213,95,-1,259,95,0,-1,
        ]
    }
}
Shape{
    appearance Appearance {
        material  Material 	{
            diffuseColor 1.0 1.0 0.5019607843137255
            specularColor 0.5019607843137255 0.5019607843137255 0.25098039215686274
            ambientIntensity 0.9432
            transparency 0.0
            shininess 0.5
        }
    }
    geometry IndexedFaceSet {
        ccw TRUE
        solid FALSE
        coord DEF co Coordinate {
            point [
                1.8891 1.8083 0.3071, 1.9094 1.811 0.3071, 1.9094 1.8898 0.3071, 1.9094 1.5748 0.3071, 1.9094 1.6535 0.3071, 1.8891 1.6562 0.3071, 1.8538 1.788 0.3071, 1.8701 1.8005 0.3071, 1.7245 1.8584 0.3071, 1.7913 1.5748 0.3071, 1.8701 1.6641 0.3071, 1.8538 1.6766 0.3071, 1.5157 1.8898 0.3071, 1.6732 1.8701 0.3071, 1.5157 1.8701 0.3071, 1.6995 1.8671 0.3071, 1.8413 1.6929 0.3071, 1.8334 1.7119 0.3071, 1.7913 1.752 0.3071, 1.8307 1.7323 0.3071, 1.7884 1.7783 0.3071, 1.8334 1.7527 0.3071, 1.7796 1.8032 0.3071, 1.8413 1.7717 0.3071, 1.7656 1.8256 0.3071, 1.7469 1.8443 0.3071, 1.5157 1.8701 0.3031, 1.5157 1.8898 0.3031, 1.9094 1.5748 0.3031, 1.7913 1.5748 0.3031, 1.9094 1.8898 0.3031, 1.9094 1.8898 0.0, 1.5157 1.8898 0.0, 1.9094 1.8898 0.0039, 1.5157 1.8898 0.0039, 1.5157 1.5748 0.0, 1.9094 1.5748 0.0, 1.5157 1.5748 0.0039, 1.9094 1.5748 0.0039, 1.9094 1.811 0.0, 1.8891 1.8083 0.0, 1.8538 1.788 0.0, 1.8413 1.7717 0.0, 1.8701 1.8005 0.0, 1.8334 1.7527 0.0, 1.8307 1.7323 0.0, 1.8334 1.7119 0.0, 1.8413 1.6929 0.0, 1.8538 1.6766 0.0, 1.8701 1.6641 0.0, 1.8891 1.6562 0.0, 1.9094 1.6535 0.0, 1.8538 1.2435 0.3071, 1.8413 1.2598 0.3071, 1.7913 1.1417 0.3071, 1.9094 1.1417 0.3071, 1.9094 1.2205 0.3071, 1.8891 1.2232 0.3071, 1.8701 1.231 0.3071, 1.8413 1.3386 0.3071, 1.8538 1.3549 0.3071, 1.7913 1.4567 0.3071, 1.8701 1.3674 0.3071, 1.9094 1.4567 0.3071, 1.8891 1.3753 0.3071, 1.9094 1.378 0.3071, 1.8334 1.2788 0.3071, 1.8307 1.2992 0.3071, 1.8334 1.3196 0.3071, 1.9094 1.1417 0.3031, 1.7913 1.1417 0.3031, 1.7913 1.4567 0.3031, 1.9094 1.4567 0.3031, 1.5157 1.4567 0.0, 1.5157 1.1417 0.0, 1.5157 1.4567 0.0039, 1.5157 1.1417 0.0039, 1.9094 1.4567 0.0, 1.9094 1.4567 0.0039, 1.9094 1.1417 0.0, 1.9094 1.1417 0.0039, 1.9094 1.378 0.0, 1.8891 1.3753 0.0, 1.8701 1.3674 0.0, 1.8538 1.3549 0.0, 1.8413 1.3386 0.0, 1.8413 1.2598 0.0, 1.8538 1.2435 0.0, 1.8701 1.231 0.0, 1.8891 1.2232 0.0, 1.9094 1.2205 0.0, 1.8334 1.3196 0.0, 1.8307 1.2992 0.0, 1.8334 1.2788 0.0, 1.8538 0.8105 0.3071, 1.8413 0.8268 0.3071, 1.7913 0.7087 0.3071, 1.9094 0.7087 0.3071, 1.9094 0.7874 0.3071, 1.8891 0.7901 0.3071, 1.8701 0.798 0.3071, 1.8413 0.9055 0.3071, 1.8538 0.9218 0.3071, 1.7913 1.0236 0.3071, 1.8701 0.9343 0.3071, 1.9094 1.0236 0.3071, 1.8891 0.9422 0.3071, 1.9094 0.9449 0.3071, 1.8334 0.8458 0.3071, 1.8307 0.8661 0.3071, 1.8334 0.8865 0.3071, 1.9094 0.7087 0.3031, 1.7913 0.7087 0.3031, 1.7913 1.0236 0.3031, 1.9094 1.0236 0.3031, 1.5157 1.0236 0.0, 1.5157 0.7087 0.0, 1.5157 1.0236 0.0039, 1.5157 0.7087 0.0039, 1.9094 1.0236 0.0, 1.9094 1.0236 0.0039, 1.9094 0.7087 0.0, 1.9094 0.7087 0.0039, 1.9094 0.9449 0.0, 1.8891 0.9422 0.0, 1.8334 0.8458 0.0, 1.8413 0.8268 0.0, 1.8701 0.9343 0.0, 1.8538 0.9218 0.0, 1.8538 0.8105 0.0, 1.8701 0.798 0.0, 1.8891 0.7901 0.0, 1.9094 0.7874 0.0, 1.8413 0.9055 0.0, 1.8334 0.8865 0.0, 1.8307 0.8661 0.0, 1.8538 0.3774 0.3071, 1.8413 0.3937 0.3071, 1.7913 0.2756 0.3071, 1.9094 0.2756 0.3071, 1.9094 0.3543 0.3071, 1.8891 0.357 0.3071, 1.8413 0.4724 0.3071, 1.8538 0.4887 0.3071, 1.7913 0.5906 0.3071, 1.8701 0.5013 0.3071, 1.9094 0.5906 0.3071, 1.8891 0.5091 0.3071, 1.9094 0.5118 0.3071, 1.8701 0.3649 0.3071, 1.8334 0.4127 0.3071, 1.8307 0.4331 0.3071, 1.8334 0.4535 0.3071, 1.9094 0.2756 0.3031, 1.7913 0.2756 0.3031, 1.7913 0.5906 0.3031, 1.9094 0.5906 0.3031, 1.5157 0.5906 0.0, 1.5157 0.2756 0.0, 1.5157 0.5906 0.0039, 1.5157 0.2756 0.0039, 1.9094 0.5906 0.0, 1.9094 0.5906 0.0039, 1.9094 0.2756 0.0, 1.9094 0.2756 0.0039, 1.9094 0.5118 0.0, 1.8891 0.5091 0.0, 1.8701 0.5013 0.0, 1.8538 0.4887 0.0, 1.8413 0.4724 0.0, 1.8413 0.3937 0.0, 1.8538 0.3774 0.0, 1.8701 0.3649 0.0, 1.8891 0.357 0.0, 1.9094 0.3543 0.0, 1.8334 0.4535 0.0, 1.8307 0.4331 0.0, 1.8334 0.4127 0.0, 1.9094 -0.1575 0.3071, 1.9094 -0.0787 0.3071, 1.8891 -0.0761 0.3071, 1.7913 -0.1575 0.3071, 1.8538 -0.0557 0.3071, 1.8413 -0.0394 0.3071, 1.8701 -0.0682 0.3071, 1.8334 -0.0204 0.3071, 1.8307 -0.0 0.3071, 1.7913 0.1575 0.3071, 1.8334 0.0204 0.3071, 1.8413 0.0394 0.3071, 1.8538 0.0557 0.3071, 1.8701 0.0682 0.3071, 1.9094 0.1575 0.3071, 1.8891 0.0761 0.3071, 1.9094 0.0787 0.3071, 1.9094 -0.1575 0.3031, 1.7913 -0.1575 0.3031, 1.7913 0.1575 0.3031, 1.9094 0.1575 0.3031, 1.5157 0.1575 0.0, 1.5157 -0.1575 0.0, 1.5157 0.1575 0.0039, 1.5157 -0.1575 0.0039, 1.9094 0.1575 0.0, 1.9094 0.1575 0.0039, 1.9094 -0.1575 0.0, 1.9094 -0.1575 0.0039, 1.9094 0.0787 0.0, 1.8891 0.0761 0.0, 1.8538 0.0557 0.0, 1.8413 0.0394 0.0, 1.8701 0.0682 0.0, 1.8334 0.0204 0.0, 1.8307 -0.0 0.0, 1.8334 -0.0204 0.0, 1.8413 -0.0394 0.0, 1.8538 -0.0557 0.0, 1.8701 -0.0682 0.0, 1.8891 -0.0761 0.0, 1.9094 -0.0787 0.0, 1.9094 -0.5906 0.3071, 1.9094 -0.5118 0.3071, 1.8891 -0.5091 0.3071, 1.7913 -0.5906 0.3071, 1.8538 -0.4887 0.3071, 1.8413 -0.4724 0.3071, 1.8701 -0.5013 0.3071, 1.8334 -0.4535 0.3071, 1.8307 -0.4331 0.3071, 1.7913 -0.2756 0.3071, 1.8334 -0.4127 0.3071, 1.8413 -0.3937 0.3071, 1.8538 -0.3774 0.3071, 1.8701 -0.3649 0.3071, 1.9094 -0.2756 0.3071, 1.8891 -0.357 0.3071, 1.9094 -0.3543 0.3071, 1.9094 -0.5906 0.3031, 1.7913 -0.5906 0.3031, 1.7913 -0.2756 0.3031, 1.9094 -0.2756 0.3031, 1.5157 -0.2756 0.0, 1.5157 -0.5906 0.0, 1.5157 -0.2756 0.0039, 1.5157 -0.5906 0.0039, 1.9094 -0.2756 0.0, 1.9094 -0.2756 0.0039, 1.9094 -0.5906 0.0, 1.9094 -0.5906 0.0039, 1.9094 -0.3543 0.0, 1.8891 -0.357 0.0, 1.8538 -0.3774 0.0, 1.8413 -0.3937 0.0, 1.8701 -0.3649 0.0, 1.8334 -0.4127 0.0, 1.8307 -0.4331 0.0, 1.8334 -0.4535 0.0, 1.8413 -0.4724 0.0, 1.8538 -0.4887 0.0, 1.8701 -0.5013 0.0, 1.8891 -0.5091 0.0, 1.9094 -0.5118 0.0, 1.9094 -1.0236 0.3071, 1.9094 -0.9449 0.3071, 1.8891 -0.9422 0.3071, 1.7913 -1.0236 0.3071, 1.8538 -0.9218 0.3071, 1.8413 -0.9055 0.3071, 1.8701 -0.9343 0.3071, 1.8334 -0.8865 0.3071, 1.8307 -0.8661 0.3071, 1.7913 -0.7087 0.3071, 1.8334 -0.8458 0.3071, 1.8413 -0.8268 0.3071, 1.8538 -0.8105 0.3071, 1.8701 -0.798 0.3071, 1.9094 -0.7087 0.3071, 1.8891 -0.7901 0.3071, 1.9094 -0.7874 0.3071, 1.9094 -1.0236 0.3031, 1.7913 -1.0236 0.3031, 1.7913 -0.7087 0.3031, 1.9094 -0.7087 0.3031, 1.5157 -0.7087 0.0, 1.5157 -1.0236 0.0, 1.5157 -0.7087 0.0039, 1.5157 -1.0236 0.0039, 1.9094 -0.7087 0.0, 1.9094 -0.7087 0.0039, 1.9094 -1.0236 0.0, 1.9094 -1.0236 0.0039, 1.9094 -0.7874 0.0, 1.8891 -0.7901 0.0, 1.8538 -0.8105 0.0, 1.8413 -0.8268 0.0, 1.8701 -0.798 0.0, 1.8334 -0.8458 0.0, 1.8307 -0.8661 0.0, 1.8334 -0.8865 0.0, 1.8413 -0.9055 0.0, 1.8538 -0.9218 0.0, 1.8701 -0.9343 0.0, 1.8891 -0.9422 0.0, 1.9094 -0.9449 0.0, 1.9094 -1.4567 0.3071, 1.9094 -1.378 0.3071, 1.8891 -1.3753 0.3071, 1.7913 -1.4567 0.3071, 1.8538 -1.3549 0.3071, 1.8413 -1.3386 0.3071, 1.8701 -1.3674 0.3071, 1.8334 -1.3196 0.3071, 1.8307 -1.2992 0.3071, 1.7913 -1.1417 0.3071, 1.8334 -1.2788 0.3071, 1.8413 -1.2598 0.3071, 1.8538 -1.2435 0.3071, 1.8701 -1.231 0.3071, 1.9094 -1.1417 0.3071, 1.8891 -1.2232 0.3071, 1.9094 -1.2205 0.3071, 1.9094 -1.4567 0.3031, 1.7913 -1.4567 0.3031, 1.7913 -1.1417 0.3031, 1.9094 -1.1417 0.3031, 1.5157 -1.1417 0.0, 1.5157 -1.4567 0.0, 1.5157 -1.1417 0.0039, 1.5157 -1.4567 0.0039, 1.9094 -1.1417 0.0, 1.9094 -1.1417 0.0039, 1.9094 -1.4567 0.0, 1.9094 -1.4567 0.0039, 1.9094 -1.2205 0.0, 1.8891 -1.2232 0.0, 1.8538 -1.2435 0.0, 1.8413 -1.2598 0.0, 1.8701 -1.231 0.0, 1.8334 -1.2788 0.0, 1.8307 -1.2992 0.0, 1.8334 -1.3196 0.0, 1.8413 -1.3386 0.0, 1.8538 -1.3549 0.0, 1.8701 -1.3674 0.0, 1.8891 -1.3753 0.0, 1.9094 -1.378 0.0, 1.7913 -1.5748 0.3071, 1.8334 -1.7119 0.3071, 1.8413 -1.6929 0.3071, 1.8538 -1.6766 0.3071, 1.8701 -1.6641 0.3071, 1.9094 -1.5748 0.3071, 1.8891 -1.6562 0.3071, 1.9094 -1.6535 0.3071, 1.9094 -1.811 0.3071, 1.8891 -1.8083 0.3071, 1.9094 -1.8898 0.3071, 1.8701 -1.8005 0.3071, 1.7245 -1.8584 0.3071, 1.8538 -1.788 0.3071, 1.7469 -1.8443 0.3071, 1.5157 -1.8701 0.3071, 1.5157 -1.8898 0.3071, 1.6732 -1.8701 0.3071, 1.6995 -1.8671 0.3071, 1.8307 -1.7323 0.3071, 1.7913 -1.752 0.3071, 1.8334 -1.7527 0.3071, 1.7884 -1.7783 0.3071, 1.8413 -1.7717 0.3071, 1.7796 -1.8032 0.3071, 1.7656 -1.8256 0.3071, 1.7913 -1.5748 0.3031, 1.9094 -1.5748 0.3031, 1.5157 -1.8898 0.3031, 1.5157 -1.8701 0.3031, 1.9094 -1.8898 0.3031, 1.5157 -1.8898 0.0, 1.9094 -1.8898 0.0, 1.5157 -1.8898 0.0039, 1.9094 -1.8898 0.0039, 1.5157 -1.5748 0.0, 1.5157 -1.5748 0.0039, 1.9094 -1.5748 0.0, 1.9094 -1.5748 0.0039, 1.9094 -1.6535 0.0, 1.8891 -1.6562 0.0, 1.8701 -1.6641 0.0, 1.8538 -1.6766 0.0, 1.8413 -1.6929 0.0, 1.8334 -1.7119 0.0, 1.8307 -1.7323 0.0, 1.8334 -1.7527 0.0, 1.8413 -1.7717 0.0, 1.8538 -1.788 0.0, 1.8701 -1.8005 0.0, 1.8891 -1.8083 0.0, 1.9094 -1.811 0.0, -1.7656 1.8256 0.3071, -1.8538 1.788 0.3071, -1.7796 1.8032 0.3071, -1.8413 1.7717 0.3071, -1.7884 1.7783 0.3071, -1.8334 1.7527 0.3071, -1.7913 1.752 0.3071, -1.8307 1.7323 0.3071, -1.7913 1.5748 0.3071, -1.8334 1.7119 0.3071, -1.8413 1.6929 0.3071, -1.8538 1.6766 0.3071, -1.8701 1.6641 0.3071, -1.9094 1.5748 0.3071, -1.8891 1.6562 0.3071, -1.9094 1.6535 0.3071, -1.7469 1.8443 0.3071, -1.7245 1.8584 0.3071, -1.8701 1.8005 0.3071, -1.9094 1.8898 0.3071, -1.8891 1.8083 0.3071, -1.9094 1.811 0.3071, -1.5157 1.8701 0.3071, -1.5157 1.8898 0.3071, -1.6732 1.8701 0.3071, -1.6995 1.8671 0.3071, -1.7913 1.5748 0.3031, -1.9094 1.5748 0.3031, -1.5157 1.8898 0.3031, -1.5157 1.8701 0.3031, -1.9094 1.8898 0.3031, -1.5157 1.8898 0.0039, -1.5157 1.8898 0.0, -1.9094 1.8898 0.0039, -1.9094 1.8898 0.0, -1.5157 1.5748 0.0039, -1.5157 1.5748 0.0, -1.9094 1.5748 0.0039, -1.9094 1.5748 0.0, -1.9094 1.6535 0.0, -1.8891 1.6562 0.0, -1.8538 1.6766 0.0, -1.8413 1.6929 0.0, -1.8701 1.6641 0.0, -1.8334 1.7119 0.0, -1.8307 1.7323 0.0, -1.8334 1.7527 0.0, -1.8413 1.7717 0.0, -1.8538 1.788 0.0, -1.8701 1.8005 0.0, -1.8891 1.8083 0.0, -1.9094 1.811 0.0, -1.9094 1.4567 0.3071, -1.9094 1.378 0.3071, -1.8891 1.3753 0.3071, -1.7913 1.4567 0.3071, -1.8307 1.2992 0.3071, -1.7913 1.1417 0.3071, -1.8334 1.2788 0.3071, -1.8413 1.2598 0.3071, -1.8538 1.2435 0.3071, -1.8701 1.231 0.3071, -1.9094 1.1417 0.3071, -1.8891 1.2232 0.3071, -1.9094 1.2205 0.3071, -1.8538 1.3549 0.3071, -1.8413 1.3386 0.3071, -1.8334 1.3196 0.3071, -1.8701 1.3674 0.3071, -1.9094 1.4567 0.3031, -1.7913 1.4567 0.3031, -1.7913 1.1417 0.3031, -1.9094 1.1417 0.3031, -1.5157 1.1417 0.0039, -1.5157 1.1417 0.0, -1.5157 1.4567 0.0039, -1.5157 1.4567 0.0, -1.9094 1.1417 0.0039, -1.9094 1.1417 0.0, -1.9094 1.4567 0.0039, -1.9094 1.4567 0.0, -1.8701 1.231 0.0, -1.8538 1.2435 0.0, -1.8891 1.2232 0.0, -1.9094 1.2205 0.0, -1.8413 1.2598 0.0, -1.8334 1.2788 0.0, -1.8307 1.2992 0.0, -1.8334 1.3196 0.0, -1.8413 1.3386 0.0, -1.8538 1.3549 0.0, -1.8701 1.3674 0.0, -1.8891 1.3753 0.0, -1.9094 1.378 0.0, -1.9094 1.0236 0.3071, -1.9094 0.9449 0.3071, -1.8891 0.9422 0.3071, -1.7913 1.0236 0.3071, -1.8538 0.9218 0.3071, -1.8413 0.9055 0.3071, -1.8701 0.9343 0.3071, -1.8334 0.8865 0.3071, -1.8307 0.8661 0.3071, -1.7913 0.7087 0.3071, -1.8334 0.8458 0.3071, -1.8413 0.8268 0.3071, -1.8538 0.8105 0.3071, -1.8701 0.798 0.3071, -1.9094 0.7087 0.3071, -1.8891 0.7901 0.3071, -1.9094 0.7874 0.3071, -1.9094 1.0236 0.3031, -1.7913 1.0236 0.3031, -1.7913 0.7087 0.3031, -1.9094 0.7087 0.3031, -1.5157 0.7087 0.0039, -1.5157 0.7087 0.0, -1.5157 1.0236 0.0039, -1.5157 1.0236 0.0, -1.9094 0.7087 0.0039, -1.9094 0.7087 0.0, -1.9094 1.0236 0.0039, -1.9094 1.0236 0.0, -1.9094 0.7874 0.0, -1.8891 0.7901 0.0, -1.8538 0.8105 0.0, -1.8413 0.8268 0.0, -1.8701 0.798 0.0, -1.8334 0.8458 0.0, -1.8307 0.8661 0.0, -1.8334 0.8865 0.0, -1.8413 0.9055 0.0, -1.8538 0.9218 0.0, -1.8701 0.9343 0.0, -1.8891 0.9422 0.0, -1.9094 0.9449 0.0, -1.9094 0.5906 0.3071, -1.9094 0.5118 0.3071, -1.8891 0.5091 0.3071, -1.7913 0.5906 0.3071, -1.8538 0.4887 0.3071, -1.8413 0.4724 0.3071, -1.8701 0.5013 0.3071, -1.8334 0.4535 0.3071, -1.8307 0.4331 0.3071, -1.7913 0.2756 0.3071, -1.8334 0.4127 0.3071, -1.8413 0.3937 0.3071, -1.8538 0.3774 0.3071, -1.8701 0.3649 0.3071, -1.9094 0.2756 0.3071, -1.8891 0.357 0.3071, -1.9094 0.3543 0.3071, -1.9094 0.5906 0.3031, -1.7913 0.5906 0.3031, -1.7913 0.2756 0.3031, -1.9094 0.2756 0.3031, -1.5157 0.2756 0.0039, -1.5157 0.2756 0.0, -1.5157 0.5906 0.0039, -1.5157 0.5906 0.0, -1.9094 0.2756 0.0039, -1.9094 0.2756 0.0, -1.9094 0.5906 0.0039, -1.9094 0.5906 0.0, -1.9094 0.3543 0.0, -1.8891 0.357 0.0, -1.8538 0.3774 0.0, -1.8413 0.3937 0.0, -1.8701 0.3649 0.0, -1.8334 0.4127 0.0, -1.8307 0.4331 0.0, -1.8334 0.4535 0.0, -1.8413 0.4724 0.0, -1.8538 0.4887 0.0, -1.8701 0.5013 0.0, -1.8891 0.5091 0.0, -1.9094 0.5118 0.0, -1.9094 0.1575 0.3071, -1.9094 0.0787 0.3071, -1.8891 0.0761 0.3071, -1.7913 0.1575 0.3071, -1.8538 0.0557 0.3071, -1.8413 0.0394 0.3071, -1.8701 0.0682 0.3071, -1.8334 0.0204 0.3071, -1.8307 -0.0 0.3071, -1.7913 -0.1575 0.3071, -1.8334 -0.0204 0.3071, -1.8413 -0.0394 0.3071, -1.8538 -0.0557 0.3071, -1.8701 -0.0682 0.3071, -1.9094 -0.1575 0.3071, -1.8891 -0.0761 0.3071, -1.9094 -0.0787 0.3071, -1.9094 0.1575 0.3031, -1.7913 0.1575 0.3031, -1.7913 -0.1575 0.3031, -1.9094 -0.1575 0.3031, -1.5157 -0.1575 0.0039, -1.5157 -0.1575 0.0, -1.5157 0.1575 0.0039, -1.5157 0.1575 0.0, -1.9094 -0.1575 0.0039, -1.9094 -0.1575 0.0, -1.9094 0.1575 0.0039, -1.9094 0.1575 0.0, -1.9094 -0.0787 0.0, -1.8891 -0.0761 0.0, -1.8538 -0.0557 0.0, -1.8413 -0.0394 0.0, -1.8701 -0.0682 0.0, -1.8334 -0.0204 0.0, -1.8307 -0.0 0.0, -1.8334 0.0204 0.0, -1.8413 0.0394 0.0, -1.8538 0.0557 0.0, -1.8701 0.0682 0.0, -1.8891 0.0761 0.0, -1.9094 0.0787 0.0, -1.9094 -0.2756 0.3071, -1.9094 -0.3543 0.3071, -1.8891 -0.357 0.3071, -1.8538 -0.3774 0.3071, -1.8413 -0.3937 0.3071, -1.7913 -0.2756 0.3071, -1.8701 -0.3649 0.3071, -1.8413 -0.4724 0.3071, -1.8538 -0.4887 0.3071, -1.7913 -0.5906 0.3071, -1.8701 -0.5013 0.3071, -1.9094 -0.5906 0.3071, -1.8891 -0.5091 0.3071, -1.9094 -0.5118 0.3071, -1.8334 -0.4127 0.3071, -1.8307 -0.4331 0.3071, -1.8334 -0.4535 0.3071, -1.9094 -0.2756 0.3031, -1.7913 -0.2756 0.3031, -1.7913 -0.5906 0.3031, -1.9094 -0.5906 0.3031, -1.5157 -0.5906 0.0039, -1.5157 -0.5906 0.0, -1.5157 -0.2756 0.0039, -1.5157 -0.2756 0.0, -1.9094 -0.5906 0.0039, -1.9094 -0.5906 0.0, -1.9094 -0.2756 0.0039, -1.9094 -0.2756 0.0, -1.9094 -0.5118 0.0, -1.8891 -0.5091 0.0, -1.8413 -0.3937 0.0, -1.8538 -0.3774 0.0, -1.8701 -0.3649 0.0, -1.8891 -0.357 0.0, -1.9094 -0.3543 0.0, -1.8701 -0.5013 0.0, -1.8538 -0.4887 0.0, -1.8413 -0.4724 0.0, -1.8334 -0.4535 0.0, -1.8307 -0.4331 0.0, -1.8334 -0.4127 0.0, -1.8538 -0.8105 0.3071, -1.8413 -0.8268 0.3071, -1.7913 -0.7087 0.3071, -1.9094 -0.7087 0.3071, -1.9094 -0.7874 0.3071, -1.8891 -0.7901 0.3071, -1.8701 -0.798 0.3071, -1.8413 -0.9055 0.3071, -1.8538 -0.9218 0.3071, -1.7913 -1.0236 0.3071, -1.8701 -0.9343 0.3071, -1.9094 -1.0236 0.3071, -1.8891 -0.9422 0.3071, -1.9094 -0.9449 0.3071, -1.8334 -0.8458 0.3071, -1.8307 -0.8661 0.3071, -1.8334 -0.8865 0.3071, -1.9094 -0.7087 0.3031, -1.7913 -0.7087 0.3031, -1.7913 -1.0236 0.3031, -1.9094 -1.0236 0.3031, -1.5157 -1.0236 0.0039, -1.5157 -1.0236 0.0, -1.5157 -0.7087 0.0039, -1.5157 -0.7087 0.0, -1.9094 -1.0236 0.0039, -1.9094 -1.0236 0.0, -1.9094 -0.7087 0.0039, -1.9094 -0.7087 0.0, -1.9094 -0.9449 0.0, -1.8891 -0.9422 0.0, -1.8538 -0.9218 0.0, -1.8413 -0.9055 0.0, -1.8701 -0.9343 0.0, -1.8413 -0.8268 0.0, -1.8538 -0.8105 0.0, -1.8701 -0.798 0.0, -1.8891 -0.7901 0.0, -1.9094 -0.7874 0.0, -1.8334 -0.8865 0.0, -1.8307 -0.8661 0.0, -1.8334 -0.8458 0.0, -1.8538 -1.2435 0.3071, -1.8413 -1.2598 0.3071, -1.7913 -1.1417 0.3071, -1.9094 -1.1417 0.3071, -1.9094 -1.2205 0.3071, -1.8891 -1.2232 0.3071, -1.8701 -1.231 0.3071, -1.8413 -1.3386 0.3071, -1.8538 -1.3549 0.3071, -1.7913 -1.4567 0.3071, -1.8701 -1.3674 0.3071, -1.9094 -1.4567 0.3071, -1.8891 -1.3753 0.3071, -1.9094 -1.378 0.3071, -1.8334 -1.2788 0.3071, -1.8307 -1.2992 0.3071, -1.8334 -1.3196 0.3071, -1.9094 -1.1417 0.3031, -1.7913 -1.1417 0.3031, -1.7913 -1.4567 0.3031, -1.9094 -1.4567 0.3031, -1.5157 -1.4567 0.0039, -1.5157 -1.4567 0.0, -1.5157 -1.1417 0.0039, -1.5157 -1.1417 0.0, -1.9094 -1.4567 0.0039, -1.9094 -1.4567 0.0, -1.9094 -1.1417 0.0039, -1.9094 -1.1417 0.0, -1.9094 -1.378 0.0, -1.8891 -1.3753 0.0, -1.8538 -1.3549 0.0, -1.8413 -1.3386 0.0, -1.8701 -1.3674 0.0, -1.8413 -1.2598 0.0, -1.8538 -1.2435 0.0, -1.8701 -1.231 0.0, -1.8891 -1.2232 0.0, -1.9094 -1.2205 0.0, -1.8334 -1.3196 0.0, -1.8307 -1.2992 0.0, -1.8334 -1.2788 0.0, -1.8891 -1.8083 0.3071, -1.9094 -1.811 0.3071, -1.9094 -1.8898 0.3071, -1.8701 -1.6641 0.3071, -1.7913 -1.5748 0.3071, -1.8891 -1.6562 0.3071, -1.9094 -1.5748 0.3071, -1.9094 -1.6535 0.3071, -1.7245 -1.8584 0.3071, -1.8538 -1.788 0.3071, -1.8701 -1.8005 0.3071, -1.8538 -1.6766 0.3071, -1.8413 -1.6929 0.3071, -1.7913 -1.752 0.3071, -1.8334 -1.7119 0.3071, -1.8307 -1.7323 0.3071, -1.7796 -1.8032 0.3071, -1.7884 -1.7783 0.3071, -1.5157 -1.8898 0.3071, -1.6732 -1.8701 0.3071, -1.5157 -1.8701 0.3071, -1.6995 -1.8671 0.3071, -1.8334 -1.7527 0.3071, -1.8413 -1.7717 0.3071, -1.7656 -1.8256 0.3071, -1.7469 -1.8443 0.3071, -1.5157 -1.8701 0.3031, -1.5157 -1.8898 0.3031, -1.9094 -1.5748 0.3031, -1.7913 -1.5748 0.3031, -1.9094 -1.8898 0.3031, -1.9094 -1.8898 0.0039, -1.9094 -1.8898 0.0, -1.5157 -1.8898 0.0039, -1.5157 -1.8898 0.0, -1.5157 -1.5748 0.0039, -1.5157 -1.5748 0.0, -1.9094 -1.5748 0.0039, -1.9094 -1.5748 0.0, -1.9094 -1.811 0.0, -1.8891 -1.8083 0.0, -1.8413 -1.6929 0.0, -1.8538 -1.6766 0.0, -1.8701 -1.6641 0.0, -1.8891 -1.6562 0.0, -1.9094 -1.6535 0.0, -1.8701 -1.8005 0.0, -1.8538 -1.788 0.0, -1.8413 -1.7717 0.0, -1.8334 -1.7527 0.0, -1.8307 -1.7323 0.0, -1.8334 -1.7119 0.0
            ]
        }
        coordIndex [
            0,1,2,-1,3,4,5,-1,6,7,8,-1,3,5,9,-1,9,5,10,-1,9,10,11,-1,2,12,13,-1,13,12,14,-1,7,0,8,-1,8,0,2,-1,8,2,15,-1,15,2,13,-1,11,16,9,-1,9,16,17,-1,9,17,18,-1,18,17,19,-1,18,19,20,-1,20,19,21,-1,20,21,22,-1,22,21,23,-1,22,23,24,-1,24,23,6,-1,24,6,25,-1,25,6,8,-1,26,14,27,-1,27,14,12,-1,28,3,29,-1,29,3,9,-1,27,12,30,-1,30,12,2,-1,31,32,33,-1,33,32,34,-1,35,36,37,-1,37,36,38,-1,32,35,34,-1,34,35,37,-1,31,39,40,-1,41,42,32,-1,31,40,32,-1,32,40,43,-1,32,43,41,-1,42,44,32,-1,32,44,45,-1,32,45,35,-1,35,45,46,-1,35,46,47,-1,47,48,35,-1,35,48,49,-1,35,49,36,-1,36,49,50,-1,36,50,51,-1,4,51,5,-1,5,51,50,-1,5,50,10,-1,10,50,49,-1,10,49,11,-1,11,49,48,-1,11,48,16,-1,16,48,47,-1,16,47,17,-1,17,47,46,-1,17,46,19,-1,19,46,45,-1,19,45,21,-1,21,45,44,-1,21,44,23,-1,23,44,42,-1,23,42,6,-1,6,42,41,-1,6,41,7,-1,7,41,43,-1,7,43,0,-1,0,43,40,-1,0,40,1,-1,1,40,39,-1,52,53,54,-1,55,56,57,-1,55,57,54,-1,54,57,58,-1,54,58,52,-1,59,60,61,-1,61,60,62,-1,61,62,63,-1,63,62,64,-1,63,64,65,-1,53,66,54,-1,54,66,67,-1,54,67,61,-1,61,67,68,-1,61,68,59,-1,69,55,70,-1,70,55,54,-1,71,61,72,-1,72,61,63,-1,73,74,75,-1,75,74,76,-1,77,73,78,-1,78,73,75,-1,74,79,76,-1,76,79,80,-1,77,81,82,-1,77,82,73,-1,82,83,73,-1,73,83,84,-1,73,84,85,-1,86,87,74,-1,74,87,88,-1,74,88,79,-1,79,88,89,-1,79,89,90,-1,85,91,73,-1,73,91,92,-1,73,92,74,-1,74,92,93,-1,74,93,86,-1,94,95,96,-1,97,98,99,-1,97,99,96,-1,96,99,100,-1,96,100,94,-1,101,102,103,-1,103,102,104,-1,103,104,105,-1,105,104,106,-1,105,106,107,-1,95,108,96,-1,96,108,109,-1,96,109,103,-1,103,109,110,-1,103,110,101,-1,111,97,112,-1,112,97,96,-1,113,103,114,-1,114,103,105,-1,115,116,117,-1,117,116,118,-1,119,115,120,-1,120,115,117,-1,116,121,118,-1,118,121,122,-1,119,123,124,-1,125,126,116,-1,119,124,115,-1,115,124,127,-1,115,127,128,-1,126,129,116,-1,116,129,130,-1,116,130,121,-1,121,130,131,-1,121,131,132,-1,128,133,115,-1,115,133,134,-1,115,134,116,-1,116,134,135,-1,116,135,125,-1,136,137,138,-1,139,140,141,-1,142,143,144,-1,144,143,145,-1,144,145,146,-1,146,145,147,-1,146,147,148,-1,139,141,138,-1,138,141,149,-1,138,149,136,-1,137,150,138,-1,138,150,151,-1,138,151,144,-1,144,151,152,-1,144,152,142,-1,153,139,154,-1,154,139,138,-1,155,144,156,-1,156,144,146,-1,157,158,159,-1,159,158,160,-1,161,157,162,-1,162,157,159,-1,158,163,160,-1,160,163,164,-1,161,165,166,-1,161,166,157,-1,166,167,157,-1,157,167,168,-1,157,168,169,-1,170,171,158,-1,158,171,172,-1,158,172,163,-1,163,172,173,-1,163,173,174,-1,169,175,157,-1,157,175,176,-1,157,176,158,-1,158,176,177,-1,158,177,170,-1,178,179,180,-1,181,182,183,-1,178,180,181,-1,181,180,184,-1,181,184,182,-1,183,185,181,-1,181,185,186,-1,181,186,187,-1,187,186,188,-1,187,188,189,-1,189,190,187,-1,187,190,191,-1,187,191,192,-1,192,191,193,-1,192,193,194,-1,195,178,196,-1,196,178,181,-1,197,187,198,-1,198,187,192,-1,199,200,201,-1,201,200,202,-1,203,199,204,-1,204,199,201,-1,200,205,202,-1,202,205,206,-1,203,207,208,-1,199,209,210,-1,203,208,199,-1,199,208,211,-1,199,211,209,-1,210,212,199,-1,199,212,213,-1,199,213,200,-1,200,213,214,-1,200,214,215,-1,215,216,200,-1,200,216,217,-1,200,217,205,-1,205,217,218,-1,205,218,219,-1,220,221,222,-1,223,224,225,-1,220,222,223,-1,223,222,226,-1,223,226,224,-1,225,227,223,-1,223,227,228,-1,223,228,229,-1,229,228,230,-1,229,230,231,-1,231,232,229,-1,229,232,233,-1,229,233,234,-1,234,233,235,-1,234,235,236,-1,237,220,238,-1,238,220,223,-1,239,229,240,-1,240,229,234,-1,241,242,243,-1,243,242,244,-1,245,241,246,-1,246,241,243,-1,242,247,244,-1,244,247,248,-1,245,249,250,-1,241,251,252,-1,245,250,241,-1,241,250,253,-1,241,253,251,-1,252,254,241,-1,241,254,255,-1,241,255,242,-1,242,255,256,-1,242,256,257,-1,257,258,242,-1,242,258,259,-1,242,259,247,-1,247,259,260,-1,247,260,261,-1,262,263,264,-1,265,266,267,-1,262,264,265,-1,265,264,268,-1,265,268,266,-1,267,269,265,-1,265,269,270,-1,265,270,271,-1,271,270,272,-1,271,272,273,-1,273,274,271,-1,271,274,275,-1,271,275,276,-1,276,275,277,-1,276,277,278,-1,279,262,280,-1,280,262,265,-1,281,271,282,-1,282,271,276,-1,283,284,285,-1,285,284,286,-1,287,283,288,-1,288,283,285,-1,284,289,286,-1,286,289,290,-1,287,291,292,-1,283,293,294,-1,287,292,283,-1,283,292,295,-1,283,295,293,-1,294,296,283,-1,283,296,297,-1,283,297,284,-1,284,297,298,-1,284,298,299,-1,299,300,284,-1,284,300,301,-1,284,301,289,-1,289,301,302,-1,289,302,303,-1,304,305,306,-1,307,308,309,-1,304,306,307,-1,307,306,310,-1,307,310,308,-1,309,311,307,-1,307,311,312,-1,307,312,313,-1,313,312,314,-1,313,314,315,-1,315,316,313,-1,313,316,317,-1,313,317,318,-1,318,317,319,-1,318,319,320,-1,321,304,322,-1,322,304,307,-1,323,313,324,-1,324,313,318,-1,325,326,327,-1,327,326,328,-1,329,325,330,-1,330,325,327,-1,326,331,328,-1,328,331,332,-1,329,333,334,-1,325,335,336,-1,329,334,325,-1,325,334,337,-1,325,337,335,-1,336,338,325,-1,325,338,339,-1,325,339,326,-1,326,339,340,-1,326,340,341,-1,341,342,326,-1,326,342,343,-1,326,343,331,-1,331,343,344,-1,331,344,345,-1,346,347,348,-1,348,349,346,-1,346,349,350,-1,346,350,351,-1,351,350,352,-1,351,352,353,-1,354,355,356,-1,356,355,357,-1,356,357,358,-1,358,357,359,-1,358,359,360,-1,361,362,363,-1,363,362,356,-1,363,356,364,-1,364,356,358,-1,347,346,365,-1,365,346,366,-1,365,366,367,-1,367,366,368,-1,367,368,369,-1,369,368,370,-1,369,370,359,-1,359,370,371,-1,359,371,360,-1,372,346,373,-1,373,346,351,-1,374,362,375,-1,375,362,361,-1,376,356,374,-1,374,356,362,-1,377,378,379,-1,379,378,380,-1,381,377,382,-1,382,377,379,-1,383,381,384,-1,384,381,382,-1,383,385,386,-1,383,386,381,-1,386,387,381,-1,381,387,388,-1,381,388,389,-1,389,390,381,-1,381,390,391,-1,381,391,377,-1,377,391,392,-1,377,392,393,-1,393,394,377,-1,377,394,395,-1,377,395,378,-1,378,395,396,-1,378,396,397,-1,354,397,355,-1,355,397,396,-1,355,396,357,-1,357,396,395,-1,357,395,359,-1,359,395,394,-1,359,394,369,-1,369,394,393,-1,369,393,367,-1,367,393,392,-1,367,392,365,-1,365,392,391,-1,365,391,347,-1,347,391,390,-1,347,390,348,-1,348,390,389,-1,348,389,349,-1,349,389,388,-1,349,388,350,-1,350,388,387,-1,350,387,352,-1,352,387,386,-1,352,386,353,-1,353,386,385,-1,305,345,306,-1,306,345,344,-1,306,344,310,-1,310,344,343,-1,310,343,308,-1,308,343,342,-1,308,342,309,-1,309,342,341,-1,309,341,311,-1,311,341,340,-1,311,340,312,-1,312,340,339,-1,312,339,314,-1,314,339,338,-1,314,338,315,-1,315,338,336,-1,315,336,316,-1,316,336,335,-1,316,335,317,-1,317,335,337,-1,317,337,319,-1,319,337,334,-1,319,334,320,-1,320,334,333,-1,263,303,264,-1,264,303,302,-1,264,302,268,-1,268,302,301,-1,268,301,266,-1,266,301,300,-1,266,300,267,-1,267,300,299,-1,267,299,269,-1,269,299,298,-1,269,298,270,-1,270,298,297,-1,270,297,272,-1,272,297,296,-1,272,296,273,-1,273,296,294,-1,273,294,274,-1,274,294,293,-1,274,293,275,-1,275,293,295,-1,275,295,277,-1,277,295,292,-1,277,292,278,-1,278,292,291,-1,221,261,222,-1,222,261,260,-1,222,260,226,-1,226,260,259,-1,226,259,224,-1,224,259,258,-1,224,258,225,-1,225,258,257,-1,225,257,227,-1,227,257,256,-1,227,256,228,-1,228,256,255,-1,228,255,230,-1,230,255,254,-1,230,254,231,-1,231,254,252,-1,231,252,232,-1,232,252,251,-1,232,251,233,-1,233,251,253,-1,233,253,235,-1,235,253,250,-1,235,250,236,-1,236,250,249,-1,179,219,180,-1,180,219,218,-1,180,218,184,-1,184,218,217,-1,184,217,182,-1,182,217,216,-1,182,216,183,-1,183,216,215,-1,183,215,185,-1,185,215,214,-1,185,214,186,-1,186,214,213,-1,186,213,188,-1,188,213,212,-1,188,212,189,-1,189,212,210,-1,189,210,190,-1,190,210,209,-1,190,209,191,-1,191,209,211,-1,191,211,193,-1,193,211,208,-1,193,208,194,-1,194,208,207,-1,140,174,141,-1,141,174,173,-1,141,173,149,-1,149,173,172,-1,149,172,136,-1,136,172,171,-1,136,171,137,-1,137,171,170,-1,137,170,150,-1,150,170,177,-1,150,177,151,-1,151,177,176,-1,151,176,152,-1,152,176,175,-1,152,175,142,-1,142,175,169,-1,142,169,143,-1,143,169,168,-1,143,168,145,-1,145,168,167,-1,145,167,147,-1,147,167,166,-1,147,166,148,-1,148,166,165,-1,98,132,99,-1,99,132,131,-1,99,131,100,-1,100,131,130,-1,100,130,94,-1,94,130,129,-1,94,129,95,-1,95,129,126,-1,95,126,108,-1,108,126,125,-1,108,125,109,-1,109,125,135,-1,109,135,110,-1,110,135,134,-1,110,134,101,-1,101,134,133,-1,101,133,102,-1,102,133,128,-1,102,128,104,-1,104,128,127,-1,104,127,106,-1,106,127,124,-1,106,124,107,-1,107,124,123,-1,56,90,57,-1,57,90,89,-1,57,89,58,-1,58,89,88,-1,58,88,52,-1,52,88,87,-1,52,87,53,-1,53,87,86,-1,53,86,66,-1,66,86,93,-1,66,93,67,-1,67,93,92,-1,67,92,68,-1,68,92,91,-1,68,91,59,-1,59,91,85,-1,59,85,60,-1,60,85,84,-1,60,84,62,-1,62,84,83,-1,62,83,64,-1,64,83,82,-1,64,82,65,-1,65,82,81,-1,398,399,400,-1,400,399,401,-1,400,401,402,-1,402,401,403,-1,402,403,404,-1,404,403,405,-1,404,405,406,-1,406,405,407,-1,406,407,408,-1,408,409,406,-1,406,409,410,-1,406,410,411,-1,411,410,412,-1,411,412,413,-1,398,414,399,-1,399,414,415,-1,399,415,416,-1,416,415,417,-1,416,417,418,-1,418,417,419,-1,420,421,422,-1,422,421,417,-1,422,417,423,-1,423,417,415,-1,406,411,424,-1,424,411,425,-1,421,420,426,-1,426,420,427,-1,417,421,428,-1,428,421,426,-1,429,430,431,-1,431,430,432,-1,433,434,429,-1,429,434,430,-1,435,436,433,-1,433,436,434,-1,436,437,438,-1,434,439,440,-1,436,438,434,-1,434,438,441,-1,434,441,439,-1,440,442,434,-1,434,442,443,-1,434,443,430,-1,430,443,444,-1,430,444,445,-1,445,446,430,-1,430,446,447,-1,430,447,432,-1,432,447,448,-1,432,448,449,-1,450,451,452,-1,453,454,455,-1,455,454,456,-1,455,456,457,-1,457,458,455,-1,455,458,459,-1,455,459,460,-1,460,459,461,-1,460,461,462,-1,463,464,453,-1,453,464,465,-1,453,465,454,-1,450,452,453,-1,453,452,466,-1,453,466,463,-1,450,453,467,-1,467,453,468,-1,455,460,469,-1,469,460,470,-1,471,472,473,-1,473,472,474,-1,475,476,471,-1,471,476,472,-1,473,474,477,-1,477,474,478,-1,472,479,480,-1,479,472,481,-1,481,472,476,-1,481,476,482,-1,480,483,472,-1,472,483,484,-1,472,484,474,-1,484,485,474,-1,474,485,486,-1,474,486,487,-1,487,488,474,-1,474,488,489,-1,474,489,478,-1,478,489,490,-1,478,490,491,-1,492,493,494,-1,495,496,497,-1,492,494,495,-1,495,494,498,-1,495,498,496,-1,497,499,495,-1,495,499,500,-1,495,500,501,-1,501,500,502,-1,501,502,503,-1,503,504,501,-1,501,504,505,-1,501,505,506,-1,506,505,507,-1,506,507,508,-1,492,495,509,-1,509,495,510,-1,501,506,511,-1,511,506,512,-1,513,514,515,-1,515,514,516,-1,517,518,513,-1,513,518,514,-1,515,516,519,-1,519,516,520,-1,518,521,522,-1,523,524,514,-1,518,522,514,-1,514,522,525,-1,514,525,523,-1,524,526,514,-1,514,526,527,-1,514,527,516,-1,516,527,528,-1,516,528,529,-1,529,530,516,-1,516,530,531,-1,516,531,520,-1,520,531,532,-1,520,532,533,-1,534,535,536,-1,537,538,539,-1,534,536,537,-1,537,536,540,-1,537,540,538,-1,539,541,537,-1,537,541,542,-1,537,542,543,-1,543,542,544,-1,543,544,545,-1,545,546,543,-1,543,546,547,-1,543,547,548,-1,548,547,549,-1,548,549,550,-1,534,537,551,-1,551,537,552,-1,543,548,553,-1,553,548,554,-1,555,556,557,-1,557,556,558,-1,559,560,555,-1,555,560,556,-1,557,558,561,-1,561,558,562,-1,560,563,564,-1,556,565,566,-1,560,564,556,-1,556,564,567,-1,556,567,565,-1,566,568,556,-1,556,568,569,-1,556,569,558,-1,558,569,570,-1,558,570,571,-1,571,572,558,-1,558,572,573,-1,558,573,562,-1,562,573,574,-1,562,574,575,-1,576,577,578,-1,579,580,581,-1,576,578,579,-1,579,578,582,-1,579,582,580,-1,581,583,579,-1,579,583,584,-1,579,584,585,-1,585,584,586,-1,585,586,587,-1,587,588,585,-1,585,588,589,-1,585,589,590,-1,590,589,591,-1,590,591,592,-1,576,579,593,-1,593,579,594,-1,585,590,595,-1,595,590,596,-1,597,598,599,-1,599,598,600,-1,601,602,597,-1,597,602,598,-1,599,600,603,-1,603,600,604,-1,602,605,606,-1,598,607,608,-1,602,606,598,-1,598,606,609,-1,598,609,607,-1,608,610,598,-1,598,610,611,-1,598,611,600,-1,600,611,612,-1,600,612,613,-1,613,614,600,-1,600,614,615,-1,600,615,604,-1,604,615,616,-1,604,616,617,-1,618,619,620,-1,621,622,623,-1,618,620,623,-1,623,620,624,-1,623,624,621,-1,625,626,627,-1,627,626,628,-1,627,628,629,-1,629,628,630,-1,629,630,631,-1,622,632,623,-1,623,632,633,-1,623,633,627,-1,627,633,634,-1,627,634,625,-1,618,623,635,-1,635,623,636,-1,627,629,637,-1,637,629,638,-1,639,640,641,-1,641,640,642,-1,643,644,639,-1,639,644,640,-1,641,642,645,-1,645,642,646,-1,644,647,648,-1,649,650,642,-1,642,650,651,-1,642,651,646,-1,646,651,652,-1,646,652,653,-1,644,648,640,-1,648,654,640,-1,640,654,655,-1,640,655,656,-1,656,657,640,-1,640,657,658,-1,640,658,642,-1,642,658,659,-1,642,659,649,-1,660,661,662,-1,663,664,665,-1,663,665,662,-1,662,665,666,-1,662,666,660,-1,667,668,669,-1,669,668,670,-1,669,670,671,-1,671,670,672,-1,671,672,673,-1,661,674,662,-1,662,674,675,-1,662,675,669,-1,669,675,676,-1,669,676,667,-1,663,662,677,-1,677,662,678,-1,669,671,679,-1,679,671,680,-1,681,682,683,-1,683,682,684,-1,685,686,681,-1,681,686,682,-1,683,684,687,-1,687,684,688,-1,686,689,690,-1,691,692,682,-1,686,690,682,-1,682,690,693,-1,682,693,691,-1,694,695,684,-1,684,695,696,-1,684,696,688,-1,688,696,697,-1,688,697,698,-1,692,699,682,-1,682,699,700,-1,682,700,684,-1,684,700,701,-1,684,701,694,-1,702,703,704,-1,705,706,707,-1,705,707,704,-1,704,707,708,-1,704,708,702,-1,709,710,711,-1,711,710,712,-1,711,712,713,-1,713,712,714,-1,713,714,715,-1,703,716,704,-1,704,716,717,-1,704,717,711,-1,711,717,718,-1,711,718,709,-1,705,704,719,-1,719,704,720,-1,711,713,721,-1,721,713,722,-1,723,724,725,-1,725,724,726,-1,727,728,723,-1,723,728,724,-1,725,726,729,-1,729,726,730,-1,728,731,732,-1,733,734,724,-1,728,732,724,-1,724,732,735,-1,724,735,733,-1,736,737,726,-1,726,737,738,-1,726,738,730,-1,730,738,739,-1,730,739,740,-1,734,741,724,-1,724,741,742,-1,724,742,726,-1,726,742,743,-1,726,743,736,-1,744,745,746,-1,747,748,749,-1,749,748,750,-1,749,750,751,-1,752,753,754,-1,747,755,748,-1,748,755,756,-1,748,756,757,-1,757,756,758,-1,759,760,758,-1,758,760,761,-1,758,761,757,-1,746,762,763,-1,763,762,764,-1,754,744,752,-1,752,744,746,-1,752,746,765,-1,765,746,763,-1,759,766,760,-1,760,766,767,-1,760,767,768,-1,768,767,753,-1,768,753,769,-1,769,753,752,-1,764,762,770,-1,770,762,771,-1,750,748,772,-1,772,748,773,-1,762,746,771,-1,771,746,774,-1,775,776,777,-1,777,776,778,-1,779,780,781,-1,781,780,782,-1,777,778,779,-1,779,778,780,-1,776,783,784,-1,785,786,780,-1,780,786,787,-1,780,787,782,-1,782,787,788,-1,782,788,789,-1,776,784,778,-1,784,790,778,-1,778,790,791,-1,778,791,792,-1,792,793,778,-1,778,793,794,-1,778,794,780,-1,780,794,795,-1,780,795,785,-1,751,789,749,-1,749,789,788,-1,749,788,747,-1,747,788,787,-1,747,787,755,-1,755,787,786,-1,755,786,756,-1,756,786,785,-1,756,785,758,-1,758,785,795,-1,758,795,759,-1,759,795,794,-1,759,794,766,-1,766,794,793,-1,766,793,767,-1,767,793,792,-1,767,792,753,-1,753,792,791,-1,753,791,754,-1,754,791,790,-1,754,790,744,-1,744,790,784,-1,744,784,745,-1,745,784,783,-1,706,740,707,-1,707,740,739,-1,707,739,708,-1,708,739,738,-1,708,738,702,-1,702,738,737,-1,702,737,703,-1,703,737,736,-1,703,736,716,-1,716,736,743,-1,716,743,717,-1,717,743,742,-1,717,742,718,-1,718,742,741,-1,718,741,709,-1,709,741,734,-1,709,734,710,-1,710,734,733,-1,710,733,712,-1,712,733,735,-1,712,735,714,-1,714,735,732,-1,714,732,715,-1,715,732,731,-1,664,698,665,-1,665,698,697,-1,665,697,666,-1,666,697,696,-1,666,696,660,-1,660,696,695,-1,660,695,661,-1,661,695,694,-1,661,694,674,-1,674,694,701,-1,674,701,675,-1,675,701,700,-1,675,700,676,-1,676,700,699,-1,676,699,667,-1,667,699,692,-1,667,692,668,-1,668,692,691,-1,668,691,670,-1,670,691,693,-1,670,693,672,-1,672,693,690,-1,672,690,673,-1,673,690,689,-1,619,653,620,-1,620,653,652,-1,620,652,624,-1,624,652,651,-1,624,651,621,-1,621,651,650,-1,621,650,622,-1,622,650,649,-1,622,649,632,-1,632,649,659,-1,632,659,633,-1,633,659,658,-1,633,658,634,-1,634,658,657,-1,634,657,625,-1,625,657,656,-1,625,656,626,-1,626,656,655,-1,626,655,628,-1,628,655,654,-1,628,654,630,-1,630,654,648,-1,630,648,631,-1,631,648,647,-1,577,617,578,-1,578,617,616,-1,578,616,582,-1,582,616,615,-1,582,615,580,-1,580,615,614,-1,580,614,581,-1,581,614,613,-1,581,613,583,-1,583,613,612,-1,583,612,584,-1,584,612,611,-1,584,611,586,-1,586,611,610,-1,586,610,587,-1,587,610,608,-1,587,608,588,-1,588,608,607,-1,588,607,589,-1,589,607,609,-1,589,609,591,-1,591,609,606,-1,591,606,592,-1,592,606,605,-1,535,575,536,-1,536,575,574,-1,536,574,540,-1,540,574,573,-1,540,573,538,-1,538,573,572,-1,538,572,539,-1,539,572,571,-1,539,571,541,-1,541,571,570,-1,541,570,542,-1,542,570,569,-1,542,569,544,-1,544,569,568,-1,544,568,545,-1,545,568,566,-1,545,566,546,-1,546,566,565,-1,546,565,547,-1,547,565,567,-1,547,567,549,-1,549,567,564,-1,549,564,550,-1,550,564,563,-1,493,533,494,-1,494,533,532,-1,494,532,498,-1,498,532,531,-1,498,531,496,-1,496,531,530,-1,496,530,497,-1,497,530,529,-1,497,529,499,-1,499,529,528,-1,499,528,500,-1,500,528,527,-1,500,527,502,-1,502,527,526,-1,502,526,503,-1,503,526,524,-1,503,524,504,-1,504,524,523,-1,504,523,505,-1,505,523,525,-1,505,525,507,-1,507,525,522,-1,507,522,508,-1,508,522,521,-1,451,491,452,-1,452,491,490,-1,452,490,466,-1,466,490,489,-1,466,489,463,-1,463,489,488,-1,463,488,464,-1,464,488,487,-1,464,487,465,-1,465,487,486,-1,465,486,454,-1,454,486,485,-1,454,485,456,-1,456,485,484,-1,456,484,457,-1,457,484,483,-1,457,483,458,-1,458,483,480,-1,458,480,459,-1,459,480,479,-1,459,479,461,-1,461,479,481,-1,461,481,462,-1,462,481,482,-1,419,449,418,-1,418,449,448,-1,418,448,416,-1,416,448,447,-1,416,447,399,-1,399,447,446,-1,399,446,401,-1,401,446,445,-1,401,445,403,-1,403,445,444,-1,403,444,405,-1,405,444,443,-1,405,443,407,-1,407,443,442,-1,407,442,408,-1,408,442,440,-1,408,440,409,-1,409,440,439,-1,409,439,410,-1,410,439,441,-1,410,441,412,-1,412,441,438,-1,412,438,413,-1,413,438,437,-1,
        ]
    }
}
Shape{
    appearance Appearance {
        material  Material 	{
            diffuseColor 0.0 0.0 0.0
            specularColor 0.0 0.0 0.0
            ambientIntensity 0.0
            transparency 0.0
            shininess 0.5
        }
    }
    geometry IndexedFaceSet {
        ccw TRUE
        solid FALSE
        coord DEF co Coordinate {
            point [
                1.4791 -1.4092 1.0079, 1.4791 -1.4092 1.0118, 1.4751 -1.3786 1.0079, 1.4751 -1.3786 1.0118, 1.4633 -1.3501 1.0079, 1.4633 -1.3501 1.0118, 1.4445 -1.3257 1.0079, 1.4445 -1.3257 1.0118, 1.42 -1.3069 1.0079, 1.42 -1.3069 1.0118, 1.3915 -1.2951 1.0079, 1.3915 -1.2951 1.0118, 1.361 -1.2911 1.0079, 1.361 -1.2911 1.0118, 1.3304 -1.2951 1.0079, 1.3304 -1.2951 1.0118, 1.3019 -1.3069 1.0079, 1.3019 -1.3069 1.0118, 1.2775 -1.3257 1.0079, 1.2775 -1.3257 1.0118, 1.2587 -1.3501 1.0079, 1.2587 -1.3501 1.0118, 1.2469 -1.3786 1.0079, 1.2469 -1.3786 1.0118, 1.2429 -1.4092 1.0079, 1.2429 -1.4092 1.0118, 1.2469 -1.4398 1.0079, 1.2469 -1.4398 1.0118, 1.2587 -1.4683 1.0079, 1.2587 -1.4683 1.0118, 1.2775 -1.4927 1.0079, 1.2775 -1.4927 1.0118, 1.3019 -1.5115 1.0079, 1.3019 -1.5115 1.0118, 1.3304 -1.5233 1.0079, 1.3304 -1.5233 1.0118, 1.361 -1.5273 1.0079, 1.361 -1.5273 1.0118, 1.3915 -1.5233 1.0079, 1.3915 -1.5233 1.0118, 1.42 -1.5115 1.0079, 1.42 -1.5115 1.0118, 1.4445 -1.4927 1.0079, 1.4445 -1.4927 1.0118, 1.4633 -1.4683 1.0079, 1.4633 -1.4683 1.0118, 1.4751 -1.4398 1.0079, 1.4751 -1.4398 1.0118, 1.361 -1.4092 1.0079, -1.1105 -1.4695 1.0157, -1.1105 -1.4786 1.0157, -1.1105 -1.4695 1.0118, -1.1105 -1.4786 1.0118, -1.1424 -1.4695 1.0157, -1.1424 -1.4695 1.0118, -1.1424 -1.3986 1.0157, -1.1424 -1.3986 1.0118, -1.1527 -1.3986 1.0157, -1.1527 -1.3986 1.0118, -1.1527 -1.4786 1.0157, -1.1527 -1.4786 1.0118, -1.0694 -1.48 1.0157, -1.0694 -1.48 1.0118, -1.0572 -1.4788 1.0157, -1.0624 -1.4793 1.0118, -1.0572 -1.4788 1.0118, -1.0486 -1.476 1.0118, -1.0486 -1.476 1.0157, -1.0473 -1.4753 1.0118, -1.0473 -1.4753 1.0157, -1.0473 -1.4654 1.0157, -1.0473 -1.4654 1.0118, -1.0541 -1.4686 1.0118, -1.0541 -1.4686 1.0157, -1.063 -1.4705 1.0118, -1.063 -1.4705 1.0157, -1.0679 -1.4708 1.0118, -1.0679 -1.4708 1.0157, -1.0754 -1.47 1.0118, -1.0754 -1.47 1.0157, -1.0812 -1.4679 1.0118, -1.0812 -1.4679 1.0157, -1.0866 -1.4642 1.0118, -1.0866 -1.4642 1.0157, -1.0885 -1.4623 1.0118, -1.0885 -1.4623 1.0157, -1.0924 -1.457 1.0118, -1.0924 -1.457 1.0157, -1.095 -1.4505 1.0118, -1.095 -1.4505 1.0157, -1.0963 -1.4425 1.0118, -1.0963 -1.4425 1.0157, -1.0964 -1.4395 1.0118, -1.0964 -1.4395 1.0157, -1.0951 -1.4286 1.0118, -1.0951 -1.4286 1.0157, -1.0924 -1.4217 1.0118, -1.0924 -1.4217 1.0157, -1.0886 -1.4161 1.0118, -1.0886 -1.4161 1.0157, -1.088 -1.4154 1.0118, -1.088 -1.4154 1.0157, -1.0827 -1.411 1.0118, -1.0827 -1.411 1.0157, -1.0764 -1.4081 1.0118, -1.0764 -1.4081 1.0157, -1.0694 -1.4067 1.0118, -1.0694 -1.4067 1.0157, -1.0661 -1.4065 1.0118, -1.0661 -1.4065 1.0157, -1.0563 -1.4077 1.0118, -1.0563 -1.4077 1.0157, -1.0482 -1.4108 1.0118, -1.0482 -1.4108 1.0157, -1.0473 -1.4113 1.0118, -1.0473 -1.4113 1.0157, -1.0473 -1.4005 1.0157, -1.0473 -1.4005 1.0118, -1.0662 -1.3972 1.0118, -1.0662 -1.3972 1.0157, -1.0577 -1.3979 1.0118, -1.0558 -1.398 1.0157, -1.0558 -1.398 1.0118, -1.0718 -1.3979 1.0118, -1.0778 -1.3986 1.0157, -1.0778 -1.3986 1.0118, -1.0861 -1.4018 1.0118, -1.0861 -1.4018 1.0157, -1.0939 -1.4073 1.0118, -1.0939 -1.4073 1.0157, -1.0957 -1.409 1.0118, -1.0957 -1.409 1.0157, -1.1015 -1.4166 1.0118, -1.1036 -1.4217 1.0118, -1.1053 -1.4255 1.0157, -1.1015 -1.4166 1.0157, -1.1053 -1.4255 1.0118, -1.1071 -1.4359 1.0118, -1.1071 -1.4359 1.0157, -1.1072 -1.4401 1.0118, -1.1072 -1.4401 1.0157, -1.1057 -1.4531 1.0118, -1.1036 -1.4583 1.0118, -1.1024 -1.4614 1.0157, -1.1057 -1.4531 1.0157, -1.1024 -1.4614 1.0118, -1.0977 -1.4683 1.0118, -1.0977 -1.4683 1.0157, -1.0969 -1.4691 1.0118, -1.0969 -1.4691 1.0157, -1.0753 -1.4797 1.0157, -1.0912 -1.4739 1.0118, -1.0912 -1.4739 1.0157, -1.0838 -1.4777 1.0118, -1.0838 -1.4777 1.0157, -1.0767 -1.4793 1.0118, -1.0753 -1.4797 1.0118, -0.9882 -1.4695 1.0157, -0.9882 -1.4786 1.0157, -0.9882 -1.4695 1.0118, -0.9882 -1.4786 1.0118, -1.0209 -1.4695 1.0118, -1.0209 -1.4695 1.0157, -0.9993 -1.4695 1.0118, -1.0209 -1.4426 1.0157, -1.0209 -1.4426 1.0118, -0.9923 -1.4426 1.0157, -0.9993 -1.4426 1.0118, -0.9923 -1.4426 1.0118, -0.9923 -1.4334 1.0157, -0.9923 -1.4334 1.0118, -1.0209 -1.4334 1.0118, -1.0209 -1.4334 1.0157, -0.9993 -1.4334 1.0118, -1.0209 -1.4078 1.0157, -1.0209 -1.4078 1.0118, -0.99 -1.4078 1.0157, -0.9993 -1.4078 1.0118, -0.99 -1.4078 1.0118, -0.99 -1.3986 1.0157, -0.99 -1.3986 1.0118, -1.0312 -1.3986 1.0118, -1.0312 -1.3986 1.0157, -0.9993 -1.3986 1.0118, -1.0312 -1.4786 1.0157, -1.0312 -1.4786 1.0118, -0.9993 -1.4786 1.0118, -0.9233 -1.4561 1.0157, -0.9273 -1.4612 1.0157, -0.9199 -1.4674 1.0157, -0.9283 -1.4621 1.0157, -0.9284 -1.4735 1.0157, -0.9335 -1.4657 1.0157, -0.9375 -1.477 1.0157, -0.9401 -1.4682 1.0157, -0.951 -1.4786 1.0157, -0.9511 -1.4695 1.0157, -0.9731 -1.4786 1.0157, -0.9627 -1.4695 1.0157, -0.9731 -1.3986 1.0157, -0.9627 -1.4078 1.0157, -0.9502 -1.3986 1.0157, -0.9506 -1.4078 1.0157, -0.938 -1.3999 1.0157, -0.9401 -1.409 1.0157, -0.9283 -1.4034 1.0157, -0.9332 -1.4115 1.0157, -0.9199 -1.4092 1.0157, -0.9275 -1.4153 1.0157, -0.9171 -1.412 1.0157, -0.9246 -1.4184 1.0157, -0.9121 -1.419 1.0157, -0.9216 -1.4231 1.0157, -0.9092 -1.4266 1.0157, -0.9196 -1.4293 1.0157, -0.9079 -1.4376 1.0157, -0.9187 -1.4379 1.0157, -0.9083 -1.4442 1.0157, -0.919 -1.4428 1.0157, -0.9105 -1.4533 1.0157, -0.9205 -1.4502 1.0157, -0.9147 -1.4614 1.0157, -0.951 -1.4786 1.0118, -0.9731 -1.4786 1.0118, -0.9199 -1.4674 1.0118, -0.9375 -1.477 1.0118, -0.9364 -1.4766 1.0118, -0.9284 -1.4735 1.0118, -0.9147 -1.4614 1.0118, -0.9105 -1.4533 1.0118, -0.9083 -1.4442 1.0118, -0.9079 -1.4376 1.0118, -0.9092 -1.4266 1.0118, -0.9121 -1.419 1.0118, -0.9171 -1.412 1.0118, -0.9199 -1.4092 1.0118, -0.9502 -1.3986 1.0118, -0.9283 -1.4034 1.0118, -0.9364 -1.4005 1.0118, -0.938 -1.3999 1.0118, -0.9731 -1.3986 1.0118, -0.9506 -1.4078 1.0118, -0.9627 -1.4078 1.0118, -0.9627 -1.4695 1.0118, -0.9511 -1.4695 1.0118, -0.9273 -1.4612 1.0118, -0.9283 -1.4621 1.0118, -0.9335 -1.4657 1.0118, -0.9401 -1.4682 1.0118, -0.9187 -1.4379 1.0118, -0.919 -1.4428 1.0118, -0.9205 -1.4502 1.0118, -0.9233 -1.4561 1.0118, -0.9275 -1.4153 1.0118, -0.9246 -1.4184 1.0118, -0.9216 -1.4231 1.0118, -0.9196 -1.4293 1.0118, -0.9401 -1.409 1.0118, -0.9332 -1.4115 1.0118
            ]
        }
        coordIndex [
            0,1,2,-1,2,1,3,-1,2,3,4,-1,4,3,5,-1,4,5,6,-1,6,5,7,-1,6,7,8,-1,8,7,9,-1,8,9,10,-1,10,9,11,-1,10,11,12,-1,12,11,13,-1,12,13,14,-1,14,13,15,-1,14,15,16,-1,16,15,17,-1,16,17,18,-1,18,17,19,-1,18,19,20,-1,20,19,21,-1,20,21,22,-1,22,21,23,-1,22,23,24,-1,24,23,25,-1,24,25,26,-1,26,25,27,-1,26,27,28,-1,28,27,29,-1,28,29,30,-1,30,29,31,-1,30,31,32,-1,32,31,33,-1,32,33,34,-1,34,33,35,-1,34,35,36,-1,36,35,37,-1,36,37,38,-1,38,37,39,-1,38,39,40,-1,40,39,41,-1,40,41,42,-1,42,41,43,-1,42,43,44,-1,44,43,45,-1,44,45,46,-1,46,45,47,-1,46,47,0,-1,0,47,1,-1,44,46,48,-1,48,46,0,-1,48,0,2,-1,38,40,48,-1,48,40,42,-1,48,42,44,-1,32,34,48,-1,48,34,36,-1,48,36,38,-1,26,28,48,-1,48,28,30,-1,48,30,32,-1,20,22,48,-1,48,22,24,-1,48,24,26,-1,14,16,48,-1,48,16,18,-1,48,18,20,-1,8,10,48,-1,48,10,12,-1,48,12,14,-1,2,4,48,-1,48,4,6,-1,48,6,8,-1,49,50,51,-1,51,50,52,-1,53,49,54,-1,54,49,51,-1,55,53,56,-1,56,53,54,-1,57,55,58,-1,58,55,56,-1,59,57,60,-1,60,57,58,-1,50,59,52,-1,52,59,60,-1,55,57,53,-1,53,57,59,-1,53,59,49,-1,49,59,50,-1,61,62,63,-1,63,62,64,-1,64,65,63,-1,63,65,66,-1,63,66,67,-1,67,66,68,-1,67,68,69,-1,70,69,71,-1,71,69,68,-1,70,71,72,-1,70,72,73,-1,73,72,74,-1,73,74,75,-1,75,74,76,-1,75,76,77,-1,77,76,78,-1,77,78,79,-1,79,78,80,-1,79,80,81,-1,81,80,82,-1,81,82,83,-1,83,82,84,-1,83,84,85,-1,85,84,86,-1,85,86,87,-1,87,86,88,-1,87,88,89,-1,89,88,90,-1,89,90,91,-1,91,90,92,-1,91,92,93,-1,93,92,94,-1,93,94,95,-1,95,94,96,-1,95,96,97,-1,97,96,98,-1,97,98,99,-1,99,98,100,-1,99,100,101,-1,101,100,102,-1,101,102,103,-1,103,102,104,-1,103,104,105,-1,105,104,106,-1,105,106,107,-1,107,106,108,-1,107,108,109,-1,109,108,110,-1,109,110,111,-1,111,110,112,-1,111,112,113,-1,113,112,114,-1,113,114,115,-1,116,115,117,-1,117,115,114,-1,118,119,120,-1,120,119,121,-1,120,121,122,-1,122,121,116,-1,122,116,117,-1,119,118,123,-1,119,123,124,-1,123,125,124,-1,124,125,126,-1,124,126,127,-1,127,126,128,-1,127,128,129,-1,129,128,130,-1,129,130,131,-1,131,130,132,-1,133,134,132,-1,132,134,135,-1,132,135,131,-1,133,136,134,-1,134,136,137,-1,134,137,138,-1,138,137,139,-1,138,139,140,-1,140,139,141,-1,142,143,141,-1,141,143,144,-1,141,144,140,-1,142,145,143,-1,143,145,146,-1,143,146,147,-1,147,146,148,-1,147,148,149,-1,62,61,150,-1,149,148,151,-1,149,151,152,-1,152,151,153,-1,152,153,154,-1,154,153,155,-1,154,155,150,-1,150,155,156,-1,150,156,62,-1,95,97,135,-1,103,105,124,-1,135,97,131,-1,124,105,119,-1,124,127,103,-1,103,127,129,-1,103,129,101,-1,101,129,131,-1,101,131,99,-1,99,131,97,-1,105,107,119,-1,119,107,109,-1,119,109,121,-1,121,109,111,-1,121,111,116,-1,116,111,113,-1,116,113,115,-1,140,93,138,-1,138,93,95,-1,138,95,134,-1,134,95,135,-1,69,70,67,-1,67,70,73,-1,67,73,63,-1,63,73,75,-1,63,75,61,-1,61,75,77,-1,61,77,150,-1,150,77,79,-1,150,79,154,-1,154,79,81,-1,154,81,152,-1,152,81,83,-1,152,83,149,-1,149,83,85,-1,149,85,147,-1,147,85,87,-1,147,87,143,-1,143,87,144,-1,144,87,89,-1,144,89,140,-1,140,89,91,-1,140,91,93,-1,157,158,159,-1,159,158,160,-1,161,162,163,-1,163,162,157,-1,163,157,159,-1,164,162,165,-1,165,162,161,-1,164,165,166,-1,166,165,167,-1,166,167,168,-1,169,166,170,-1,170,166,168,-1,171,172,173,-1,173,172,169,-1,173,169,170,-1,174,172,175,-1,175,172,171,-1,174,175,176,-1,176,175,177,-1,176,177,178,-1,179,176,180,-1,180,176,178,-1,181,182,183,-1,183,182,179,-1,183,179,180,-1,184,182,185,-1,185,182,181,-1,184,185,158,-1,158,185,186,-1,158,186,160,-1,184,158,157,-1,157,162,184,-1,184,162,164,-1,184,164,182,-1,176,179,174,-1,174,179,182,-1,174,182,172,-1,172,182,164,-1,172,164,169,-1,169,164,166,-1,187,188,189,-1,189,188,190,-1,189,190,191,-1,191,190,192,-1,191,192,193,-1,193,192,194,-1,193,194,195,-1,195,194,196,-1,195,196,197,-1,197,196,198,-1,197,198,199,-1,199,198,200,-1,199,200,201,-1,201,200,202,-1,201,202,203,-1,203,202,204,-1,203,204,205,-1,205,204,206,-1,205,206,207,-1,207,206,208,-1,207,208,209,-1,209,208,210,-1,209,210,211,-1,211,210,212,-1,211,212,213,-1,213,212,214,-1,213,214,215,-1,215,214,216,-1,215,216,217,-1,217,216,218,-1,217,218,219,-1,219,218,220,-1,219,220,221,-1,221,220,187,-1,221,187,189,-1,195,197,222,-1,222,197,223,-1,224,189,191,-1,195,222,225,-1,195,225,193,-1,193,225,226,-1,193,226,191,-1,191,226,227,-1,191,227,224,-1,189,224,228,-1,189,228,221,-1,221,228,229,-1,221,229,219,-1,219,229,230,-1,219,230,217,-1,217,230,231,-1,217,231,215,-1,215,231,232,-1,215,232,213,-1,213,232,233,-1,213,233,211,-1,211,233,234,-1,211,234,209,-1,209,234,235,-1,209,235,207,-1,236,201,203,-1,207,235,237,-1,207,237,205,-1,205,237,238,-1,205,238,203,-1,203,238,239,-1,203,239,236,-1,199,201,240,-1,240,201,236,-1,197,199,223,-1,223,199,240,-1,202,200,241,-1,241,200,242,-1,200,198,242,-1,242,198,243,-1,198,196,243,-1,243,196,244,-1,188,245,246,-1,188,246,190,-1,190,246,247,-1,190,247,192,-1,192,247,248,-1,192,248,194,-1,194,248,244,-1,194,244,196,-1,216,249,250,-1,216,250,218,-1,218,250,251,-1,218,251,220,-1,220,251,252,-1,220,252,187,-1,187,252,245,-1,187,245,188,-1,208,253,254,-1,208,254,210,-1,210,254,255,-1,210,255,212,-1,212,255,256,-1,212,256,214,-1,214,256,249,-1,214,249,216,-1,202,241,257,-1,202,257,204,-1,204,257,258,-1,204,258,206,-1,206,258,253,-1,206,253,208,-1,
        ]
    }
}
Shape{
    appearance Appearance {
        material  Material 	{
            diffuseColor 0.7529411764705882 0.7529411764705882 0.7529411764705882
            specularColor 0.3764705882352941 0.3764705882352941 0.3764705882352941
            ambientIntensity 0.7529
            transparency 0.0
            shininess 0.5
        }
    }
    geometry IndexedFaceSet {
        ccw TRUE
        solid FALSE
        coord DEF co Coordinate {
            point [
                -0.9627 -1.4078 1.0118, -0.9627 -1.4695 1.0118, -0.9506 -1.4078 1.0118, -0.9511 -1.4695 1.0118, -0.9401 -1.4682 1.0118, -0.9335 -1.4657 1.0118, -0.9283 -1.4621 1.0118, -0.9187 -1.4379 1.0118, -0.9275 -1.4153 1.0118, -0.9332 -1.4115 1.0118, -0.9273 -1.4612 1.0118, -0.9233 -1.4561 1.0118, -0.9205 -1.4502 1.0118, -0.9246 -1.4184 1.0118, -0.9196 -1.4293 1.0118, -0.9216 -1.4231 1.0118, -0.919 -1.4428 1.0118, -0.9401 -1.409 1.0118
            ]
        }
        coordIndex [
            0,1,2,-1,2,1,3,-1,3,4,2,-1,2,4,5,-1,2,5,6,-1,7,8,9,-1,6,10,2,-1,2,10,11,-1,2,11,12,-1,8,7,13,-1,13,7,14,-1,13,14,15,-1,12,16,2,-1,2,16,7,-1,2,7,17,-1,17,7,9,-1,
        ]
    }
}
Shape{
    appearance Appearance {
        material  Material 	{
            diffuseColor 0.0 0.0 0.0
            specularColor 0.0 0.0 0.0
            ambientIntensity 0.0
            transparency 0.0
            shininess 0.5
        }
    }
    geometry IndexedFaceSet {
        ccw TRUE
        solid FALSE
        coord DEF co Coordinate {
            point [
                -0.881 -1.4477 1.0157, -0.8843 -1.4567 1.0157, -0.8542 -1.4477 1.0157, -0.851 -1.4567 1.0157, -0.8691 -1.4144 1.0157, -0.8729 -1.3986 1.0157, -0.9034 -1.4786 1.0157, -0.892 -1.4786 1.0157, -0.8684 -1.412 1.0157, -0.8678 -1.4088 1.0157, -0.8619 -1.3986 1.0157, -0.8675 -1.4088 1.0157, -0.8669 -1.4122 1.0157, -0.8663 -1.4144 1.0157, -0.8314 -1.4786 1.0157, -0.8428 -1.4786 1.0157, -0.8619 -1.3986 1.0118, -0.8314 -1.4786 1.0118, -0.8729 -1.3986 1.0118, -0.9034 -1.4786 1.0118, -0.8804 -1.418 1.0118, -0.892 -1.4786 1.0118, -0.8843 -1.4567 1.0118, -0.851 -1.4567 1.0118, -0.8804 -1.4567 1.0118, -0.8428 -1.4786 1.0118, -0.881 -1.4477 1.0118, -0.8542 -1.4477 1.0118, -0.8663 -1.4144 1.0118, -0.8675 -1.4088 1.0118, -0.8669 -1.4122 1.0118, -0.8678 -1.4088 1.0118, -0.8691 -1.4144 1.0118, -0.8684 -1.412 1.0118
            ]
        }
        coordIndex [
            0,1,2,-1,2,1,3,-1,4,5,0,-1,0,5,6,-1,0,6,1,-1,1,6,7,-1,4,8,5,-1,5,8,9,-1,5,9,10,-1,10,9,11,-1,10,11,12,-1,12,13,10,-1,10,13,2,-1,10,2,14,-1,14,2,3,-1,14,3,15,-1,10,14,16,-1,16,14,17,-1,5,10,18,-1,18,10,16,-1,19,6,20,-1,20,6,5,-1,20,5,18,-1,7,6,21,-1,21,6,19,-1,1,7,22,-1,22,7,21,-1,23,3,24,-1,24,3,1,-1,24,1,22,-1,15,3,25,-1,25,3,23,-1,14,15,17,-1,17,15,25,-1,0,2,26,-1,26,2,27,-1,2,13,27,-1,27,13,28,-1,11,29,30,-1,11,30,12,-1,12,30,28,-1,12,28,13,-1,11,9,29,-1,29,9,31,-1,4,32,33,-1,4,33,8,-1,8,33,31,-1,8,31,9,-1,4,0,32,-1,32,0,26,-1,
        ]
    }
}
Shape{
    appearance Appearance {
        material  Material 	{
            diffuseColor 0.7529411764705882 0.7529411764705882 0.7529411764705882
            specularColor 0.3764705882352941 0.3764705882352941 0.3764705882352941
            ambientIntensity 0.7529
            transparency 0.0
            shininess 0.5
        }
    }
    geometry IndexedFaceSet {
        ccw TRUE
        solid FALSE
        coord DEF co Coordinate {
            point [
                -0.8675 -1.4088 1.0118, -0.8678 -1.4088 1.0118, -0.8669 -1.4122 1.0118, -0.8684 -1.412 1.0118, -0.8663 -1.4144 1.0118, -0.8691 -1.4144 1.0118, -0.8542 -1.4477 1.0118, -0.881 -1.4477 1.0118
            ]
        }
        coordIndex [
            0,1,2,-1,2,1,3,-1,2,3,4,-1,4,3,5,-1,4,5,6,-1,6,5,7,-1,
        ]
    }
}
Shape{
    appearance Appearance {
        material  Material 	{
            diffuseColor 0.0 0.0 0.0
            specularColor 0.0 0.0 0.0
            ambientIntensity 0.0
            transparency 0.0
            shininess 0.5
        }
    }
    geometry IndexedFaceSet {
        ccw TRUE
        solid FALSE
        coord DEF co Coordinate {
            point [
                -1.1097 -1.5965 1.0157, -1.1097 -1.6057 1.0157, -1.1097 -1.5965 1.0118, -1.1097 -1.6057 1.0118, -1.1424 -1.5965 1.0157, -1.1424 -1.5965 1.0118, -1.1424 -1.5696 1.0157, -1.1424 -1.5696 1.0118, -1.1138 -1.5696 1.0157, -1.1138 -1.5696 1.0118, -1.1138 -1.5604 1.0157, -1.1138 -1.5604 1.0118, -1.1424 -1.5604 1.0157, -1.1424 -1.5604 1.0118, -1.1424 -1.5348 1.0157, -1.1424 -1.5348 1.0118, -1.1115 -1.5348 1.0157, -1.1115 -1.5348 1.0118, -1.1115 -1.5256 1.0157, -1.1115 -1.5256 1.0118, -1.1527 -1.5256 1.0157, -1.1527 -1.5256 1.0118, -1.1527 -1.6057 1.0157, -1.1527 -1.6057 1.0118, -1.0641 -1.6057 1.0157, -1.0541 -1.6057 1.0157, -1.0641 -1.5968 1.0157, -1.0541 -1.5689 1.0157, -1.0641 -1.5693 1.0157, -1.0859 -1.5813 1.0157, -1.0836 -1.5802 1.0157, -1.0644 -1.5968 1.0157, -1.0697 -1.5953 1.0157, -1.066 -1.5992 1.0157, -1.0725 -1.5973 1.0157, -1.0775 -1.5788 1.0157, -1.0641 -1.577 1.0157, -1.0641 -1.5824 1.0157, -1.0641 -1.5831 1.0157, -1.0648 -1.5876 1.0157, -1.0663 -1.5912 1.0157, -1.0684 -1.5941 1.0157, -1.0645 -1.5649 1.0157, -1.0549 -1.561 1.0157, -1.0655 -1.5613 1.0157, -1.0565 -1.5565 1.0157, -1.0667 -1.5592 1.0157, -1.0586 -1.5533 1.0157, -1.0682 -1.5576 1.0157, -1.0613 -1.5508 1.0157, -1.07 -1.5565 1.0157, -1.0647 -1.5489 1.0157, -1.0723 -1.5557 1.0157, -1.0689 -1.5477 1.0157, -1.0757 -1.5553 1.0157, -1.0748 -1.5472 1.0157, -1.0819 -1.556 1.0157, -1.0849 -1.5484 1.0157, -1.0881 -1.5582 1.0157, -1.0924 -1.5513 1.0157, -1.0945 -1.5622 1.0157, -1.0945 -1.5525 1.0157, -1.0878 -1.5953 1.0157, -1.0951 -1.6025 1.0157, -1.087 -1.5962 1.0157, -1.0918 -1.6049 1.0157, -1.085 -1.5976 1.0157, -1.0879 -1.6063 1.0157, -1.0827 -1.5984 1.0157, -1.0819 -1.607 1.0157, -1.0793 -1.5988 1.0157, -1.0767 -1.6064 1.0157, -1.0756 -1.5984 1.0157, -1.0727 -1.605 1.0157, -1.0692 -1.6026 1.0157, -1.0811 -1.5717 1.0157, -1.0888 -1.5736 1.0157, -1.0872 -1.5823 1.0157, -1.093 -1.5758 1.0157, -1.0884 -1.5838 1.0157, -1.0961 -1.5785 1.0157, -1.0893 -1.5856 1.0157, -1.0981 -1.5813 1.0157, -1.0898 -1.5879 1.0157, -1.0994 -1.5849 1.0157, -1.0899 -1.5895 1.0157, -1.1001 -1.5903 1.0157, -1.0896 -1.5918 1.0157, -1.0996 -1.5949 1.0157, -1.089 -1.5937 1.0157, -1.0984 -1.5983 1.0157, -1.0963 -1.6014 1.0157, -1.0748 -1.5472 1.0118, -1.0849 -1.5484 1.0118, -1.0924 -1.5513 1.0118, -1.0945 -1.5525 1.0118, -1.0945 -1.5622 1.0118, -1.0881 -1.5582 1.0118, -1.0819 -1.556 1.0118, -1.0757 -1.5553 1.0118, -1.0723 -1.5557 1.0118, -1.07 -1.5565 1.0118, -1.0682 -1.5576 1.0118, -1.0667 -1.5592 1.0118, -1.0655 -1.5613 1.0118, -1.0645 -1.5649 1.0118, -1.0641 -1.5693 1.0118, -1.0811 -1.5717 1.0118, -1.0888 -1.5736 1.0118, -1.093 -1.5758 1.0118, -1.0961 -1.5785 1.0118, -1.0981 -1.5813 1.0118, -1.0994 -1.5849 1.0118, -1.1001 -1.5903 1.0118, -1.0996 -1.5949 1.0118, -1.0984 -1.5983 1.0118, -1.0963 -1.6014 1.0118, -1.0951 -1.6025 1.0118, -1.0819 -1.607 1.0118, -1.0877 -1.6063 1.0118, -1.0879 -1.6063 1.0118, -1.0918 -1.6049 1.0118, -1.0767 -1.6064 1.0118, -1.0765 -1.6063 1.0118, -1.0727 -1.605 1.0118, -1.0692 -1.6026 1.0118, -1.066 -1.5992 1.0118, -1.0644 -1.5968 1.0118, -1.0641 -1.5968 1.0118, -1.0641 -1.6057 1.0118, -1.0541 -1.6057 1.0118, -1.0541 -1.5689 1.0118, -1.0549 -1.561 1.0118, -1.0565 -1.5565 1.0118, -1.0586 -1.5533 1.0118, -1.0613 -1.5508 1.0118, -1.0647 -1.5489 1.0118, -1.0689 -1.5477 1.0118, -1.0872 -1.5823 1.0118, -1.0859 -1.5813 1.0118, -1.0836 -1.5802 1.0118, -1.0775 -1.5788 1.0118, -1.0899 -1.5895 1.0118, -1.0898 -1.5879 1.0118, -1.0893 -1.5856 1.0118, -1.0884 -1.5838 1.0118, -1.087 -1.5962 1.0118, -1.0878 -1.5953 1.0118, -1.089 -1.5937 1.0118, -1.0896 -1.5918 1.0118, -1.0793 -1.5988 1.0118, -1.0827 -1.5984 1.0118, -1.085 -1.5976 1.0118, -1.0684 -1.5941 1.0118, -1.0697 -1.5953 1.0118, -1.0725 -1.5973 1.0118, -1.0756 -1.5984 1.0118, -1.0641 -1.5824 1.0118, -1.0641 -1.5831 1.0118, -1.0648 -1.5876 1.0118, -1.0663 -1.5912 1.0118, -1.0641 -1.577 1.0118
            ]
        }
        coordIndex [
            0,1,2,-1,2,1,3,-1,4,0,5,-1,5,0,2,-1,6,4,7,-1,7,4,5,-1,8,6,9,-1,9,6,7,-1,10,8,11,-1,11,8,9,-1,12,10,13,-1,13,10,11,-1,14,12,15,-1,15,12,13,-1,16,14,17,-1,17,14,15,-1,18,16,19,-1,19,16,17,-1,20,18,21,-1,21,18,19,-1,22,20,23,-1,23,20,21,-1,1,22,3,-1,3,22,23,-1,22,1,0,-1,0,4,22,-1,22,4,6,-1,22,6,20,-1,16,18,14,-1,14,18,20,-1,14,20,12,-1,12,20,6,-1,12,6,10,-1,10,6,8,-1,24,25,26,-1,26,25,27,-1,28,29,30,-1,31,32,33,-1,33,32,34,-1,35,36,27,-1,27,36,37,-1,37,38,27,-1,27,38,39,-1,27,39,26,-1,26,39,40,-1,26,40,31,-1,31,40,41,-1,31,41,32,-1,30,35,28,-1,28,35,27,-1,28,27,42,-1,42,27,43,-1,42,43,44,-1,44,43,45,-1,44,45,46,-1,46,45,47,-1,46,47,48,-1,48,47,49,-1,48,49,50,-1,50,49,51,-1,50,51,52,-1,52,51,53,-1,52,53,54,-1,54,53,55,-1,54,55,56,-1,56,55,57,-1,56,57,58,-1,58,57,59,-1,58,59,60,-1,60,59,61,-1,62,63,64,-1,64,63,65,-1,64,65,66,-1,66,65,67,-1,66,67,68,-1,68,67,69,-1,68,69,70,-1,70,69,71,-1,70,71,72,-1,72,71,73,-1,72,73,34,-1,34,73,74,-1,34,74,33,-1,28,75,29,-1,29,75,76,-1,29,76,77,-1,77,76,78,-1,77,78,79,-1,79,78,80,-1,79,80,81,-1,81,80,82,-1,81,82,83,-1,83,82,84,-1,83,84,85,-1,85,84,86,-1,85,86,87,-1,87,86,88,-1,87,88,89,-1,89,88,90,-1,89,90,62,-1,62,90,91,-1,62,91,63,-1,55,92,93,-1,55,93,57,-1,57,93,94,-1,57,94,59,-1,59,94,95,-1,59,95,61,-1,60,61,96,-1,96,61,95,-1,60,96,97,-1,60,97,58,-1,58,97,98,-1,58,98,56,-1,56,98,99,-1,56,99,54,-1,54,99,100,-1,54,100,52,-1,52,100,101,-1,52,101,50,-1,50,101,102,-1,50,102,48,-1,48,102,103,-1,48,103,46,-1,46,103,104,-1,46,104,44,-1,44,104,105,-1,44,105,42,-1,42,105,106,-1,42,106,28,-1,75,28,107,-1,107,28,106,-1,75,107,108,-1,75,108,76,-1,76,108,109,-1,76,109,78,-1,78,109,110,-1,78,110,80,-1,80,110,111,-1,80,111,82,-1,82,111,112,-1,82,112,84,-1,84,112,113,-1,84,113,86,-1,86,113,114,-1,86,114,88,-1,88,114,115,-1,88,115,90,-1,90,115,116,-1,90,116,91,-1,91,116,117,-1,91,117,63,-1,118,69,119,-1,119,69,67,-1,119,67,120,-1,120,67,65,-1,120,65,121,-1,121,65,63,-1,121,63,117,-1,69,118,122,-1,69,122,71,-1,71,122,123,-1,71,123,73,-1,123,124,73,-1,73,124,125,-1,73,125,74,-1,74,125,126,-1,74,126,33,-1,33,126,127,-1,33,127,31,-1,26,31,128,-1,128,31,127,-1,24,26,129,-1,129,26,128,-1,25,24,130,-1,130,24,129,-1,27,25,131,-1,131,25,130,-1,27,131,132,-1,27,132,43,-1,43,132,133,-1,43,133,45,-1,45,133,134,-1,45,134,47,-1,47,134,135,-1,47,135,49,-1,49,135,136,-1,49,136,51,-1,51,136,137,-1,51,137,53,-1,53,137,92,-1,53,92,55,-1,77,138,139,-1,77,139,29,-1,29,139,140,-1,29,140,30,-1,30,140,141,-1,30,141,35,-1,85,142,143,-1,85,143,83,-1,83,143,144,-1,83,144,81,-1,81,144,145,-1,81,145,79,-1,79,145,138,-1,79,138,77,-1,64,146,147,-1,64,147,62,-1,62,147,148,-1,62,148,89,-1,89,148,149,-1,89,149,87,-1,87,149,142,-1,87,142,85,-1,70,150,151,-1,70,151,68,-1,68,151,152,-1,68,152,66,-1,66,152,146,-1,66,146,64,-1,41,153,154,-1,41,154,32,-1,32,154,155,-1,32,155,34,-1,34,155,156,-1,34,156,72,-1,72,156,150,-1,72,150,70,-1,37,157,158,-1,37,158,38,-1,38,158,159,-1,38,159,39,-1,39,159,160,-1,39,160,40,-1,40,160,153,-1,40,153,41,-1,37,36,157,-1,157,36,161,-1,36,35,161,-1,161,35,141,-1,
        ]
    }
}
Shape{
    appearance Appearance {
        material  Material 	{
            diffuseColor 0.7529411764705882 0.7529411764705882 0.7529411764705882
            specularColor 0.3764705882352941 0.3764705882352941 0.3764705882352941
            ambientIntensity 0.7529
            transparency 0.0
            shininess 0.5
        }
    }
    geometry IndexedFaceSet {
        ccw TRUE
        solid FALSE
        coord DEF co Coordinate {
            point [
                -1.0641 -1.5831 1.0118, -1.0641 -1.5824 1.0118, -1.0872 -1.5823 1.0118, -1.0641 -1.577 1.0118, -1.0775 -1.5788 1.0118, -1.0836 -1.5802 1.0118, -1.0859 -1.5813 1.0118, -1.0648 -1.5876 1.0118, -1.0884 -1.5838 1.0118, -1.0663 -1.5912 1.0118, -1.0878 -1.5953 1.0118, -1.087 -1.5962 1.0118, -1.0697 -1.5953 1.0118, -1.089 -1.5937 1.0118, -1.0725 -1.5973 1.0118, -1.0756 -1.5984 1.0118, -1.0793 -1.5988 1.0118, -1.0893 -1.5856 1.0118, -1.0898 -1.5879 1.0118, -1.0684 -1.5941 1.0118, -1.0899 -1.5895 1.0118, -1.0896 -1.5918 1.0118, -1.085 -1.5976 1.0118, -1.0827 -1.5984 1.0118
            ]
        }
        coordIndex [
            0,1,2,-1,1,3,4,-1,4,5,1,-1,1,5,6,-1,1,6,2,-1,0,2,7,-1,7,2,8,-1,7,8,9,-1,10,11,12,-1,10,12,13,-1,14,12,15,-1,15,12,16,-1,8,17,9,-1,9,17,18,-1,9,18,19,-1,19,18,20,-1,19,20,12,-1,12,20,21,-1,12,21,13,-1,11,22,12,-1,12,22,23,-1,12,23,16,-1,
        ]
    }
}
Shape{
    appearance Appearance {
        material  Material 	{
            diffuseColor 0.0 0.0 0.0
            specularColor 0.0 0.0 0.0
            ambientIntensity 0.0
            transparency 0.0
            shininess 0.5
        }
    }
    geometry IndexedFaceSet {
        ccw TRUE
        solid FALSE
        coord DEF co Coordinate {
            point [
                -1.024 -1.5988 1.0157, -1.024 -1.5988 1.0118, -1.0306 -1.598 1.0118, -1.0306 -1.598 1.0157, -1.0369 -1.5956 1.0118, -1.0369 -1.5956 1.0157, -1.0405 -1.5933 1.0118, -1.0405 -1.5933 1.0157, -1.0405 -1.6037 1.0157, -1.0405 -1.6037 1.0118, -1.025 -1.607 1.0118, -1.025 -1.607 1.0157, -1.0311 -1.6063 1.0118, -1.034 -1.606 1.0157, -1.034 -1.606 1.0118, -1.0185 -1.6063 1.0118, -1.0169 -1.6062 1.0157, -1.0169 -1.6062 1.0118, -1.0114 -1.6043 1.0118, -1.0114 -1.6043 1.0157, -1.0083 -1.6025 1.0118, -1.0083 -1.6025 1.0157, -1.0055 -1.6 1.0118, -1.0055 -1.6 1.0157, -1.0036 -1.5973 1.0118, -1.0036 -1.5973 1.0157, -1.0024 -1.5941 1.0118, -1.0024 -1.5941 1.0157, -1.0019 -1.5901 1.0118, -1.0019 -1.5901 1.0157, -1.0023 -1.5864 1.0118, -1.0023 -1.5864 1.0157, -1.0034 -1.5834 1.0118, -1.0034 -1.5834 1.0157, -1.0053 -1.5806 1.0118, -1.0053 -1.5806 1.0157, -1.0076 -1.5785 1.0118, -1.0076 -1.5785 1.0157, -1.0143 -1.5748 1.0118, -1.0143 -1.5748 1.0157, -1.0182 -1.5732 1.0118, -1.0182 -1.5732 1.0157, -1.0244 -1.5705 1.0118, -1.0244 -1.5705 1.0157, -1.0279 -1.5683 1.0118, -1.0279 -1.5683 1.0157, -1.0289 -1.5673 1.0118, -1.0289 -1.5673 1.0157, -1.0296 -1.5659 1.0118, -1.0296 -1.5659 1.0157, -1.03 -1.5643 1.0118, -1.03 -1.5643 1.0157, -1.0301 -1.563 1.0118, -1.0301 -1.563 1.0157, -1.0299 -1.5614 1.0118, -1.0299 -1.5614 1.0157, -1.0294 -1.5601 1.0118, -1.0294 -1.5601 1.0157, -1.0286 -1.5588 1.0118, -1.0286 -1.5588 1.0157, -1.0271 -1.5574 1.0118, -1.0271 -1.5574 1.0157, -1.0248 -1.5562 1.0118, -1.0248 -1.5562 1.0157, -1.0221 -1.5555 1.0118, -1.0221 -1.5555 1.0157, -1.0192 -1.5553 1.0118, -1.0192 -1.5553 1.0157, -1.0123 -1.5561 1.0118, -1.0123 -1.5561 1.0157, -1.0066 -1.5583 1.0118, -1.0066 -1.5583 1.0157, -1.0046 -1.5594 1.0118, -1.0046 -1.5594 1.0157, -1.0046 -1.5497 1.0157, -1.0046 -1.5497 1.0118, -1.0116 -1.5477 1.0118, -1.0116 -1.5477 1.0157, -1.0182 -1.5472 1.0118, -1.0182 -1.5472 1.0157, -1.0257 -1.548 1.0118, -1.0257 -1.548 1.0157, -1.0311 -1.55 1.0118, -1.0311 -1.55 1.0157, -1.034 -1.5517 1.0118, -1.034 -1.5517 1.0157, -1.037 -1.5544 1.0118, -1.037 -1.5544 1.0157, -1.0389 -1.5571 1.0118, -1.0389 -1.5571 1.0157, -1.0401 -1.5603 1.0118, -1.0401 -1.5603 1.0157, -1.0405 -1.5639 1.0118, -1.0405 -1.5639 1.0157, -1.04 -1.5678 1.0118, -1.04 -1.5678 1.0157, -1.0389 -1.5709 1.0118, -1.0389 -1.5709 1.0157, -1.0376 -1.573 1.0118, -1.0376 -1.573 1.0157, -1.036 -1.5747 1.0118, -1.036 -1.5747 1.0157, -1.0313 -1.5778 1.0118, -1.0313 -1.5778 1.0157, -1.0253 -1.5805 1.0118, -1.0253 -1.5805 1.0157, -1.0187 -1.5833 1.0118, -1.0187 -1.5833 1.0157, -1.0148 -1.5856 1.0118, -1.0148 -1.5856 1.0157, -1.0135 -1.5869 1.0118, -1.0135 -1.5869 1.0157, -1.0127 -1.5883 1.0118, -1.0127 -1.5883 1.0157, -1.0123 -1.5898 1.0118, -1.0123 -1.5898 1.0157, -1.0122 -1.5911 1.0118, -1.0122 -1.5911 1.0157, -1.0124 -1.593 1.0118, -1.0124 -1.593 1.0157, -1.0129 -1.5944 1.0118, -1.0129 -1.5944 1.0157, -1.0138 -1.5957 1.0118, -1.0138 -1.5957 1.0157, -1.0149 -1.5967 1.0118, -1.0149 -1.5967 1.0157, -1.0159 -1.5973 1.0118, -1.0159 -1.5973 1.0157, -1.0184 -1.5982 1.0118, -1.0184 -1.5982 1.0157, -1.0236 -1.5988 1.0118, -1.0236 -1.5988 1.0157, -0.9522 -1.5485 1.0157, -0.9418 -1.5485 1.0157, -0.9522 -1.5485 1.0118, -0.9418 -1.5485 1.0118, -0.9678 -1.5915 1.0157, -0.9678 -1.5915 1.0118, -0.9686 -1.5942 1.0118, -0.9686 -1.5942 1.0157, -0.969 -1.5962 1.0118, -0.969 -1.5962 1.0157, -0.9693 -1.5962 1.0157, -0.9693 -1.5962 1.0118, -0.9705 -1.5915 1.0157, -0.9705 -1.5915 1.0118, -0.9855 -1.5485 1.0118, -0.9855 -1.5485 1.0157, -0.9806 -1.5624 1.0118, -0.9967 -1.5485 1.0157, -0.9967 -1.5485 1.0118, -0.9742 -1.6055 1.0118, -0.9742 -1.6055 1.0157, -0.9806 -1.5893 1.0118, -0.9786 -1.6159 1.0118, -0.9786 -1.6159 1.0157, -0.9746 -1.6063 1.0118, -0.9806 -1.6195 1.0118, -0.9806 -1.6195 1.0118, -0.9825 -1.6216 1.0157, -0.9806 -1.6195 1.0157, -0.9825 -1.6216 1.0118, -0.9843 -1.6229 1.0118, -0.9843 -1.6229 1.0157, -0.9865 -1.6237 1.0118, -0.9865 -1.6237 1.0157, -0.9889 -1.624 1.0118, -0.9889 -1.624 1.0157, -0.9926 -1.6235 1.0118, -0.9926 -1.6235 1.0157, -0.9946 -1.6229 1.0118, -0.9946 -1.6229 1.0157, -0.9946 -1.6318 1.0157, -0.9946 -1.6318 1.0118, -0.9904 -1.6325 1.0118, -0.9904 -1.6325 1.0157, -0.9881 -1.6326 1.0118, -0.9881 -1.6326 1.0157, -0.9841 -1.6321 1.0118, -0.9841 -1.6321 1.0157, -0.9806 -1.6308 1.0118, -0.9801 -1.6306 1.0157, -0.9801 -1.6306 1.0118, -0.9766 -1.6282 1.0118, -0.9766 -1.6282 1.0157, -0.9759 -1.6275 1.0118, -0.9759 -1.6275 1.0157, -0.9723 -1.6231 1.0118, -0.9723 -1.6231 1.0157, -0.9677 -1.6143 1.0118, -0.9677 -1.6143 1.0157, -0.9646 -1.6063 1.0118, -0.8879 -1.5965 1.0157, -0.8879 -1.6057 1.0157, -0.8879 -1.5965 1.0118, -0.8879 -1.6057 1.0118, -0.9206 -1.5965 1.0118, -0.9206 -1.5965 1.0157, -0.9056 -1.5965 1.0118, -0.9206 -1.5696 1.0157, -0.9206 -1.5696 1.0118, -0.892 -1.5696 1.0118, -0.892 -1.5696 1.0157, -0.9056 -1.5696 1.0118, -0.892 -1.5604 1.0157, -0.892 -1.5604 1.0118, -0.9206 -1.5604 1.0118, -0.9206 -1.5604 1.0157, -0.9056 -1.5604 1.0118, -0.9206 -1.5348 1.0157, -0.9206 -1.5348 1.0118, -0.8897 -1.5348 1.0118, -0.8897 -1.5348 1.0157, -0.9056 -1.5348 1.0118, -0.8897 -1.5256 1.0157, -0.8897 -1.5256 1.0118, -0.931 -1.5256 1.0118, -0.931 -1.5256 1.0157, -0.9056 -1.5256 1.0118, -0.931 -1.6057 1.0157, -0.931 -1.6057 1.0118, -0.9056 -1.6057 1.0118, -0.823 -1.5831 1.0157, -0.827 -1.5882 1.0157, -0.8197 -1.5944 1.0157, -0.828 -1.5891 1.0157, -0.8281 -1.6005 1.0157, -0.8332 -1.5927 1.0157, -0.8373 -1.604 1.0157, -0.8398 -1.5952 1.0157, -0.8508 -1.6057 1.0157, -0.8508 -1.5965 1.0157, -0.8728 -1.6057 1.0157, -0.8625 -1.5965 1.0157, -0.8728 -1.5256 1.0157, -0.8625 -1.5348 1.0157, -0.8499 -1.5256 1.0157, -0.8504 -1.5348 1.0157, -0.8377 -1.5269 1.0157, -0.8398 -1.536 1.0157, -0.8281 -1.5305 1.0157, -0.8329 -1.5386 1.0157, -0.8197 -1.5362 1.0157, -0.8272 -1.5423 1.0157, -0.8168 -1.539 1.0157, -0.8243 -1.5454 1.0157, -0.8119 -1.546 1.0157, -0.8214 -1.5501 1.0157, -0.8089 -1.5536 1.0157, -0.8193 -1.5563 1.0157, -0.8076 -1.5646 1.0157, -0.8185 -1.5649 1.0157, -0.808 -1.5712 1.0157, -0.8187 -1.5698 1.0157, -0.8102 -1.5803 1.0157, -0.8202 -1.5772 1.0157, -0.8145 -1.5884 1.0157, -0.8508 -1.6057 1.0118, -0.8728 -1.6057 1.0118, -0.8373 -1.604 1.0118, -0.8281 -1.6005 1.0118, -0.8197 -1.5944 1.0118, -0.8145 -1.5884 1.0118, -0.8102 -1.5803 1.0118, -0.808 -1.5712 1.0118, -0.8076 -1.5646 1.0118, -0.8089 -1.5536 1.0118, -0.8119 -1.546 1.0118, -0.8168 -1.539 1.0118, -0.8197 -1.5362 1.0118, -0.8281 -1.5305 1.0118, -0.8377 -1.5269 1.0118, -0.8499 -1.5256 1.0118, -0.8728 -1.5256 1.0118, -0.8504 -1.5348 1.0118, -0.8625 -1.5348 1.0118, -0.8625 -1.5965 1.0118, -0.8508 -1.5965 1.0118, -0.827 -1.5882 1.0118, -0.828 -1.5891 1.0118, -0.8332 -1.5927 1.0118, -0.8398 -1.5952 1.0118, -0.8185 -1.5649 1.0118, -0.8187 -1.5698 1.0118, -0.8202 -1.5772 1.0118, -0.823 -1.5831 1.0118, -0.8272 -1.5423 1.0118, -0.8243 -1.5454 1.0118, -0.8214 -1.5501 1.0118, -0.8193 -1.5563 1.0118, -0.8398 -1.536 1.0118, -0.8329 -1.5386 1.0118
            ]
        }
        coordIndex [
            0,1,2,-1,0,2,3,-1,3,2,4,-1,3,4,5,-1,5,4,6,-1,5,6,7,-1,8,7,9,-1,9,7,6,-1,10,11,12,-1,12,11,13,-1,12,13,14,-1,14,13,8,-1,14,8,9,-1,10,15,11,-1,11,15,16,-1,15,17,16,-1,16,17,18,-1,16,18,19,-1,19,18,20,-1,19,20,21,-1,21,20,22,-1,21,22,23,-1,23,22,24,-1,23,24,25,-1,25,24,26,-1,25,26,27,-1,27,26,28,-1,27,28,29,-1,29,28,30,-1,29,30,31,-1,31,30,32,-1,31,32,33,-1,33,32,34,-1,33,34,35,-1,35,34,36,-1,35,36,37,-1,37,36,38,-1,37,38,39,-1,39,38,40,-1,39,40,41,-1,41,40,42,-1,41,42,43,-1,43,42,44,-1,43,44,45,-1,45,44,46,-1,45,46,47,-1,47,46,48,-1,47,48,49,-1,49,48,50,-1,49,50,51,-1,51,50,52,-1,51,52,53,-1,53,52,54,-1,53,54,55,-1,55,54,56,-1,55,56,57,-1,57,56,58,-1,57,58,59,-1,59,58,60,-1,59,60,61,-1,61,60,62,-1,61,62,63,-1,63,62,64,-1,63,64,65,-1,65,64,66,-1,65,66,67,-1,67,66,68,-1,67,68,69,-1,69,68,70,-1,69,70,71,-1,71,70,72,-1,71,72,73,-1,74,73,75,-1,75,73,72,-1,74,75,76,-1,74,76,77,-1,77,76,78,-1,77,78,79,-1,79,78,80,-1,79,80,81,-1,81,80,82,-1,81,82,83,-1,83,82,84,-1,83,84,85,-1,85,84,86,-1,85,86,87,-1,87,86,88,-1,87,88,89,-1,89,88,90,-1,89,90,91,-1,91,90,92,-1,91,92,93,-1,93,92,94,-1,93,94,95,-1,95,94,96,-1,95,96,97,-1,97,96,98,-1,97,98,99,-1,99,98,100,-1,99,100,101,-1,101,100,102,-1,101,102,103,-1,103,102,104,-1,103,104,105,-1,105,104,106,-1,105,106,107,-1,107,106,108,-1,107,108,109,-1,109,108,110,-1,109,110,111,-1,111,110,112,-1,111,112,113,-1,113,112,114,-1,113,114,115,-1,115,114,116,-1,115,116,117,-1,117,116,118,-1,117,118,119,-1,119,118,120,-1,119,120,121,-1,121,120,122,-1,121,122,123,-1,123,122,124,-1,123,124,125,-1,125,124,126,-1,125,126,127,-1,127,126,128,-1,127,128,129,-1,129,128,130,-1,129,130,131,-1,131,130,1,-1,131,1,0,-1,59,61,83,-1,83,61,81,-1,107,41,105,-1,105,41,43,-1,19,21,123,-1,123,21,23,-1,123,23,121,-1,121,23,25,-1,121,25,119,-1,119,25,27,-1,119,27,117,-1,117,27,29,-1,117,29,115,-1,115,29,31,-1,115,31,113,-1,113,31,33,-1,113,33,111,-1,111,33,35,-1,111,35,109,-1,109,35,37,-1,109,37,107,-1,107,37,39,-1,107,39,41,-1,11,0,13,-1,13,0,3,-1,13,3,8,-1,8,3,5,-1,8,5,7,-1,61,63,81,-1,81,63,65,-1,81,65,79,-1,79,65,67,-1,79,67,77,-1,77,67,69,-1,77,69,74,-1,74,69,71,-1,74,71,73,-1,123,125,19,-1,19,125,127,-1,19,127,16,-1,16,127,129,-1,16,129,11,-1,11,129,131,-1,11,131,0,-1,83,85,59,-1,59,85,87,-1,59,87,57,-1,57,87,89,-1,57,89,55,-1,55,89,91,-1,55,91,53,-1,53,91,93,-1,53,93,51,-1,51,93,95,-1,51,95,49,-1,49,95,97,-1,49,97,47,-1,47,97,99,-1,47,99,45,-1,45,99,101,-1,45,101,43,-1,43,101,103,-1,43,103,105,-1,132,133,134,-1,134,133,135,-1,136,132,137,-1,137,132,134,-1,136,137,138,-1,136,138,139,-1,139,138,140,-1,139,140,141,-1,142,141,143,-1,143,141,140,-1,144,142,145,-1,145,142,143,-1,146,147,148,-1,148,147,144,-1,148,144,145,-1,149,147,150,-1,150,147,146,-1,151,152,153,-1,153,152,149,-1,153,149,150,-1,154,155,156,-1,156,155,152,-1,156,152,151,-1,155,154,157,-1,158,159,157,-1,157,159,160,-1,157,160,155,-1,158,161,159,-1,159,161,162,-1,159,162,163,-1,163,162,164,-1,163,164,165,-1,165,164,166,-1,165,166,167,-1,167,166,168,-1,167,168,169,-1,169,168,170,-1,169,170,171,-1,172,171,173,-1,173,171,170,-1,172,173,174,-1,172,174,175,-1,175,174,176,-1,175,176,177,-1,177,176,178,-1,177,178,179,-1,179,178,180,-1,179,180,181,-1,180,182,181,-1,181,182,183,-1,181,183,184,-1,184,183,185,-1,184,185,186,-1,186,185,187,-1,186,187,188,-1,188,187,189,-1,188,189,190,-1,135,133,191,-1,191,133,190,-1,191,190,189,-1,139,141,190,-1,133,132,190,-1,190,132,136,-1,190,136,139,-1,147,149,144,-1,144,149,152,-1,144,152,142,-1,171,172,169,-1,169,172,175,-1,169,175,167,-1,167,175,177,-1,167,177,165,-1,165,177,179,-1,165,179,163,-1,163,179,181,-1,163,181,159,-1,188,160,186,-1,186,160,159,-1,186,159,184,-1,184,159,181,-1,141,142,190,-1,190,142,152,-1,190,152,188,-1,188,152,155,-1,188,155,160,-1,192,193,194,-1,194,193,195,-1,196,197,198,-1,198,197,192,-1,198,192,194,-1,199,197,200,-1,200,197,196,-1,201,202,203,-1,203,202,199,-1,203,199,200,-1,204,202,205,-1,205,202,201,-1,206,207,208,-1,208,207,204,-1,208,204,205,-1,209,207,210,-1,210,207,206,-1,211,212,213,-1,213,212,209,-1,213,209,210,-1,214,212,215,-1,215,212,211,-1,216,217,218,-1,218,217,214,-1,218,214,215,-1,219,217,220,-1,220,217,216,-1,195,193,221,-1,221,193,219,-1,221,219,220,-1,219,193,192,-1,192,197,219,-1,219,197,199,-1,219,199,217,-1,212,214,209,-1,209,214,217,-1,209,217,207,-1,207,217,199,-1,207,199,204,-1,204,199,202,-1,222,223,224,-1,224,223,225,-1,224,225,226,-1,226,225,227,-1,226,227,228,-1,228,227,229,-1,228,229,230,-1,230,229,231,-1,230,231,232,-1,232,231,233,-1,232,233,234,-1,234,233,235,-1,234,235,236,-1,236,235,237,-1,236,237,238,-1,238,237,239,-1,238,239,240,-1,240,239,241,-1,240,241,242,-1,242,241,243,-1,242,243,244,-1,244,243,245,-1,244,245,246,-1,246,245,247,-1,246,247,248,-1,248,247,249,-1,248,249,250,-1,250,249,251,-1,250,251,252,-1,252,251,253,-1,252,253,254,-1,254,253,255,-1,254,255,256,-1,256,255,222,-1,256,222,224,-1,230,232,257,-1,257,232,258,-1,230,257,259,-1,230,259,228,-1,228,259,260,-1,228,260,226,-1,226,260,261,-1,226,261,224,-1,224,261,262,-1,224,262,256,-1,256,262,263,-1,256,263,254,-1,254,263,264,-1,254,264,252,-1,252,264,265,-1,252,265,250,-1,250,265,266,-1,250,266,248,-1,248,266,267,-1,248,267,246,-1,246,267,268,-1,246,268,244,-1,244,268,269,-1,244,269,242,-1,242,269,270,-1,242,270,240,-1,240,270,271,-1,240,271,238,-1,238,271,272,-1,238,272,236,-1,234,236,273,-1,273,236,272,-1,232,234,258,-1,258,234,273,-1,237,235,274,-1,274,235,275,-1,235,233,275,-1,275,233,276,-1,233,231,276,-1,276,231,277,-1,223,278,279,-1,223,279,225,-1,225,279,280,-1,225,280,227,-1,227,280,281,-1,227,281,229,-1,229,281,277,-1,229,277,231,-1,251,282,283,-1,251,283,253,-1,253,283,284,-1,253,284,255,-1,255,284,285,-1,255,285,222,-1,222,285,278,-1,222,278,223,-1,243,286,287,-1,243,287,245,-1,245,287,288,-1,245,288,247,-1,247,288,289,-1,247,289,249,-1,249,289,282,-1,249,282,251,-1,237,274,290,-1,237,290,239,-1,239,290,291,-1,239,291,241,-1,241,291,286,-1,241,286,243,-1,
        ]
    }
}
Shape{
    appearance Appearance {
        material  Material 	{
            diffuseColor 0.7529411764705882 0.7529411764705882 0.7529411764705882
            specularColor 0.3764705882352941 0.3764705882352941 0.3764705882352941
            ambientIntensity 0.7529
            transparency 0.0
            shininess 0.5
        }
    }
    geometry IndexedFaceSet {
        ccw TRUE
        solid FALSE
        coord DEF co Coordinate {
            point [
                -0.8625 -1.5348 1.0118, -0.8625 -1.5965 1.0118, -0.8504 -1.5348 1.0118, -0.8508 -1.5965 1.0118, -0.8398 -1.5952 1.0118, -0.8332 -1.5927 1.0118, -0.828 -1.5891 1.0118, -0.8185 -1.5649 1.0118, -0.8272 -1.5423 1.0118, -0.8329 -1.5386 1.0118, -0.827 -1.5882 1.0118, -0.823 -1.5831 1.0118, -0.8202 -1.5772 1.0118, -0.8243 -1.5454 1.0118, -0.8193 -1.5563 1.0118, -0.8214 -1.5501 1.0118, -0.8187 -1.5698 1.0118, -0.8398 -1.536 1.0118
            ]
        }
        coordIndex [
            0,1,2,-1,2,1,3,-1,3,4,2,-1,2,4,5,-1,2,5,6,-1,7,8,9,-1,6,10,2,-1,2,10,11,-1,2,11,12,-1,8,7,13,-1,13,7,14,-1,13,14,15,-1,12,16,2,-1,2,16,7,-1,2,7,17,-1,17,7,9,-1,
        ]
    }
}
Shape{
    appearance Appearance {
        material  Material 	{
            diffuseColor 0.0 0.0 0.0
            specularColor 0.0 0.0 0.0
            ambientIntensity 0.0
            transparency 0.0
            shininess 0.5
        }
    }
    geometry IndexedFaceSet {
        ccw TRUE
        solid FALSE
        coord DEF co Coordinate {
            point [
                -0.7808 -1.5747 1.0157, -0.784 -1.5838 1.0157, -0.7539 -1.5747 1.0157, -0.7507 -1.5838 1.0157, -0.7688 -1.5414 1.0157, -0.7727 -1.5256 1.0157, -0.8032 -1.6057 1.0157, -0.7917 -1.6057 1.0157, -0.7681 -1.539 1.0157, -0.7675 -1.5358 1.0157, -0.7616 -1.5256 1.0157, -0.7672 -1.5358 1.0157, -0.7666 -1.5392 1.0157, -0.766 -1.5414 1.0157, -0.7311 -1.6057 1.0157, -0.7425 -1.6057 1.0157, -0.7616 -1.5256 1.0118, -0.7311 -1.6057 1.0118, -0.7727 -1.5256 1.0118, -0.8032 -1.6057 1.0118, -0.7917 -1.6057 1.0118, -0.784 -1.5838 1.0118, -0.7507 -1.5838 1.0118, -0.7425 -1.6057 1.0118, -0.7808 -1.5747 1.0118, -0.7539 -1.5747 1.0118, -0.766 -1.5414 1.0118, -0.7672 -1.5358 1.0118, -0.7666 -1.5392 1.0118, -0.7675 -1.5358 1.0118, -0.7688 -1.5414 1.0118, -0.7681 -1.539 1.0118
            ]
        }
        coordIndex [
            0,1,2,-1,2,1,3,-1,4,5,0,-1,0,5,6,-1,0,6,1,-1,1,6,7,-1,4,8,5,-1,5,8,9,-1,5,9,10,-1,10,9,11,-1,10,11,12,-1,12,13,10,-1,10,13,2,-1,10,2,14,-1,14,2,3,-1,14,3,15,-1,10,14,16,-1,16,14,17,-1,5,10,18,-1,18,10,16,-1,6,5,19,-1,19,5,18,-1,7,6,20,-1,20,6,19,-1,1,7,21,-1,21,7,20,-1,3,1,22,-1,22,1,21,-1,15,3,23,-1,23,3,22,-1,14,15,17,-1,17,15,23,-1,0,2,24,-1,24,2,25,-1,2,13,25,-1,25,13,26,-1,11,27,28,-1,11,28,12,-1,12,28,26,-1,12,26,13,-1,11,9,27,-1,27,9,29,-1,4,30,31,-1,4,31,8,-1,8,31,29,-1,8,29,9,-1,4,0,30,-1,30,0,24,-1,
        ]
    }
}
Shape{
    appearance Appearance {
        material  Material 	{
            diffuseColor 0.7529411764705882 0.7529411764705882 0.7529411764705882
            specularColor 0.3764705882352941 0.3764705882352941 0.3764705882352941
            ambientIntensity 0.7529
            transparency 0.0
            shininess 0.5
        }
    }
    geometry IndexedFaceSet {
        ccw TRUE
        solid FALSE
        coord DEF co Coordinate {
            point [
                -0.7672 -1.5358 1.0118, -0.7675 -1.5358 1.0118, -0.7666 -1.5392 1.0118, -0.7681 -1.539 1.0118, -0.766 -1.5414 1.0118, -0.7688 -1.5414 1.0118, -0.7539 -1.5747 1.0118, -0.7808 -1.5747 1.0118
            ]
        }
        coordIndex [
            0,1,2,-1,2,1,3,-1,2,3,4,-1,4,3,5,-1,4,5,6,-1,6,5,7,-1,
        ]
    }
}
Shape{
    appearance Appearance {
        material  Material 	{
            diffuseColor 0.0 0.0 0.0
            specularColor 0.0 0.0 0.0
            ambientIntensity 0.0
            transparency 0.0
            shininess 0.5
        }
    }
    geometry IndexedFaceSet {
        ccw TRUE
        solid FALSE
        coord DEF co Coordinate {
            point [
                -1.5063 -1.617 1.0157, -1.4979 -1.6275 1.0157, -1.5115 -1.5667 1.0157, -1.5214 -1.4678 1.0157, -1.5087 -1.461 1.0157, -1.5117 -1.426 1.0157, -1.4762 -1.4243 1.0157, -1.4585 -1.4659 1.0157, -1.4498 -1.4479 1.0157, -1.5239 -1.559 1.0157, -1.5193 -1.6026 1.0157, -1.5121 -1.6048 1.0157, -1.4893 -1.4232 1.0157, -1.4538 -1.5655 1.0157, -1.4485 -1.5674 1.0157, -1.401 -1.5809 1.0157, -1.4439 -1.5704 1.0157, -1.4403 -1.5745 1.0157, -1.3213 -1.5388 1.0157, -1.339 -1.5086 1.0157, -1.4153 -1.5484 1.0157, -1.4585 -1.5649 1.0157, -1.4641 -1.5657 1.0157, -1.4716 -1.5308 1.0157, -1.4691 -1.5676 1.0157, -1.4842 -1.5356 1.0157, -1.4735 -1.5708 1.0157, -1.4958 -1.5437 1.0157, -1.4758 -1.5732 1.0157, -1.5052 -1.5544 1.0157, -1.4787 -1.5779 1.0157, -1.4804 -1.5832 1.0157, -1.4807 -1.5888 1.0157, -1.4373 -1.5329 1.0157, -1.4511 -1.5295 1.0157, -1.458 -1.5291 1.0157, -1.4378 -1.5792 1.0157, -1.4365 -1.5845 1.0157, -1.401 -1.5866 1.0157, -1.4365 -1.5897 1.0157, -1.4014 -1.5925 1.0157, -1.3026 -1.4824 1.0157, -1.298 -1.4824 1.0157, -1.2747 -1.4517 1.0157, -1.2872 -1.4837 1.0157, -1.2719 -1.4526 1.0157, -1.2772 -1.4876 1.0157, -1.2549 -1.461 1.0157, -1.2395 -1.4741 1.0157, -1.4645 -1.4107 1.0157, -1.4371 -1.4326 1.0157, -1.4511 -1.3993 1.0157, -1.4218 -1.4215 1.0157, -1.4367 -1.3904 1.0157, -1.4947 -1.4577 1.0157, -1.4887 -1.4574 1.0157, -1.4827 -1.4236 1.0157, -1.4753 -1.459 1.0157, -1.4626 -1.4637 1.0157, -1.4252 -1.5394 1.0157, -1.2394 -1.5803 1.0157, -1.2659 -1.5577 1.0157, -1.2548 -1.5934 1.0157, -1.2743 -1.5646 1.0157, -1.2722 -1.6019 1.0157, -1.2843 -1.5692 1.0157, -1.2912 -1.6059 1.0157, -1.2946 -1.5712 1.0157, -1.3248 -1.6059 1.0157, -1.3202 -1.5712 1.0157, -1.328 -1.6054 1.0157, -1.4796 -1.5941 1.0157, -1.4774 -1.5989 1.0157, -1.2684 -1.4937 1.0157, -1.2619 -1.501 1.0157, -1.2279 -1.4903 1.0157, -1.2566 -1.5108 1.0157, -1.2209 -1.5076 1.0157, -1.2539 -1.5218 1.0157, -1.2183 -1.5262 1.0157, -1.2536 -1.5268 1.0157, -1.2209 -1.5465 1.0157, -1.255 -1.5379 1.0157, -1.2281 -1.5646 1.0157, -1.2589 -1.548 1.0157, -1.2652 -1.5569 1.0157, -1.3054 -1.4067 1.0157, -1.3277 -1.4328 1.0157, -1.2865 -1.4286 1.0157, -1.3148 -1.4482 1.0157, -1.3061 -1.4665 1.0157, -1.5439 -1.5005 1.0157, -1.5813 -1.51 1.0157, -1.5456 -1.5143 1.0157, -1.5815 -1.5154 1.0157, -1.545 -1.5231 1.0157, -1.5787 -1.5377 1.0157, -1.5409 -1.537 1.0157, -1.5706 -1.5589 1.0157, -1.5341 -1.5485 1.0157, -1.5576 -1.5775 1.0157, -1.5398 -1.5926 1.0157, -1.4047 -1.6066 1.0157, -1.4378 -1.5952 1.0157, -1.4114 -1.6193 1.0157, -1.4405 -1.6001 1.0157, -1.4201 -1.629 1.0157, -1.4436 -1.6035 1.0157, -1.4315 -1.6369 1.0157, -1.4479 -1.6066 1.0157, -1.4442 -1.6418 1.0157, -1.4528 -1.6086 1.0157, -1.458 -1.6435 1.0157, -1.4585 -1.6094 1.0157, -1.4601 -1.6435 1.0157, -1.4595 -1.6093 1.0157, -1.4736 -1.6414 1.0157, -1.4646 -1.6085 1.0157, -1.4867 -1.6359 1.0157, -1.4698 -1.6063 1.0157, -1.4741 -1.6029 1.0157, -1.4104 -1.3804 1.0157, -1.4032 -1.4139 1.0157, -1.3828 -1.3771 1.0157, -1.3823 -1.4112 1.0157, -1.3578 -1.3799 1.0157, -1.3629 -1.4136 1.0157, -1.3294 -1.3903 1.0157, -1.3451 -1.4205 1.0157, -1.3291 -1.4316 1.0157, -1.5328 -1.4342 1.0157, -1.5509 -1.4469 1.0157, -1.5312 -1.4765 1.0157, -1.5547 -1.4505 1.0157, -1.5391 -1.4878 1.0157, -1.5684 -1.4681 1.0157, -1.5775 -1.4886 1.0157, -1.3231 -1.5707 1.0157, -1.3367 -1.6 1.0157, -1.3354 -1.6013 1.0157, -1.3214 -1.5711 1.0157, -1.3317 -1.6039 1.0157, -1.3413 -1.5883 1.0157, -1.3407 -1.5925 1.0157, -1.3392 -1.5964 1.0157, -1.328 -1.5712 1.0157, -1.3319 -1.5728 1.0157, -1.3411 -1.586 1.0157, -1.3354 -1.5752 1.0157, -1.3378 -1.5778 1.0157, -1.34 -1.5817 1.0157, -1.3236 -1.5706 1.0157, -1.2357 -1.4793 1.0118, -1.2279 -1.4903 1.0118, -1.2228 -1.5028 1.0118, -1.2209 -1.5076 1.0118, -1.2183 -1.5262 1.0118, -1.2395 -1.4741 1.0118, -1.2549 -1.461 1.0118, -1.2719 -1.4526 1.0118, -1.2747 -1.4517 1.0118, -1.2865 -1.4286 1.0118, -1.3054 -1.4067 1.0118, -1.3183 -1.3979 1.0118, -1.3294 -1.3903 1.0118, -1.3578 -1.3799 1.0118, -1.3828 -1.3771 1.0118, -1.4104 -1.3804 1.0118, -1.4367 -1.3904 1.0118, -1.4489 -1.3979 1.0118, -1.4511 -1.3993 1.0118, -1.4645 -1.4107 1.0118, -1.4762 -1.4243 1.0118, -1.4827 -1.4236 1.0118, -1.4893 -1.4232 1.0118, -1.5117 -1.426 1.0118, -1.5328 -1.4342 1.0118, -1.5509 -1.4469 1.0118, -1.5547 -1.4505 1.0118, -1.5684 -1.4681 1.0118, -1.5734 -1.4793 1.0118, -1.5775 -1.4886 1.0118, -1.5801 -1.5028 1.0118, -1.5813 -1.51 1.0118, -1.5815 -1.5154 1.0118, -1.5787 -1.5377 1.0118, -1.5706 -1.5589 1.0118, -1.5576 -1.5775 1.0118, -1.5398 -1.5926 1.0118, -1.5193 -1.6026 1.0118, -1.5121 -1.6048 1.0118, -1.5113 -1.6063 1.0118, -1.5063 -1.617 1.0118, -1.4979 -1.6275 1.0118, -1.4867 -1.6359 1.0118, -1.4815 -1.6381 1.0118, -1.4736 -1.6414 1.0118, -1.4601 -1.6435 1.0118, -1.458 -1.6435 1.0118, -1.401 -1.5866 1.0118, -1.4442 -1.6418 1.0118, -1.4344 -1.6381 1.0118, -1.4315 -1.6369 1.0118, -1.4201 -1.629 1.0118, -1.4114 -1.6193 1.0118, -1.4047 -1.6066 1.0118, -1.4046 -1.6063 1.0118, -1.4014 -1.5925 1.0118, -1.401 -1.5809 1.0118, -1.3213 -1.5388 1.0118, -1.339 -1.5086 1.0118, -1.4153 -1.5484 1.0118, -1.4252 -1.5394 1.0118, -1.4373 -1.5329 1.0118, -1.4511 -1.5295 1.0118, -1.458 -1.5291 1.0118, -1.4716 -1.5308 1.0118, -1.4842 -1.5356 1.0118, -1.4958 -1.5437 1.0118, -1.5052 -1.5544 1.0118, -1.5115 -1.5667 1.0118, -1.5239 -1.559 1.0118, -1.5341 -1.5485 1.0118, -1.5409 -1.537 1.0118, -1.545 -1.5231 1.0118, -1.5456 -1.5143 1.0118, -1.5442 -1.5028 1.0118, -1.5439 -1.5005 1.0118, -1.5391 -1.4878 1.0118, -1.5332 -1.4793 1.0118, -1.5312 -1.4765 1.0118, -1.5214 -1.4678 1.0118, -1.5087 -1.461 1.0118, -1.4947 -1.4577 1.0118, -1.4887 -1.4574 1.0118, -1.4753 -1.459 1.0118, -1.4626 -1.4637 1.0118, -1.4585 -1.4659 1.0118, -1.4498 -1.4479 1.0118, -1.4371 -1.4326 1.0118, -1.4218 -1.4215 1.0118, -1.4032 -1.4139 1.0118, -1.3823 -1.4112 1.0118, -1.3629 -1.4136 1.0118, -1.3451 -1.4205 1.0118, -1.3291 -1.4316 1.0118, -1.3277 -1.4328 1.0118, -1.3148 -1.4482 1.0118, -1.3061 -1.4665 1.0118, -1.3032 -1.4793 1.0118, -1.3026 -1.4824 1.0118, -1.298 -1.4824 1.0118, -1.2872 -1.4837 1.0118, -1.2772 -1.4876 1.0118, -1.2684 -1.4937 1.0118, -1.2619 -1.501 1.0118, -1.2609 -1.5028 1.0118, -1.2566 -1.5108 1.0118, -1.2539 -1.5218 1.0118, -1.2536 -1.5268 1.0118, -1.255 -1.5379 1.0118, -1.2589 -1.548 1.0118, -1.2652 -1.5569 1.0118, -1.2659 -1.5577 1.0118, -1.2743 -1.5646 1.0118, -1.2843 -1.5692 1.0118, -1.2946 -1.5712 1.0118, -1.3202 -1.5712 1.0118, -1.3214 -1.5711 1.0118, -1.3231 -1.5707 1.0118, -1.3236 -1.5706 1.0118, -1.328 -1.5712 1.0118, -1.3319 -1.5728 1.0118, -1.3354 -1.5752 1.0118, -1.3378 -1.5778 1.0118, -1.34 -1.5817 1.0118, -1.3411 -1.586 1.0118, -1.3413 -1.5883 1.0118, -1.3407 -1.5925 1.0118, -1.3392 -1.5964 1.0118, -1.3367 -1.6 1.0118, -1.3354 -1.6013 1.0118, -1.3317 -1.6039 1.0118, -1.328 -1.6054 1.0118, -1.3248 -1.6059 1.0118, -1.2912 -1.6059 1.0118, -1.2722 -1.6019 1.0118, -1.2548 -1.5934 1.0118, -1.2394 -1.5803 1.0118, -1.2281 -1.5646 1.0118, -1.2209 -1.5465 1.0118, -1.4585 -1.5649 1.0118, -1.4538 -1.5655 1.0118, -1.4485 -1.5674 1.0118, -1.4439 -1.5704 1.0118, -1.4403 -1.5745 1.0118, -1.4378 -1.5792 1.0118, -1.4365 -1.5845 1.0118, -1.4365 -1.5897 1.0118, -1.4378 -1.5952 1.0118, -1.4405 -1.6001 1.0118, -1.4436 -1.6035 1.0118, -1.4479 -1.6066 1.0118, -1.4528 -1.6086 1.0118, -1.4585 -1.6094 1.0118, -1.4595 -1.6093 1.0118, -1.4646 -1.6085 1.0118, -1.4698 -1.6063 1.0118, -1.4741 -1.6029 1.0118, -1.4774 -1.5989 1.0118, -1.4796 -1.5941 1.0118, -1.4807 -1.5888 1.0118, -1.4804 -1.5832 1.0118, -1.4787 -1.5779 1.0118, -1.4758 -1.5732 1.0118, -1.4735 -1.5708 1.0118, -1.4691 -1.5676 1.0118, -1.4641 -1.5657 1.0118
            ]
        }
        coordIndex [
            0,1,2,-1,3,4,5,-1,6,7,8,-1,9,10,2,-1,2,10,11,-1,2,11,0,-1,5,4,12,-1,13,14,15,-1,15,14,16,-1,15,16,17,-1,18,19,15,-1,15,19,20,-1,15,20,13,-1,13,20,21,-1,22,23,24,-1,24,23,25,-1,24,25,26,-1,26,25,27,-1,26,27,28,-1,28,27,29,-1,28,29,30,-1,30,29,2,-1,30,2,31,-1,31,2,32,-1,33,34,22,-1,22,34,35,-1,22,35,23,-1,17,36,15,-1,15,36,37,-1,15,37,38,-1,38,37,39,-1,38,39,40,-1,41,42,43,-1,43,42,44,-1,43,44,45,-1,45,44,46,-1,45,46,47,-1,47,46,48,-1,6,8,49,-1,49,8,50,-1,49,50,51,-1,51,50,52,-1,51,52,53,-1,4,54,12,-1,12,54,55,-1,12,55,56,-1,56,55,57,-1,56,57,6,-1,6,57,58,-1,6,58,7,-1,21,20,22,-1,22,20,59,-1,22,59,33,-1,60,61,62,-1,62,61,63,-1,62,63,64,-1,64,63,65,-1,64,65,66,-1,66,65,67,-1,66,67,68,-1,68,67,69,-1,68,69,70,-1,32,2,71,-1,71,2,1,-1,71,1,72,-1,46,73,48,-1,48,73,74,-1,48,74,75,-1,75,74,76,-1,75,76,77,-1,77,76,78,-1,77,78,79,-1,79,78,80,-1,79,80,81,-1,81,80,82,-1,81,82,83,-1,83,82,84,-1,83,84,60,-1,60,84,85,-1,60,85,61,-1,86,87,88,-1,88,87,89,-1,88,89,43,-1,43,89,90,-1,43,90,41,-1,91,92,93,-1,93,92,94,-1,93,94,95,-1,95,94,96,-1,95,96,97,-1,97,96,98,-1,97,98,99,-1,99,98,100,-1,99,100,9,-1,9,100,101,-1,9,101,10,-1,40,39,102,-1,102,39,103,-1,102,103,104,-1,104,103,105,-1,104,105,106,-1,106,105,107,-1,106,107,108,-1,108,107,109,-1,108,109,110,-1,110,109,111,-1,110,111,112,-1,112,111,113,-1,112,113,114,-1,114,113,115,-1,114,115,116,-1,116,115,117,-1,116,117,118,-1,118,117,119,-1,118,119,1,-1,1,119,120,-1,1,120,72,-1,53,52,121,-1,121,52,122,-1,121,122,123,-1,123,122,124,-1,123,124,125,-1,125,124,126,-1,125,126,127,-1,127,126,128,-1,127,128,86,-1,86,128,129,-1,86,129,87,-1,5,130,3,-1,3,130,131,-1,3,131,132,-1,132,131,133,-1,132,133,134,-1,134,133,135,-1,134,135,91,-1,91,135,136,-1,91,136,92,-1,137,138,139,-1,69,140,70,-1,70,140,137,-1,70,137,141,-1,141,137,139,-1,142,143,137,-1,137,143,144,-1,137,144,138,-1,145,146,147,-1,146,148,147,-1,147,148,149,-1,147,149,150,-1,142,137,147,-1,147,137,151,-1,147,151,145,-1,152,48,153,-1,153,48,75,-1,153,75,154,-1,154,75,77,-1,154,77,155,-1,155,77,79,-1,155,79,156,-1,152,157,48,-1,48,157,158,-1,48,158,47,-1,47,158,159,-1,47,159,45,-1,45,159,160,-1,45,160,43,-1,43,160,161,-1,43,161,88,-1,88,161,162,-1,88,162,86,-1,127,86,163,-1,163,86,162,-1,163,164,127,-1,127,164,165,-1,127,165,125,-1,125,165,166,-1,125,166,123,-1,123,166,167,-1,123,167,121,-1,121,167,168,-1,121,168,53,-1,53,168,51,-1,51,168,169,-1,51,169,170,-1,51,170,171,-1,51,171,49,-1,49,171,172,-1,49,172,6,-1,6,172,173,-1,6,173,56,-1,56,173,174,-1,56,174,12,-1,12,174,175,-1,12,175,5,-1,5,175,176,-1,5,176,130,-1,130,176,177,-1,130,177,131,-1,131,177,178,-1,131,178,133,-1,136,135,179,-1,179,135,133,-1,179,133,178,-1,179,180,136,-1,136,180,181,-1,136,181,92,-1,92,181,182,-1,182,183,92,-1,92,183,184,-1,92,184,94,-1,94,184,185,-1,94,185,96,-1,96,185,186,-1,96,186,98,-1,98,186,187,-1,98,187,100,-1,100,187,188,-1,100,188,101,-1,101,188,189,-1,101,189,10,-1,10,189,190,-1,10,190,11,-1,11,190,191,-1,11,191,0,-1,191,192,0,-1,0,192,193,-1,0,193,1,-1,1,193,194,-1,1,194,118,-1,118,194,195,-1,118,195,116,-1,195,196,116,-1,116,196,197,-1,116,197,114,-1,114,197,198,-1,114,198,112,-1,199,38,40,-1,112,198,200,-1,201,108,200,-1,200,108,110,-1,200,110,112,-1,201,202,108,-1,108,202,203,-1,108,203,106,-1,106,203,204,-1,106,204,104,-1,104,204,205,-1,104,205,102,-1,102,205,206,-1,102,206,40,-1,40,206,207,-1,40,207,199,-1,15,38,208,-1,208,38,199,-1,18,15,209,-1,209,15,208,-1,19,18,210,-1,210,18,209,-1,20,19,211,-1,211,19,210,-1,20,211,212,-1,20,212,59,-1,59,212,213,-1,59,213,33,-1,33,213,214,-1,33,214,34,-1,34,214,215,-1,34,215,35,-1,35,215,216,-1,35,216,23,-1,23,216,217,-1,23,217,25,-1,25,217,218,-1,25,218,27,-1,27,218,219,-1,27,219,29,-1,29,219,220,-1,29,220,2,-1,2,220,221,-1,2,221,9,-1,9,221,222,-1,9,222,99,-1,99,222,223,-1,99,223,97,-1,97,223,224,-1,97,224,95,-1,95,224,225,-1,95,225,93,-1,91,93,225,-1,225,226,91,-1,91,226,227,-1,91,227,228,-1,229,132,228,-1,228,132,134,-1,228,134,91,-1,229,230,132,-1,132,230,231,-1,132,231,3,-1,3,231,232,-1,3,232,4,-1,4,232,233,-1,4,233,54,-1,54,233,234,-1,54,234,55,-1,55,234,235,-1,55,235,57,-1,57,235,236,-1,57,236,58,-1,58,236,237,-1,58,237,7,-1,7,237,238,-1,7,238,8,-1,8,238,239,-1,8,239,50,-1,50,239,240,-1,50,240,52,-1,52,240,241,-1,52,241,122,-1,122,241,242,-1,122,242,124,-1,124,242,243,-1,124,243,126,-1,126,243,244,-1,126,244,128,-1,128,244,245,-1,128,245,129,-1,129,245,246,-1,129,246,87,-1,87,246,247,-1,87,247,89,-1,89,247,248,-1,89,248,90,-1,90,248,41,-1,41,248,249,-1,41,249,250,-1,42,41,251,-1,251,41,250,-1,42,251,252,-1,42,252,44,-1,44,252,253,-1,44,253,46,-1,46,253,254,-1,46,254,73,-1,73,254,255,-1,73,255,74,-1,74,255,256,-1,74,256,76,-1,256,257,76,-1,76,257,258,-1,76,258,78,-1,78,258,259,-1,78,259,80,-1,80,259,260,-1,80,260,82,-1,82,260,261,-1,82,261,84,-1,84,261,262,-1,84,262,85,-1,85,262,263,-1,85,263,61,-1,61,263,264,-1,61,264,63,-1,63,264,265,-1,63,265,65,-1,65,265,266,-1,65,266,67,-1,69,67,267,-1,267,67,266,-1,69,267,268,-1,69,268,140,-1,140,268,269,-1,140,269,137,-1,137,269,270,-1,137,270,151,-1,151,270,271,-1,151,271,145,-1,145,271,272,-1,145,272,146,-1,146,272,273,-1,146,273,148,-1,148,273,274,-1,148,274,149,-1,149,274,275,-1,149,275,150,-1,150,275,276,-1,150,276,147,-1,147,276,277,-1,147,277,142,-1,142,277,278,-1,142,278,143,-1,143,278,279,-1,143,279,144,-1,144,279,280,-1,144,280,138,-1,138,280,281,-1,138,281,139,-1,139,281,282,-1,139,282,141,-1,141,282,283,-1,141,283,70,-1,70,283,284,-1,70,284,68,-1,66,68,285,-1,285,68,284,-1,66,285,286,-1,66,286,64,-1,64,286,287,-1,64,287,62,-1,62,287,288,-1,62,288,60,-1,60,288,289,-1,60,289,83,-1,83,289,290,-1,83,290,81,-1,81,290,156,-1,81,156,79,-1,21,291,292,-1,21,292,13,-1,13,292,293,-1,13,293,14,-1,14,293,294,-1,14,294,16,-1,16,294,295,-1,16,295,17,-1,17,295,296,-1,17,296,36,-1,36,296,297,-1,36,297,37,-1,37,297,298,-1,37,298,39,-1,39,298,299,-1,39,299,103,-1,103,299,300,-1,103,300,105,-1,105,300,301,-1,105,301,107,-1,107,301,302,-1,107,302,109,-1,109,302,303,-1,109,303,111,-1,111,303,304,-1,111,304,113,-1,113,304,305,-1,113,305,115,-1,115,305,306,-1,115,306,117,-1,117,306,307,-1,117,307,119,-1,119,307,308,-1,119,308,120,-1,120,308,309,-1,120,309,72,-1,72,309,310,-1,72,310,71,-1,71,310,311,-1,71,311,32,-1,32,311,312,-1,32,312,31,-1,31,312,313,-1,31,313,30,-1,30,313,314,-1,30,314,28,-1,28,314,315,-1,28,315,26,-1,26,315,316,-1,26,316,24,-1,24,316,317,-1,24,317,22,-1,22,317,291,-1,22,291,21,-1,
        ]
    }
}
Shape{
    appearance Appearance {
        material  Material 	{
            diffuseColor 0.7529411764705882 0.7529411764705882 0.7529411764705882
            specularColor 0.3764705882352941 0.3764705882352941 0.3764705882352941
            ambientIntensity 0.7529
            transparency 0.0
            shininess 0.5
        }
    }
    geometry IndexedFaceSet {
        ccw TRUE
        solid FALSE
        coord DEF co Coordinate {
            point [
                -1.4595 -1.6093 1.0118, -1.4735 -1.5708 1.0118, -1.4758 -1.5732 1.0118, -1.4528 -1.6086 1.0118, -1.4479 -1.6066 1.0118, -1.4538 -1.5655 1.0118, -1.4585 -1.5649 1.0118, -1.4641 -1.5657 1.0118, -1.4691 -1.5676 1.0118, -1.4796 -1.5941 1.0118, -1.4774 -1.5989 1.0118, -1.4741 -1.6029 1.0118, -1.4585 -1.6094 1.0118, -1.4787 -1.5779 1.0118, -1.4804 -1.5832 1.0118, -1.4807 -1.5888 1.0118, -1.4698 -1.6063 1.0118, -1.4646 -1.6085 1.0118, -1.4436 -1.6035 1.0118, -1.4405 -1.6001 1.0118, -1.4378 -1.5952 1.0118, -1.4365 -1.5897 1.0118, -1.4365 -1.5845 1.0118, -1.4378 -1.5792 1.0118, -1.4403 -1.5745 1.0118, -1.4439 -1.5704 1.0118, -1.4485 -1.5674 1.0118
            ]
        }
        coordIndex [
            0,1,2,-1,3,4,5,-1,6,7,0,-1,0,7,8,-1,0,8,1,-1,9,10,2,-1,2,10,11,-1,6,0,5,-1,5,0,12,-1,5,12,3,-1,13,14,2,-1,2,14,15,-1,2,15,9,-1,11,16,2,-1,2,16,17,-1,2,17,0,-1,4,18,5,-1,5,18,19,-1,5,19,20,-1,20,21,5,-1,5,21,22,-1,5,22,23,-1,23,24,5,-1,5,24,25,-1,5,25,26,-1,
        ]
    }
}