#VRML V2.0 utf8
# 3D model generated by easyeda2kicad.py (https://github.com/uPesy/easyeda2kicad.py)

Shape{
    appearance Appearance {
        material  Material 	{
            diffuseColor 1.0 1.0 1.0
            specularColor 0.5019607843137255 0.5019607843137255 0.5019607843137255
            ambientIntensity 1.0
            transparency 0.0
            shininess 0.5
        }
    }
    geometry IndexedFaceSet {
        ccw TRUE
        solid FALSE
        coord DEF co Coordinate {
            point [
                -0.7676 -2.4924 0.8307, -0.7696 -2.4926 0.8307, -0.7379 -2.4926 0.8307, -1.3345 -2.1154 0.8307, -1.3299 -2.1171 0.8307, -1.3299 0.0625 0.8307, -1.164 -2.2504 0.8307, -1.1382 -2.2722 0.8307, -1.0483 -2.1452 0.8307, -1.0483 -2.2809 0.8307, -1.2872 -2.1331 0.8307, -1.2695 -2.1452 0.8307, -1.2481 -2.1599 0.8307, -1.2164 -2.1965 0.8307, -1.1969 -2.2348 0.8307, -1.1922 -2.2364 0.8307, -1.0483 0.0625 0.8307, -1.466 -2.1322 0.8307, -1.4221 -2.1158 0.8307, -2.2835 0.0625 0.8307, -1.3771 -2.1105 0.8307, -1.4872 -2.1452 0.8307, -2.2835 -2.1452 0.8307, -1.491 -2.1475 0.8307, -2.2835 -2.2809 0.8307, -1.6948 -2.2809 0.8307, -1.6865 -2.2622 0.8307, -1.6637 -2.2329 0.8307, -1.5919 -2.192 0.8307, -1.5546 -2.1874 0.8307, -1.5133 -2.1666 0.8307, -1.5436 -2.188 0.8307, -1.5327 -2.1893 0.8307, -1.6573 -2.2269 0.8307, -1.6271 -2.2056 0.8307, -1.6388 -2.4698 0.8307, -1.6684 -2.4445 0.8307, -2.2835 -2.4926 0.8307, -1.6045 -2.4865 0.8307, -1.5913 -2.4926 0.8307, -1.5925 -2.49 0.8307, -1.6901 -2.4136 0.8307, -1.7037 -2.3782 0.8307, -2.2835 -2.32 0.8307, -1.7083 -2.3411 0.8307, -1.708 -2.332 0.8307, -1.7059 -2.32 0.8307, -1.7016 -2.2963 0.8307, -1.5503 -2.5418 0.8307, -1.5689 -2.5278 0.8307, -1.583 -2.5104 0.8307, -1.4631 -2.5455 0.8307, -1.4794 -2.5517 0.8307, -1.3299 -2.874 0.8307, -1.5416 -2.5455 0.8307, -2.2835 -2.5455 0.8307, -2.2835 -2.8346 0.8307, -1.5024 -2.5546 0.8307, -1.506 -2.5545 0.8307, -1.5284 -2.551 0.8307, -2.2441 -2.874 0.8307, -2.2821 -2.8448 0.8307, -2.2782 -2.8543 0.8307, -2.2719 -2.8625 0.8307, -2.2638 -2.8687 0.8307, -2.2543 -2.8727 0.8307, -1.4135 -2.4926 0.8307, -1.4136 -2.493 0.8307, -1.3299 -2.5455 0.8307, -1.4248 -2.5142 0.8307, -1.4393 -2.5304 0.8307, -1.4582 -2.5436 0.8307, -1.3299 -2.4092 0.8307, -1.4075 -2.4502 0.8307, -1.3299 -2.4926 0.8307, -1.4075 -2.4597 0.8307, -1.408 -2.4696 0.8307, -1.1073 -2.3281 0.8307, -1.1029 -2.3591 0.8307, -1.0483 -2.32 0.8307, -1.1073 -2.393 0.8307, -1.0483 -2.4926 0.8307, -1.3041 -2.3297 0.8307, -1.1622 -2.3517 0.8307, -1.1667 -2.3335 0.8307, -1.1192 -2.423 0.8307, -1.138 -2.4492 0.8307, -1.1638 -2.4711 0.8307, -1.3021 -2.4451 0.8307, -1.2981 -2.4408 0.8307, -1.2747 -2.38 0.8307, -1.2923 -2.4366 0.8307, -1.2858 -2.4341 0.8307, -1.2784 -2.4331 0.8307, -1.2775 -2.4332 0.8307, -1.2747 -2.4338 0.8307, -1.3057 -2.4516 0.8307, -1.3076 -2.4588 0.8307, -1.2857 -2.4911 0.8307, -1.292 -2.4886 0.8307, -1.2981 -2.4842 0.8307, -1.3079 -2.4625 0.8307, -1.307 -2.4696 0.8307, -1.181 -2.4103 0.8307, -1.1706 -2.3955 0.8307, -1.164 -2.3785 0.8307, -1.1617 -2.3601 0.8307, -1.3003 -2.482 0.8307, -1.3045 -2.476 0.8307, -1.1928 -2.4853 0.8307, -1.2244 -2.4919 0.8307, -1.2803 -2.4919 0.8307, -1.2728 -2.4341 0.8307, -1.2301 -2.4341 0.8307, -1.213 -2.4308 0.8307, -1.1963 -2.423 0.8307, -1.1822 -2.4116 0.8307, -1.1739 -2.32 0.8307, -1.3299 -2.32 0.8307, -1.3299 -2.3432 0.8307, -1.4478 -2.381 0.8307, -1.4312 -2.3961 0.8307, -1.5024 -2.3639 0.8307, -1.4908 -2.3645 0.8307, -1.4679 -2.3702 0.8307, -1.5811 -2.4061 0.8307, -1.6473 -2.3538 0.8307, -1.6405 -2.3771 0.8307, -1.6293 -2.3963 0.8307, -1.6122 -2.4137 0.8307, -1.5916 -2.4265 0.8307, -1.6485 -2.3392 0.8307, -1.5654 -2.3882 0.8307, -1.6461 -2.32 0.8307, -1.546 -2.3747 0.8307, -1.525 -2.3666 0.8307, -1.3299 -2.2809 0.8307, -1.6277 -2.2809 0.8307, -1.6375 -2.295 0.8307, -1.6457 -2.3162 0.8307, -1.4675 -2.2031 0.8307, -1.4888 -2.2285 0.8307, -1.5033 -2.2585 0.8307, -1.51 -2.2549 0.8307, -1.344 -2.1714 0.8307, -1.3762 -2.1674 0.8307, -1.5313 -2.2471 0.8307, -1.5536 -2.2443 0.8307, -1.5635 -2.2448 0.8307, -1.4111 -2.172 0.8307, -1.4421 -2.1845 0.8307, -1.5869 -2.2504 0.8307, -1.6081 -2.2616 0.8307, -1.6244 -2.2761 0.8307, -1.2876 -2.2013 0.8307, -1.3142 -2.1828 0.8307, -1.3299 -2.1768 0.8307, -1.2445 -2.2809 0.8307, -1.2492 -2.2596 0.8307, -1.2638 -2.229 0.8307, -1.2852 -2.2035 0.8307, -1.2433 -2.2861 0.8307, -1.2358 -2.2861 0.8307, -1.1755 -2.3171 0.8307, -1.1864 -2.3049 0.8307, -1.2011 -2.2947 0.8307, -1.2177 -2.2883 0.8307, -1.132 -2.2809 0.8307, -1.1189 -2.2991 0.8307, -1.1105 -2.32 0.8307, -0.5553 -2.3734 0.8307, -0.5523 -2.4763 0.8307, -0.5397 -2.32 0.8307, -0.5397 -2.4926 0.8307, -0.5523 -2.4915 0.8307, -0.5818 -2.4926 0.8307, -0.6068 -2.4314 0.8307, -0.6068 -2.4763 0.8307, -0.5818 -2.4314 0.8307, -0.5818 -2.4763 0.8307, -0.5591 -2.4314 0.8307, -0.5591 -2.4161 0.8307, -0.5818 -2.4161 0.8307, -0.5818 -2.3734 0.8307, -0.6068 -2.4161 0.8307, -0.6068 -2.3734 0.8307, -0.5818 -2.4915 0.8307, -0.624 -2.4915 0.8307, -0.6331 -2.4926 0.8307, -0.624 -2.358 0.8307, -0.8004 -2.4748 0.8307, -0.7989 -2.4753 0.8307, -0.7989 -2.4399 0.8307, -0.8018 -2.437 0.8307, -0.804 -2.4335 0.8307, -0.8066 -2.4709 0.8307, -0.8058 -2.4284 0.8307, -0.8065 -2.4219 0.8307, -0.8122 -2.32 0.8307, -0.8059 -2.4159 0.8307, -0.799 -2.4398 0.8307, -0.8066 -2.4881 0.8307, -0.8122 -2.4926 0.8307, -0.7989 -2.4909 0.8307, -0.7989 -2.4926 0.8307, -0.7959 -2.492 0.8307, -0.7908 -2.4926 0.8307, -0.7808 -2.4937 0.8307, -0.7989 -2.5455 0.8307, -0.7379 -2.5455 0.8307, -0.7468 -2.3982 0.8307, -0.7468 -2.4145 0.8307, -0.7958 -2.4016 0.8307, -0.7908 -2.3986 0.8307, -0.7989 -2.32 0.8307, -0.743 -2.4723 0.8307, -0.7451 -2.4776 0.8307, -0.7482 -2.482 0.8307, -0.8039 -2.4105 0.8307, -0.8008 -2.406 0.8307, -0.7989 -2.4043 0.8307, -0.7816 -2.3953 0.8307, -0.7694 -2.394 0.8307, -0.7379 -2.32 0.8307, -0.7582 -2.3949 0.8307, -0.7478 -2.4498 0.8307, -0.7447 -2.4544 0.8307, -0.7429 -2.4593 0.8307, -0.7423 -2.4656 0.8307, -0.753 -2.4862 0.8307, -0.7583 -2.4893 0.8307, -0.771 -2.4076 0.8307, -0.776 -2.4079 0.8307, -0.7893 -2.4204 0.8307, -0.7805 -2.4091 0.8307, -0.7842 -2.4111 0.8307, -0.7891 -2.4226 0.8307, -0.7885 -2.4252 0.8307, -0.7873 -2.4275 0.8307, -0.7856 -2.4293 0.8307, -0.7797 -2.4329 0.8307, -0.7598 -2.4089 0.8307, -0.7694 -2.4374 0.8307, -0.7504 -2.4124 0.8307, -0.7629 -2.4401 0.8307, -0.7518 -2.4462 0.8307, -0.7867 -2.4133 0.8307, -0.7882 -2.4155 0.8307, -0.789 -2.4177 0.8307, -0.7899 -2.4788 0.8307, -0.7812 -2.4496 0.8307, -0.7912 -2.445 0.8307, -0.7791 -2.4801 0.8307, -0.7784 -2.4801 0.8307, -0.7702 -2.4542 0.8307, -0.7698 -2.4791 0.8307, -0.7594 -2.4672 0.8307, -0.7596 -2.4651 0.8307, -0.7655 -2.4775 0.8307, -0.764 -2.4766 0.8307, -0.7621 -2.4749 0.8307, -0.7606 -2.4728 0.8307, -0.7598 -2.4704 0.8307, -0.7603 -2.4625 0.8307, -0.7616 -2.4603 0.8307, -0.7637 -2.4581 0.8307, -0.4147 -2.2809 0.8307, -0.4581 -2.2798 0.8307, -0.4771 -2.2798 0.8307, -0.4907 -2.2433 0.8307, -0.5397 -2.2433 0.8307, -0.5397 -2.2809 0.8307, -0.5089 -2.1463 0.8307, -0.4147 -2.1452 0.8307, -0.5397 -2.1452 0.8307, -0.5463 -2.2433 0.8307, -0.5591 -2.2798 0.8307, -0.5818 -2.2809 0.8307, -0.5781 -2.2798 0.8307, -0.5818 -2.1452 0.8307, -0.5397 -2.1788 0.8307, -0.5273 -2.1463 0.8307, -0.6942 -2.2798 0.8307, -0.6942 -2.1463 0.8307, -0.7224 -2.1617 0.8307, -0.7224 -2.1463 0.8307, -0.6561 -2.1463 0.8307, -0.6331 -2.1452 0.8307, -0.7379 -2.1452 0.8307, -0.7379 -2.1463 0.8307, -0.7194 -2.2646 0.8307, -0.7194 -2.2798 0.8307, -0.6349 -2.277 0.8307, -0.6575 -2.2798 0.8307, -0.6331 -2.2809 0.8307, -0.7379 -2.2809 0.8307, -0.5892 -2.2355 0.8307, -0.5958 -2.2493 0.8307, -0.6009 -2.1687 0.8307, -0.5927 -2.1803 0.8307, -0.6057 -2.2611 0.8307, -0.6197 -2.2711 0.8307, -0.6331 -2.2763 0.8307, -0.6057 -2.164 0.8307, -0.6357 -2.1486 0.8307, -0.6331 -2.1496 0.8307, -0.6196 -2.1545 0.8307, -0.5877 -2.193 0.8307, -0.5855 -2.2113 0.8307, -0.5859 -2.2199 0.8307, -0.7739 -2.2197 0.8307, -0.7739 -2.2646 0.8307, -0.7379 -2.2197 0.8307, -0.7379 -2.2646 0.8307, -0.7262 -2.2197 0.8307, -0.7262 -2.2044 0.8307, -0.7379 -2.2044 0.8307, -0.7379 -2.1617 0.8307, -0.7739 -2.2044 0.8307, -0.7739 -2.1617 0.8307, -0.7912 -2.1463 0.8307, -0.7989 -2.1452 0.8307, -0.7912 -2.2798 0.8307, -1.5622 2.3515 0.8307, -1.5778 2.3138 0.8307, -1.6027 2.2814 0.8307, -1.6351 2.2565 0.8307, -1.7134 2.5486 0.8307, -1.3299 2.874 0.8307, -1.7539 2.5432 0.8307, -2.2441 2.874 0.8307, -1.7916 2.5276 0.8307, -1.6729 2.5432 0.8307, -1.6351 2.5276 0.8307, -1.6027 2.5027 0.8307, -1.5778 2.4703 0.8307, -1.5622 2.4326 0.8307, -1.5569 2.392 0.8307, -1.7916 2.2565 0.8307, -1.8241 2.2814 0.8307, -1.8489 2.3138 0.8307, -2.2835 2.8346 0.8307, -1.8646 2.3515 0.8307, -1.8699 2.392 0.8307, -1.6729 2.2408 0.8307, -1.7134 2.2355 0.8307, -1.7539 2.2408 0.8307, -2.2638 2.8687 0.8307, -2.2719 2.8625 0.8307, -1.8241 2.5027 0.8307, -2.2543 2.8727 0.8307, -1.8646 2.4326 0.8307, -1.8489 2.4703 0.8307, -2.2821 2.8448 0.8307, -2.2782 2.8543 0.8307, 2.2719 2.8625 0.8307, 2.2638 2.8687 0.8307, 2.2782 2.8543 0.8307, 2.2543 2.8727 0.8307, 2.2821 2.8448 0.8307, 2.2441 2.874 0.8307, 2.2835 2.8346 0.8307, 0.9963 2.874 0.8307, 2.2835 0.0625 0.8307, 2.2638 -2.8687 0.8307, 2.2719 -2.8625 0.8307, 2.2782 -2.8543 0.8307, 2.2821 -2.8448 0.8307, 2.2835 -2.8346 0.8307, 2.2543 -2.8727 0.8307, -0.8236 -2.1651 0.8307, -0.8523 -2.2667 0.8307, -0.8438 -2.2662 0.8307, -0.8867 -2.1755 0.8307, -0.8931 -2.1848 0.8307, -0.8995 -2.2199 0.8307, -0.8973 -2.2332 0.8307, -0.8122 -2.2809 0.8307, -0.8179 -2.1675 0.8307, -0.8179 -2.2577 0.8307, -0.8194 -2.1667 0.8307, -0.8236 -2.2604 0.8307, -0.829 -2.263 0.8307, -0.8493 -2.1596 0.8307, -0.8551 -2.1599 0.8307, -0.8857 -2.1744 0.8307, -0.8666 -2.1622 0.8307, -0.877 -2.1672 0.8307, -0.8975 -2.1963 0.8307, -0.8997 -2.2146 0.8307, -0.893 -2.2439 0.8307, -0.8866 -2.2526 0.8307, -0.8832 -2.2559 0.8307, -0.8329 -2.1616 0.8307, -0.8743 -2.2619 0.8307, -0.8645 -2.2654 0.8307, -0.8179 -2.1495 0.8307, -0.8122 -2.1452 0.8307, -0.8236 -2.1479 0.8307, -0.8236 -2.1452 0.8307, -0.832 -2.1454 0.8307, -0.8352 -2.1452 0.8307, -0.9098 -2.2511 0.8307, -0.9152 -2.2372 0.8307, -0.9198 -2.2809 0.8307, -0.8671 -2.2809 0.8307, -0.879 -2.2781 0.8307, -0.8913 -2.2718 0.8307, -0.9178 -2.2156 0.8307, -0.9176 -2.2086 0.8307, -0.9198 -2.1452 0.8307, -0.9145 -2.1912 0.8307, -0.9082 -2.1764 0.8307, -0.8985 -2.1637 0.8307, -0.9007 -2.2638 0.8307, -0.9018 -2.2625 0.8307, -0.8956 -2.1609 0.8307, -0.8827 -2.1518 0.8307, -0.8687 -2.1464 0.8307, -0.8648 -2.2814 0.8307, -0.9198 -2.32 0.8307, -0.8548 -2.282 0.8307, -0.8236 -2.32 0.8307, -0.843 -2.2809 0.8307, -0.8179 -2.2742 0.8307, -0.8202 -2.2754 0.8307, -0.8236 -2.2809 0.8307, -0.8236 -2.2765 0.8307, -0.8345 -2.2801 0.8307, -0.9219 -2.4763 0.8307, -0.9219 -2.4915 0.8307, -0.9198 -2.4926 0.8307, -0.9936 -2.4915 0.8307, -0.9226 -2.4926 0.8307, -0.9226 -2.4915 0.8307, -0.9936 -2.358 0.8307, -0.9249 -2.358 0.8307, -0.9249 -2.3734 0.8307, -0.9226 -2.32 0.8307, -0.9226 -2.4763 0.8307, -0.9764 -2.4314 0.8307, -0.9764 -2.4763 0.8307, -0.9287 -2.4314 0.8307, -0.9287 -2.4161 0.8307, -0.9764 -2.4161 0.8307, -0.9764 -2.3734 0.8307, -0.8853 -2.4926 0.8307, -0.8856 -2.4926 0.8307, -0.8965 -2.4029 0.8307, -0.8965 -2.4191 0.8307, -0.8293 -2.4301 0.8307, -0.8293 -2.4915 0.8307, -0.8236 -2.4926 0.8307, -0.846 -2.4915 0.8307, -0.892 -2.4902 0.8307, -0.8977 -2.4862 0.8307, -0.8995 -2.4843 0.8307, -0.8467 -2.397 0.8307, -0.8411 -2.4001 0.8307, -0.8538 -2.3949 0.8307, -0.903 -2.4792 0.8307, -0.905 -2.4736 0.8307, -0.9059 -2.466 0.8307, -0.846 -2.4767 0.8307, -0.8464 -2.4767 0.8307, -0.8491 -2.4808 0.8307, -0.8544 -2.4865 0.8307, -0.9058 -2.4639 0.8307, -0.9047 -2.4567 0.8307, -0.9024 -2.4508 0.8307, -0.8991 -2.446 0.8307, -0.894 -2.4416 0.8307, -0.8868 -2.438 0.8307, -0.8862 -2.4124 0.8307, -0.8742 -2.4349 0.8307, -0.8596 -2.4082 0.8307, -0.8653 -2.4076 0.8307, -0.8758 -2.4087 0.8307, -0.893 -2.4008 0.8307, -0.8806 -2.396 0.8307, -0.8637 -2.394 0.8307, -0.8367 -2.4044 0.8307, -0.8332 -2.4098 0.8307, -0.8306 -2.4173 0.8307, -0.846 -2.4309 0.8307, -0.8466 -2.4235 0.8307, -0.8483 -2.4176 0.8307, -0.8503 -2.4141 0.8307, -0.8528 -2.4114 0.8307, -0.8558 -2.4095 0.8307, -0.8756 -2.4937 0.8307, -0.9198 -2.5455 0.8307, -0.867 -2.4928 0.8307, -0.8236 -2.5455 0.8307, -0.8665 -2.4926 0.8307, -0.6594 -2.3962 0.8307, -0.6421 -2.3962 0.8307, -0.6331 -2.32 0.8307, -0.5818 -2.32 0.8307, -0.5818 -2.358 0.8307, -0.5553 -2.358 0.8307, -0.6967 -2.4926 0.8307, -0.6962 -2.4913 0.8307, -0.7336 -2.3962 0.8307, -0.7149 -2.3962 0.8307, -0.69 -2.4678 0.8307, -0.6854 -2.4679 0.8307, -0.6879 -2.4757 0.8307, -0.6875 -2.4757 0.8307, -0.6867 -2.4724 0.8307, -0.7099 -2.5181 0.8307, -0.7068 -2.5146 0.8307, -0.7035 -2.5086 0.8307, -0.6331 -2.5455 0.8307, -0.7126 -2.5356 0.8307, -0.7193 -2.5364 0.8307, -0.723 -2.5362 0.8307, -0.7301 -2.535 0.8307, -0.7301 -2.5201 0.8307, -0.7267 -2.5213 0.8307, -0.7206 -2.522 0.8307, -0.6801 -2.4926 0.8307, -0.6853 -2.5059 0.8307, -0.6929 -2.5206 0.8307, -0.699 -2.528 0.8307, -0.7001 -2.529 0.8307, -0.706 -2.5331 0.8307, -0.7165 -2.5216 0.8307, -0.7129 -2.5202 0.8307, -1.0483 -2.5455 0.8307, -1.0483 -2.874 0.8307, -0.9226 -2.5455 0.8307, -0.9226 -2.874 0.8307, -0.9198 -2.874 0.8307, -0.8236 -2.874 0.8307, -0.8122 -2.5455 0.8307, -0.8122 -2.874 0.8307, -0.7989 -2.874 0.8307, -0.7379 -2.874 0.8307, -0.6331 -2.874 0.8307, -0.5818 -2.5455 0.8307, -0.5818 -2.874 0.8307, -0.5397 -2.5455 0.8307, -0.5397 -2.874 0.8307, -0.4147 -2.5455 0.8307, -0.4147 -2.874 0.8307, 0.9963 -2.5455 0.8307, 0.9963 -2.874 0.8307, 2.2441 -2.874 0.8307, -0.8602 -2.4903 0.8307, 0.9963 -2.4926 0.8307, -0.4147 -2.4926 0.8307, -0.4221 -2.4472 0.8307, -0.4286 -2.461 0.8307, -0.4385 -2.4728 0.8307, -0.4526 -2.4828 0.8307, -0.4255 -2.392 0.8307, -0.4206 -2.4048 0.8307, -0.4147 -2.32 0.8307, -0.4184 -2.423 0.8307, -0.4188 -2.4316 0.8307, -0.489 -2.358 0.8307, -0.4686 -2.3603 0.8307, -0.4525 -2.3662 0.8307, -0.4385 -2.3757 0.8307, -0.4338 -2.3804 0.8307, -0.4678 -2.4888 0.8307, -0.4904 -2.4915 0.8307, -0.5271 -2.4915 0.8307, -0.5271 -2.358 0.8307, -0.392 -2.4915 0.8307, -0.411 -2.4915 0.8307, -0.31 -2.4915 0.8307, -0.3236 -2.455 0.8307, -0.3792 -2.455 0.8307, -0.3602 -2.358 0.8307, -0.3418 -2.358 0.8307, -0.9226 -2.2809 0.8307, -0.7989 -2.2809 0.8307, -0.9233 -2.2646 0.8307, -0.9233 -2.2798 0.8307, -0.9936 -2.2798 0.8307, -0.9764 -2.1463 0.8307, -0.9226 -2.1452 0.8307, -0.9936 -2.1463 0.8307, -0.9764 -2.2646 0.8307, -0.7379 -2.2798 0.8307, -0.2909 -2.4915 0.8307, 0.9963 -2.32 0.8307, 0.9963 -2.2809 0.8307, 0.9963 -2.1452 0.8307, -0.8588 -2.1452 0.8307, -0.9198 0.0625 0.8307, -0.9226 0.0625 0.8307, 0.9963 0.0625 0.8307, -0.4147 0.0625 0.8307, -0.5397 0.0625 0.8307, -0.5818 0.0625 0.8307, -0.6331 0.0625 0.8307, -0.7379 0.0625 0.8307, -0.7989 0.0625 0.8307, -0.8122 0.0625 0.8307, -0.8236 0.0625 0.8307, -0.8495 -2.1441 0.8307, 2.2835 -2.5455 0.8307, 2.2835 -2.4926 0.8307, 2.2835 -2.32 0.8307, 2.2835 -2.2809 0.8307, 2.2835 -2.1452 0.8307, -0.4147 2.874 0.8307, -0.5397 2.874 0.8307, -0.5818 2.874 0.8307, -0.6331 2.874 0.8307, -0.7379 2.874 0.8307, -0.7989 2.874 0.8307, -0.8122 2.874 0.8307, -0.8236 2.874 0.8307, -0.9198 2.874 0.8307, -0.9226 2.874 0.8307, -1.0483 2.874 0.8307
            ]
        }
        coordIndex [
            0,1,2,-1,3,4,5,-1,6,7,8,-1,8,7,9,-1,10,11,8,-1,8,11,12,-1,8,12,13,-1,13,14,8,-1,8,14,15,-1,8,15,6,-1,5,4,16,-1,17,18,19,-1,19,18,5,-1,5,18,20,-1,5,20,3,-1,17,19,21,-1,21,19,22,-1,21,22,23,-1,24,25,22,-1,22,25,26,-1,22,26,27,-1,22,28,23,-1,23,28,29,-1,23,29,30,-1,30,29,31,-1,30,31,32,-1,27,33,22,-1,22,33,34,-1,22,34,28,-1,35,36,37,-1,35,37,38,-1,38,37,39,-1,38,39,40,-1,36,41,37,-1,37,41,42,-1,37,42,43,-1,43,42,44,-1,44,45,43,-1,43,45,46,-1,43,46,24,-1,24,46,47,-1,24,47,25,-1,48,49,37,-1,37,49,50,-1,37,50,39,-1,51,52,53,-1,48,37,54,-1,54,37,55,-1,54,55,56,-1,52,57,53,-1,53,57,58,-1,53,58,59,-1,59,54,53,-1,53,54,56,-1,53,56,60,-1,60,56,61,-1,60,61,62,-1,62,63,60,-1,60,63,64,-1,60,64,65,-1,66,67,68,-1,67,69,68,-1,68,69,70,-1,68,70,71,-1,72,73,74,-1,74,73,75,-1,74,75,76,-1,77,78,79,-1,78,80,81,-1,82,83,84,-1,80,85,81,-1,81,85,86,-1,81,86,87,-1,88,89,90,-1,90,89,91,-1,90,91,92,-1,92,93,90,-1,90,93,94,-1,90,94,95,-1,88,90,96,-1,96,90,72,-1,96,72,97,-1,98,99,74,-1,74,99,100,-1,97,72,101,-1,101,72,74,-1,101,74,102,-1,103,104,90,-1,90,104,105,-1,90,105,82,-1,82,105,106,-1,82,106,83,-1,100,107,74,-1,74,107,108,-1,74,108,102,-1,87,109,81,-1,81,109,110,-1,81,110,74,-1,74,110,111,-1,74,111,98,-1,95,112,90,-1,90,112,113,-1,90,113,114,-1,114,115,90,-1,90,115,116,-1,90,116,103,-1,84,117,82,-1,82,117,118,-1,82,118,119,-1,119,118,120,-1,119,120,121,-1,122,123,118,-1,118,123,124,-1,118,124,120,-1,125,126,127,-1,127,128,125,-1,125,128,129,-1,125,129,130,-1,126,125,131,-1,131,125,132,-1,131,132,133,-1,133,132,134,-1,133,134,135,-1,136,137,118,-1,118,137,138,-1,135,122,133,-1,133,122,118,-1,133,118,139,-1,139,118,138,-1,140,141,136,-1,136,141,142,-1,136,142,137,-1,137,142,143,-1,136,144,145,-1,143,146,137,-1,137,146,147,-1,137,147,148,-1,145,149,136,-1,136,149,150,-1,136,150,140,-1,151,152,148,-1,148,152,153,-1,148,153,137,-1,154,155,136,-1,136,155,156,-1,136,156,144,-1,136,157,158,-1,158,159,136,-1,136,159,160,-1,136,160,154,-1,157,136,161,-1,161,136,118,-1,161,118,162,-1,162,118,117,-1,162,117,163,-1,163,164,162,-1,162,164,165,-1,162,165,166,-1,7,167,9,-1,9,167,168,-1,9,168,79,-1,79,168,169,-1,79,169,77,-1,170,171,172,-1,172,171,173,-1,173,171,174,-1,173,174,175,-1,176,177,178,-1,178,177,179,-1,178,179,180,-1,180,179,171,-1,180,171,181,-1,181,171,170,-1,181,170,182,-1,182,170,183,-1,182,183,184,-1,184,183,185,-1,174,186,175,-1,175,186,187,-1,175,187,188,-1,188,187,189,-1,190,191,192,-1,193,194,195,-1,194,196,195,-1,195,196,197,-1,195,197,198,-1,198,197,199,-1,190,192,195,-1,195,192,200,-1,195,200,193,-1,201,202,203,-1,203,202,204,-1,203,204,205,-1,205,204,206,-1,207,208,1,-1,1,208,209,-1,1,209,2,-1,210,211,2,-1,212,213,214,-1,215,216,2,-1,2,216,217,-1,199,218,198,-1,198,218,219,-1,198,219,214,-1,214,219,220,-1,214,220,212,-1,213,221,214,-1,214,221,222,-1,214,222,223,-1,223,222,224,-1,223,224,210,-1,225,226,211,-1,211,226,227,-1,211,227,2,-1,2,227,228,-1,2,228,215,-1,217,229,2,-1,2,229,230,-1,2,230,0,-1,231,232,233,-1,233,232,234,-1,233,234,235,-1,233,236,231,-1,231,236,237,-1,231,237,238,-1,238,239,231,-1,231,239,240,-1,231,240,241,-1,241,240,242,-1,241,242,243,-1,243,242,244,-1,243,244,211,-1,211,244,245,-1,211,245,225,-1,246,247,235,-1,235,247,248,-1,235,248,233,-1,249,250,191,-1,191,250,251,-1,191,251,192,-1,249,252,250,-1,250,252,253,-1,250,253,254,-1,254,253,255,-1,254,256,257,-1,255,258,254,-1,254,258,259,-1,254,259,260,-1,260,261,254,-1,254,261,262,-1,254,262,256,-1,257,263,254,-1,254,263,264,-1,254,264,265,-1,266,267,268,-1,269,270,268,-1,268,270,271,-1,268,271,266,-1,267,266,272,-1,272,266,273,-1,272,273,274,-1,270,275,271,-1,271,275,276,-1,271,276,277,-1,277,276,278,-1,277,278,279,-1,279,278,280,-1,279,280,274,-1,274,280,281,-1,274,281,272,-1,282,283,284,-1,284,283,285,-1,286,287,283,-1,283,287,288,-1,283,288,285,-1,285,288,289,-1,290,291,282,-1,292,293,294,-1,294,293,282,-1,294,282,295,-1,295,282,291,-1,296,297,277,-1,298,299,279,-1,297,300,277,-1,277,300,301,-1,277,301,294,-1,294,301,302,-1,294,302,292,-1,298,279,303,-1,286,304,287,-1,287,304,305,-1,287,305,279,-1,279,305,306,-1,279,306,303,-1,299,307,279,-1,279,307,308,-1,279,308,277,-1,277,308,309,-1,277,309,296,-1,310,311,312,-1,312,311,313,-1,312,313,314,-1,313,290,314,-1,314,290,282,-1,314,282,315,-1,315,282,284,-1,315,284,316,-1,316,284,317,-1,316,317,318,-1,318,317,319,-1,289,288,320,-1,320,288,321,-1,320,321,322,-1,323,324,5,-1,5,324,325,-1,5,325,326,-1,327,328,329,-1,329,328,330,-1,329,330,331,-1,327,332,328,-1,328,332,333,-1,328,333,334,-1,334,335,328,-1,328,335,336,-1,328,336,337,-1,338,339,19,-1,19,339,340,-1,19,340,341,-1,341,340,342,-1,341,342,343,-1,326,344,5,-1,5,344,345,-1,5,345,19,-1,19,345,346,-1,19,346,338,-1,347,348,349,-1,331,330,349,-1,349,330,350,-1,349,350,347,-1,343,351,341,-1,341,351,352,-1,341,352,353,-1,353,352,349,-1,353,349,354,-1,354,349,348,-1,355,356,357,-1,357,356,358,-1,357,358,359,-1,359,358,360,-1,359,360,361,-1,361,360,362,-1,361,362,363,-1,364,365,366,-1,366,367,364,-1,364,367,368,-1,364,368,369,-1,370,371,372,-1,370,373,374,-1,370,375,376,-1,377,378,379,-1,379,378,380,-1,379,380,381,-1,381,380,370,-1,381,370,382,-1,382,370,372,-1,383,384,385,-1,385,384,386,-1,385,386,387,-1,374,388,370,-1,370,388,389,-1,370,389,375,-1,376,390,370,-1,370,390,391,-1,370,391,392,-1,373,370,385,-1,385,370,393,-1,385,393,383,-1,392,394,370,-1,370,394,395,-1,370,395,371,-1,396,397,398,-1,398,397,399,-1,398,399,400,-1,400,399,401,-1,402,403,404,-1,405,406,404,-1,404,406,407,-1,408,409,410,-1,409,411,410,-1,410,411,412,-1,410,412,413,-1,407,414,404,-1,404,414,415,-1,404,415,402,-1,413,416,410,-1,410,416,417,-1,410,417,418,-1,419,420,421,-1,421,420,422,-1,421,422,423,-1,379,424,377,-1,377,424,425,-1,377,425,426,-1,426,425,427,-1,426,427,428,-1,429,430,431,-1,432,81,433,-1,431,430,433,-1,433,430,434,-1,433,434,432,-1,78,81,79,-1,79,81,432,-1,79,432,435,-1,436,437,438,-1,438,437,439,-1,438,439,420,-1,440,441,442,-1,442,441,439,-1,442,439,443,-1,443,439,437,-1,443,437,444,-1,444,437,445,-1,431,446,447,-1,439,429,420,-1,420,429,431,-1,420,431,448,-1,448,431,449,-1,450,451,452,-1,452,451,453,-1,447,454,431,-1,431,454,455,-1,431,455,456,-1,457,458,422,-1,457,422,459,-1,456,460,431,-1,431,460,461,-1,431,461,462,-1,463,464,453,-1,453,464,465,-1,453,465,466,-1,462,467,431,-1,431,467,468,-1,431,468,449,-1,449,468,469,-1,449,469,470,-1,470,471,449,-1,449,471,472,-1,449,472,473,-1,473,472,474,-1,475,476,474,-1,474,476,477,-1,474,477,473,-1,448,478,420,-1,420,478,479,-1,420,479,422,-1,422,479,480,-1,422,480,459,-1,458,481,422,-1,422,481,482,-1,422,482,483,-1,484,485,474,-1,474,485,486,-1,474,486,487,-1,487,488,474,-1,474,488,489,-1,474,489,475,-1,490,491,492,-1,492,491,493,-1,492,493,494,-1,495,496,497,-1,496,188,497,-1,497,188,189,-1,497,189,498,-1,498,189,499,-1,498,499,172,-1,172,499,500,-1,172,500,170,-1,501,502,2,-1,2,502,503,-1,210,2,223,-1,223,2,503,-1,223,503,497,-1,497,503,504,-1,497,504,495,-1,495,504,505,-1,495,505,506,-1,507,508,505,-1,505,508,509,-1,505,509,506,-1,510,511,2,-1,2,511,512,-1,2,512,501,-1,513,514,209,-1,209,514,515,-1,209,515,516,-1,516,517,209,-1,209,517,518,-1,209,518,2,-1,2,518,519,-1,2,519,520,-1,521,522,513,-1,513,522,523,-1,513,523,524,-1,524,525,513,-1,513,525,526,-1,513,526,514,-1,520,527,2,-1,2,527,528,-1,2,528,510,-1,71,51,68,-1,68,51,53,-1,68,53,529,-1,529,53,530,-1,529,530,531,-1,531,530,532,-1,531,532,491,-1,491,532,533,-1,491,533,493,-1,493,533,534,-1,493,534,535,-1,535,534,536,-1,535,536,208,-1,208,536,537,-1,208,537,209,-1,209,537,538,-1,209,538,513,-1,513,538,539,-1,513,539,540,-1,540,539,541,-1,540,541,542,-1,542,541,543,-1,542,543,544,-1,544,543,545,-1,544,545,546,-1,546,545,547,-1,546,547,368,-1,368,547,548,-1,368,548,369,-1,490,446,491,-1,491,446,431,-1,491,431,531,-1,531,431,433,-1,531,433,529,-1,529,433,81,-1,529,81,68,-1,68,81,74,-1,68,74,66,-1,66,74,76,-1,207,206,208,-1,208,206,204,-1,208,204,535,-1,535,204,202,-1,535,202,493,-1,493,202,452,-1,493,452,494,-1,494,452,453,-1,494,453,549,-1,549,453,466,-1,546,550,544,-1,544,550,551,-1,544,551,542,-1,542,551,173,-1,542,173,540,-1,540,173,175,-1,540,175,513,-1,513,175,188,-1,513,188,521,-1,521,188,496,-1,201,195,202,-1,202,195,198,-1,202,198,452,-1,452,198,422,-1,452,422,450,-1,450,422,483,-1,552,553,551,-1,551,553,554,-1,551,554,555,-1,556,557,558,-1,558,557,559,-1,558,559,551,-1,551,559,560,-1,551,560,552,-1,172,561,558,-1,558,561,562,-1,558,562,563,-1,563,564,558,-1,558,564,565,-1,558,565,556,-1,555,566,551,-1,551,566,567,-1,551,567,173,-1,173,567,568,-1,173,568,172,-1,172,568,569,-1,172,569,561,-1,570,571,551,-1,572,573,574,-1,551,571,558,-1,558,571,575,-1,558,575,576,-1,419,405,420,-1,420,405,404,-1,420,404,438,-1,438,404,577,-1,558,266,172,-1,172,266,271,-1,172,271,498,-1,498,271,277,-1,498,277,497,-1,497,277,294,-1,497,294,223,-1,223,294,295,-1,223,295,214,-1,214,295,578,-1,214,578,198,-1,198,578,377,-1,198,377,422,-1,422,377,426,-1,422,426,423,-1,423,426,428,-1,579,580,577,-1,577,580,581,-1,582,583,584,-1,584,583,8,-1,584,8,581,-1,581,8,9,-1,581,9,577,-1,577,9,79,-1,577,79,438,-1,438,79,435,-1,438,435,436,-1,403,408,404,-1,404,408,410,-1,404,410,577,-1,577,410,583,-1,577,583,579,-1,579,583,582,-1,579,582,585,-1,291,586,295,-1,295,586,322,-1,295,322,578,-1,578,322,321,-1,578,321,377,-1,377,321,397,-1,377,397,378,-1,378,397,396,-1,574,570,572,-1,572,570,551,-1,572,551,587,-1,587,551,550,-1,587,550,576,-1,576,550,588,-1,576,588,558,-1,558,588,589,-1,558,589,266,-1,266,589,590,-1,266,590,273,-1,418,591,410,-1,410,591,592,-1,410,592,583,-1,583,592,593,-1,583,593,8,-1,8,593,16,-1,8,16,10,-1,10,16,4,-1,590,594,273,-1,273,594,595,-1,273,595,274,-1,274,595,596,-1,274,596,279,-1,279,596,597,-1,279,597,287,-1,287,597,598,-1,287,598,288,-1,288,598,599,-1,288,599,321,-1,321,599,600,-1,321,600,397,-1,397,600,601,-1,397,601,399,-1,399,601,602,-1,399,602,401,-1,401,602,592,-1,401,592,603,-1,603,592,591,-1,368,604,546,-1,546,604,605,-1,546,605,550,-1,550,605,606,-1,550,606,588,-1,588,606,607,-1,588,607,589,-1,589,607,608,-1,589,608,590,-1,590,608,363,-1,590,363,594,-1,594,363,362,-1,594,362,595,-1,595,362,609,-1,595,609,596,-1,596,609,610,-1,596,610,597,-1,597,610,611,-1,597,611,598,-1,598,611,612,-1,598,612,599,-1,599,612,613,-1,599,613,600,-1,600,613,614,-1,600,614,601,-1,601,614,615,-1,601,615,602,-1,602,615,616,-1,602,616,592,-1,592,616,617,-1,592,617,593,-1,593,617,618,-1,593,618,16,-1,16,618,619,-1,16,619,5,-1,5,619,328,-1,5,328,323,-1,323,328,337,-1,
        ]
    }
}
Shape{
    appearance Appearance {
        material  Material 	{
            diffuseColor 1.0 1.0 0.5019607843137255
            specularColor 0.5019607843137255 0.5019607843137255 0.25098039215686274
            ambientIntensity 0.9432
            transparency 0.0
            shininess 0.5
        }
    }
    geometry IndexedFaceSet {
        ccw TRUE
        solid FALSE
        coord DEF co Coordinate {
            point [
                3.1535 -2.9921 0.4016, 3.1535 -2.9921 0.0, 3.1535 -2.9134 0.4016, 3.1535 -2.9134 0.0, 3.1535 -2.5197 0.0, 3.1535 -2.5197 0.4016, 3.1535 -2.5984 0.0, 3.1535 -2.5984 0.4016
            ]
        }
        coordIndex [
            0,1,2,-1,2,1,3,-1,4,5,6,-1,6,5,7,-1,
        ]
    }
}
Shape{
    appearance Appearance {
        material  Material 	{
            diffuseColor 0.25098039215686274 0.25098039215686274 0.25098039215686274
            specularColor 0.07450980392156863 0.07450980392156863 0.07450980392156863
            ambientIntensity 0.251
            transparency 0.0
            shininess 0.5
        }
    }
    geometry IndexedFaceSet {
        ccw TRUE
        solid FALSE
        coord DEF co Coordinate {
            point [
                3.1496 -3.1496 0.3976, 3.1496 -3.1496 0.0039, 3.1496 -2.9921 0.3976, 3.1496 -2.9921 0.0039, 3.1496 -2.2047 0.0039, 3.1496 -2.2047 0.3976, 3.1496 -2.5197 0.0039, 3.1496 -2.5197 0.3976, 2.3276 -2.9182 0.3976, 2.3031 -2.9369 0.3976, -2.6302 2.9854 0.3976, -3.1496 3.1496 0.3976, -2.6811 2.9921 0.3976, -3.1496 2.9921 0.3976, -2.3031 2.9369 0.3976, -2.3276 2.9182 0.3976, -2.5827 2.9658 0.3976, 2.3464 -2.8937 0.3976, 2.6302 -2.9854 0.3976, 2.6811 -2.9921 0.3976, 2.2747 -2.9487 0.3976, 2.2441 -2.9528 0.3976, -3.1496 -3.1496 0.3976, -2.2441 -2.9528 0.3976, -2.2747 -2.9487 0.3976, -2.5419 2.5773 0.3976, -2.5827 2.5461 0.3976, -2.5827 2.1784 0.3976, -2.6302 2.5264 0.3976, 2.3276 2.9182 0.3976, 3.1496 3.1496 0.3976, 2.3031 2.9369 0.3976, 2.2747 2.9487 0.3976, 2.5106 2.8937 0.3976, 2.5419 2.9345 0.3976, 2.5827 -2.9658 0.3976, 2.5419 -2.9345 0.3976, 2.3582 -2.8652 0.3976, 2.5827 2.9658 0.3976, 2.6302 2.9854 0.3976, 2.6811 2.9921 0.3976, 3.1496 2.9921 0.3976, 2.5827 -2.1784 0.3976, 2.5827 -2.5461 0.3976, 2.6302 -2.5264 0.3976, 2.5419 -2.1471 0.3976, 2.5106 -2.6181 0.3976, 2.5419 -2.5773 0.3976, 2.5106 -2.1063 0.3976, 2.491 -2.0588 0.3976, 2.4843 -2.0079 0.3976, -2.5106 -1.3189 0.3976, -2.5419 -1.3597 0.3976, -2.5827 -1.7587 0.3976, -2.5827 -1.3909 0.3976, -2.6302 -1.4106 0.3976, -2.5106 -2.1063 0.3976, -2.5419 -2.1471 0.3976, -2.5827 -2.5461 0.3976, -2.5827 -2.1784 0.3976, -2.6302 -2.198 0.3976, -2.2747 2.9487 0.3976, -2.2441 2.9528 0.3976, 2.2441 2.9528 0.3976, 2.5419 -1.3597 0.3976, 2.5106 -1.3189 0.3976, 2.5827 -1.7587 0.3976, 2.491 -1.2714 0.3976, 2.5419 -1.7899 0.3976, 2.4843 -1.2205 0.3976, 2.5106 -1.8307 0.3976, -3.1496 2.5197 0.3976, -3.1496 2.2047 0.3976, -2.6811 2.5197 0.3976, -2.6811 2.2047 0.3976, -2.6302 2.198 0.3976, -3.1496 -1.4173 0.3976, -3.1496 -1.7323 0.3976, -2.6811 -1.4173 0.3976, -2.6811 -1.7323 0.3976, -2.6302 -1.739 0.3976, 2.491 0.484 0.3976, 2.5106 0.5315 0.3976, 2.3622 2.8346 0.3976, 2.5106 1.3189 0.3976, 2.5419 1.3597 0.3976, 2.5827 1.7587 0.3976, 2.5827 1.3909 0.3976, 2.6302 1.4106 0.3976, 2.5419 -0.5723 0.3976, 2.5106 -0.5315 0.3976, 2.6302 -0.9516 0.3976, 2.5827 2.5461 0.3976, 2.5827 2.1784 0.3976, 2.6302 2.198 0.3976, 2.5419 2.5773 0.3976, 2.5106 2.1063 0.3976, 2.5419 2.1471 0.3976, 2.6811 -2.5197 0.3976, 2.6811 -2.2047 0.3976, 2.6302 -2.198 0.3976, -3.1496 -2.2047 0.3976, -3.1496 -2.5197 0.3976, -2.6811 -2.2047 0.3976, -2.6811 -2.5197 0.3976, -2.6302 -2.5264 0.3976, 3.1496 1.4173 0.3976, 3.1496 1.7323 0.3976, 2.6811 1.4173 0.3976, 2.6811 1.7323 0.3976, 2.6302 1.739 0.3976, 2.5106 2.6181 0.3976, 2.491 2.6656 0.3976, 2.4843 2.7165 0.3976, 3.1496 -1.7323 0.3976, 3.1496 -1.4173 0.3976, 2.6811 -1.7323 0.3976, 2.6811 -1.4173 0.3976, 2.6302 -1.739 0.3976, 2.6302 -1.4106 0.3976, 2.5827 -1.3909 0.3976, -2.5106 2.1063 0.3976, -2.4843 2.7165 0.3976, -2.5419 2.1471 0.3976, -2.491 2.6656 0.3976, -2.5106 2.6181 0.3976, 2.4843 -2.7165 0.3976, 2.491 -2.6656 0.3976, 2.3622 -2.8346 0.3976, 2.5827 -0.6035 0.3976, 2.3464 2.8937 0.3976, 2.3582 2.8652 0.3976, 2.491 2.8462 0.3976, 2.4843 2.7953 0.3976, 2.4843 -0.4331 0.3976, 2.4843 -0.3543 0.3976, 2.491 -0.3034 0.3976, 2.5106 -0.2559 0.3976, 2.5106 -1.0433 0.3976, 2.5419 -1.0025 0.3976, 2.5827 -0.9713 0.3976, 2.5827 0.1839 0.3976, 2.5827 -0.1839 0.3976, 2.6302 -0.1642 0.3976, 2.5419 -0.2151 0.3976, 2.5106 0.2559 0.3976, 2.5419 0.2151 0.3976, 2.5106 1.0433 0.3976, 2.5419 1.0025 0.3976, 2.5419 0.5723 0.3976, 2.5827 0.6035 0.3976, 2.6302 0.6232 0.3976, 2.5827 0.9713 0.3976, 3.1496 2.2047 0.3976, 3.1496 2.5197 0.3976, 2.6811 2.2047 0.3976, 2.6811 2.5197 0.3976, 2.6302 2.5264 0.3976, -2.3031 -2.9369 0.3976, -2.5827 -2.9658 0.3976, -2.6302 -2.9854 0.3976, -2.6811 -2.9921 0.3976, -3.1496 -2.9921 0.3976, 2.5106 -2.8937 0.3976, 2.491 -2.8462 0.3976, 2.4843 -2.7953 0.3976, 2.491 1.2714 0.3976, 2.5419 1.7899 0.3976, 2.4843 1.2205 0.3976, 2.5106 1.8307 0.3976, 2.491 1.8782 0.3976, 2.491 -0.484 0.3976, 2.491 -1.0908 0.3976, 2.4843 -1.1417 0.3976, 3.1496 -0.9449 0.3976, 3.1496 -0.6299 0.3976, 2.6811 -0.9449 0.3976, 2.6811 -0.6299 0.3976, 2.6302 -0.6232 0.3976, 2.491 0.3034 0.3976, 2.4843 0.3543 0.3976, 2.4843 0.4331 0.3976, -3.1496 1.7323 0.3976, -3.1496 1.4173 0.3976, -2.6811 1.7323 0.3976, -2.6811 1.4173 0.3976, -2.6302 1.739 0.3976, -2.6302 1.4106 0.3976, -2.5827 1.7587 0.3976, -2.5827 1.3909 0.3976, -2.5419 1.3597 0.3976, 2.491 -1.8782 0.3976, 2.4843 -1.9291 0.3976, 3.1496 -0.1575 0.3976, 3.1496 0.1575 0.3976, 2.6811 -0.1575 0.3976, 2.6811 0.1575 0.3976, 2.6302 0.1642 0.3976, 3.1496 0.6299 0.3976, 3.1496 0.9449 0.3976, 2.6811 0.6299 0.3976, 2.6811 0.9449 0.3976, 2.6302 0.9516 0.3976, -2.5419 -0.5723 0.3976, -2.6302 -0.9516 0.3976, -2.5106 -0.5315 0.3976, -2.491 -0.484 0.3976, -2.3276 -2.9182 0.3976, -2.3464 -2.8937 0.3976, -2.5419 -2.9345 0.3976, -3.1496 0.9449 0.3976, -3.1496 0.6299 0.3976, -2.6811 0.9449 0.3976, -2.6811 0.6299 0.3976, -2.6302 0.9516 0.3976, 2.4843 1.9291 0.3976, 2.4843 2.0079 0.3976, 2.491 2.0588 0.3976, -3.1496 -0.6299 0.3976, -3.1496 -0.9449 0.3976, -2.6811 -0.6299 0.3976, -2.6811 -0.9449 0.3976, -2.6302 -0.6232 0.3976, -2.5827 -0.6035 0.3976, -2.5419 2.9345 0.3976, -2.5106 2.8937 0.3976, -2.3464 2.8937 0.3976, -2.4843 1.2205 0.3976, -2.5419 1.7899 0.3976, -2.491 1.2714 0.3976, -2.5106 1.3189 0.3976, -2.5419 0.5723 0.3976, -2.5106 0.5315 0.3976, -2.5419 1.0025 0.3976, -2.491 0.484 0.3976, -2.4843 0.4331 0.3976, -2.5827 -0.9713 0.3976, -2.5419 -1.0025 0.3976, -2.4843 -0.4331 0.3976, -2.5106 -1.0433 0.3976, -2.5106 -0.2559 0.3976, -2.5106 0.2559 0.3976, -2.5419 0.2151 0.3976, 2.491 1.0908 0.3976, 2.4843 1.1417 0.3976, -2.5827 -0.1839 0.3976, -2.5419 -0.2151 0.3976, -2.6302 0.1642 0.3976, -2.5827 0.1839 0.3976, -2.5827 0.9713 0.3976, -2.6302 0.6232 0.3976, -2.5827 0.6035 0.3976, -2.5106 -2.8937 0.3976, -2.3582 -2.8652 0.3976, -2.491 -2.8462 0.3976, -2.4843 0.3543 0.3976, -2.3622 -2.8346 0.3976, -2.491 0.3034 0.3976, -3.1496 0.1575 0.3976, -3.1496 -0.1575 0.3976, -2.6811 0.1575 0.3976, -2.6811 -0.1575 0.3976, -2.6302 -0.1642 0.3976, -2.3582 2.8652 0.3976, -2.491 2.8462 0.3976, -2.3622 2.8346 0.3976, -2.4843 1.1417 0.3976, -2.491 1.0908 0.3976, -2.5106 1.0433 0.3976, -2.491 -1.2714 0.3976, -2.5419 -1.7899 0.3976, -2.4843 -1.2205 0.3976, -2.5106 -1.8307 0.3976, -2.491 -1.8782 0.3976, -2.491 2.0588 0.3976, -2.4843 2.7953 0.3976, -2.4843 2.0079 0.3976, -2.4843 1.9291 0.3976, -2.491 1.8782 0.3976, -2.5106 1.8307 0.3976, -2.4843 -2.7953 0.3976, -2.4843 -2.7165 0.3976, -2.4843 -1.9291 0.3976, -2.4843 -2.0079 0.3976, -2.491 -2.6656 0.3976, -2.491 -2.0588 0.3976, -2.5419 -2.5773 0.3976, -2.5106 -2.6181 0.3976, -2.491 -0.3034 0.3976, -2.4843 -0.3543 0.3976, -2.491 -1.0908 0.3976, -2.4843 -1.1417 0.3976, -2.5827 -2.1784 0.0039, -2.5827 -2.5461 0.0039, -2.6302 -2.5264 0.0039, -2.491 -2.8462 0.0039, -2.4843 -2.7953 0.0039, 2.5106 2.8937 0.0039, -2.5106 -2.8937 0.0039, -2.5106 -2.6181 0.0039, -2.5419 -2.5773 0.0039, 2.5419 2.9345 0.0039, 2.5827 2.5461 0.0039, -2.5419 -2.9345 0.0039, 2.5419 2.5773 0.0039, 2.5106 2.6181 0.0039, -2.5827 -1.7587 0.0039, -2.5419 -1.7899 0.0039, -2.5106 -1.8307 0.0039, -2.6302 2.198 0.0039, -2.5827 2.5461 0.0039, -2.5827 2.1784 0.0039, -2.5419 2.5773 0.0039, -2.4843 -2.7165 0.0039, -2.491 -2.6656 0.0039, 2.491 2.8462 0.0039, 2.4843 2.7953 0.0039, 2.5827 2.1784 0.0039, 2.6302 2.5264 0.0039, 3.1496 3.1496 0.0039, -2.5827 2.9658 0.0039, -2.6302 2.9854 0.0039, -3.1496 3.1496 0.0039, -2.6811 2.9921 0.0039, -3.1496 2.9921 0.0039, 2.4843 2.7165 0.0039, 2.491 2.6656 0.0039, 2.5827 1.7587 0.0039, 2.5419 1.7899 0.0039, 2.5106 1.8307 0.0039, -3.1496 -2.5197 0.0039, -3.1496 -2.2047 0.0039, -2.6811 -2.5197 0.0039, -2.6811 -2.2047 0.0039, -2.6302 -2.198 0.0039, -2.4843 -2.0079 0.0039, -2.4843 -1.9291 0.0039, -2.491 -1.8782 0.0039, 3.1496 2.9921 0.0039, 2.6811 2.9921 0.0039, 2.6302 2.9854 0.0039, 2.5827 2.9658 0.0039, -2.5419 2.9345 0.0039, -3.1496 2.2047 0.0039, -3.1496 2.5197 0.0039, -2.6811 2.2047 0.0039, -2.6811 2.5197 0.0039, -2.6302 2.5264 0.0039, 3.1496 2.5197 0.0039, 3.1496 2.2047 0.0039, 2.6811 2.5197 0.0039, 2.6811 2.2047 0.0039, 2.6302 2.198 0.0039, 2.4843 2.0079 0.0039, 2.4843 1.9291 0.0039, 2.491 1.8782 0.0039, 2.491 0.3034 0.0039, 2.5106 0.2559 0.0039, 2.5106 -0.2559 0.0039, -2.5419 -2.1471 0.0039, -2.5106 -2.1063 0.0039, -2.491 -2.0588 0.0039, -2.6302 1.4106 0.0039, -2.5827 1.7587 0.0039, -2.5827 1.3909 0.0039, -2.5419 1.3597 0.0039, 2.5419 2.1471 0.0039, 2.5106 2.1063 0.0039, 2.491 2.0588 0.0039, 2.4843 1.1417 0.0039, 2.491 1.0908 0.0039, 2.5106 0.5315 0.0039, 2.5106 1.0433 0.0039, 2.5419 1.0025 0.0039, 2.5419 -2.9345 0.0039, 2.5827 -2.9658 0.0039, -3.1496 -3.1496 0.0039, 2.6302 -2.9854 0.0039, 2.6811 -2.9921 0.0039, 2.6302 -2.198 0.0039, 2.5827 -2.5461 0.0039, 2.5827 -2.1784 0.0039, 2.5419 -2.5773 0.0039, -2.4843 2.7953 0.0039, -2.491 2.8462 0.0039, -2.5106 2.8937 0.0039, 2.5419 0.2151 0.0039, 2.5827 0.1839 0.0039, 2.5419 -0.2151 0.0039, 2.5419 1.3597 0.0039, 2.5106 1.3189 0.0039, -3.1496 1.4173 0.0039, -3.1496 1.7323 0.0039, -2.6811 1.4173 0.0039, -2.6811 1.7323 0.0039, -2.6302 1.739 0.0039, -3.1496 -0.9449 0.0039, -3.1496 -0.6299 0.0039, -2.6811 -0.9449 0.0039, -2.6811 -0.6299 0.0039, -2.6302 -0.9516 0.0039, 3.1496 0.9449 0.0039, 3.1496 0.6299 0.0039, 2.6811 0.9449 0.0039, 2.6811 0.6299 0.0039, 2.6302 0.9516 0.0039, 2.6302 0.6232 0.0039, 2.5827 0.6035 0.0039, 2.5827 0.9713 0.0039, 2.5419 0.5723 0.0039, 2.5106 -1.3189 0.0039, 2.5419 -1.3597 0.0039, 2.5827 -1.7587 0.0039, 2.5827 -1.3909 0.0039, 2.6302 -1.4106 0.0039, 2.4843 -2.7953 0.0039, 2.491 -2.8462 0.0039, 2.5106 -2.8937 0.0039, -3.1496 -1.7323 0.0039, -3.1496 -1.4173 0.0039, -2.6811 -1.7323 0.0039, -2.6811 -1.4173 0.0039, -2.6302 -1.739 0.0039, -2.6302 -1.4106 0.0039, -2.5827 -1.3909 0.0039, -2.5106 2.1063 0.0039, -2.5419 2.1471 0.0039, 2.491 -0.484 0.0039, 2.5106 -0.5315 0.0039, -2.5827 -2.9658 0.0039, 2.491 -1.2714 0.0039, 2.5419 -1.7899 0.0039, 2.4843 -1.2205 0.0039, 2.491 1.2714 0.0039, 2.4843 1.2205 0.0039, 2.6811 -2.2047 0.0039, 2.6811 -2.5197 0.0039, 2.6302 -2.5264 0.0039, -2.4843 -1.1417 0.0039, -2.491 -1.0908 0.0039, -2.491 0.484 0.0039, -2.5106 0.5315 0.0039, -2.6302 0.9516 0.0039, -2.5419 0.5723 0.0039, -2.5106 2.6181 0.0039, -2.491 2.6656 0.0039, -2.4843 2.7165 0.0039, 3.1496 -1.4173 0.0039, 3.1496 -1.7323 0.0039, 2.6811 -1.4173 0.0039, 2.6811 -1.7323 0.0039, 2.6302 -1.739 0.0039, 2.6302 -0.9516 0.0039, 2.5419 -0.5723 0.0039, 2.5419 -2.1471 0.0039, -2.4843 -1.2205 0.0039, -2.5419 -0.2151 0.0039, -2.6302 0.1642 0.0039, -2.5827 0.1839 0.0039, 3.1496 0.1575 0.0039, 3.1496 -0.1575 0.0039, 2.6811 0.1575 0.0039, 2.6811 -0.1575 0.0039, 2.6302 0.1642 0.0039, 2.6302 -0.1642 0.0039, 2.5827 -0.1839 0.0039, 2.4843 0.4331 0.0039, 2.4843 0.3543 0.0039, 2.4843 -0.4331 0.0039, 2.491 -1.0908 0.0039, 2.4843 -1.1417 0.0039, 3.1496 1.7323 0.0039, 3.1496 1.4173 0.0039, 2.6811 1.7323 0.0039, 2.6811 1.4173 0.0039, 2.6302 1.739 0.0039, 2.6302 1.4106 0.0039, 2.5827 1.3909 0.0039, 2.491 0.484 0.0039, -3.1496 -2.9921 0.0039, -2.6811 -2.9921 0.0039, -2.6302 -2.9854 0.0039, 2.5106 -2.6181 0.0039, 2.491 -2.6656 0.0039, 2.4843 -2.7165 0.0039, -2.5419 -1.3597 0.0039, -2.5106 -1.3189 0.0039, -2.491 -1.2714 0.0039, -2.5419 0.2151 0.0039, -2.5106 0.2559 0.0039, -2.5106 -0.2559 0.0039, 2.5827 -0.9713 0.0039, 2.5419 -1.0025 0.0039, 2.5106 -1.0433 0.0039, 2.4843 -1.9291 0.0039, 2.4843 -2.0079 0.0039, 2.491 -2.0588 0.0039, 2.5106 -2.1063 0.0039, -3.1496 -0.1575 0.0039, -3.1496 0.1575 0.0039, -2.6811 -0.1575 0.0039, -2.6811 0.1575 0.0039, -2.6302 -0.1642 0.0039, -2.5827 -0.1839 0.0039, -3.1496 0.6299 0.0039, -3.1496 0.9449 0.0039, -2.6811 0.6299 0.0039, -2.6811 0.9449 0.0039, -2.6302 0.6232 0.0039, -2.5827 0.6035 0.0039, -2.5827 -0.9713 0.0039, -2.6302 -0.6232 0.0039, -2.5419 -1.0025 0.0039, -2.5827 -0.6035 0.0039, -2.5419 -0.5723 0.0039, 2.491 -0.3034 0.0039, 2.4843 -0.3543 0.0039, 2.5106 -1.8307 0.0039, 2.491 -1.8782 0.0039, 3.1496 -0.6299 0.0039, 3.1496 -0.9449 0.0039, 2.6811 -0.6299 0.0039, 2.6811 -0.9449 0.0039, 2.6302 -0.6232 0.0039, 2.5827 -0.6035 0.0039, -2.5106 -0.5315 0.0039, -2.5106 -1.0433 0.0039, -2.4843 1.1417 0.0039, -2.4843 1.2205 0.0039, -2.491 -0.484 0.0039, -2.4843 -0.4331 0.0039, -2.4843 -0.3543 0.0039, -2.4843 0.3543 0.0039, -2.4843 0.4331 0.0039, -2.491 1.8782 0.0039, -2.5106 1.8307 0.0039, -2.5419 1.7899 0.0039, -2.491 1.2714 0.0039, -2.5106 1.3189 0.0039, -2.4843 1.9291 0.0039, -2.4843 2.0079 0.0039, -2.491 2.0588 0.0039, -2.491 0.3034 0.0039, -2.491 -0.3034 0.0039, -2.5827 0.9713 0.0039, -2.5419 1.0025 0.0039, -2.5106 1.0433 0.0039, -2.491 1.0908 0.0039
            ]
        }
        coordIndex [
            0,1,2,-1,2,1,3,-1,4,5,6,-1,6,5,7,-1,8,9,0,-1,10,11,12,-1,12,11,13,-1,14,11,15,-1,15,11,10,-1,15,10,16,-1,17,8,18,-1,18,8,0,-1,18,0,19,-1,19,0,2,-1,9,20,0,-1,0,20,21,-1,0,21,22,-1,22,21,23,-1,22,23,24,-1,25,26,27,-1,27,26,28,-1,29,30,31,-1,31,30,32,-1,29,33,34,-1,18,35,17,-1,17,35,36,-1,17,36,37,-1,34,38,29,-1,29,38,39,-1,29,39,30,-1,30,39,40,-1,30,40,41,-1,42,43,44,-1,45,46,42,-1,42,46,47,-1,42,47,43,-1,45,48,46,-1,46,48,49,-1,46,49,50,-1,51,52,53,-1,53,52,54,-1,53,54,55,-1,56,57,58,-1,58,57,59,-1,58,59,60,-1,14,61,11,-1,11,61,62,-1,11,62,30,-1,30,62,63,-1,30,63,32,-1,64,65,66,-1,66,65,67,-1,66,67,68,-1,68,67,69,-1,68,69,70,-1,71,72,73,-1,73,72,74,-1,73,74,28,-1,28,74,75,-1,28,75,27,-1,76,77,78,-1,78,77,79,-1,78,79,55,-1,55,79,80,-1,55,80,53,-1,81,82,83,-1,84,85,86,-1,86,85,87,-1,86,87,88,-1,89,90,91,-1,92,93,94,-1,95,96,92,-1,92,96,97,-1,92,97,93,-1,7,5,98,-1,98,5,99,-1,98,99,44,-1,44,99,100,-1,44,100,42,-1,101,102,103,-1,103,102,104,-1,103,104,60,-1,60,104,105,-1,60,105,58,-1,106,107,108,-1,108,107,109,-1,108,109,88,-1,88,109,110,-1,88,110,86,-1,95,111,96,-1,96,111,112,-1,96,112,83,-1,83,112,113,-1,114,115,116,-1,116,115,117,-1,116,117,118,-1,118,117,119,-1,118,119,66,-1,66,119,120,-1,66,120,64,-1,121,122,123,-1,123,122,124,-1,123,124,27,-1,27,124,125,-1,27,125,25,-1,126,127,128,-1,89,91,129,-1,29,130,33,-1,33,130,131,-1,33,131,132,-1,132,131,83,-1,132,83,133,-1,133,83,113,-1,134,135,83,-1,83,135,136,-1,83,136,137,-1,138,139,90,-1,90,139,140,-1,90,140,91,-1,141,142,143,-1,137,144,145,-1,145,144,142,-1,145,142,146,-1,146,142,141,-1,147,82,148,-1,148,82,149,-1,149,150,148,-1,148,150,151,-1,148,151,152,-1,153,154,155,-1,155,154,156,-1,155,156,94,-1,94,156,157,-1,94,157,92,-1,158,159,24,-1,24,159,160,-1,24,160,22,-1,22,160,161,-1,22,161,162,-1,36,163,37,-1,37,163,164,-1,37,164,128,-1,128,164,165,-1,128,165,126,-1,84,86,166,-1,166,86,167,-1,166,167,168,-1,168,167,169,-1,168,169,170,-1,90,171,138,-1,138,171,134,-1,138,134,172,-1,172,134,83,-1,172,83,173,-1,173,83,69,-1,174,175,176,-1,176,175,177,-1,176,177,91,-1,91,177,178,-1,91,178,129,-1,145,179,137,-1,137,179,180,-1,137,180,83,-1,83,180,181,-1,83,181,81,-1,182,183,184,-1,184,183,185,-1,184,185,186,-1,186,185,187,-1,186,187,188,-1,188,187,189,-1,188,189,190,-1,70,69,191,-1,191,69,83,-1,191,83,192,-1,192,83,128,-1,192,128,50,-1,50,128,127,-1,50,127,46,-1,193,194,195,-1,195,194,196,-1,195,196,143,-1,143,196,197,-1,143,197,141,-1,198,199,200,-1,200,199,201,-1,200,201,151,-1,151,201,202,-1,151,202,152,-1,203,204,205,-1,205,204,206,-1,158,207,159,-1,159,207,208,-1,159,208,209,-1,210,211,212,-1,212,211,213,-1,212,213,214,-1,215,216,83,-1,83,216,217,-1,83,217,96,-1,218,219,220,-1,220,219,221,-1,220,221,222,-1,222,221,204,-1,222,204,223,-1,223,204,203,-1,16,224,15,-1,15,224,225,-1,15,225,226,-1,227,228,229,-1,229,228,188,-1,229,188,230,-1,230,188,190,-1,231,232,233,-1,233,232,234,-1,233,234,235,-1,204,236,206,-1,206,236,237,-1,206,237,238,-1,238,237,239,-1,240,241,242,-1,147,243,82,-1,82,243,244,-1,82,244,83,-1,83,244,168,-1,83,168,215,-1,215,168,170,-1,245,246,247,-1,247,246,240,-1,247,240,248,-1,248,240,242,-1,214,213,249,-1,249,213,250,-1,249,250,233,-1,233,250,251,-1,233,251,231,-1,209,208,252,-1,252,208,253,-1,252,253,254,-1,235,255,256,-1,256,255,257,-1,256,257,241,-1,258,259,260,-1,260,259,261,-1,260,261,247,-1,247,261,262,-1,247,262,245,-1,226,225,263,-1,263,225,264,-1,263,264,265,-1,227,266,256,-1,256,266,267,-1,256,267,235,-1,235,267,268,-1,235,268,233,-1,51,53,269,-1,269,53,270,-1,269,270,271,-1,271,270,272,-1,271,272,273,-1,121,274,122,-1,122,274,265,-1,122,265,275,-1,275,265,264,-1,274,276,265,-1,265,276,277,-1,265,277,256,-1,256,277,278,-1,256,278,227,-1,227,278,279,-1,227,279,228,-1,254,253,280,-1,280,253,256,-1,280,256,281,-1,282,283,256,-1,256,283,284,-1,256,284,281,-1,56,58,285,-1,285,58,286,-1,285,286,283,-1,283,286,287,-1,283,287,284,-1,240,288,241,-1,241,288,289,-1,241,289,256,-1,256,289,238,-1,239,290,238,-1,238,290,291,-1,238,291,256,-1,256,291,271,-1,256,271,282,-1,282,271,273,-1,292,293,294,-1,295,296,297,-1,295,297,298,-1,299,300,297,-1,297,300,293,-1,297,293,301,-1,302,303,304,-1,304,303,305,-1,306,301,307,-1,307,301,308,-1,309,310,311,-1,311,310,312,-1,296,313,297,-1,297,313,314,-1,297,314,299,-1,298,297,303,-1,303,297,315,-1,303,315,316,-1,317,302,318,-1,319,320,321,-1,319,321,322,-1,322,321,323,-1,322,323,324,-1,316,325,303,-1,303,325,326,-1,303,326,305,-1,327,303,328,-1,328,303,329,-1,330,331,332,-1,332,331,333,-1,332,333,294,-1,294,333,334,-1,294,334,292,-1,335,336,301,-1,301,336,337,-1,301,337,308,-1,338,339,319,-1,319,339,340,-1,319,340,320,-1,320,340,341,-1,320,341,342,-1,343,344,345,-1,345,344,346,-1,345,346,309,-1,309,346,347,-1,309,347,310,-1,348,349,350,-1,350,349,351,-1,350,351,318,-1,318,351,352,-1,318,352,317,-1,353,354,303,-1,303,354,355,-1,303,355,329,-1,356,357,358,-1,292,359,293,-1,293,359,360,-1,293,360,301,-1,301,360,361,-1,301,361,335,-1,362,363,364,-1,364,363,365,-1,317,366,302,-1,302,366,367,-1,302,367,303,-1,303,367,368,-1,303,368,353,-1,369,370,371,-1,371,370,372,-1,371,372,373,-1,374,375,376,-1,376,375,377,-1,376,377,1,-1,1,377,378,-1,1,378,3,-1,379,380,381,-1,381,380,382,-1,383,384,341,-1,341,384,385,-1,341,385,342,-1,357,386,358,-1,358,386,387,-1,358,387,388,-1,389,390,327,-1,391,392,393,-1,393,392,394,-1,393,394,362,-1,362,394,395,-1,362,395,363,-1,396,397,398,-1,398,397,399,-1,398,399,400,-1,401,402,403,-1,403,402,404,-1,403,404,405,-1,405,404,406,-1,405,406,407,-1,373,408,371,-1,371,408,405,-1,371,405,409,-1,409,405,407,-1,410,411,412,-1,412,411,413,-1,412,413,414,-1,415,416,376,-1,376,416,417,-1,376,417,374,-1,418,419,420,-1,420,419,421,-1,420,421,422,-1,422,421,423,-1,422,423,306,-1,306,423,424,-1,425,426,341,-1,341,426,311,-1,427,428,429,-1,410,412,430,-1,430,412,431,-1,430,431,432,-1,327,390,303,-1,303,390,433,-1,303,433,434,-1,4,6,435,-1,435,6,436,-1,435,436,379,-1,379,436,437,-1,379,437,380,-1,438,439,301,-1,440,441,442,-1,442,441,443,-1,312,444,311,-1,311,444,445,-1,311,445,341,-1,341,445,446,-1,341,446,383,-1,447,448,449,-1,449,448,450,-1,449,450,414,-1,414,450,451,-1,414,451,412,-1,452,428,453,-1,376,454,381,-1,438,301,455,-1,456,457,458,-1,459,460,461,-1,461,460,462,-1,461,462,463,-1,463,462,464,-1,463,464,387,-1,387,464,465,-1,387,465,388,-1,429,466,467,-1,427,429,468,-1,469,470,429,-1,429,470,432,-1,471,472,473,-1,473,472,474,-1,473,474,475,-1,475,474,476,-1,475,476,327,-1,327,476,477,-1,327,477,389,-1,434,369,303,-1,303,369,371,-1,303,371,429,-1,429,371,478,-1,429,478,466,-1,479,480,376,-1,376,480,481,-1,382,482,381,-1,381,482,483,-1,381,483,376,-1,376,483,484,-1,376,484,415,-1,424,485,306,-1,306,485,486,-1,306,486,301,-1,301,486,487,-1,301,487,455,-1,458,488,456,-1,456,488,489,-1,456,489,490,-1,452,491,428,-1,428,491,492,-1,428,492,429,-1,429,492,493,-1,429,493,469,-1,494,495,481,-1,481,495,496,-1,481,496,376,-1,376,496,497,-1,376,497,454,-1,498,499,500,-1,500,499,501,-1,500,501,502,-1,502,501,457,-1,502,457,503,-1,503,457,456,-1,504,505,506,-1,506,505,507,-1,506,507,508,-1,508,507,442,-1,508,442,509,-1,509,442,443,-1,400,399,510,-1,510,399,511,-1,510,511,512,-1,512,511,513,-1,512,513,514,-1,356,358,467,-1,467,358,515,-1,467,515,429,-1,429,515,516,-1,429,516,468,-1,432,431,429,-1,429,431,517,-1,429,517,481,-1,481,517,518,-1,481,518,494,-1,519,520,521,-1,521,520,522,-1,521,522,523,-1,523,522,452,-1,523,452,524,-1,524,452,453,-1,514,525,512,-1,512,525,301,-1,512,301,526,-1,526,301,439,-1,301,527,528,-1,525,529,301,-1,301,529,530,-1,301,530,531,-1,301,532,533,-1,534,301,535,-1,535,301,528,-1,535,528,536,-1,536,528,537,-1,536,537,363,-1,363,537,538,-1,363,538,365,-1,534,539,301,-1,301,539,540,-1,301,540,341,-1,341,540,541,-1,341,541,425,-1,532,301,542,-1,542,301,531,-1,542,531,489,-1,489,531,543,-1,489,543,490,-1,442,544,440,-1,440,544,545,-1,440,545,533,-1,533,545,546,-1,533,546,301,-1,301,546,547,-1,301,547,527,-1,
        ]
    }
}
Shape{
    appearance Appearance {
        material  Material 	{
            diffuseColor 1.0 1.0 0.5019607843137255
            specularColor 0.5019607843137255 0.5019607843137255 0.25098039215686274
            ambientIntensity 0.9432
            transparency 0.0
            shininess 0.5
        }
    }
    geometry IndexedFaceSet {
        ccw TRUE
        solid FALSE
        coord DEF co Coordinate {
            point [
                3.1535 -2.2047 0.4016, 3.1535 -2.2047 0.0, 3.1535 -2.126 0.4016, 3.1535 -2.126 0.0, 3.1535 -1.7323 0.0, 3.1535 -1.7323 0.4016, 3.1535 -1.811 0.0, 3.1535 -1.811 0.4016
            ]
        }
        coordIndex [
            0,1,2,-1,2,1,3,-1,4,5,6,-1,6,5,7,-1,
        ]
    }
}
Shape{
    appearance Appearance {
        material  Material 	{
            diffuseColor 0.25098039215686274 0.25098039215686274 0.25098039215686274
            specularColor 0.07450980392156863 0.07450980392156863 0.07450980392156863
            ambientIntensity 0.251
            transparency 0.0
            shininess 0.5
        }
    }
    geometry IndexedFaceSet {
        ccw TRUE
        solid FALSE
        coord DEF co Coordinate {
            point [
                3.1496 -1.4173 0.0039, 3.1496 -1.4173 0.3976, 3.1496 -1.7323 0.0039, 3.1496 -1.7323 0.3976
            ]
        }
        coordIndex [
            0,1,2,-1,2,1,3,-1,
        ]
    }
}
Shape{
    appearance Appearance {
        material  Material 	{
            diffuseColor 1.0 1.0 0.5019607843137255
            specularColor 0.5019607843137255 0.5019607843137255 0.25098039215686274
            ambientIntensity 0.9432
            transparency 0.0
            shininess 0.5
        }
    }
    geometry IndexedFaceSet {
        ccw TRUE
        solid FALSE
        coord DEF co Coordinate {
            point [
                3.1535 -1.4173 0.4016, 3.1535 -1.4173 0.0, 3.1535 -1.3386 0.4016, 3.1535 -1.3386 0.0, 3.1535 -0.9449 0.0, 3.1535 -0.9449 0.4016, 3.1535 -1.0236 0.0, 3.1535 -1.0236 0.4016
            ]
        }
        coordIndex [
            0,1,2,-1,2,1,3,-1,4,5,6,-1,6,5,7,-1,
        ]
    }
}
Shape{
    appearance Appearance {
        material  Material 	{
            diffuseColor 0.25098039215686274 0.25098039215686274 0.25098039215686274
            specularColor 0.07450980392156863 0.07450980392156863 0.07450980392156863
            ambientIntensity 0.251
            transparency 0.0
            shininess 0.5
        }
    }
    geometry IndexedFaceSet {
        ccw TRUE
        solid FALSE
        coord DEF co Coordinate {
            point [
                3.1496 -0.6299 0.0039, 3.1496 -0.6299 0.3976, 3.1496 -0.9449 0.0039, 3.1496 -0.9449 0.3976
            ]
        }
        coordIndex [
            0,1,2,-1,2,1,3,-1,
        ]
    }
}
Shape{
    appearance Appearance {
        material  Material 	{
            diffuseColor 1.0 1.0 0.5019607843137255
            specularColor 0.5019607843137255 0.5019607843137255 0.25098039215686274
            ambientIntensity 0.9432
            transparency 0.0
            shininess 0.5
        }
    }
    geometry IndexedFaceSet {
        ccw TRUE
        solid FALSE
        coord DEF co Coordinate {
            point [
                3.1535 -0.6299 0.4016, 3.1535 -0.6299 0.0, 3.1535 -0.5512 0.4016, 3.1535 -0.5512 0.0, 3.1535 -0.1575 0.0, 3.1535 -0.1575 0.4016, 3.1535 -0.2362 0.0, 3.1535 -0.2362 0.4016
            ]
        }
        coordIndex [
            0,1,2,-1,2,1,3,-1,4,5,6,-1,6,5,7,-1,
        ]
    }
}
Shape{
    appearance Appearance {
        material  Material 	{
            diffuseColor 0.25098039215686274 0.25098039215686274 0.25098039215686274
            specularColor 0.07450980392156863 0.07450980392156863 0.07450980392156863
            ambientIntensity 0.251
            transparency 0.0
            shininess 0.5
        }
    }
    geometry IndexedFaceSet {
        ccw TRUE
        solid FALSE
        coord DEF co Coordinate {
            point [
                3.1496 0.1575 0.0039, 3.1496 0.1575 0.3976, 3.1496 -0.1575 0.0039, 3.1496 -0.1575 0.3976
            ]
        }
        coordIndex [
            0,1,2,-1,2,1,3,-1,
        ]
    }
}
Shape{
    appearance Appearance {
        material  Material 	{
            diffuseColor 1.0 1.0 0.5019607843137255
            specularColor 0.5019607843137255 0.5019607843137255 0.25098039215686274
            ambientIntensity 0.9432
            transparency 0.0
            shininess 0.5
        }
    }
    geometry IndexedFaceSet {
        ccw TRUE
        solid FALSE
        coord DEF co Coordinate {
            point [
                3.1535 0.1575 0.4016, 3.1535 0.1575 0.0, 3.1535 0.2362 0.4016, 3.1535 0.2362 0.0, 3.1535 0.6299 0.0, 3.1535 0.6299 0.4016, 3.1535 0.5512 0.0, 3.1535 0.5512 0.4016
            ]
        }
        coordIndex [
            0,1,2,-1,2,1,3,-1,4,5,6,-1,6,5,7,-1,
        ]
    }
}
Shape{
    appearance Appearance {
        material  Material 	{
            diffuseColor 0.25098039215686274 0.25098039215686274 0.25098039215686274
            specularColor 0.07450980392156863 0.07450980392156863 0.07450980392156863
            ambientIntensity 0.251
            transparency 0.0
            shininess 0.5
        }
    }
    geometry IndexedFaceSet {
        ccw TRUE
        solid FALSE
        coord DEF co Coordinate {
            point [
                3.1496 0.9449 0.0039, 3.1496 0.9449 0.3976, 3.1496 0.6299 0.0039, 3.1496 0.6299 0.3976
            ]
        }
        coordIndex [
            0,1,2,-1,2,1,3,-1,
        ]
    }
}
Shape{
    appearance Appearance {
        material  Material 	{
            diffuseColor 1.0 1.0 0.5019607843137255
            specularColor 0.5019607843137255 0.5019607843137255 0.25098039215686274
            ambientIntensity 0.9432
            transparency 0.0
            shininess 0.5
        }
    }
    geometry IndexedFaceSet {
        ccw TRUE
        solid FALSE
        coord DEF co Coordinate {
            point [
                3.1535 0.9449 0.4016, 3.1535 0.9449 0.0, 3.1535 1.0236 0.4016, 3.1535 1.0236 0.0, 3.1535 1.4173 0.0, 3.1535 1.4173 0.4016, 3.1535 1.3386 0.0, 3.1535 1.3386 0.4016
            ]
        }
        coordIndex [
            0,1,2,-1,2,1,3,-1,4,5,6,-1,6,5,7,-1,
        ]
    }
}
Shape{
    appearance Appearance {
        material  Material 	{
            diffuseColor 0.25098039215686274 0.25098039215686274 0.25098039215686274
            specularColor 0.07450980392156863 0.07450980392156863 0.07450980392156863
            ambientIntensity 0.251
            transparency 0.0
            shininess 0.5
        }
    }
    geometry IndexedFaceSet {
        ccw TRUE
        solid FALSE
        coord DEF co Coordinate {
            point [
                3.1496 1.7323 0.0039, 3.1496 1.7323 0.3976, 3.1496 1.4173 0.0039, 3.1496 1.4173 0.3976
            ]
        }
        coordIndex [
            0,1,2,-1,2,1,3,-1,
        ]
    }
}
Shape{
    appearance Appearance {
        material  Material 	{
            diffuseColor 1.0 1.0 0.5019607843137255
            specularColor 0.5019607843137255 0.5019607843137255 0.25098039215686274
            ambientIntensity 0.9432
            transparency 0.0
            shininess 0.5
        }
    }
    geometry IndexedFaceSet {
        ccw TRUE
        solid FALSE
        coord DEF co Coordinate {
            point [
                3.1535 1.7323 0.4016, 3.1535 1.7323 0.0, 3.1535 1.811 0.4016, 3.1535 1.811 0.0, 3.1535 2.2047 0.0, 3.1535 2.2047 0.4016, 3.1535 2.126 0.0, 3.1535 2.126 0.4016
            ]
        }
        coordIndex [
            0,1,2,-1,2,1,3,-1,4,5,6,-1,6,5,7,-1,
        ]
    }
}
Shape{
    appearance Appearance {
        material  Material 	{
            diffuseColor 0.25098039215686274 0.25098039215686274 0.25098039215686274
            specularColor 0.07450980392156863 0.07450980392156863 0.07450980392156863
            ambientIntensity 0.251
            transparency 0.0
            shininess 0.5
        }
    }
    geometry IndexedFaceSet {
        ccw TRUE
        solid FALSE
        coord DEF co Coordinate {
            point [
                3.1496 2.5197 0.0039, 3.1496 2.5197 0.3976, 3.1496 2.2047 0.0039, 3.1496 2.2047 0.3976
            ]
        }
        coordIndex [
            0,1,2,-1,2,1,3,-1,
        ]
    }
}
Shape{
    appearance Appearance {
        material  Material 	{
            diffuseColor 1.0 1.0 0.5019607843137255
            specularColor 0.5019607843137255 0.5019607843137255 0.25098039215686274
            ambientIntensity 0.9432
            transparency 0.0
            shininess 0.5
        }
    }
    geometry IndexedFaceSet {
        ccw TRUE
        solid FALSE
        coord DEF co Coordinate {
            point [
                -3.1535 1.7323 0.0, -3.1535 1.7323 0.4016, -3.1535 1.811 0.0, -3.1535 1.811 0.4016, -3.1535 0.9449 0.0, -3.1535 0.9449 0.4016, -3.1535 1.0236 0.0, -3.1535 1.0236 0.4016, -3.1535 0.1575 0.0, -3.1535 0.1575 0.4016, -3.1535 0.2362 0.0, -3.1535 0.2362 0.4016, -3.1535 -0.6299 0.0, -3.1535 -0.6299 0.4016, -3.1535 -0.5512 0.0, -3.1535 -0.5512 0.4016, -3.1535 -1.4173 0.0, -3.1535 -1.4173 0.4016, -3.1535 -1.3386 0.0, -3.1535 -1.3386 0.4016, -3.1535 -2.2047 0.0, -3.1535 -2.2047 0.4016, -3.1535 -2.126 0.0, -3.1535 -2.126 0.4016, -3.1535 -2.9921 0.0, -3.1535 -2.9921 0.4016, -3.1535 -2.9134 0.0, -3.1535 -2.9134 0.4016
            ]
        }
        coordIndex [
            0,1,2,-1,2,1,3,-1,4,5,6,-1,6,5,7,-1,8,9,10,-1,10,9,11,-1,12,13,14,-1,14,13,15,-1,16,17,18,-1,18,17,19,-1,20,21,22,-1,22,21,23,-1,24,25,26,-1,26,25,27,-1,
        ]
    }
}
Shape{
    appearance Appearance {
        material  Material 	{
            diffuseColor 0.25098039215686274 0.25098039215686274 0.25098039215686274
            specularColor 0.07450980392156863 0.07450980392156863 0.07450980392156863
            ambientIntensity 0.251
            transparency 0.0
            shininess 0.5
        }
    }
    geometry IndexedFaceSet {
        ccw TRUE
        solid FALSE
        coord DEF co Coordinate {
            point [
                -3.1496 -2.5197 0.3976, -3.1496 -2.2047 0.3976, -3.1496 -2.5197 0.0039, -3.1496 -2.2047 0.0039, -3.1496 -1.7323 0.3976, -3.1496 -1.4173 0.3976, -3.1496 -1.7323 0.0039, -3.1496 -1.4173 0.0039, -3.1496 -0.9449 0.3976, -3.1496 -0.6299 0.3976, -3.1496 -0.9449 0.0039, -3.1496 -0.6299 0.0039, -3.1496 -0.1575 0.3976, -3.1496 0.1575 0.3976, -3.1496 -0.1575 0.0039, -3.1496 0.1575 0.0039, -3.1496 0.6299 0.3976, -3.1496 0.9449 0.3976, -3.1496 0.6299 0.0039, -3.1496 0.9449 0.0039, -3.1496 1.4173 0.3976, -3.1496 1.7323 0.3976, -3.1496 1.4173 0.0039, -3.1496 1.7323 0.0039, -3.1496 2.2047 0.3976, -3.1496 2.5197 0.3976, -3.1496 2.2047 0.0039, -3.1496 2.5197 0.0039
            ]
        }
        coordIndex [
            0,1,2,-1,2,1,3,-1,4,5,6,-1,6,5,7,-1,8,9,10,-1,10,9,11,-1,12,13,14,-1,14,13,15,-1,16,17,18,-1,18,17,19,-1,20,21,22,-1,22,21,23,-1,24,25,26,-1,26,25,27,-1,
        ]
    }
}
Shape{
    appearance Appearance {
        material  Material 	{
            diffuseColor 1.0 1.0 0.5019607843137255
            specularColor 0.5019607843137255 0.5019607843137255 0.25098039215686274
            ambientIntensity 0.9432
            transparency 0.0
            shininess 0.5
        }
    }
    geometry IndexedFaceSet {
        ccw TRUE
        solid FALSE
        coord DEF co Coordinate {
            point [
                3.1535 2.5197 0.4016, 3.1535 2.5197 0.0, 3.1535 2.5984 0.4016, 3.1535 2.5984 0.0, 3.1535 2.9921 0.0, 3.1535 2.9921 0.4016, 3.1535 2.9134 0.0, 3.1535 2.9134 0.4016
            ]
        }
        coordIndex [
            0,1,2,-1,2,1,3,-1,4,5,6,-1,6,5,7,-1,
        ]
    }
}
Shape{
    appearance Appearance {
        material  Material 	{
            diffuseColor 0.25098039215686274 0.25098039215686274 0.25098039215686274
            specularColor 0.07450980392156863 0.07450980392156863 0.07450980392156863
            ambientIntensity 0.251
            transparency 0.0
            shininess 0.5
        }
    }
    geometry IndexedFaceSet {
        ccw TRUE
        solid FALSE
        coord DEF co Coordinate {
            point [
                3.1496 3.1496 0.0039, 3.1496 3.1496 0.3976, 3.1496 2.9921 0.0039, 3.1496 2.9921 0.3976
            ]
        }
        coordIndex [
            0,1,2,-1,2,1,3,-1,
        ]
    }
}
Shape{
    appearance Appearance {
        material  Material 	{
            diffuseColor 1.0 1.0 0.5019607843137255
            specularColor 0.5019607843137255 0.5019607843137255 0.25098039215686274
            ambientIntensity 0.9432
            transparency 0.0
            shininess 0.5
        }
    }
    geometry IndexedFaceSet {
        ccw TRUE
        solid FALSE
        coord DEF co Coordinate {
            point [
                -3.1535 2.5197 0.0, -3.1535 2.5197 0.4016, -3.1535 2.5984 0.0, -3.1535 2.5984 0.4016
            ]
        }
        coordIndex [
            0,1,2,-1,2,1,3,-1,
        ]
    }
}
Shape{
    appearance Appearance {
        material  Material 	{
            diffuseColor 0.25098039215686274 0.25098039215686274 0.25098039215686274
            specularColor 0.07450980392156863 0.07450980392156863 0.07450980392156863
            ambientIntensity 0.251
            transparency 0.0
            shininess 0.5
        }
    }
    geometry IndexedFaceSet {
        ccw TRUE
        solid FALSE
        coord DEF co Coordinate {
            point [
                -3.1496 2.9921 0.3976, -3.1496 3.1496 0.3976, -3.1496 2.9921 0.0039, -3.1496 3.1496 0.0039, 3.1496 3.1496 0.3976, 3.1496 3.1496 0.0039, -3.1496 -2.9921 0.0039, -3.1496 -3.1496 0.0039, -3.1496 -2.9921 0.3976, -3.1496 -3.1496 0.3976, 3.1496 -3.1496 0.3976, 3.1496 -3.1496 0.0039
            ]
        }
        coordIndex [
            0,1,2,-1,2,1,3,-1,1,4,3,-1,3,4,5,-1,6,7,8,-1,8,7,9,-1,10,9,11,-1,11,9,7,-1,
        ]
    }
}
Shape{
    appearance Appearance {
        material  Material 	{
            diffuseColor 1.0 1.0 1.0
            specularColor 0.5019607843137255 0.5019607843137255 0.5019607843137255
            ambientIntensity 1.0
            transparency 0.0
            shininess 0.5
        }
    }
    geometry IndexedFaceSet {
        ccw TRUE
        solid FALSE
        coord DEF co Coordinate {
            point [
                2.3622 2.8346 0.752, 2.3622 2.8346 0.3976, 2.3582 2.8652 0.3976, 2.3582 2.8652 0.752, 2.3464 2.8937 0.3976, 2.3464 2.8937 0.752, 2.3276 2.9182 0.3976, 2.3276 2.9182 0.752, 2.3031 2.9369 0.3976, 2.3031 2.9369 0.752, 2.2747 2.9487 0.3976, 2.2747 2.9487 0.752, 2.2441 2.9528 0.3976, 2.2441 2.9528 0.752, -2.2441 2.9528 0.752, -2.2441 2.9528 0.3976, -2.2747 2.9487 0.3976, -2.2747 2.9487 0.752, -2.3031 2.9369 0.3976, -2.3031 2.9369 0.752, -2.3276 2.9182 0.3976, -2.3276 2.9182 0.752, -2.3464 2.8937 0.3976, -2.3464 2.8937 0.752, -2.3582 2.8652 0.3976, -2.3582 2.8652 0.752, -2.3622 2.8346 0.3976, -2.3622 2.8346 0.752, -2.3622 -2.8346 0.752, -2.3622 -2.8346 0.3976, -2.3582 -2.8652 0.3976, -2.3582 -2.8652 0.752, -2.3464 -2.8937 0.3976, -2.3464 -2.8937 0.752, -2.3276 -2.9182 0.3976, -2.3276 -2.9182 0.752, -2.3031 -2.9369 0.3976, -2.3031 -2.9369 0.752, -2.2747 -2.9487 0.3976, -2.2747 -2.9487 0.752, -2.2441 -2.9528 0.3976, -2.2441 -2.9528 0.752, 2.2441 -2.9528 0.752, 2.2441 -2.9528 0.3976, 2.2747 -2.9487 0.3976, 2.2747 -2.9487 0.752, 2.3031 -2.9369 0.3976, 2.3031 -2.9369 0.752, 2.3276 -2.9182 0.3976, 2.3276 -2.9182 0.752, 2.3464 -2.8937 0.3976, 2.3464 -2.8937 0.752, 2.3582 -2.8652 0.3976, 2.3582 -2.8652 0.752, 2.3622 -2.8346 0.3976, 2.3622 -2.8346 0.752, -2.3595 -2.8346 0.7723, -2.3595 2.8346 0.7723, -2.3517 -2.8346 0.7913, -2.3517 2.8346 0.7913, -2.3391 -2.8346 0.8076, -2.3391 2.8346 0.8076, -2.3228 -2.8346 0.8202, -2.3228 2.8346 0.8202, -2.3038 -2.8346 0.828, -2.3038 2.8346 0.828, -2.2835 -2.8346 0.8307, -2.2835 -2.5455 0.8307, -2.2835 -2.4926 0.8307, -2.2835 -2.32 0.8307, -2.2835 -2.2809 0.8307, -2.2835 -2.1452 0.8307, -2.2835 0.0625 0.8307, -2.2835 2.8346 0.8307, -2.3556 -2.8645 0.7723, -2.348 -2.8625 0.7913, -2.3359 -2.8592 0.8076, -2.3202 -2.855 0.8202, -2.3018 -2.8501 0.828, -2.2821 -2.8448 0.8307, -2.3441 -2.8924 0.7723, -2.3372 -2.8884 0.7913, -2.3264 -2.8822 0.8076, -2.3123 -2.874 0.8202, -2.2958 -2.8645 0.828, -2.2782 -2.8543 0.8307, -2.3257 -2.9163 0.7723, -2.3202 -2.9107 0.7913, -2.3113 -2.9019 0.8076, -2.2998 -2.8903 0.8202, -2.2863 -2.8769 0.828, -2.2719 -2.8625 0.8307, -2.3018 -2.9346 0.7723, -2.2979 -2.9278 0.7913, -2.2916 -2.917 0.8076, -2.2835 -2.9028 0.8202, -2.274 -2.8864 0.828, -2.2638 -2.8687 0.8307, -2.274 -2.9461 0.7723, -2.2719 -2.9385 0.7913, -2.2687 -2.9265 0.8076, -2.2645 -2.9107 0.8202, -2.2596 -2.8924 0.828, -2.2543 -2.8727 0.8307, -2.2441 -2.9501 0.7723, -2.2441 -2.9422 0.7913, -2.2441 -2.9297 0.8076, -2.2441 -2.9134 0.8202, -2.2441 -2.8944 0.828, -2.2441 -2.874 0.8307, -2.2441 2.9501 0.7723, -2.274 2.9461 0.7723, -2.2441 2.9422 0.7913, -2.2719 2.9385 0.7913, -2.2441 2.9297 0.8076, -2.2687 2.9265 0.8076, -2.2441 2.9134 0.8202, -2.2645 2.9107 0.8202, -2.2441 2.8944 0.828, -2.2596 2.8924 0.828, -2.2441 2.874 0.8307, -2.2543 2.8727 0.8307, -2.3018 2.9346 0.7723, -2.2979 2.9278 0.7913, -2.2916 2.917 0.8076, -2.2835 2.9028 0.8202, -2.274 2.8864 0.828, -2.2638 2.8687 0.8307, -2.3257 2.9163 0.7723, -2.3202 2.9107 0.7913, -2.3113 2.9019 0.8076, -2.2998 2.8903 0.8202, -2.2863 2.8769 0.828, -2.2719 2.8625 0.8307, -2.3441 2.8924 0.7723, -2.3372 2.8884 0.7913, -2.3264 2.8822 0.8076, -2.3123 2.874 0.8202, -2.2958 2.8645 0.828, -2.2782 2.8543 0.8307, -2.3556 2.8645 0.7723, -2.348 2.8625 0.7913, -2.3359 2.8592 0.8076, -2.3202 2.855 0.8202, -2.3018 2.8501 0.828, -2.2821 2.8448 0.8307, 2.2441 -2.9508 0.7695, 2.2441 -2.9498 0.7723, 2.2441 -2.945 0.7861, 2.2441 -2.9418 0.7911, 2.2441 -2.9356 0.8011, 2.2441 -2.9293 0.8073, 2.2441 -2.9231 0.8135, 2.2441 -2.9132 0.8198, 2.2441 -2.874 0.8307, 0.9963 -2.874 0.8307, 2.2441 -2.8915 0.8287, 2.2441 -2.8943 0.8278, 2.2441 -2.9082 0.8229, -0.4147 -2.874 0.8307, -0.5397 -2.874 0.8307, -0.5818 -2.874 0.8307, -0.6331 -2.874 0.8307, -0.7379 -2.874 0.8307, -0.7989 -2.874 0.8307, -0.8122 -2.874 0.8307, -0.8236 -2.874 0.8307, -0.9198 -2.874 0.8307, -0.9226 -2.874 0.8307, -1.0483 -2.874 0.8307, -1.3299 -2.874 0.8307, 2.2441 2.9501 0.7723, 2.2441 2.9422 0.7913, 2.2441 2.9297 0.8076, 2.2441 2.9134 0.8202, 2.2441 2.8944 0.828, -1.3299 2.874 0.8307, -1.0483 2.874 0.8307, -0.9226 2.874 0.8307, -0.9198 2.874 0.8307, -0.8236 2.874 0.8307, -0.8122 2.874 0.8307, -0.7989 2.874 0.8307, -0.7379 2.874 0.8307, -0.6331 2.874 0.8307, -0.5818 2.874 0.8307, -0.5397 2.874 0.8307, -0.4147 2.874 0.8307, 0.9963 2.874 0.8307, 2.2441 2.874 0.8307, 2.3563 -2.8647 0.7695, 2.2742 -2.9468 0.7695, 2.2726 -2.9412 0.7861, 2.3602 -2.8346 0.7695, 2.3593 -2.8346 0.7723, 2.3506 -2.8632 0.7861, 2.2702 -2.9321 0.8011, 2.3544 -2.8346 0.7861, 2.3513 -2.8346 0.7911, 2.3416 -2.8608 0.8011, 2.267 -2.9201 0.8135, 2.345 -2.8346 0.8011, 2.3388 -2.8346 0.8073, 2.3295 -2.8575 0.8135, 2.2631 -2.9057 0.8229, 2.3022 -2.9352 0.7695, 2.2993 -2.9302 0.7861, 2.2946 -2.9221 0.8011, 2.2883 -2.9113 0.8135, 2.2809 -2.8983 0.8229, 2.3262 -2.9168 0.7695, 2.3221 -2.9126 0.7861, 2.3155 -2.906 0.8011, 2.3066 -2.8972 0.8135, 2.2961 -2.8866 0.8229, 2.3447 -2.8927 0.7695, 2.3396 -2.8898 0.7861, 2.3315 -2.8851 0.8011, 2.3207 -2.8789 0.8135, 2.3078 -2.8714 0.8229, 2.3151 -2.8537 0.8229, 2.2588 -2.8896 0.8287, 2.3326 -2.8346 0.8135, 2.3226 -2.8346 0.8198, 2.3176 -2.8346 0.8229, 2.3038 -2.8346 0.8278, 2.2725 -2.8839 0.8287, 2.2843 -2.8749 0.8287, 2.2934 -2.8631 0.8287, 2.299 -2.8494 0.8287, 2.301 -2.8346 0.8287, 2.2543 -2.8727 0.8307, 2.2638 -2.8687 0.8307, 2.2719 -2.8625 0.8307, 2.2782 -2.8543 0.8307, 2.2821 -2.8448 0.8307, 2.2835 -2.8346 0.8307, 2.3595 2.8346 0.7723, 2.3556 2.8645 0.7723, 2.3517 2.8346 0.7913, 2.348 2.8625 0.7913, 2.3391 2.8346 0.8076, 2.3359 2.8592 0.8076, 2.3228 2.8346 0.8202, 2.3202 2.855 0.8202, 2.3038 2.8346 0.828, 2.3018 2.8501 0.828, 2.2835 2.8346 0.8307, 2.2821 2.8448 0.8307, 2.3441 2.8924 0.7723, 2.3372 2.8884 0.7913, 2.3264 2.8822 0.8076, 2.3123 2.874 0.8202, 2.2958 2.8645 0.828, 2.2782 2.8543 0.8307, 2.3257 2.9163 0.7723, 2.3202 2.9107 0.7913, 2.3113 2.9019 0.8076, 2.2998 2.8903 0.8202, 2.2863 2.8769 0.828, 2.2719 2.8625 0.8307, 2.3018 2.9346 0.7723, 2.2979 2.9278 0.7913, 2.2916 2.917 0.8076, 2.2835 2.9028 0.8202, 2.274 2.8864 0.828, 2.2638 2.8687 0.8307, 2.274 2.9461 0.7723, 2.2719 2.9385 0.7913, 2.2687 2.9265 0.8076, 2.2645 2.9107 0.8202, 2.2596 2.8924 0.828, 2.2543 2.8727 0.8307, 2.2835 0.0625 0.8307, 2.2835 -2.1452 0.8307, 2.2835 -2.5455 0.8307, 2.2835 -2.2809 0.8307, 2.2835 -2.32 0.8307, 2.2835 -2.4926 0.8307
            ]
        }
        coordIndex [
            0,1,2,-1,0,2,3,-1,3,2,4,-1,3,4,5,-1,5,4,6,-1,5,6,7,-1,7,6,8,-1,7,8,9,-1,9,8,10,-1,9,10,11,-1,11,10,12,-1,11,12,13,-1,13,12,14,-1,14,12,15,-1,14,15,16,-1,14,16,17,-1,17,16,18,-1,17,18,19,-1,19,18,20,-1,19,20,21,-1,21,20,22,-1,21,22,23,-1,23,22,24,-1,23,24,25,-1,25,24,26,-1,25,26,27,-1,27,26,28,-1,28,26,29,-1,28,29,30,-1,28,30,31,-1,31,30,32,-1,31,32,33,-1,33,32,34,-1,33,34,35,-1,35,34,36,-1,35,36,37,-1,37,36,38,-1,37,38,39,-1,39,38,40,-1,39,40,41,-1,41,40,42,-1,42,40,43,-1,42,43,44,-1,42,44,45,-1,45,44,46,-1,45,46,47,-1,47,46,48,-1,47,48,49,-1,49,48,50,-1,49,50,51,-1,51,50,52,-1,51,52,53,-1,53,52,54,-1,53,54,55,-1,55,54,0,-1,0,54,1,-1,27,28,56,-1,27,56,57,-1,57,56,58,-1,57,58,59,-1,59,58,60,-1,59,60,61,-1,61,60,62,-1,61,62,63,-1,63,62,64,-1,63,64,65,-1,64,66,67,-1,67,68,64,-1,64,68,69,-1,64,69,70,-1,70,71,64,-1,64,71,72,-1,64,72,65,-1,65,72,73,-1,28,31,56,-1,56,31,74,-1,56,74,58,-1,58,74,75,-1,58,75,60,-1,60,75,76,-1,60,76,62,-1,62,76,77,-1,62,77,64,-1,64,77,78,-1,64,78,66,-1,66,78,79,-1,31,33,74,-1,74,33,80,-1,74,80,75,-1,75,80,81,-1,75,81,76,-1,76,81,82,-1,76,82,77,-1,77,82,83,-1,77,83,78,-1,78,83,84,-1,78,84,79,-1,79,84,85,-1,33,35,80,-1,80,35,86,-1,80,86,81,-1,81,86,87,-1,81,87,82,-1,82,87,88,-1,82,88,83,-1,83,88,89,-1,83,89,84,-1,84,89,90,-1,84,90,85,-1,85,90,91,-1,35,37,86,-1,86,37,92,-1,86,92,87,-1,87,92,93,-1,87,93,88,-1,88,93,94,-1,88,94,89,-1,89,94,95,-1,89,95,90,-1,90,95,96,-1,90,96,91,-1,91,96,97,-1,37,39,92,-1,92,39,98,-1,92,98,93,-1,93,98,99,-1,93,99,94,-1,94,99,100,-1,94,100,95,-1,95,100,101,-1,95,101,96,-1,96,101,102,-1,96,102,97,-1,97,102,103,-1,39,41,98,-1,98,41,104,-1,98,104,99,-1,99,104,105,-1,99,105,100,-1,100,105,106,-1,100,106,101,-1,101,106,107,-1,101,107,102,-1,102,107,108,-1,102,108,103,-1,103,108,109,-1,14,17,110,-1,110,17,111,-1,110,111,112,-1,112,111,113,-1,112,113,114,-1,114,113,115,-1,114,115,116,-1,116,115,117,-1,116,117,118,-1,118,117,119,-1,118,119,120,-1,120,119,121,-1,17,19,111,-1,111,19,122,-1,111,122,113,-1,113,122,123,-1,113,123,115,-1,115,123,124,-1,115,124,117,-1,117,124,125,-1,117,125,119,-1,119,125,126,-1,119,126,121,-1,121,126,127,-1,19,21,122,-1,122,21,128,-1,122,128,123,-1,123,128,129,-1,123,129,124,-1,124,129,130,-1,124,130,125,-1,125,130,131,-1,125,131,126,-1,126,131,132,-1,126,132,127,-1,127,132,133,-1,21,23,128,-1,128,23,134,-1,128,134,129,-1,129,134,135,-1,129,135,130,-1,130,135,136,-1,130,136,131,-1,131,136,137,-1,131,137,132,-1,132,137,138,-1,132,138,133,-1,133,138,139,-1,23,25,134,-1,134,25,140,-1,134,140,135,-1,135,140,141,-1,135,141,136,-1,136,141,142,-1,136,142,137,-1,137,142,143,-1,137,143,138,-1,138,143,144,-1,138,144,139,-1,139,144,145,-1,25,27,140,-1,140,27,57,-1,140,57,141,-1,141,57,59,-1,141,59,142,-1,142,59,61,-1,142,61,143,-1,143,61,63,-1,143,63,144,-1,144,63,65,-1,144,65,145,-1,145,65,73,-1,42,146,41,-1,41,146,104,-1,146,147,104,-1,104,147,148,-1,104,148,105,-1,148,149,105,-1,105,149,150,-1,105,150,106,-1,106,150,151,-1,106,151,107,-1,151,152,107,-1,107,152,153,-1,107,153,108,-1,154,155,156,-1,156,155,157,-1,153,158,108,-1,108,158,157,-1,108,157,159,-1,159,157,155,-1,159,160,108,-1,108,160,161,-1,108,161,162,-1,162,163,108,-1,108,163,164,-1,108,164,165,-1,165,166,108,-1,108,166,167,-1,108,167,168,-1,168,169,108,-1,108,169,170,-1,108,170,109,-1,13,14,110,-1,13,110,171,-1,171,110,112,-1,171,112,172,-1,172,112,114,-1,172,114,173,-1,173,114,116,-1,173,116,174,-1,174,116,118,-1,174,118,175,-1,118,120,176,-1,176,177,118,-1,118,177,178,-1,118,178,175,-1,175,178,179,-1,175,179,180,-1,180,181,175,-1,175,181,182,-1,175,182,183,-1,183,184,175,-1,175,184,185,-1,175,185,186,-1,186,187,175,-1,175,187,188,-1,175,188,189,-1,190,53,55,-1,42,45,146,-1,146,45,191,-1,146,191,147,-1,147,191,192,-1,55,193,190,-1,190,193,194,-1,190,194,195,-1,196,149,192,-1,192,149,148,-1,192,148,147,-1,194,197,195,-1,195,197,198,-1,195,198,199,-1,200,151,196,-1,196,151,150,-1,196,150,149,-1,198,201,199,-1,199,201,202,-1,199,202,203,-1,157,158,204,-1,204,158,153,-1,204,153,200,-1,200,153,152,-1,200,152,151,-1,45,47,191,-1,191,47,205,-1,191,205,192,-1,192,205,206,-1,192,206,196,-1,196,206,207,-1,196,207,200,-1,200,207,208,-1,200,208,204,-1,204,208,209,-1,47,49,205,-1,205,49,210,-1,205,210,206,-1,206,210,211,-1,206,211,207,-1,207,211,212,-1,207,212,208,-1,208,212,213,-1,208,213,209,-1,209,213,214,-1,49,51,210,-1,210,51,215,-1,210,215,211,-1,211,215,216,-1,211,216,212,-1,212,216,217,-1,212,217,213,-1,213,217,218,-1,213,218,214,-1,214,218,219,-1,51,53,215,-1,215,53,190,-1,215,190,216,-1,216,190,195,-1,216,195,217,-1,217,195,199,-1,217,199,218,-1,218,199,203,-1,218,203,219,-1,219,203,220,-1,154,156,221,-1,221,156,157,-1,202,222,203,-1,203,222,223,-1,203,223,220,-1,220,223,224,-1,220,224,225,-1,157,204,221,-1,221,204,209,-1,221,209,226,-1,226,209,214,-1,226,214,227,-1,227,214,219,-1,227,219,228,-1,228,219,220,-1,228,220,229,-1,229,220,225,-1,229,225,230,-1,154,221,231,-1,231,221,226,-1,231,226,232,-1,232,226,227,-1,232,227,233,-1,233,227,228,-1,233,228,234,-1,234,228,229,-1,234,229,235,-1,235,229,230,-1,235,230,236,-1,0,3,237,-1,237,3,238,-1,237,238,239,-1,239,238,240,-1,239,240,241,-1,241,240,242,-1,241,242,243,-1,243,242,244,-1,243,244,245,-1,245,244,246,-1,245,246,247,-1,247,246,248,-1,3,5,238,-1,238,5,249,-1,238,249,240,-1,240,249,250,-1,240,250,242,-1,242,250,251,-1,242,251,244,-1,244,251,252,-1,244,252,246,-1,246,252,253,-1,246,253,248,-1,248,253,254,-1,5,7,249,-1,249,7,255,-1,249,255,250,-1,250,255,256,-1,250,256,251,-1,251,256,257,-1,251,257,252,-1,252,257,258,-1,252,258,253,-1,253,258,259,-1,253,259,254,-1,254,259,260,-1,7,9,255,-1,255,9,261,-1,255,261,256,-1,256,261,262,-1,256,262,257,-1,257,262,263,-1,257,263,258,-1,258,263,264,-1,258,264,259,-1,259,264,265,-1,259,265,260,-1,260,265,266,-1,9,11,261,-1,261,11,267,-1,261,267,262,-1,262,267,268,-1,262,268,263,-1,263,268,269,-1,263,269,264,-1,264,269,270,-1,264,270,265,-1,265,270,271,-1,265,271,266,-1,266,271,272,-1,11,13,267,-1,267,13,171,-1,267,171,268,-1,268,171,172,-1,268,172,269,-1,269,172,173,-1,269,173,270,-1,270,173,174,-1,270,174,271,-1,271,174,175,-1,271,175,272,-1,272,175,189,-1,193,55,0,-1,193,0,194,-1,194,0,237,-1,194,237,197,-1,197,237,198,-1,198,237,239,-1,198,239,201,-1,201,239,202,-1,202,239,241,-1,202,241,222,-1,222,241,243,-1,222,243,223,-1,245,247,273,-1,223,243,224,-1,224,243,245,-1,224,245,225,-1,225,245,273,-1,225,273,274,-1,275,236,230,-1,274,276,225,-1,225,276,277,-1,225,277,230,-1,230,277,278,-1,230,278,275,-1,
        ]
    }
}
Shape{
    appearance Appearance {
        material  Material 	{
            diffuseColor 1.0 1.0 0.5019607843137255
            specularColor 0.5019607843137255 0.5019607843137255 0.25098039215686274
            ambientIntensity 0.9432
            transparency 0.0
            shininess 0.5
        }
    }
    geometry IndexedFaceSet {
        ccw TRUE
        solid FALSE
        coord DEF co Coordinate {
            point [
                -2.4843 2.7165 0.0, -2.4843 2.7953 0.0, -2.4843 2.7165 0.0039, -2.4843 2.7953 0.0039, -3.1535 2.9921 0.4016, -3.1535 2.9921 0.0, -3.1535 2.9134 0.4016, -3.1535 2.9134 0.0, -2.6811 2.9921 0.0039, -2.6811 2.9921 0.0, -3.1496 2.9921 0.0039, -3.1496 2.9921 0.3976, -2.6811 2.9921 0.3976, -2.6811 2.9921 0.4016, -2.4843 2.7165 0.3976, -2.4843 2.7953 0.3976, -2.4843 2.7165 0.4016, -2.4843 2.7953 0.4016, -2.6811 2.5197 0.3976, -2.6811 2.5197 0.4016, -3.1496 2.5197 0.3976, -3.1535 2.5197 0.4016, -3.1496 2.5197 0.0039, -3.1535 2.5197 0.0, -2.6811 2.5197 0.0039, -2.6811 2.5197 0.0, -3.0748 2.6195 0.0, -3.0422 2.6446 0.0, -2.8293 2.7151 0.0, -2.8135 2.8346 0.0, -2.8293 2.7967 0.0, -3.0172 2.8346 0.0, -3.1535 2.5984 0.0, -3.1128 2.6038 0.0, -2.8135 2.6772 0.0, -2.7885 2.6446 0.0, -2.7559 2.6195 0.0, -2.5251 2.7151 0.0, -3.0422 2.8673 0.0, -3.0748 2.8923 0.0, -3.1128 2.908 0.0, -2.7179 2.6038 0.0, -2.6772 2.5984 0.0, -2.6302 2.5264 0.0, -2.6364 2.6038 0.0, -2.5827 2.5461 0.0, -2.5984 2.6195 0.0, -2.5419 2.5773 0.0, -2.5658 2.6446 0.0, -2.5408 2.6772 0.0, -2.491 2.6656 0.0, -2.5106 2.6181 0.0, -3.0172 2.6772 0.0, -3.0014 2.7151 0.0, -2.8346 2.7559 0.0, -2.9961 2.7559 0.0, -3.0014 2.7967 0.0, -2.5984 2.8923 0.0, -2.5419 2.9345 0.0, -2.5658 2.8673 0.0, -2.5106 2.8937 0.0, -2.5408 2.8346 0.0, -2.491 2.8462 0.0, -2.5251 2.7967 0.0, -2.5197 2.7559 0.0, -2.6772 2.9134 0.0, -2.6364 2.908 0.0, -2.6302 2.9854 0.0, -2.5827 2.9658 0.0, -2.7179 2.908 0.0, -2.7559 2.8923 0.0, -2.7885 2.8673 0.0, -2.5984 2.6195 0.4016, -2.6364 2.6038 0.4016, -2.6302 2.5264 0.4016, -3.1128 2.6038 0.4016, -3.1535 2.5984 0.4016, -2.6772 2.5984 0.4016, -2.7179 2.6038 0.4016, -3.0748 2.6195 0.4016, -3.0014 2.7151 0.4016, -3.0172 2.6772 0.4016, -2.8293 2.7151 0.4016, -3.0422 2.6446 0.4016, -2.8135 2.6772 0.4016, -2.7885 2.6446 0.4016, -2.7559 2.6195 0.4016, -3.0748 2.8923 0.4016, -3.1128 2.908 0.4016, -3.0422 2.8673 0.4016, -3.0172 2.8346 0.4016, -2.7559 2.8923 0.4016, -2.7885 2.8673 0.4016, -2.5658 2.8673 0.4016, -2.5408 2.8346 0.4016, -2.491 2.8462 0.4016, -2.5827 2.5461 0.4016, -2.5419 2.5773 0.4016, -2.5658 2.6446 0.4016, -2.5106 2.6181 0.4016, -2.5408 2.6772 0.4016, -2.491 2.6656 0.4016, -2.5251 2.7151 0.4016, -2.5197 2.7559 0.4016, -2.5251 2.7967 0.4016, -2.9961 2.7559 0.4016, -2.8346 2.7559 0.4016, -3.0014 2.7967 0.4016, -2.8293 2.7967 0.4016, -2.8135 2.8346 0.4016, -2.5106 2.8937 0.4016, -2.5419 2.9345 0.4016, -2.5984 2.8923 0.4016, -2.5827 2.9658 0.4016, -2.6364 2.908 0.4016, -2.6302 2.9854 0.4016, -2.6772 2.9134 0.4016, -2.7179 2.908 0.4016, -2.491 2.6656 0.3976, -2.5106 2.6181 0.3976, -2.5419 2.5773 0.3976, -2.5827 2.5461 0.3976, -2.6302 2.5264 0.3976, -2.6302 2.9854 0.3976, -2.5827 2.9658 0.3976, -2.5419 2.9345 0.3976, -2.5106 2.8937 0.3976, -2.491 2.8462 0.3976, -2.491 2.6656 0.0039, -2.5106 2.6181 0.0039, -2.5419 2.5773 0.0039, -2.5827 2.5461 0.0039, -2.6302 2.5264 0.0039, -2.6302 2.9854 0.0039, -2.5827 2.9658 0.0039, -2.5419 2.9345 0.0039, -2.5106 2.8937 0.0039, -2.491 2.8462 0.0039, 2.4843 2.7165 0.0039, 2.4843 2.7953 0.0039, 2.4843 2.7165 0.0, 2.4843 2.7953 0.0, 2.6811 2.5197 0.0039, 2.6811 2.5197 0.0, 3.1496 2.5197 0.0039, 3.1535 2.5197 0.0, 3.1496 2.5197 0.3976, 3.1535 2.5197 0.4016, 2.6811 2.5197 0.3976, 2.6811 2.5197 0.4016, 2.4843 2.7165 0.4016, 2.4843 2.7953 0.4016, 2.4843 2.7165 0.3976, 2.4843 2.7953 0.3976, 2.6811 2.9921 0.3976, 2.6811 2.9921 0.4016, 3.1496 2.9921 0.3976, 3.1535 2.9921 0.4016, 3.1496 2.9921 0.0039, 3.1535 2.9921 0.0, 2.6811 2.9921 0.0039, 2.6811 2.9921 0.0, 2.6772 2.5984 0.0, 2.6364 2.6038 0.0, 2.6302 2.5264 0.0, 2.5984 2.6195 0.0, 3.0748 2.8923 0.0, 3.0422 2.8673 0.0, 2.7885 2.8673 0.0, 2.5827 2.5461 0.0, 2.5419 2.5773 0.0, 2.5658 2.6446 0.0, 2.5106 2.6181 0.0, 2.5408 2.6772 0.0, 2.491 2.6656 0.0, 2.5251 2.7151 0.0, 2.5197 2.7559 0.0, 2.5251 2.7967 0.0, 2.8135 2.6772 0.0, 2.8293 2.7151 0.0, 3.0172 2.6772 0.0, 3.0422 2.6446 0.0, 3.0748 2.6195 0.0, 3.1128 2.6038 0.0, 3.1535 2.5984 0.0, 3.1535 2.9134 0.0, 3.1128 2.908 0.0, 2.7559 2.8923 0.0, 2.5408 2.8346 0.0, 2.491 2.8462 0.0, 2.5658 2.8673 0.0, 3.0172 2.8346 0.0, 3.0014 2.7967 0.0, 2.8135 2.8346 0.0, 2.8293 2.7967 0.0, 2.7179 2.6038 0.0, 2.7559 2.6195 0.0, 2.7885 2.6446 0.0, 2.5106 2.8937 0.0, 2.5419 2.9345 0.0, 2.5984 2.8923 0.0, 2.5827 2.9658 0.0, 2.6364 2.908 0.0, 2.6302 2.9854 0.0, 2.6772 2.9134 0.0, 2.7179 2.908 0.0, 2.8346 2.7559 0.0, 2.9961 2.7559 0.0, 3.0014 2.7151 0.0, 2.5251 2.7151 0.4016, 3.0748 2.6195 0.4016, 3.1128 2.6038 0.4016, 3.1535 2.5984 0.4016, 3.0422 2.6446 0.4016, 3.0172 2.6772 0.4016, 2.7559 2.6195 0.4016, 2.7885 2.6446 0.4016, 2.7179 2.6038 0.4016, 2.6772 2.5984 0.4016, 2.6302 2.5264 0.4016, 2.6364 2.6038 0.4016, 2.5827 2.5461 0.4016, 2.5984 2.6195 0.4016, 2.5419 2.5773 0.4016, 2.5658 2.6446 0.4016, 2.5408 2.6772 0.4016, 2.491 2.6656 0.4016, 2.5106 2.6181 0.4016, 2.5197 2.7559 0.4016, 2.5251 2.7967 0.4016, 2.491 2.8462 0.4016, 2.5408 2.8346 0.4016, 2.5106 2.8937 0.4016, 2.5658 2.8673 0.4016, 2.5419 2.9345 0.4016, 2.5984 2.8923 0.4016, 2.5827 2.9658 0.4016, 2.7885 2.8673 0.4016, 3.0014 2.7967 0.4016, 3.0172 2.8346 0.4016, 2.6302 2.9854 0.4016, 2.6364 2.908 0.4016, 3.0422 2.8673 0.4016, 3.0748 2.8923 0.4016, 3.1128 2.908 0.4016, 3.1535 2.9134 0.4016, 2.6772 2.9134 0.4016, 2.7179 2.908 0.4016, 2.7559 2.8923 0.4016, 2.8135 2.8346 0.4016, 2.8293 2.7967 0.4016, 2.9961 2.7559 0.4016, 2.8346 2.7559 0.4016, 3.0014 2.7151 0.4016, 2.8293 2.7151 0.4016, 2.8135 2.6772 0.4016, 2.6302 2.5264 0.3976, 2.5827 2.5461 0.3976, 2.5419 2.5773 0.3976, 2.5106 2.6181 0.3976, 2.491 2.6656 0.3976, 2.491 2.8462 0.3976, 2.5106 2.8937 0.3976, 2.5419 2.9345 0.3976, 2.5827 2.9658 0.3976, 2.6302 2.9854 0.3976, 2.6302 2.5264 0.0039, 2.5827 2.5461 0.0039, 2.5419 2.5773 0.0039, 2.5106 2.6181 0.0039, 2.491 2.6656 0.0039, 2.491 2.8462 0.0039, 2.5106 2.8937 0.0039, 2.5419 2.9345 0.0039, 2.5827 2.9658 0.0039, 2.6302 2.9854 0.0039, -2.4843 1.9291 0.0, -2.4843 2.0079 0.0, -2.4843 1.9291 0.0039, -2.4843 2.0079 0.0039, -3.1535 2.2047 0.4016, -3.1535 2.2047 0.0, -3.1535 2.126 0.4016, -3.1535 2.126 0.0, -2.6811 2.2047 0.0039, -2.6811 2.2047 0.0, -3.1496 2.2047 0.0039, -3.1496 2.2047 0.3976, -2.6811 2.2047 0.3976, -2.6811 2.2047 0.4016, -2.4843 1.9291 0.3976, -2.4843 2.0079 0.3976, -2.4843 1.9291 0.4016, -2.4843 2.0079 0.4016, -2.6811 1.7323 0.3976, -2.6811 1.7323 0.4016, -3.1496 1.7323 0.3976, -3.1535 1.7323 0.4016, -3.1496 1.7323 0.0039, -3.1535 1.7323 0.0, -2.6811 1.7323 0.0039, -2.6811 1.7323 0.0, -3.0748 1.8321 0.0, -3.0422 1.8571 0.0, -2.8293 1.9277 0.0, -2.8135 2.0472 0.0, -2.8293 2.0093 0.0, -3.0172 2.0472 0.0, -3.1535 1.811 0.0, -3.1128 1.8164 0.0, -2.8135 1.8898 0.0, -2.7885 1.8571 0.0, -2.7559 1.8321 0.0, -2.5251 1.9277 0.0, -3.0422 2.0799 0.0, -3.0748 2.1049 0.0, -3.1128 2.1206 0.0, -2.7179 1.8164 0.0, -2.6772 1.811 0.0, -2.6302 1.739 0.0, -2.6364 1.8164 0.0, -2.5827 1.7587 0.0, -2.5984 1.8321 0.0, -2.5419 1.7899 0.0, -2.5658 1.8571 0.0, -2.5408 1.8898 0.0, -2.491 1.8782 0.0, -2.5106 1.8307 0.0, -3.0172 1.8898 0.0, -3.0014 1.9277 0.0, -2.8346 1.9685 0.0, -2.9961 1.9685 0.0, -3.0014 2.0093 0.0, -2.5984 2.1049 0.0, -2.5419 2.1471 0.0, -2.5658 2.0799 0.0, -2.5106 2.1063 0.0, -2.5408 2.0472 0.0, -2.491 2.0588 0.0, -2.5251 2.0093 0.0, -2.5197 1.9685 0.0, -2.6772 2.126 0.0, -2.6364 2.1206 0.0, -2.6302 2.198 0.0, -2.5827 2.1784 0.0, -2.7179 2.1206 0.0, -2.7559 2.1049 0.0, -2.7885 2.0799 0.0, -2.5984 1.8321 0.4016, -2.6364 1.8164 0.4016, -2.6302 1.739 0.4016, -3.1128 1.8164 0.4016, -3.1535 1.811 0.4016, -2.6772 1.811 0.4016, -2.7179 1.8164 0.4016, -3.0748 1.8321 0.4016, -3.0014 1.9277 0.4016, -3.0172 1.8898 0.4016, -2.8293 1.9277 0.4016, -3.0422 1.8571 0.4016, -2.8135 1.8898 0.4016, -2.7885 1.8571 0.4016, -2.7559 1.8321 0.4016, -3.0748 2.1049 0.4016, -3.1128 2.1206 0.4016, -3.0422 2.0799 0.4016, -3.0172 2.0472 0.4016, -2.7559 2.1049 0.4016, -2.7885 2.0799 0.4016, -2.5658 2.0799 0.4016, -2.5408 2.0472 0.4016, -2.491 2.0588 0.4016, -2.5827 1.7587 0.4016, -2.5419 1.7899 0.4016, -2.5658 1.8571 0.4016, -2.5106 1.8307 0.4016, -2.5408 1.8898 0.4016, -2.491 1.8782 0.4016, -2.5251 1.9277 0.4016, -2.5197 1.9685 0.4016, -2.5251 2.0093 0.4016, -2.9961 1.9685 0.4016, -2.8346 1.9685 0.4016, -3.0014 2.0093 0.4016, -2.8293 2.0093 0.4016, -2.8135 2.0472 0.4016, -2.5106 2.1063 0.4016, -2.5419 2.1471 0.4016, -2.5984 2.1049 0.4016, -2.5827 2.1784 0.4016, -2.6364 2.1206 0.4016, -2.6302 2.198 0.4016, -2.6772 2.126 0.4016, -2.7179 2.1206 0.4016, -2.4843 1.1417 0.0, -2.4843 1.2205 0.0, -2.4843 1.1417 0.0039, -2.4843 1.2205 0.0039, -3.1535 1.4173 0.4016, -3.1535 1.4173 0.0, -3.1535 1.3386 0.4016, -3.1535 1.3386 0.0, -2.6811 1.4173 0.0039, -2.6811 1.4173 0.0, -3.1496 1.4173 0.0039, -3.1496 1.4173 0.3976, -2.6811 1.4173 0.3976, -2.6811 1.4173 0.4016, -2.4843 1.1417 0.3976, -2.4843 1.2205 0.3976, -2.4843 1.1417 0.4016, -2.4843 1.2205 0.4016, -2.6811 0.9449 0.3976, -2.6811 0.9449 0.4016, -3.1496 0.9449 0.3976, -3.1535 0.9449 0.4016, -3.1496 0.9449 0.0039, -3.1535 0.9449 0.0, -2.6811 0.9449 0.0039, -2.6811 0.9449 0.0, -3.1128 1.3332 0.0, -2.6772 1.3386 0.0, -2.6364 1.3332 0.0, -2.6302 1.4106 0.0, -2.5984 1.3175 0.0, -3.0172 1.2598 0.0, -3.0422 1.2925 0.0, -2.8293 1.2219 0.0, -2.6772 1.0236 0.0, -2.6302 0.9516 0.0, -2.6364 1.029 0.0, -2.5827 0.9713 0.0, -2.5984 1.0447 0.0, -2.5419 1.0025 0.0, -2.5658 1.0697 0.0, -2.5106 1.0433 0.0, -2.491 1.0908 0.0, -2.5408 1.1024 0.0, -2.5827 1.3909 0.0, -2.5419 1.3597 0.0, -2.5658 1.2925 0.0, -2.5106 1.3189 0.0, -2.5408 1.2598 0.0, -2.491 1.2714 0.0, -2.5251 1.2219 0.0, -2.5197 1.1811 0.0, -2.5251 1.1403 0.0, -2.8135 1.2598 0.0, -3.0748 1.3175 0.0, -3.1535 1.0236 0.0, -3.1128 1.029 0.0, -3.0748 1.0447 0.0, -2.7559 1.0447 0.0, -2.7179 1.029 0.0, -2.7179 1.3332 0.0, -2.7559 1.3175 0.0, -2.7885 1.2925 0.0, -3.0422 1.0697 0.0, -3.0172 1.1024 0.0, -2.8293 1.1403 0.0, -3.0014 1.1403 0.0, -2.8346 1.1811 0.0, -2.9961 1.1811 0.0, -3.0014 1.2219 0.0, -2.8135 1.1024 0.0, -2.7885 1.0697 0.0, -2.5251 1.2219 0.4016, -2.5197 1.1811 0.4016, -3.1128 1.3332 0.4016, -2.5251 1.1403 0.4016, -2.491 1.0908 0.4016, -2.5408 1.1024 0.4016, -2.5106 1.0433 0.4016, -2.5658 1.0697 0.4016, -2.5419 1.0025 0.4016, -2.5984 1.0447 0.4016, -2.5827 0.9713 0.4016, -2.6772 1.3386 0.4016, -2.6302 1.4106 0.4016, -2.6364 1.3332 0.4016, -2.5827 1.3909 0.4016, -2.5984 1.3175 0.4016, -2.5419 1.3597 0.4016, -2.5658 1.2925 0.4016, -2.6302 0.9516 0.4016, -2.6364 1.029 0.4016, -3.0172 1.1024 0.4016, -3.0422 1.0697 0.4016, -2.8293 1.1403 0.4016, -2.5408 1.2598 0.4016, -2.491 1.2714 0.4016, -2.5106 1.3189 0.4016, -2.7885 1.0697 0.4016, -2.8135 1.1024 0.4016, -3.0748 1.3175 0.4016, -3.0422 1.2925 0.4016, -2.6772 1.0236 0.4016, -2.7179 1.029 0.4016, -2.7559 1.0447 0.4016, -2.7559 1.3175 0.4016, -2.7179 1.3332 0.4016, -2.8293 1.2219 0.4016, -2.8135 1.2598 0.4016, -2.7885 1.2925 0.4016, -3.0748 1.0447 0.4016, -3.1128 1.029 0.4016, -3.1535 1.0236 0.4016, -3.0172 1.2598 0.4016, -3.0014 1.2219 0.4016, -2.8346 1.1811 0.4016, -2.9961 1.1811 0.4016, -3.0014 1.1403 0.4016, -2.4843 0.3543 0.0, -2.4843 0.4331 0.0, -2.4843 0.3543 0.0039, -2.4843 0.4331 0.0039, -3.1535 0.6299 0.4016, -3.1535 0.6299 0.0, -3.1535 0.5512 0.4016, -3.1535 0.5512 0.0, -2.6811 0.6299 0.0039, -2.6811 0.6299 0.0, -3.1496 0.6299 0.0039, -3.1496 0.6299 0.3976, -2.6811 0.6299 0.3976, -2.6811 0.6299 0.4016, -2.4843 0.3543 0.3976, -2.4843 0.4331 0.3976, -2.4843 0.3543 0.4016, -2.4843 0.4331 0.4016, -2.6811 0.1575 0.3976, -2.6811 0.1575 0.4016, -3.1496 0.1575 0.3976, -3.1535 0.1575 0.4016, -3.1496 0.1575 0.0039, -3.1535 0.1575 0.0, -2.6811 0.1575 0.0039, -2.6811 0.1575 0.0, -3.1128 0.5458 0.0, -2.5984 0.5301 0.0, -2.6364 0.5458 0.0, -2.6302 0.6232 0.0, -2.8293 0.3529 0.0, -2.8135 0.315 0.0, -3.0014 0.3529 0.0, -3.0172 0.4724 0.0, -3.0422 0.5051 0.0, -2.8293 0.4345 0.0, -3.0172 0.315 0.0, -2.6772 0.5512 0.0, -2.7179 0.5458 0.0, -2.7559 0.5301 0.0, -2.7885 0.5051 0.0, -3.1535 0.2362 0.0, -3.1128 0.2416 0.0, -3.0748 0.2573 0.0, -3.0422 0.2823 0.0, -2.7885 0.2823 0.0, -2.7559 0.2573 0.0, -2.7179 0.2416 0.0, -2.6772 0.2362 0.0, -2.6302 0.1642 0.0, -2.6364 0.2416 0.0, -2.5827 0.1839 0.0, -2.5984 0.2573 0.0, -2.5419 0.2151 0.0, -2.5658 0.2823 0.0, -2.5106 0.2559 0.0, -2.491 0.3034 0.0, -2.5408 0.315 0.0, -2.5827 0.6035 0.0, -2.5419 0.5723 0.0, -2.5658 0.5051 0.0, -2.5106 0.5315 0.0, -2.5408 0.4724 0.0, -2.491 0.484 0.0, -2.5251 0.4345 0.0, -2.5197 0.3937 0.0, -2.5251 0.3529 0.0, -3.0748 0.5301 0.0, -2.8135 0.4724 0.0, -2.8346 0.3937 0.0, -2.9961 0.3937 0.0, -3.0014 0.4345 0.0, -2.5984 0.2573 0.4016, -2.6364 0.2416 0.4016, -2.6302 0.1642 0.4016, -2.7885 0.2823 0.4016, -2.8135 0.315 0.4016, -2.7179 0.5458 0.4016, -2.6772 0.5512 0.4016, -2.6302 0.6232 0.4016, -2.6364 0.5458 0.4016, -2.5827 0.6035 0.4016, -2.5984 0.5301 0.4016, -2.5419 0.5723 0.4016, -2.5658 0.5051 0.4016, -2.5106 0.5315 0.4016, -2.7559 0.5301 0.4016, -2.7885 0.5051 0.4016, -2.491 0.484 0.4016, -2.5408 0.4724 0.4016, -2.5251 0.4345 0.4016, -2.5197 0.3937 0.4016, -2.5251 0.3529 0.4016, -2.491 0.3034 0.4016, -2.5408 0.315 0.4016, -2.5106 0.2559 0.4016, -2.5658 0.2823 0.4016, -2.5419 0.2151 0.4016, -2.5827 0.1839 0.4016, -2.6772 0.2362 0.4016, -2.7179 0.2416 0.4016, -2.7559 0.2573 0.4016, -3.1128 0.5458 0.4016, -3.0748 0.5301 0.4016, -3.0422 0.5051 0.4016, -2.8135 0.4724 0.4016, -2.8293 0.4345 0.4016, -3.0422 0.2823 0.4016, -3.0748 0.2573 0.4016, -3.1128 0.2416 0.4016, -3.1535 0.2362 0.4016, -3.0172 0.4724 0.4016, -3.0014 0.4345 0.4016, -2.8346 0.3937 0.4016, -2.9961 0.3937 0.4016, -2.8293 0.3529 0.4016, -3.0014 0.3529 0.4016, -3.0172 0.315 0.4016, -2.4843 -0.4331 0.0, -2.4843 -0.3543 0.0, -2.4843 -0.4331 0.0039, -2.4843 -0.3543 0.0039, -3.1535 -0.1575 0.4016, -3.1535 -0.1575 0.0, -3.1535 -0.2362 0.4016, -3.1535 -0.2362 0.0, -2.6811 -0.1575 0.0039, -2.6811 -0.1575 0.0, -3.1496 -0.1575 0.0039, -3.1496 -0.1575 0.3976, -2.6811 -0.1575 0.3976, -2.6811 -0.1575 0.4016, -2.4843 -0.4331 0.3976, -2.4843 -0.3543 0.3976, -2.4843 -0.4331 0.4016, -2.4843 -0.3543 0.4016, -2.6811 -0.6299 0.3976, -2.6811 -0.6299 0.4016, -3.1496 -0.6299 0.3976, -3.1535 -0.6299 0.4016, -3.1496 -0.6299 0.0039, -3.1535 -0.6299 0.0, -2.6811 -0.6299 0.0039, -2.6811 -0.6299 0.0, -3.1128 -0.2416 0.0, -2.8293 -0.4345 0.0, -2.8135 -0.4724 0.0, -3.0014 -0.4345 0.0, -3.0172 -0.315 0.0, -3.0422 -0.2823 0.0, -2.8293 -0.3529 0.0, -2.7179 -0.2416 0.0, -2.7559 -0.2573 0.0, -2.7885 -0.2823 0.0, -3.0172 -0.4724 0.0, -3.1535 -0.5512 0.0, -3.1128 -0.5458 0.0, -3.0748 -0.5301 0.0, -3.0422 -0.5051 0.0, -3.0748 -0.2573 0.0, -2.8135 -0.315 0.0, -2.7885 -0.5051 0.0, -2.7559 -0.5301 0.0, -2.7179 -0.5458 0.0, -2.6772 -0.5512 0.0, -2.6302 -0.6232 0.0, -2.6364 -0.5458 0.0, -2.5827 -0.6035 0.0, -2.5984 -0.5301 0.0, -2.5419 -0.5723 0.0, -2.5658 -0.5051 0.0, -2.5106 -0.5315 0.0, -2.491 -0.484 0.0, -2.5408 -0.4724 0.0, -2.5251 -0.4345 0.0, -2.5197 -0.3937 0.0, -2.5251 -0.3529 0.0, -2.491 -0.3034 0.0, -2.5408 -0.315 0.0, -2.5106 -0.2559 0.0, -2.5658 -0.2823 0.0, -2.5419 -0.2151 0.0, -2.5984 -0.2573 0.0, -2.5827 -0.1839 0.0, -2.6302 -0.1642 0.0, -2.6364 -0.2416 0.0, -2.6772 -0.2362 0.0, -2.8346 -0.3937 0.0, -2.9961 -0.3937 0.0, -3.0014 -0.3529 0.0, -3.1128 -0.5458 0.4016, -3.1535 -0.5512 0.4016, -2.5984 -0.5301 0.4016, -2.6364 -0.5458 0.4016, -2.6302 -0.6232 0.4016, -3.0748 -0.5301 0.4016, -2.7885 -0.2823 0.4016, -2.7559 -0.2573 0.4016, -2.5658 -0.2823 0.4016, -2.5408 -0.315 0.4016, -2.491 -0.3034 0.4016, -2.5106 -0.2559 0.4016, -2.5419 -0.2151 0.4016, -2.5984 -0.2573 0.4016, -2.5827 -0.1839 0.4016, -2.6364 -0.2416 0.4016, -2.6302 -0.1642 0.4016, -2.6772 -0.2362 0.4016, -2.7179 -0.2416 0.4016, -2.5251 -0.3529 0.4016, -2.5197 -0.3937 0.4016, -2.5251 -0.4345 0.4016, -2.491 -0.484 0.4016, -2.5408 -0.4724 0.4016, -2.5106 -0.5315 0.4016, -2.5658 -0.5051 0.4016, -2.5419 -0.5723 0.4016, -2.5827 -0.6035 0.4016, -2.6772 -0.5512 0.4016, -2.7179 -0.5458 0.4016, -2.7559 -0.5301 0.4016, -3.1128 -0.2416 0.4016, -3.0748 -0.2573 0.4016, -3.0422 -0.2823 0.4016, -2.8135 -0.315 0.4016, -2.8293 -0.3529 0.4016, -2.7885 -0.5051 0.4016, -2.8135 -0.4724 0.4016, -3.0422 -0.5051 0.4016, -3.0172 -0.315 0.4016, -3.0014 -0.3529 0.4016, -2.8346 -0.3937 0.4016, -2.9961 -0.3937 0.4016, -2.8293 -0.4345 0.4016, -3.0014 -0.4345 0.4016, -3.0172 -0.4724 0.4016, -2.4843 -1.2205 0.0, -2.4843 -1.1417 0.0, -2.4843 -1.2205 0.0039, -2.4843 -1.1417 0.0039, -3.1535 -0.9449 0.4016, -3.1535 -0.9449 0.0, -3.1535 -1.0236 0.4016, -3.1535 -1.0236 0.0, -2.6811 -0.9449 0.0039, -2.6811 -0.9449 0.0, -3.1496 -0.9449 0.0039, -3.1496 -0.9449 0.3976, -2.6811 -0.9449 0.3976, -2.6811 -0.9449 0.4016, -2.4843 -1.2205 0.3976, -2.4843 -1.1417 0.3976, -2.4843 -1.2205 0.4016, -2.4843 -1.1417 0.4016, -2.6811 -1.4173 0.3976, -2.6811 -1.4173 0.4016, -3.1496 -1.4173 0.3976, -3.1535 -1.4173 0.4016, -3.1496 -1.4173 0.0039, -3.1535 -1.4173 0.0, -2.6811 -1.4173 0.0039, -2.6811 -1.4173 0.0, -3.1128 -1.029 0.0, -2.6772 -1.0236 0.0, -2.6364 -1.029 0.0, -2.6302 -0.9516 0.0, -2.5984 -1.0447 0.0, -3.0172 -1.1024 0.0, -3.0422 -1.0697 0.0, -2.8293 -1.1403 0.0, -2.6772 -1.3386 0.0, -2.6302 -1.4106 0.0, -2.6364 -1.3332 0.0, -2.5827 -1.3909 0.0, -2.5984 -1.3175 0.0, -2.5419 -1.3597 0.0, -2.5658 -1.2925 0.0, -2.5106 -1.3189 0.0, -2.491 -1.2714 0.0, -2.5408 -1.2598 0.0, -2.5827 -0.9713 0.0, -2.5419 -1.0025 0.0, -2.5658 -1.0697 0.0, -2.5106 -1.0433 0.0, -2.5408 -1.1024 0.0, -2.491 -1.0908 0.0, -2.5251 -1.1403 0.0, -2.5197 -1.1811 0.0, -2.5251 -1.2219 0.0, -2.8135 -1.1024 0.0, -3.0748 -1.0447 0.0, -3.1535 -1.3386 0.0, -3.1128 -1.3332 0.0, -3.0748 -1.3175 0.0, -2.7559 -1.3175 0.0, -2.7179 -1.3332 0.0, -2.7179 -1.029 0.0, -2.7559 -1.0447 0.0, -2.7885 -1.0697 0.0, -3.0422 -1.2925 0.0, -3.0172 -1.2598 0.0, -2.8293 -1.2219 0.0, -3.0014 -1.2219 0.0, -2.8346 -1.1811 0.0, -2.9961 -1.1811 0.0, -3.0014 -1.1403 0.0, -2.8135 -1.2598 0.0, -2.7885 -1.2925 0.0, -2.5251 -1.1403 0.4016, -2.5197 -1.1811 0.4016, -3.1128 -1.029 0.4016, -2.5251 -1.2219 0.4016, -2.491 -1.2714 0.4016, -2.5408 -1.2598 0.4016, -2.5106 -1.3189 0.4016, -2.5658 -1.2925 0.4016, -2.5419 -1.3597 0.4016, -2.5984 -1.3175 0.4016, -2.5827 -1.3909 0.4016, -2.6772 -1.0236 0.4016, -2.6302 -0.9516 0.4016, -2.6364 -1.029 0.4016, -2.5827 -0.9713 0.4016, -2.5984 -1.0447 0.4016, -2.5419 -1.0025 0.4016, -2.5658 -1.0697 0.4016, -2.6302 -1.4106 0.4016, -2.6364 -1.3332 0.4016, -3.0172 -1.2598 0.4016, -3.0422 -1.2925 0.4016, -2.8293 -1.2219 0.4016, -2.5408 -1.1024 0.4016, -2.491 -1.0908 0.4016, -2.5106 -1.0433 0.4016, -2.7885 -1.2925 0.4016, -2.8135 -1.2598 0.4016, -3.0748 -1.0447 0.4016, -3.0422 -1.0697 0.4016, -2.6772 -1.3386 0.4016, -2.7179 -1.3332 0.4016, -2.7559 -1.3175 0.4016, -2.7559 -1.0447 0.4016, -2.7179 -1.029 0.4016, -2.8293 -1.1403 0.4016, -2.8135 -1.1024 0.4016, -2.7885 -1.0697 0.4016, -3.0748 -1.3175 0.4016, -3.1128 -1.3332 0.4016, -3.1535 -1.3386 0.4016, -3.0172 -1.1024 0.4016, -3.0014 -1.1403 0.4016, -2.8346 -1.1811 0.4016, -2.9961 -1.1811 0.4016, -3.0014 -1.2219 0.4016, -2.4843 -2.0079 0.0, -2.4843 -1.9291 0.0, -2.4843 -2.0079 0.0039, -2.4843 -1.9291 0.0039, -3.1535 -1.7323 0.4016, -3.1535 -1.7323 0.0, -3.1535 -1.811 0.4016, -3.1535 -1.811 0.0, -2.6811 -1.7323 0.0039, -2.6811 -1.7323 0.0, -3.1496 -1.7323 0.0039, -3.1496 -1.7323 0.3976, -2.6811 -1.7323 0.3976, -2.6811 -1.7323 0.4016, -2.4843 -2.0079 0.3976, -2.4843 -1.9291 0.3976, -2.4843 -2.0079 0.4016, -2.4843 -1.9291 0.4016, -2.6811 -2.2047 0.3976, -2.6811 -2.2047 0.4016, -3.1496 -2.2047 0.3976, -3.1535 -2.2047 0.4016, -3.1496 -2.2047 0.0039, -3.1535 -2.2047 0.0, -2.6811 -2.2047 0.0039, -2.6811 -2.2047 0.0, -3.0748 -2.1049 0.0, -3.0422 -2.0799 0.0, -2.8293 -2.0093 0.0, -2.8135 -1.8898 0.0, -2.8293 -1.9277 0.0, -3.0172 -1.8898 0.0, -3.1535 -2.126 0.0, -3.1128 -2.1206 0.0, -2.8135 -2.0472 0.0, -2.7885 -2.0799 0.0, -2.7559 -2.1049 0.0, -2.5251 -2.0093 0.0, -3.0422 -1.8571 0.0, -3.0748 -1.8321 0.0, -3.1128 -1.8164 0.0, -2.7179 -2.1206 0.0, -2.6772 -2.126 0.0, -2.6302 -2.198 0.0, -2.6364 -2.1206 0.0, -2.5827 -2.1784 0.0, -2.5984 -2.1049 0.0, -2.5419 -2.1471 0.0, -2.5658 -2.0799 0.0, -2.5408 -2.0472 0.0, -2.491 -2.0588 0.0, -2.5106 -2.1063 0.0, -3.0172 -2.0472 0.0, -3.0014 -2.0093 0.0, -2.8346 -1.9685 0.0, -2.9961 -1.9685 0.0, -3.0014 -1.9277 0.0, -2.5984 -1.8321 0.0, -2.5419 -1.7899 0.0, -2.5658 -1.8571 0.0, -2.5106 -1.8307 0.0, -2.5408 -1.8898 0.0, -2.491 -1.8782 0.0, -2.5251 -1.9277 0.0, -2.5197 -1.9685 0.0, -2.6772 -1.811 0.0, -2.6364 -1.8164 0.0, -2.6302 -1.739 0.0, -2.5827 -1.7587 0.0, -2.7179 -1.8164 0.0, -2.7559 -1.8321 0.0, -2.7885 -1.8571 0.0, -2.5984 -2.1049 0.4016, -2.6364 -2.1206 0.4016, -2.6302 -2.198 0.4016, -3.1128 -2.1206 0.4016, -3.1535 -2.126 0.4016, -2.6772 -2.126 0.4016, -2.7179 -2.1206 0.4016, -3.0748 -2.1049 0.4016, -3.0014 -2.0093 0.4016, -3.0172 -2.0472 0.4016, -2.8293 -2.0093 0.4016, -3.0422 -2.0799 0.4016, -2.8135 -2.0472 0.4016, -2.7885 -2.0799 0.4016, -2.7559 -2.1049 0.4016, -3.0748 -1.8321 0.4016, -3.1128 -1.8164 0.4016, -3.0422 -1.8571 0.4016, -3.0172 -1.8898 0.4016, -2.7559 -1.8321 0.4016, -2.7885 -1.8571 0.4016, -2.5658 -1.8571 0.4016, -2.5408 -1.8898 0.4016, -2.491 -1.8782 0.4016, -2.5827 -2.1784 0.4016, -2.5419 -2.1471 0.4016, -2.5658 -2.0799 0.4016, -2.5106 -2.1063 0.4016, -2.5408 -2.0472 0.4016, -2.491 -2.0588 0.4016, -2.5251 -2.0093 0.4016, -2.5197 -1.9685 0.4016, -2.5251 -1.9277 0.4016, -2.9961 -1.9685 0.4016, -2.8346 -1.9685 0.4016, -3.0014 -1.9277 0.4016, -2.8293 -1.9277 0.4016, -2.8135 -1.8898 0.4016, -2.5106 -1.8307 0.4016, -2.5419 -1.7899 0.4016, -2.5984 -1.8321 0.4016, -2.5827 -1.7587 0.4016, -2.6364 -1.8164 0.4016, -2.6302 -1.739 0.4016, -2.6772 -1.811 0.4016, -2.7179 -1.8164 0.4016, -2.4843 -2.7953 0.0, -2.4843 -2.7165 0.0, -2.4843 -2.7953 0.0039, -2.4843 -2.7165 0.0039, -3.1535 -2.5197 0.4016, -3.1535 -2.5197 0.0, -3.1535 -2.5984 0.4016, -3.1535 -2.5984 0.0, -2.6811 -2.5197 0.0039, -2.6811 -2.5197 0.0, -3.1496 -2.5197 0.0039, -3.1496 -2.5197 0.3976, -2.6811 -2.5197 0.3976, -2.6811 -2.5197 0.4016, -2.4843 -2.7953 0.3976, -2.4843 -2.7165 0.3976, -2.4843 -2.7953 0.4016, -2.4843 -2.7165 0.4016, -2.6811 -2.9921 0.3976, -2.6811 -2.9921 0.4016, -3.1496 -2.9921 0.3976, -3.1535 -2.9921 0.4016, -3.1496 -2.9921 0.0039, -3.1535 -2.9921 0.0, -2.6811 -2.9921 0.0039, -2.6811 -2.9921 0.0, -3.0748 -2.8923 0.0, -3.0422 -2.8673 0.0, -2.8293 -2.7967 0.0, -2.8135 -2.6772 0.0, -2.8293 -2.7151 0.0, -3.0172 -2.6772 0.0, -3.1535 -2.9134 0.0, -3.1128 -2.908 0.0, -2.8135 -2.8346 0.0, -2.7885 -2.8673 0.0, -2.7559 -2.8923 0.0, -2.5251 -2.7967 0.0, -3.0422 -2.6446 0.0, -3.0748 -2.6195 0.0, -3.1128 -2.6038 0.0, -2.7179 -2.908 0.0, -2.6772 -2.9134 0.0, -2.6302 -2.9854 0.0, -2.6364 -2.908 0.0, -2.5827 -2.9658 0.0, -2.5984 -2.8923 0.0, -2.5419 -2.9345 0.0, -2.5658 -2.8673 0.0, -2.5408 -2.8346 0.0, -2.491 -2.8462 0.0, -2.5106 -2.8937 0.0, -3.0172 -2.8346 0.0, -3.0014 -2.7967 0.0, -2.8346 -2.7559 0.0, -2.9961 -2.7559 0.0, -3.0014 -2.7151 0.0, -2.5984 -2.6195 0.0, -2.5419 -2.5773 0.0, -2.5658 -2.6446 0.0, -2.5106 -2.6181 0.0, -2.5408 -2.6772 0.0, -2.491 -2.6656 0.0, -2.5251 -2.7151 0.0, -2.5197 -2.7559 0.0, -2.6772 -2.5984 0.0, -2.6364 -2.6038 0.0, -2.6302 -2.5264 0.0, -2.5827 -2.5461 0.0, -2.7179 -2.6038 0.0, -2.7559 -2.6195 0.0, -2.7885 -2.6446 0.0, -2.5984 -2.8923 0.4016, -2.6364 -2.908 0.4016, -2.6302 -2.9854 0.4016, -3.1128 -2.908 0.4016, -3.1535 -2.9134 0.4016, -2.6772 -2.9134 0.4016, -2.7179 -2.908 0.4016, -3.0748 -2.8923 0.4016, -3.0014 -2.7967 0.4016, -3.0172 -2.8346 0.4016, -2.8293 -2.7967 0.4016, -3.0422 -2.8673 0.4016, -2.8135 -2.8346 0.4016, -2.7885 -2.8673 0.4016, -2.7559 -2.8923 0.4016, -3.0748 -2.6195 0.4016, -3.1128 -2.6038 0.4016, -3.0422 -2.6446 0.4016, -3.0172 -2.6772 0.4016, -2.7559 -2.6195 0.4016, -2.7885 -2.6446 0.4016, -2.5658 -2.6446 0.4016, -2.5408 -2.6772 0.4016, -2.491 -2.6656 0.4016, -2.5827 -2.9658 0.4016, -2.5419 -2.9345 0.4016, -2.5658 -2.8673 0.4016, -2.5106 -2.8937 0.4016, -2.5408 -2.8346 0.4016, -2.491 -2.8462 0.4016, -2.5251 -2.7967 0.4016, -2.5197 -2.7559 0.4016, -2.5251 -2.7151 0.4016, -2.9961 -2.7559 0.4016, -2.8346 -2.7559 0.4016, -3.0014 -2.7151 0.4016, -2.8293 -2.7151 0.4016, -2.8135 -2.6772 0.4016, -2.5106 -2.6181 0.4016, -2.5419 -2.5773 0.4016, -2.5984 -2.6195 0.4016, -2.5827 -2.5461 0.4016, -2.6364 -2.6038 0.4016, -2.6302 -2.5264 0.4016, -2.6772 -2.5984 0.4016, -2.7179 -2.6038 0.4016, -2.491 1.8782 0.3976, -2.5106 1.8307 0.3976, -2.5419 1.7899 0.3976, -2.5827 1.7587 0.3976, -2.6302 1.739 0.3976, -2.6302 2.198 0.3976, -2.5827 2.1784 0.3976, -2.5419 2.1471 0.3976, -2.5106 2.1063 0.3976, -2.491 2.0588 0.3976, -2.491 1.8782 0.0039, -2.5106 1.8307 0.0039, -2.5419 1.7899 0.0039, -2.5827 1.7587 0.0039, -2.6302 1.739 0.0039, -2.6302 2.198 0.0039, -2.5827 2.1784 0.0039, -2.5419 2.1471 0.0039, -2.5106 2.1063 0.0039, -2.491 2.0588 0.0039, -2.491 1.0908 0.3976, -2.5106 1.0433 0.3976, -2.5419 1.0025 0.3976, -2.5827 0.9713 0.3976, -2.6302 0.9516 0.3976, -2.6302 1.4106 0.3976, -2.5827 1.3909 0.3976, -2.5419 1.3597 0.3976, -2.5106 1.3189 0.3976, -2.491 1.2714 0.3976, -2.491 1.0908 0.0039, -2.5106 1.0433 0.0039, -2.5419 1.0025 0.0039, -2.5827 0.9713 0.0039, -2.6302 0.9516 0.0039, -2.6302 1.4106 0.0039, -2.5827 1.3909 0.0039, -2.5419 1.3597 0.0039, -2.5106 1.3189 0.0039, -2.491 1.2714 0.0039, -2.491 0.3034 0.3976, -2.5106 0.2559 0.3976, -2.5419 0.2151 0.3976, -2.5827 0.1839 0.3976, -2.6302 0.1642 0.3976, -2.6302 0.6232 0.3976, -2.5827 0.6035 0.3976, -2.5419 0.5723 0.3976, -2.5106 0.5315 0.3976, -2.491 0.484 0.3976, -2.491 0.3034 0.0039, -2.5106 0.2559 0.0039, -2.5419 0.2151 0.0039, -2.5827 0.1839 0.0039, -2.6302 0.1642 0.0039, -2.6302 0.6232 0.0039, -2.5827 0.6035 0.0039, -2.5419 0.5723 0.0039, -2.5106 0.5315 0.0039, -2.491 0.484 0.0039, -2.491 -0.484 0.3976, -2.5106 -0.5315 0.3976, -2.5419 -0.5723 0.3976, -2.5827 -0.6035 0.3976, -2.6302 -0.6232 0.3976, -2.6302 -0.1642 0.3976, -2.5827 -0.1839 0.3976, -2.5419 -0.2151 0.3976, -2.5106 -0.2559 0.3976, -2.491 -0.3034 0.3976, -2.491 -0.484 0.0039, -2.5106 -0.5315 0.0039, -2.5419 -0.5723 0.0039, -2.5827 -0.6035 0.0039, -2.6302 -0.6232 0.0039, -2.6302 -0.1642 0.0039, -2.5827 -0.1839 0.0039, -2.5419 -0.2151 0.0039, -2.5106 -0.2559 0.0039, -2.491 -0.3034 0.0039, -2.491 -1.2714 0.3976, -2.5106 -1.3189 0.3976, -2.5419 -1.3597 0.3976, -2.5827 -1.3909 0.3976, -2.6302 -1.4106 0.3976, -2.6302 -0.9516 0.3976, -2.5827 -0.9713 0.3976, -2.5419 -1.0025 0.3976, -2.5106 -1.0433 0.3976, -2.491 -1.0908 0.3976, -2.491 -1.2714 0.0039, -2.5106 -1.3189 0.0039, -2.5419 -1.3597 0.0039, -2.5827 -1.3909 0.0039, -2.6302 -1.4106 0.0039, -2.6302 -0.9516 0.0039, -2.5827 -0.9713 0.0039, -2.5419 -1.0025 0.0039, -2.5106 -1.0433 0.0039, -2.491 -1.0908 0.0039, -2.491 -2.0588 0.3976, -2.5106 -2.1063 0.3976, -2.5419 -2.1471 0.3976, -2.5827 -2.1784 0.3976, -2.6302 -2.198 0.3976, -2.6302 -1.739 0.3976, -2.5827 -1.7587 0.3976, -2.5419 -1.7899 0.3976, -2.5106 -1.8307 0.3976, -2.491 -1.8782 0.3976, -2.491 -2.0588 0.0039, -2.5106 -2.1063 0.0039, -2.5419 -2.1471 0.0039, -2.5827 -2.1784 0.0039, -2.6302 -2.198 0.0039, -2.6302 -1.739 0.0039, -2.5827 -1.7587 0.0039, -2.5419 -1.7899 0.0039, -2.5106 -1.8307 0.0039, -2.491 -1.8782 0.0039, -2.491 -2.8462 0.3976, -2.5106 -2.8937 0.3976, -2.5419 -2.9345 0.3976, -2.5827 -2.9658 0.3976, -2.6302 -2.9854 0.3976, -2.6302 -2.5264 0.3976, -2.5827 -2.5461 0.3976, -2.5419 -2.5773 0.3976, -2.5106 -2.6181 0.3976, -2.491 -2.6656 0.3976, -2.491 -2.8462 0.0039, -2.5106 -2.8937 0.0039, -2.5419 -2.9345 0.0039, -2.5827 -2.9658 0.0039, -2.6302 -2.9854 0.0039, -2.6302 -2.5264 0.0039, -2.5827 -2.5461 0.0039, -2.5419 -2.5773 0.0039, -2.5106 -2.6181 0.0039, -2.491 -2.6656 0.0039, 2.4843 1.9291 0.0039, 2.4843 2.0079 0.0039, 2.4843 1.9291 0.0, 2.4843 2.0079 0.0, 2.6811 1.7323 0.0039, 2.6811 1.7323 0.0, 3.1496 1.7323 0.0039, 3.1535 1.7323 0.0, 3.1496 1.7323 0.3976, 3.1535 1.7323 0.4016, 2.6811 1.7323 0.3976, 2.6811 1.7323 0.4016, 2.4843 1.9291 0.4016, 2.4843 2.0079 0.4016, 2.4843 1.9291 0.3976, 2.4843 2.0079 0.3976, 2.6811 2.2047 0.3976, 2.6811 2.2047 0.4016, 3.1496 2.2047 0.3976, 3.1535 2.2047 0.4016, 3.1496 2.2047 0.0039, 3.1535 2.2047 0.0, 2.6811 2.2047 0.0039, 2.6811 2.2047 0.0, 2.6772 1.811 0.0, 2.6364 1.8164 0.0, 2.6302 1.739 0.0, 2.5984 1.8321 0.0, 3.0748 2.1049 0.0, 3.0422 2.0799 0.0, 2.7885 2.0799 0.0, 2.5827 1.7587 0.0, 2.5419 1.7899 0.0, 2.5658 1.8571 0.0, 2.5106 1.8307 0.0, 2.5408 1.8898 0.0, 2.491 1.8782 0.0, 2.5251 1.9277 0.0, 2.5197 1.9685 0.0, 2.5251 2.0093 0.0, 2.8135 1.8898 0.0, 2.8293 1.9277 0.0, 3.0172 1.8898 0.0, 3.0422 1.8571 0.0, 3.0748 1.8321 0.0, 3.1128 1.8164 0.0, 3.1535 1.811 0.0, 3.1535 2.126 0.0, 3.1128 2.1206 0.0, 2.7559 2.1049 0.0, 2.5408 2.0472 0.0, 2.491 2.0588 0.0, 2.5658 2.0799 0.0, 3.0172 2.0472 0.0, 3.0014 2.0093 0.0, 2.8135 2.0472 0.0, 2.8293 2.0093 0.0, 2.7179 1.8164 0.0, 2.7559 1.8321 0.0, 2.7885 1.8571 0.0, 2.5106 2.1063 0.0, 2.5419 2.1471 0.0, 2.5984 2.1049 0.0, 2.5827 2.1784 0.0, 2.6364 2.1206 0.0, 2.6302 2.198 0.0, 2.6772 2.126 0.0, 2.7179 2.1206 0.0, 2.8346 1.9685 0.0, 2.9961 1.9685 0.0, 3.0014 1.9277 0.0, 2.5251 1.9277 0.4016, 3.0748 1.8321 0.4016, 3.1128 1.8164 0.4016, 3.1535 1.811 0.4016, 3.0422 1.8571 0.4016, 3.0172 1.8898 0.4016, 2.7559 1.8321 0.4016, 2.7885 1.8571 0.4016, 2.7179 1.8164 0.4016, 2.6772 1.811 0.4016, 2.6302 1.739 0.4016, 2.6364 1.8164 0.4016, 2.5827 1.7587 0.4016, 2.5984 1.8321 0.4016, 2.5419 1.7899 0.4016, 2.5658 1.8571 0.4016, 2.5408 1.8898 0.4016, 2.491 1.8782 0.4016, 2.5106 1.8307 0.4016, 2.5197 1.9685 0.4016, 2.5251 2.0093 0.4016, 2.491 2.0588 0.4016, 2.5408 2.0472 0.4016, 2.5106 2.1063 0.4016, 2.5658 2.0799 0.4016, 2.5419 2.1471 0.4016, 2.5984 2.1049 0.4016, 2.5827 2.1784 0.4016, 2.7885 2.0799 0.4016, 3.0014 2.0093 0.4016, 3.0172 2.0472 0.4016, 2.6302 2.198 0.4016, 2.6364 2.1206 0.4016, 3.0422 2.0799 0.4016, 3.0748 2.1049 0.4016, 3.1128 2.1206 0.4016, 3.1535 2.126 0.4016, 2.6772 2.126 0.4016, 2.7179 2.1206 0.4016, 2.7559 2.1049 0.4016, 2.8135 2.0472 0.4016, 2.8293 2.0093 0.4016, 2.9961 1.9685 0.4016, 2.8346 1.9685 0.4016, 3.0014 1.9277 0.4016, 2.8293 1.9277 0.4016, 2.8135 1.8898 0.4016, 2.6302 1.739 0.3976, 2.5827 1.7587 0.3976, 2.5419 1.7899 0.3976, 2.5106 1.8307 0.3976, 2.491 1.8782 0.3976, 2.491 2.0588 0.3976, 2.5106 2.1063 0.3976, 2.5419 2.1471 0.3976, 2.5827 2.1784 0.3976, 2.6302 2.198 0.3976, 2.6302 1.739 0.0039, 2.5827 1.7587 0.0039, 2.5419 1.7899 0.0039, 2.5106 1.8307 0.0039, 2.491 1.8782 0.0039, 2.491 2.0588 0.0039, 2.5106 2.1063 0.0039, 2.5419 2.1471 0.0039, 2.5827 2.1784 0.0039, 2.6302 2.198 0.0039, 2.4843 1.1417 0.0039, 2.4843 1.2205 0.0039, 2.4843 1.1417 0.0, 2.4843 1.2205 0.0, 2.6811 0.9449 0.0039, 2.6811 0.9449 0.0, 3.1496 0.9449 0.0039, 3.1535 0.9449 0.0, 3.1496 0.9449 0.3976, 3.1535 0.9449 0.4016, 2.6811 0.9449 0.3976, 2.6811 0.9449 0.4016, 2.4843 1.1417 0.4016, 2.4843 1.2205 0.4016, 2.4843 1.1417 0.3976, 2.4843 1.2205 0.3976, 2.6811 1.4173 0.3976, 2.6811 1.4173 0.4016, 3.1496 1.4173 0.3976, 3.1535 1.4173 0.4016, 3.1496 1.4173 0.0039, 3.1535 1.4173 0.0, 2.6811 1.4173 0.0039, 2.6811 1.4173 0.0, 3.1128 1.029 0.0, 3.1535 1.0236 0.0, 2.5984 1.0447 0.0, 2.6364 1.029 0.0, 2.6302 0.9516 0.0, 2.6772 1.0236 0.0, 2.7179 1.029 0.0, 2.7559 1.0447 0.0, 2.7885 1.0697 0.0, 2.6772 1.3386 0.0, 2.6302 1.4106 0.0, 2.6364 1.3332 0.0, 2.5827 1.3909 0.0, 2.5984 1.3175 0.0, 2.5419 1.3597 0.0, 2.5658 1.2925 0.0, 2.5106 1.3189 0.0, 3.0172 1.1024 0.0, 3.0422 1.0697 0.0, 2.8293 1.1403 0.0, 2.491 1.2714 0.0, 2.5408 1.2598 0.0, 2.5251 1.2219 0.0, 2.5197 1.1811 0.0, 2.5251 1.1403 0.0, 2.491 1.0908 0.0, 2.5408 1.1024 0.0, 2.5106 1.0433 0.0, 2.5658 1.0697 0.0, 2.5419 1.0025 0.0, 2.5827 0.9713 0.0, 3.1535 1.3386 0.0, 3.1128 1.3332 0.0, 3.0748 1.3175 0.0, 3.0422 1.2925 0.0, 2.8293 1.2219 0.0, 3.0748 1.0447 0.0, 2.8135 1.1024 0.0, 2.8135 1.2598 0.0, 2.7885 1.2925 0.0, 2.7559 1.3175 0.0, 2.7179 1.3332 0.0, 3.0172 1.2598 0.0, 3.0014 1.2219 0.0, 2.8346 1.1811 0.0, 2.9961 1.1811 0.0, 3.0014 1.1403 0.0, 3.1128 1.3332 0.4016, 3.1535 1.3386 0.4016, 2.7885 1.0697 0.4016, 2.7559 1.0447 0.4016, 2.5984 1.3175 0.4016, 2.6364 1.3332 0.4016, 2.6302 1.4106 0.4016, 3.1535 1.0236 0.4016, 3.1128 1.029 0.4016, 3.0748 1.0447 0.4016, 3.0422 1.0697 0.4016, 2.8135 1.1024 0.4016, 2.8293 1.1403 0.4016, 2.5251 1.1403 0.4016, 2.6772 1.3386 0.4016, 2.7179 1.3332 0.4016, 3.0748 1.3175 0.4016, 2.7179 1.029 0.4016, 2.6772 1.0236 0.4016, 2.6302 0.9516 0.4016, 2.6364 1.029 0.4016, 2.5827 0.9713 0.4016, 2.5984 1.0447 0.4016, 2.5419 1.0025 0.4016, 2.5658 1.0697 0.4016, 2.5408 1.1024 0.4016, 2.491 1.0908 0.4016, 2.5106 1.0433 0.4016, 2.5197 1.1811 0.4016, 2.5251 1.2219 0.4016, 2.491 1.2714 0.4016, 2.5408 1.2598 0.4016, 2.5106 1.3189 0.4016, 2.5658 1.2925 0.4016, 2.5419 1.3597 0.4016, 2.5827 1.3909 0.4016, 3.0172 1.1024 0.4016, 3.0014 1.1403 0.4016, 2.8346 1.1811 0.4016, 2.9961 1.1811 0.4016, 2.8293 1.2219 0.4016, 3.0014 1.2219 0.4016, 3.0172 1.2598 0.4016, 3.0422 1.2925 0.4016, 2.8135 1.2598 0.4016, 2.7885 1.2925 0.4016, 2.7559 1.3175 0.4016, 2.6302 0.9516 0.3976, 2.5827 0.9713 0.3976, 2.5419 1.0025 0.3976, 2.5106 1.0433 0.3976, 2.491 1.0908 0.3976, 2.491 1.2714 0.3976, 2.5106 1.3189 0.3976, 2.5419 1.3597 0.3976, 2.5827 1.3909 0.3976, 2.6302 1.4106 0.3976, 2.6302 0.9516 0.0039, 2.5827 0.9713 0.0039, 2.5419 1.0025 0.0039, 2.5106 1.0433 0.0039, 2.491 1.0908 0.0039, 2.491 1.2714 0.0039, 2.5106 1.3189 0.0039, 2.5419 1.3597 0.0039, 2.5827 1.3909 0.0039, 2.6302 1.4106 0.0039, 2.4843 0.3543 0.0039, 2.4843 0.4331 0.0039, 2.4843 0.3543 0.0, 2.4843 0.4331 0.0, 2.6811 0.1575 0.0039, 2.6811 0.1575 0.0, 3.1496 0.1575 0.0039, 3.1535 0.1575 0.0, 3.1496 0.1575 0.3976, 3.1535 0.1575 0.4016, 2.6811 0.1575 0.3976, 2.6811 0.1575 0.4016, 2.4843 0.3543 0.4016, 2.4843 0.4331 0.4016, 2.4843 0.3543 0.3976, 2.4843 0.4331 0.3976, 2.6811 0.6299 0.3976, 2.6811 0.6299 0.4016, 3.1496 0.6299 0.3976, 3.1535 0.6299 0.4016, 3.1496 0.6299 0.0039, 3.1535 0.6299 0.0, 2.6811 0.6299 0.0039, 2.6811 0.6299 0.0, 2.8135 0.4724 0.0, 2.7885 0.5051 0.0, 3.0014 0.4345 0.0, 3.0422 0.2823 0.0, 3.0748 0.2573 0.0, 2.5658 0.5051 0.0, 2.5419 0.5723 0.0, 2.5984 0.5301 0.0, 2.5827 0.6035 0.0, 2.6364 0.5458 0.0, 2.6302 0.6232 0.0, 2.6772 0.5512 0.0, 2.7179 0.5458 0.0, 2.5251 0.4345 0.0, 2.6772 0.2362 0.0, 2.6364 0.2416 0.0, 2.6302 0.1642 0.0, 2.5984 0.2573 0.0, 3.0172 0.4724 0.0, 2.7559 0.5301 0.0, 3.1128 0.2416 0.0, 3.1535 0.2362 0.0, 2.5408 0.4724 0.0, 2.491 0.484 0.0, 2.5106 0.5315 0.0, 3.1535 0.5512 0.0, 3.1128 0.5458 0.0, 3.0748 0.5301 0.0, 3.0422 0.5051 0.0, 2.5197 0.3937 0.0, 2.5251 0.3529 0.0, 2.491 0.3034 0.0, 2.5408 0.315 0.0, 2.5106 0.2559 0.0, 2.5658 0.2823 0.0, 2.5419 0.2151 0.0, 2.5827 0.1839 0.0, 2.7179 0.2416 0.0, 2.7559 0.2573 0.0, 2.7885 0.2823 0.0, 2.8135 0.315 0.0, 2.8293 0.3529 0.0, 3.0172 0.315 0.0, 3.0014 0.3529 0.0, 2.9961 0.3937 0.0, 2.8346 0.3937 0.0, 2.8293 0.4345 0.0, 3.1128 0.5458 0.4016, 3.1535 0.5512 0.4016, 2.5984 0.5301 0.4016, 2.6364 0.5458 0.4016, 2.6302 0.6232 0.4016, 3.0172 0.4724 0.4016, 3.0422 0.5051 0.4016, 2.8293 0.4345 0.4016, 3.1535 0.2362 0.4016, 3.1128 0.2416 0.4016, 2.6772 0.5512 0.4016, 2.7179 0.5458 0.4016, 2.7559 0.5301 0.4016, 2.7885 0.5051 0.4016, 2.7885 0.2823 0.4016, 3.0422 0.2823 0.4016, 2.8135 0.315 0.4016, 2.8293 0.3529 0.4016, 3.0748 0.5301 0.4016, 2.8135 0.4724 0.4016, 2.7559 0.2573 0.4016, 3.0748 0.2573 0.4016, 2.7179 0.2416 0.4016, 2.6772 0.2362 0.4016, 2.6302 0.1642 0.4016, 2.6364 0.2416 0.4016, 2.5827 0.1839 0.4016, 2.5984 0.2573 0.4016, 2.5419 0.2151 0.4016, 2.5658 0.2823 0.4016, 2.5106 0.2559 0.4016, 2.491 0.3034 0.4016, 2.5408 0.315 0.4016, 3.0172 0.315 0.4016, 3.0014 0.3529 0.4016, 2.8346 0.3937 0.4016, 2.9961 0.3937 0.4016, 3.0014 0.4345 0.4016, 2.5827 0.6035 0.4016, 2.5419 0.5723 0.4016, 2.5658 0.5051 0.4016, 2.5106 0.5315 0.4016, 2.5408 0.4724 0.4016, 2.491 0.484 0.4016, 2.5251 0.4345 0.4016, 2.5197 0.3937 0.4016, 2.5251 0.3529 0.4016, 2.6302 0.1642 0.3976, 2.5827 0.1839 0.3976, 2.5419 0.2151 0.3976, 2.5106 0.2559 0.3976, 2.491 0.3034 0.3976, 2.491 0.484 0.3976, 2.5106 0.5315 0.3976, 2.5419 0.5723 0.3976, 2.5827 0.6035 0.3976, 2.6302 0.6232 0.3976, 2.6302 0.1642 0.0039, 2.5827 0.1839 0.0039, 2.5419 0.2151 0.0039, 2.5106 0.2559 0.0039, 2.491 0.3034 0.0039, 2.491 0.484 0.0039, 2.5106 0.5315 0.0039, 2.5419 0.5723 0.0039, 2.5827 0.6035 0.0039, 2.6302 0.6232 0.0039, 2.4843 -0.4331 0.0039, 2.4843 -0.3543 0.0039, 2.4843 -0.4331 0.0, 2.4843 -0.3543 0.0, 2.6811 -0.6299 0.0039, 2.6811 -0.6299 0.0, 3.1496 -0.6299 0.0039, 3.1535 -0.6299 0.0, 3.1496 -0.6299 0.3976, 3.1535 -0.6299 0.4016, 2.6811 -0.6299 0.3976, 2.6811 -0.6299 0.4016, 2.4843 -0.4331 0.4016, 2.4843 -0.3543 0.4016, 2.4843 -0.4331 0.3976, 2.4843 -0.3543 0.3976, 2.6811 -0.1575 0.3976, 2.6811 -0.1575 0.4016, 3.1496 -0.1575 0.3976, 3.1535 -0.1575 0.4016, 3.1496 -0.1575 0.0039, 3.1535 -0.1575 0.0, 2.6811 -0.1575 0.0039, 2.6811 -0.1575 0.0, 2.8135 -0.315 0.0, 2.7885 -0.2823 0.0, 3.0014 -0.3529 0.0, 3.0422 -0.5051 0.0, 3.0748 -0.5301 0.0, 2.5251 -0.3529 0.0, 2.7559 -0.2573 0.0, 2.5408 -0.315 0.0, 2.491 -0.3034 0.0, 2.5658 -0.2823 0.0, 2.6772 -0.5512 0.0, 2.6364 -0.5458 0.0, 2.6302 -0.6232 0.0, 2.5984 -0.5301 0.0, 3.0172 -0.315 0.0, 3.1128 -0.5458 0.0, 3.1535 -0.5512 0.0, 3.1535 -0.2362 0.0, 3.1128 -0.2416 0.0, 3.0748 -0.2573 0.0, 3.0422 -0.2823 0.0, 2.5197 -0.3937 0.0, 2.5251 -0.4345 0.0, 2.491 -0.484 0.0, 2.5408 -0.4724 0.0, 2.5106 -0.5315 0.0, 2.5658 -0.5051 0.0, 2.5419 -0.5723 0.0, 2.5827 -0.6035 0.0, 2.5106 -0.2559 0.0, 2.5419 -0.2151 0.0, 2.5984 -0.2573 0.0, 2.5827 -0.1839 0.0, 2.6364 -0.2416 0.0, 2.6302 -0.1642 0.0, 2.6772 -0.2362 0.0, 2.7179 -0.2416 0.0, 2.7179 -0.5458 0.0, 2.7559 -0.5301 0.0, 2.7885 -0.5051 0.0, 2.8135 -0.4724 0.0, 2.8293 -0.4345 0.0, 3.0172 -0.4724 0.0, 3.0014 -0.4345 0.0, 2.9961 -0.3937 0.0, 2.8346 -0.3937 0.0, 2.8293 -0.3529 0.0, 3.1128 -0.2416 0.4016, 3.1535 -0.2362 0.4016, 2.5984 -0.2573 0.4016, 2.6364 -0.2416 0.4016, 2.6302 -0.1642 0.4016, 3.0172 -0.315 0.4016, 3.0422 -0.2823 0.4016, 2.8293 -0.3529 0.4016, 3.1535 -0.5512 0.4016, 3.1128 -0.5458 0.4016, 3.0748 -0.2573 0.4016, 2.7885 -0.2823 0.4016, 2.8135 -0.315 0.4016, 2.7885 -0.5051 0.4016, 3.0422 -0.5051 0.4016, 2.8135 -0.4724 0.4016, 2.8293 -0.4345 0.4016, 2.6772 -0.2362 0.4016, 2.7179 -0.2416 0.4016, 2.7559 -0.2573 0.4016, 3.0172 -0.4724 0.4016, 3.0014 -0.4345 0.4016, 2.8346 -0.3937 0.4016, 2.9961 -0.3937 0.4016, 3.0014 -0.3529 0.4016, 2.7559 -0.5301 0.4016, 3.0748 -0.5301 0.4016, 2.7179 -0.5458 0.4016, 2.6772 -0.5512 0.4016, 2.6302 -0.6232 0.4016, 2.6364 -0.5458 0.4016, 2.5827 -0.6035 0.4016, 2.5984 -0.5301 0.4016, 2.5419 -0.5723 0.4016, 2.5658 -0.5051 0.4016, 2.5106 -0.5315 0.4016, 2.491 -0.484 0.4016, 2.5408 -0.4724 0.4016, 2.5827 -0.1839 0.4016, 2.5419 -0.2151 0.4016, 2.5658 -0.2823 0.4016, 2.5106 -0.2559 0.4016, 2.5408 -0.315 0.4016, 2.491 -0.3034 0.4016, 2.5251 -0.3529 0.4016, 2.5197 -0.3937 0.4016, 2.5251 -0.4345 0.4016, 2.6302 -0.6232 0.3976, 2.5827 -0.6035 0.3976, 2.5419 -0.5723 0.3976, 2.5106 -0.5315 0.3976, 2.491 -0.484 0.3976, 2.491 -0.3034 0.3976, 2.5106 -0.2559 0.3976, 2.5419 -0.2151 0.3976, 2.5827 -0.1839 0.3976, 2.6302 -0.1642 0.3976, 2.6302 -0.6232 0.0039, 2.5827 -0.6035 0.0039, 2.5419 -0.5723 0.0039, 2.5106 -0.5315 0.0039, 2.491 -0.484 0.0039, 2.491 -0.3034 0.0039, 2.5106 -0.2559 0.0039, 2.5419 -0.2151 0.0039, 2.5827 -0.1839 0.0039, 2.6302 -0.1642 0.0039, 2.4843 -1.2205 0.0039, 2.4843 -1.1417 0.0039, 2.4843 -1.2205 0.0, 2.4843 -1.1417 0.0, 2.6811 -1.4173 0.0039, 2.6811 -1.4173 0.0, 3.1496 -1.4173 0.0039, 3.1535 -1.4173 0.0, 3.1496 -1.4173 0.3976, 3.1535 -1.4173 0.4016, 2.6811 -1.4173 0.3976, 2.6811 -1.4173 0.4016, 2.4843 -1.2205 0.4016, 2.4843 -1.1417 0.4016, 2.4843 -1.2205 0.3976, 2.4843 -1.1417 0.3976, 2.6811 -0.9449 0.3976, 2.6811 -0.9449 0.4016, 3.1496 -0.9449 0.3976, 3.1535 -0.9449 0.4016, 3.1496 -0.9449 0.0039, 3.1535 -0.9449 0.0, 2.6811 -0.9449 0.0039, 2.6811 -0.9449 0.0, 3.1128 -1.3332 0.0, 3.1535 -1.3386 0.0, 2.5984 -1.3175 0.0, 2.6364 -1.3332 0.0, 2.6302 -1.4106 0.0, 2.6772 -1.3386 0.0, 2.7179 -1.3332 0.0, 2.7559 -1.3175 0.0, 2.7885 -1.2925 0.0, 2.6772 -1.0236 0.0, 2.6302 -0.9516 0.0, 2.6364 -1.029 0.0, 2.5827 -0.9713 0.0, 2.5984 -1.0447 0.0, 2.5419 -1.0025 0.0, 2.5658 -1.0697 0.0, 2.5106 -1.0433 0.0, 3.0172 -1.2598 0.0, 3.0422 -1.2925 0.0, 2.8293 -1.2219 0.0, 2.491 -1.0908 0.0, 2.5408 -1.1024 0.0, 2.5251 -1.1403 0.0, 2.5197 -1.1811 0.0, 2.5251 -1.2219 0.0, 2.491 -1.2714 0.0, 2.5408 -1.2598 0.0, 2.5106 -1.3189 0.0, 2.5658 -1.2925 0.0, 2.5419 -1.3597 0.0, 2.5827 -1.3909 0.0, 3.1535 -1.0236 0.0, 3.1128 -1.029 0.0, 3.0748 -1.0447 0.0, 3.0422 -1.0697 0.0, 2.8293 -1.1403 0.0, 3.0748 -1.3175 0.0, 2.8135 -1.2598 0.0, 2.8135 -1.1024 0.0, 2.7885 -1.0697 0.0, 2.7559 -1.0447 0.0, 2.7179 -1.029 0.0, 3.0172 -1.1024 0.0, 3.0014 -1.1403 0.0, 2.8346 -1.1811 0.0, 2.9961 -1.1811 0.0, 3.0014 -1.2219 0.0, 3.1128 -1.029 0.4016, 3.1535 -1.0236 0.4016, 2.7885 -1.2925 0.4016, 2.7559 -1.3175 0.4016, 2.5984 -1.0447 0.4016, 2.6364 -1.029 0.4016, 2.6302 -0.9516 0.4016, 3.1535 -1.3386 0.4016, 3.1128 -1.3332 0.4016, 3.0748 -1.3175 0.4016, 3.0422 -1.2925 0.4016, 2.8135 -1.2598 0.4016, 2.8293 -1.2219 0.4016, 2.5251 -1.2219 0.4016, 2.6772 -1.0236 0.4016, 2.7179 -1.029 0.4016, 3.0748 -1.0447 0.4016, 2.7179 -1.3332 0.4016, 2.6772 -1.3386 0.4016, 2.6302 -1.4106 0.4016, 2.6364 -1.3332 0.4016, 2.5827 -1.3909 0.4016, 2.5984 -1.3175 0.4016, 2.5419 -1.3597 0.4016, 2.5658 -1.2925 0.4016, 2.5408 -1.2598 0.4016, 2.491 -1.2714 0.4016, 2.5106 -1.3189 0.4016, 2.5197 -1.1811 0.4016, 2.5251 -1.1403 0.4016, 2.491 -1.0908 0.4016, 2.5408 -1.1024 0.4016, 2.5106 -1.0433 0.4016, 2.5658 -1.0697 0.4016, 2.5419 -1.0025 0.4016, 2.5827 -0.9713 0.4016, 3.0172 -1.2598 0.4016, 3.0014 -1.2219 0.4016, 2.8346 -1.1811 0.4016, 2.9961 -1.1811 0.4016, 2.8293 -1.1403 0.4016, 3.0014 -1.1403 0.4016, 3.0172 -1.1024 0.4016, 3.0422 -1.0697 0.4016, 2.8135 -1.1024 0.4016, 2.7885 -1.0697 0.4016, 2.7559 -1.0447 0.4016, 2.6302 -1.4106 0.3976, 2.5827 -1.3909 0.3976, 2.5419 -1.3597 0.3976, 2.5106 -1.3189 0.3976, 2.491 -1.2714 0.3976, 2.491 -1.0908 0.3976, 2.5106 -1.0433 0.3976, 2.5419 -1.0025 0.3976, 2.5827 -0.9713 0.3976, 2.6302 -0.9516 0.3976, 2.6302 -1.4106 0.0039, 2.5827 -1.3909 0.0039, 2.5419 -1.3597 0.0039, 2.5106 -1.3189 0.0039, 2.491 -1.2714 0.0039, 2.491 -1.0908 0.0039, 2.5106 -1.0433 0.0039, 2.5419 -1.0025 0.0039, 2.5827 -0.9713 0.0039, 2.6302 -0.9516 0.0039, 2.4843 -2.0079 0.0039, 2.4843 -1.9291 0.0039, 2.4843 -2.0079 0.0, 2.4843 -1.9291 0.0, 2.6811 -2.2047 0.0039, 2.6811 -2.2047 0.0, 3.1496 -2.2047 0.0039, 3.1535 -2.2047 0.0, 3.1496 -2.2047 0.3976, 3.1535 -2.2047 0.4016, 2.6811 -2.2047 0.3976, 2.6811 -2.2047 0.4016, 2.4843 -2.0079 0.4016, 2.4843 -1.9291 0.4016, 2.4843 -2.0079 0.3976, 2.4843 -1.9291 0.3976, 2.6811 -1.7323 0.3976, 2.6811 -1.7323 0.4016, 3.1496 -1.7323 0.3976, 3.1535 -1.7323 0.4016, 3.1496 -1.7323 0.0039, 3.1535 -1.7323 0.0, 2.6811 -1.7323 0.0039, 2.6811 -1.7323 0.0, 2.6772 -2.126 0.0, 2.6364 -2.1206 0.0, 2.6302 -2.198 0.0, 2.5984 -2.1049 0.0, 3.0748 -1.8321 0.0, 3.0422 -1.8571 0.0, 2.7885 -1.8571 0.0, 2.5827 -2.1784 0.0, 2.5419 -2.1471 0.0, 2.5658 -2.0799 0.0, 2.5106 -2.1063 0.0, 2.5408 -2.0472 0.0, 2.491 -2.0588 0.0, 2.5251 -2.0093 0.0, 2.5197 -1.9685 0.0, 2.5251 -1.9277 0.0, 2.8135 -2.0472 0.0, 2.8293 -2.0093 0.0, 3.0172 -2.0472 0.0, 3.0422 -2.0799 0.0, 3.0748 -2.1049 0.0, 3.1128 -2.1206 0.0, 3.1535 -2.126 0.0, 3.1535 -1.811 0.0, 3.1128 -1.8164 0.0, 2.7559 -1.8321 0.0, 2.5408 -1.8898 0.0, 2.491 -1.8782 0.0, 2.5658 -1.8571 0.0, 3.0172 -1.8898 0.0, 3.0014 -1.9277 0.0, 2.8135 -1.8898 0.0, 2.8293 -1.9277 0.0, 2.7179 -2.1206 0.0, 2.7559 -2.1049 0.0, 2.7885 -2.0799 0.0, 2.5106 -1.8307 0.0, 2.5419 -1.7899 0.0, 2.5984 -1.8321 0.0, 2.5827 -1.7587 0.0, 2.6364 -1.8164 0.0, 2.6302 -1.739 0.0, 2.6772 -1.811 0.0, 2.7179 -1.8164 0.0, 2.8346 -1.9685 0.0, 2.9961 -1.9685 0.0, 3.0014 -2.0093 0.0, 2.5251 -2.0093 0.4016, 3.0748 -2.1049 0.4016, 3.1128 -2.1206 0.4016, 3.1535 -2.126 0.4016, 3.0422 -2.0799 0.4016, 3.0172 -2.0472 0.4016, 2.7559 -2.1049 0.4016, 2.7885 -2.0799 0.4016, 2.7179 -2.1206 0.4016, 2.6772 -2.126 0.4016, 2.6302 -2.198 0.4016, 2.6364 -2.1206 0.4016, 2.5827 -2.1784 0.4016, 2.5984 -2.1049 0.4016, 2.5419 -2.1471 0.4016, 2.5658 -2.0799 0.4016, 2.5408 -2.0472 0.4016, 2.491 -2.0588 0.4016, 2.5106 -2.1063 0.4016, 2.5197 -1.9685 0.4016, 2.5251 -1.9277 0.4016, 2.491 -1.8782 0.4016, 2.5408 -1.8898 0.4016, 2.5106 -1.8307 0.4016, 2.5658 -1.8571 0.4016, 2.5419 -1.7899 0.4016, 2.5984 -1.8321 0.4016, 2.5827 -1.7587 0.4016, 2.7885 -1.8571 0.4016, 3.0014 -1.9277 0.4016, 3.0172 -1.8898 0.4016, 2.6302 -1.739 0.4016, 2.6364 -1.8164 0.4016, 3.0422 -1.8571 0.4016, 3.0748 -1.8321 0.4016, 3.1128 -1.8164 0.4016, 3.1535 -1.811 0.4016, 2.6772 -1.811 0.4016, 2.7179 -1.8164 0.4016, 2.7559 -1.8321 0.4016, 2.8135 -1.8898 0.4016, 2.8293 -1.9277 0.4016, 2.9961 -1.9685 0.4016, 2.8346 -1.9685 0.4016, 3.0014 -2.0093 0.4016, 2.8293 -2.0093 0.4016, 2.8135 -2.0472 0.4016, 2.6302 -2.198 0.3976, 2.5827 -2.1784 0.3976, 2.5419 -2.1471 0.3976, 2.5106 -2.1063 0.3976, 2.491 -2.0588 0.3976, 2.491 -1.8782 0.3976, 2.5106 -1.8307 0.3976, 2.5419 -1.7899 0.3976, 2.5827 -1.7587 0.3976, 2.6302 -1.739 0.3976, 2.6302 -2.198 0.0039, 2.5827 -2.1784 0.0039, 2.5419 -2.1471 0.0039, 2.5106 -2.1063 0.0039, 2.491 -2.0588 0.0039, 2.491 -1.8782 0.0039, 2.5106 -1.8307 0.0039, 2.5419 -1.7899 0.0039, 2.5827 -1.7587 0.0039, 2.6302 -1.739 0.0039, 2.4843 -2.7953 0.0039, 2.4843 -2.7165 0.0039, 2.4843 -2.7953 0.0, 2.4843 -2.7165 0.0, 2.6811 -2.9921 0.0039, 2.6811 -2.9921 0.0, 3.1496 -2.9921 0.0039, 3.1535 -2.9921 0.0, 3.1496 -2.9921 0.3976, 3.1535 -2.9921 0.4016, 2.6811 -2.9921 0.3976, 2.6811 -2.9921 0.4016, 2.4843 -2.7953 0.4016, 2.4843 -2.7165 0.4016, 2.4843 -2.7953 0.3976, 2.4843 -2.7165 0.3976, 2.6811 -2.5197 0.3976, 2.6811 -2.5197 0.4016, 3.1496 -2.5197 0.3976, 3.1535 -2.5197 0.4016, 3.1496 -2.5197 0.0039, 3.1535 -2.5197 0.0, 2.6811 -2.5197 0.0039, 2.6811 -2.5197 0.0, 2.6772 -2.9134 0.0, 2.6364 -2.908 0.0, 2.6302 -2.9854 0.0, 2.5984 -2.8923 0.0, 3.0748 -2.6195 0.0, 3.0422 -2.6446 0.0, 2.7885 -2.6446 0.0, 2.5827 -2.9658 0.0, 2.5419 -2.9345 0.0, 2.5658 -2.8673 0.0, 2.5106 -2.8937 0.0, 2.5408 -2.8346 0.0, 2.491 -2.8462 0.0, 2.5251 -2.7967 0.0, 2.5197 -2.7559 0.0, 2.5251 -2.7151 0.0, 2.8135 -2.8346 0.0, 2.8293 -2.7967 0.0, 3.0172 -2.8346 0.0, 3.0422 -2.8673 0.0, 3.0748 -2.8923 0.0, 3.1128 -2.908 0.0, 3.1535 -2.9134 0.0, 3.1535 -2.5984 0.0, 3.1128 -2.6038 0.0, 2.7559 -2.6195 0.0, 2.5408 -2.6772 0.0, 2.491 -2.6656 0.0, 2.5658 -2.6446 0.0, 3.0172 -2.6772 0.0, 3.0014 -2.7151 0.0, 2.8135 -2.6772 0.0, 2.8293 -2.7151 0.0, 2.7179 -2.908 0.0, 2.7559 -2.8923 0.0, 2.7885 -2.8673 0.0, 2.5106 -2.6181 0.0, 2.5419 -2.5773 0.0, 2.5984 -2.6195 0.0, 2.5827 -2.5461 0.0, 2.6364 -2.6038 0.0, 2.6302 -2.5264 0.0, 2.6772 -2.5984 0.0, 2.7179 -2.6038 0.0, 2.8346 -2.7559 0.0, 2.9961 -2.7559 0.0, 3.0014 -2.7967 0.0, 2.5251 -2.7967 0.4016, 3.0748 -2.8923 0.4016, 3.1128 -2.908 0.4016, 3.1535 -2.9134 0.4016, 3.0422 -2.8673 0.4016, 3.0172 -2.8346 0.4016, 2.7559 -2.8923 0.4016, 2.7885 -2.8673 0.4016, 2.7179 -2.908 0.4016, 2.6772 -2.9134 0.4016, 2.6302 -2.9854 0.4016, 2.6364 -2.908 0.4016, 2.5827 -2.9658 0.4016, 2.5984 -2.8923 0.4016, 2.5419 -2.9345 0.4016, 2.5658 -2.8673 0.4016, 2.5408 -2.8346 0.4016, 2.491 -2.8462 0.4016, 2.5106 -2.8937 0.4016, 2.5197 -2.7559 0.4016, 2.5251 -2.7151 0.4016, 2.491 -2.6656 0.4016, 2.5408 -2.6772 0.4016, 2.5106 -2.6181 0.4016, 2.5658 -2.6446 0.4016, 2.5419 -2.5773 0.4016, 2.5984 -2.6195 0.4016, 2.5827 -2.5461 0.4016, 2.7885 -2.6446 0.4016, 3.0014 -2.7151 0.4016, 3.0172 -2.6772 0.4016, 2.6302 -2.5264 0.4016, 2.6364 -2.6038 0.4016, 3.0422 -2.6446 0.4016, 3.0748 -2.6195 0.4016, 3.1128 -2.6038 0.4016, 3.1535 -2.5984 0.4016, 2.6772 -2.5984 0.4016, 2.7179 -2.6038 0.4016, 2.7559 -2.6195 0.4016, 2.8135 -2.6772 0.4016, 2.8293 -2.7151 0.4016, 2.9961 -2.7559 0.4016, 2.8346 -2.7559 0.4016, 3.0014 -2.7967 0.4016, 2.8293 -2.7967 0.4016, 2.8135 -2.8346 0.4016, 2.6302 -2.9854 0.3976, 2.5827 -2.9658 0.3976, 2.5419 -2.9345 0.3976, 2.5106 -2.8937 0.3976, 2.491 -2.8462 0.3976, 2.491 -2.6656 0.3976, 2.5106 -2.6181 0.3976, 2.5419 -2.5773 0.3976, 2.5827 -2.5461 0.3976, 2.6302 -2.5264 0.3976, 2.6302 -2.9854 0.0039, 2.5827 -2.9658 0.0039, 2.5419 -2.9345 0.0039, 2.5106 -2.8937 0.0039, 2.491 -2.8462 0.0039, 2.491 -2.6656 0.0039, 2.5106 -2.6181 0.0039, 2.5419 -2.5773 0.0039, 2.5827 -2.5461 0.0039, 2.6302 -2.5264 0.0039
            ]
        }
        coordIndex [
            0,1,2,-1,2,1,3,-1,4,5,6,-1,6,5,7,-1,8,9,10,-1,10,9,5,-1,10,5,11,-1,11,5,4,-1,11,4,12,-1,12,4,13,-1,14,15,16,-1,16,15,17,-1,18,19,20,-1,20,19,21,-1,20,21,22,-1,22,21,23,-1,22,23,24,-1,24,23,25,-1,26,27,28,-1,29,30,31,-1,32,33,23,-1,23,33,26,-1,28,34,26,-1,26,34,35,-1,26,35,23,-1,23,35,36,-1,23,36,25,-1,1,0,37,-1,31,38,9,-1,9,38,39,-1,9,39,5,-1,5,39,40,-1,5,40,7,-1,36,41,25,-1,25,41,42,-1,25,42,43,-1,43,42,44,-1,43,44,45,-1,45,44,46,-1,45,46,47,-1,47,46,48,-1,37,0,49,-1,49,0,50,-1,49,50,48,-1,48,50,51,-1,48,51,47,-1,27,52,28,-1,28,52,53,-1,28,53,54,-1,54,53,55,-1,54,55,30,-1,30,55,56,-1,30,56,31,-1,57,58,59,-1,59,58,60,-1,59,60,61,-1,61,60,62,-1,61,62,63,-1,63,62,1,-1,63,1,64,-1,64,1,37,-1,65,9,66,-1,66,9,67,-1,66,67,57,-1,57,67,68,-1,57,68,58,-1,65,69,9,-1,9,69,70,-1,9,70,31,-1,31,70,71,-1,31,71,29,-1,72,73,74,-1,75,76,21,-1,74,73,19,-1,73,77,19,-1,19,77,78,-1,19,78,21,-1,75,21,79,-1,80,81,82,-1,82,81,83,-1,82,83,84,-1,84,83,79,-1,84,79,85,-1,85,79,21,-1,85,21,86,-1,86,21,78,-1,87,13,88,-1,88,13,4,-1,88,4,6,-1,87,89,13,-1,13,89,90,-1,13,90,91,-1,91,90,92,-1,93,94,95,-1,95,94,17,-1,74,96,72,-1,72,96,97,-1,72,97,98,-1,98,97,99,-1,98,99,100,-1,100,99,101,-1,100,101,102,-1,102,101,16,-1,102,16,103,-1,103,16,17,-1,103,17,104,-1,104,17,94,-1,80,82,105,-1,105,82,106,-1,105,106,107,-1,107,106,108,-1,107,108,90,-1,90,108,109,-1,90,109,92,-1,95,110,93,-1,93,110,111,-1,93,111,112,-1,112,111,113,-1,112,113,114,-1,114,113,115,-1,114,115,116,-1,116,115,13,-1,116,13,117,-1,117,13,91,-1,64,103,63,-1,63,103,104,-1,63,104,61,-1,61,104,94,-1,61,94,59,-1,59,94,93,-1,59,93,57,-1,57,93,112,-1,57,112,66,-1,66,112,114,-1,66,114,65,-1,65,114,116,-1,65,116,69,-1,69,116,117,-1,69,117,70,-1,70,117,91,-1,70,91,71,-1,71,91,92,-1,71,92,29,-1,29,92,109,-1,29,109,30,-1,30,109,108,-1,30,108,54,-1,54,108,106,-1,54,106,28,-1,28,106,82,-1,28,82,34,-1,34,82,84,-1,34,84,35,-1,35,84,85,-1,35,85,36,-1,36,85,86,-1,36,86,41,-1,41,86,78,-1,41,78,42,-1,42,78,77,-1,42,77,44,-1,44,77,73,-1,44,73,46,-1,46,73,72,-1,46,72,48,-1,48,72,98,-1,48,98,49,-1,49,98,100,-1,49,100,37,-1,37,100,102,-1,37,102,64,-1,64,102,103,-1,32,76,33,-1,33,76,75,-1,33,75,26,-1,26,75,79,-1,26,79,27,-1,27,79,83,-1,27,83,52,-1,52,83,81,-1,52,81,53,-1,53,81,80,-1,53,80,55,-1,55,80,105,-1,55,105,56,-1,56,105,107,-1,56,107,31,-1,31,107,90,-1,31,90,38,-1,38,90,89,-1,38,89,39,-1,39,89,87,-1,39,87,40,-1,40,87,88,-1,40,88,7,-1,7,88,6,-1,14,16,101,-1,14,101,118,-1,118,101,99,-1,118,99,119,-1,119,99,97,-1,119,97,120,-1,120,97,96,-1,120,96,121,-1,121,96,74,-1,121,74,122,-1,122,74,19,-1,122,19,18,-1,12,13,115,-1,12,115,123,-1,123,115,113,-1,123,113,124,-1,124,113,111,-1,124,111,125,-1,125,111,110,-1,125,110,126,-1,126,110,95,-1,126,95,127,-1,127,95,17,-1,127,17,15,-1,0,2,128,-1,0,128,50,-1,50,128,129,-1,50,129,51,-1,51,129,130,-1,51,130,47,-1,47,130,131,-1,47,131,45,-1,45,131,132,-1,45,132,43,-1,43,132,24,-1,43,24,25,-1,9,8,133,-1,9,133,67,-1,67,133,134,-1,67,134,68,-1,68,134,135,-1,68,135,58,-1,58,135,136,-1,58,136,60,-1,60,136,137,-1,60,137,62,-1,62,137,3,-1,62,3,1,-1,138,139,140,-1,140,139,141,-1,142,143,144,-1,144,143,145,-1,144,145,146,-1,146,145,147,-1,146,147,148,-1,148,147,149,-1,150,151,152,-1,152,151,153,-1,154,155,156,-1,156,155,157,-1,156,157,158,-1,158,157,159,-1,158,159,160,-1,160,159,161,-1,162,143,163,-1,163,143,164,-1,163,164,165,-1,166,167,168,-1,164,169,165,-1,165,169,170,-1,165,170,171,-1,171,170,172,-1,171,172,173,-1,173,172,174,-1,173,174,175,-1,175,174,140,-1,175,140,176,-1,176,140,141,-1,176,141,177,-1,178,179,180,-1,180,181,143,-1,143,181,182,-1,143,182,145,-1,145,182,183,-1,145,183,184,-1,185,186,159,-1,159,186,166,-1,166,168,159,-1,159,168,187,-1,159,187,161,-1,177,141,188,-1,188,141,189,-1,188,189,190,-1,167,191,168,-1,168,191,192,-1,168,192,193,-1,193,192,194,-1,162,195,143,-1,143,195,196,-1,143,196,180,-1,180,196,197,-1,180,197,178,-1,189,198,190,-1,190,198,199,-1,190,199,200,-1,200,199,201,-1,200,201,202,-1,202,201,203,-1,202,203,204,-1,204,203,161,-1,204,161,205,-1,205,161,187,-1,194,192,206,-1,206,192,207,-1,206,207,179,-1,179,207,208,-1,179,208,180,-1,151,150,209,-1,210,149,211,-1,211,149,147,-1,211,147,212,-1,210,213,149,-1,149,213,214,-1,149,214,215,-1,215,214,216,-1,215,217,149,-1,149,217,218,-1,149,218,219,-1,219,218,220,-1,219,220,221,-1,221,220,222,-1,221,222,223,-1,223,222,224,-1,209,150,225,-1,225,150,226,-1,225,226,224,-1,224,226,227,-1,224,227,223,-1,209,228,151,-1,151,228,229,-1,151,229,230,-1,230,229,231,-1,230,231,232,-1,232,231,233,-1,232,233,234,-1,234,233,235,-1,234,235,236,-1,237,238,239,-1,236,235,240,-1,240,235,241,-1,240,241,155,-1,239,242,237,-1,237,242,243,-1,237,243,157,-1,157,243,244,-1,157,244,245,-1,241,246,155,-1,155,246,247,-1,155,247,157,-1,157,247,248,-1,157,248,237,-1,237,249,238,-1,238,249,250,-1,238,250,251,-1,251,250,252,-1,251,252,253,-1,253,252,254,-1,253,254,214,-1,214,254,255,-1,214,255,216,-1,206,252,194,-1,194,252,250,-1,194,250,193,-1,193,250,249,-1,193,249,168,-1,168,249,237,-1,168,237,187,-1,187,237,248,-1,187,248,205,-1,205,248,247,-1,205,247,204,-1,204,247,246,-1,204,246,202,-1,202,246,241,-1,202,241,200,-1,200,241,235,-1,200,235,190,-1,190,235,233,-1,190,233,188,-1,188,233,231,-1,188,231,177,-1,177,231,229,-1,177,229,176,-1,176,229,228,-1,176,228,175,-1,175,228,209,-1,175,209,173,-1,173,209,225,-1,173,225,171,-1,171,225,224,-1,171,224,165,-1,165,224,222,-1,165,222,163,-1,163,222,220,-1,163,220,162,-1,162,220,218,-1,162,218,195,-1,195,218,217,-1,195,217,196,-1,196,217,215,-1,196,215,197,-1,197,215,216,-1,197,216,178,-1,178,216,255,-1,178,255,179,-1,179,255,254,-1,179,254,206,-1,206,254,252,-1,185,245,186,-1,186,245,244,-1,186,244,166,-1,166,244,243,-1,166,243,167,-1,167,243,242,-1,167,242,191,-1,191,242,239,-1,191,239,192,-1,192,239,238,-1,192,238,207,-1,207,238,251,-1,207,251,208,-1,208,251,253,-1,208,253,180,-1,180,253,214,-1,180,214,181,-1,181,214,213,-1,181,213,182,-1,182,213,210,-1,182,210,183,-1,183,210,211,-1,183,211,184,-1,184,211,212,-1,148,149,219,-1,148,219,256,-1,256,219,221,-1,256,221,257,-1,257,221,223,-1,257,223,258,-1,258,223,227,-1,258,227,259,-1,259,227,226,-1,259,226,260,-1,260,226,150,-1,260,150,152,-1,153,151,230,-1,153,230,261,-1,261,230,232,-1,261,232,262,-1,262,232,234,-1,262,234,263,-1,263,234,236,-1,263,236,264,-1,264,236,240,-1,264,240,265,-1,265,240,155,-1,265,155,154,-1,143,142,266,-1,143,266,164,-1,164,266,267,-1,164,267,169,-1,169,267,268,-1,169,268,170,-1,170,268,269,-1,170,269,172,-1,172,269,270,-1,172,270,174,-1,174,270,138,-1,174,138,140,-1,141,139,271,-1,141,271,189,-1,189,271,272,-1,189,272,198,-1,198,272,273,-1,198,273,199,-1,199,273,274,-1,199,274,201,-1,201,274,275,-1,201,275,203,-1,203,275,160,-1,203,160,161,-1,276,277,278,-1,278,277,279,-1,280,281,282,-1,282,281,283,-1,284,285,286,-1,286,285,281,-1,286,281,287,-1,287,281,280,-1,287,280,288,-1,288,280,289,-1,290,291,292,-1,292,291,293,-1,294,295,296,-1,296,295,297,-1,296,297,298,-1,298,297,299,-1,298,299,300,-1,300,299,301,-1,302,303,304,-1,305,306,307,-1,308,309,299,-1,299,309,302,-1,304,310,302,-1,302,310,311,-1,302,311,299,-1,299,311,312,-1,299,312,301,-1,277,276,313,-1,307,314,285,-1,285,314,315,-1,285,315,281,-1,281,315,316,-1,281,316,283,-1,312,317,301,-1,301,317,318,-1,301,318,319,-1,319,318,320,-1,319,320,321,-1,321,320,322,-1,321,322,323,-1,323,322,324,-1,313,276,325,-1,325,276,326,-1,325,326,324,-1,324,326,327,-1,324,327,323,-1,303,328,304,-1,304,328,329,-1,304,329,330,-1,330,329,331,-1,330,331,306,-1,306,331,332,-1,306,332,307,-1,333,334,335,-1,335,334,336,-1,335,336,337,-1,337,336,338,-1,337,338,339,-1,339,338,277,-1,339,277,340,-1,340,277,313,-1,341,285,342,-1,342,285,343,-1,342,343,333,-1,333,343,344,-1,333,344,334,-1,341,345,285,-1,285,345,346,-1,285,346,307,-1,307,346,347,-1,307,347,305,-1,348,349,350,-1,351,352,297,-1,350,349,295,-1,349,353,295,-1,295,353,354,-1,295,354,297,-1,351,297,355,-1,356,357,358,-1,358,357,359,-1,358,359,360,-1,360,359,355,-1,360,355,361,-1,361,355,297,-1,361,297,362,-1,362,297,354,-1,363,289,364,-1,364,289,280,-1,364,280,282,-1,363,365,289,-1,289,365,366,-1,289,366,367,-1,367,366,368,-1,369,370,371,-1,371,370,293,-1,350,372,348,-1,348,372,373,-1,348,373,374,-1,374,373,375,-1,374,375,376,-1,376,375,377,-1,376,377,378,-1,378,377,292,-1,378,292,379,-1,379,292,293,-1,379,293,380,-1,380,293,370,-1,356,358,381,-1,381,358,382,-1,381,382,383,-1,383,382,384,-1,383,384,366,-1,366,384,385,-1,366,385,368,-1,371,386,369,-1,369,386,387,-1,369,387,388,-1,388,387,389,-1,388,389,390,-1,390,389,391,-1,390,391,392,-1,392,391,289,-1,392,289,393,-1,393,289,367,-1,394,395,396,-1,396,395,397,-1,398,399,400,-1,400,399,401,-1,402,403,404,-1,404,403,399,-1,404,399,405,-1,405,399,398,-1,405,398,406,-1,406,398,407,-1,408,409,410,-1,410,409,411,-1,412,413,414,-1,414,413,415,-1,414,415,416,-1,416,415,417,-1,416,417,418,-1,418,417,419,-1,420,401,399,-1,421,403,422,-1,422,403,423,-1,422,423,424,-1,425,426,427,-1,419,428,429,-1,429,428,430,-1,429,430,431,-1,431,430,432,-1,431,432,433,-1,433,432,434,-1,433,434,435,-1,435,434,436,-1,436,434,437,-1,436,437,394,-1,423,438,424,-1,424,438,439,-1,424,439,440,-1,440,439,441,-1,440,441,442,-1,442,441,443,-1,442,443,444,-1,444,443,395,-1,444,395,445,-1,445,395,394,-1,445,394,446,-1,446,394,437,-1,427,426,447,-1,420,399,448,-1,448,399,403,-1,448,403,426,-1,449,450,417,-1,417,450,451,-1,417,452,419,-1,419,452,453,-1,419,453,428,-1,421,454,403,-1,403,454,455,-1,403,455,426,-1,426,455,456,-1,426,456,447,-1,457,458,459,-1,459,458,460,-1,459,460,461,-1,461,460,462,-1,461,462,427,-1,427,462,463,-1,427,463,425,-1,457,459,451,-1,451,459,464,-1,451,464,417,-1,417,464,465,-1,417,465,452,-1,466,467,411,-1,398,400,468,-1,411,467,410,-1,410,467,469,-1,410,469,470,-1,470,469,471,-1,470,471,472,-1,472,471,473,-1,472,473,474,-1,474,473,475,-1,474,475,476,-1,407,477,478,-1,478,477,479,-1,478,479,480,-1,480,479,481,-1,480,481,482,-1,482,481,483,-1,476,475,484,-1,484,475,485,-1,484,485,413,-1,486,487,488,-1,466,411,489,-1,489,411,490,-1,489,490,483,-1,483,490,491,-1,483,491,482,-1,415,492,493,-1,398,468,407,-1,407,468,494,-1,407,494,495,-1,485,496,413,-1,413,496,497,-1,413,497,415,-1,415,497,498,-1,415,498,492,-1,495,499,407,-1,407,499,500,-1,407,500,477,-1,501,502,495,-1,495,502,503,-1,495,503,499,-1,488,487,493,-1,493,487,504,-1,493,504,415,-1,415,504,505,-1,415,505,506,-1,495,507,501,-1,501,507,508,-1,501,508,509,-1,509,508,510,-1,509,510,488,-1,488,510,511,-1,488,511,486,-1,512,513,514,-1,514,513,515,-1,516,517,518,-1,518,517,519,-1,520,521,522,-1,522,521,517,-1,522,517,523,-1,523,517,516,-1,523,516,524,-1,524,516,525,-1,526,527,528,-1,528,527,529,-1,530,531,532,-1,532,531,533,-1,532,533,534,-1,534,533,535,-1,534,535,536,-1,536,535,537,-1,538,519,517,-1,539,540,541,-1,542,543,544,-1,541,540,521,-1,545,546,547,-1,544,543,548,-1,540,549,521,-1,521,549,550,-1,521,550,517,-1,517,550,551,-1,517,551,552,-1,553,554,535,-1,535,554,555,-1,535,555,543,-1,543,555,556,-1,543,556,548,-1,543,557,535,-1,535,557,558,-1,535,558,537,-1,558,559,537,-1,537,559,560,-1,537,560,561,-1,561,560,562,-1,561,562,563,-1,563,562,564,-1,563,564,565,-1,565,564,566,-1,565,566,567,-1,567,566,568,-1,568,566,569,-1,568,569,512,-1,541,570,539,-1,539,570,571,-1,539,571,572,-1,572,571,573,-1,572,573,574,-1,574,573,575,-1,574,575,576,-1,576,575,513,-1,576,513,577,-1,577,513,512,-1,577,512,578,-1,578,512,569,-1,538,517,579,-1,579,517,552,-1,579,552,546,-1,546,552,580,-1,546,580,547,-1,542,544,581,-1,581,544,582,-1,581,582,547,-1,547,582,583,-1,547,583,545,-1,584,585,586,-1,587,588,533,-1,525,589,590,-1,586,585,531,-1,525,590,591,-1,591,590,592,-1,591,592,593,-1,593,592,594,-1,593,594,595,-1,595,594,596,-1,595,596,597,-1,589,525,598,-1,598,525,516,-1,598,516,599,-1,597,596,600,-1,600,596,601,-1,600,601,529,-1,601,602,529,-1,529,602,603,-1,529,603,528,-1,528,603,604,-1,528,604,605,-1,605,604,606,-1,605,606,607,-1,607,606,608,-1,607,608,609,-1,609,608,584,-1,609,584,610,-1,610,584,586,-1,585,611,531,-1,531,611,612,-1,531,612,533,-1,533,612,613,-1,533,613,587,-1,518,614,516,-1,516,614,615,-1,516,615,599,-1,599,615,616,-1,599,616,617,-1,617,616,618,-1,588,619,620,-1,588,620,533,-1,533,620,621,-1,533,621,622,-1,616,623,618,-1,618,623,624,-1,618,624,625,-1,625,624,626,-1,625,626,627,-1,627,626,628,-1,627,628,588,-1,588,628,629,-1,588,629,619,-1,630,631,632,-1,632,631,633,-1,634,635,636,-1,636,635,637,-1,638,639,640,-1,640,639,635,-1,640,635,641,-1,641,635,634,-1,641,634,642,-1,642,634,643,-1,644,645,646,-1,646,645,647,-1,648,649,650,-1,650,649,651,-1,650,651,652,-1,652,651,653,-1,652,653,654,-1,654,653,655,-1,656,637,635,-1,657,658,659,-1,660,661,662,-1,639,663,635,-1,635,663,664,-1,635,664,665,-1,659,658,666,-1,667,668,653,-1,653,668,669,-1,653,669,658,-1,658,669,670,-1,658,670,666,-1,656,635,671,-1,671,635,665,-1,671,665,661,-1,661,665,672,-1,661,672,662,-1,658,673,653,-1,653,673,674,-1,653,674,655,-1,674,675,655,-1,655,675,676,-1,655,676,677,-1,677,676,678,-1,677,678,679,-1,679,678,680,-1,679,680,681,-1,681,680,682,-1,681,682,683,-1,683,682,684,-1,684,682,685,-1,684,685,630,-1,685,686,630,-1,630,686,687,-1,630,687,631,-1,631,687,688,-1,631,688,689,-1,689,688,690,-1,689,690,691,-1,691,690,692,-1,691,692,693,-1,693,692,694,-1,693,694,695,-1,695,694,696,-1,696,694,697,-1,696,697,639,-1,639,697,698,-1,639,698,663,-1,657,659,699,-1,699,659,700,-1,699,700,662,-1,662,700,701,-1,662,701,660,-1,702,703,651,-1,704,705,706,-1,702,651,707,-1,706,705,649,-1,634,708,709,-1,710,711,712,-1,712,711,647,-1,634,709,643,-1,712,713,710,-1,710,713,714,-1,710,714,715,-1,715,714,716,-1,715,716,717,-1,717,716,718,-1,717,718,719,-1,719,718,643,-1,719,643,720,-1,720,643,709,-1,711,721,647,-1,647,721,722,-1,647,722,646,-1,646,722,723,-1,646,723,724,-1,724,723,725,-1,724,725,726,-1,726,725,727,-1,726,727,728,-1,728,727,704,-1,728,704,729,-1,729,704,706,-1,705,730,649,-1,649,730,731,-1,649,731,651,-1,651,731,732,-1,636,733,634,-1,634,733,734,-1,634,734,708,-1,708,734,735,-1,708,735,736,-1,736,735,737,-1,732,738,651,-1,651,738,739,-1,651,739,707,-1,707,739,740,-1,735,741,737,-1,737,741,742,-1,737,742,743,-1,743,742,744,-1,743,744,745,-1,745,744,746,-1,745,746,739,-1,739,746,747,-1,739,747,740,-1,748,749,750,-1,750,749,751,-1,752,753,754,-1,754,753,755,-1,756,757,758,-1,758,757,753,-1,758,753,759,-1,759,753,752,-1,759,752,760,-1,760,752,761,-1,762,763,764,-1,764,763,765,-1,766,767,768,-1,768,767,769,-1,768,769,770,-1,770,769,771,-1,770,771,772,-1,772,771,773,-1,774,755,753,-1,775,757,776,-1,776,757,777,-1,776,777,778,-1,779,780,781,-1,773,782,783,-1,783,782,784,-1,783,784,785,-1,785,784,786,-1,785,786,787,-1,787,786,788,-1,787,788,789,-1,789,788,790,-1,790,788,791,-1,790,791,748,-1,777,792,778,-1,778,792,793,-1,778,793,794,-1,794,793,795,-1,794,795,796,-1,796,795,797,-1,796,797,798,-1,798,797,749,-1,798,749,799,-1,799,749,748,-1,799,748,800,-1,800,748,791,-1,781,780,801,-1,774,753,802,-1,802,753,757,-1,802,757,780,-1,803,804,771,-1,771,804,805,-1,771,806,773,-1,773,806,807,-1,773,807,782,-1,775,808,757,-1,757,808,809,-1,757,809,780,-1,780,809,810,-1,780,810,801,-1,811,812,813,-1,813,812,814,-1,813,814,815,-1,815,814,816,-1,815,816,781,-1,781,816,817,-1,781,817,779,-1,811,813,805,-1,805,813,818,-1,805,818,771,-1,771,818,819,-1,771,819,806,-1,820,821,765,-1,752,754,822,-1,765,821,764,-1,764,821,823,-1,764,823,824,-1,824,823,825,-1,824,825,826,-1,826,825,827,-1,826,827,828,-1,828,827,829,-1,828,829,830,-1,761,831,832,-1,832,831,833,-1,832,833,834,-1,834,833,835,-1,834,835,836,-1,836,835,837,-1,830,829,838,-1,838,829,839,-1,838,839,767,-1,840,841,842,-1,820,765,843,-1,843,765,844,-1,843,844,837,-1,837,844,845,-1,837,845,836,-1,769,846,847,-1,752,822,761,-1,761,822,848,-1,761,848,849,-1,839,850,767,-1,767,850,851,-1,767,851,769,-1,769,851,852,-1,769,852,846,-1,849,853,761,-1,761,853,854,-1,761,854,831,-1,855,856,849,-1,849,856,857,-1,849,857,853,-1,842,841,847,-1,847,841,858,-1,847,858,769,-1,769,858,859,-1,769,859,860,-1,849,861,855,-1,855,861,862,-1,855,862,863,-1,863,862,864,-1,863,864,842,-1,842,864,865,-1,842,865,840,-1,866,867,868,-1,868,867,869,-1,870,871,872,-1,872,871,873,-1,874,875,876,-1,876,875,871,-1,876,871,877,-1,877,871,870,-1,877,870,878,-1,878,870,879,-1,880,881,882,-1,882,881,883,-1,884,885,886,-1,886,885,887,-1,886,887,888,-1,888,887,889,-1,888,889,890,-1,890,889,891,-1,892,893,894,-1,895,896,897,-1,898,899,889,-1,889,899,892,-1,894,900,892,-1,892,900,901,-1,892,901,889,-1,889,901,902,-1,889,902,891,-1,867,866,903,-1,897,904,875,-1,875,904,905,-1,875,905,871,-1,871,905,906,-1,871,906,873,-1,902,907,891,-1,891,907,908,-1,891,908,909,-1,909,908,910,-1,909,910,911,-1,911,910,912,-1,911,912,913,-1,913,912,914,-1,903,866,915,-1,915,866,916,-1,915,916,914,-1,914,916,917,-1,914,917,913,-1,893,918,894,-1,894,918,919,-1,894,919,920,-1,920,919,921,-1,920,921,896,-1,896,921,922,-1,896,922,897,-1,923,924,925,-1,925,924,926,-1,925,926,927,-1,927,926,928,-1,927,928,929,-1,929,928,867,-1,929,867,930,-1,930,867,903,-1,931,875,932,-1,932,875,933,-1,932,933,923,-1,923,933,934,-1,923,934,924,-1,931,935,875,-1,875,935,936,-1,875,936,897,-1,897,936,937,-1,897,937,895,-1,938,939,940,-1,941,942,887,-1,940,939,885,-1,939,943,885,-1,885,943,944,-1,885,944,887,-1,941,887,945,-1,946,947,948,-1,948,947,949,-1,948,949,950,-1,950,949,945,-1,950,945,951,-1,951,945,887,-1,951,887,952,-1,952,887,944,-1,953,879,954,-1,954,879,870,-1,954,870,872,-1,953,955,879,-1,879,955,956,-1,879,956,957,-1,957,956,958,-1,959,960,961,-1,961,960,883,-1,940,962,938,-1,938,962,963,-1,938,963,964,-1,964,963,965,-1,964,965,966,-1,966,965,967,-1,966,967,968,-1,968,967,882,-1,968,882,969,-1,969,882,883,-1,969,883,970,-1,970,883,960,-1,946,948,971,-1,971,948,972,-1,971,972,973,-1,973,972,974,-1,973,974,956,-1,956,974,975,-1,956,975,958,-1,961,976,959,-1,959,976,977,-1,959,977,978,-1,978,977,979,-1,978,979,980,-1,980,979,981,-1,980,981,982,-1,982,981,879,-1,982,879,983,-1,983,879,957,-1,984,985,986,-1,986,985,987,-1,988,989,990,-1,990,989,991,-1,992,993,994,-1,994,993,989,-1,994,989,995,-1,995,989,988,-1,995,988,996,-1,996,988,997,-1,998,999,1000,-1,1000,999,1001,-1,1002,1003,1004,-1,1004,1003,1005,-1,1004,1005,1006,-1,1006,1005,1007,-1,1006,1007,1008,-1,1008,1007,1009,-1,1010,1011,1012,-1,1013,1014,1015,-1,1016,1017,1007,-1,1007,1017,1010,-1,1012,1018,1010,-1,1010,1018,1019,-1,1010,1019,1007,-1,1007,1019,1020,-1,1007,1020,1009,-1,985,984,1021,-1,1015,1022,993,-1,993,1022,1023,-1,993,1023,989,-1,989,1023,1024,-1,989,1024,991,-1,1020,1025,1009,-1,1009,1025,1026,-1,1009,1026,1027,-1,1027,1026,1028,-1,1027,1028,1029,-1,1029,1028,1030,-1,1029,1030,1031,-1,1031,1030,1032,-1,1021,984,1033,-1,1033,984,1034,-1,1033,1034,1032,-1,1032,1034,1035,-1,1032,1035,1031,-1,1011,1036,1012,-1,1012,1036,1037,-1,1012,1037,1038,-1,1038,1037,1039,-1,1038,1039,1014,-1,1014,1039,1040,-1,1014,1040,1015,-1,1041,1042,1043,-1,1043,1042,1044,-1,1043,1044,1045,-1,1045,1044,1046,-1,1045,1046,1047,-1,1047,1046,985,-1,1047,985,1048,-1,1048,985,1021,-1,1049,993,1050,-1,1050,993,1051,-1,1050,1051,1041,-1,1041,1051,1052,-1,1041,1052,1042,-1,1049,1053,993,-1,993,1053,1054,-1,993,1054,1015,-1,1015,1054,1055,-1,1015,1055,1013,-1,1056,1057,1058,-1,1059,1060,1005,-1,1058,1057,1003,-1,1057,1061,1003,-1,1003,1061,1062,-1,1003,1062,1005,-1,1059,1005,1063,-1,1064,1065,1066,-1,1066,1065,1067,-1,1066,1067,1068,-1,1068,1067,1063,-1,1068,1063,1069,-1,1069,1063,1005,-1,1069,1005,1070,-1,1070,1005,1062,-1,1071,997,1072,-1,1072,997,988,-1,1072,988,990,-1,1071,1073,997,-1,997,1073,1074,-1,997,1074,1075,-1,1075,1074,1076,-1,1077,1078,1079,-1,1079,1078,1001,-1,1058,1080,1056,-1,1056,1080,1081,-1,1056,1081,1082,-1,1082,1081,1083,-1,1082,1083,1084,-1,1084,1083,1085,-1,1084,1085,1086,-1,1086,1085,1000,-1,1086,1000,1087,-1,1087,1000,1001,-1,1087,1001,1088,-1,1088,1001,1078,-1,1064,1066,1089,-1,1089,1066,1090,-1,1089,1090,1091,-1,1091,1090,1092,-1,1091,1092,1074,-1,1074,1092,1093,-1,1074,1093,1076,-1,1079,1094,1077,-1,1077,1094,1095,-1,1077,1095,1096,-1,1096,1095,1097,-1,1096,1097,1098,-1,1098,1097,1099,-1,1098,1099,1100,-1,1100,1099,997,-1,1100,997,1101,-1,1101,997,1075,-1,1016,1060,1017,-1,1017,1060,1059,-1,1017,1059,1010,-1,1010,1059,1063,-1,1010,1063,1011,-1,1011,1063,1067,-1,1011,1067,1036,-1,1036,1067,1065,-1,1036,1065,1037,-1,1037,1065,1064,-1,1037,1064,1039,-1,1039,1064,1089,-1,1039,1089,1040,-1,1040,1089,1091,-1,1040,1091,1015,-1,1015,1091,1074,-1,1015,1074,1022,-1,1022,1074,1073,-1,1022,1073,1023,-1,1023,1073,1071,-1,1023,1071,1024,-1,1024,1071,1072,-1,1024,1072,991,-1,991,1072,990,-1,1048,1087,1047,-1,1047,1087,1088,-1,1047,1088,1045,-1,1045,1088,1078,-1,1045,1078,1043,-1,1043,1078,1077,-1,1043,1077,1041,-1,1041,1077,1096,-1,1041,1096,1050,-1,1050,1096,1098,-1,1050,1098,1049,-1,1049,1098,1100,-1,1049,1100,1053,-1,1053,1100,1101,-1,1053,1101,1054,-1,1054,1101,1075,-1,1054,1075,1055,-1,1055,1075,1076,-1,1055,1076,1013,-1,1013,1076,1093,-1,1013,1093,1014,-1,1014,1093,1092,-1,1014,1092,1038,-1,1038,1092,1090,-1,1038,1090,1012,-1,1012,1090,1066,-1,1012,1066,1018,-1,1018,1066,1068,-1,1018,1068,1019,-1,1019,1068,1069,-1,1019,1069,1020,-1,1020,1069,1070,-1,1020,1070,1025,-1,1025,1070,1062,-1,1025,1062,1026,-1,1026,1062,1061,-1,1026,1061,1028,-1,1028,1061,1057,-1,1028,1057,1030,-1,1030,1057,1056,-1,1030,1056,1032,-1,1032,1056,1082,-1,1032,1082,1033,-1,1033,1082,1084,-1,1033,1084,1021,-1,1021,1084,1086,-1,1021,1086,1048,-1,1048,1086,1087,-1,930,969,929,-1,929,969,970,-1,929,970,927,-1,927,970,960,-1,927,960,925,-1,925,960,959,-1,925,959,923,-1,923,959,978,-1,923,978,932,-1,932,978,980,-1,932,980,931,-1,931,980,982,-1,931,982,935,-1,935,982,983,-1,935,983,936,-1,936,983,957,-1,936,957,937,-1,937,957,958,-1,937,958,895,-1,895,958,975,-1,895,975,896,-1,896,975,974,-1,896,974,920,-1,920,974,972,-1,920,972,894,-1,894,972,948,-1,894,948,900,-1,900,948,950,-1,900,950,901,-1,901,950,951,-1,901,951,902,-1,902,951,952,-1,902,952,907,-1,907,952,944,-1,907,944,908,-1,908,944,943,-1,908,943,910,-1,910,943,939,-1,910,939,912,-1,912,939,938,-1,912,938,914,-1,914,938,964,-1,914,964,915,-1,915,964,966,-1,915,966,903,-1,903,966,968,-1,903,968,930,-1,930,968,969,-1,898,942,899,-1,899,942,941,-1,899,941,892,-1,892,941,945,-1,892,945,893,-1,893,945,949,-1,893,949,918,-1,918,949,947,-1,918,947,919,-1,919,947,946,-1,919,946,921,-1,921,946,971,-1,921,971,922,-1,922,971,973,-1,922,973,897,-1,897,973,956,-1,897,956,904,-1,904,956,955,-1,904,955,905,-1,905,955,953,-1,905,953,906,-1,906,953,954,-1,906,954,873,-1,873,954,872,-1,799,821,798,-1,798,821,820,-1,798,820,796,-1,796,820,843,-1,796,843,794,-1,794,843,837,-1,794,837,778,-1,778,837,835,-1,778,835,776,-1,776,835,833,-1,776,833,775,-1,775,833,831,-1,775,831,808,-1,808,831,854,-1,808,854,809,-1,809,854,853,-1,809,853,810,-1,810,853,857,-1,810,857,801,-1,801,857,856,-1,801,856,781,-1,781,856,855,-1,781,855,815,-1,815,855,863,-1,815,863,813,-1,813,863,842,-1,813,842,818,-1,818,842,847,-1,818,847,819,-1,819,847,846,-1,819,846,806,-1,806,846,852,-1,806,852,807,-1,807,852,851,-1,807,851,782,-1,782,851,850,-1,782,850,784,-1,784,850,839,-1,784,839,786,-1,786,839,829,-1,786,829,788,-1,788,829,827,-1,788,827,791,-1,791,827,825,-1,791,825,800,-1,800,825,823,-1,800,823,799,-1,799,823,821,-1,803,860,804,-1,804,860,859,-1,804,859,805,-1,805,859,858,-1,805,858,811,-1,811,858,841,-1,811,841,812,-1,812,841,840,-1,812,840,814,-1,814,840,865,-1,814,865,816,-1,816,865,864,-1,816,864,817,-1,817,864,862,-1,817,862,779,-1,779,862,861,-1,779,861,780,-1,780,861,849,-1,780,849,802,-1,802,849,848,-1,802,848,774,-1,774,848,822,-1,774,822,755,-1,755,822,754,-1,687,722,688,-1,688,722,721,-1,688,721,690,-1,690,721,711,-1,690,711,692,-1,692,711,710,-1,692,710,694,-1,694,710,715,-1,694,715,697,-1,697,715,717,-1,697,717,698,-1,698,717,719,-1,698,719,663,-1,663,719,720,-1,663,720,664,-1,664,720,709,-1,664,709,665,-1,665,709,708,-1,665,708,672,-1,672,708,736,-1,672,736,662,-1,662,736,737,-1,662,737,699,-1,699,737,743,-1,699,743,657,-1,657,743,745,-1,657,745,658,-1,658,745,739,-1,658,739,673,-1,673,739,738,-1,673,738,674,-1,674,738,732,-1,674,732,675,-1,675,732,731,-1,675,731,676,-1,676,731,730,-1,676,730,678,-1,678,730,705,-1,678,705,680,-1,680,705,704,-1,680,704,682,-1,682,704,727,-1,682,727,685,-1,685,727,725,-1,685,725,686,-1,686,725,723,-1,686,723,687,-1,687,723,722,-1,667,703,668,-1,668,703,702,-1,668,702,669,-1,669,702,707,-1,669,707,670,-1,670,707,740,-1,670,740,666,-1,666,740,747,-1,666,747,659,-1,659,747,746,-1,659,746,700,-1,700,746,744,-1,700,744,701,-1,701,744,742,-1,701,742,660,-1,660,742,741,-1,660,741,661,-1,661,741,735,-1,661,735,671,-1,671,735,734,-1,671,734,656,-1,656,734,733,-1,656,733,637,-1,637,733,636,-1,553,622,554,-1,554,622,621,-1,554,621,555,-1,555,621,620,-1,555,620,556,-1,556,620,619,-1,556,619,548,-1,548,619,629,-1,548,629,544,-1,544,629,628,-1,544,628,582,-1,582,628,626,-1,582,626,583,-1,583,626,624,-1,583,624,545,-1,545,624,623,-1,545,623,546,-1,546,623,616,-1,546,616,579,-1,579,616,615,-1,579,615,538,-1,538,615,614,-1,538,614,519,-1,519,614,518,-1,577,603,576,-1,576,603,602,-1,576,602,574,-1,574,602,601,-1,574,601,572,-1,572,601,596,-1,572,596,539,-1,539,596,594,-1,539,594,540,-1,540,594,592,-1,540,592,549,-1,549,592,590,-1,549,590,550,-1,550,590,589,-1,550,589,551,-1,551,589,598,-1,551,598,552,-1,552,598,599,-1,552,599,580,-1,580,599,617,-1,580,617,547,-1,547,617,618,-1,547,618,581,-1,581,618,625,-1,581,625,542,-1,542,625,627,-1,542,627,543,-1,543,627,588,-1,543,588,557,-1,557,588,587,-1,557,587,558,-1,558,587,613,-1,558,613,559,-1,559,613,612,-1,559,612,560,-1,560,612,611,-1,560,611,562,-1,562,611,585,-1,562,585,564,-1,564,585,584,-1,564,584,566,-1,566,584,608,-1,566,608,569,-1,569,608,606,-1,569,606,578,-1,578,606,604,-1,578,604,577,-1,577,604,603,-1,445,467,444,-1,444,467,466,-1,444,466,442,-1,442,466,489,-1,442,489,440,-1,440,489,483,-1,440,483,424,-1,424,483,481,-1,424,481,422,-1,422,481,479,-1,422,479,421,-1,421,479,477,-1,421,477,454,-1,454,477,500,-1,454,500,455,-1,455,500,499,-1,455,499,456,-1,456,499,503,-1,456,503,447,-1,447,503,502,-1,447,502,427,-1,427,502,501,-1,427,501,461,-1,461,501,509,-1,461,509,459,-1,459,509,488,-1,459,488,464,-1,464,488,493,-1,464,493,465,-1,465,493,492,-1,465,492,452,-1,452,492,498,-1,452,498,453,-1,453,498,497,-1,453,497,428,-1,428,497,496,-1,428,496,430,-1,430,496,485,-1,430,485,432,-1,432,485,475,-1,432,475,434,-1,434,475,473,-1,434,473,437,-1,437,473,471,-1,437,471,446,-1,446,471,469,-1,446,469,445,-1,445,469,467,-1,449,506,450,-1,450,506,505,-1,450,505,451,-1,451,505,504,-1,451,504,457,-1,457,504,487,-1,457,487,458,-1,458,487,486,-1,458,486,460,-1,460,486,511,-1,460,511,462,-1,462,511,510,-1,462,510,463,-1,463,510,508,-1,463,508,425,-1,425,508,507,-1,425,507,426,-1,426,507,495,-1,426,495,448,-1,448,495,494,-1,448,494,420,-1,420,494,468,-1,420,468,401,-1,401,468,400,-1,308,352,309,-1,309,352,351,-1,309,351,302,-1,302,351,355,-1,302,355,303,-1,303,355,359,-1,303,359,328,-1,328,359,357,-1,328,357,329,-1,329,357,356,-1,329,356,331,-1,331,356,381,-1,331,381,332,-1,332,381,383,-1,332,383,307,-1,307,383,366,-1,307,366,314,-1,314,366,365,-1,314,365,315,-1,315,365,363,-1,315,363,316,-1,316,363,364,-1,316,364,283,-1,283,364,282,-1,340,379,339,-1,339,379,380,-1,339,380,337,-1,337,380,370,-1,337,370,335,-1,335,370,369,-1,335,369,333,-1,333,369,388,-1,333,388,342,-1,342,388,390,-1,342,390,341,-1,341,390,392,-1,341,392,345,-1,345,392,393,-1,345,393,346,-1,346,393,367,-1,346,367,347,-1,347,367,368,-1,347,368,305,-1,305,368,385,-1,305,385,306,-1,306,385,384,-1,306,384,330,-1,330,384,382,-1,330,382,304,-1,304,382,358,-1,304,358,310,-1,310,358,360,-1,310,360,311,-1,311,360,361,-1,311,361,312,-1,312,361,362,-1,312,362,317,-1,317,362,354,-1,317,354,318,-1,318,354,353,-1,318,353,320,-1,320,353,349,-1,320,349,322,-1,322,349,348,-1,322,348,324,-1,324,348,374,-1,324,374,325,-1,325,374,376,-1,325,376,313,-1,313,376,378,-1,313,378,340,-1,340,378,379,-1,290,292,377,-1,290,377,1102,-1,1102,377,375,-1,1102,375,1103,-1,1103,375,373,-1,1103,373,1104,-1,1104,373,372,-1,1104,372,1105,-1,1105,372,350,-1,1105,350,1106,-1,1106,350,295,-1,1106,295,294,-1,288,289,391,-1,288,391,1107,-1,1107,391,389,-1,1107,389,1108,-1,1108,389,387,-1,1108,387,1109,-1,1109,387,386,-1,1109,386,1110,-1,1110,386,371,-1,1110,371,1111,-1,1111,371,293,-1,1111,293,291,-1,276,278,1112,-1,276,1112,326,-1,326,1112,1113,-1,326,1113,327,-1,327,1113,1114,-1,327,1114,323,-1,323,1114,1115,-1,323,1115,321,-1,321,1115,1116,-1,321,1116,319,-1,319,1116,300,-1,319,300,301,-1,285,284,1117,-1,285,1117,343,-1,343,1117,1118,-1,343,1118,344,-1,344,1118,1119,-1,344,1119,334,-1,334,1119,1120,-1,334,1120,336,-1,336,1120,1121,-1,336,1121,338,-1,338,1121,279,-1,338,279,277,-1,408,410,470,-1,408,470,1122,-1,1122,470,472,-1,1122,472,1123,-1,1123,472,474,-1,1123,474,1124,-1,1124,474,476,-1,1124,476,1125,-1,1125,476,484,-1,1125,484,1126,-1,1126,484,413,-1,1126,413,412,-1,406,407,478,-1,406,478,1127,-1,1127,478,480,-1,1127,480,1128,-1,1128,480,482,-1,1128,482,1129,-1,1129,482,491,-1,1129,491,1130,-1,1130,491,490,-1,1130,490,1131,-1,1131,490,411,-1,1131,411,409,-1,394,396,1132,-1,394,1132,436,-1,436,1132,1133,-1,436,1133,435,-1,435,1133,1134,-1,435,1134,433,-1,433,1134,1135,-1,433,1135,431,-1,431,1135,1136,-1,431,1136,429,-1,429,1136,418,-1,429,418,419,-1,403,402,1137,-1,403,1137,423,-1,423,1137,1138,-1,423,1138,438,-1,438,1138,1139,-1,438,1139,439,-1,439,1139,1140,-1,439,1140,441,-1,441,1140,1141,-1,441,1141,443,-1,443,1141,397,-1,443,397,395,-1,526,528,605,-1,526,605,1142,-1,1142,605,607,-1,1142,607,1143,-1,1143,607,609,-1,1143,609,1144,-1,1144,609,610,-1,1144,610,1145,-1,1145,610,586,-1,1145,586,1146,-1,1146,586,531,-1,1146,531,530,-1,524,525,591,-1,524,591,1147,-1,1147,591,593,-1,1147,593,1148,-1,1148,593,595,-1,1148,595,1149,-1,1149,595,597,-1,1149,597,1150,-1,1150,597,600,-1,1150,600,1151,-1,1151,600,529,-1,1151,529,527,-1,512,514,1152,-1,512,1152,568,-1,568,1152,1153,-1,568,1153,567,-1,567,1153,1154,-1,567,1154,565,-1,565,1154,1155,-1,565,1155,563,-1,563,1155,1156,-1,563,1156,561,-1,561,1156,536,-1,561,536,537,-1,521,520,1157,-1,521,1157,541,-1,541,1157,1158,-1,541,1158,570,-1,570,1158,1159,-1,570,1159,571,-1,571,1159,1160,-1,571,1160,573,-1,573,1160,1161,-1,573,1161,575,-1,575,1161,515,-1,575,515,513,-1,644,646,724,-1,644,724,1162,-1,1162,724,726,-1,1162,726,1163,-1,1163,726,728,-1,1163,728,1164,-1,1164,728,729,-1,1164,729,1165,-1,1165,729,706,-1,1165,706,1166,-1,1166,706,649,-1,1166,649,648,-1,642,643,718,-1,642,718,1167,-1,1167,718,716,-1,1167,716,1168,-1,1168,716,714,-1,1168,714,1169,-1,1169,714,713,-1,1169,713,1170,-1,1170,713,712,-1,1170,712,1171,-1,1171,712,647,-1,1171,647,645,-1,630,632,1172,-1,630,1172,684,-1,684,1172,1173,-1,684,1173,683,-1,683,1173,1174,-1,683,1174,681,-1,681,1174,1175,-1,681,1175,679,-1,679,1175,1176,-1,679,1176,677,-1,677,1176,654,-1,677,654,655,-1,639,638,1177,-1,639,1177,696,-1,696,1177,1178,-1,696,1178,695,-1,695,1178,1179,-1,695,1179,693,-1,693,1179,1180,-1,693,1180,691,-1,691,1180,1181,-1,691,1181,689,-1,689,1181,633,-1,689,633,631,-1,762,764,824,-1,762,824,1182,-1,1182,824,826,-1,1182,826,1183,-1,1183,826,828,-1,1183,828,1184,-1,1184,828,830,-1,1184,830,1185,-1,1185,830,838,-1,1185,838,1186,-1,1186,838,767,-1,1186,767,766,-1,760,761,832,-1,760,832,1187,-1,1187,832,834,-1,1187,834,1188,-1,1188,834,836,-1,1188,836,1189,-1,1189,836,845,-1,1189,845,1190,-1,1190,845,844,-1,1190,844,1191,-1,1191,844,765,-1,1191,765,763,-1,748,750,1192,-1,748,1192,790,-1,790,1192,1193,-1,790,1193,789,-1,789,1193,1194,-1,789,1194,787,-1,787,1194,1195,-1,787,1195,785,-1,785,1195,1196,-1,785,1196,783,-1,783,1196,772,-1,783,772,773,-1,757,756,1197,-1,757,1197,777,-1,777,1197,1198,-1,777,1198,792,-1,792,1198,1199,-1,792,1199,793,-1,793,1199,1200,-1,793,1200,795,-1,795,1200,1201,-1,795,1201,797,-1,797,1201,751,-1,797,751,749,-1,880,882,967,-1,880,967,1202,-1,1202,967,965,-1,1202,965,1203,-1,1203,965,963,-1,1203,963,1204,-1,1204,963,962,-1,1204,962,1205,-1,1205,962,940,-1,1205,940,1206,-1,1206,940,885,-1,1206,885,884,-1,878,879,981,-1,878,981,1207,-1,1207,981,979,-1,1207,979,1208,-1,1208,979,977,-1,1208,977,1209,-1,1209,977,976,-1,1209,976,1210,-1,1210,976,961,-1,1210,961,1211,-1,1211,961,883,-1,1211,883,881,-1,866,868,1212,-1,866,1212,916,-1,916,1212,1213,-1,916,1213,917,-1,917,1213,1214,-1,917,1214,913,-1,913,1214,1215,-1,913,1215,911,-1,911,1215,1216,-1,911,1216,909,-1,909,1216,890,-1,909,890,891,-1,875,874,1217,-1,875,1217,933,-1,933,1217,1218,-1,933,1218,934,-1,934,1218,1219,-1,934,1219,924,-1,924,1219,1220,-1,924,1220,926,-1,926,1220,1221,-1,926,1221,928,-1,928,1221,869,-1,928,869,867,-1,998,1000,1085,-1,998,1085,1222,-1,1222,1085,1083,-1,1222,1083,1223,-1,1223,1083,1081,-1,1223,1081,1224,-1,1224,1081,1080,-1,1224,1080,1225,-1,1225,1080,1058,-1,1225,1058,1226,-1,1226,1058,1003,-1,1226,1003,1002,-1,996,997,1099,-1,996,1099,1227,-1,1227,1099,1097,-1,1227,1097,1228,-1,1228,1097,1095,-1,1228,1095,1229,-1,1229,1095,1094,-1,1229,1094,1230,-1,1230,1094,1079,-1,1230,1079,1231,-1,1231,1079,1001,-1,1231,1001,999,-1,984,986,1232,-1,984,1232,1034,-1,1034,1232,1233,-1,1034,1233,1035,-1,1035,1233,1234,-1,1035,1234,1031,-1,1031,1234,1235,-1,1031,1235,1029,-1,1029,1235,1236,-1,1029,1236,1027,-1,1027,1236,1008,-1,1027,1008,1009,-1,993,992,1237,-1,993,1237,1051,-1,1051,1237,1238,-1,1051,1238,1052,-1,1052,1238,1239,-1,1052,1239,1042,-1,1042,1239,1240,-1,1042,1240,1044,-1,1044,1240,1241,-1,1044,1241,1046,-1,1046,1241,987,-1,1046,987,985,-1,1242,1243,1244,-1,1244,1243,1245,-1,1246,1247,1248,-1,1248,1247,1249,-1,1248,1249,1250,-1,1250,1249,1251,-1,1250,1251,1252,-1,1252,1251,1253,-1,1254,1255,1256,-1,1256,1255,1257,-1,1258,1259,1260,-1,1260,1259,1261,-1,1260,1261,1262,-1,1262,1261,1263,-1,1262,1263,1264,-1,1264,1263,1265,-1,1266,1247,1267,-1,1267,1247,1268,-1,1267,1268,1269,-1,1270,1271,1272,-1,1268,1273,1269,-1,1269,1273,1274,-1,1269,1274,1275,-1,1275,1274,1276,-1,1275,1276,1277,-1,1277,1276,1278,-1,1277,1278,1279,-1,1279,1278,1244,-1,1279,1244,1280,-1,1280,1244,1245,-1,1280,1245,1281,-1,1282,1283,1284,-1,1284,1285,1247,-1,1247,1285,1286,-1,1247,1286,1249,-1,1249,1286,1287,-1,1249,1287,1288,-1,1289,1290,1263,-1,1263,1290,1270,-1,1270,1272,1263,-1,1263,1272,1291,-1,1263,1291,1265,-1,1281,1245,1292,-1,1292,1245,1293,-1,1292,1293,1294,-1,1271,1295,1272,-1,1272,1295,1296,-1,1272,1296,1297,-1,1297,1296,1298,-1,1266,1299,1247,-1,1247,1299,1300,-1,1247,1300,1284,-1,1284,1300,1301,-1,1284,1301,1282,-1,1293,1302,1294,-1,1294,1302,1303,-1,1294,1303,1304,-1,1304,1303,1305,-1,1304,1305,1306,-1,1306,1305,1307,-1,1306,1307,1308,-1,1308,1307,1265,-1,1308,1265,1309,-1,1309,1265,1291,-1,1298,1296,1310,-1,1310,1296,1311,-1,1310,1311,1283,-1,1283,1311,1312,-1,1283,1312,1284,-1,1255,1254,1313,-1,1314,1253,1315,-1,1315,1253,1251,-1,1315,1251,1316,-1,1314,1317,1253,-1,1253,1317,1318,-1,1253,1318,1319,-1,1319,1318,1320,-1,1319,1321,1253,-1,1253,1321,1322,-1,1253,1322,1323,-1,1323,1322,1324,-1,1323,1324,1325,-1,1325,1324,1326,-1,1325,1326,1327,-1,1327,1326,1328,-1,1313,1254,1329,-1,1329,1254,1330,-1,1329,1330,1328,-1,1328,1330,1331,-1,1328,1331,1327,-1,1313,1332,1255,-1,1255,1332,1333,-1,1255,1333,1334,-1,1334,1333,1335,-1,1334,1335,1336,-1,1336,1335,1337,-1,1336,1337,1338,-1,1338,1337,1339,-1,1338,1339,1340,-1,1341,1342,1343,-1,1340,1339,1344,-1,1344,1339,1345,-1,1344,1345,1259,-1,1343,1346,1341,-1,1341,1346,1347,-1,1341,1347,1261,-1,1261,1347,1348,-1,1261,1348,1349,-1,1345,1350,1259,-1,1259,1350,1351,-1,1259,1351,1261,-1,1261,1351,1352,-1,1261,1352,1341,-1,1341,1353,1342,-1,1342,1353,1354,-1,1342,1354,1355,-1,1355,1354,1356,-1,1355,1356,1357,-1,1357,1356,1358,-1,1357,1358,1318,-1,1318,1358,1359,-1,1318,1359,1320,-1,1310,1356,1298,-1,1298,1356,1354,-1,1298,1354,1297,-1,1297,1354,1353,-1,1297,1353,1272,-1,1272,1353,1341,-1,1272,1341,1291,-1,1291,1341,1352,-1,1291,1352,1309,-1,1309,1352,1351,-1,1309,1351,1308,-1,1308,1351,1350,-1,1308,1350,1306,-1,1306,1350,1345,-1,1306,1345,1304,-1,1304,1345,1339,-1,1304,1339,1294,-1,1294,1339,1337,-1,1294,1337,1292,-1,1292,1337,1335,-1,1292,1335,1281,-1,1281,1335,1333,-1,1281,1333,1280,-1,1280,1333,1332,-1,1280,1332,1279,-1,1279,1332,1313,-1,1279,1313,1277,-1,1277,1313,1329,-1,1277,1329,1275,-1,1275,1329,1328,-1,1275,1328,1269,-1,1269,1328,1326,-1,1269,1326,1267,-1,1267,1326,1324,-1,1267,1324,1266,-1,1266,1324,1322,-1,1266,1322,1299,-1,1299,1322,1321,-1,1299,1321,1300,-1,1300,1321,1319,-1,1300,1319,1301,-1,1301,1319,1320,-1,1301,1320,1282,-1,1282,1320,1359,-1,1282,1359,1283,-1,1283,1359,1358,-1,1283,1358,1310,-1,1310,1358,1356,-1,1289,1349,1290,-1,1290,1349,1348,-1,1290,1348,1270,-1,1270,1348,1347,-1,1270,1347,1271,-1,1271,1347,1346,-1,1271,1346,1295,-1,1295,1346,1343,-1,1295,1343,1296,-1,1296,1343,1342,-1,1296,1342,1311,-1,1311,1342,1355,-1,1311,1355,1312,-1,1312,1355,1357,-1,1312,1357,1284,-1,1284,1357,1318,-1,1284,1318,1285,-1,1285,1318,1317,-1,1285,1317,1286,-1,1286,1317,1314,-1,1286,1314,1287,-1,1287,1314,1315,-1,1287,1315,1288,-1,1288,1315,1316,-1,1252,1253,1323,-1,1252,1323,1360,-1,1360,1323,1325,-1,1360,1325,1361,-1,1361,1325,1327,-1,1361,1327,1362,-1,1362,1327,1331,-1,1362,1331,1363,-1,1363,1331,1330,-1,1363,1330,1364,-1,1364,1330,1254,-1,1364,1254,1256,-1,1257,1255,1334,-1,1257,1334,1365,-1,1365,1334,1336,-1,1365,1336,1366,-1,1366,1336,1338,-1,1366,1338,1367,-1,1367,1338,1340,-1,1367,1340,1368,-1,1368,1340,1344,-1,1368,1344,1369,-1,1369,1344,1259,-1,1369,1259,1258,-1,1247,1246,1370,-1,1247,1370,1268,-1,1268,1370,1371,-1,1268,1371,1273,-1,1273,1371,1372,-1,1273,1372,1274,-1,1274,1372,1373,-1,1274,1373,1276,-1,1276,1373,1374,-1,1276,1374,1278,-1,1278,1374,1242,-1,1278,1242,1244,-1,1245,1243,1375,-1,1245,1375,1293,-1,1293,1375,1376,-1,1293,1376,1302,-1,1302,1376,1377,-1,1302,1377,1303,-1,1303,1377,1378,-1,1303,1378,1305,-1,1305,1378,1379,-1,1305,1379,1307,-1,1307,1379,1264,-1,1307,1264,1265,-1,1380,1381,1382,-1,1382,1381,1383,-1,1384,1385,1386,-1,1386,1385,1387,-1,1386,1387,1388,-1,1388,1387,1389,-1,1388,1389,1390,-1,1390,1389,1391,-1,1392,1393,1394,-1,1394,1393,1395,-1,1396,1397,1398,-1,1398,1397,1399,-1,1398,1399,1400,-1,1400,1399,1401,-1,1400,1401,1402,-1,1402,1401,1403,-1,1404,1405,1387,-1,1406,1407,1408,-1,1408,1407,1385,-1,1407,1409,1385,-1,1385,1409,1410,-1,1385,1410,1387,-1,1387,1410,1411,-1,1387,1411,1412,-1,1403,1413,1414,-1,1414,1413,1415,-1,1414,1415,1416,-1,1416,1415,1417,-1,1416,1417,1418,-1,1418,1417,1419,-1,1418,1419,1420,-1,1421,1422,1423,-1,1420,1419,1424,-1,1424,1419,1425,-1,1424,1425,1383,-1,1425,1426,1383,-1,1383,1426,1427,-1,1383,1427,1382,-1,1382,1427,1428,-1,1382,1428,1429,-1,1429,1428,1430,-1,1429,1430,1431,-1,1431,1430,1432,-1,1431,1432,1433,-1,1433,1432,1406,-1,1433,1406,1434,-1,1434,1406,1408,-1,1435,1436,1401,-1,1401,1436,1437,-1,1437,1438,1439,-1,1404,1387,1440,-1,1440,1387,1412,-1,1440,1412,1422,-1,1422,1412,1441,-1,1422,1441,1423,-1,1439,1442,1437,-1,1437,1442,1443,-1,1437,1443,1401,-1,1401,1443,1444,-1,1401,1444,1403,-1,1403,1444,1445,-1,1403,1445,1413,-1,1438,1446,1439,-1,1439,1446,1447,-1,1439,1447,1448,-1,1448,1447,1449,-1,1448,1449,1423,-1,1423,1449,1450,-1,1423,1450,1421,-1,1451,1452,1399,-1,1389,1453,1454,-1,1455,1456,1457,-1,1389,1454,1391,-1,1458,1459,1389,-1,1389,1459,1460,-1,1389,1460,1453,-1,1453,1460,1461,-1,1453,1461,1462,-1,1462,1461,1463,-1,1457,1456,1397,-1,1393,1392,1464,-1,1456,1465,1397,-1,1397,1465,1466,-1,1397,1466,1399,-1,1451,1399,1467,-1,1454,1468,1391,-1,1391,1468,1469,-1,1391,1469,1470,-1,1470,1469,1471,-1,1470,1471,1472,-1,1472,1471,1473,-1,1472,1473,1474,-1,1474,1473,1475,-1,1464,1392,1476,-1,1476,1392,1477,-1,1476,1477,1475,-1,1475,1477,1478,-1,1475,1478,1474,-1,1464,1479,1393,-1,1393,1479,1480,-1,1393,1480,1481,-1,1481,1480,1482,-1,1481,1482,1483,-1,1483,1482,1484,-1,1483,1484,1485,-1,1485,1484,1455,-1,1485,1455,1486,-1,1486,1455,1457,-1,1461,1487,1463,-1,1463,1487,1488,-1,1463,1488,1489,-1,1489,1488,1490,-1,1489,1490,1491,-1,1491,1490,1492,-1,1492,1493,1491,-1,1491,1493,1494,-1,1491,1494,1495,-1,1495,1494,1467,-1,1495,1467,1496,-1,1496,1467,1399,-1,1496,1399,1497,-1,1497,1399,1466,-1,1448,1489,1439,-1,1439,1489,1491,-1,1439,1491,1442,-1,1442,1491,1495,-1,1442,1495,1443,-1,1443,1495,1496,-1,1443,1496,1444,-1,1444,1496,1497,-1,1444,1497,1445,-1,1445,1497,1466,-1,1445,1466,1413,-1,1413,1466,1465,-1,1413,1465,1415,-1,1415,1465,1456,-1,1415,1456,1417,-1,1417,1456,1455,-1,1417,1455,1419,-1,1419,1455,1484,-1,1419,1484,1425,-1,1425,1484,1482,-1,1425,1482,1426,-1,1426,1482,1480,-1,1426,1480,1427,-1,1427,1480,1479,-1,1427,1479,1428,-1,1428,1479,1464,-1,1428,1464,1430,-1,1430,1464,1476,-1,1430,1476,1432,-1,1432,1476,1475,-1,1432,1475,1406,-1,1406,1475,1473,-1,1406,1473,1407,-1,1407,1473,1471,-1,1407,1471,1409,-1,1409,1471,1469,-1,1409,1469,1410,-1,1410,1469,1468,-1,1410,1468,1411,-1,1411,1468,1454,-1,1411,1454,1412,-1,1412,1454,1453,-1,1412,1453,1441,-1,1441,1453,1462,-1,1441,1462,1423,-1,1423,1462,1463,-1,1423,1463,1448,-1,1448,1463,1489,-1,1435,1452,1436,-1,1436,1452,1451,-1,1436,1451,1437,-1,1437,1451,1467,-1,1437,1467,1438,-1,1438,1467,1494,-1,1438,1494,1446,-1,1446,1494,1493,-1,1446,1493,1447,-1,1447,1493,1492,-1,1447,1492,1449,-1,1449,1492,1490,-1,1449,1490,1450,-1,1450,1490,1488,-1,1450,1488,1421,-1,1421,1488,1487,-1,1421,1487,1422,-1,1422,1487,1461,-1,1422,1461,1440,-1,1440,1461,1460,-1,1440,1460,1404,-1,1404,1460,1459,-1,1404,1459,1405,-1,1405,1459,1458,-1,1390,1391,1470,-1,1390,1470,1498,-1,1498,1470,1472,-1,1498,1472,1499,-1,1499,1472,1474,-1,1499,1474,1500,-1,1500,1474,1478,-1,1500,1478,1501,-1,1501,1478,1477,-1,1501,1477,1502,-1,1502,1477,1392,-1,1502,1392,1394,-1,1395,1393,1481,-1,1395,1481,1503,-1,1503,1481,1483,-1,1503,1483,1504,-1,1504,1483,1485,-1,1504,1485,1505,-1,1505,1485,1486,-1,1505,1486,1506,-1,1506,1486,1457,-1,1506,1457,1507,-1,1507,1457,1397,-1,1507,1397,1396,-1,1385,1384,1508,-1,1385,1508,1408,-1,1408,1508,1509,-1,1408,1509,1434,-1,1434,1509,1510,-1,1434,1510,1433,-1,1433,1510,1511,-1,1433,1511,1431,-1,1431,1511,1512,-1,1431,1512,1429,-1,1429,1512,1380,-1,1429,1380,1382,-1,1383,1381,1513,-1,1383,1513,1424,-1,1424,1513,1514,-1,1424,1514,1420,-1,1420,1514,1515,-1,1420,1515,1418,-1,1418,1515,1516,-1,1418,1516,1416,-1,1416,1516,1517,-1,1416,1517,1414,-1,1414,1517,1402,-1,1414,1402,1403,-1,1518,1519,1520,-1,1520,1519,1521,-1,1522,1523,1524,-1,1524,1523,1525,-1,1524,1525,1526,-1,1526,1525,1527,-1,1526,1527,1528,-1,1528,1527,1529,-1,1530,1531,1532,-1,1532,1531,1533,-1,1534,1535,1536,-1,1536,1535,1537,-1,1536,1537,1538,-1,1538,1537,1539,-1,1538,1539,1540,-1,1540,1539,1541,-1,1542,1543,1544,-1,1523,1545,1546,-1,1547,1548,1549,-1,1549,1548,1550,-1,1549,1550,1551,-1,1551,1550,1552,-1,1551,1552,1553,-1,1553,1552,1541,-1,1553,1541,1554,-1,1520,1521,1555,-1,1556,1523,1557,-1,1557,1523,1558,-1,1557,1558,1559,-1,1544,1543,1560,-1,1554,1541,1561,-1,1561,1541,1539,-1,1561,1539,1543,-1,1523,1546,1525,-1,1525,1546,1562,-1,1525,1562,1563,-1,1555,1521,1564,-1,1564,1521,1565,-1,1564,1565,1547,-1,1547,1565,1566,-1,1547,1566,1548,-1,1567,1568,1539,-1,1539,1568,1569,-1,1539,1569,1543,-1,1543,1569,1570,-1,1543,1570,1560,-1,1555,1571,1520,-1,1520,1571,1572,-1,1520,1572,1573,-1,1573,1572,1574,-1,1573,1574,1575,-1,1575,1574,1576,-1,1575,1576,1577,-1,1577,1576,1559,-1,1577,1559,1578,-1,1578,1559,1558,-1,1556,1579,1523,-1,1523,1579,1580,-1,1523,1580,1545,-1,1545,1580,1581,-1,1581,1582,1545,-1,1545,1582,1583,-1,1545,1583,1584,-1,1584,1583,1585,-1,1585,1583,1586,-1,1586,1583,1587,-1,1586,1587,1544,-1,1544,1587,1588,-1,1544,1588,1542,-1,1589,1590,1537,-1,1591,1592,1593,-1,1593,1592,1535,-1,1594,1595,1596,-1,1527,1597,1598,-1,1592,1599,1535,-1,1535,1599,1600,-1,1535,1600,1537,-1,1537,1600,1601,-1,1537,1601,1602,-1,1527,1598,1529,-1,1603,1604,1605,-1,1605,1604,1606,-1,1589,1537,1607,-1,1607,1537,1602,-1,1607,1602,1595,-1,1595,1602,1608,-1,1595,1608,1596,-1,1603,1609,1604,-1,1604,1609,1529,-1,1604,1529,1610,-1,1610,1529,1598,-1,1609,1611,1529,-1,1529,1611,1612,-1,1529,1612,1613,-1,1613,1612,1614,-1,1613,1614,1615,-1,1615,1614,1616,-1,1615,1616,1617,-1,1617,1616,1618,-1,1617,1618,1619,-1,1619,1618,1620,-1,1620,1618,1621,-1,1620,1621,1530,-1,1604,1622,1606,-1,1606,1622,1623,-1,1606,1623,1624,-1,1624,1623,1625,-1,1624,1625,1596,-1,1596,1625,1626,-1,1596,1626,1594,-1,1593,1627,1591,-1,1591,1627,1628,-1,1591,1628,1629,-1,1629,1628,1630,-1,1629,1630,1631,-1,1631,1630,1632,-1,1631,1632,1633,-1,1633,1632,1531,-1,1633,1531,1634,-1,1634,1531,1530,-1,1634,1530,1635,-1,1635,1530,1621,-1,1587,1624,1588,-1,1588,1624,1596,-1,1588,1596,1542,-1,1542,1596,1608,-1,1542,1608,1543,-1,1543,1608,1602,-1,1543,1602,1561,-1,1561,1602,1601,-1,1561,1601,1554,-1,1554,1601,1600,-1,1554,1600,1553,-1,1553,1600,1599,-1,1553,1599,1551,-1,1551,1599,1592,-1,1551,1592,1549,-1,1549,1592,1591,-1,1549,1591,1547,-1,1547,1591,1629,-1,1547,1629,1564,-1,1564,1629,1631,-1,1564,1631,1555,-1,1555,1631,1633,-1,1555,1633,1571,-1,1571,1633,1634,-1,1571,1634,1572,-1,1572,1634,1635,-1,1572,1635,1574,-1,1574,1635,1621,-1,1574,1621,1576,-1,1576,1621,1618,-1,1576,1618,1559,-1,1559,1618,1616,-1,1559,1616,1557,-1,1557,1616,1614,-1,1557,1614,1556,-1,1556,1614,1612,-1,1556,1612,1579,-1,1579,1612,1611,-1,1579,1611,1580,-1,1580,1611,1609,-1,1580,1609,1581,-1,1581,1609,1603,-1,1581,1603,1582,-1,1582,1603,1605,-1,1582,1605,1583,-1,1583,1605,1606,-1,1583,1606,1587,-1,1587,1606,1624,-1,1567,1590,1568,-1,1568,1590,1589,-1,1568,1589,1569,-1,1569,1589,1607,-1,1569,1607,1570,-1,1570,1607,1595,-1,1570,1595,1560,-1,1560,1595,1594,-1,1560,1594,1544,-1,1544,1594,1626,-1,1544,1626,1586,-1,1586,1626,1625,-1,1586,1625,1585,-1,1585,1625,1623,-1,1585,1623,1584,-1,1584,1623,1622,-1,1584,1622,1545,-1,1545,1622,1604,-1,1545,1604,1546,-1,1546,1604,1610,-1,1546,1610,1562,-1,1562,1610,1598,-1,1562,1598,1563,-1,1563,1598,1597,-1,1528,1529,1613,-1,1528,1613,1636,-1,1636,1613,1615,-1,1636,1615,1637,-1,1637,1615,1617,-1,1637,1617,1638,-1,1638,1617,1619,-1,1638,1619,1639,-1,1639,1619,1620,-1,1639,1620,1640,-1,1640,1620,1530,-1,1640,1530,1532,-1,1533,1531,1632,-1,1533,1632,1641,-1,1641,1632,1630,-1,1641,1630,1642,-1,1642,1630,1628,-1,1642,1628,1643,-1,1643,1628,1627,-1,1643,1627,1644,-1,1644,1627,1593,-1,1644,1593,1645,-1,1645,1593,1535,-1,1645,1535,1534,-1,1523,1522,1646,-1,1523,1646,1558,-1,1558,1646,1647,-1,1558,1647,1578,-1,1578,1647,1648,-1,1578,1648,1577,-1,1577,1648,1649,-1,1577,1649,1575,-1,1575,1649,1650,-1,1575,1650,1573,-1,1573,1650,1518,-1,1573,1518,1520,-1,1521,1519,1651,-1,1521,1651,1565,-1,1565,1651,1652,-1,1565,1652,1566,-1,1566,1652,1653,-1,1566,1653,1548,-1,1548,1653,1654,-1,1548,1654,1550,-1,1550,1654,1655,-1,1550,1655,1552,-1,1552,1655,1540,-1,1552,1540,1541,-1,1656,1657,1658,-1,1658,1657,1659,-1,1660,1661,1662,-1,1662,1661,1663,-1,1662,1663,1664,-1,1664,1663,1665,-1,1664,1665,1666,-1,1666,1665,1667,-1,1668,1669,1670,-1,1670,1669,1671,-1,1672,1673,1674,-1,1674,1673,1675,-1,1674,1675,1676,-1,1676,1675,1677,-1,1676,1677,1678,-1,1678,1677,1679,-1,1680,1681,1682,-1,1661,1683,1684,-1,1658,1659,1685,-1,1677,1681,1686,-1,1685,1659,1687,-1,1687,1659,1688,-1,1687,1688,1689,-1,1690,1661,1691,-1,1691,1661,1692,-1,1691,1692,1693,-1,1682,1681,1694,-1,1677,1686,1679,-1,1661,1684,1663,-1,1663,1684,1695,-1,1663,1695,1696,-1,1697,1698,1677,-1,1677,1698,1699,-1,1677,1699,1681,-1,1681,1699,1700,-1,1681,1700,1694,-1,1685,1701,1658,-1,1658,1701,1702,-1,1658,1702,1703,-1,1703,1702,1704,-1,1703,1704,1705,-1,1705,1704,1706,-1,1705,1706,1707,-1,1707,1706,1693,-1,1707,1693,1708,-1,1708,1693,1692,-1,1688,1709,1689,-1,1689,1709,1710,-1,1689,1710,1711,-1,1711,1710,1712,-1,1711,1712,1713,-1,1713,1712,1714,-1,1713,1714,1715,-1,1715,1714,1679,-1,1715,1679,1716,-1,1716,1679,1686,-1,1690,1717,1661,-1,1661,1717,1718,-1,1661,1718,1683,-1,1683,1718,1719,-1,1719,1720,1683,-1,1683,1720,1721,-1,1683,1721,1722,-1,1722,1721,1723,-1,1723,1721,1724,-1,1724,1721,1725,-1,1724,1725,1682,-1,1682,1725,1726,-1,1682,1726,1680,-1,1727,1728,1675,-1,1729,1730,1731,-1,1732,1733,1734,-1,1665,1735,1736,-1,1731,1730,1673,-1,1727,1675,1737,-1,1737,1675,1738,-1,1737,1738,1733,-1,1733,1738,1739,-1,1733,1739,1734,-1,1665,1736,1667,-1,1740,1741,1742,-1,1742,1741,1743,-1,1730,1744,1673,-1,1673,1744,1745,-1,1673,1745,1675,-1,1675,1745,1746,-1,1675,1746,1738,-1,1741,1747,1743,-1,1743,1747,1748,-1,1743,1748,1749,-1,1749,1748,1750,-1,1749,1750,1734,-1,1734,1750,1751,-1,1734,1751,1732,-1,1740,1752,1741,-1,1741,1752,1667,-1,1741,1667,1753,-1,1753,1667,1736,-1,1752,1754,1667,-1,1667,1754,1755,-1,1667,1755,1756,-1,1756,1755,1757,-1,1756,1757,1758,-1,1758,1757,1759,-1,1758,1759,1760,-1,1760,1759,1761,-1,1760,1761,1762,-1,1762,1761,1763,-1,1763,1761,1764,-1,1763,1764,1668,-1,1731,1765,1729,-1,1729,1765,1766,-1,1729,1766,1767,-1,1767,1766,1768,-1,1767,1768,1769,-1,1769,1768,1770,-1,1769,1770,1771,-1,1771,1770,1669,-1,1771,1669,1772,-1,1772,1669,1668,-1,1772,1668,1773,-1,1773,1668,1764,-1,1725,1749,1726,-1,1726,1749,1734,-1,1726,1734,1680,-1,1680,1734,1739,-1,1680,1739,1681,-1,1681,1739,1738,-1,1681,1738,1686,-1,1686,1738,1746,-1,1686,1746,1716,-1,1716,1746,1745,-1,1716,1745,1715,-1,1715,1745,1744,-1,1715,1744,1713,-1,1713,1744,1730,-1,1713,1730,1711,-1,1711,1730,1729,-1,1711,1729,1689,-1,1689,1729,1767,-1,1689,1767,1687,-1,1687,1767,1769,-1,1687,1769,1685,-1,1685,1769,1771,-1,1685,1771,1701,-1,1701,1771,1772,-1,1701,1772,1702,-1,1702,1772,1773,-1,1702,1773,1704,-1,1704,1773,1764,-1,1704,1764,1706,-1,1706,1764,1761,-1,1706,1761,1693,-1,1693,1761,1759,-1,1693,1759,1691,-1,1691,1759,1757,-1,1691,1757,1690,-1,1690,1757,1755,-1,1690,1755,1717,-1,1717,1755,1754,-1,1717,1754,1718,-1,1718,1754,1752,-1,1718,1752,1719,-1,1719,1752,1740,-1,1719,1740,1720,-1,1720,1740,1742,-1,1720,1742,1721,-1,1721,1742,1743,-1,1721,1743,1725,-1,1725,1743,1749,-1,1697,1728,1698,-1,1698,1728,1727,-1,1698,1727,1699,-1,1699,1727,1737,-1,1699,1737,1700,-1,1700,1737,1733,-1,1700,1733,1694,-1,1694,1733,1732,-1,1694,1732,1682,-1,1682,1732,1751,-1,1682,1751,1724,-1,1724,1751,1750,-1,1724,1750,1723,-1,1723,1750,1748,-1,1723,1748,1722,-1,1722,1748,1747,-1,1722,1747,1683,-1,1683,1747,1741,-1,1683,1741,1684,-1,1684,1741,1753,-1,1684,1753,1695,-1,1695,1753,1736,-1,1695,1736,1696,-1,1696,1736,1735,-1,1666,1667,1756,-1,1666,1756,1774,-1,1774,1756,1758,-1,1774,1758,1775,-1,1775,1758,1760,-1,1775,1760,1776,-1,1776,1760,1762,-1,1776,1762,1777,-1,1777,1762,1763,-1,1777,1763,1778,-1,1778,1763,1668,-1,1778,1668,1670,-1,1671,1669,1770,-1,1671,1770,1779,-1,1779,1770,1768,-1,1779,1768,1780,-1,1780,1768,1766,-1,1780,1766,1781,-1,1781,1766,1765,-1,1781,1765,1782,-1,1782,1765,1731,-1,1782,1731,1783,-1,1783,1731,1673,-1,1783,1673,1672,-1,1661,1660,1784,-1,1661,1784,1692,-1,1692,1784,1785,-1,1692,1785,1708,-1,1708,1785,1786,-1,1708,1786,1707,-1,1707,1786,1787,-1,1707,1787,1705,-1,1705,1787,1788,-1,1705,1788,1703,-1,1703,1788,1656,-1,1703,1656,1658,-1,1659,1657,1789,-1,1659,1789,1688,-1,1688,1789,1790,-1,1688,1790,1709,-1,1709,1790,1791,-1,1709,1791,1710,-1,1710,1791,1792,-1,1710,1792,1712,-1,1712,1792,1793,-1,1712,1793,1714,-1,1714,1793,1678,-1,1714,1678,1679,-1,1794,1795,1796,-1,1796,1795,1797,-1,1798,1799,1800,-1,1800,1799,1801,-1,1800,1801,1802,-1,1802,1801,1803,-1,1802,1803,1804,-1,1804,1803,1805,-1,1806,1807,1808,-1,1808,1807,1809,-1,1810,1811,1812,-1,1812,1811,1813,-1,1812,1813,1814,-1,1814,1813,1815,-1,1814,1815,1816,-1,1816,1815,1817,-1,1818,1819,1801,-1,1820,1821,1822,-1,1822,1821,1799,-1,1821,1823,1799,-1,1799,1823,1824,-1,1799,1824,1801,-1,1801,1824,1825,-1,1801,1825,1826,-1,1817,1827,1828,-1,1828,1827,1829,-1,1828,1829,1830,-1,1830,1829,1831,-1,1830,1831,1832,-1,1832,1831,1833,-1,1832,1833,1834,-1,1835,1836,1837,-1,1834,1833,1838,-1,1838,1833,1839,-1,1838,1839,1797,-1,1839,1840,1797,-1,1797,1840,1841,-1,1797,1841,1796,-1,1796,1841,1842,-1,1796,1842,1843,-1,1843,1842,1844,-1,1843,1844,1845,-1,1845,1844,1846,-1,1845,1846,1847,-1,1847,1846,1820,-1,1847,1820,1848,-1,1848,1820,1822,-1,1849,1850,1815,-1,1815,1850,1851,-1,1851,1852,1853,-1,1818,1801,1854,-1,1854,1801,1826,-1,1854,1826,1836,-1,1836,1826,1855,-1,1836,1855,1837,-1,1853,1856,1851,-1,1851,1856,1857,-1,1851,1857,1815,-1,1815,1857,1858,-1,1815,1858,1817,-1,1817,1858,1859,-1,1817,1859,1827,-1,1852,1860,1853,-1,1853,1860,1861,-1,1853,1861,1862,-1,1862,1861,1863,-1,1862,1863,1837,-1,1837,1863,1864,-1,1837,1864,1835,-1,1865,1866,1813,-1,1803,1867,1868,-1,1869,1870,1871,-1,1803,1868,1805,-1,1872,1873,1803,-1,1803,1873,1874,-1,1803,1874,1867,-1,1867,1874,1875,-1,1867,1875,1876,-1,1876,1875,1877,-1,1871,1870,1811,-1,1807,1806,1878,-1,1870,1879,1811,-1,1811,1879,1880,-1,1811,1880,1813,-1,1865,1813,1881,-1,1868,1882,1805,-1,1805,1882,1883,-1,1805,1883,1884,-1,1884,1883,1885,-1,1884,1885,1886,-1,1886,1885,1887,-1,1886,1887,1888,-1,1888,1887,1889,-1,1878,1806,1890,-1,1890,1806,1891,-1,1890,1891,1889,-1,1889,1891,1892,-1,1889,1892,1888,-1,1878,1893,1807,-1,1807,1893,1894,-1,1807,1894,1895,-1,1895,1894,1896,-1,1895,1896,1897,-1,1897,1896,1898,-1,1897,1898,1899,-1,1899,1898,1869,-1,1899,1869,1900,-1,1900,1869,1871,-1,1875,1901,1877,-1,1877,1901,1902,-1,1877,1902,1903,-1,1903,1902,1904,-1,1903,1904,1905,-1,1905,1904,1906,-1,1906,1907,1905,-1,1905,1907,1908,-1,1905,1908,1909,-1,1909,1908,1881,-1,1909,1881,1910,-1,1910,1881,1813,-1,1910,1813,1911,-1,1911,1813,1880,-1,1862,1903,1853,-1,1853,1903,1905,-1,1853,1905,1856,-1,1856,1905,1909,-1,1856,1909,1857,-1,1857,1909,1910,-1,1857,1910,1858,-1,1858,1910,1911,-1,1858,1911,1859,-1,1859,1911,1880,-1,1859,1880,1827,-1,1827,1880,1879,-1,1827,1879,1829,-1,1829,1879,1870,-1,1829,1870,1831,-1,1831,1870,1869,-1,1831,1869,1833,-1,1833,1869,1898,-1,1833,1898,1839,-1,1839,1898,1896,-1,1839,1896,1840,-1,1840,1896,1894,-1,1840,1894,1841,-1,1841,1894,1893,-1,1841,1893,1842,-1,1842,1893,1878,-1,1842,1878,1844,-1,1844,1878,1890,-1,1844,1890,1846,-1,1846,1890,1889,-1,1846,1889,1820,-1,1820,1889,1887,-1,1820,1887,1821,-1,1821,1887,1885,-1,1821,1885,1823,-1,1823,1885,1883,-1,1823,1883,1824,-1,1824,1883,1882,-1,1824,1882,1825,-1,1825,1882,1868,-1,1825,1868,1826,-1,1826,1868,1867,-1,1826,1867,1855,-1,1855,1867,1876,-1,1855,1876,1837,-1,1837,1876,1877,-1,1837,1877,1862,-1,1862,1877,1903,-1,1849,1866,1850,-1,1850,1866,1865,-1,1850,1865,1851,-1,1851,1865,1881,-1,1851,1881,1852,-1,1852,1881,1908,-1,1852,1908,1860,-1,1860,1908,1907,-1,1860,1907,1861,-1,1861,1907,1906,-1,1861,1906,1863,-1,1863,1906,1904,-1,1863,1904,1864,-1,1864,1904,1902,-1,1864,1902,1835,-1,1835,1902,1901,-1,1835,1901,1836,-1,1836,1901,1875,-1,1836,1875,1854,-1,1854,1875,1874,-1,1854,1874,1818,-1,1818,1874,1873,-1,1818,1873,1819,-1,1819,1873,1872,-1,1804,1805,1884,-1,1804,1884,1912,-1,1912,1884,1886,-1,1912,1886,1913,-1,1913,1886,1888,-1,1913,1888,1914,-1,1914,1888,1892,-1,1914,1892,1915,-1,1915,1892,1891,-1,1915,1891,1916,-1,1916,1891,1806,-1,1916,1806,1808,-1,1809,1807,1895,-1,1809,1895,1917,-1,1917,1895,1897,-1,1917,1897,1918,-1,1918,1897,1899,-1,1918,1899,1919,-1,1919,1899,1900,-1,1919,1900,1920,-1,1920,1900,1871,-1,1920,1871,1921,-1,1921,1871,1811,-1,1921,1811,1810,-1,1799,1798,1922,-1,1799,1922,1822,-1,1822,1922,1923,-1,1822,1923,1848,-1,1848,1923,1924,-1,1848,1924,1847,-1,1847,1924,1925,-1,1847,1925,1845,-1,1845,1925,1926,-1,1845,1926,1843,-1,1843,1926,1794,-1,1843,1794,1796,-1,1797,1795,1927,-1,1797,1927,1838,-1,1838,1927,1928,-1,1838,1928,1834,-1,1834,1928,1929,-1,1834,1929,1832,-1,1832,1929,1930,-1,1832,1930,1830,-1,1830,1930,1931,-1,1830,1931,1828,-1,1828,1931,1816,-1,1828,1816,1817,-1,1932,1933,1934,-1,1934,1933,1935,-1,1936,1937,1938,-1,1938,1937,1939,-1,1938,1939,1940,-1,1940,1939,1941,-1,1940,1941,1942,-1,1942,1941,1943,-1,1944,1945,1946,-1,1946,1945,1947,-1,1948,1949,1950,-1,1950,1949,1951,-1,1950,1951,1952,-1,1952,1951,1953,-1,1952,1953,1954,-1,1954,1953,1955,-1,1956,1937,1957,-1,1957,1937,1958,-1,1957,1958,1959,-1,1960,1961,1962,-1,1958,1963,1959,-1,1959,1963,1964,-1,1959,1964,1965,-1,1965,1964,1966,-1,1965,1966,1967,-1,1967,1966,1968,-1,1967,1968,1969,-1,1969,1968,1934,-1,1969,1934,1970,-1,1970,1934,1935,-1,1970,1935,1971,-1,1972,1973,1974,-1,1974,1975,1937,-1,1937,1975,1976,-1,1937,1976,1939,-1,1939,1976,1977,-1,1939,1977,1978,-1,1979,1980,1953,-1,1953,1980,1960,-1,1960,1962,1953,-1,1953,1962,1981,-1,1953,1981,1955,-1,1971,1935,1982,-1,1982,1935,1983,-1,1982,1983,1984,-1,1961,1985,1962,-1,1962,1985,1986,-1,1962,1986,1987,-1,1987,1986,1988,-1,1956,1989,1937,-1,1937,1989,1990,-1,1937,1990,1974,-1,1974,1990,1991,-1,1974,1991,1972,-1,1983,1992,1984,-1,1984,1992,1993,-1,1984,1993,1994,-1,1994,1993,1995,-1,1994,1995,1996,-1,1996,1995,1997,-1,1996,1997,1998,-1,1998,1997,1955,-1,1998,1955,1999,-1,1999,1955,1981,-1,1988,1986,2000,-1,2000,1986,2001,-1,2000,2001,1973,-1,1973,2001,2002,-1,1973,2002,1974,-1,1945,1944,2003,-1,2004,1943,2005,-1,2005,1943,1941,-1,2005,1941,2006,-1,2004,2007,1943,-1,1943,2007,2008,-1,1943,2008,2009,-1,2009,2008,2010,-1,2009,2011,1943,-1,1943,2011,2012,-1,1943,2012,2013,-1,2013,2012,2014,-1,2013,2014,2015,-1,2015,2014,2016,-1,2015,2016,2017,-1,2017,2016,2018,-1,2003,1944,2019,-1,2019,1944,2020,-1,2019,2020,2018,-1,2018,2020,2021,-1,2018,2021,2017,-1,2003,2022,1945,-1,1945,2022,2023,-1,1945,2023,2024,-1,2024,2023,2025,-1,2024,2025,2026,-1,2026,2025,2027,-1,2026,2027,2028,-1,2028,2027,2029,-1,2028,2029,2030,-1,2031,2032,2033,-1,2030,2029,2034,-1,2034,2029,2035,-1,2034,2035,1949,-1,2033,2036,2031,-1,2031,2036,2037,-1,2031,2037,1951,-1,1951,2037,2038,-1,1951,2038,2039,-1,2035,2040,1949,-1,1949,2040,2041,-1,1949,2041,1951,-1,1951,2041,2042,-1,1951,2042,2031,-1,2031,2043,2032,-1,2032,2043,2044,-1,2032,2044,2045,-1,2045,2044,2046,-1,2045,2046,2047,-1,2047,2046,2048,-1,2047,2048,2008,-1,2008,2048,2049,-1,2008,2049,2010,-1,2000,2046,1988,-1,1988,2046,2044,-1,1988,2044,1987,-1,1987,2044,2043,-1,1987,2043,1962,-1,1962,2043,2031,-1,1962,2031,1981,-1,1981,2031,2042,-1,1981,2042,1999,-1,1999,2042,2041,-1,1999,2041,1998,-1,1998,2041,2040,-1,1998,2040,1996,-1,1996,2040,2035,-1,1996,2035,1994,-1,1994,2035,2029,-1,1994,2029,1984,-1,1984,2029,2027,-1,1984,2027,1982,-1,1982,2027,2025,-1,1982,2025,1971,-1,1971,2025,2023,-1,1971,2023,1970,-1,1970,2023,2022,-1,1970,2022,1969,-1,1969,2022,2003,-1,1969,2003,1967,-1,1967,2003,2019,-1,1967,2019,1965,-1,1965,2019,2018,-1,1965,2018,1959,-1,1959,2018,2016,-1,1959,2016,1957,-1,1957,2016,2014,-1,1957,2014,1956,-1,1956,2014,2012,-1,1956,2012,1989,-1,1989,2012,2011,-1,1989,2011,1990,-1,1990,2011,2009,-1,1990,2009,1991,-1,1991,2009,2010,-1,1991,2010,1972,-1,1972,2010,2049,-1,1972,2049,1973,-1,1973,2049,2048,-1,1973,2048,2000,-1,2000,2048,2046,-1,1979,2039,1980,-1,1980,2039,2038,-1,1980,2038,1960,-1,1960,2038,2037,-1,1960,2037,1961,-1,1961,2037,2036,-1,1961,2036,1985,-1,1985,2036,2033,-1,1985,2033,1986,-1,1986,2033,2032,-1,1986,2032,2001,-1,2001,2032,2045,-1,2001,2045,2002,-1,2002,2045,2047,-1,2002,2047,1974,-1,1974,2047,2008,-1,1974,2008,1975,-1,1975,2008,2007,-1,1975,2007,1976,-1,1976,2007,2004,-1,1976,2004,1977,-1,1977,2004,2005,-1,1977,2005,1978,-1,1978,2005,2006,-1,1942,1943,2013,-1,1942,2013,2050,-1,2050,2013,2015,-1,2050,2015,2051,-1,2051,2015,2017,-1,2051,2017,2052,-1,2052,2017,2021,-1,2052,2021,2053,-1,2053,2021,2020,-1,2053,2020,2054,-1,2054,2020,1944,-1,2054,1944,1946,-1,1947,1945,2024,-1,1947,2024,2055,-1,2055,2024,2026,-1,2055,2026,2056,-1,2056,2026,2028,-1,2056,2028,2057,-1,2057,2028,2030,-1,2057,2030,2058,-1,2058,2030,2034,-1,2058,2034,2059,-1,2059,2034,1949,-1,2059,1949,1948,-1,1937,1936,2060,-1,1937,2060,1958,-1,1958,2060,2061,-1,1958,2061,1963,-1,1963,2061,2062,-1,1963,2062,1964,-1,1964,2062,2063,-1,1964,2063,1966,-1,1966,2063,2064,-1,1966,2064,1968,-1,1968,2064,1932,-1,1968,1932,1934,-1,1935,1933,2065,-1,1935,2065,1983,-1,1983,2065,2066,-1,1983,2066,1992,-1,1992,2066,2067,-1,1992,2067,1993,-1,1993,2067,2068,-1,1993,2068,1995,-1,1995,2068,2069,-1,1995,2069,1997,-1,1997,2069,1954,-1,1997,1954,1955,-1,2070,2071,2072,-1,2072,2071,2073,-1,2074,2075,2076,-1,2076,2075,2077,-1,2076,2077,2078,-1,2078,2077,2079,-1,2078,2079,2080,-1,2080,2079,2081,-1,2082,2083,2084,-1,2084,2083,2085,-1,2086,2087,2088,-1,2088,2087,2089,-1,2088,2089,2090,-1,2090,2089,2091,-1,2090,2091,2092,-1,2092,2091,2093,-1,2094,2075,2095,-1,2095,2075,2096,-1,2095,2096,2097,-1,2098,2099,2100,-1,2096,2101,2097,-1,2097,2101,2102,-1,2097,2102,2103,-1,2103,2102,2104,-1,2103,2104,2105,-1,2105,2104,2106,-1,2105,2106,2107,-1,2107,2106,2072,-1,2107,2072,2108,-1,2108,2072,2073,-1,2108,2073,2109,-1,2110,2111,2112,-1,2112,2113,2075,-1,2075,2113,2114,-1,2075,2114,2077,-1,2077,2114,2115,-1,2077,2115,2116,-1,2117,2118,2091,-1,2091,2118,2098,-1,2098,2100,2091,-1,2091,2100,2119,-1,2091,2119,2093,-1,2109,2073,2120,-1,2120,2073,2121,-1,2120,2121,2122,-1,2099,2123,2100,-1,2100,2123,2124,-1,2100,2124,2125,-1,2125,2124,2126,-1,2094,2127,2075,-1,2075,2127,2128,-1,2075,2128,2112,-1,2112,2128,2129,-1,2112,2129,2110,-1,2121,2130,2122,-1,2122,2130,2131,-1,2122,2131,2132,-1,2132,2131,2133,-1,2132,2133,2134,-1,2134,2133,2135,-1,2134,2135,2136,-1,2136,2135,2093,-1,2136,2093,2137,-1,2137,2093,2119,-1,2126,2124,2138,-1,2138,2124,2139,-1,2138,2139,2111,-1,2111,2139,2140,-1,2111,2140,2112,-1,2083,2082,2141,-1,2142,2081,2143,-1,2143,2081,2079,-1,2143,2079,2144,-1,2142,2145,2081,-1,2081,2145,2146,-1,2081,2146,2147,-1,2147,2146,2148,-1,2147,2149,2081,-1,2081,2149,2150,-1,2081,2150,2151,-1,2151,2150,2152,-1,2151,2152,2153,-1,2153,2152,2154,-1,2153,2154,2155,-1,2155,2154,2156,-1,2141,2082,2157,-1,2157,2082,2158,-1,2157,2158,2156,-1,2156,2158,2159,-1,2156,2159,2155,-1,2141,2160,2083,-1,2083,2160,2161,-1,2083,2161,2162,-1,2162,2161,2163,-1,2162,2163,2164,-1,2164,2163,2165,-1,2164,2165,2166,-1,2166,2165,2167,-1,2166,2167,2168,-1,2169,2170,2171,-1,2168,2167,2172,-1,2172,2167,2173,-1,2172,2173,2087,-1,2171,2174,2169,-1,2169,2174,2175,-1,2169,2175,2089,-1,2089,2175,2176,-1,2089,2176,2177,-1,2173,2178,2087,-1,2087,2178,2179,-1,2087,2179,2089,-1,2089,2179,2180,-1,2089,2180,2169,-1,2169,2181,2170,-1,2170,2181,2182,-1,2170,2182,2183,-1,2183,2182,2184,-1,2183,2184,2185,-1,2185,2184,2186,-1,2185,2186,2146,-1,2146,2186,2187,-1,2146,2187,2148,-1,2138,2184,2126,-1,2126,2184,2182,-1,2126,2182,2125,-1,2125,2182,2181,-1,2125,2181,2100,-1,2100,2181,2169,-1,2100,2169,2119,-1,2119,2169,2180,-1,2119,2180,2137,-1,2137,2180,2179,-1,2137,2179,2136,-1,2136,2179,2178,-1,2136,2178,2134,-1,2134,2178,2173,-1,2134,2173,2132,-1,2132,2173,2167,-1,2132,2167,2122,-1,2122,2167,2165,-1,2122,2165,2120,-1,2120,2165,2163,-1,2120,2163,2109,-1,2109,2163,2161,-1,2109,2161,2108,-1,2108,2161,2160,-1,2108,2160,2107,-1,2107,2160,2141,-1,2107,2141,2105,-1,2105,2141,2157,-1,2105,2157,2103,-1,2103,2157,2156,-1,2103,2156,2097,-1,2097,2156,2154,-1,2097,2154,2095,-1,2095,2154,2152,-1,2095,2152,2094,-1,2094,2152,2150,-1,2094,2150,2127,-1,2127,2150,2149,-1,2127,2149,2128,-1,2128,2149,2147,-1,2128,2147,2129,-1,2129,2147,2148,-1,2129,2148,2110,-1,2110,2148,2187,-1,2110,2187,2111,-1,2111,2187,2186,-1,2111,2186,2138,-1,2138,2186,2184,-1,2117,2177,2118,-1,2118,2177,2176,-1,2118,2176,2098,-1,2098,2176,2175,-1,2098,2175,2099,-1,2099,2175,2174,-1,2099,2174,2123,-1,2123,2174,2171,-1,2123,2171,2124,-1,2124,2171,2170,-1,2124,2170,2139,-1,2139,2170,2183,-1,2139,2183,2140,-1,2140,2183,2185,-1,2140,2185,2112,-1,2112,2185,2146,-1,2112,2146,2113,-1,2113,2146,2145,-1,2113,2145,2114,-1,2114,2145,2142,-1,2114,2142,2115,-1,2115,2142,2143,-1,2115,2143,2116,-1,2116,2143,2144,-1,2080,2081,2151,-1,2080,2151,2188,-1,2188,2151,2153,-1,2188,2153,2189,-1,2189,2153,2155,-1,2189,2155,2190,-1,2190,2155,2159,-1,2190,2159,2191,-1,2191,2159,2158,-1,2191,2158,2192,-1,2192,2158,2082,-1,2192,2082,2084,-1,2085,2083,2162,-1,2085,2162,2193,-1,2193,2162,2164,-1,2193,2164,2194,-1,2194,2164,2166,-1,2194,2166,2195,-1,2195,2166,2168,-1,2195,2168,2196,-1,2196,2168,2172,-1,2196,2172,2197,-1,2197,2172,2087,-1,2197,2087,2086,-1,2075,2074,2198,-1,2075,2198,2096,-1,2096,2198,2199,-1,2096,2199,2101,-1,2101,2199,2200,-1,2101,2200,2102,-1,2102,2200,2201,-1,2102,2201,2104,-1,2104,2201,2202,-1,2104,2202,2106,-1,2106,2202,2070,-1,2106,2070,2072,-1,2073,2071,2203,-1,2073,2203,2121,-1,2121,2203,2204,-1,2121,2204,2130,-1,2130,2204,2205,-1,2130,2205,2131,-1,2131,2205,2206,-1,2131,2206,2133,-1,2133,2206,2207,-1,2133,2207,2135,-1,2135,2207,2092,-1,2135,2092,2093,-1,
        ]
    }
}
Shape{
    appearance Appearance {
        material  Material 	{
            diffuseColor 0.25098039215686274 0.25098039215686274 0.25098039215686274
            specularColor 0.12549019607843137 0.12549019607843137 0.12549019607843137
            ambientIntensity 0.251
            transparency 0.0
            shininess 0.5
        }
    }
    geometry IndexedFaceSet {
        ccw TRUE
        solid FALSE
        coord DEF co Coordinate {
            point [
                -1.5569 2.392 0.8303, -1.5569 2.392 0.8307, -1.5622 2.4326 0.8303, -1.5622 2.4326 0.8307, -1.5778 2.4703 0.8303, -1.5778 2.4703 0.8307, -1.6027 2.5027 0.8303, -1.6027 2.5027 0.8307, -1.6351 2.5276 0.8303, -1.6351 2.5276 0.8307, -1.6729 2.5432 0.8303, -1.6729 2.5432 0.8307, -1.7134 2.5486 0.8303, -1.7134 2.5486 0.8307, -1.7539 2.5432 0.8303, -1.7539 2.5432 0.8307, -1.7916 2.5276 0.8303, -1.7916 2.5276 0.8307, -1.8241 2.5027 0.8303, -1.8241 2.5027 0.8307, -1.8489 2.4703 0.8303, -1.8489 2.4703 0.8307, -1.8646 2.4326 0.8303, -1.8646 2.4326 0.8307, -1.8699 2.392 0.8303, -1.8699 2.392 0.8307, -1.8646 2.3515 0.8303, -1.8646 2.3515 0.8307, -1.8489 2.3138 0.8303, -1.8489 2.3138 0.8307, -1.8241 2.2814 0.8303, -1.8241 2.2814 0.8307, -1.7916 2.2565 0.8303, -1.7916 2.2565 0.8307, -1.7539 2.2408 0.8303, -1.7539 2.2408 0.8307, -1.7134 2.2355 0.8303, -1.7134 2.2355 0.8307, -1.6729 2.2408 0.8303, -1.6729 2.2408 0.8307, -1.6351 2.2565 0.8303, -1.6351 2.2565 0.8307, -1.6027 2.2814 0.8303, -1.6027 2.2814 0.8307, -1.5778 2.3138 0.8303, -1.5778 2.3138 0.8307, -1.5622 2.3515 0.8303, -1.5622 2.3515 0.8307, -1.7134 2.392 0.8303
            ]
        }
        coordIndex [
            0,1,2,-1,2,1,3,-1,2,3,4,-1,4,3,5,-1,4,5,6,-1,6,5,7,-1,6,7,8,-1,8,7,9,-1,8,9,10,-1,10,9,11,-1,10,11,12,-1,12,11,13,-1,12,13,14,-1,14,13,15,-1,14,15,16,-1,16,15,17,-1,16,17,18,-1,18,17,19,-1,18,19,20,-1,20,19,21,-1,20,21,22,-1,22,21,23,-1,22,23,24,-1,24,23,25,-1,24,25,26,-1,26,25,27,-1,26,27,28,-1,28,27,29,-1,28,29,30,-1,30,29,31,-1,30,31,32,-1,32,31,33,-1,32,33,34,-1,34,33,35,-1,34,35,36,-1,36,35,37,-1,36,37,38,-1,38,37,39,-1,38,39,40,-1,40,39,41,-1,40,41,42,-1,42,41,43,-1,42,43,44,-1,44,43,45,-1,44,45,46,-1,46,45,47,-1,46,47,0,-1,0,47,1,-1,44,46,48,-1,48,46,0,-1,48,0,2,-1,38,40,48,-1,48,40,42,-1,48,42,44,-1,32,34,48,-1,48,34,36,-1,48,36,38,-1,26,28,48,-1,48,28,30,-1,48,30,32,-1,20,22,48,-1,48,22,24,-1,48,24,26,-1,14,16,48,-1,48,16,18,-1,48,18,20,-1,8,10,48,-1,48,10,12,-1,48,12,14,-1,2,4,48,-1,48,4,6,-1,48,6,8,-1,
        ]
    }
}
Shape{
    appearance Appearance {
        material  Material 	{
            diffuseColor 0.0 0.0 0.0
            specularColor 0.0 0.0 0.0
            ambientIntensity 0.0
            transparency 0.0
            shininess 0.5
        }
    }
    geometry IndexedFaceSet {
        ccw TRUE
        solid FALSE
        coord DEF co Coordinate {
            point [
                -0.9233 -2.2646 0.8346, -0.9233 -2.2798 0.8346, -0.9233 -2.2646 0.8307, -0.9233 -2.2798 0.8307, -0.9764 -2.2646 0.8346, -0.9764 -2.2646 0.8307, -0.9764 -2.1463 0.8346, -0.9764 -2.1463 0.8307, -0.9936 -2.1463 0.8346, -0.9936 -2.1463 0.8307, -0.9936 -2.2798 0.8346, -0.9936 -2.2798 0.8307, -0.8345 -2.2801 0.8346, -0.8548 -2.282 0.8346, -0.8548 -2.282 0.8307, -0.843 -2.2809 0.8307, -0.8345 -2.2801 0.8307, -0.8202 -2.2754 0.8346, -0.8236 -2.2765 0.8307, -0.8202 -2.2754 0.8307, -0.8179 -2.2742 0.8307, -0.8179 -2.2742 0.8346, -0.8179 -2.2577 0.8346, -0.8179 -2.2577 0.8307, -0.829 -2.263 0.8346, -0.8236 -2.2604 0.8307, -0.829 -2.263 0.8307, -0.8438 -2.2662 0.8307, -0.8438 -2.2662 0.8346, -0.8523 -2.2667 0.8307, -0.8523 -2.2667 0.8346, -0.8645 -2.2654 0.8307, -0.8645 -2.2654 0.8346, -0.8743 -2.2619 0.8307, -0.8743 -2.2619 0.8346, -0.8832 -2.2559 0.8307, -0.8832 -2.2559 0.8346, -0.8866 -2.2526 0.8307, -0.8866 -2.2526 0.8346, -0.893 -2.2439 0.8307, -0.893 -2.2439 0.8346, -0.8973 -2.2332 0.8307, -0.8973 -2.2332 0.8346, -0.8995 -2.2199 0.8307, -0.8995 -2.2199 0.8346, -0.8997 -2.2146 0.8307, -0.8997 -2.2146 0.8346, -0.8975 -2.1963 0.8307, -0.8975 -2.1963 0.8346, -0.8931 -2.1848 0.8307, -0.8931 -2.1848 0.8346, -0.8867 -2.1755 0.8307, -0.8867 -2.1755 0.8346, -0.8857 -2.1744 0.8307, -0.8857 -2.1744 0.8346, -0.877 -2.1672 0.8307, -0.877 -2.1672 0.8346, -0.8666 -2.1622 0.8307, -0.8666 -2.1622 0.8346, -0.8551 -2.1599 0.8307, -0.8551 -2.1599 0.8346, -0.8493 -2.1596 0.8307, -0.8493 -2.1596 0.8346, -0.8329 -2.1616 0.8307, -0.8236 -2.1651 0.8307, -0.8194 -2.1667 0.8346, -0.8329 -2.1616 0.8346, -0.8194 -2.1667 0.8307, -0.8179 -2.1675 0.8307, -0.8179 -2.1675 0.8346, -0.8179 -2.1495 0.8346, -0.8179 -2.1495 0.8307, -0.8236 -2.1479 0.8307, -0.832 -2.1454 0.8346, -0.8495 -2.1441 0.8307, -0.8495 -2.1441 0.8346, -0.8352 -2.1452 0.8307, -0.832 -2.1454 0.8307, -0.8588 -2.1452 0.8307, -0.8687 -2.1464 0.8346, -0.8687 -2.1464 0.8307, -0.8827 -2.1518 0.8307, -0.8827 -2.1518 0.8346, -0.8956 -2.1609 0.8307, -0.8956 -2.1609 0.8346, -0.8985 -2.1637 0.8307, -0.8985 -2.1637 0.8346, -0.9082 -2.1764 0.8307, -0.9082 -2.1764 0.8346, -0.9145 -2.1912 0.8307, -0.9145 -2.1912 0.8346, -0.9176 -2.2086 0.8307, -0.9176 -2.2086 0.8346, -0.9178 -2.2156 0.8307, -0.9178 -2.2156 0.8346, -0.9152 -2.2372 0.8307, -0.9152 -2.2372 0.8346, -0.9098 -2.2511 0.8307, -0.9098 -2.2511 0.8346, -0.9018 -2.2625 0.8307, -0.9018 -2.2625 0.8346, -0.9007 -2.2638 0.8307, -0.9007 -2.2638 0.8346, -0.879 -2.2781 0.8307, -0.8913 -2.2718 0.8346, -0.8913 -2.2718 0.8307, -0.8671 -2.2809 0.8307, -0.8648 -2.2814 0.8346, -0.879 -2.2781 0.8346, -0.8648 -2.2814 0.8307, -0.7194 -2.2646 0.8346, -0.7194 -2.2798 0.8346, -0.7194 -2.2646 0.8307, -0.7194 -2.2798 0.8307, -0.7739 -2.2646 0.8307, -0.7739 -2.2646 0.8346, -0.7379 -2.2646 0.8307, -0.7739 -2.2197 0.8346, -0.7739 -2.2197 0.8307, -0.7262 -2.2197 0.8346, -0.7379 -2.2197 0.8307, -0.7262 -2.2197 0.8307, -0.7262 -2.2044 0.8346, -0.7262 -2.2044 0.8307, -0.7739 -2.2044 0.8307, -0.7739 -2.2044 0.8346, -0.7379 -2.2044 0.8307, -0.7739 -2.1617 0.8346, -0.7739 -2.1617 0.8307, -0.7224 -2.1617 0.8307, -0.7224 -2.1617 0.8346, -0.7379 -2.1617 0.8307, -0.7224 -2.1463 0.8346, -0.7224 -2.1463 0.8307, -0.7912 -2.1463 0.8307, -0.7912 -2.1463 0.8346, -0.7379 -2.1463 0.8307, -0.7912 -2.2798 0.8346, -0.7912 -2.2798 0.8307, -0.7379 -2.2798 0.8307, -0.6113 -2.2424 0.8346, -0.6179 -2.2506 0.8346, -0.6057 -2.2611 0.8346, -0.6195 -2.2522 0.8346, -0.6197 -2.2711 0.8346, -0.6282 -2.2581 0.8346, -0.6349 -2.277 0.8346, -0.6392 -2.2624 0.8346, -0.6575 -2.2798 0.8346, -0.6576 -2.2646 0.8346, -0.6942 -2.2798 0.8346, -0.677 -2.2646 0.8346, -0.6942 -2.1463 0.8346, -0.677 -2.1617 0.8346, -0.6561 -2.1463 0.8346, -0.6568 -2.1617 0.8346, -0.6357 -2.1486 0.8346, -0.6389 -2.1637 0.8346, -0.6196 -2.1545 0.8346, -0.6275 -2.168 0.8346, -0.6057 -2.164 0.8346, -0.6183 -2.1742 0.8346, -0.6009 -2.1687 0.8346, -0.6145 -2.178 0.8346, -0.5927 -2.1803 0.8346, -0.6093 -2.1855 0.8346, -0.5877 -2.193 0.8346, -0.6056 -2.1952 0.8346, -0.5855 -2.2113 0.8346, -0.6037 -2.2118 0.8346, -0.5859 -2.2199 0.8346, -0.6041 -2.2203 0.8346, -0.5892 -2.2355 0.8346, -0.6067 -2.2325 0.8346, -0.5958 -2.2493 0.8346, -0.6575 -2.2798 0.8307, -0.6942 -2.2798 0.8307, -0.6057 -2.2611 0.8307, -0.6349 -2.277 0.8307, -0.6331 -2.2763 0.8307, -0.6197 -2.2711 0.8307, -0.5958 -2.2493 0.8307, -0.5892 -2.2355 0.8307, -0.5859 -2.2199 0.8307, -0.5855 -2.2113 0.8307, -0.5877 -2.193 0.8307, -0.5927 -2.1803 0.8307, -0.6009 -2.1687 0.8307, -0.6057 -2.164 0.8307, -0.6196 -2.1545 0.8307, -0.6331 -2.1496 0.8307, -0.6357 -2.1486 0.8307, -0.6561 -2.1463 0.8307, -0.6942 -2.1463 0.8307, -0.6568 -2.1617 0.8307, -0.677 -2.1617 0.8307, -0.677 -2.2646 0.8307, -0.6576 -2.2646 0.8307, -0.6179 -2.2506 0.8307, -0.6195 -2.2522 0.8307, -0.6282 -2.2581 0.8307, -0.6392 -2.2624 0.8307, -0.6037 -2.2118 0.8307, -0.6041 -2.2203 0.8307, -0.6067 -2.2325 0.8307, -0.6113 -2.2424 0.8307, -0.6183 -2.1742 0.8307, -0.6145 -2.178 0.8307, -0.6093 -2.1855 0.8307, -0.6056 -2.1952 0.8307, -0.6389 -2.1637 0.8307, -0.6275 -2.168 0.8307
            ]
        }
        coordIndex [
            0,1,2,-1,2,1,3,-1,4,0,5,-1,5,0,2,-1,6,4,7,-1,7,4,5,-1,8,6,9,-1,9,6,7,-1,10,8,11,-1,11,8,9,-1,1,10,3,-1,3,10,11,-1,6,8,4,-1,4,8,10,-1,4,10,0,-1,0,10,1,-1,12,13,14,-1,14,15,12,-1,12,15,16,-1,12,16,17,-1,17,16,18,-1,18,19,17,-1,17,19,20,-1,17,20,21,-1,22,21,23,-1,23,21,20,-1,22,23,24,-1,24,23,25,-1,25,26,24,-1,24,26,27,-1,24,27,28,-1,28,27,29,-1,28,29,30,-1,30,29,31,-1,30,31,32,-1,32,31,33,-1,32,33,34,-1,34,33,35,-1,34,35,36,-1,36,35,37,-1,36,37,38,-1,38,37,39,-1,38,39,40,-1,40,39,41,-1,40,41,42,-1,42,41,43,-1,42,43,44,-1,44,43,45,-1,44,45,46,-1,46,45,47,-1,46,47,48,-1,48,47,49,-1,48,49,50,-1,50,49,51,-1,50,51,52,-1,52,51,53,-1,52,53,54,-1,54,53,55,-1,54,55,56,-1,56,55,57,-1,56,57,58,-1,58,57,59,-1,58,59,60,-1,60,59,61,-1,60,61,62,-1,62,61,63,-1,64,65,63,-1,63,65,66,-1,63,66,62,-1,64,67,65,-1,65,67,68,-1,65,68,69,-1,70,69,71,-1,71,69,68,-1,70,71,72,-1,70,72,73,-1,74,75,76,-1,76,75,73,-1,76,73,77,-1,77,73,72,-1,75,74,78,-1,75,78,79,-1,78,80,79,-1,79,80,81,-1,79,81,82,-1,82,81,83,-1,82,83,84,-1,84,83,85,-1,84,85,86,-1,86,85,87,-1,86,87,88,-1,88,87,89,-1,88,89,90,-1,90,89,91,-1,90,91,92,-1,92,91,93,-1,92,93,94,-1,94,93,95,-1,94,95,96,-1,96,95,97,-1,96,97,98,-1,98,97,99,-1,98,99,100,-1,100,99,101,-1,100,101,102,-1,103,104,105,-1,105,104,102,-1,105,102,101,-1,106,107,103,-1,103,107,108,-1,103,108,104,-1,106,109,107,-1,107,109,14,-1,107,14,13,-1,48,50,88,-1,56,58,79,-1,88,50,86,-1,79,58,75,-1,79,82,56,-1,56,82,84,-1,56,84,54,-1,54,84,86,-1,54,86,52,-1,52,86,50,-1,58,60,75,-1,75,60,62,-1,75,62,73,-1,73,62,66,-1,73,66,70,-1,70,66,65,-1,70,65,69,-1,94,46,92,-1,92,46,48,-1,92,48,90,-1,90,48,88,-1,21,22,17,-1,17,22,24,-1,17,24,12,-1,12,24,28,-1,12,28,13,-1,13,28,30,-1,13,30,107,-1,107,30,32,-1,107,32,108,-1,108,32,34,-1,108,34,104,-1,104,34,36,-1,104,36,102,-1,102,36,38,-1,102,38,100,-1,100,38,40,-1,100,40,98,-1,98,40,96,-1,96,40,42,-1,96,42,94,-1,94,42,44,-1,94,44,46,-1,110,111,112,-1,112,111,113,-1,114,115,116,-1,116,115,110,-1,116,110,112,-1,117,115,118,-1,118,115,114,-1,117,118,119,-1,119,118,120,-1,119,120,121,-1,122,119,123,-1,123,119,121,-1,124,125,126,-1,126,125,122,-1,126,122,123,-1,127,125,128,-1,128,125,124,-1,129,130,131,-1,131,130,127,-1,131,127,128,-1,132,130,133,-1,133,130,129,-1,134,135,136,-1,136,135,132,-1,136,132,133,-1,137,135,138,-1,138,135,134,-1,113,111,139,-1,139,111,137,-1,139,137,138,-1,137,111,110,-1,110,115,137,-1,137,115,117,-1,137,117,135,-1,130,132,127,-1,127,132,135,-1,127,135,125,-1,125,135,117,-1,125,117,122,-1,122,117,119,-1,140,141,142,-1,142,141,143,-1,142,143,144,-1,144,143,145,-1,144,145,146,-1,146,145,147,-1,146,147,148,-1,148,147,149,-1,148,149,150,-1,150,149,151,-1,150,151,152,-1,152,151,153,-1,152,153,154,-1,154,153,155,-1,154,155,156,-1,156,155,157,-1,156,157,158,-1,158,157,159,-1,158,159,160,-1,160,159,161,-1,160,161,162,-1,162,161,163,-1,162,163,164,-1,164,163,165,-1,164,165,166,-1,166,165,167,-1,166,167,168,-1,168,167,169,-1,168,169,170,-1,170,169,171,-1,170,171,172,-1,172,171,173,-1,172,173,174,-1,174,173,140,-1,174,140,142,-1,148,150,175,-1,175,150,176,-1,177,142,144,-1,148,175,178,-1,148,178,146,-1,146,178,179,-1,146,179,144,-1,144,179,180,-1,144,180,177,-1,142,177,181,-1,142,181,174,-1,174,181,182,-1,174,182,172,-1,172,182,183,-1,172,183,170,-1,170,183,184,-1,170,184,168,-1,168,184,185,-1,168,185,166,-1,166,185,186,-1,166,186,164,-1,164,186,187,-1,164,187,162,-1,162,187,188,-1,162,188,160,-1,160,188,189,-1,190,156,189,-1,189,156,158,-1,189,158,160,-1,190,191,156,-1,156,191,192,-1,156,192,154,-1,152,154,193,-1,193,154,192,-1,150,152,176,-1,176,152,193,-1,155,153,194,-1,194,153,195,-1,153,151,195,-1,195,151,196,-1,151,149,196,-1,196,149,197,-1,141,198,199,-1,141,199,143,-1,143,199,200,-1,143,200,145,-1,145,200,201,-1,145,201,147,-1,147,201,197,-1,147,197,149,-1,169,202,203,-1,169,203,171,-1,171,203,204,-1,171,204,173,-1,173,204,205,-1,173,205,140,-1,140,205,198,-1,140,198,141,-1,161,206,207,-1,161,207,163,-1,163,207,208,-1,163,208,165,-1,165,208,209,-1,165,209,167,-1,167,209,202,-1,167,202,169,-1,155,194,210,-1,155,210,157,-1,157,210,211,-1,157,211,159,-1,159,211,206,-1,159,206,161,-1,
        ]
    }
}
Shape{
    appearance Appearance {
        material  Material 	{
            diffuseColor 1.0 1.0 1.0
            specularColor 0.5019607843137255 0.5019607843137255 0.5019607843137255
            ambientIntensity 1.0
            transparency 0.0
            shininess 0.5
        }
    }
    geometry IndexedFaceSet {
        ccw TRUE
        solid FALSE
        coord DEF co Coordinate {
            point [
                -0.677 -2.1617 0.8307, -0.677 -2.2646 0.8307, -0.6568 -2.1617 0.8307, -0.6576 -2.2646 0.8307, -0.6392 -2.2624 0.8307, -0.6282 -2.2581 0.8307, -0.6195 -2.2522 0.8307, -0.6179 -2.2506 0.8307, -0.6113 -2.2424 0.8307, -0.6067 -2.2325 0.8307, -0.6037 -2.2118 0.8307, -0.6183 -2.1742 0.8307, -0.6275 -2.168 0.8307, -0.6056 -2.1952 0.8307, -0.6093 -2.1855 0.8307, -0.6145 -2.178 0.8307, -0.6041 -2.2203 0.8307, -0.6389 -2.1637 0.8307
            ]
        }
        coordIndex [
            0,1,2,-1,2,1,3,-1,3,4,2,-1,2,4,5,-1,2,5,6,-1,6,7,2,-1,2,7,8,-1,2,8,9,-1,10,11,12,-1,13,14,10,-1,10,14,15,-1,10,15,11,-1,9,16,2,-1,2,16,10,-1,2,10,17,-1,17,10,12,-1,
        ]
    }
}
Shape{
    appearance Appearance {
        material  Material 	{
            diffuseColor 0.0 0.0 0.0
            specularColor 0.0 0.0 0.0
            ambientIntensity 0.0
            transparency 0.0
            shininess 0.5
        }
    }
    geometry IndexedFaceSet {
        ccw TRUE
        solid FALSE
        coord DEF co Coordinate {
            point [
                -0.5408 -2.2282 0.8346, -0.5463 -2.2433 0.8346, -0.496 -2.2282 0.8346, -0.4907 -2.2433 0.8346, -0.5209 -2.1727 0.8346, -0.5273 -2.1463 0.8346, -0.5781 -2.2798 0.8346, -0.5591 -2.2798 0.8346, -0.5197 -2.1687 0.8346, -0.5187 -2.1634 0.8346, -0.5089 -2.1463 0.8346, -0.5183 -2.1634 0.8346, -0.5172 -2.169 0.8346, -0.5162 -2.1727 0.8346, -0.4581 -2.2798 0.8346, -0.4771 -2.2798 0.8346, -0.5089 -2.1463 0.8307, -0.4581 -2.2798 0.8307, -0.5273 -2.1463 0.8307, -0.5781 -2.2798 0.8307, -0.5397 -2.1788 0.8307, -0.5591 -2.2798 0.8307, -0.5463 -2.2433 0.8307, -0.4907 -2.2433 0.8307, -0.5397 -2.2433 0.8307, -0.4771 -2.2798 0.8307, -0.5408 -2.2282 0.8307, -0.496 -2.2282 0.8307, -0.5162 -2.1727 0.8307, -0.5183 -2.1634 0.8307, -0.5172 -2.169 0.8307, -0.5187 -2.1634 0.8307, -0.5209 -2.1727 0.8307, -0.5197 -2.1687 0.8307
            ]
        }
        coordIndex [
            0,1,2,-1,2,1,3,-1,4,5,0,-1,0,5,6,-1,0,6,1,-1,1,6,7,-1,4,8,5,-1,5,8,9,-1,5,9,10,-1,10,9,11,-1,10,11,12,-1,12,13,10,-1,10,13,2,-1,10,2,14,-1,14,2,3,-1,14,3,15,-1,10,14,16,-1,16,14,17,-1,5,10,18,-1,18,10,16,-1,19,6,20,-1,20,6,5,-1,20,5,18,-1,7,6,21,-1,21,6,19,-1,1,7,22,-1,22,7,21,-1,23,3,24,-1,24,3,1,-1,24,1,22,-1,15,3,25,-1,25,3,23,-1,14,15,17,-1,17,15,25,-1,0,2,26,-1,26,2,27,-1,2,13,27,-1,27,13,28,-1,11,29,30,-1,11,30,12,-1,12,30,28,-1,12,28,13,-1,11,9,29,-1,29,9,31,-1,4,32,33,-1,4,33,8,-1,8,33,31,-1,8,31,9,-1,4,0,32,-1,32,0,26,-1,
        ]
    }
}
Shape{
    appearance Appearance {
        material  Material 	{
            diffuseColor 1.0 1.0 1.0
            specularColor 0.5019607843137255 0.5019607843137255 0.5019607843137255
            ambientIntensity 1.0
            transparency 0.0
            shininess 0.5
        }
    }
    geometry IndexedFaceSet {
        ccw TRUE
        solid FALSE
        coord DEF co Coordinate {
            point [
                -0.5183 -2.1634 0.8307, -0.5187 -2.1634 0.8307, -0.5172 -2.169 0.8307, -0.5197 -2.1687 0.8307, -0.5162 -2.1727 0.8307, -0.5209 -2.1727 0.8307, -0.496 -2.2282 0.8307, -0.5408 -2.2282 0.8307
            ]
        }
        coordIndex [
            0,1,2,-1,2,1,3,-1,2,3,4,-1,4,3,5,-1,4,5,6,-1,6,5,7,-1,
        ]
    }
}
Shape{
    appearance Appearance {
        material  Material 	{
            diffuseColor 0.0 0.0 0.0
            specularColor 0.0 0.0 0.0
            ambientIntensity 0.0
            transparency 0.0
            shininess 0.5
        }
    }
    geometry IndexedFaceSet {
        ccw TRUE
        solid FALSE
        coord DEF co Coordinate {
            point [
                -0.9219 -2.4763 0.8346, -0.9219 -2.4915 0.8346, -0.9219 -2.4763 0.8307, -0.9219 -2.4915 0.8307, -0.9764 -2.4763 0.8307, -0.9764 -2.4763 0.8346, -0.9226 -2.4763 0.8307, -0.9764 -2.4314 0.8346, -0.9764 -2.4314 0.8307, -0.9287 -2.4314 0.8346, -0.9287 -2.4314 0.8307, -0.9287 -2.4161 0.8346, -0.9287 -2.4161 0.8307, -0.9764 -2.4161 0.8346, -0.9764 -2.4161 0.8307, -0.9764 -2.3734 0.8346, -0.9764 -2.3734 0.8307, -0.9249 -2.3734 0.8346, -0.9249 -2.3734 0.8307, -0.9249 -2.358 0.8346, -0.9249 -2.358 0.8307, -0.9936 -2.358 0.8346, -0.9936 -2.358 0.8307, -0.9936 -2.4915 0.8346, -0.9936 -2.4915 0.8307, -0.9226 -2.4915 0.8307, -0.846 -2.4915 0.8346, -0.8293 -2.4915 0.8346, -0.846 -2.4767 0.8346, -0.8293 -2.4301 0.8346, -0.846 -2.4309 0.8346, -0.8824 -2.4509 0.8346, -0.8784 -2.449 0.8346, -0.8464 -2.4767 0.8346, -0.8552 -2.4743 0.8346, -0.8491 -2.4808 0.8346, -0.86 -2.4775 0.8346, -0.8683 -2.4467 0.8346, -0.846 -2.4437 0.8346, -0.846 -2.4528 0.8346, -0.846 -2.4539 0.8346, -0.8471 -2.4614 0.8346, -0.8495 -2.4673 0.8346, -0.8532 -2.4722 0.8346, -0.8466 -2.4235 0.8346, -0.8306 -2.4173 0.8346, -0.8483 -2.4176 0.8346, -0.8332 -2.4098 0.8346, -0.8503 -2.4141 0.8346, -0.8367 -2.4044 0.8346, -0.8528 -2.4114 0.8346, -0.8411 -2.4001 0.8346, -0.8558 -2.4095 0.8346, -0.8467 -2.397 0.8346, -0.8596 -2.4082 0.8346, -0.8538 -2.3949 0.8346, -0.8653 -2.4076 0.8346, -0.8637 -2.394 0.8346, -0.8758 -2.4087 0.8346, -0.8806 -2.396 0.8346, -0.8862 -2.4124 0.8346, -0.893 -2.4008 0.8346, -0.8965 -2.4191 0.8346, -0.8965 -2.4029 0.8346, -0.8855 -2.4743 0.8346, -0.8977 -2.4862 0.8346, -0.8841 -2.4757 0.8346, -0.892 -2.4902 0.8346, -0.8807 -2.478 0.8346, -0.8856 -2.4926 0.8346, -0.8769 -2.4794 0.8346, -0.8756 -2.4937 0.8346, -0.8713 -2.48 0.8346, -0.867 -2.4928 0.8346, -0.865 -2.4793 0.8346, -0.8602 -2.4903 0.8346, -0.8544 -2.4865 0.8346, -0.8888 -2.4619 0.8346, -0.9058 -2.4639 0.8346, -0.8889 -2.4646 0.8346, -0.9059 -2.466 0.8346, -0.8885 -2.4684 0.8346, -0.905 -2.4736 0.8346, -0.8874 -2.4715 0.8346, -0.903 -2.4792 0.8346, -0.8995 -2.4843 0.8346, -0.8742 -2.4349 0.8346, -0.8868 -2.438 0.8346, -0.8845 -2.4525 0.8346, -0.894 -2.4416 0.8346, -0.8865 -2.455 0.8346, -0.8991 -2.446 0.8346, -0.8879 -2.4581 0.8346, -0.9024 -2.4508 0.8346, -0.9047 -2.4567 0.8346, -0.8637 -2.394 0.8307, -0.8806 -2.396 0.8307, -0.893 -2.4008 0.8307, -0.8965 -2.4029 0.8307, -0.8965 -2.4191 0.8307, -0.8862 -2.4124 0.8307, -0.8758 -2.4087 0.8307, -0.8653 -2.4076 0.8307, -0.8596 -2.4082 0.8307, -0.8558 -2.4095 0.8307, -0.8528 -2.4114 0.8307, -0.8503 -2.4141 0.8307, -0.8483 -2.4176 0.8307, -0.8466 -2.4235 0.8307, -0.846 -2.4309 0.8307, -0.8742 -2.4349 0.8307, -0.8868 -2.438 0.8307, -0.894 -2.4416 0.8307, -0.8991 -2.446 0.8307, -0.9024 -2.4508 0.8307, -0.9047 -2.4567 0.8307, -0.9058 -2.4639 0.8307, -0.9059 -2.466 0.8307, -0.905 -2.4736 0.8307, -0.903 -2.4792 0.8307, -0.8995 -2.4843 0.8307, -0.8977 -2.4862 0.8307, -0.8756 -2.4937 0.8307, -0.8853 -2.4926 0.8307, -0.8856 -2.4926 0.8307, -0.892 -2.4902 0.8307, -0.867 -2.4928 0.8307, -0.8665 -2.4926 0.8307, -0.8602 -2.4903 0.8307, -0.8544 -2.4865 0.8307, -0.8491 -2.4808 0.8307, -0.8464 -2.4767 0.8307, -0.846 -2.4767 0.8307, -0.846 -2.4915 0.8307, -0.8293 -2.4915 0.8307, -0.8293 -2.4301 0.8307, -0.8306 -2.4173 0.8307, -0.8332 -2.4098 0.8307, -0.8367 -2.4044 0.8307, -0.8411 -2.4001 0.8307, -0.8467 -2.397 0.8307, -0.8538 -2.3949 0.8307, -0.8845 -2.4525 0.8307, -0.8824 -2.4509 0.8307, -0.8784 -2.449 0.8307, -0.8683 -2.4467 0.8307, -0.8889 -2.4646 0.8307, -0.8888 -2.4619 0.8307, -0.8879 -2.4581 0.8307, -0.8865 -2.455 0.8307, -0.8841 -2.4757 0.8307, -0.8855 -2.4743 0.8307, -0.8874 -2.4715 0.8307, -0.8885 -2.4684 0.8307, -0.8713 -2.48 0.8307, -0.8769 -2.4794 0.8307, -0.8807 -2.478 0.8307, -0.8532 -2.4722 0.8307, -0.8552 -2.4743 0.8307, -0.86 -2.4775 0.8307, -0.865 -2.4793 0.8307, -0.846 -2.4528 0.8307, -0.846 -2.4539 0.8307, -0.8471 -2.4614 0.8307, -0.8495 -2.4673 0.8307, -0.846 -2.4437 0.8307
            ]
        }
        coordIndex [
            0,1,2,-1,2,1,3,-1,4,5,6,-1,6,5,0,-1,6,0,2,-1,7,5,8,-1,8,5,4,-1,9,7,10,-1,10,7,8,-1,11,9,12,-1,12,9,10,-1,13,11,14,-1,14,11,12,-1,15,13,16,-1,16,13,14,-1,17,15,18,-1,18,15,16,-1,19,17,20,-1,20,17,18,-1,21,19,22,-1,22,19,20,-1,23,21,24,-1,24,21,22,-1,3,1,25,-1,25,1,23,-1,25,23,24,-1,23,1,0,-1,0,5,23,-1,23,5,7,-1,23,7,21,-1,17,19,15,-1,15,19,21,-1,15,21,13,-1,13,21,7,-1,13,7,11,-1,11,7,9,-1,26,27,28,-1,28,27,29,-1,30,31,32,-1,33,34,35,-1,35,34,36,-1,37,38,29,-1,29,38,39,-1,39,40,29,-1,29,40,41,-1,29,41,28,-1,28,41,42,-1,28,42,33,-1,33,42,43,-1,33,43,34,-1,32,37,30,-1,30,37,29,-1,30,29,44,-1,44,29,45,-1,44,45,46,-1,46,45,47,-1,46,47,48,-1,48,47,49,-1,48,49,50,-1,50,49,51,-1,50,51,52,-1,52,51,53,-1,52,53,54,-1,54,53,55,-1,54,55,56,-1,56,55,57,-1,56,57,58,-1,58,57,59,-1,58,59,60,-1,60,59,61,-1,60,61,62,-1,62,61,63,-1,64,65,66,-1,66,65,67,-1,66,67,68,-1,68,67,69,-1,68,69,70,-1,70,69,71,-1,70,71,72,-1,72,71,73,-1,72,73,74,-1,74,73,75,-1,74,75,36,-1,36,75,76,-1,36,76,35,-1,77,78,79,-1,79,78,80,-1,79,80,81,-1,81,80,82,-1,81,82,83,-1,83,82,84,-1,83,84,64,-1,64,84,85,-1,64,85,65,-1,30,86,31,-1,31,86,87,-1,31,87,88,-1,88,87,89,-1,88,89,90,-1,90,89,91,-1,90,91,92,-1,92,91,93,-1,92,93,77,-1,77,93,94,-1,77,94,78,-1,57,95,96,-1,57,96,59,-1,59,96,97,-1,59,97,61,-1,61,97,98,-1,61,98,63,-1,62,63,99,-1,99,63,98,-1,62,99,100,-1,62,100,60,-1,60,100,101,-1,60,101,58,-1,58,101,102,-1,58,102,56,-1,56,102,103,-1,56,103,54,-1,54,103,104,-1,54,104,52,-1,52,104,105,-1,52,105,50,-1,50,105,106,-1,50,106,48,-1,48,106,107,-1,48,107,46,-1,46,107,108,-1,46,108,44,-1,44,108,109,-1,44,109,30,-1,86,30,110,-1,110,30,109,-1,86,110,111,-1,86,111,87,-1,87,111,112,-1,87,112,89,-1,89,112,113,-1,89,113,91,-1,91,113,114,-1,91,114,93,-1,93,114,115,-1,93,115,94,-1,94,115,116,-1,94,116,78,-1,78,116,117,-1,78,117,80,-1,80,117,118,-1,80,118,82,-1,82,118,119,-1,82,119,84,-1,84,119,120,-1,84,120,85,-1,85,120,121,-1,85,121,65,-1,122,71,123,-1,123,71,69,-1,123,69,124,-1,124,69,67,-1,124,67,125,-1,125,67,65,-1,125,65,121,-1,71,122,126,-1,71,126,73,-1,73,126,127,-1,73,127,75,-1,127,128,75,-1,75,128,129,-1,75,129,76,-1,76,129,130,-1,76,130,35,-1,35,130,131,-1,35,131,33,-1,28,33,132,-1,132,33,131,-1,26,28,133,-1,133,28,132,-1,27,26,134,-1,134,26,133,-1,29,27,135,-1,135,27,134,-1,29,135,136,-1,29,136,45,-1,45,136,137,-1,45,137,47,-1,47,137,138,-1,47,138,49,-1,49,138,139,-1,49,139,51,-1,51,139,140,-1,51,140,53,-1,53,140,141,-1,53,141,55,-1,55,141,95,-1,55,95,57,-1,88,142,143,-1,88,143,31,-1,31,143,144,-1,31,144,32,-1,32,144,145,-1,32,145,37,-1,79,146,147,-1,79,147,77,-1,77,147,148,-1,77,148,92,-1,92,148,149,-1,92,149,90,-1,90,149,142,-1,90,142,88,-1,66,150,151,-1,66,151,64,-1,64,151,152,-1,64,152,83,-1,83,152,153,-1,83,153,81,-1,81,153,146,-1,81,146,79,-1,72,154,155,-1,72,155,70,-1,70,155,156,-1,70,156,68,-1,68,156,150,-1,68,150,66,-1,43,157,158,-1,43,158,34,-1,34,158,159,-1,34,159,36,-1,36,159,160,-1,36,160,74,-1,74,160,154,-1,74,154,72,-1,39,161,162,-1,39,162,40,-1,40,162,163,-1,40,163,41,-1,41,163,164,-1,41,164,42,-1,42,164,157,-1,42,157,43,-1,39,38,161,-1,161,38,165,-1,38,37,165,-1,165,37,145,-1,
        ]
    }
}
Shape{
    appearance Appearance {
        material  Material 	{
            diffuseColor 1.0 1.0 1.0
            specularColor 0.5019607843137255 0.5019607843137255 0.5019607843137255
            ambientIntensity 1.0
            transparency 0.0
            shininess 0.5
        }
    }
    geometry IndexedFaceSet {
        ccw TRUE
        solid FALSE
        coord DEF co Coordinate {
            point [
                -0.846 -2.4539 0.8307, -0.846 -2.4528 0.8307, -0.8845 -2.4525 0.8307, -0.846 -2.4437 0.8307, -0.8683 -2.4467 0.8307, -0.8784 -2.449 0.8307, -0.8824 -2.4509 0.8307, -0.8471 -2.4614 0.8307, -0.8865 -2.455 0.8307, -0.8495 -2.4673 0.8307, -0.8855 -2.4743 0.8307, -0.8841 -2.4757 0.8307, -0.8552 -2.4743 0.8307, -0.8874 -2.4715 0.8307, -0.86 -2.4775 0.8307, -0.865 -2.4793 0.8307, -0.8713 -2.48 0.8307, -0.8879 -2.4581 0.8307, -0.8888 -2.4619 0.8307, -0.8532 -2.4722 0.8307, -0.8889 -2.4646 0.8307, -0.8885 -2.4684 0.8307, -0.8807 -2.478 0.8307, -0.8769 -2.4794 0.8307
            ]
        }
        coordIndex [
            0,1,2,-1,1,3,4,-1,4,5,1,-1,1,5,6,-1,1,6,2,-1,0,2,7,-1,7,2,8,-1,7,8,9,-1,10,11,12,-1,10,12,13,-1,14,12,15,-1,15,12,16,-1,8,17,9,-1,9,17,18,-1,9,18,19,-1,19,18,20,-1,19,20,12,-1,12,20,21,-1,12,21,13,-1,11,22,12,-1,12,22,23,-1,12,23,16,-1,
        ]
    }
}
Shape{
    appearance Appearance {
        material  Material 	{
            diffuseColor 0.0 0.0 0.0
            specularColor 0.0 0.0 0.0
            ambientIntensity 0.0
            transparency 0.0
            shininess 0.5
        }
    }
    geometry IndexedFaceSet {
        ccw TRUE
        solid FALSE
        coord DEF co Coordinate {
            point [
                -0.8066 -2.4709 0.8307, -0.8066 -2.4709 0.8346, -0.8004 -2.4748 0.8346, -0.7791 -2.4801 0.8346, -0.7791 -2.4801 0.8307, -0.7899 -2.4788 0.8307, -0.7899 -2.4788 0.8346, -0.7989 -2.4753 0.8307, -0.8004 -2.4748 0.8307, -0.8066 -2.4881 0.8346, -0.8066 -2.4881 0.8307, -0.7959 -2.492 0.8346, -0.7989 -2.4909 0.8307, -0.7808 -2.4937 0.8307, -0.7808 -2.4937 0.8346, -0.7908 -2.4926 0.8307, -0.7959 -2.492 0.8307, -0.7696 -2.4926 0.8307, -0.7676 -2.4924 0.8346, -0.7676 -2.4924 0.8307, -0.7583 -2.4893 0.8307, -0.7583 -2.4893 0.8346, -0.753 -2.4862 0.8307, -0.753 -2.4862 0.8346, -0.7482 -2.482 0.8307, -0.7482 -2.482 0.8346, -0.7451 -2.4776 0.8307, -0.7451 -2.4776 0.8346, -0.743 -2.4723 0.8307, -0.743 -2.4723 0.8346, -0.7423 -2.4656 0.8307, -0.7423 -2.4656 0.8346, -0.7429 -2.4593 0.8307, -0.7429 -2.4593 0.8346, -0.7447 -2.4544 0.8307, -0.7447 -2.4544 0.8346, -0.7478 -2.4498 0.8307, -0.7478 -2.4498 0.8346, -0.7518 -2.4462 0.8307, -0.7518 -2.4462 0.8346, -0.7629 -2.4401 0.8307, -0.7629 -2.4401 0.8346, -0.7694 -2.4374 0.8307, -0.7694 -2.4374 0.8346, -0.7797 -2.4329 0.8307, -0.7797 -2.4329 0.8346, -0.7856 -2.4293 0.8307, -0.7856 -2.4293 0.8346, -0.7873 -2.4275 0.8307, -0.7873 -2.4275 0.8346, -0.7885 -2.4252 0.8307, -0.7885 -2.4252 0.8346, -0.7891 -2.4226 0.8307, -0.7891 -2.4226 0.8346, -0.7893 -2.4204 0.8307, -0.7893 -2.4204 0.8346, -0.789 -2.4177 0.8307, -0.789 -2.4177 0.8346, -0.7882 -2.4155 0.8307, -0.7882 -2.4155 0.8346, -0.7867 -2.4133 0.8307, -0.7867 -2.4133 0.8346, -0.7842 -2.4111 0.8307, -0.7842 -2.4111 0.8346, -0.7805 -2.4091 0.8307, -0.7805 -2.4091 0.8346, -0.776 -2.4079 0.8307, -0.776 -2.4079 0.8346, -0.771 -2.4076 0.8307, -0.771 -2.4076 0.8346, -0.7598 -2.4089 0.8307, -0.7598 -2.4089 0.8346, -0.7504 -2.4124 0.8307, -0.7504 -2.4124 0.8346, -0.7468 -2.4145 0.8307, -0.7468 -2.4145 0.8346, -0.7468 -2.3982 0.8346, -0.7468 -2.3982 0.8307, -0.7582 -2.3949 0.8307, -0.7582 -2.3949 0.8346, -0.7694 -2.394 0.8307, -0.7694 -2.394 0.8346, -0.7816 -2.3953 0.8307, -0.7816 -2.3953 0.8346, -0.7908 -2.3986 0.8307, -0.7908 -2.3986 0.8346, -0.7958 -2.4016 0.8307, -0.7958 -2.4016 0.8346, -0.8008 -2.406 0.8346, -0.7989 -2.4043 0.8307, -0.8008 -2.406 0.8307, -0.8039 -2.4105 0.8307, -0.8039 -2.4105 0.8346, -0.8059 -2.4159 0.8307, -0.8059 -2.4159 0.8346, -0.8065 -2.4219 0.8307, -0.8065 -2.4219 0.8346, -0.8058 -2.4284 0.8307, -0.8058 -2.4284 0.8346, -0.804 -2.4335 0.8307, -0.804 -2.4335 0.8346, -0.8018 -2.437 0.8307, -0.8018 -2.437 0.8346, -0.7812 -2.4496 0.8307, -0.7812 -2.4496 0.8346, -0.7912 -2.445 0.8346, -0.799 -2.4398 0.8307, -0.799 -2.4398 0.8346, -0.7989 -2.4399 0.8307, -0.7912 -2.445 0.8307, -0.7702 -2.4542 0.8307, -0.7702 -2.4542 0.8346, -0.7637 -2.4581 0.8307, -0.7637 -2.4581 0.8346, -0.7616 -2.4603 0.8307, -0.7616 -2.4603 0.8346, -0.7603 -2.4625 0.8307, -0.7603 -2.4625 0.8346, -0.7596 -2.4651 0.8307, -0.7596 -2.4651 0.8346, -0.7594 -2.4672 0.8307, -0.7594 -2.4672 0.8346, -0.7598 -2.4704 0.8307, -0.7598 -2.4704 0.8346, -0.7606 -2.4728 0.8307, -0.7606 -2.4728 0.8346, -0.7621 -2.4749 0.8307, -0.7621 -2.4749 0.8346, -0.764 -2.4766 0.8307, -0.764 -2.4766 0.8346, -0.7655 -2.4775 0.8307, -0.7655 -2.4775 0.8346, -0.7698 -2.4791 0.8307, -0.7698 -2.4791 0.8346, -0.7784 -2.4801 0.8307, -0.7784 -2.4801 0.8346, -0.6594 -2.3962 0.8346, -0.6421 -2.3962 0.8346, -0.6594 -2.3962 0.8307, -0.6421 -2.3962 0.8307, -0.6854 -2.4679 0.8346, -0.6854 -2.4679 0.8307, -0.6867 -2.4724 0.8307, -0.6867 -2.4724 0.8346, -0.6875 -2.4757 0.8307, -0.6875 -2.4757 0.8346, -0.6879 -2.4757 0.8346, -0.6879 -2.4757 0.8307, -0.69 -2.4678 0.8346, -0.69 -2.4678 0.8307, -0.7149 -2.3962 0.8346, -0.7149 -2.3962 0.8307, -0.7336 -2.3962 0.8346, -0.7336 -2.3962 0.8307, -0.6962 -2.4913 0.8346, -0.6962 -2.4913 0.8307, -0.7035 -2.5086 0.8307, -0.7035 -2.5086 0.8346, -0.6967 -2.4926 0.8307, -0.7068 -2.5146 0.8307, -0.7068 -2.5146 0.8346, -0.7099 -2.5181 0.8307, -0.7099 -2.5181 0.8346, -0.7129 -2.5202 0.8307, -0.7129 -2.5202 0.8346, -0.7165 -2.5216 0.8307, -0.7165 -2.5216 0.8346, -0.7206 -2.522 0.8307, -0.7206 -2.522 0.8346, -0.7267 -2.5213 0.8307, -0.7267 -2.5213 0.8346, -0.7301 -2.5201 0.8307, -0.7301 -2.5201 0.8346, -0.7301 -2.535 0.8346, -0.7301 -2.535 0.8307, -0.723 -2.5362 0.8307, -0.723 -2.5362 0.8346, -0.7193 -2.5364 0.8307, -0.7193 -2.5364 0.8346, -0.7126 -2.5356 0.8307, -0.7126 -2.5356 0.8346, -0.706 -2.5331 0.8307, -0.706 -2.5331 0.8346, -0.7001 -2.529 0.8307, -0.7001 -2.529 0.8346, -0.699 -2.528 0.8307, -0.699 -2.528 0.8346, -0.6929 -2.5206 0.8307, -0.6929 -2.5206 0.8346, -0.6853 -2.5059 0.8307, -0.6853 -2.5059 0.8346, -0.6801 -2.4926 0.8307, -0.5523 -2.4763 0.8346, -0.5523 -2.4915 0.8346, -0.5523 -2.4763 0.8307, -0.5523 -2.4915 0.8307, -0.6068 -2.4763 0.8307, -0.6068 -2.4763 0.8346, -0.5818 -2.4763 0.8307, -0.6068 -2.4314 0.8346, -0.6068 -2.4314 0.8307, -0.5591 -2.4314 0.8307, -0.5591 -2.4314 0.8346, -0.5818 -2.4314 0.8307, -0.5591 -2.4161 0.8346, -0.5591 -2.4161 0.8307, -0.6068 -2.4161 0.8307, -0.6068 -2.4161 0.8346, -0.5818 -2.4161 0.8307, -0.6068 -2.3734 0.8346, -0.6068 -2.3734 0.8307, -0.5553 -2.3734 0.8307, -0.5553 -2.3734 0.8346, -0.5818 -2.3734 0.8307, -0.5553 -2.358 0.8346, -0.5553 -2.358 0.8307, -0.624 -2.358 0.8307, -0.624 -2.358 0.8346, -0.5818 -2.358 0.8307, -0.624 -2.4915 0.8346, -0.624 -2.4915 0.8307, -0.5818 -2.4915 0.8307, -0.4442 -2.4541 0.8346, -0.4508 -2.4623 0.8346, -0.4385 -2.4728 0.8346, -0.4524 -2.4639 0.8346, -0.4526 -2.4828 0.8346, -0.461 -2.4698 0.8346, -0.4678 -2.4888 0.8346, -0.4721 -2.4741 0.8346, -0.4904 -2.4915 0.8346, -0.4905 -2.4763 0.8346, -0.5271 -2.4915 0.8346, -0.5098 -2.4763 0.8346, -0.5271 -2.358 0.8346, -0.5098 -2.3734 0.8346, -0.489 -2.358 0.8346, -0.4897 -2.3734 0.8346, -0.4686 -2.3603 0.8346, -0.4718 -2.3754 0.8346, -0.4525 -2.3662 0.8346, -0.4604 -2.3797 0.8346, -0.4385 -2.3757 0.8346, -0.4512 -2.3859 0.8346, -0.4338 -2.3804 0.8346, -0.4474 -2.3897 0.8346, -0.4255 -2.392 0.8346, -0.4422 -2.3972 0.8346, -0.4206 -2.4048 0.8346, -0.4385 -2.407 0.8346, -0.4184 -2.423 0.8346, -0.4365 -2.4235 0.8346, -0.4188 -2.4316 0.8346, -0.437 -2.432 0.8346, -0.4221 -2.4472 0.8346, -0.4396 -2.4442 0.8346, -0.4286 -2.461 0.8346, -0.4904 -2.4915 0.8307, -0.5271 -2.4915 0.8307, -0.4678 -2.4888 0.8307, -0.4526 -2.4828 0.8307, -0.4385 -2.4728 0.8307, -0.4286 -2.461 0.8307, -0.4221 -2.4472 0.8307, -0.4188 -2.4316 0.8307, -0.4184 -2.423 0.8307, -0.4206 -2.4048 0.8307, -0.4255 -2.392 0.8307, -0.4338 -2.3804 0.8307, -0.4385 -2.3757 0.8307, -0.4525 -2.3662 0.8307, -0.4686 -2.3603 0.8307, -0.489 -2.358 0.8307, -0.5271 -2.358 0.8307, -0.4897 -2.3734 0.8307, -0.5098 -2.3734 0.8307, -0.5098 -2.4763 0.8307, -0.4905 -2.4763 0.8307, -0.4508 -2.4623 0.8307, -0.4524 -2.4639 0.8307, -0.461 -2.4698 0.8307, -0.4721 -2.4741 0.8307, -0.4365 -2.4235 0.8307, -0.437 -2.432 0.8307, -0.4396 -2.4442 0.8307, -0.4442 -2.4541 0.8307, -0.4512 -2.3859 0.8307, -0.4474 -2.3897 0.8307, -0.4422 -2.3972 0.8307, -0.4385 -2.407 0.8307, -0.4718 -2.3754 0.8307, -0.4604 -2.3797 0.8307
            ]
        }
        coordIndex [
            0,1,2,-1,3,4,5,-1,3,5,6,-1,6,5,7,-1,6,7,2,-1,2,7,8,-1,2,8,0,-1,9,1,10,-1,10,1,0,-1,9,10,11,-1,11,10,12,-1,13,14,15,-1,15,14,11,-1,15,11,16,-1,16,11,12,-1,13,17,14,-1,14,17,18,-1,17,19,18,-1,18,19,20,-1,18,20,21,-1,21,20,22,-1,21,22,23,-1,23,22,24,-1,23,24,25,-1,25,24,26,-1,25,26,27,-1,27,26,28,-1,27,28,29,-1,29,28,30,-1,29,30,31,-1,31,30,32,-1,31,32,33,-1,33,32,34,-1,33,34,35,-1,35,34,36,-1,35,36,37,-1,37,36,38,-1,37,38,39,-1,39,38,40,-1,39,40,41,-1,41,40,42,-1,41,42,43,-1,43,42,44,-1,43,44,45,-1,45,44,46,-1,45,46,47,-1,47,46,48,-1,47,48,49,-1,49,48,50,-1,49,50,51,-1,51,50,52,-1,51,52,53,-1,53,52,54,-1,53,54,55,-1,55,54,56,-1,55,56,57,-1,57,56,58,-1,57,58,59,-1,59,58,60,-1,59,60,61,-1,61,60,62,-1,61,62,63,-1,63,62,64,-1,63,64,65,-1,65,64,66,-1,65,66,67,-1,67,66,68,-1,67,68,69,-1,69,68,70,-1,69,70,71,-1,71,70,72,-1,71,72,73,-1,73,72,74,-1,73,74,75,-1,76,75,77,-1,77,75,74,-1,76,77,78,-1,76,78,79,-1,79,78,80,-1,79,80,81,-1,81,80,82,-1,81,82,83,-1,83,82,84,-1,83,84,85,-1,85,84,86,-1,85,86,87,-1,87,86,88,-1,88,86,89,-1,89,90,88,-1,88,90,91,-1,88,91,92,-1,92,91,93,-1,92,93,94,-1,94,93,95,-1,94,95,96,-1,96,95,97,-1,96,97,98,-1,98,97,99,-1,98,99,100,-1,100,99,101,-1,100,101,102,-1,103,104,105,-1,102,101,106,-1,102,106,107,-1,107,106,108,-1,107,108,105,-1,105,108,109,-1,105,109,103,-1,104,103,110,-1,104,110,111,-1,111,110,112,-1,111,112,113,-1,113,112,114,-1,113,114,115,-1,115,114,116,-1,115,116,117,-1,117,116,118,-1,117,118,119,-1,119,118,120,-1,119,120,121,-1,121,120,122,-1,121,122,123,-1,123,122,124,-1,123,124,125,-1,125,124,126,-1,125,126,127,-1,127,126,128,-1,127,128,129,-1,129,128,130,-1,129,130,131,-1,131,130,132,-1,131,132,133,-1,133,132,134,-1,133,134,135,-1,135,134,4,-1,135,4,3,-1,61,63,85,-1,85,63,83,-1,111,43,104,-1,104,43,45,-1,21,23,127,-1,127,23,25,-1,127,25,125,-1,125,25,27,-1,125,27,123,-1,123,27,29,-1,123,29,121,-1,121,29,31,-1,121,31,119,-1,119,31,33,-1,119,33,117,-1,117,33,35,-1,117,35,115,-1,115,35,37,-1,115,37,113,-1,113,37,39,-1,113,39,111,-1,111,39,41,-1,111,41,43,-1,14,3,11,-1,11,3,6,-1,11,6,9,-1,9,6,2,-1,9,2,1,-1,63,65,83,-1,83,65,67,-1,83,67,81,-1,81,67,69,-1,81,69,79,-1,79,69,71,-1,79,71,76,-1,76,71,73,-1,76,73,75,-1,127,129,21,-1,21,129,131,-1,21,131,18,-1,18,131,133,-1,18,133,14,-1,14,133,135,-1,14,135,3,-1,85,87,61,-1,61,87,88,-1,61,88,59,-1,59,88,92,-1,59,92,57,-1,57,92,94,-1,57,94,55,-1,55,94,96,-1,55,96,53,-1,53,96,98,-1,53,98,51,-1,51,98,100,-1,51,100,49,-1,49,100,102,-1,49,102,47,-1,47,102,107,-1,47,107,45,-1,45,107,105,-1,45,105,104,-1,136,137,138,-1,138,137,139,-1,140,136,141,-1,141,136,138,-1,140,141,142,-1,140,142,143,-1,143,142,144,-1,143,144,145,-1,146,145,147,-1,147,145,144,-1,148,146,149,-1,149,146,147,-1,150,148,151,-1,151,148,149,-1,152,150,153,-1,153,150,151,-1,154,152,155,-1,155,152,153,-1,156,157,158,-1,158,157,154,-1,158,154,155,-1,157,156,159,-1,157,159,160,-1,160,159,161,-1,160,161,162,-1,162,161,163,-1,162,163,164,-1,164,163,165,-1,164,165,166,-1,166,165,167,-1,166,167,168,-1,168,167,169,-1,168,169,170,-1,170,169,171,-1,170,171,172,-1,173,172,174,-1,174,172,171,-1,173,174,175,-1,173,175,176,-1,176,175,177,-1,176,177,178,-1,178,177,179,-1,178,179,180,-1,180,179,181,-1,180,181,182,-1,182,181,183,-1,182,183,184,-1,184,183,185,-1,184,185,186,-1,186,185,187,-1,186,187,188,-1,188,187,189,-1,188,189,190,-1,139,137,191,-1,191,137,190,-1,191,190,189,-1,143,145,190,-1,137,136,190,-1,190,136,140,-1,190,140,143,-1,150,152,148,-1,148,152,154,-1,148,154,146,-1,172,173,170,-1,170,173,176,-1,170,176,168,-1,168,176,178,-1,168,178,166,-1,166,178,180,-1,166,180,164,-1,164,180,182,-1,164,182,162,-1,188,160,186,-1,186,160,162,-1,186,162,184,-1,184,162,182,-1,145,146,190,-1,190,146,154,-1,190,154,188,-1,188,154,157,-1,188,157,160,-1,192,193,194,-1,194,193,195,-1,196,197,198,-1,198,197,192,-1,198,192,194,-1,199,197,200,-1,200,197,196,-1,201,202,203,-1,203,202,199,-1,203,199,200,-1,204,202,205,-1,205,202,201,-1,206,207,208,-1,208,207,204,-1,208,204,205,-1,209,207,210,-1,210,207,206,-1,211,212,213,-1,213,212,209,-1,213,209,210,-1,214,212,215,-1,215,212,211,-1,216,217,218,-1,218,217,214,-1,218,214,215,-1,219,217,220,-1,220,217,216,-1,195,193,221,-1,221,193,219,-1,221,219,220,-1,219,193,192,-1,192,197,219,-1,219,197,199,-1,219,199,217,-1,212,214,209,-1,209,214,217,-1,209,217,207,-1,207,217,199,-1,207,199,204,-1,204,199,202,-1,222,223,224,-1,224,223,225,-1,224,225,226,-1,226,225,227,-1,226,227,228,-1,228,227,229,-1,228,229,230,-1,230,229,231,-1,230,231,232,-1,232,231,233,-1,232,233,234,-1,234,233,235,-1,234,235,236,-1,236,235,237,-1,236,237,238,-1,238,237,239,-1,238,239,240,-1,240,239,241,-1,240,241,242,-1,242,241,243,-1,242,243,244,-1,244,243,245,-1,244,245,246,-1,246,245,247,-1,246,247,248,-1,248,247,249,-1,248,249,250,-1,250,249,251,-1,250,251,252,-1,252,251,253,-1,252,253,254,-1,254,253,255,-1,254,255,256,-1,256,255,222,-1,256,222,224,-1,230,232,257,-1,257,232,258,-1,230,257,259,-1,230,259,228,-1,228,259,260,-1,228,260,226,-1,226,260,261,-1,226,261,224,-1,224,261,262,-1,224,262,256,-1,256,262,263,-1,256,263,254,-1,254,263,264,-1,254,264,252,-1,252,264,265,-1,252,265,250,-1,250,265,266,-1,250,266,248,-1,248,266,267,-1,248,267,246,-1,246,267,268,-1,246,268,244,-1,244,268,269,-1,244,269,242,-1,242,269,270,-1,242,270,240,-1,240,270,271,-1,240,271,238,-1,238,271,272,-1,238,272,236,-1,234,236,273,-1,273,236,272,-1,232,234,258,-1,258,234,273,-1,237,235,274,-1,274,235,275,-1,235,233,275,-1,275,233,276,-1,233,231,276,-1,276,231,277,-1,223,278,279,-1,223,279,225,-1,225,279,280,-1,225,280,227,-1,227,280,281,-1,227,281,229,-1,229,281,277,-1,229,277,231,-1,251,282,283,-1,251,283,253,-1,253,283,284,-1,253,284,255,-1,255,284,285,-1,255,285,222,-1,222,285,278,-1,222,278,223,-1,243,286,287,-1,243,287,245,-1,245,287,288,-1,245,288,247,-1,247,288,289,-1,247,289,249,-1,249,289,282,-1,249,282,251,-1,237,274,290,-1,237,290,239,-1,239,290,291,-1,239,291,241,-1,241,291,286,-1,241,286,243,-1,
        ]
    }
}
Shape{
    appearance Appearance {
        material  Material 	{
            diffuseColor 1.0 1.0 1.0
            specularColor 0.5019607843137255 0.5019607843137255 0.5019607843137255
            ambientIntensity 1.0
            transparency 0.0
            shininess 0.5
        }
    }
    geometry IndexedFaceSet {
        ccw TRUE
        solid FALSE
        coord DEF co Coordinate {
            point [
                -0.5098 -2.3734 0.8307, -0.5098 -2.4763 0.8307, -0.4897 -2.3734 0.8307, -0.4905 -2.4763 0.8307, -0.4721 -2.4741 0.8307, -0.461 -2.4698 0.8307, -0.4524 -2.4639 0.8307, -0.4508 -2.4623 0.8307, -0.4442 -2.4541 0.8307, -0.4396 -2.4442 0.8307, -0.4365 -2.4235 0.8307, -0.4512 -2.3859 0.8307, -0.4604 -2.3797 0.8307, -0.4385 -2.407 0.8307, -0.4422 -2.3972 0.8307, -0.4474 -2.3897 0.8307, -0.437 -2.432 0.8307, -0.4718 -2.3754 0.8307
            ]
        }
        coordIndex [
            0,1,2,-1,2,1,3,-1,3,4,2,-1,2,4,5,-1,2,5,6,-1,6,7,2,-1,2,7,8,-1,2,8,9,-1,10,11,12,-1,13,14,10,-1,10,14,15,-1,10,15,11,-1,9,16,2,-1,2,16,10,-1,2,10,17,-1,17,10,12,-1,
        ]
    }
}
Shape{
    appearance Appearance {
        material  Material 	{
            diffuseColor 0.0 0.0 0.0
            specularColor 0.0 0.0 0.0
            ambientIntensity 0.0
            transparency 0.0
            shininess 0.5
        }
    }
    geometry IndexedFaceSet {
        ccw TRUE
        solid FALSE
        coord DEF co Coordinate {
            point [
                -0.3737 -2.4399 0.8346, -0.3792 -2.455 0.8346, -0.3289 -2.4399 0.8346, -0.3236 -2.455 0.8346, -0.3537 -2.3844 0.8346, -0.3602 -2.358 0.8346, -0.411 -2.4915 0.8346, -0.392 -2.4915 0.8346, -0.3526 -2.3805 0.8346, -0.3516 -2.3751 0.8346, -0.3418 -2.358 0.8346, -0.3511 -2.3751 0.8346, -0.3501 -2.3807 0.8346, -0.3491 -2.3844 0.8346, -0.2909 -2.4915 0.8346, -0.31 -2.4915 0.8346, -0.3418 -2.358 0.8307, -0.2909 -2.4915 0.8307, -0.3602 -2.358 0.8307, -0.411 -2.4915 0.8307, -0.392 -2.4915 0.8307, -0.3792 -2.455 0.8307, -0.3236 -2.455 0.8307, -0.31 -2.4915 0.8307, -0.3737 -2.4399 0.8307, -0.3289 -2.4399 0.8307, -0.3491 -2.3844 0.8307, -0.3511 -2.3751 0.8307, -0.3501 -2.3807 0.8307, -0.3516 -2.3751 0.8307, -0.3537 -2.3844 0.8307, -0.3526 -2.3805 0.8307
            ]
        }
        coordIndex [
            0,1,2,-1,2,1,3,-1,4,5,0,-1,0,5,6,-1,0,6,1,-1,1,6,7,-1,4,8,5,-1,5,8,9,-1,5,9,10,-1,10,9,11,-1,10,11,12,-1,12,13,10,-1,10,13,2,-1,10,2,14,-1,14,2,3,-1,14,3,15,-1,10,14,16,-1,16,14,17,-1,5,10,18,-1,18,10,16,-1,6,5,19,-1,19,5,18,-1,7,6,20,-1,20,6,19,-1,1,7,21,-1,21,7,20,-1,3,1,22,-1,22,1,21,-1,15,3,23,-1,23,3,22,-1,14,15,17,-1,17,15,23,-1,0,2,24,-1,24,2,25,-1,2,13,25,-1,25,13,26,-1,11,27,28,-1,11,28,12,-1,12,28,26,-1,12,26,13,-1,11,9,27,-1,27,9,29,-1,4,30,31,-1,4,31,8,-1,8,31,29,-1,8,29,9,-1,4,0,30,-1,30,0,24,-1,
        ]
    }
}
Shape{
    appearance Appearance {
        material  Material 	{
            diffuseColor 1.0 1.0 1.0
            specularColor 0.5019607843137255 0.5019607843137255 0.5019607843137255
            ambientIntensity 1.0
            transparency 0.0
            shininess 0.5
        }
    }
    geometry IndexedFaceSet {
        ccw TRUE
        solid FALSE
        coord DEF co Coordinate {
            point [
                -0.3511 -2.3751 0.8307, -0.3516 -2.3751 0.8307, -0.3501 -2.3807 0.8307, -0.3526 -2.3805 0.8307, -0.3491 -2.3844 0.8307, -0.3537 -2.3844 0.8307, -0.3289 -2.4399 0.8307, -0.3737 -2.4399 0.8307
            ]
        }
        coordIndex [
            0,1,2,-1,2,1,3,-1,2,3,4,-1,4,3,5,-1,4,5,6,-1,6,5,7,-1,
        ]
    }
}
Shape{
    appearance Appearance {
        material  Material 	{
            diffuseColor 0.0 0.0 0.0
            specularColor 0.0 0.0 0.0
            ambientIntensity 0.0
            transparency 0.0
            shininess 0.5
        }
    }
    geometry IndexedFaceSet {
        ccw TRUE
        solid FALSE
        coord DEF co Coordinate {
            point [
                -1.583 -2.5104 0.8346, -1.5689 -2.5278 0.8346, -1.5916 -2.4265 0.8346, -1.6081 -2.2616 0.8346, -1.5869 -2.2504 0.8346, -1.5919 -2.192 0.8346, -1.5327 -2.1893 0.8346, -1.5033 -2.2585 0.8346, -1.4888 -2.2285 0.8346, -1.6122 -2.4137 0.8346, -1.6045 -2.4865 0.8346, -1.5925 -2.49 0.8346, -1.5546 -2.1874 0.8346, -1.4954 -2.4245 0.8346, -1.4866 -2.4276 0.8346, -1.4075 -2.4502 0.8346, -1.479 -2.4328 0.8346, -1.4729 -2.4396 0.8346, -1.2747 -2.38 0.8346, -1.3041 -2.3297 0.8346, -1.4312 -2.3961 0.8346, -1.5033 -2.4236 0.8346, -1.5126 -2.4248 0.8346, -1.525 -2.3666 0.8346, -1.5209 -2.4281 0.8346, -1.546 -2.3747 0.8346, -1.5283 -2.4334 0.8346, -1.5654 -2.3882 0.8346, -1.5321 -2.4373 0.8346, -1.5811 -2.4061 0.8346, -1.537 -2.4452 0.8346, -1.5398 -2.4541 0.8346, -1.5402 -2.4634 0.8346, -1.4679 -2.3702 0.8346, -1.4908 -2.3645 0.8346, -1.5024 -2.3639 0.8346, -1.4687 -2.4474 0.8346, -1.4666 -2.4562 0.8346, -1.4075 -2.4597 0.8346, -1.4666 -2.4649 0.8346, -1.408 -2.4696 0.8346, -1.2433 -2.2861 0.8346, -1.2358 -2.2861 0.8346, -1.1969 -2.2348 0.8346, -1.2177 -2.2883 0.8346, -1.1922 -2.2364 0.8346, -1.2011 -2.2947 0.8346, -1.164 -2.2504 0.8346, -1.1382 -2.2722 0.8346, -1.5133 -2.1666 0.8346, -1.4675 -2.2031 0.8346, -1.491 -2.1475 0.8346, -1.4421 -2.1845 0.8346, -1.466 -2.1322 0.8346, -1.5635 -2.2448 0.8346, -1.5536 -2.2443 0.8346, -1.5436 -2.188 0.8346, -1.5313 -2.2471 0.8346, -1.51 -2.2549 0.8346, -1.4478 -2.381 0.8346, -1.138 -2.4492 0.8346, -1.1822 -2.4116 0.8346, -1.1638 -2.4711 0.8346, -1.1963 -2.423 0.8346, -1.1928 -2.4853 0.8346, -1.213 -2.4308 0.8346, -1.2244 -2.4919 0.8346, -1.2301 -2.4341 0.8346, -1.2803 -2.4919 0.8346, -1.2728 -2.4341 0.8346, -1.2857 -2.4911 0.8346, -1.5385 -2.4723 0.8346, -1.5347 -2.4802 0.8346, -1.1864 -2.3049 0.8346, -1.1755 -2.3171 0.8346, -1.1189 -2.2991 0.8346, -1.1667 -2.3335 0.8346, -1.1073 -2.3281 0.8346, -1.1622 -2.3517 0.8346, -1.1029 -2.3591 0.8346, -1.1617 -2.3601 0.8346, -1.1073 -2.393 0.8346, -1.164 -2.3785 0.8346, -1.1192 -2.423 0.8346, -1.1706 -2.3955 0.8346, -1.181 -2.4103 0.8346, -1.2481 -2.1599 0.8346, -1.2852 -2.2035 0.8346, -1.2164 -2.1965 0.8346, -1.2638 -2.229 0.8346, -1.2492 -2.2596 0.8346, -1.6457 -2.3162 0.8346, -1.708 -2.332 0.8346, -1.6485 -2.3392 0.8346, -1.7083 -2.3411 0.8346, -1.6473 -2.3538 0.8346, -1.7037 -2.3782 0.8346, -1.6405 -2.3771 0.8346, -1.6901 -2.4136 0.8346, -1.6293 -2.3963 0.8346, -1.6684 -2.4445 0.8346, -1.6388 -2.4698 0.8346, -1.4136 -2.493 0.8346, -1.4688 -2.474 0.8346, -1.4248 -2.5142 0.8346, -1.4732 -2.4821 0.8346, -1.4393 -2.5304 0.8346, -1.4784 -2.488 0.8346, -1.4582 -2.5436 0.8346, -1.4856 -2.4931 0.8346, -1.4794 -2.5517 0.8346, -1.4938 -2.4964 0.8346, -1.5024 -2.5546 0.8346, -1.5033 -2.4976 0.8346, -1.506 -2.5545 0.8346, -1.5049 -2.4976 0.8346, -1.5284 -2.551 0.8346, -1.5135 -2.4962 0.8346, -1.5503 -2.5418 0.8346, -1.522 -2.4925 0.8346, -1.5293 -2.487 0.8346, -1.4221 -2.1158 0.8346, -1.4111 -2.172 0.8346, -1.3771 -2.1105 0.8346, -1.3762 -2.1674 0.8346, -1.3345 -2.1154 0.8346, -1.344 -2.1714 0.8346, -1.2872 -2.1331 0.8346, -1.3142 -2.1828 0.8346, -1.2876 -2.2013 0.8346, -1.6271 -2.2056 0.8346, -1.6573 -2.2269 0.8346, -1.6244 -2.2761 0.8346, -1.6637 -2.2329 0.8346, -1.6375 -2.295 0.8346, -1.6865 -2.2622 0.8346, -1.7016 -2.2963 0.8346, -1.2775 -2.4332 0.8346, -1.3003 -2.482 0.8346, -1.2981 -2.4842 0.8346, -1.2747 -2.4338 0.8346, -1.292 -2.4886 0.8346, -1.3079 -2.4625 0.8346, -1.307 -2.4696 0.8346, -1.3045 -2.476 0.8346, -1.2858 -2.4341 0.8346, -1.2923 -2.4366 0.8346, -1.3076 -2.4588 0.8346, -1.2981 -2.4408 0.8346, -1.3021 -2.4451 0.8346, -1.3057 -2.4516 0.8346, -1.2784 -2.4331 0.8346, -1.132 -2.2809 0.8307, -1.1189 -2.2991 0.8307, -1.1105 -2.32 0.8307, -1.1073 -2.3281 0.8307, -1.1029 -2.3591 0.8307, -1.1382 -2.2722 0.8307, -1.164 -2.2504 0.8307, -1.1922 -2.2364 0.8307, -1.1969 -2.2348 0.8307, -1.2164 -2.1965 0.8307, -1.2481 -2.1599 0.8307, -1.3299 -2.1171 0.8307, -1.2872 -2.1331 0.8307, -1.2695 -2.1452 0.8307, -1.3345 -2.1154 0.8307, -1.3771 -2.1105 0.8307, -1.4221 -2.1158 0.8307, -1.466 -2.1322 0.8307, -1.4872 -2.1452 0.8307, -1.491 -2.1475 0.8307, -1.5133 -2.1666 0.8307, -1.5327 -2.1893 0.8307, -1.5436 -2.188 0.8307, -1.5546 -2.1874 0.8307, -1.5919 -2.192 0.8307, -1.6271 -2.2056 0.8307, -1.6573 -2.2269 0.8307, -1.6637 -2.2329 0.8307, -1.7083 -2.3411 0.8307, -1.6865 -2.2622 0.8307, -1.6948 -2.2809 0.8307, -1.7016 -2.2963 0.8307, -1.7059 -2.32 0.8307, -1.708 -2.332 0.8307, -1.7037 -2.3782 0.8307, -1.6901 -2.4136 0.8307, -1.6684 -2.4445 0.8307, -1.6388 -2.4698 0.8307, -1.6045 -2.4865 0.8307, -1.5925 -2.49 0.8307, -1.5913 -2.4926 0.8307, -1.583 -2.5104 0.8307, -1.5689 -2.5278 0.8307, -1.5503 -2.5418 0.8307, -1.5416 -2.5455 0.8307, -1.5284 -2.551 0.8307, -1.506 -2.5545 0.8307, -1.5024 -2.5546 0.8307, -1.4075 -2.4597 0.8307, -1.4794 -2.5517 0.8307, -1.4631 -2.5455 0.8307, -1.4582 -2.5436 0.8307, -1.4393 -2.5304 0.8307, -1.4248 -2.5142 0.8307, -1.4136 -2.493 0.8307, -1.4135 -2.4926 0.8307, -1.408 -2.4696 0.8307, -1.4075 -2.4502 0.8307, -1.2747 -2.38 0.8307, -1.3299 -2.4092 0.8307, -1.3041 -2.3297 0.8307, -1.4312 -2.3961 0.8307, -1.3299 -2.3432 0.8307, -1.4478 -2.381 0.8307, -1.4679 -2.3702 0.8307, -1.4908 -2.3645 0.8307, -1.5024 -2.3639 0.8307, -1.525 -2.3666 0.8307, -1.546 -2.3747 0.8307, -1.5654 -2.3882 0.8307, -1.5811 -2.4061 0.8307, -1.5916 -2.4265 0.8307, -1.6122 -2.4137 0.8307, -1.6293 -2.3963 0.8307, -1.6405 -2.3771 0.8307, -1.6473 -2.3538 0.8307, -1.6485 -2.3392 0.8307, -1.6461 -2.32 0.8307, -1.6457 -2.3162 0.8307, -1.6375 -2.295 0.8307, -1.6277 -2.2809 0.8307, -1.6244 -2.2761 0.8307, -1.6081 -2.2616 0.8307, -1.5869 -2.2504 0.8307, -1.5635 -2.2448 0.8307, -1.5536 -2.2443 0.8307, -1.5313 -2.2471 0.8307, -1.51 -2.2549 0.8307, -1.5033 -2.2585 0.8307, -1.4888 -2.2285 0.8307, -1.4675 -2.2031 0.8307, -1.4421 -2.1845 0.8307, -1.4111 -2.172 0.8307, -1.3762 -2.1674 0.8307, -1.344 -2.1714 0.8307, -1.3299 -2.1768 0.8307, -1.3142 -2.1828 0.8307, -1.2876 -2.2013 0.8307, -1.2852 -2.2035 0.8307, -1.2638 -2.229 0.8307, -1.2492 -2.2596 0.8307, -1.2445 -2.2809 0.8307, -1.2433 -2.2861 0.8307, -1.2358 -2.2861 0.8307, -1.2177 -2.2883 0.8307, -1.2011 -2.2947 0.8307, -1.1864 -2.3049 0.8307, -1.1755 -2.3171 0.8307, -1.1739 -2.32 0.8307, -1.1667 -2.3335 0.8307, -1.1622 -2.3517 0.8307, -1.1617 -2.3601 0.8307, -1.164 -2.3785 0.8307, -1.1706 -2.3955 0.8307, -1.181 -2.4103 0.8307, -1.1822 -2.4116 0.8307, -1.1963 -2.423 0.8307, -1.213 -2.4308 0.8307, -1.2301 -2.4341 0.8307, -1.2728 -2.4341 0.8307, -1.2747 -2.4338 0.8307, -1.2775 -2.4332 0.8307, -1.2784 -2.4331 0.8307, -1.2858 -2.4341 0.8307, -1.2923 -2.4366 0.8307, -1.2981 -2.4408 0.8307, -1.3021 -2.4451 0.8307, -1.3057 -2.4516 0.8307, -1.3076 -2.4588 0.8307, -1.3079 -2.4625 0.8307, -1.307 -2.4696 0.8307, -1.3045 -2.476 0.8307, -1.3003 -2.482 0.8307, -1.2981 -2.4842 0.8307, -1.292 -2.4886 0.8307, -1.2857 -2.4911 0.8307, -1.2803 -2.4919 0.8307, -1.2244 -2.4919 0.8307, -1.1928 -2.4853 0.8307, -1.1638 -2.4711 0.8307, -1.138 -2.4492 0.8307, -1.1192 -2.423 0.8307, -1.1073 -2.393 0.8307, -1.5033 -2.4236 0.8307, -1.4954 -2.4245 0.8307, -1.4866 -2.4276 0.8307, -1.479 -2.4328 0.8307, -1.4729 -2.4396 0.8307, -1.4687 -2.4474 0.8307, -1.4666 -2.4562 0.8307, -1.4666 -2.4649 0.8307, -1.4688 -2.474 0.8307, -1.4732 -2.4821 0.8307, -1.4784 -2.488 0.8307, -1.4856 -2.4931 0.8307, -1.4938 -2.4964 0.8307, -1.5033 -2.4976 0.8307, -1.5049 -2.4976 0.8307, -1.5135 -2.4962 0.8307, -1.522 -2.4925 0.8307, -1.5293 -2.487 0.8307, -1.5347 -2.4802 0.8307, -1.5385 -2.4723 0.8307, -1.5402 -2.4634 0.8307, -1.5398 -2.4541 0.8307, -1.537 -2.4452 0.8307, -1.5321 -2.4373 0.8307, -1.5283 -2.4334 0.8307, -1.5209 -2.4281 0.8307, -1.5126 -2.4248 0.8307
            ]
        }
        coordIndex [
            0,1,2,-1,3,4,5,-1,6,7,8,-1,9,10,2,-1,2,10,11,-1,2,11,0,-1,5,4,12,-1,13,14,15,-1,15,14,16,-1,15,16,17,-1,18,19,15,-1,15,19,20,-1,15,20,13,-1,13,20,21,-1,22,23,24,-1,24,23,25,-1,24,25,26,-1,26,25,27,-1,26,27,28,-1,28,27,29,-1,28,29,30,-1,30,29,2,-1,30,2,31,-1,31,2,32,-1,33,34,22,-1,22,34,35,-1,22,35,23,-1,17,36,15,-1,15,36,37,-1,15,37,38,-1,38,37,39,-1,38,39,40,-1,41,42,43,-1,43,42,44,-1,43,44,45,-1,45,44,46,-1,45,46,47,-1,47,46,48,-1,6,8,49,-1,49,8,50,-1,49,50,51,-1,51,50,52,-1,51,52,53,-1,4,54,12,-1,12,54,55,-1,12,55,56,-1,56,55,57,-1,56,57,6,-1,6,57,58,-1,6,58,7,-1,21,20,22,-1,22,20,59,-1,22,59,33,-1,60,61,62,-1,62,61,63,-1,62,63,64,-1,64,63,65,-1,64,65,66,-1,66,65,67,-1,66,67,68,-1,68,67,69,-1,68,69,70,-1,32,2,71,-1,71,2,1,-1,71,1,72,-1,46,73,48,-1,48,73,74,-1,48,74,75,-1,75,74,76,-1,75,76,77,-1,77,76,78,-1,77,78,79,-1,79,78,80,-1,79,80,81,-1,81,80,82,-1,81,82,83,-1,83,82,84,-1,83,84,60,-1,60,84,85,-1,60,85,61,-1,86,87,88,-1,88,87,89,-1,88,89,43,-1,43,89,90,-1,43,90,41,-1,91,92,93,-1,93,92,94,-1,93,94,95,-1,95,94,96,-1,95,96,97,-1,97,96,98,-1,97,98,99,-1,99,98,100,-1,99,100,9,-1,9,100,101,-1,9,101,10,-1,40,39,102,-1,102,39,103,-1,102,103,104,-1,104,103,105,-1,104,105,106,-1,106,105,107,-1,106,107,108,-1,108,107,109,-1,108,109,110,-1,110,109,111,-1,110,111,112,-1,112,111,113,-1,112,113,114,-1,114,113,115,-1,114,115,116,-1,116,115,117,-1,116,117,118,-1,118,117,119,-1,118,119,1,-1,1,119,120,-1,1,120,72,-1,53,52,121,-1,121,52,122,-1,121,122,123,-1,123,122,124,-1,123,124,125,-1,125,124,126,-1,125,126,127,-1,127,126,128,-1,127,128,86,-1,86,128,129,-1,86,129,87,-1,5,130,3,-1,3,130,131,-1,3,131,132,-1,132,131,133,-1,132,133,134,-1,134,133,135,-1,134,135,91,-1,91,135,136,-1,91,136,92,-1,137,138,139,-1,69,140,70,-1,70,140,137,-1,70,137,141,-1,141,137,139,-1,142,143,137,-1,137,143,144,-1,137,144,138,-1,145,146,147,-1,146,148,147,-1,147,148,149,-1,147,149,150,-1,142,137,147,-1,147,137,151,-1,147,151,145,-1,152,48,153,-1,153,48,75,-1,153,75,154,-1,154,75,77,-1,154,77,155,-1,155,77,79,-1,155,79,156,-1,152,157,48,-1,48,157,158,-1,48,158,47,-1,47,158,159,-1,47,159,45,-1,45,159,160,-1,45,160,43,-1,43,160,161,-1,43,161,88,-1,88,161,162,-1,88,162,86,-1,163,125,164,-1,164,125,127,-1,164,127,165,-1,165,127,86,-1,165,86,162,-1,163,166,125,-1,125,166,167,-1,125,167,123,-1,123,167,168,-1,123,168,121,-1,121,168,169,-1,121,169,53,-1,53,169,51,-1,51,169,170,-1,51,170,171,-1,51,171,172,-1,51,172,49,-1,49,172,173,-1,49,173,6,-1,6,173,174,-1,6,174,56,-1,56,174,175,-1,56,175,12,-1,12,175,176,-1,12,176,5,-1,5,176,177,-1,5,177,130,-1,130,177,178,-1,130,178,131,-1,131,178,179,-1,131,179,133,-1,180,94,92,-1,133,179,181,-1,133,181,135,-1,135,181,182,-1,135,182,136,-1,182,183,136,-1,136,183,184,-1,136,184,92,-1,92,184,185,-1,92,185,180,-1,94,180,186,-1,94,186,96,-1,96,186,187,-1,96,187,98,-1,98,187,188,-1,98,188,100,-1,100,188,189,-1,100,189,101,-1,101,189,190,-1,101,190,10,-1,10,190,191,-1,10,191,11,-1,11,191,192,-1,11,192,0,-1,192,193,0,-1,0,193,194,-1,0,194,1,-1,1,194,195,-1,1,195,118,-1,118,195,196,-1,118,196,116,-1,196,197,116,-1,116,197,198,-1,116,198,114,-1,114,198,199,-1,114,199,112,-1,200,38,40,-1,112,199,201,-1,202,108,201,-1,201,108,110,-1,201,110,112,-1,202,203,108,-1,108,203,204,-1,108,204,106,-1,106,204,205,-1,106,205,104,-1,104,205,206,-1,104,206,102,-1,102,206,207,-1,102,207,40,-1,40,207,208,-1,40,208,200,-1,15,38,209,-1,209,38,200,-1,210,18,211,-1,211,18,15,-1,211,15,209,-1,19,18,212,-1,212,18,210,-1,213,20,214,-1,214,20,19,-1,214,19,212,-1,20,213,215,-1,20,215,59,-1,59,215,216,-1,59,216,33,-1,33,216,217,-1,33,217,34,-1,34,217,218,-1,34,218,35,-1,35,218,219,-1,35,219,23,-1,23,219,220,-1,23,220,25,-1,25,220,221,-1,25,221,27,-1,27,221,222,-1,27,222,29,-1,29,222,223,-1,29,223,2,-1,2,223,224,-1,2,224,9,-1,9,224,225,-1,9,225,99,-1,99,225,226,-1,99,226,97,-1,97,226,227,-1,97,227,95,-1,95,227,228,-1,95,228,93,-1,91,93,228,-1,228,229,91,-1,91,229,230,-1,91,230,231,-1,232,132,231,-1,231,132,134,-1,231,134,91,-1,232,233,132,-1,132,233,234,-1,132,234,3,-1,3,234,235,-1,3,235,4,-1,4,235,236,-1,4,236,54,-1,54,236,237,-1,54,237,55,-1,55,237,238,-1,55,238,57,-1,57,238,239,-1,57,239,58,-1,58,239,240,-1,58,240,7,-1,7,240,241,-1,7,241,8,-1,8,241,242,-1,8,242,50,-1,50,242,243,-1,50,243,52,-1,52,243,244,-1,52,244,122,-1,122,244,245,-1,122,245,124,-1,124,245,246,-1,124,246,126,-1,126,246,247,-1,126,247,128,-1,247,248,128,-1,128,248,249,-1,128,249,129,-1,129,249,250,-1,129,250,87,-1,87,250,251,-1,87,251,89,-1,89,251,252,-1,89,252,90,-1,90,252,41,-1,41,252,253,-1,41,253,254,-1,42,41,255,-1,255,41,254,-1,42,255,256,-1,42,256,44,-1,44,256,257,-1,44,257,46,-1,46,257,258,-1,46,258,73,-1,73,258,259,-1,73,259,74,-1,74,259,260,-1,74,260,76,-1,260,261,76,-1,76,261,262,-1,76,262,78,-1,78,262,263,-1,78,263,80,-1,80,263,264,-1,80,264,82,-1,82,264,265,-1,82,265,84,-1,84,265,266,-1,84,266,85,-1,85,266,267,-1,85,267,61,-1,61,267,268,-1,61,268,63,-1,63,268,269,-1,63,269,65,-1,65,269,270,-1,65,270,67,-1,69,67,271,-1,271,67,270,-1,69,271,272,-1,69,272,140,-1,140,272,273,-1,140,273,137,-1,137,273,274,-1,137,274,151,-1,151,274,275,-1,151,275,145,-1,145,275,276,-1,145,276,146,-1,146,276,277,-1,146,277,148,-1,148,277,278,-1,148,278,149,-1,149,278,279,-1,149,279,150,-1,150,279,280,-1,150,280,147,-1,147,280,281,-1,147,281,142,-1,142,281,282,-1,142,282,143,-1,143,282,283,-1,143,283,144,-1,144,283,284,-1,144,284,138,-1,138,284,285,-1,138,285,139,-1,139,285,286,-1,139,286,141,-1,141,286,287,-1,141,287,70,-1,70,287,288,-1,70,288,68,-1,66,68,289,-1,289,68,288,-1,66,289,290,-1,66,290,64,-1,64,290,291,-1,64,291,62,-1,62,291,292,-1,62,292,60,-1,60,292,293,-1,60,293,83,-1,83,293,294,-1,83,294,81,-1,81,294,156,-1,81,156,79,-1,21,295,296,-1,21,296,13,-1,13,296,297,-1,13,297,14,-1,14,297,298,-1,14,298,16,-1,16,298,299,-1,16,299,17,-1,17,299,300,-1,17,300,36,-1,36,300,301,-1,36,301,37,-1,37,301,302,-1,37,302,39,-1,39,302,303,-1,39,303,103,-1,103,303,304,-1,103,304,105,-1,105,304,305,-1,105,305,107,-1,107,305,306,-1,107,306,109,-1,109,306,307,-1,109,307,111,-1,111,307,308,-1,111,308,113,-1,113,308,309,-1,113,309,115,-1,115,309,310,-1,115,310,117,-1,117,310,311,-1,117,311,119,-1,119,311,312,-1,119,312,120,-1,120,312,313,-1,120,313,72,-1,72,313,314,-1,72,314,71,-1,71,314,315,-1,71,315,32,-1,32,315,316,-1,32,316,31,-1,31,316,317,-1,31,317,30,-1,30,317,318,-1,30,318,28,-1,28,318,319,-1,28,319,26,-1,26,319,320,-1,26,320,24,-1,24,320,321,-1,24,321,22,-1,22,321,295,-1,22,295,21,-1,
        ]
    }
}
Shape{
    appearance Appearance {
        material  Material 	{
            diffuseColor 1.0 1.0 1.0
            specularColor 0.5019607843137255 0.5019607843137255 0.5019607843137255
            ambientIntensity 1.0
            transparency 0.0
            shininess 0.5
        }
    }
    geometry IndexedFaceSet {
        ccw TRUE
        solid FALSE
        coord DEF co Coordinate {
            point [
                -1.5049 -2.4976 0.8307, -1.5283 -2.4334 0.8307, -1.5321 -2.4373 0.8307, -1.4938 -2.4964 0.8307, -1.4856 -2.4931 0.8307, -1.4954 -2.4245 0.8307, -1.5033 -2.4236 0.8307, -1.5126 -2.4248 0.8307, -1.5209 -2.4281 0.8307, -1.5385 -2.4723 0.8307, -1.5347 -2.4802 0.8307, -1.5293 -2.487 0.8307, -1.5033 -2.4976 0.8307, -1.537 -2.4452 0.8307, -1.5398 -2.4541 0.8307, -1.5402 -2.4634 0.8307, -1.522 -2.4925 0.8307, -1.5135 -2.4962 0.8307, -1.4784 -2.488 0.8307, -1.4732 -2.4821 0.8307, -1.4688 -2.474 0.8307, -1.4666 -2.4649 0.8307, -1.4666 -2.4562 0.8307, -1.4687 -2.4474 0.8307, -1.4729 -2.4396 0.8307, -1.479 -2.4328 0.8307, -1.4866 -2.4276 0.8307
            ]
        }
        coordIndex [
            0,1,2,-1,3,4,5,-1,6,7,0,-1,0,7,8,-1,0,8,1,-1,9,10,2,-1,2,10,11,-1,6,0,5,-1,5,0,12,-1,5,12,3,-1,13,14,2,-1,2,14,15,-1,2,15,9,-1,11,16,2,-1,2,16,17,-1,2,17,0,-1,4,18,5,-1,5,18,19,-1,5,19,20,-1,20,21,5,-1,5,21,22,-1,5,22,23,-1,23,24,5,-1,5,24,25,-1,5,25,26,-1,
        ]
    }
}