ISO-10303-21;
HEADER;
FILE_DESCRIPTION(('KiCad electronic assembly'),'2;1');
FILE_NAME('4positionStickstep.step','2026-08-25T20:14:23',('Pcbnew'),(
    'Kicad'),'Open CASCADE STEP processor 7.9','KiCad to STEP converter'
  ,'Unknown');
FILE_SCHEMA(('AUTOMOTIVE_DESIGN { 1 0 10303 214 1 1 1 1 }'));
ENDSEC;
DATA;
#1 = APPLICATION_PROTOCOL_DEFINITION('international standard',
  'automotive_design',2000,#2);
#2 = APPLICATION_CONTEXT(
  'core data for automotive mechanical design processes');
#3 = SHAPE_DEFINITION_REPRESENTATION(#4,#10);
#4 = PRODUCT_DEFINITION_SHAPE('','',#5);
#5 = PRODUCT_DEFINITION('design','',#6,#9);
#6 = PRODUCT_DEFINITION_FORMATION('','',#7);
#7 = PRODUCT('4positionStickstep 1','4positionStickstep 1','',(#8));
#8 = PRODUCT_CONTEXT('',#2,'mechanical');
#9 = PRODUCT_DEFINITION_CONTEXT('part definition',#2,'design');
#10 = SHAPE_REPRESENTATION('',(#11,#15,#19),#23);
#11 = AXIS2_PLACEMENT_3D('',#12,#13,#14);
#12 = CARTESIAN_POINT('',(0.,0.,0.));
#13 = DIRECTION('',(0.,0.,1.));
#14 = DIRECTION('',(1.,0.,-0.));
#15 = AXIS2_PLACEMENT_3D('',#16,#17,#18);
#16 = CARTESIAN_POINT('',(131.25,-79.25,1.595));
#17 = DIRECTION('',(0.,-0.,1.));
#18 = DIRECTION('',(0.707106781187,0.707106781187,0.));
#19 = AXIS2_PLACEMENT_3D('',#20,#21,#22);
#20 = CARTESIAN_POINT('',(0.,0.,0.));
#21 = DIRECTION('',(0.,0.,1.));
#22 = DIRECTION('',(1.,0.,-0.));
#23 = ( GEOMETRIC_REPRESENTATION_CONTEXT(3) 
GLOBAL_UNCERTAINTY_ASSIGNED_CONTEXT((#27)) GLOBAL_UNIT_ASSIGNED_CONTEXT(
(#24,#25,#26)) REPRESENTATION_CONTEXT('Context #1',
  '3D Context with UNIT and UNCERTAINTY') );
#24 = ( LENGTH_UNIT() NAMED_UNIT(*) SI_UNIT(.MILLI.,.METRE.) );
#25 = ( NAMED_UNIT(*) PLANE_ANGLE_UNIT() SI_UNIT($,.RADIAN.) );
#26 = ( NAMED_UNIT(*) SI_UNIT($,.STERADIAN.) SOLID_ANGLE_UNIT() );
#27 = UNCERTAINTY_MEASURE_WITH_UNIT(LENGTH_MEASURE(1.E-07),#24,
  'distance_accuracy_value','confusion accuracy');
#28 = PRODUCT_RELATED_PRODUCT_CATEGORY('part',$,(#7));
#29 = SHAPE_DEFINITION_REPRESENTATION(#30,#36);
#30 = PRODUCT_DEFINITION_SHAPE('','',#31);
#31 = PRODUCT_DEFINITION('design','',#32,#35);
#32 = PRODUCT_DEFINITION_FORMATION('','',#33);
#33 = PRODUCT('SW-SMD_SKRHABE010','SW-SMD_SKRHABE010','',(#34));
#34 = PRODUCT_CONTEXT('',#2,'mechanical');
#35 = PRODUCT_DEFINITION_CONTEXT('part definition',#2,'design');
#36 = SHAPE_REPRESENTATION('',(#11,#37),#41);
#37 = AXIS2_PLACEMENT_3D('',#38,#39,#40);
#38 = CARTESIAN_POINT('',(0.,0.,0.));
#39 = DIRECTION('',(0.,0.,1.));
#40 = DIRECTION('',(1.,0.,-0.));
#41 = ( GEOMETRIC_REPRESENTATION_CONTEXT(3) 
GLOBAL_UNCERTAINTY_ASSIGNED_CONTEXT((#45)) GLOBAL_UNIT_ASSIGNED_CONTEXT(
(#42,#43,#44)) REPRESENTATION_CONTEXT('Context #1',
  '3D Context with UNIT and UNCERTAINTY') );
#42 = ( LENGTH_UNIT() NAMED_UNIT(*) SI_UNIT(.MILLI.,.METRE.) );
#43 = ( NAMED_UNIT(*) PLANE_ANGLE_UNIT() SI_UNIT($,.RADIAN.) );
#44 = ( NAMED_UNIT(*) SI_UNIT($,.STERADIAN.) SOLID_ANGLE_UNIT() );
#45 = UNCERTAINTY_MEASURE_WITH_UNIT(LENGTH_MEASURE(1.E-07),#42,
  'distance_accuracy_value','confusion accuracy');
#46 = CONTEXT_DEPENDENT_SHAPE_REPRESENTATION(#47,#49);
#47 = ( REPRESENTATION_RELATIONSHIP('','',#36,#10) 
REPRESENTATION_RELATIONSHIP_WITH_TRANSFORMATION(#48) 
SHAPE_REPRESENTATION_RELATIONSHIP() );
#48 = ITEM_DEFINED_TRANSFORMATION('','',#11,#15);
#49 = PRODUCT_DEFINITION_SHAPE('Placement','Placement of an item',#50);
#50 = NEXT_ASSEMBLY_USAGE_OCCURRENCE('2','SW1','',#5,#31,$);
#51 = PRODUCT_RELATED_PRODUCT_CATEGORY('part',$,(#33));
#52 = SHAPE_DEFINITION_REPRESENTATION(#53,#59);
#53 = PRODUCT_DEFINITION_SHAPE('','',#54);
#54 = PRODUCT_DEFINITION('design','',#55,#58);
#55 = PRODUCT_DEFINITION_FORMATION('','',#56);
#56 = PRODUCT('SW-SMD_SKRHABE010','SW-SMD_SKRHABE010','',(#57));
#57 = PRODUCT_CONTEXT('',#2,'mechanical');
#58 = PRODUCT_DEFINITION_CONTEXT('part definition',#2,'design');
#59 = SHAPE_REPRESENTATION('',(#11,#60,#8303,#8519,#9071,#9485,#10017,
    #10513,#10927,#11759,#12584,#13127,#13541,#14073,#14569),#15938);
#60 = MANIFOLD_SOLID_BREP('',#61);
#61 = CLOSED_SHELL('',(#62,#113,#157,#189,#221,#263,#305,#377,#449,#521,
    #607,#899,#939,#979,#1019,#1059,#1351,#1373,#1422,#1471,#1525,#1579,
    #1591,#1647,#1687,#1750,#1813,#1844,#1875,#1929,#2120,#2137,#2161,
    #2208,#2232,#2416,#2433,#2450,#2467,#2484,#2501,#2525,#2542,#2559,
    #2576,#2625,#3311,#3379,#3426,#3473,#3513,#3553,#3585,#3609,#3626,
    #3652,#3683,#3700,#3725,#3751,#3782,#3799,#3825,#3856,#3887,#3899,
    #3922,#3939,#3951,#3974,#3991,#4003,#4020,#4032,#4056,#4080,#4104,
    #4121,#4134,#4158,#4182,#4206,#4223,#4236,#4253,#4265,#4289,#4313,
    #4337,#4354,#4367,#4391,#4415,#4439,#4456,#4469,#4486,#4503,#4515,
    #4537,#4549,#4561,#4573,#4590,#4602,#4619,#4631,#4648,#4660,#4677,
    #4689,#4701,#4732,#4756,#4780,#4804,#4828,#4845,#4859,#4890,#4914,
    #4938,#4962,#4986,#5010,#5034,#5051,#5125,#5156,#5180,#5218,#5242,
    #5280,#5297,#5328,#5352,#5376,#5450,#5517,#5604,#5635,#5709,#5783,
    #5807,#5824,#5855,#5879,#5903,#5927,#5951,#5975,#5999,#6023,#6047,
    #6071,#6095,#6112,#6132,#6163,#6213,#6287,#6361,#6411,#6435,#6485,
    #6559,#6633,#6676,#6694,#6708,#6721,#6752,#6783,#6809,#6826,#7092,
    #7109,#7133,#7152,#7172,#7189,#7206,#7281,#7313,#7337,#7355,#7379,
    #7404,#7428,#7453,#7470,#7497,#7509,#7531,#7548,#7565,#7577,#7594,
    #7611,#7628,#7640,#7657,#7674,#7691,#7708,#7725,#7742,#7759,#7771,
    #7788,#7805,#7817,#7834,#7851,#7863,#7896,#7929,#7962,#7995,#8026,
    #8038,#8050,#8081,#8107,#8124,#8141,#8165,#8184,#8204,#8222,#8238,
    #8256,#8272,#8284));
#62 = ADVANCED_FACE('',(#63),#101,.T.);
#63 = FACE_BOUND('',#64,.T.);
#64 = EDGE_LOOP('',(#65,#76,#85,#94));
#65 = ORIENTED_EDGE('',*,*,#66,.F.);
#66 = EDGE_CURVE('',#67,#69,#71,.T.);
#67 = VERTEX_POINT('',#68);
#68 = CARTESIAN_POINT('',(-0.325,1.905597741894,-0.3));
#69 = VERTEX_POINT('',#70);
#70 = CARTESIAN_POINT('',(0.325,1.905597741894,-0.3));
#71 = CIRCLE('',#72,0.325);
#72 = AXIS2_PLACEMENT_3D('',#73,#74,#75);
#73 = CARTESIAN_POINT('',(-1.330671791033E-14,1.905597741894,-0.3));
#74 = DIRECTION('',(-0.,0.,1.));
#75 = DIRECTION('',(1.,6.672013369142E-15,0.));
#76 = ORIENTED_EDGE('',*,*,#77,.T.);
#77 = EDGE_CURVE('',#67,#78,#80,.T.);
#78 = VERTEX_POINT('',#79);
#79 = CARTESIAN_POINT('',(-0.125,1.905597741894,-0.5));
#80 = CIRCLE('',#81,0.2);
#81 = AXIS2_PLACEMENT_3D('',#82,#83,#84);
#82 = CARTESIAN_POINT('',(-0.125,1.905597741894,-0.3));
#83 = DIRECTION('',(7.105427357601E-15,-1.,0.));
#84 = DIRECTION('',(1.,7.105427357601E-15,0.));
#85 = ORIENTED_EDGE('',*,*,#86,.F.);
#86 = EDGE_CURVE('',#87,#78,#89,.T.);
#87 = VERTEX_POINT('',#88);
#88 = CARTESIAN_POINT('',(0.125,1.905597741894,-0.5));
#89 = CIRCLE('',#90,0.125);
#90 = AXIS2_PLACEMENT_3D('',#91,#92,#93);
#91 = CARTESIAN_POINT('',(-1.330671791033E-14,1.905597741894,-0.5));
#92 = DIRECTION('',(0.,0.,-1.));
#93 = DIRECTION('',(1.,6.938893903907E-15,0.));
#94 = ORIENTED_EDGE('',*,*,#95,.F.);
#95 = EDGE_CURVE('',#69,#87,#96,.T.);
#96 = CIRCLE('',#97,0.2);
#97 = AXIS2_PLACEMENT_3D('',#98,#99,#100);
#98 = CARTESIAN_POINT('',(0.125,1.905597741894,-0.3));
#99 = DIRECTION('',(-6.982962677686E-15,1.,0.));
#100 = DIRECTION('',(-1.,-6.982962677686E-15,0.));
#101 = SURFACE_OF_REVOLUTION('',#102,#110);
#102 = B_SPLINE_CURVE_WITH_KNOTS('',6,(#103,#104,#105,#106,#107,#108,
    #109),.UNSPECIFIED.,.F.,.F.,(7,7),(0.,1.570796326795),
  .PIECEWISE_BEZIER_KNOTS.);
#103 = CARTESIAN_POINT('',(0.325,1.905597741894,-0.3));
#104 = CARTESIAN_POINT('',(0.325,1.905597741894,-0.35235987756));
#105 = CARTESIAN_POINT('',(0.308554462796,1.905597741894,-0.404715300141
    ));
#106 = CARTESIAN_POINT('',(0.275638029928,1.905597741894,-0.450638029928
    ));
#107 = CARTESIAN_POINT('',(0.229715300141,1.905597741894,-0.483554462796
    ));
#108 = CARTESIAN_POINT('',(0.17735987756,1.905597741894,-0.5));
#109 = CARTESIAN_POINT('',(0.125,1.905597741894,-0.5));
#110 = AXIS1_PLACEMENT('',#111,#112);
#111 = CARTESIAN_POINT('',(-1.330671791033E-14,1.905597741894,-0.3));
#112 = DIRECTION('',(0.,-0.,-1.));
#113 = ADVANCED_FACE('',(#114),#152,.T.);
#114 = FACE_BOUND('',#115,.T.);
#115 = EDGE_LOOP('',(#116,#127,#136,#145));
#116 = ORIENTED_EDGE('',*,*,#117,.F.);
#117 = EDGE_CURVE('',#118,#120,#122,.T.);
#118 = VERTEX_POINT('',#119);
#119 = CARTESIAN_POINT('',(-0.475,-1.894402258106,-0.3));
#120 = VERTEX_POINT('',#121);
#121 = CARTESIAN_POINT('',(0.475,-1.894402258106,-0.3));
#122 = CIRCLE('',#123,0.475);
#123 = AXIS2_PLACEMENT_3D('',#124,#125,#126);
#124 = CARTESIAN_POINT('',(1.322854026488E-14,-1.894402258106,-0.3));
#125 = DIRECTION('',(-0.,0.,1.));
#126 = DIRECTION('',(1.,6.84759266833E-15,0.));
#127 = ORIENTED_EDGE('',*,*,#128,.T.);
#128 = EDGE_CURVE('',#118,#129,#131,.T.);
#129 = VERTEX_POINT('',#130);
#130 = CARTESIAN_POINT('',(-0.275,-1.894402258106,-0.5));
#131 = CIRCLE('',#132,0.2);
#132 = AXIS2_PLACEMENT_3D('',#133,#134,#135);
#133 = CARTESIAN_POINT('',(-0.275,-1.894402258106,-0.3));
#134 = DIRECTION('',(7.105427357601E-15,-1.,0.));
#135 = DIRECTION('',(1.,7.105427357601E-15,0.));
#136 = ORIENTED_EDGE('',*,*,#137,.F.);
#137 = EDGE_CURVE('',#138,#129,#140,.T.);
#138 = VERTEX_POINT('',#139);
#139 = CARTESIAN_POINT('',(0.275,-1.894402258106,-0.5));
#140 = CIRCLE('',#141,0.275);
#141 = AXIS2_PLACEMENT_3D('',#142,#143,#144);
#142 = CARTESIAN_POINT('',(1.322854026488E-14,-1.894402258106,-0.5));
#143 = DIRECTION('',(0.,0.,-1.));
#144 = DIRECTION('',(1.,7.096596038087E-15,0.));
#145 = ORIENTED_EDGE('',*,*,#146,.F.);
#146 = EDGE_CURVE('',#120,#138,#147,.T.);
#147 = CIRCLE('',#148,0.2);
#148 = AXIS2_PLACEMENT_3D('',#149,#150,#151);
#149 = CARTESIAN_POINT('',(0.275,-1.894402258106,-0.3));
#150 = DIRECTION('',(-6.982962677686E-15,1.,0.));
#151 = DIRECTION('',(-1.,-6.982962677686E-15,0.));
#152 = TOROIDAL_SURFACE('',#153,0.275,0.2);
#153 = AXIS2_PLACEMENT_3D('',#154,#155,#156);
#154 = CARTESIAN_POINT('',(1.322854026488E-14,-1.894402258106,-0.3));
#155 = DIRECTION('',(0.,-0.,-1.));
#156 = DIRECTION('',(1.,6.84759266833E-15,0.));
#157 = ADVANCED_FACE('',(#158),#184,.T.);
#158 = FACE_BOUND('',#159,.T.);
#159 = EDGE_LOOP('',(#160,#161,#169,#178));
#160 = ORIENTED_EDGE('',*,*,#117,.T.);
#161 = ORIENTED_EDGE('',*,*,#162,.T.);
#162 = EDGE_CURVE('',#120,#163,#165,.T.);
#163 = VERTEX_POINT('',#164);
#164 = CARTESIAN_POINT('',(0.475,-1.894402258106,0.));
#165 = LINE('',#166,#167);
#166 = CARTESIAN_POINT('',(0.475,-1.894402258106,-0.5));
#167 = VECTOR('',#168,1.);
#168 = DIRECTION('',(0.,0.,1.));
#169 = ORIENTED_EDGE('',*,*,#170,.T.);
#170 = EDGE_CURVE('',#163,#171,#173,.T.);
#171 = VERTEX_POINT('',#172);
#172 = CARTESIAN_POINT('',(-0.475,-1.894402258106,0.));
#173 = CIRCLE('',#174,0.475);
#174 = AXIS2_PLACEMENT_3D('',#175,#176,#177);
#175 = CARTESIAN_POINT('',(1.322854026488E-14,-1.894402258106,0.));
#176 = DIRECTION('',(-0.,0.,-1.));
#177 = DIRECTION('',(-1.,-6.84759266833E-15,0.));
#178 = ORIENTED_EDGE('',*,*,#179,.F.);
#179 = EDGE_CURVE('',#118,#171,#180,.T.);
#180 = LINE('',#181,#182);
#181 = CARTESIAN_POINT('',(-0.475,-1.894402258106,-0.5));
#182 = VECTOR('',#183,1.);
#183 = DIRECTION('',(0.,0.,1.));
#184 = CYLINDRICAL_SURFACE('',#185,0.475);
#185 = AXIS2_PLACEMENT_3D('',#186,#187,#188);
#186 = CARTESIAN_POINT('',(1.322854026488E-14,-1.894402258106,-0.5));
#187 = DIRECTION('',(0.,0.,1.));
#188 = DIRECTION('',(-1.,-6.84759266833E-15,0.));
#189 = ADVANCED_FACE('',(#190),#216,.T.);
#190 = FACE_BOUND('',#191,.T.);
#191 = EDGE_LOOP('',(#192,#193,#201,#210));
#192 = ORIENTED_EDGE('',*,*,#66,.T.);
#193 = ORIENTED_EDGE('',*,*,#194,.T.);
#194 = EDGE_CURVE('',#69,#195,#197,.T.);
#195 = VERTEX_POINT('',#196);
#196 = CARTESIAN_POINT('',(0.325,1.905597741894,0.));
#197 = LINE('',#198,#199);
#198 = CARTESIAN_POINT('',(0.325,1.905597741894,-0.5));
#199 = VECTOR('',#200,1.);
#200 = DIRECTION('',(0.,0.,1.));
#201 = ORIENTED_EDGE('',*,*,#202,.T.);
#202 = EDGE_CURVE('',#195,#203,#205,.T.);
#203 = VERTEX_POINT('',#204);
#204 = CARTESIAN_POINT('',(-0.325,1.905597741894,0.));
#205 = CIRCLE('',#206,0.325);
#206 = AXIS2_PLACEMENT_3D('',#207,#208,#209);
#207 = CARTESIAN_POINT('',(-1.330671791033E-14,1.905597741894,0.));
#208 = DIRECTION('',(-0.,0.,-1.));
#209 = DIRECTION('',(-1.,-6.672013369142E-15,0.));
#210 = ORIENTED_EDGE('',*,*,#211,.F.);
#211 = EDGE_CURVE('',#67,#203,#212,.T.);
#212 = LINE('',#213,#214);
#213 = CARTESIAN_POINT('',(-0.325,1.905597741894,-0.5));
#214 = VECTOR('',#215,1.);
#215 = DIRECTION('',(0.,0.,1.));
#216 = CYLINDRICAL_SURFACE('',#217,0.325);
#217 = AXIS2_PLACEMENT_3D('',#218,#219,#220);
#218 = CARTESIAN_POINT('',(-1.330671791033E-14,1.905597741894,-0.5));
#219 = DIRECTION('',(0.,0.,1.));
#220 = DIRECTION('',(-1.,-6.672013369142E-15,0.));
#221 = ADVANCED_FACE('',(#222),#258,.T.);
#222 = FACE_BOUND('',#223,.T.);
#223 = EDGE_LOOP('',(#224,#235,#243,#252));
#224 = ORIENTED_EDGE('',*,*,#225,.F.);
#225 = EDGE_CURVE('',#226,#228,#230,.T.);
#226 = VERTEX_POINT('',#227);
#227 = CARTESIAN_POINT('',(-1.5,-1.06581410364E-14,3.));
#228 = VERTEX_POINT('',#229);
#229 = CARTESIAN_POINT('',(1.5,1.047444401653E-14,3.));
#230 = CIRCLE('',#231,1.5);
#231 = AXIS2_PLACEMENT_3D('',#232,#233,#234);
#232 = CARTESIAN_POINT('',(0.,0.,3.));
#233 = DIRECTION('',(0.,0.,1.));
#234 = DIRECTION('',(-1.,-6.982962677686E-15,0.));
#235 = ORIENTED_EDGE('',*,*,#236,.T.);
#236 = EDGE_CURVE('',#226,#237,#239,.T.);
#237 = VERTEX_POINT('',#238);
#238 = CARTESIAN_POINT('',(-1.5,-1.06581410364E-14,2.15));
#239 = LINE('',#240,#241);
#240 = CARTESIAN_POINT('',(-1.5,-1.06581410364E-14,3.));
#241 = VECTOR('',#242,1.);
#242 = DIRECTION('',(0.,0.,-1.));
#243 = ORIENTED_EDGE('',*,*,#244,.T.);
#244 = EDGE_CURVE('',#237,#245,#247,.T.);
#245 = VERTEX_POINT('',#246);
#246 = CARTESIAN_POINT('',(1.5,1.047444401653E-14,2.15));
#247 = CIRCLE('',#248,1.5);
#248 = AXIS2_PLACEMENT_3D('',#249,#250,#251);
#249 = CARTESIAN_POINT('',(0.,0.,2.15));
#250 = DIRECTION('',(0.,0.,1.));
#251 = DIRECTION('',(-1.,-6.982962677686E-15,0.));
#252 = ORIENTED_EDGE('',*,*,#253,.F.);
#253 = EDGE_CURVE('',#228,#245,#254,.T.);
#254 = LINE('',#255,#256);
#255 = CARTESIAN_POINT('',(1.5,1.047444401653E-14,3.));
#256 = VECTOR('',#257,1.);
#257 = DIRECTION('',(0.,0.,-1.));
#258 = CYLINDRICAL_SURFACE('',#259,1.5);
#259 = AXIS2_PLACEMENT_3D('',#260,#261,#262);
#260 = CARTESIAN_POINT('',(0.,0.,3.));
#261 = DIRECTION('',(0.,0.,-1.));
#262 = DIRECTION('',(1.,6.982962677686E-15,0.));
#263 = ADVANCED_FACE('',(#264),#300,.T.);
#264 = FACE_BOUND('',#265,.T.);
#265 = EDGE_LOOP('',(#266,#277,#285,#294));
#266 = ORIENTED_EDGE('',*,*,#267,.F.);
#267 = EDGE_CURVE('',#268,#270,#272,.T.);
#268 = VERTEX_POINT('',#269);
#269 = CARTESIAN_POINT('',(1.17163114836,1.271222061969E-02,5.));
#270 = VERTEX_POINT('',#271);
#271 = CARTESIAN_POINT('',(1.018430584012,0.372892941135,5.));
#272 = CIRCLE('',#273,0.5);
#273 = AXIS2_PLACEMENT_3D('',#274,#275,#276);
#274 = CARTESIAN_POINT('',(0.67163114836,1.271222061969E-02,5.));
#275 = DIRECTION('',(0.,-0.,1.));
#276 = DIRECTION('',(1.,6.982939617164E-15,0.));
#277 = ORIENTED_EDGE('',*,*,#278,.T.);
#278 = EDGE_CURVE('',#268,#279,#281,.T.);
#279 = VERTEX_POINT('',#280);
#280 = CARTESIAN_POINT('',(1.17163114836,1.271222061969E-02,3.));
#281 = LINE('',#282,#283);
#282 = CARTESIAN_POINT('',(1.17163114836,1.271222061969E-02,5.));
#283 = VECTOR('',#284,1.);
#284 = DIRECTION('',(0.,-0.,-1.));
#285 = ORIENTED_EDGE('',*,*,#286,.F.);
#286 = EDGE_CURVE('',#287,#279,#289,.T.);
#287 = VERTEX_POINT('',#288);
#288 = CARTESIAN_POINT('',(1.018430584012,0.372892941135,3.));
#289 = CIRCLE('',#290,0.5);
#290 = AXIS2_PLACEMENT_3D('',#291,#292,#293);
#291 = CARTESIAN_POINT('',(0.67163114836,1.271222061969E-02,3.));
#292 = DIRECTION('',(-0.,0.,-1.));
#293 = DIRECTION('',(-1.,-6.982939617164E-15,0.));
#294 = ORIENTED_EDGE('',*,*,#295,.F.);
#295 = EDGE_CURVE('',#270,#287,#296,.T.);
#296 = LINE('',#297,#298);
#297 = CARTESIAN_POINT('',(1.018430584012,0.372892941135,5.));
#298 = VECTOR('',#299,1.);
#299 = DIRECTION('',(0.,-0.,-1.));
#300 = CYLINDRICAL_SURFACE('',#301,0.5);
#301 = AXIS2_PLACEMENT_3D('',#302,#303,#304);
#302 = CARTESIAN_POINT('',(0.67163114836,1.271222061969E-02,5.));
#303 = DIRECTION('',(0.,-0.,-1.));
#304 = DIRECTION('',(1.,6.982939617164E-15,0.));
#305 = ADVANCED_FACE('',(#306),#372,.T.);
#306 = FACE_BOUND('',#307,.T.);
#307 = EDGE_LOOP('',(#308,#318,#326,#334,#342,#350,#358,#366));
#308 = ORIENTED_EDGE('',*,*,#309,.T.);
#309 = EDGE_CURVE('',#310,#312,#314,.T.);
#310 = VERTEX_POINT('',#311);
#311 = CARTESIAN_POINT('',(0.278039920847,3.74,0.5));
#312 = VERTEX_POINT('',#313);
#313 = CARTESIAN_POINT('',(0.228250611442,3.74,0.5));
#314 = LINE('',#315,#316);
#315 = CARTESIAN_POINT('',(0.278039920847,3.74,0.5));
#316 = VECTOR('',#317,1.);
#317 = DIRECTION('',(-1.,-6.982962677686E-15,0.));
#318 = ORIENTED_EDGE('',*,*,#319,.T.);
#319 = EDGE_CURVE('',#312,#320,#322,.T.);
#320 = VERTEX_POINT('',#321);
#321 = CARTESIAN_POINT('',(0.228250611442,3.74,0.849662300243));
#322 = LINE('',#323,#324);
#323 = CARTESIAN_POINT('',(0.228250611442,3.74,0.));
#324 = VECTOR('',#325,1.);
#325 = DIRECTION('',(0.,0.,1.));
#326 = ORIENTED_EDGE('',*,*,#327,.T.);
#327 = EDGE_CURVE('',#320,#328,#330,.T.);
#328 = VERTEX_POINT('',#329);
#329 = CARTESIAN_POINT('',(1.88536853969,3.74,0.849662300243));
#330 = LINE('',#331,#332);
#331 = CARTESIAN_POINT('',(-2.611628041455E-14,3.74,0.849662300243));
#332 = VECTOR('',#333,1.);
#333 = DIRECTION('',(1.,6.982962677686E-15,0.));
#334 = ORIENTED_EDGE('',*,*,#335,.T.);
#335 = EDGE_CURVE('',#328,#336,#338,.T.);
#336 = VERTEX_POINT('',#337);
#337 = CARTESIAN_POINT('',(1.88536853969,3.74,2.04));
#338 = LINE('',#339,#340);
#339 = CARTESIAN_POINT('',(1.88536853969,3.74,0.));
#340 = VECTOR('',#341,1.);
#341 = DIRECTION('',(0.,0.,1.));
#342 = ORIENTED_EDGE('',*,*,#343,.F.);
#343 = EDGE_CURVE('',#344,#336,#346,.T.);
#344 = VERTEX_POINT('',#345);
#345 = CARTESIAN_POINT('',(1.935157849095,3.74,2.04));
#346 = LINE('',#347,#348);
#347 = CARTESIAN_POINT('',(1.935157849095,3.74,2.04));
#348 = VECTOR('',#349,1.);
#349 = DIRECTION('',(-1.,-6.982962677686E-15,0.));
#350 = ORIENTED_EDGE('',*,*,#351,.T.);
#351 = EDGE_CURVE('',#344,#352,#354,.T.);
#352 = VERTEX_POINT('',#353);
#353 = CARTESIAN_POINT('',(1.935157849095,3.74,0.7411989007));
#354 = LINE('',#355,#356);
#355 = CARTESIAN_POINT('',(1.935157849095,3.74,2.14));
#356 = VECTOR('',#357,1.);
#357 = DIRECTION('',(0.,-0.,-1.));
#358 = ORIENTED_EDGE('',*,*,#359,.T.);
#359 = EDGE_CURVE('',#352,#360,#362,.T.);
#360 = VERTEX_POINT('',#361);
#361 = CARTESIAN_POINT('',(0.278039920847,3.74,0.7411989007));
#362 = LINE('',#363,#364);
#363 = CARTESIAN_POINT('',(1.935157849095,3.74,0.7411989007));
#364 = VECTOR('',#365,1.);
#365 = DIRECTION('',(-1.,-6.982962677686E-15,0.));
#366 = ORIENTED_EDGE('',*,*,#367,.T.);
#367 = EDGE_CURVE('',#360,#310,#368,.T.);
#368 = LINE('',#369,#370);
#369 = CARTESIAN_POINT('',(0.278039920847,3.74,0.7411989007));
#370 = VECTOR('',#371,1.);
#371 = DIRECTION('',(0.,-0.,-1.));
#372 = PLANE('',#373);
#373 = AXIS2_PLACEMENT_3D('',#374,#375,#376);
#374 = CARTESIAN_POINT('',(-2.611628041455E-14,3.74,0.));
#375 = DIRECTION('',(-6.982962677686E-15,1.,0.));
#376 = DIRECTION('',(0.,0.,-1.));
#377 = ADVANCED_FACE('',(#378),#444,.T.);
#378 = FACE_BOUND('',#379,.T.);
#379 = EDGE_LOOP('',(#380,#390,#398,#406,#414,#422,#430,#438));
#380 = ORIENTED_EDGE('',*,*,#381,.F.);
#381 = EDGE_CURVE('',#382,#384,#386,.T.);
#382 = VERTEX_POINT('',#383);
#383 = CARTESIAN_POINT('',(1.375844597795,3.74,2.04));
#384 = VERTEX_POINT('',#385);
#385 = CARTESIAN_POINT('',(1.325058822779,3.74,2.04));
#386 = LINE('',#387,#388);
#387 = CARTESIAN_POINT('',(1.935157849095,3.74,2.04));
#388 = VECTOR('',#389,1.);
#389 = DIRECTION('',(-1.,-6.982962677686E-15,0.));
#390 = ORIENTED_EDGE('',*,*,#391,.T.);
#391 = EDGE_CURVE('',#382,#392,#394,.T.);
#392 = VERTEX_POINT('',#393);
#393 = CARTESIAN_POINT('',(1.380959477819,3.74,1.073651646268));
#394 = LINE('',#395,#396);
#395 = CARTESIAN_POINT('',(1.386603467123,3.74,7.339289550839E-03));
#396 = VECTOR('',#397,1.);
#397 = DIRECTION('',(5.292923982144E-03,3.696029062314E-17,
    -0.99998599238));
#398 = ORIENTED_EDGE('',*,*,#399,.T.);
#399 = EDGE_CURVE('',#392,#400,#402,.T.);
#400 = VERTEX_POINT('',#401);
#401 = CARTESIAN_POINT('',(-1.121270387522,3.74,1.060407348283));
#402 = LINE('',#403,#404);
#403 = CARTESIAN_POINT('',(-5.643989304207E-03,3.74,1.066312356717));
#404 = VECTOR('',#405,1.);
#405 = DIRECTION('',(-0.99998599238,-6.982864862997E-15,
    -5.292923982143E-03));
#406 = ORIENTED_EDGE('',*,*,#407,.T.);
#407 = EDGE_CURVE('',#400,#408,#410,.T.);
#408 = VERTEX_POINT('',#409);
#409 = CARTESIAN_POINT('',(-1.126455369591,3.74,2.04));
#410 = LINE('',#411,#412);
#411 = CARTESIAN_POINT('',(-1.115626398218,3.74,-5.905008433357E-03));
#412 = VECTOR('',#413,1.);
#413 = DIRECTION('',(-5.292923982143E-03,-3.696029062314E-17,
    0.99998599238));
#414 = ORIENTED_EDGE('',*,*,#415,.F.);
#415 = EDGE_CURVE('',#416,#408,#418,.T.);
#416 = VERTEX_POINT('',#417);
#417 = CARTESIAN_POINT('',(-1.077206093339,3.74,2.04));
#418 = LINE('',#419,#420);
#419 = CARTESIAN_POINT('',(-1.077206093339,3.74,2.04));
#420 = VECTOR('',#421,1.);
#421 = DIRECTION('',(-1.,-6.982962677686E-15,0.));
#422 = ORIENTED_EDGE('',*,*,#423,.T.);
#423 = EDGE_CURVE('',#416,#424,#426,.T.);
#424 = VERTEX_POINT('',#425);
#425 = CARTESIAN_POINT('',(-1.077206093339,3.74,1.160641981292));
#426 = LINE('',#427,#428);
#427 = CARTESIAN_POINT('',(-1.077206093339,3.74,2.14));
#428 = VECTOR('',#429,1.);
#429 = DIRECTION('',(-2.214107919217E-16,-1.546103296426E-30,-1.));
#430 = ORIENTED_EDGE('',*,*,#431,.T.);
#431 = EDGE_CURVE('',#424,#432,#434,.T.);
#432 = VERTEX_POINT('',#433);
#433 = CARTESIAN_POINT('',(1.325058822779,3.74,1.160641981292));
#434 = LINE('',#435,#436);
#435 = CARTESIAN_POINT('',(1.325058822779,3.74,1.160641981292));
#436 = VECTOR('',#437,1.);
#437 = DIRECTION('',(1.,6.982962677686E-15,-0.));
#438 = ORIENTED_EDGE('',*,*,#439,.T.);
#439 = EDGE_CURVE('',#432,#384,#440,.T.);
#440 = LINE('',#441,#442);
#441 = CARTESIAN_POINT('',(1.325058822779,3.74,2.14));
#442 = VECTOR('',#443,1.);
#443 = DIRECTION('',(0.,0.,1.));
#444 = PLANE('',#445);
#445 = AXIS2_PLACEMENT_3D('',#446,#447,#448);
#446 = CARTESIAN_POINT('',(-2.611628041455E-14,3.74,0.));
#447 = DIRECTION('',(-6.982962677686E-15,1.,0.));
#448 = DIRECTION('',(0.,0.,-1.));
#449 = ADVANCED_FACE('',(#450),#516,.T.);
#450 = FACE_BOUND('',#451,.T.);
#451 = EDGE_LOOP('',(#452,#462,#470,#478,#486,#494,#502,#510));
#452 = ORIENTED_EDGE('',*,*,#453,.F.);
#453 = EDGE_CURVE('',#454,#456,#458,.T.);
#454 = VERTEX_POINT('',#455);
#455 = CARTESIAN_POINT('',(-1.588896887181,3.74,2.04));
#456 = VERTEX_POINT('',#457);
#457 = CARTESIAN_POINT('',(-1.639641133223,3.74,2.04));
#458 = LINE('',#459,#460);
#459 = CARTESIAN_POINT('',(-1.077206093339,3.74,2.04));
#460 = VECTOR('',#461,1.);
#461 = DIRECTION('',(-1.,-6.982962677686E-15,0.));
#462 = ORIENTED_EDGE('',*,*,#463,.T.);
#463 = EDGE_CURVE('',#454,#464,#466,.T.);
#464 = VERTEX_POINT('',#465);
#465 = CARTESIAN_POINT('',(-1.582596431968,3.74,0.849662300243));
#466 = LINE('',#467,#468);
#467 = CARTESIAN_POINT('',(-1.578054960489,3.74,-8.352641946146E-03));
#468 = VECTOR('',#469,1.);
#469 = DIRECTION('',(5.292923982143E-03,3.696029062314E-17,
    -0.99998599238));
#470 = ORIENTED_EDGE('',*,*,#471,.T.);
#471 = EDGE_CURVE('',#464,#472,#474,.T.);
#472 = VERTEX_POINT('',#473);
#473 = CARTESIAN_POINT('',(-0.219885232513,3.74,0.849662300243));
#474 = LINE('',#475,#476);
#475 = CARTESIAN_POINT('',(-2.631908326349E-14,3.74,0.849662300243));
#476 = VECTOR('',#477,1.);
#477 = DIRECTION('',(1.,6.982962677686E-15,2.386864156365E-16));
#478 = ORIENTED_EDGE('',*,*,#479,.T.);
#479 = EDGE_CURVE('',#472,#480,#482,.T.);
#480 = VERTEX_POINT('',#481);
#481 = CARTESIAN_POINT('',(-0.219885232513,3.74,0.5));
#482 = LINE('',#483,#484);
#483 = CARTESIAN_POINT('',(-0.219885232513,3.74,-5.124559902708E-17));
#484 = VECTOR('',#485,1.);
#485 = DIRECTION('',(2.330561195101E-16,1.627422184346E-30,-1.));
#486 = ORIENTED_EDGE('',*,*,#487,.T.);
#487 = EDGE_CURVE('',#480,#488,#490,.T.);
#488 = VERTEX_POINT('',#489);
#489 = CARTESIAN_POINT('',(-0.270095923109,3.74,0.5));
#490 = LINE('',#491,#492);
#491 = CARTESIAN_POINT('',(0.278039920847,3.74,0.5));
#492 = VECTOR('',#493,1.);
#493 = DIRECTION('',(-1.,-6.982962677686E-15,0.));
#494 = ORIENTED_EDGE('',*,*,#495,.T.);
#495 = EDGE_CURVE('',#488,#496,#498,.T.);
#496 = VERTEX_POINT('',#497);
#497 = CARTESIAN_POINT('',(-0.270095923109,3.74,0.7411989007));
#498 = LINE('',#499,#500);
#499 = CARTESIAN_POINT('',(-0.270095923109,3.74,0.7411989007));
#500 = VECTOR('',#501,1.);
#501 = DIRECTION('',(0.,0.,1.));
#502 = ORIENTED_EDGE('',*,*,#503,.T.);
#503 = EDGE_CURVE('',#496,#504,#506,.T.);
#504 = VERTEX_POINT('',#505);
#505 = CARTESIAN_POINT('',(-1.639641133223,3.74,0.7411989007));
#506 = LINE('',#507,#508);
#507 = CARTESIAN_POINT('',(-0.270095923109,3.74,0.7411989007));
#508 = VECTOR('',#509,1.);
#509 = DIRECTION('',(-1.,-6.982962677686E-15,0.));
#510 = ORIENTED_EDGE('',*,*,#511,.T.);
#511 = EDGE_CURVE('',#504,#456,#512,.T.);
#512 = LINE('',#513,#514);
#513 = CARTESIAN_POINT('',(-1.639641133223,3.74,2.14));
#514 = VECTOR('',#515,1.);
#515 = DIRECTION('',(0.,0.,1.));
#516 = PLANE('',#517);
#517 = AXIS2_PLACEMENT_3D('',#518,#519,#520);
#518 = CARTESIAN_POINT('',(-2.611628041455E-14,3.74,0.));
#519 = DIRECTION('',(-6.982962677686E-15,1.,0.));
#520 = DIRECTION('',(0.,0.,-1.));
#521 = ADVANCED_FACE('',(#522),#602,.F.);
#522 = FACE_BOUND('',#523,.T.);
#523 = EDGE_LOOP('',(#524,#532,#533,#541,#549,#557,#565,#573,#581,#587,
    #588,#596));
#524 = ORIENTED_EDGE('',*,*,#525,.F.);
#525 = EDGE_CURVE('',#312,#526,#528,.T.);
#526 = VERTEX_POINT('',#527);
#527 = CARTESIAN_POINT('',(0.228250611442,3.65,0.5));
#528 = LINE('',#529,#530);
#529 = CARTESIAN_POINT('',(0.228250611442,1.593865500861E-15,0.5));
#530 = VECTOR('',#531,1.);
#531 = DIRECTION('',(6.982962677686E-15,-1.,0.));
#532 = ORIENTED_EDGE('',*,*,#309,.F.);
#533 = ORIENTED_EDGE('',*,*,#534,.T.);
#534 = EDGE_CURVE('',#310,#535,#537,.T.);
#535 = VERTEX_POINT('',#536);
#536 = CARTESIAN_POINT('',(0.278039920847,3.75,0.5));
#537 = LINE('',#538,#539);
#538 = CARTESIAN_POINT('',(0.278039920847,3.74,0.5));
#539 = VECTOR('',#540,1.);
#540 = DIRECTION('',(-6.982962677686E-15,1.,-0.));
#541 = ORIENTED_EDGE('',*,*,#542,.T.);
#542 = EDGE_CURVE('',#535,#543,#545,.T.);
#543 = VERTEX_POINT('',#544);
#544 = CARTESIAN_POINT('',(0.822437412925,3.75,0.5));
#545 = LINE('',#546,#547);
#546 = CARTESIAN_POINT('',(-0.945803024864,3.75,0.5));
#547 = VECTOR('',#548,1.);
#548 = DIRECTION('',(1.,6.982962677686E-15,0.));
#549 = ORIENTED_EDGE('',*,*,#550,.T.);
#550 = EDGE_CURVE('',#543,#551,#553,.T.);
#551 = VERTEX_POINT('',#552);
#552 = CARTESIAN_POINT('',(0.431779641786,3.25,0.5));
#553 = LINE('',#554,#555);
#554 = CARTESIAN_POINT('',(0.431779641786,3.25,0.5));
#555 = VECTOR('',#556,1.);
#556 = DIRECTION('',(-0.61567611351,-0.787999316785,0.));
#557 = ORIENTED_EDGE('',*,*,#558,.T.);
#558 = EDGE_CURVE('',#551,#559,#561,.T.);
#559 = VERTEX_POINT('',#560);
#560 = CARTESIAN_POINT('',(-0.568220358214,3.25,0.5));
#561 = LINE('',#562,#563);
#562 = CARTESIAN_POINT('',(-0.568220358214,3.25,0.5));
#563 = VECTOR('',#564,1.);
#564 = DIRECTION('',(-1.,-6.982962677686E-15,0.));
#565 = ORIENTED_EDGE('',*,*,#566,.T.);
#566 = EDGE_CURVE('',#559,#567,#569,.T.);
#567 = VERTEX_POINT('',#568);
#568 = CARTESIAN_POINT('',(-0.945803024864,3.75,0.5));
#569 = LINE('',#570,#571);
#570 = CARTESIAN_POINT('',(-0.568220358214,3.25,0.5));
#571 = VECTOR('',#572,1.);
#572 = DIRECTION('',(-0.602634833185,0.798017078659,0.));
#573 = ORIENTED_EDGE('',*,*,#574,.T.);
#574 = EDGE_CURVE('',#567,#575,#577,.T.);
#575 = VERTEX_POINT('',#576);
#576 = CARTESIAN_POINT('',(-0.270095923109,3.75,0.5));
#577 = LINE('',#578,#579);
#578 = CARTESIAN_POINT('',(-0.945803024864,3.75,0.5));
#579 = VECTOR('',#580,1.);
#580 = DIRECTION('',(1.,6.982962677686E-15,0.));
#581 = ORIENTED_EDGE('',*,*,#582,.F.);
#582 = EDGE_CURVE('',#488,#575,#583,.T.);
#583 = LINE('',#584,#585);
#584 = CARTESIAN_POINT('',(-0.270095923109,3.74,0.5));
#585 = VECTOR('',#586,1.);
#586 = DIRECTION('',(-6.982962677686E-15,1.,-0.));
#587 = ORIENTED_EDGE('',*,*,#487,.F.);
#588 = ORIENTED_EDGE('',*,*,#589,.F.);
#589 = EDGE_CURVE('',#590,#480,#592,.T.);
#590 = VERTEX_POINT('',#591);
#591 = CARTESIAN_POINT('',(-0.219885232513,3.65,0.5));
#592 = LINE('',#593,#594);
#593 = CARTESIAN_POINT('',(-0.219885232513,-1.535450372013E-15,0.5));
#594 = VECTOR('',#595,1.);
#595 = DIRECTION('',(-6.982962677686E-15,1.,0.));
#596 = ORIENTED_EDGE('',*,*,#597,.F.);
#597 = EDGE_CURVE('',#526,#590,#598,.T.);
#598 = LINE('',#599,#600);
#599 = CARTESIAN_POINT('',(-2.548781377356E-14,3.65,0.5));
#600 = VECTOR('',#601,1.);
#601 = DIRECTION('',(-1.,-6.982962677686E-15,0.));
#602 = PLANE('',#603);
#603 = AXIS2_PLACEMENT_3D('',#604,#605,#606);
#604 = CARTESIAN_POINT('',(0.,0.,0.5));
#605 = DIRECTION('',(0.,0.,1.));
#606 = DIRECTION('',(-1.,-6.982962677686E-15,0.));
#607 = ADVANCED_FACE('',(#608),#894,.T.);
#608 = FACE_BOUND('',#609,.T.);
#609 = EDGE_LOOP('',(#610,#611,#619,#627,#633,#634,#642,#650,#656,#657,
    #665,#673,#679,#680,#688,#696,#704,#712,#720,#728,#736,#744,#752,
    #760,#768,#776,#784,#792,#800,#808,#816,#824,#832,#840,#848,#856,
    #864,#872,#880,#888));
#610 = ORIENTED_EDGE('',*,*,#343,.T.);
#611 = ORIENTED_EDGE('',*,*,#612,.T.);
#612 = EDGE_CURVE('',#336,#613,#615,.T.);
#613 = VERTEX_POINT('',#614);
#614 = CARTESIAN_POINT('',(1.88536853969,3.65,2.04));
#615 = LINE('',#616,#617);
#616 = CARTESIAN_POINT('',(1.88536853969,1.316545814634E-14,2.04));
#617 = VECTOR('',#618,1.);
#618 = DIRECTION('',(6.982962677686E-15,-1.,0.));
#619 = ORIENTED_EDGE('',*,*,#620,.T.);
#620 = EDGE_CURVE('',#613,#621,#623,.T.);
#621 = VERTEX_POINT('',#622);
#622 = CARTESIAN_POINT('',(1.375844597795,3.65,2.04));
#623 = LINE('',#624,#625);
#624 = CARTESIAN_POINT('',(-2.548781377356E-14,3.65,2.04));
#625 = VECTOR('',#626,1.);
#626 = DIRECTION('',(-1.,-6.982962677686E-15,0.));
#627 = ORIENTED_EDGE('',*,*,#628,.T.);
#628 = EDGE_CURVE('',#621,#382,#629,.T.);
#629 = LINE('',#630,#631);
#630 = CARTESIAN_POINT('',(1.375844597795,9.607471476697E-15,2.04));
#631 = VECTOR('',#632,1.);
#632 = DIRECTION('',(-6.982962677686E-15,1.,0.));
#633 = ORIENTED_EDGE('',*,*,#381,.T.);
#634 = ORIENTED_EDGE('',*,*,#635,.T.);
#635 = EDGE_CURVE('',#384,#636,#638,.T.);
#636 = VERTEX_POINT('',#637);
#637 = CARTESIAN_POINT('',(1.325058822779,3.75,2.04));
#638 = LINE('',#639,#640);
#639 = CARTESIAN_POINT('',(1.325058822779,3.74,2.04));
#640 = VECTOR('',#641,1.);
#641 = DIRECTION('',(-6.982962677686E-15,1.,0.));
#642 = ORIENTED_EDGE('',*,*,#643,.T.);
#643 = EDGE_CURVE('',#636,#644,#646,.T.);
#644 = VERTEX_POINT('',#645);
#645 = CARTESIAN_POINT('',(-1.077206093339,3.75,2.04));
#646 = LINE('',#647,#648);
#647 = CARTESIAN_POINT('',(1.325058822779,3.75,2.04));
#648 = VECTOR('',#649,1.);
#649 = DIRECTION('',(-1.,-6.982962677686E-15,0.));
#650 = ORIENTED_EDGE('',*,*,#651,.T.);
#651 = EDGE_CURVE('',#644,#416,#652,.T.);
#652 = LINE('',#653,#654);
#653 = CARTESIAN_POINT('',(-1.077206093339,3.75,2.04));
#654 = VECTOR('',#655,1.);
#655 = DIRECTION('',(6.982962677686E-15,-1.,0.));
#656 = ORIENTED_EDGE('',*,*,#415,.T.);
#657 = ORIENTED_EDGE('',*,*,#658,.T.);
#658 = EDGE_CURVE('',#408,#659,#661,.T.);
#659 = VERTEX_POINT('',#660);
#660 = CARTESIAN_POINT('',(-1.126455369591,3.65,2.04));
#661 = LINE('',#662,#663);
#662 = CARTESIAN_POINT('',(-1.126455369591,-7.865995803931E-15,2.04));
#663 = VECTOR('',#664,1.);
#664 = DIRECTION('',(6.982962677686E-15,-1.,0.));
#665 = ORIENTED_EDGE('',*,*,#666,.T.);
#666 = EDGE_CURVE('',#659,#667,#669,.T.);
#667 = VERTEX_POINT('',#668);
#668 = CARTESIAN_POINT('',(-1.588896887181,3.65,2.04));
#669 = LINE('',#670,#671);
#670 = CARTESIAN_POINT('',(-2.548781377356E-14,3.65,2.04));
#671 = VECTOR('',#672,1.);
#672 = DIRECTION('',(-1.,-6.982962677686E-15,0.));
#673 = ORIENTED_EDGE('',*,*,#674,.T.);
#674 = EDGE_CURVE('',#667,#454,#675,.T.);
#675 = LINE('',#676,#677);
#676 = CARTESIAN_POINT('',(-1.588896887181,-1.109520766187E-14,2.04));
#677 = VECTOR('',#678,1.);
#678 = DIRECTION('',(-6.982962677686E-15,1.,0.));
#679 = ORIENTED_EDGE('',*,*,#453,.T.);
#680 = ORIENTED_EDGE('',*,*,#681,.T.);
#681 = EDGE_CURVE('',#456,#682,#684,.T.);
#682 = VERTEX_POINT('',#683);
#683 = CARTESIAN_POINT('',(-1.639641133223,3.75,2.04));
#684 = LINE('',#685,#686);
#685 = CARTESIAN_POINT('',(-1.639641133223,3.74,2.04));
#686 = VECTOR('',#687,1.);
#687 = DIRECTION('',(-6.982962677686E-15,1.,0.));
#688 = ORIENTED_EDGE('',*,*,#689,.T.);
#689 = EDGE_CURVE('',#682,#690,#692,.T.);
#690 = VERTEX_POINT('',#691);
#691 = CARTESIAN_POINT('',(-2.331118318204,3.75,2.04));
#692 = LINE('',#693,#694);
#693 = CARTESIAN_POINT('',(-1.639641133223,3.75,2.04));
#694 = VECTOR('',#695,1.);
#695 = DIRECTION('',(-1.,-6.982962677686E-15,0.));
#696 = ORIENTED_EDGE('',*,*,#697,.T.);
#697 = EDGE_CURVE('',#690,#698,#700,.T.);
#698 = VERTEX_POINT('',#699);
#699 = CARTESIAN_POINT('',(-3.75,2.331118318204,2.04));
#700 = LINE('',#701,#702);
#701 = CARTESIAN_POINT('',(-2.331118318204,3.75,2.04));
#702 = VECTOR('',#703,1.);
#703 = DIRECTION('',(-0.707106781187,-0.707106781187,0.));
#704 = ORIENTED_EDGE('',*,*,#705,.T.);
#705 = EDGE_CURVE('',#698,#706,#708,.T.);
#706 = VERTEX_POINT('',#707);
#707 = CARTESIAN_POINT('',(-3.75,-2.331118318204,2.04));
#708 = LINE('',#709,#710);
#709 = CARTESIAN_POINT('',(-3.75,2.331118318204,2.04));
#710 = VECTOR('',#711,1.);
#711 = DIRECTION('',(8.657321199288E-15,-1.,0.));
#712 = ORIENTED_EDGE('',*,*,#713,.T.);
#713 = EDGE_CURVE('',#706,#714,#716,.T.);
#714 = VERTEX_POINT('',#715);
#715 = CARTESIAN_POINT('',(-2.331118318204,-3.75,2.04));
#716 = LINE('',#717,#718);
#717 = CARTESIAN_POINT('',(-3.75,-2.331118318204,2.04));
#718 = VECTOR('',#719,1.);
#719 = DIRECTION('',(0.707106781187,-0.707106781187,0.));
#720 = ORIENTED_EDGE('',*,*,#721,.T.);
#721 = EDGE_CURVE('',#714,#722,#724,.T.);
#722 = VERTEX_POINT('',#723);
#723 = CARTESIAN_POINT('',(-1.639641133223,-3.75,2.04));
#724 = LINE('',#725,#726);
#725 = CARTESIAN_POINT('',(-2.331118318204,-3.75,2.04));
#726 = VECTOR('',#727,1.);
#727 = DIRECTION('',(1.,4.461378073622E-14,0.));
#728 = ORIENTED_EDGE('',*,*,#729,.T.);
#729 = EDGE_CURVE('',#722,#730,#732,.T.);
#730 = VERTEX_POINT('',#731);
#731 = CARTESIAN_POINT('',(-1.639641133223,-3.74,2.04));
#732 = LINE('',#733,#734);
#733 = CARTESIAN_POINT('',(-1.639641133223,-3.75,2.04));
#734 = VECTOR('',#735,1.);
#735 = DIRECTION('',(-6.982962677686E-15,1.,0.));
#736 = ORIENTED_EDGE('',*,*,#737,.T.);
#737 = EDGE_CURVE('',#730,#738,#740,.T.);
#738 = VERTEX_POINT('',#739);
#739 = CARTESIAN_POINT('',(-1.588896887181,-3.74,2.04));
#740 = LINE('',#741,#742);
#741 = CARTESIAN_POINT('',(-1.639641133223,-3.74,2.04));
#742 = VECTOR('',#743,1.);
#743 = DIRECTION('',(1.,6.982962677686E-15,0.));
#744 = ORIENTED_EDGE('',*,*,#745,.F.);
#745 = EDGE_CURVE('',#746,#738,#748,.T.);
#746 = VERTEX_POINT('',#747);
#747 = CARTESIAN_POINT('',(-1.588896887181,-3.65,2.04));
#748 = LINE('',#749,#750);
#749 = CARTESIAN_POINT('',(-1.588896887181,-1.109520766187E-14,2.04));
#750 = VECTOR('',#751,1.);
#751 = DIRECTION('',(6.982962677686E-15,-1.,0.));
#752 = ORIENTED_EDGE('',*,*,#753,.T.);
#753 = EDGE_CURVE('',#746,#754,#756,.T.);
#754 = VERTEX_POINT('',#755);
#755 = CARTESIAN_POINT('',(-1.126455369591,-3.65,2.04));
#756 = LINE('',#757,#758);
#757 = CARTESIAN_POINT('',(2.548781377356E-14,-3.65,2.04));
#758 = VECTOR('',#759,1.);
#759 = DIRECTION('',(1.,6.982962677686E-15,0.));
#760 = ORIENTED_EDGE('',*,*,#761,.F.);
#761 = EDGE_CURVE('',#762,#754,#764,.T.);
#762 = VERTEX_POINT('',#763);
#763 = CARTESIAN_POINT('',(-1.126455369591,-3.74,2.04));
#764 = LINE('',#765,#766);
#765 = CARTESIAN_POINT('',(-1.126455369591,-7.865995803931E-15,2.04));
#766 = VECTOR('',#767,1.);
#767 = DIRECTION('',(-6.982962677686E-15,1.,0.));
#768 = ORIENTED_EDGE('',*,*,#769,.T.);
#769 = EDGE_CURVE('',#762,#770,#772,.T.);
#770 = VERTEX_POINT('',#771);
#771 = CARTESIAN_POINT('',(-1.077206093338,-3.74,2.04));
#772 = LINE('',#773,#774);
#773 = CARTESIAN_POINT('',(-1.639641133223,-3.74,2.04));
#774 = VECTOR('',#775,1.);
#775 = DIRECTION('',(1.,6.982962677686E-15,0.));
#776 = ORIENTED_EDGE('',*,*,#777,.T.);
#777 = EDGE_CURVE('',#770,#778,#780,.T.);
#778 = VERTEX_POINT('',#779);
#779 = CARTESIAN_POINT('',(-1.077206093338,-3.75,2.04));
#780 = LINE('',#781,#782);
#781 = CARTESIAN_POINT('',(-1.077206093338,-3.74,2.04));
#782 = VECTOR('',#783,1.);
#783 = DIRECTION('',(6.982962677686E-15,-1.,0.));
#784 = ORIENTED_EDGE('',*,*,#785,.T.);
#785 = EDGE_CURVE('',#778,#786,#788,.T.);
#786 = VERTEX_POINT('',#787);
#787 = CARTESIAN_POINT('',(1.325058822779,-3.75,2.04));
#788 = LINE('',#789,#790);
#789 = CARTESIAN_POINT('',(-1.077206093338,-3.75,2.04));
#790 = VECTOR('',#791,1.);
#791 = DIRECTION('',(1.,6.982962677686E-15,0.));
#792 = ORIENTED_EDGE('',*,*,#793,.T.);
#793 = EDGE_CURVE('',#786,#794,#796,.T.);
#794 = VERTEX_POINT('',#795);
#795 = CARTESIAN_POINT('',(1.325058822779,-3.74,2.04));
#796 = LINE('',#797,#798);
#797 = CARTESIAN_POINT('',(1.325058822779,-3.75,2.04));
#798 = VECTOR('',#799,1.);
#799 = DIRECTION('',(-6.982962677686E-15,1.,0.));
#800 = ORIENTED_EDGE('',*,*,#801,.T.);
#801 = EDGE_CURVE('',#794,#802,#804,.T.);
#802 = VERTEX_POINT('',#803);
#803 = CARTESIAN_POINT('',(1.375844597795,-3.74,2.04));
#804 = LINE('',#805,#806);
#805 = CARTESIAN_POINT('',(1.325058822779,-3.74,2.04));
#806 = VECTOR('',#807,1.);
#807 = DIRECTION('',(1.,6.982962677686E-15,0.));
#808 = ORIENTED_EDGE('',*,*,#809,.F.);
#809 = EDGE_CURVE('',#810,#802,#812,.T.);
#810 = VERTEX_POINT('',#811);
#811 = CARTESIAN_POINT('',(1.375844597795,-3.65,2.04));
#812 = LINE('',#813,#814);
#813 = CARTESIAN_POINT('',(1.375844597795,9.607471476697E-15,2.04));
#814 = VECTOR('',#815,1.);
#815 = DIRECTION('',(6.982962677686E-15,-1.,0.));
#816 = ORIENTED_EDGE('',*,*,#817,.T.);
#817 = EDGE_CURVE('',#810,#818,#820,.T.);
#818 = VERTEX_POINT('',#819);
#819 = CARTESIAN_POINT('',(1.88536853969,-3.65,2.04));
#820 = LINE('',#821,#822);
#821 = CARTESIAN_POINT('',(2.548781377356E-14,-3.65,2.04));
#822 = VECTOR('',#823,1.);
#823 = DIRECTION('',(1.,6.982962677686E-15,0.));
#824 = ORIENTED_EDGE('',*,*,#825,.F.);
#825 = EDGE_CURVE('',#826,#818,#828,.T.);
#826 = VERTEX_POINT('',#827);
#827 = CARTESIAN_POINT('',(1.88536853969,-3.74,2.04));
#828 = LINE('',#829,#830);
#829 = CARTESIAN_POINT('',(1.88536853969,1.316545814634E-14,2.04));
#830 = VECTOR('',#831,1.);
#831 = DIRECTION('',(-6.982962677686E-15,1.,0.));
#832 = ORIENTED_EDGE('',*,*,#833,.T.);
#833 = EDGE_CURVE('',#826,#834,#836,.T.);
#834 = VERTEX_POINT('',#835);
#835 = CARTESIAN_POINT('',(1.935157849095,-3.74,2.04));
#836 = LINE('',#837,#838);
#837 = CARTESIAN_POINT('',(1.325058822779,-3.74,2.04));
#838 = VECTOR('',#839,1.);
#839 = DIRECTION('',(1.,6.982962677686E-15,0.));
#840 = ORIENTED_EDGE('',*,*,#841,.T.);
#841 = EDGE_CURVE('',#834,#842,#844,.T.);
#842 = VERTEX_POINT('',#843);
#843 = CARTESIAN_POINT('',(1.935157849095,-3.75,2.04));
#844 = LINE('',#845,#846);
#845 = CARTESIAN_POINT('',(1.935157849095,-3.74,2.04));
#846 = VECTOR('',#847,1.);
#847 = DIRECTION('',(6.982962677686E-15,-1.,0.));
#848 = ORIENTED_EDGE('',*,*,#849,.T.);
#849 = EDGE_CURVE('',#842,#850,#852,.T.);
#850 = VERTEX_POINT('',#851);
#851 = CARTESIAN_POINT('',(2.331118318204,-3.75,2.04));
#852 = LINE('',#853,#854);
#853 = CARTESIAN_POINT('',(1.935157849095,-3.75,2.04));
#854 = VECTOR('',#855,1.);
#855 = DIRECTION('',(1.,-5.873282000683E-14,0.));
#856 = ORIENTED_EDGE('',*,*,#857,.T.);
#857 = EDGE_CURVE('',#850,#858,#860,.T.);
#858 = VERTEX_POINT('',#859);
#859 = CARTESIAN_POINT('',(3.75,-2.331118318204,2.04));
#860 = LINE('',#861,#862);
#861 = CARTESIAN_POINT('',(2.331118318204,-3.75,2.04));
#862 = VECTOR('',#863,1.);
#863 = DIRECTION('',(0.707106781187,0.707106781187,0.));
#864 = ORIENTED_EDGE('',*,*,#865,.T.);
#865 = EDGE_CURVE('',#858,#866,#868,.T.);
#866 = VERTEX_POINT('',#867);
#867 = CARTESIAN_POINT('',(3.75,2.331118318204,2.04));
#868 = LINE('',#869,#870);
#869 = CARTESIAN_POINT('',(3.75,-2.331118318204,2.04));
#870 = VECTOR('',#871,1.);
#871 = DIRECTION('',(-5.308604156084E-15,1.,0.));
#872 = ORIENTED_EDGE('',*,*,#873,.T.);
#873 = EDGE_CURVE('',#866,#874,#876,.T.);
#874 = VERTEX_POINT('',#875);
#875 = CARTESIAN_POINT('',(2.331118318204,3.75,2.04));
#876 = LINE('',#877,#878);
#877 = CARTESIAN_POINT('',(3.75,2.331118318204,2.04));
#878 = VECTOR('',#879,1.);
#879 = DIRECTION('',(-0.707106781187,0.707106781187,0.));
#880 = ORIENTED_EDGE('',*,*,#881,.T.);
#881 = EDGE_CURVE('',#874,#882,#884,.T.);
#882 = VERTEX_POINT('',#883);
#883 = CARTESIAN_POINT('',(1.935157849095,3.75,2.04));
#884 = LINE('',#885,#886);
#885 = CARTESIAN_POINT('',(2.331118318204,3.75,2.04));
#886 = VECTOR('',#887,1.);
#887 = DIRECTION('',(-1.,-6.982962677686E-15,0.));
#888 = ORIENTED_EDGE('',*,*,#889,.T.);
#889 = EDGE_CURVE('',#882,#344,#890,.T.);
#890 = LINE('',#891,#892);
#891 = CARTESIAN_POINT('',(1.935157849095,3.75,2.04));
#892 = VECTOR('',#893,1.);
#893 = DIRECTION('',(6.982962677686E-15,-1.,0.));
#894 = PLANE('',#895);
#895 = AXIS2_PLACEMENT_3D('',#896,#897,#898);
#896 = CARTESIAN_POINT('',(0.,0.,2.04));
#897 = DIRECTION('',(0.,0.,1.));
#898 = DIRECTION('',(-1.,-6.982962677686E-15,0.));
#899 = ADVANCED_FACE('',(#900),#934,.F.);
#900 = FACE_BOUND('',#901,.T.);
#901 = EDGE_LOOP('',(#902,#912,#920,#928));
#902 = ORIENTED_EDGE('',*,*,#903,.F.);
#903 = EDGE_CURVE('',#904,#906,#908,.T.);
#904 = VERTEX_POINT('',#905);
#905 = CARTESIAN_POINT('',(1.88536853969,3.74,2.15));
#906 = VERTEX_POINT('',#907);
#907 = CARTESIAN_POINT('',(1.88536853969,3.74,2.05));
#908 = LINE('',#909,#910);
#909 = CARTESIAN_POINT('',(1.88536853969,3.74,2.15));
#910 = VECTOR('',#911,1.);
#911 = DIRECTION('',(0.,0.,-1.));
#912 = ORIENTED_EDGE('',*,*,#913,.F.);
#913 = EDGE_CURVE('',#914,#904,#916,.T.);
#914 = VERTEX_POINT('',#915);
#915 = CARTESIAN_POINT('',(1.935157849095,3.74,2.15));
#916 = LINE('',#917,#918);
#917 = CARTESIAN_POINT('',(1.935157849095,3.74,2.15));
#918 = VECTOR('',#919,1.);
#919 = DIRECTION('',(-1.,-6.982962677686E-15,0.));
#920 = ORIENTED_EDGE('',*,*,#921,.T.);
#921 = EDGE_CURVE('',#914,#922,#924,.T.);
#922 = VERTEX_POINT('',#923);
#923 = CARTESIAN_POINT('',(1.935157849095,3.74,2.05));
#924 = LINE('',#925,#926);
#925 = CARTESIAN_POINT('',(1.935157849095,3.74,2.15));
#926 = VECTOR('',#927,1.);
#927 = DIRECTION('',(0.,0.,-1.));
#928 = ORIENTED_EDGE('',*,*,#929,.T.);
#929 = EDGE_CURVE('',#922,#906,#930,.T.);
#930 = LINE('',#931,#932);
#931 = CARTESIAN_POINT('',(1.935157849095,3.74,2.05));
#932 = VECTOR('',#933,1.);
#933 = DIRECTION('',(-1.,-6.982962677686E-15,0.));
#934 = PLANE('',#935);
#935 = AXIS2_PLACEMENT_3D('',#936,#937,#938);
#936 = CARTESIAN_POINT('',(1.935157849095,3.74,2.15));
#937 = DIRECTION('',(6.982962677686E-15,-1.,0.));
#938 = DIRECTION('',(0.,0.,1.));
#939 = ADVANCED_FACE('',(#940),#974,.F.);
#940 = FACE_BOUND('',#941,.T.);
#941 = EDGE_LOOP('',(#942,#952,#960,#968));
#942 = ORIENTED_EDGE('',*,*,#943,.F.);
#943 = EDGE_CURVE('',#944,#946,#948,.T.);
#944 = VERTEX_POINT('',#945);
#945 = CARTESIAN_POINT('',(1.375791667814,3.74,2.05));
#946 = VERTEX_POINT('',#947);
#947 = CARTESIAN_POINT('',(1.375262368001,3.74,2.15));
#948 = LINE('',#949,#950);
#949 = CARTESIAN_POINT('',(1.375278053498,3.74,2.147036557292));
#950 = VECTOR('',#951,1.);
#951 = DIRECTION('',(-5.292923982144E-03,-3.696029062314E-17,
    0.99998599238));
#952 = ORIENTED_EDGE('',*,*,#953,.T.);
#953 = EDGE_CURVE('',#944,#954,#956,.T.);
#954 = VERTEX_POINT('',#955);
#955 = CARTESIAN_POINT('',(1.325058822779,3.74,2.05));
#956 = LINE('',#957,#958);
#957 = CARTESIAN_POINT('',(1.935157849095,3.74,2.05));
#958 = VECTOR('',#959,1.);
#959 = DIRECTION('',(-1.,-6.982962677686E-15,0.));
#960 = ORIENTED_EDGE('',*,*,#961,.F.);
#961 = EDGE_CURVE('',#962,#954,#964,.T.);
#962 = VERTEX_POINT('',#963);
#963 = CARTESIAN_POINT('',(1.325058822779,3.74,2.15));
#964 = LINE('',#965,#966);
#965 = CARTESIAN_POINT('',(1.325058822779,3.74,2.15));
#966 = VECTOR('',#967,1.);
#967 = DIRECTION('',(0.,0.,-1.));
#968 = ORIENTED_EDGE('',*,*,#969,.F.);
#969 = EDGE_CURVE('',#946,#962,#970,.T.);
#970 = LINE('',#971,#972);
#971 = CARTESIAN_POINT('',(1.935157849095,3.74,2.15));
#972 = VECTOR('',#973,1.);
#973 = DIRECTION('',(-1.,-6.982962677686E-15,0.));
#974 = PLANE('',#975);
#975 = AXIS2_PLACEMENT_3D('',#976,#977,#978);
#976 = CARTESIAN_POINT('',(1.935157849095,3.74,2.15));
#977 = DIRECTION('',(6.982962677686E-15,-1.,0.));
#978 = DIRECTION('',(0.,0.,1.));
#979 = ADVANCED_FACE('',(#980),#1014,.F.);
#980 = FACE_BOUND('',#981,.T.);
#981 = EDGE_LOOP('',(#982,#992,#1000,#1008));
#982 = ORIENTED_EDGE('',*,*,#983,.F.);
#983 = EDGE_CURVE('',#984,#986,#988,.T.);
#984 = VERTEX_POINT('',#985);
#985 = CARTESIAN_POINT('',(-1.127037599384,3.74,2.15));
#986 = VERTEX_POINT('',#987);
#987 = CARTESIAN_POINT('',(-1.126508299572,3.74,2.05));
#988 = LINE('',#989,#990);
#989 = CARTESIAN_POINT('',(-1.127036203353,3.74,2.149736249321));
#990 = VECTOR('',#991,1.);
#991 = DIRECTION('',(5.292923982143E-03,3.696029062314E-17,
    -0.99998599238));
#992 = ORIENTED_EDGE('',*,*,#993,.F.);
#993 = EDGE_CURVE('',#994,#984,#996,.T.);
#994 = VERTEX_POINT('',#995);
#995 = CARTESIAN_POINT('',(-1.077206093339,3.74,2.15));
#996 = LINE('',#997,#998);
#997 = CARTESIAN_POINT('',(-1.077206093339,3.74,2.15));
#998 = VECTOR('',#999,1.);
#999 = DIRECTION('',(-1.,-6.982962677686E-15,0.));
#1000 = ORIENTED_EDGE('',*,*,#1001,.T.);
#1001 = EDGE_CURVE('',#994,#1002,#1004,.T.);
#1002 = VERTEX_POINT('',#1003);
#1003 = CARTESIAN_POINT('',(-1.077206093339,3.74,2.05));
#1004 = LINE('',#1005,#1006);
#1005 = CARTESIAN_POINT('',(-1.077206093339,3.74,2.15));
#1006 = VECTOR('',#1007,1.);
#1007 = DIRECTION('',(0.,0.,-1.));
#1008 = ORIENTED_EDGE('',*,*,#1009,.T.);
#1009 = EDGE_CURVE('',#1002,#986,#1010,.T.);
#1010 = LINE('',#1011,#1012);
#1011 = CARTESIAN_POINT('',(-1.077206093339,3.74,2.05));
#1012 = VECTOR('',#1013,1.);
#1013 = DIRECTION('',(-1.,-6.982962677686E-15,0.));
#1014 = PLANE('',#1015);
#1015 = AXIS2_PLACEMENT_3D('',#1016,#1017,#1018);
#1016 = CARTESIAN_POINT('',(-1.077206093339,3.74,2.15));
#1017 = DIRECTION('',(6.982962677686E-15,-1.,0.));
#1018 = DIRECTION('',(0.,0.,1.));
#1019 = ADVANCED_FACE('',(#1020),#1054,.F.);
#1020 = FACE_BOUND('',#1021,.T.);
#1021 = EDGE_LOOP('',(#1022,#1032,#1040,#1048));
#1022 = ORIENTED_EDGE('',*,*,#1023,.F.);
#1023 = EDGE_CURVE('',#1024,#1026,#1028,.T.);
#1024 = VERTEX_POINT('',#1025);
#1025 = CARTESIAN_POINT('',(-1.588949817162,3.74,2.05));
#1026 = VERTEX_POINT('',#1027);
#1027 = CARTESIAN_POINT('',(-1.589479116974,3.74,2.15));
#1028 = LINE('',#1029,#1030);
#1029 = CARTESIAN_POINT('',(-1.589464765623,3.74,2.147288615808));
#1030 = VECTOR('',#1031,1.);
#1031 = DIRECTION('',(-5.292923982143E-03,-3.696029062314E-17,
    0.99998599238));
#1032 = ORIENTED_EDGE('',*,*,#1033,.T.);
#1033 = EDGE_CURVE('',#1024,#1034,#1036,.T.);
#1034 = VERTEX_POINT('',#1035);
#1035 = CARTESIAN_POINT('',(-1.639641133223,3.74,2.05));
#1036 = LINE('',#1037,#1038);
#1037 = CARTESIAN_POINT('',(-1.077206093339,3.74,2.05));
#1038 = VECTOR('',#1039,1.);
#1039 = DIRECTION('',(-1.,-6.982962677686E-15,0.));
#1040 = ORIENTED_EDGE('',*,*,#1041,.F.);
#1041 = EDGE_CURVE('',#1042,#1034,#1044,.T.);
#1042 = VERTEX_POINT('',#1043);
#1043 = CARTESIAN_POINT('',(-1.639641133223,3.74,2.15));
#1044 = LINE('',#1045,#1046);
#1045 = CARTESIAN_POINT('',(-1.639641133223,3.74,2.15));
#1046 = VECTOR('',#1047,1.);
#1047 = DIRECTION('',(0.,0.,-1.));
#1048 = ORIENTED_EDGE('',*,*,#1049,.F.);
#1049 = EDGE_CURVE('',#1026,#1042,#1050,.T.);
#1050 = LINE('',#1051,#1052);
#1051 = CARTESIAN_POINT('',(-1.077206093339,3.74,2.15));
#1052 = VECTOR('',#1053,1.);
#1053 = DIRECTION('',(-1.,-6.982962677686E-15,0.));
#1054 = PLANE('',#1055);
#1055 = AXIS2_PLACEMENT_3D('',#1056,#1057,#1058);
#1056 = CARTESIAN_POINT('',(-1.077206093339,3.74,2.15));
#1057 = DIRECTION('',(6.982962677686E-15,-1.,0.));
#1058 = DIRECTION('',(0.,0.,1.));
#1059 = ADVANCED_FACE('',(#1060),#1346,.F.);
#1060 = FACE_BOUND('',#1061,.T.);
#1061 = EDGE_LOOP('',(#1062,#1070,#1071,#1079,#1087,#1095,#1103,#1111,
    #1119,#1127,#1135,#1143,#1151,#1159,#1167,#1175,#1183,#1191,#1199,
    #1207,#1215,#1223,#1231,#1239,#1247,#1255,#1263,#1271,#1279,#1285,
    #1286,#1294,#1302,#1308,#1309,#1317,#1325,#1331,#1332,#1340));
#1062 = ORIENTED_EDGE('',*,*,#1063,.F.);
#1063 = EDGE_CURVE('',#906,#1064,#1066,.T.);
#1064 = VERTEX_POINT('',#1065);
#1065 = CARTESIAN_POINT('',(1.88536853969,3.65,2.05));
#1066 = LINE('',#1067,#1068);
#1067 = CARTESIAN_POINT('',(1.88536853969,1.316545814634E-14,2.05));
#1068 = VECTOR('',#1069,1.);
#1069 = DIRECTION('',(6.982962677686E-15,-1.,0.));
#1070 = ORIENTED_EDGE('',*,*,#929,.F.);
#1071 = ORIENTED_EDGE('',*,*,#1072,.F.);
#1072 = EDGE_CURVE('',#1073,#922,#1075,.T.);
#1073 = VERTEX_POINT('',#1074);
#1074 = CARTESIAN_POINT('',(1.935157849095,3.75,2.05));
#1075 = LINE('',#1076,#1077);
#1076 = CARTESIAN_POINT('',(1.935157849095,3.75,2.05));
#1077 = VECTOR('',#1078,1.);
#1078 = DIRECTION('',(6.982962677686E-15,-1.,0.));
#1079 = ORIENTED_EDGE('',*,*,#1080,.F.);
#1080 = EDGE_CURVE('',#1081,#1073,#1083,.T.);
#1081 = VERTEX_POINT('',#1082);
#1082 = CARTESIAN_POINT('',(2.331118318204,3.75,2.05));
#1083 = LINE('',#1084,#1085);
#1084 = CARTESIAN_POINT('',(2.331118318204,3.75,2.05));
#1085 = VECTOR('',#1086,1.);
#1086 = DIRECTION('',(-1.,-6.982962677686E-15,0.));
#1087 = ORIENTED_EDGE('',*,*,#1088,.F.);
#1088 = EDGE_CURVE('',#1089,#1081,#1091,.T.);
#1089 = VERTEX_POINT('',#1090);
#1090 = CARTESIAN_POINT('',(3.75,2.331118318204,2.05));
#1091 = LINE('',#1092,#1093);
#1092 = CARTESIAN_POINT('',(3.75,2.331118318204,2.05));
#1093 = VECTOR('',#1094,1.);
#1094 = DIRECTION('',(-0.707106781187,0.707106781187,0.));
#1095 = ORIENTED_EDGE('',*,*,#1096,.F.);
#1096 = EDGE_CURVE('',#1097,#1089,#1099,.T.);
#1097 = VERTEX_POINT('',#1098);
#1098 = CARTESIAN_POINT('',(3.75,-2.331118318204,2.05));
#1099 = LINE('',#1100,#1101);
#1100 = CARTESIAN_POINT('',(3.75,-2.331118318204,2.05));
#1101 = VECTOR('',#1102,1.);
#1102 = DIRECTION('',(-5.308604156084E-15,1.,0.));
#1103 = ORIENTED_EDGE('',*,*,#1104,.F.);
#1104 = EDGE_CURVE('',#1105,#1097,#1107,.T.);
#1105 = VERTEX_POINT('',#1106);
#1106 = CARTESIAN_POINT('',(2.331118318204,-3.75,2.05));
#1107 = LINE('',#1108,#1109);
#1108 = CARTESIAN_POINT('',(2.331118318204,-3.75,2.05));
#1109 = VECTOR('',#1110,1.);
#1110 = DIRECTION('',(0.707106781187,0.707106781187,0.));
#1111 = ORIENTED_EDGE('',*,*,#1112,.F.);
#1112 = EDGE_CURVE('',#1113,#1105,#1115,.T.);
#1113 = VERTEX_POINT('',#1114);
#1114 = CARTESIAN_POINT('',(1.935157849095,-3.75,2.05));
#1115 = LINE('',#1116,#1117);
#1116 = CARTESIAN_POINT('',(1.935157849095,-3.75,2.05));
#1117 = VECTOR('',#1118,1.);
#1118 = DIRECTION('',(1.,-5.873282000683E-14,0.));
#1119 = ORIENTED_EDGE('',*,*,#1120,.F.);
#1120 = EDGE_CURVE('',#1121,#1113,#1123,.T.);
#1121 = VERTEX_POINT('',#1122);
#1122 = CARTESIAN_POINT('',(1.935157849095,-3.74,2.05));
#1123 = LINE('',#1124,#1125);
#1124 = CARTESIAN_POINT('',(1.935157849095,-3.74,2.05));
#1125 = VECTOR('',#1126,1.);
#1126 = DIRECTION('',(6.982962677686E-15,-1.,0.));
#1127 = ORIENTED_EDGE('',*,*,#1128,.F.);
#1128 = EDGE_CURVE('',#1129,#1121,#1131,.T.);
#1129 = VERTEX_POINT('',#1130);
#1130 = CARTESIAN_POINT('',(1.88536853969,-3.74,2.05));
#1131 = LINE('',#1132,#1133);
#1132 = CARTESIAN_POINT('',(1.325058822779,-3.74,2.05));
#1133 = VECTOR('',#1134,1.);
#1134 = DIRECTION('',(1.,6.982962677686E-15,0.));
#1135 = ORIENTED_EDGE('',*,*,#1136,.F.);
#1136 = EDGE_CURVE('',#1137,#1129,#1139,.T.);
#1137 = VERTEX_POINT('',#1138);
#1138 = CARTESIAN_POINT('',(1.88536853969,-3.65,2.05));
#1139 = LINE('',#1140,#1141);
#1140 = CARTESIAN_POINT('',(1.88536853969,-3.65,2.05));
#1141 = VECTOR('',#1142,1.);
#1142 = DIRECTION('',(6.982962677686E-15,-1.,0.));
#1143 = ORIENTED_EDGE('',*,*,#1144,.T.);
#1144 = EDGE_CURVE('',#1137,#1145,#1147,.T.);
#1145 = VERTEX_POINT('',#1146);
#1146 = CARTESIAN_POINT('',(1.375791667814,-3.65,2.05));
#1147 = LINE('',#1148,#1149);
#1148 = CARTESIAN_POINT('',(2.548781377356E-14,-3.65,2.05));
#1149 = VECTOR('',#1150,1.);
#1150 = DIRECTION('',(-1.,-6.982962677686E-15,0.));
#1151 = ORIENTED_EDGE('',*,*,#1152,.F.);
#1152 = EDGE_CURVE('',#1153,#1145,#1155,.T.);
#1153 = VERTEX_POINT('',#1154);
#1154 = CARTESIAN_POINT('',(1.375791667814,-3.74,2.05));
#1155 = LINE('',#1156,#1157);
#1156 = CARTESIAN_POINT('',(1.375791667814,-3.65,2.05));
#1157 = VECTOR('',#1158,1.);
#1158 = DIRECTION('',(-6.982962677686E-15,1.,0.));
#1159 = ORIENTED_EDGE('',*,*,#1160,.F.);
#1160 = EDGE_CURVE('',#1161,#1153,#1163,.T.);
#1161 = VERTEX_POINT('',#1162);
#1162 = CARTESIAN_POINT('',(1.325058822779,-3.74,2.05));
#1163 = LINE('',#1164,#1165);
#1164 = CARTESIAN_POINT('',(1.325058822779,-3.74,2.05));
#1165 = VECTOR('',#1166,1.);
#1166 = DIRECTION('',(1.,6.982962677686E-15,0.));
#1167 = ORIENTED_EDGE('',*,*,#1168,.F.);
#1168 = EDGE_CURVE('',#1169,#1161,#1171,.T.);
#1169 = VERTEX_POINT('',#1170);
#1170 = CARTESIAN_POINT('',(1.325058822779,-3.75,2.05));
#1171 = LINE('',#1172,#1173);
#1172 = CARTESIAN_POINT('',(1.325058822779,-3.75,2.05));
#1173 = VECTOR('',#1174,1.);
#1174 = DIRECTION('',(-6.982962677686E-15,1.,0.));
#1175 = ORIENTED_EDGE('',*,*,#1176,.F.);
#1176 = EDGE_CURVE('',#1177,#1169,#1179,.T.);
#1177 = VERTEX_POINT('',#1178);
#1178 = CARTESIAN_POINT('',(-1.077206093338,-3.75,2.05));
#1179 = LINE('',#1180,#1181);
#1180 = CARTESIAN_POINT('',(-1.077206093338,-3.75,2.05));
#1181 = VECTOR('',#1182,1.);
#1182 = DIRECTION('',(1.,6.982962677686E-15,0.));
#1183 = ORIENTED_EDGE('',*,*,#1184,.F.);
#1184 = EDGE_CURVE('',#1185,#1177,#1187,.T.);
#1185 = VERTEX_POINT('',#1186);
#1186 = CARTESIAN_POINT('',(-1.077206093338,-3.74,2.05));
#1187 = LINE('',#1188,#1189);
#1188 = CARTESIAN_POINT('',(-1.077206093338,-3.74,2.05));
#1189 = VECTOR('',#1190,1.);
#1190 = DIRECTION('',(6.982962677686E-15,-1.,0.));
#1191 = ORIENTED_EDGE('',*,*,#1192,.F.);
#1192 = EDGE_CURVE('',#1193,#1185,#1195,.T.);
#1193 = VERTEX_POINT('',#1194);
#1194 = CARTESIAN_POINT('',(-1.126508299572,-3.74,2.05));
#1195 = LINE('',#1196,#1197);
#1196 = CARTESIAN_POINT('',(-1.639641133223,-3.74,2.05));
#1197 = VECTOR('',#1198,1.);
#1198 = DIRECTION('',(1.,6.982962677686E-15,0.));
#1199 = ORIENTED_EDGE('',*,*,#1200,.F.);
#1200 = EDGE_CURVE('',#1201,#1193,#1203,.T.);
#1201 = VERTEX_POINT('',#1202);
#1202 = CARTESIAN_POINT('',(-1.126508299572,-3.65,2.05));
#1203 = LINE('',#1204,#1205);
#1204 = CARTESIAN_POINT('',(-1.126508299572,-3.65,2.05));
#1205 = VECTOR('',#1206,1.);
#1206 = DIRECTION('',(6.982962677686E-15,-1.,0.));
#1207 = ORIENTED_EDGE('',*,*,#1208,.T.);
#1208 = EDGE_CURVE('',#1201,#1209,#1211,.T.);
#1209 = VERTEX_POINT('',#1210);
#1210 = CARTESIAN_POINT('',(-1.588949817162,-3.65,2.05));
#1211 = LINE('',#1212,#1213);
#1212 = CARTESIAN_POINT('',(2.548781377356E-14,-3.65,2.05));
#1213 = VECTOR('',#1214,1.);
#1214 = DIRECTION('',(-1.,-6.982962677686E-15,0.));
#1215 = ORIENTED_EDGE('',*,*,#1216,.F.);
#1216 = EDGE_CURVE('',#1217,#1209,#1219,.T.);
#1217 = VERTEX_POINT('',#1218);
#1218 = CARTESIAN_POINT('',(-1.588949817162,-3.74,2.05));
#1219 = LINE('',#1220,#1221);
#1220 = CARTESIAN_POINT('',(-1.588949817162,-3.65,2.05));
#1221 = VECTOR('',#1222,1.);
#1222 = DIRECTION('',(-6.982962677686E-15,1.,0.));
#1223 = ORIENTED_EDGE('',*,*,#1224,.F.);
#1224 = EDGE_CURVE('',#1225,#1217,#1227,.T.);
#1225 = VERTEX_POINT('',#1226);
#1226 = CARTESIAN_POINT('',(-1.639641133223,-3.74,2.05));
#1227 = LINE('',#1228,#1229);
#1228 = CARTESIAN_POINT('',(-1.639641133223,-3.74,2.05));
#1229 = VECTOR('',#1230,1.);
#1230 = DIRECTION('',(1.,6.982962677686E-15,0.));
#1231 = ORIENTED_EDGE('',*,*,#1232,.F.);
#1232 = EDGE_CURVE('',#1233,#1225,#1235,.T.);
#1233 = VERTEX_POINT('',#1234);
#1234 = CARTESIAN_POINT('',(-1.639641133223,-3.75,2.05));
#1235 = LINE('',#1236,#1237);
#1236 = CARTESIAN_POINT('',(-1.639641133223,-3.75,2.05));
#1237 = VECTOR('',#1238,1.);
#1238 = DIRECTION('',(-6.982962677686E-15,1.,0.));
#1239 = ORIENTED_EDGE('',*,*,#1240,.F.);
#1240 = EDGE_CURVE('',#1241,#1233,#1243,.T.);
#1241 = VERTEX_POINT('',#1242);
#1242 = CARTESIAN_POINT('',(-2.331118318204,-3.75,2.05));
#1243 = LINE('',#1244,#1245);
#1244 = CARTESIAN_POINT('',(-2.331118318204,-3.75,2.05));
#1245 = VECTOR('',#1246,1.);
#1246 = DIRECTION('',(1.,4.461378073622E-14,0.));
#1247 = ORIENTED_EDGE('',*,*,#1248,.F.);
#1248 = EDGE_CURVE('',#1249,#1241,#1251,.T.);
#1249 = VERTEX_POINT('',#1250);
#1250 = CARTESIAN_POINT('',(-3.75,-2.331118318204,2.05));
#1251 = LINE('',#1252,#1253);
#1252 = CARTESIAN_POINT('',(-3.75,-2.331118318204,2.05));
#1253 = VECTOR('',#1254,1.);
#1254 = DIRECTION('',(0.707106781187,-0.707106781187,0.));
#1255 = ORIENTED_EDGE('',*,*,#1256,.F.);
#1256 = EDGE_CURVE('',#1257,#1249,#1259,.T.);
#1257 = VERTEX_POINT('',#1258);
#1258 = CARTESIAN_POINT('',(-3.75,2.331118318204,2.05));
#1259 = LINE('',#1260,#1261);
#1260 = CARTESIAN_POINT('',(-3.75,2.331118318204,2.05));
#1261 = VECTOR('',#1262,1.);
#1262 = DIRECTION('',(8.657321199288E-15,-1.,0.));
#1263 = ORIENTED_EDGE('',*,*,#1264,.F.);
#1264 = EDGE_CURVE('',#1265,#1257,#1267,.T.);
#1265 = VERTEX_POINT('',#1266);
#1266 = CARTESIAN_POINT('',(-2.331118318204,3.75,2.05));
#1267 = LINE('',#1268,#1269);
#1268 = CARTESIAN_POINT('',(-2.331118318204,3.75,2.05));
#1269 = VECTOR('',#1270,1.);
#1270 = DIRECTION('',(-0.707106781187,-0.707106781187,0.));
#1271 = ORIENTED_EDGE('',*,*,#1272,.F.);
#1272 = EDGE_CURVE('',#1273,#1265,#1275,.T.);
#1273 = VERTEX_POINT('',#1274);
#1274 = CARTESIAN_POINT('',(-1.639641133223,3.75,2.05));
#1275 = LINE('',#1276,#1277);
#1276 = CARTESIAN_POINT('',(-1.639641133223,3.75,2.05));
#1277 = VECTOR('',#1278,1.);
#1278 = DIRECTION('',(-1.,-6.982962677686E-15,0.));
#1279 = ORIENTED_EDGE('',*,*,#1280,.F.);
#1280 = EDGE_CURVE('',#1034,#1273,#1281,.T.);
#1281 = LINE('',#1282,#1283);
#1282 = CARTESIAN_POINT('',(-1.639641133223,3.74,2.05));
#1283 = VECTOR('',#1284,1.);
#1284 = DIRECTION('',(-6.982962677686E-15,1.,0.));
#1285 = ORIENTED_EDGE('',*,*,#1033,.F.);
#1286 = ORIENTED_EDGE('',*,*,#1287,.F.);
#1287 = EDGE_CURVE('',#1288,#1024,#1290,.T.);
#1288 = VERTEX_POINT('',#1289);
#1289 = CARTESIAN_POINT('',(-1.588949817162,3.65,2.05));
#1290 = LINE('',#1291,#1292);
#1291 = CARTESIAN_POINT('',(-1.588949817162,-1.109557726996E-14,2.05));
#1292 = VECTOR('',#1293,1.);
#1293 = DIRECTION('',(-6.982962677686E-15,1.,0.));
#1294 = ORIENTED_EDGE('',*,*,#1295,.F.);
#1295 = EDGE_CURVE('',#1296,#1288,#1298,.T.);
#1296 = VERTEX_POINT('',#1297);
#1297 = CARTESIAN_POINT('',(-1.126508299572,3.65,2.05));
#1298 = LINE('',#1299,#1300);
#1299 = CARTESIAN_POINT('',(-2.548781377356E-14,3.65,2.05));
#1300 = VECTOR('',#1301,1.);
#1301 = DIRECTION('',(-1.,-6.982962677686E-15,0.));
#1302 = ORIENTED_EDGE('',*,*,#1303,.F.);
#1303 = EDGE_CURVE('',#986,#1296,#1304,.T.);
#1304 = LINE('',#1305,#1306);
#1305 = CARTESIAN_POINT('',(-1.126508299572,-7.866365412014E-15,2.05));
#1306 = VECTOR('',#1307,1.);
#1307 = DIRECTION('',(6.982962677686E-15,-1.,0.));
#1308 = ORIENTED_EDGE('',*,*,#1009,.F.);
#1309 = ORIENTED_EDGE('',*,*,#1310,.F.);
#1310 = EDGE_CURVE('',#1311,#1002,#1313,.T.);
#1311 = VERTEX_POINT('',#1312);
#1312 = CARTESIAN_POINT('',(-1.077206093339,3.75,2.05));
#1313 = LINE('',#1314,#1315);
#1314 = CARTESIAN_POINT('',(-1.077206093339,3.75,2.05));
#1315 = VECTOR('',#1316,1.);
#1316 = DIRECTION('',(6.982962677686E-15,-1.,0.));
#1317 = ORIENTED_EDGE('',*,*,#1318,.F.);
#1318 = EDGE_CURVE('',#1319,#1311,#1321,.T.);
#1319 = VERTEX_POINT('',#1320);
#1320 = CARTESIAN_POINT('',(1.325058822779,3.75,2.05));
#1321 = LINE('',#1322,#1323);
#1322 = CARTESIAN_POINT('',(1.325058822779,3.75,2.05));
#1323 = VECTOR('',#1324,1.);
#1324 = DIRECTION('',(-1.,-6.982962677686E-15,0.));
#1325 = ORIENTED_EDGE('',*,*,#1326,.F.);
#1326 = EDGE_CURVE('',#954,#1319,#1327,.T.);
#1327 = LINE('',#1328,#1329);
#1328 = CARTESIAN_POINT('',(1.325058822779,3.74,2.05));
#1329 = VECTOR('',#1330,1.);
#1330 = DIRECTION('',(-6.982962677686E-15,1.,0.));
#1331 = ORIENTED_EDGE('',*,*,#953,.F.);
#1332 = ORIENTED_EDGE('',*,*,#1333,.F.);
#1333 = EDGE_CURVE('',#1334,#944,#1336,.T.);
#1334 = VERTEX_POINT('',#1335);
#1335 = CARTESIAN_POINT('',(1.375791667814,3.65,2.05));
#1336 = LINE('',#1337,#1338);
#1337 = CARTESIAN_POINT('',(1.375791667814,9.607101868614E-15,2.05));
#1338 = VECTOR('',#1339,1.);
#1339 = DIRECTION('',(-6.982962677686E-15,1.,0.));
#1340 = ORIENTED_EDGE('',*,*,#1341,.F.);
#1341 = EDGE_CURVE('',#1064,#1334,#1342,.T.);
#1342 = LINE('',#1343,#1344);
#1343 = CARTESIAN_POINT('',(-2.548781377356E-14,3.65,2.05));
#1344 = VECTOR('',#1345,1.);
#1345 = DIRECTION('',(-1.,-6.982962677686E-15,0.));
#1346 = PLANE('',#1347);
#1347 = AXIS2_PLACEMENT_3D('',#1348,#1349,#1350);
#1348 = CARTESIAN_POINT('',(0.,0.,2.05));
#1349 = DIRECTION('',(0.,0.,1.));
#1350 = DIRECTION('',(-1.,-6.982962677686E-15,0.));
#1351 = ADVANCED_FACE('',(#1352),#1368,.F.);
#1352 = FACE_BOUND('',#1353,.T.);
#1353 = EDGE_LOOP('',(#1354,#1355,#1361,#1362));
#1354 = ORIENTED_EDGE('',*,*,#1208,.F.);
#1355 = ORIENTED_EDGE('',*,*,#1356,.F.);
#1356 = EDGE_CURVE('',#754,#1201,#1357,.T.);
#1357 = LINE('',#1358,#1359);
#1358 = CARTESIAN_POINT('',(-1.121270387522,-3.65,1.060407348283));
#1359 = VECTOR('',#1360,1.);
#1360 = DIRECTION('',(-5.292923982143E-03,-3.696029062314E-17,
    0.99998599238));
#1361 = ORIENTED_EDGE('',*,*,#753,.F.);
#1362 = ORIENTED_EDGE('',*,*,#1363,.F.);
#1363 = EDGE_CURVE('',#1209,#746,#1364,.T.);
#1364 = LINE('',#1365,#1366);
#1365 = CARTESIAN_POINT('',(-1.589479116974,-3.65,2.15));
#1366 = VECTOR('',#1367,1.);
#1367 = DIRECTION('',(5.292923982143E-03,3.696029062314E-17,
    -0.99998599238));
#1368 = PLANE('',#1369);
#1369 = AXIS2_PLACEMENT_3D('',#1370,#1371,#1372);
#1370 = CARTESIAN_POINT('',(2.548781377356E-14,-3.65,0.));
#1371 = DIRECTION('',(6.982962677686E-15,-1.,0.));
#1372 = DIRECTION('',(0.,0.,1.));
#1373 = ADVANCED_FACE('',(#1374),#1417,.T.);
#1374 = FACE_BOUND('',#1375,.T.);
#1375 = EDGE_LOOP('',(#1376,#1386,#1392,#1393,#1394,#1395,#1403,#1411));
#1376 = ORIENTED_EDGE('',*,*,#1377,.F.);
#1377 = EDGE_CURVE('',#1378,#1380,#1382,.T.);
#1378 = VERTEX_POINT('',#1379);
#1379 = CARTESIAN_POINT('',(-1.589479116974,-3.74,2.15));
#1380 = VERTEX_POINT('',#1381);
#1381 = CARTESIAN_POINT('',(-1.589479116974,-3.75,2.15));
#1382 = LINE('',#1383,#1384);
#1383 = CARTESIAN_POINT('',(-1.589479116974,-3.65,2.15));
#1384 = VECTOR('',#1385,1.);
#1385 = DIRECTION('',(6.982962677686E-15,-1.,0.));
#1386 = ORIENTED_EDGE('',*,*,#1387,.T.);
#1387 = EDGE_CURVE('',#1378,#1217,#1388,.T.);
#1388 = LINE('',#1389,#1390);
#1389 = CARTESIAN_POINT('',(-1.589479116974,-3.74,2.15));
#1390 = VECTOR('',#1391,1.);
#1391 = DIRECTION('',(5.292923982143E-03,3.696029062314E-17,
    -0.99998599238));
#1392 = ORIENTED_EDGE('',*,*,#1216,.T.);
#1393 = ORIENTED_EDGE('',*,*,#1363,.T.);
#1394 = ORIENTED_EDGE('',*,*,#745,.T.);
#1395 = ORIENTED_EDGE('',*,*,#1396,.T.);
#1396 = EDGE_CURVE('',#738,#1397,#1399,.T.);
#1397 = VERTEX_POINT('',#1398);
#1398 = CARTESIAN_POINT('',(-1.582596431968,-3.74,0.849662300243));
#1399 = LINE('',#1400,#1401);
#1400 = CARTESIAN_POINT('',(-1.578054960488,-3.74,-8.352641946146E-03));
#1401 = VECTOR('',#1402,1.);
#1402 = DIRECTION('',(5.292923982143E-03,3.696029062314E-17,
    -0.99998599238));
#1403 = ORIENTED_EDGE('',*,*,#1404,.T.);
#1404 = EDGE_CURVE('',#1397,#1405,#1407,.T.);
#1405 = VERTEX_POINT('',#1406);
#1406 = CARTESIAN_POINT('',(-1.582596431968,-3.75,0.849662300243));
#1407 = LINE('',#1408,#1409);
#1408 = CARTESIAN_POINT('',(-1.582596431968,-3.65,0.849662300243));
#1409 = VECTOR('',#1410,1.);
#1410 = DIRECTION('',(6.982962677686E-15,-1.,0.));
#1411 = ORIENTED_EDGE('',*,*,#1412,.F.);
#1412 = EDGE_CURVE('',#1380,#1405,#1413,.T.);
#1413 = LINE('',#1414,#1415);
#1414 = CARTESIAN_POINT('',(-1.589479116974,-3.75,2.15));
#1415 = VECTOR('',#1416,1.);
#1416 = DIRECTION('',(5.292923982143E-03,3.696029062314E-17,
    -0.99998599238));
#1417 = PLANE('',#1418);
#1418 = AXIS2_PLACEMENT_3D('',#1419,#1420,#1421);
#1419 = CARTESIAN_POINT('',(-1.589479116974,-3.65,2.15));
#1420 = DIRECTION('',(-0.99998599238,-6.982864862997E-15,
    -5.292923982143E-03));
#1421 = DIRECTION('',(5.292923982143E-03,3.696029062314E-17,
    -0.99998599238));
#1422 = ADVANCED_FACE('',(#1423),#1466,.T.);
#1423 = FACE_BOUND('',#1424,.T.);
#1424 = EDGE_LOOP('',(#1425,#1426,#1434,#1442,#1450,#1458,#1464,#1465));
#1425 = ORIENTED_EDGE('',*,*,#1200,.T.);
#1426 = ORIENTED_EDGE('',*,*,#1427,.T.);
#1427 = EDGE_CURVE('',#1193,#1428,#1430,.T.);
#1428 = VERTEX_POINT('',#1429);
#1429 = CARTESIAN_POINT('',(-1.127037599384,-3.74,2.15));
#1430 = LINE('',#1431,#1432);
#1431 = CARTESIAN_POINT('',(-1.121270387522,-3.74,1.060407348283));
#1432 = VECTOR('',#1433,1.);
#1433 = DIRECTION('',(-5.292923982143E-03,-3.696029062314E-17,
    0.99998599238));
#1434 = ORIENTED_EDGE('',*,*,#1435,.T.);
#1435 = EDGE_CURVE('',#1428,#1436,#1438,.T.);
#1436 = VERTEX_POINT('',#1437);
#1437 = CARTESIAN_POINT('',(-1.127037599384,-3.75,2.15));
#1438 = LINE('',#1439,#1440);
#1439 = CARTESIAN_POINT('',(-1.127037599384,-3.65,2.15));
#1440 = VECTOR('',#1441,1.);
#1441 = DIRECTION('',(6.982962677686E-15,-1.,0.));
#1442 = ORIENTED_EDGE('',*,*,#1443,.F.);
#1443 = EDGE_CURVE('',#1444,#1436,#1446,.T.);
#1444 = VERTEX_POINT('',#1445);
#1445 = CARTESIAN_POINT('',(-1.121270387522,-3.75,1.060407348283));
#1446 = LINE('',#1447,#1448);
#1447 = CARTESIAN_POINT('',(-1.121270387522,-3.75,1.060407348283));
#1448 = VECTOR('',#1449,1.);
#1449 = DIRECTION('',(-5.292923982143E-03,-3.696029062314E-17,
    0.99998599238));
#1450 = ORIENTED_EDGE('',*,*,#1451,.F.);
#1451 = EDGE_CURVE('',#1452,#1444,#1454,.T.);
#1452 = VERTEX_POINT('',#1453);
#1453 = CARTESIAN_POINT('',(-1.121270387522,-3.74,1.060407348283));
#1454 = LINE('',#1455,#1456);
#1455 = CARTESIAN_POINT('',(-1.121270387522,-3.65,1.060407348283));
#1456 = VECTOR('',#1457,1.);
#1457 = DIRECTION('',(6.982962677686E-15,-1.,0.));
#1458 = ORIENTED_EDGE('',*,*,#1459,.T.);
#1459 = EDGE_CURVE('',#1452,#762,#1460,.T.);
#1460 = LINE('',#1461,#1462);
#1461 = CARTESIAN_POINT('',(-1.115626398218,-3.74,-5.905008433357E-03));
#1462 = VECTOR('',#1463,1.);
#1463 = DIRECTION('',(-5.292923982143E-03,-3.696029062314E-17,
    0.99998599238));
#1464 = ORIENTED_EDGE('',*,*,#761,.T.);
#1465 = ORIENTED_EDGE('',*,*,#1356,.T.);
#1466 = PLANE('',#1467);
#1467 = AXIS2_PLACEMENT_3D('',#1468,#1469,#1470);
#1468 = CARTESIAN_POINT('',(-1.121270387522,-3.65,1.060407348283));
#1469 = DIRECTION('',(0.99998599238,6.982864862997E-15,
    5.292923982143E-03));
#1470 = DIRECTION('',(-5.292923982143E-03,-3.696029062314E-17,
    0.99998599238));
#1471 = ADVANCED_FACE('',(#1472),#1520,.T.);
#1472 = FACE_BOUND('',#1473,.T.);
#1473 = EDGE_LOOP('',(#1474,#1484,#1490,#1491,#1497,#1498,#1506,#1514));
#1474 = ORIENTED_EDGE('',*,*,#1475,.F.);
#1475 = EDGE_CURVE('',#1476,#1478,#1480,.T.);
#1476 = VERTEX_POINT('',#1477);
#1477 = CARTESIAN_POINT('',(1.375262368001,-3.74,2.15));
#1478 = VERTEX_POINT('',#1479);
#1479 = CARTESIAN_POINT('',(1.375262368001,-3.75,2.15));
#1480 = LINE('',#1481,#1482);
#1481 = CARTESIAN_POINT('',(1.375262368001,-3.65,2.15));
#1482 = VECTOR('',#1483,1.);
#1483 = DIRECTION('',(6.982962677686E-15,-1.,0.));
#1484 = ORIENTED_EDGE('',*,*,#1485,.T.);
#1485 = EDGE_CURVE('',#1476,#1153,#1486,.T.);
#1486 = LINE('',#1487,#1488);
#1487 = CARTESIAN_POINT('',(1.375262368001,-3.74,2.15));
#1488 = VECTOR('',#1489,1.);
#1489 = DIRECTION('',(5.292923982144E-03,3.696029062314E-17,
    -0.99998599238));
#1490 = ORIENTED_EDGE('',*,*,#1152,.T.);
#1491 = ORIENTED_EDGE('',*,*,#1492,.T.);
#1492 = EDGE_CURVE('',#1145,#810,#1493,.T.);
#1493 = LINE('',#1494,#1495);
#1494 = CARTESIAN_POINT('',(1.375262368001,-3.65,2.15));
#1495 = VECTOR('',#1496,1.);
#1496 = DIRECTION('',(5.292923982144E-03,3.696029062314E-17,
    -0.99998599238));
#1497 = ORIENTED_EDGE('',*,*,#809,.T.);
#1498 = ORIENTED_EDGE('',*,*,#1499,.T.);
#1499 = EDGE_CURVE('',#802,#1500,#1502,.T.);
#1500 = VERTEX_POINT('',#1501);
#1501 = CARTESIAN_POINT('',(1.380959477819,-3.74,1.073651646268));
#1502 = LINE('',#1503,#1504);
#1503 = CARTESIAN_POINT('',(1.386603467123,-3.74,7.339289550839E-03));
#1504 = VECTOR('',#1505,1.);
#1505 = DIRECTION('',(5.292923982144E-03,3.696029062314E-17,
    -0.99998599238));
#1506 = ORIENTED_EDGE('',*,*,#1507,.T.);
#1507 = EDGE_CURVE('',#1500,#1508,#1510,.T.);
#1508 = VERTEX_POINT('',#1509);
#1509 = CARTESIAN_POINT('',(1.380959477819,-3.75,1.073651646268));
#1510 = LINE('',#1511,#1512);
#1511 = CARTESIAN_POINT('',(1.380959477819,-3.65,1.073651646268));
#1512 = VECTOR('',#1513,1.);
#1513 = DIRECTION('',(6.982962677686E-15,-1.,0.));
#1514 = ORIENTED_EDGE('',*,*,#1515,.F.);
#1515 = EDGE_CURVE('',#1478,#1508,#1516,.T.);
#1516 = LINE('',#1517,#1518);
#1517 = CARTESIAN_POINT('',(1.375262368001,-3.75,2.15));
#1518 = VECTOR('',#1519,1.);
#1519 = DIRECTION('',(5.292923982144E-03,3.696029062314E-17,
    -0.99998599238));
#1520 = PLANE('',#1521);
#1521 = AXIS2_PLACEMENT_3D('',#1522,#1523,#1524);
#1522 = CARTESIAN_POINT('',(1.375262368001,-3.65,2.15));
#1523 = DIRECTION('',(-0.99998599238,-6.982864862997E-15,
    -5.292923982144E-03));
#1524 = DIRECTION('',(5.292923982144E-03,3.696029062314E-17,
    -0.99998599238));
#1525 = ADVANCED_FACE('',(#1526),#1574,.T.);
#1526 = FACE_BOUND('',#1527,.T.);
#1527 = EDGE_LOOP('',(#1528,#1529,#1537,#1545,#1553,#1561,#1567,#1568));
#1528 = ORIENTED_EDGE('',*,*,#1136,.T.);
#1529 = ORIENTED_EDGE('',*,*,#1530,.T.);
#1530 = EDGE_CURVE('',#1129,#1531,#1533,.T.);
#1531 = VERTEX_POINT('',#1532);
#1532 = CARTESIAN_POINT('',(1.88536853969,-3.74,2.15));
#1533 = LINE('',#1534,#1535);
#1534 = CARTESIAN_POINT('',(1.88536853969,-3.74,0.849662300243));
#1535 = VECTOR('',#1536,1.);
#1536 = DIRECTION('',(0.,0.,1.));
#1537 = ORIENTED_EDGE('',*,*,#1538,.T.);
#1538 = EDGE_CURVE('',#1531,#1539,#1541,.T.);
#1539 = VERTEX_POINT('',#1540);
#1540 = CARTESIAN_POINT('',(1.88536853969,-3.75,2.15));
#1541 = LINE('',#1542,#1543);
#1542 = CARTESIAN_POINT('',(1.88536853969,-3.65,2.15));
#1543 = VECTOR('',#1544,1.);
#1544 = DIRECTION('',(6.982962677686E-15,-1.,0.));
#1545 = ORIENTED_EDGE('',*,*,#1546,.F.);
#1546 = EDGE_CURVE('',#1547,#1539,#1549,.T.);
#1547 = VERTEX_POINT('',#1548);
#1548 = CARTESIAN_POINT('',(1.88536853969,-3.75,0.849662300243));
#1549 = LINE('',#1550,#1551);
#1550 = CARTESIAN_POINT('',(1.88536853969,-3.75,0.849662300243));
#1551 = VECTOR('',#1552,1.);
#1552 = DIRECTION('',(0.,0.,1.));
#1553 = ORIENTED_EDGE('',*,*,#1554,.F.);
#1554 = EDGE_CURVE('',#1555,#1547,#1557,.T.);
#1555 = VERTEX_POINT('',#1556);
#1556 = CARTESIAN_POINT('',(1.88536853969,-3.74,0.849662300243));
#1557 = LINE('',#1558,#1559);
#1558 = CARTESIAN_POINT('',(1.88536853969,-3.65,0.849662300243));
#1559 = VECTOR('',#1560,1.);
#1560 = DIRECTION('',(6.982962677686E-15,-1.,0.));
#1561 = ORIENTED_EDGE('',*,*,#1562,.T.);
#1562 = EDGE_CURVE('',#1555,#826,#1563,.T.);
#1563 = LINE('',#1564,#1565);
#1564 = CARTESIAN_POINT('',(1.88536853969,-3.74,0.));
#1565 = VECTOR('',#1566,1.);
#1566 = DIRECTION('',(0.,0.,1.));
#1567 = ORIENTED_EDGE('',*,*,#825,.T.);
#1568 = ORIENTED_EDGE('',*,*,#1569,.T.);
#1569 = EDGE_CURVE('',#818,#1137,#1570,.T.);
#1570 = LINE('',#1571,#1572);
#1571 = CARTESIAN_POINT('',(1.88536853969,-3.65,0.849662300243));
#1572 = VECTOR('',#1573,1.);
#1573 = DIRECTION('',(0.,0.,1.));
#1574 = PLANE('',#1575);
#1575 = AXIS2_PLACEMENT_3D('',#1576,#1577,#1578);
#1576 = CARTESIAN_POINT('',(1.88536853969,-3.65,0.849662300243));
#1577 = DIRECTION('',(1.,6.982962677686E-15,-0.));
#1578 = DIRECTION('',(0.,0.,1.));
#1579 = ADVANCED_FACE('',(#1580),#1586,.F.);
#1580 = FACE_BOUND('',#1581,.T.);
#1581 = EDGE_LOOP('',(#1582,#1583,#1584,#1585));
#1582 = ORIENTED_EDGE('',*,*,#1144,.F.);
#1583 = ORIENTED_EDGE('',*,*,#1569,.F.);
#1584 = ORIENTED_EDGE('',*,*,#817,.F.);
#1585 = ORIENTED_EDGE('',*,*,#1492,.F.);
#1586 = PLANE('',#1587);
#1587 = AXIS2_PLACEMENT_3D('',#1588,#1589,#1590);
#1588 = CARTESIAN_POINT('',(2.548781377356E-14,-3.65,0.));
#1589 = DIRECTION('',(6.982962677686E-15,-1.,0.));
#1590 = DIRECTION('',(0.,0.,1.));
#1591 = ADVANCED_FACE('',(#1592),#1642,.T.);
#1592 = FACE_BOUND('',#1593,.T.);
#1593 = EDGE_LOOP('',(#1594,#1604,#1610,#1611,#1612,#1620,#1628,#1636));
#1594 = ORIENTED_EDGE('',*,*,#1595,.F.);
#1595 = EDGE_CURVE('',#1596,#1598,#1600,.T.);
#1596 = VERTEX_POINT('',#1597);
#1597 = CARTESIAN_POINT('',(-0.219885232513,-3.74,0.849662300243));
#1598 = VERTEX_POINT('',#1599);
#1599 = CARTESIAN_POINT('',(-0.219885232513,-3.74,0.5));
#1600 = LINE('',#1601,#1602);
#1601 = CARTESIAN_POINT('',(-0.219885232513,-3.74,-5.124559902708E-17));
#1602 = VECTOR('',#1603,1.);
#1603 = DIRECTION('',(2.330561195101E-16,1.627422184346E-30,-1.));
#1604 = ORIENTED_EDGE('',*,*,#1605,.F.);
#1605 = EDGE_CURVE('',#1397,#1596,#1606,.T.);
#1606 = LINE('',#1607,#1608);
#1607 = CARTESIAN_POINT('',(2.59134775656E-14,-3.74,0.849662300243));
#1608 = VECTOR('',#1609,1.);
#1609 = DIRECTION('',(1.,6.982962677686E-15,2.386864156365E-16));
#1610 = ORIENTED_EDGE('',*,*,#1396,.F.);
#1611 = ORIENTED_EDGE('',*,*,#737,.F.);
#1612 = ORIENTED_EDGE('',*,*,#1613,.F.);
#1613 = EDGE_CURVE('',#1614,#730,#1616,.T.);
#1614 = VERTEX_POINT('',#1615);
#1615 = CARTESIAN_POINT('',(-1.639641133223,-3.74,0.7411989007));
#1616 = LINE('',#1617,#1618);
#1617 = CARTESIAN_POINT('',(-1.639641133223,-3.74,2.14));
#1618 = VECTOR('',#1619,1.);
#1619 = DIRECTION('',(0.,0.,1.));
#1620 = ORIENTED_EDGE('',*,*,#1621,.F.);
#1621 = EDGE_CURVE('',#1622,#1614,#1624,.T.);
#1622 = VERTEX_POINT('',#1623);
#1623 = CARTESIAN_POINT('',(-0.270095923108,-3.74,0.7411989007));
#1624 = LINE('',#1625,#1626);
#1625 = CARTESIAN_POINT('',(-0.270095923108,-3.74,0.7411989007));
#1626 = VECTOR('',#1627,1.);
#1627 = DIRECTION('',(-1.,-6.982962677686E-15,0.));
#1628 = ORIENTED_EDGE('',*,*,#1629,.F.);
#1629 = EDGE_CURVE('',#1630,#1622,#1632,.T.);
#1630 = VERTEX_POINT('',#1631);
#1631 = CARTESIAN_POINT('',(-0.270095923108,-3.74,0.5));
#1632 = LINE('',#1633,#1634);
#1633 = CARTESIAN_POINT('',(-0.270095923108,-3.74,0.7411989007));
#1634 = VECTOR('',#1635,1.);
#1635 = DIRECTION('',(0.,0.,1.));
#1636 = ORIENTED_EDGE('',*,*,#1637,.F.);
#1637 = EDGE_CURVE('',#1598,#1630,#1638,.T.);
#1638 = LINE('',#1639,#1640);
#1639 = CARTESIAN_POINT('',(0.278039920847,-3.74,0.5));
#1640 = VECTOR('',#1641,1.);
#1641 = DIRECTION('',(-1.,-6.982962677686E-15,0.));
#1642 = PLANE('',#1643);
#1643 = AXIS2_PLACEMENT_3D('',#1644,#1645,#1646);
#1644 = CARTESIAN_POINT('',(2.611628041455E-14,-3.74,0.));
#1645 = DIRECTION('',(6.982962677686E-15,-1.,0.));
#1646 = DIRECTION('',(0.,-0.,-1.));
#1647 = ADVANCED_FACE('',(#1648),#1682,.T.);
#1648 = FACE_BOUND('',#1649,.T.);
#1649 = EDGE_LOOP('',(#1650,#1651,#1657,#1658,#1659,#1667,#1675,#1681));
#1650 = ORIENTED_EDGE('',*,*,#1459,.F.);
#1651 = ORIENTED_EDGE('',*,*,#1652,.F.);
#1652 = EDGE_CURVE('',#1500,#1452,#1653,.T.);
#1653 = LINE('',#1654,#1655);
#1654 = CARTESIAN_POINT('',(-5.643989304155E-03,-3.74,1.066312356717));
#1655 = VECTOR('',#1656,1.);
#1656 = DIRECTION('',(-0.99998599238,-6.982864862997E-15,
    -5.292923982143E-03));
#1657 = ORIENTED_EDGE('',*,*,#1499,.F.);
#1658 = ORIENTED_EDGE('',*,*,#801,.F.);
#1659 = ORIENTED_EDGE('',*,*,#1660,.F.);
#1660 = EDGE_CURVE('',#1661,#794,#1663,.T.);
#1661 = VERTEX_POINT('',#1662);
#1662 = CARTESIAN_POINT('',(1.325058822779,-3.74,1.160641981292));
#1663 = LINE('',#1664,#1665);
#1664 = CARTESIAN_POINT('',(1.325058822779,-3.74,2.14));
#1665 = VECTOR('',#1666,1.);
#1666 = DIRECTION('',(0.,0.,1.));
#1667 = ORIENTED_EDGE('',*,*,#1668,.F.);
#1668 = EDGE_CURVE('',#1669,#1661,#1671,.T.);
#1669 = VERTEX_POINT('',#1670);
#1670 = CARTESIAN_POINT('',(-1.077206093338,-3.74,1.160641981292));
#1671 = LINE('',#1672,#1673);
#1672 = CARTESIAN_POINT('',(1.325058822779,-3.74,1.160641981292));
#1673 = VECTOR('',#1674,1.);
#1674 = DIRECTION('',(1.,6.982962677686E-15,0.));
#1675 = ORIENTED_EDGE('',*,*,#1676,.F.);
#1676 = EDGE_CURVE('',#770,#1669,#1677,.T.);
#1677 = LINE('',#1678,#1679);
#1678 = CARTESIAN_POINT('',(-1.077206093338,-3.74,2.14));
#1679 = VECTOR('',#1680,1.);
#1680 = DIRECTION('',(-2.214107919217E-16,-1.546103296426E-30,-1.));
#1681 = ORIENTED_EDGE('',*,*,#769,.F.);
#1682 = PLANE('',#1683);
#1683 = AXIS2_PLACEMENT_3D('',#1684,#1685,#1686);
#1684 = CARTESIAN_POINT('',(2.611628041455E-14,-3.74,0.));
#1685 = DIRECTION('',(6.982962677686E-15,-1.,0.));
#1686 = DIRECTION('',(0.,-0.,-1.));
#1687 = ADVANCED_FACE('',(#1688),#1745,.T.);
#1688 = FACE_BOUND('',#1689,.T.);
#1689 = EDGE_LOOP('',(#1690,#1698,#1699,#1707,#1715,#1723,#1731,#1739));
#1690 = ORIENTED_EDGE('',*,*,#1691,.F.);
#1691 = EDGE_CURVE('',#850,#1692,#1694,.T.);
#1692 = VERTEX_POINT('',#1693);
#1693 = CARTESIAN_POINT('',(2.331118318204,-3.75,0.));
#1694 = LINE('',#1695,#1696);
#1695 = CARTESIAN_POINT('',(2.331118318204,-3.75,2.14));
#1696 = VECTOR('',#1697,1.);
#1697 = DIRECTION('',(0.,0.,-1.));
#1698 = ORIENTED_EDGE('',*,*,#849,.F.);
#1699 = ORIENTED_EDGE('',*,*,#1700,.T.);
#1700 = EDGE_CURVE('',#842,#1701,#1703,.T.);
#1701 = VERTEX_POINT('',#1702);
#1702 = CARTESIAN_POINT('',(1.935157849095,-3.75,0.7411989007));
#1703 = LINE('',#1704,#1705);
#1704 = CARTESIAN_POINT('',(1.935157849095,-3.75,2.14));
#1705 = VECTOR('',#1706,1.);
#1706 = DIRECTION('',(0.,-0.,-1.));
#1707 = ORIENTED_EDGE('',*,*,#1708,.T.);
#1708 = EDGE_CURVE('',#1701,#1709,#1711,.T.);
#1709 = VERTEX_POINT('',#1710);
#1710 = CARTESIAN_POINT('',(0.278039920847,-3.75,0.7411989007));
#1711 = LINE('',#1712,#1713);
#1712 = CARTESIAN_POINT('',(1.935157849095,-3.75,0.7411989007));
#1713 = VECTOR('',#1714,1.);
#1714 = DIRECTION('',(-1.,-6.982962677686E-15,0.));
#1715 = ORIENTED_EDGE('',*,*,#1716,.T.);
#1716 = EDGE_CURVE('',#1709,#1717,#1719,.T.);
#1717 = VERTEX_POINT('',#1718);
#1718 = CARTESIAN_POINT('',(0.278039920847,-3.75,0.5));
#1719 = LINE('',#1720,#1721);
#1720 = CARTESIAN_POINT('',(0.278039920847,-3.75,0.7411989007));
#1721 = VECTOR('',#1722,1.);
#1722 = DIRECTION('',(0.,-0.,-1.));
#1723 = ORIENTED_EDGE('',*,*,#1724,.F.);
#1724 = EDGE_CURVE('',#1725,#1717,#1727,.T.);
#1725 = VERTEX_POINT('',#1726);
#1726 = CARTESIAN_POINT('',(0.822437412926,-3.75,0.5));
#1727 = LINE('',#1728,#1729);
#1728 = CARTESIAN_POINT('',(-0.945803024864,-3.75,0.5));
#1729 = VECTOR('',#1730,1.);
#1730 = DIRECTION('',(-1.,-6.982962677686E-15,0.));
#1731 = ORIENTED_EDGE('',*,*,#1732,.T.);
#1732 = EDGE_CURVE('',#1725,#1733,#1735,.T.);
#1733 = VERTEX_POINT('',#1734);
#1734 = CARTESIAN_POINT('',(0.822437412926,-3.75,0.));
#1735 = LINE('',#1736,#1737);
#1736 = CARTESIAN_POINT('',(0.822437412926,-3.75,0.5));
#1737 = VECTOR('',#1738,1.);
#1738 = DIRECTION('',(0.,0.,-1.));
#1739 = ORIENTED_EDGE('',*,*,#1740,.F.);
#1740 = EDGE_CURVE('',#1692,#1733,#1741,.T.);
#1741 = LINE('',#1742,#1743);
#1742 = CARTESIAN_POINT('',(2.331118318204,-3.75,0.));
#1743 = VECTOR('',#1744,1.);
#1744 = DIRECTION('',(-1.,-6.982962677686E-15,0.));
#1745 = PLANE('',#1746);
#1746 = AXIS2_PLACEMENT_3D('',#1747,#1748,#1749);
#1747 = CARTESIAN_POINT('',(2.331118318204,-3.75,2.14));
#1748 = DIRECTION('',(6.982962677686E-15,-1.,0.));
#1749 = DIRECTION('',(0.,0.,1.));
#1750 = ADVANCED_FACE('',(#1751),#1808,.T.);
#1751 = FACE_BOUND('',#1752,.T.);
#1752 = EDGE_LOOP('',(#1753,#1761,#1762,#1770,#1778,#1786,#1794,#1802));
#1753 = ORIENTED_EDGE('',*,*,#1754,.T.);
#1754 = EDGE_CURVE('',#1755,#722,#1757,.T.);
#1755 = VERTEX_POINT('',#1756);
#1756 = CARTESIAN_POINT('',(-1.639641133223,-3.75,0.7411989007));
#1757 = LINE('',#1758,#1759);
#1758 = CARTESIAN_POINT('',(-1.639641133223,-3.75,2.14));
#1759 = VECTOR('',#1760,1.);
#1760 = DIRECTION('',(0.,0.,1.));
#1761 = ORIENTED_EDGE('',*,*,#721,.F.);
#1762 = ORIENTED_EDGE('',*,*,#1763,.T.);
#1763 = EDGE_CURVE('',#714,#1764,#1766,.T.);
#1764 = VERTEX_POINT('',#1765);
#1765 = CARTESIAN_POINT('',(-2.331118318204,-3.75,0.));
#1766 = LINE('',#1767,#1768);
#1767 = CARTESIAN_POINT('',(-2.331118318204,-3.75,2.14));
#1768 = VECTOR('',#1769,1.);
#1769 = DIRECTION('',(0.,0.,-1.));
#1770 = ORIENTED_EDGE('',*,*,#1771,.F.);
#1771 = EDGE_CURVE('',#1772,#1764,#1774,.T.);
#1772 = VERTEX_POINT('',#1773);
#1773 = CARTESIAN_POINT('',(-0.945803024864,-3.75,0.));
#1774 = LINE('',#1775,#1776);
#1775 = CARTESIAN_POINT('',(2.331118318204,-3.75,0.));
#1776 = VECTOR('',#1777,1.);
#1777 = DIRECTION('',(-1.,-6.982962677686E-15,0.));
#1778 = ORIENTED_EDGE('',*,*,#1779,.F.);
#1779 = EDGE_CURVE('',#1780,#1772,#1782,.T.);
#1780 = VERTEX_POINT('',#1781);
#1781 = CARTESIAN_POINT('',(-0.945803024864,-3.75,0.5));
#1782 = LINE('',#1783,#1784);
#1783 = CARTESIAN_POINT('',(-0.945803024864,-3.75,0.5));
#1784 = VECTOR('',#1785,1.);
#1785 = DIRECTION('',(0.,0.,-1.));
#1786 = ORIENTED_EDGE('',*,*,#1787,.F.);
#1787 = EDGE_CURVE('',#1788,#1780,#1790,.T.);
#1788 = VERTEX_POINT('',#1789);
#1789 = CARTESIAN_POINT('',(-0.270095923108,-3.75,0.5));
#1790 = LINE('',#1791,#1792);
#1791 = CARTESIAN_POINT('',(-0.945803024864,-3.75,0.5));
#1792 = VECTOR('',#1793,1.);
#1793 = DIRECTION('',(-1.,-6.982962677686E-15,0.));
#1794 = ORIENTED_EDGE('',*,*,#1795,.T.);
#1795 = EDGE_CURVE('',#1788,#1796,#1798,.T.);
#1796 = VERTEX_POINT('',#1797);
#1797 = CARTESIAN_POINT('',(-0.270095923108,-3.75,0.7411989007));
#1798 = LINE('',#1799,#1800);
#1799 = CARTESIAN_POINT('',(-0.270095923108,-3.75,0.7411989007));
#1800 = VECTOR('',#1801,1.);
#1801 = DIRECTION('',(0.,0.,1.));
#1802 = ORIENTED_EDGE('',*,*,#1803,.T.);
#1803 = EDGE_CURVE('',#1796,#1755,#1804,.T.);
#1804 = LINE('',#1805,#1806);
#1805 = CARTESIAN_POINT('',(-0.270095923108,-3.75,0.7411989007));
#1806 = VECTOR('',#1807,1.);
#1807 = DIRECTION('',(-1.,-6.982962677686E-15,0.));
#1808 = PLANE('',#1809);
#1809 = AXIS2_PLACEMENT_3D('',#1810,#1811,#1812);
#1810 = CARTESIAN_POINT('',(2.331118318204,-3.75,2.14));
#1811 = DIRECTION('',(6.982962677686E-15,-1.,0.));
#1812 = DIRECTION('',(0.,0.,1.));
#1813 = ADVANCED_FACE('',(#1814),#1839,.T.);
#1814 = FACE_BOUND('',#1815,.T.);
#1815 = EDGE_LOOP('',(#1816,#1824,#1825,#1833));
#1816 = ORIENTED_EDGE('',*,*,#1817,.T.);
#1817 = EDGE_CURVE('',#1818,#786,#1820,.T.);
#1818 = VERTEX_POINT('',#1819);
#1819 = CARTESIAN_POINT('',(1.325058822779,-3.75,1.160641981292));
#1820 = LINE('',#1821,#1822);
#1821 = CARTESIAN_POINT('',(1.325058822779,-3.75,2.14));
#1822 = VECTOR('',#1823,1.);
#1823 = DIRECTION('',(0.,0.,1.));
#1824 = ORIENTED_EDGE('',*,*,#785,.F.);
#1825 = ORIENTED_EDGE('',*,*,#1826,.T.);
#1826 = EDGE_CURVE('',#778,#1827,#1829,.T.);
#1827 = VERTEX_POINT('',#1828);
#1828 = CARTESIAN_POINT('',(-1.077206093338,-3.75,1.160641981292));
#1829 = LINE('',#1830,#1831);
#1830 = CARTESIAN_POINT('',(-1.077206093338,-3.75,2.14));
#1831 = VECTOR('',#1832,1.);
#1832 = DIRECTION('',(-2.214107919217E-16,-1.546103296426E-30,-1.));
#1833 = ORIENTED_EDGE('',*,*,#1834,.T.);
#1834 = EDGE_CURVE('',#1827,#1818,#1835,.T.);
#1835 = LINE('',#1836,#1837);
#1836 = CARTESIAN_POINT('',(1.325058822779,-3.75,1.160641981292));
#1837 = VECTOR('',#1838,1.);
#1838 = DIRECTION('',(1.,6.982962677686E-15,0.));
#1839 = PLANE('',#1840);
#1840 = AXIS2_PLACEMENT_3D('',#1841,#1842,#1843);
#1841 = CARTESIAN_POINT('',(2.331118318204,-3.75,2.14));
#1842 = DIRECTION('',(6.982962677686E-15,-1.,0.));
#1843 = DIRECTION('',(0.,0.,1.));
#1844 = ADVANCED_FACE('',(#1845),#1870,.F.);
#1845 = FACE_BOUND('',#1846,.T.);
#1846 = EDGE_LOOP('',(#1847,#1848,#1856,#1864));
#1847 = ORIENTED_EDGE('',*,*,#643,.F.);
#1848 = ORIENTED_EDGE('',*,*,#1849,.F.);
#1849 = EDGE_CURVE('',#1850,#636,#1852,.T.);
#1850 = VERTEX_POINT('',#1851);
#1851 = CARTESIAN_POINT('',(1.325058822779,3.75,1.160641981292));
#1852 = LINE('',#1853,#1854);
#1853 = CARTESIAN_POINT('',(1.325058822779,3.75,2.14));
#1854 = VECTOR('',#1855,1.);
#1855 = DIRECTION('',(0.,0.,1.));
#1856 = ORIENTED_EDGE('',*,*,#1857,.F.);
#1857 = EDGE_CURVE('',#1858,#1850,#1860,.T.);
#1858 = VERTEX_POINT('',#1859);
#1859 = CARTESIAN_POINT('',(-1.077206093339,3.75,1.160641981292));
#1860 = LINE('',#1861,#1862);
#1861 = CARTESIAN_POINT('',(1.325058822779,3.75,1.160641981292));
#1862 = VECTOR('',#1863,1.);
#1863 = DIRECTION('',(1.,6.982962677686E-15,-0.));
#1864 = ORIENTED_EDGE('',*,*,#1865,.F.);
#1865 = EDGE_CURVE('',#644,#1858,#1866,.T.);
#1866 = LINE('',#1867,#1868);
#1867 = CARTESIAN_POINT('',(-1.077206093339,3.75,2.14));
#1868 = VECTOR('',#1869,1.);
#1869 = DIRECTION('',(-2.214107919217E-16,-1.546103296426E-30,-1.));
#1870 = PLANE('',#1871);
#1871 = AXIS2_PLACEMENT_3D('',#1872,#1873,#1874);
#1872 = CARTESIAN_POINT('',(2.331118318204,3.75,2.14));
#1873 = DIRECTION('',(6.982962677686E-15,-1.,0.));
#1874 = DIRECTION('',(0.,0.,1.));
#1875 = ADVANCED_FACE('',(#1876),#1924,.F.);
#1876 = FACE_BOUND('',#1877,.T.);
#1877 = EDGE_LOOP('',(#1878,#1879,#1887,#1895,#1901,#1902,#1910,#1918));
#1878 = ORIENTED_EDGE('',*,*,#689,.F.);
#1879 = ORIENTED_EDGE('',*,*,#1880,.F.);
#1880 = EDGE_CURVE('',#1881,#682,#1883,.T.);
#1881 = VERTEX_POINT('',#1882);
#1882 = CARTESIAN_POINT('',(-1.639641133223,3.75,0.7411989007));
#1883 = LINE('',#1884,#1885);
#1884 = CARTESIAN_POINT('',(-1.639641133223,3.75,2.14));
#1885 = VECTOR('',#1886,1.);
#1886 = DIRECTION('',(0.,0.,1.));
#1887 = ORIENTED_EDGE('',*,*,#1888,.F.);
#1888 = EDGE_CURVE('',#1889,#1881,#1891,.T.);
#1889 = VERTEX_POINT('',#1890);
#1890 = CARTESIAN_POINT('',(-0.270095923109,3.75,0.7411989007));
#1891 = LINE('',#1892,#1893);
#1892 = CARTESIAN_POINT('',(-0.270095923109,3.75,0.7411989007));
#1893 = VECTOR('',#1894,1.);
#1894 = DIRECTION('',(-1.,-6.982962677686E-15,0.));
#1895 = ORIENTED_EDGE('',*,*,#1896,.F.);
#1896 = EDGE_CURVE('',#575,#1889,#1897,.T.);
#1897 = LINE('',#1898,#1899);
#1898 = CARTESIAN_POINT('',(-0.270095923109,3.75,0.7411989007));
#1899 = VECTOR('',#1900,1.);
#1900 = DIRECTION('',(0.,0.,1.));
#1901 = ORIENTED_EDGE('',*,*,#574,.F.);
#1902 = ORIENTED_EDGE('',*,*,#1903,.T.);
#1903 = EDGE_CURVE('',#567,#1904,#1906,.T.);
#1904 = VERTEX_POINT('',#1905);
#1905 = CARTESIAN_POINT('',(-0.945803024864,3.75,0.));
#1906 = LINE('',#1907,#1908);
#1907 = CARTESIAN_POINT('',(-0.945803024864,3.75,0.5));
#1908 = VECTOR('',#1909,1.);
#1909 = DIRECTION('',(0.,0.,-1.));
#1910 = ORIENTED_EDGE('',*,*,#1911,.T.);
#1911 = EDGE_CURVE('',#1904,#1912,#1914,.T.);
#1912 = VERTEX_POINT('',#1913);
#1913 = CARTESIAN_POINT('',(-2.331118318204,3.75,0.));
#1914 = LINE('',#1915,#1916);
#1915 = CARTESIAN_POINT('',(2.331118318204,3.75,0.));
#1916 = VECTOR('',#1917,1.);
#1917 = DIRECTION('',(-1.,-6.982962677686E-15,0.));
#1918 = ORIENTED_EDGE('',*,*,#1919,.F.);
#1919 = EDGE_CURVE('',#690,#1912,#1920,.T.);
#1920 = LINE('',#1921,#1922);
#1921 = CARTESIAN_POINT('',(-2.331118318204,3.75,2.14));
#1922 = VECTOR('',#1923,1.);
#1923 = DIRECTION('',(0.,0.,-1.));
#1924 = PLANE('',#1925);
#1925 = AXIS2_PLACEMENT_3D('',#1926,#1927,#1928);
#1926 = CARTESIAN_POINT('',(2.331118318204,3.75,2.14));
#1927 = DIRECTION('',(6.982962677686E-15,-1.,0.));
#1928 = DIRECTION('',(0.,0.,1.));
#1929 = ADVANCED_FACE('',(#1930),#2115,.F.);
#1930 = FACE_BOUND('',#1931,.T.);
#1931 = EDGE_LOOP('',(#1932,#1933,#1941,#1949,#1957,#1965,#1973,#1981,
    #1989,#1997,#2005,#2013,#2021,#2029,#2037,#2045,#2053,#2061,#2069,
    #2077,#2085,#2093,#2101,#2109));
#1932 = ORIENTED_EDGE('',*,*,#865,.F.);
#1933 = ORIENTED_EDGE('',*,*,#1934,.T.);
#1934 = EDGE_CURVE('',#858,#1935,#1937,.T.);
#1935 = VERTEX_POINT('',#1936);
#1936 = CARTESIAN_POINT('',(3.75,-2.331118318204,0.));
#1937 = LINE('',#1938,#1939);
#1938 = CARTESIAN_POINT('',(3.75,-2.331118318204,2.14));
#1939 = VECTOR('',#1940,1.);
#1940 = DIRECTION('',(0.,0.,-1.));
#1941 = ORIENTED_EDGE('',*,*,#1942,.T.);
#1942 = EDGE_CURVE('',#1935,#1943,#1945,.T.);
#1943 = VERTEX_POINT('',#1944);
#1944 = CARTESIAN_POINT('',(3.75,-1.775,0.));
#1945 = LINE('',#1946,#1947);
#1946 = CARTESIAN_POINT('',(3.75,-2.331118318204,0.));
#1947 = VECTOR('',#1948,1.);
#1948 = DIRECTION('',(-5.308604156084E-15,1.,0.));
#1949 = ORIENTED_EDGE('',*,*,#1950,.F.);
#1950 = EDGE_CURVE('',#1951,#1943,#1953,.T.);
#1951 = VERTEX_POINT('',#1952);
#1952 = CARTESIAN_POINT('',(3.75,-1.775,1.E-02));
#1953 = LINE('',#1954,#1955);
#1954 = CARTESIAN_POINT('',(3.75,-1.775,1.E-02));
#1955 = VECTOR('',#1956,1.);
#1956 = DIRECTION('',(0.,0.,-1.));
#1957 = ORIENTED_EDGE('',*,*,#1958,.T.);
#1958 = EDGE_CURVE('',#1951,#1959,#1961,.T.);
#1959 = VERTEX_POINT('',#1960);
#1960 = CARTESIAN_POINT('',(3.75,-1.785,1.E-02));
#1961 = LINE('',#1962,#1963);
#1962 = CARTESIAN_POINT('',(3.75,-1.085,1.E-02));
#1963 = VECTOR('',#1964,1.);
#1964 = DIRECTION('',(5.124330381997E-15,-1.,0.));
#1965 = ORIENTED_EDGE('',*,*,#1966,.T.);
#1966 = EDGE_CURVE('',#1959,#1967,#1969,.T.);
#1967 = VERTEX_POINT('',#1968);
#1968 = CARTESIAN_POINT('',(3.75,-1.785,0.599965081998));
#1969 = LINE('',#1970,#1971);
#1970 = CARTESIAN_POINT('',(3.75,-1.785,1.E-02));
#1971 = VECTOR('',#1972,1.);
#1972 = DIRECTION('',(-2.566573357151E-30,3.675479127723E-16,1.));
#1973 = ORIENTED_EDGE('',*,*,#1974,.T.);
#1974 = EDGE_CURVE('',#1967,#1975,#1977,.T.);
#1975 = VERTEX_POINT('',#1976);
#1976 = CARTESIAN_POINT('',(3.75,-1.085,0.599965081998));
#1977 = LINE('',#1978,#1979);
#1978 = CARTESIAN_POINT('',(3.75,-1.085,0.599965081998));
#1979 = VECTOR('',#1980,1.);
#1980 = DIRECTION('',(-5.124330381997E-15,1.,0.));
#1981 = ORIENTED_EDGE('',*,*,#1982,.T.);
#1982 = EDGE_CURVE('',#1975,#1983,#1985,.T.);
#1983 = VERTEX_POINT('',#1984);
#1984 = CARTESIAN_POINT('',(3.75,-1.085,1.E-02));
#1985 = LINE('',#1986,#1987);
#1986 = CARTESIAN_POINT('',(3.75,-1.085,1.E-02));
#1987 = VECTOR('',#1988,1.);
#1988 = DIRECTION('',(-0.,0.,-1.));
#1989 = ORIENTED_EDGE('',*,*,#1990,.F.);
#1990 = EDGE_CURVE('',#1991,#1983,#1993,.T.);
#1991 = VERTEX_POINT('',#1992);
#1992 = CARTESIAN_POINT('',(3.75,-1.075,1.E-02));
#1993 = LINE('',#1994,#1995);
#1994 = CARTESIAN_POINT('',(3.75,-1.775,1.E-02));
#1995 = VECTOR('',#1996,1.);
#1996 = DIRECTION('',(6.982962677686E-15,-1.,0.));
#1997 = ORIENTED_EDGE('',*,*,#1998,.T.);
#1998 = EDGE_CURVE('',#1991,#1999,#2001,.T.);
#1999 = VERTEX_POINT('',#2000);
#2000 = CARTESIAN_POINT('',(3.75,-1.075,0.));
#2001 = LINE('',#2002,#2003);
#2002 = CARTESIAN_POINT('',(3.75,-1.075,1.E-02));
#2003 = VECTOR('',#2004,1.);
#2004 = DIRECTION('',(0.,0.,-1.));
#2005 = ORIENTED_EDGE('',*,*,#2006,.T.);
#2006 = EDGE_CURVE('',#1999,#2007,#2009,.T.);
#2007 = VERTEX_POINT('',#2008);
#2008 = CARTESIAN_POINT('',(3.75,-0.35,0.));
#2009 = LINE('',#2010,#2011);
#2010 = CARTESIAN_POINT('',(3.75,-2.331118318204,0.));
#2011 = VECTOR('',#2012,1.);
#2012 = DIRECTION('',(-5.308604156084E-15,1.,0.));
#2013 = ORIENTED_EDGE('',*,*,#2014,.F.);
#2014 = EDGE_CURVE('',#2015,#2007,#2017,.T.);
#2015 = VERTEX_POINT('',#2016);
#2016 = CARTESIAN_POINT('',(3.75,-0.35,1.E-02));
#2017 = LINE('',#2018,#2019);
#2018 = CARTESIAN_POINT('',(3.75,-0.35,1.E-02));
#2019 = VECTOR('',#2020,1.);
#2020 = DIRECTION('',(0.,0.,-1.));
#2021 = ORIENTED_EDGE('',*,*,#2022,.T.);
#2022 = EDGE_CURVE('',#2015,#2023,#2025,.T.);
#2023 = VERTEX_POINT('',#2024);
#2024 = CARTESIAN_POINT('',(3.75,-0.355,1.E-02));
#2025 = LINE('',#2026,#2027);
#2026 = CARTESIAN_POINT('',(3.75,0.345,1.E-02));
#2027 = VECTOR('',#2028,1.);
#2028 = DIRECTION('',(5.74387448056E-15,-1.,0.));
#2029 = ORIENTED_EDGE('',*,*,#2030,.T.);
#2030 = EDGE_CURVE('',#2023,#2031,#2033,.T.);
#2031 = VERTEX_POINT('',#2032);
#2032 = CARTESIAN_POINT('',(3.75,-0.355,0.599965081998));
#2033 = LINE('',#2034,#2035);
#2034 = CARTESIAN_POINT('',(3.75,-0.355,1.E-02));
#2035 = VECTOR('',#2036,1.);
#2036 = DIRECTION('',(-2.566573357151E-30,3.675479127723E-16,1.));
#2037 = ORIENTED_EDGE('',*,*,#2038,.T.);
#2038 = EDGE_CURVE('',#2031,#2039,#2041,.T.);
#2039 = VERTEX_POINT('',#2040);
#2040 = CARTESIAN_POINT('',(3.75,0.345,0.599965081998));
#2041 = LINE('',#2042,#2043);
#2042 = CARTESIAN_POINT('',(3.75,0.345,0.599965081998));
#2043 = VECTOR('',#2044,1.);
#2044 = DIRECTION('',(-5.74387448056E-15,1.,0.));
#2045 = ORIENTED_EDGE('',*,*,#2046,.T.);
#2046 = EDGE_CURVE('',#2039,#2047,#2049,.T.);
#2047 = VERTEX_POINT('',#2048);
#2048 = CARTESIAN_POINT('',(3.75,0.345,1.E-02));
#2049 = LINE('',#2050,#2051);
#2050 = CARTESIAN_POINT('',(3.75,0.345,1.E-02));
#2051 = VECTOR('',#2052,1.);
#2052 = DIRECTION('',(-0.,0.,-1.));
#2053 = ORIENTED_EDGE('',*,*,#2054,.F.);
#2054 = EDGE_CURVE('',#2055,#2047,#2057,.T.);
#2055 = VERTEX_POINT('',#2056);
#2056 = CARTESIAN_POINT('',(3.75,0.35,1.E-02));
#2057 = LINE('',#2058,#2059);
#2058 = CARTESIAN_POINT('',(3.75,-0.35,1.E-02));
#2059 = VECTOR('',#2060,1.);
#2060 = DIRECTION('',(6.982962677686E-15,-1.,0.));
#2061 = ORIENTED_EDGE('',*,*,#2062,.T.);
#2062 = EDGE_CURVE('',#2055,#2063,#2065,.T.);
#2063 = VERTEX_POINT('',#2064);
#2064 = CARTESIAN_POINT('',(3.75,0.35,0.));
#2065 = LINE('',#2066,#2067);
#2066 = CARTESIAN_POINT('',(3.75,0.35,1.E-02));
#2067 = VECTOR('',#2068,1.);
#2068 = DIRECTION('',(0.,0.,-1.));
#2069 = ORIENTED_EDGE('',*,*,#2070,.T.);
#2070 = EDGE_CURVE('',#2063,#2071,#2073,.T.);
#2071 = VERTEX_POINT('',#2072);
#2072 = CARTESIAN_POINT('',(3.75,1.075,0.));
#2073 = LINE('',#2074,#2075);
#2074 = CARTESIAN_POINT('',(3.75,-2.331118318204,0.));
#2075 = VECTOR('',#2076,1.);
#2076 = DIRECTION('',(-5.308604156084E-15,1.,0.));
#2077 = ORIENTED_EDGE('',*,*,#2078,.F.);
#2078 = EDGE_CURVE('',#2079,#2071,#2081,.T.);
#2079 = VERTEX_POINT('',#2080);
#2080 = CARTESIAN_POINT('',(3.75,1.075,0.599965081998));
#2081 = LINE('',#2082,#2083);
#2082 = CARTESIAN_POINT('',(3.75,1.075,1.E-02));
#2083 = VECTOR('',#2084,1.);
#2084 = DIRECTION('',(0.,0.,-1.));
#2085 = ORIENTED_EDGE('',*,*,#2086,.T.);
#2086 = EDGE_CURVE('',#2079,#2087,#2089,.T.);
#2087 = VERTEX_POINT('',#2088);
#2088 = CARTESIAN_POINT('',(3.75,1.775,0.599965081998));
#2089 = LINE('',#2090,#2091);
#2090 = CARTESIAN_POINT('',(3.75,1.775,0.599965081998));
#2091 = VECTOR('',#2092,1.);
#2092 = DIRECTION('',(-5.124330381997E-15,1.,0.));
#2093 = ORIENTED_EDGE('',*,*,#2094,.T.);
#2094 = EDGE_CURVE('',#2087,#2095,#2097,.T.);
#2095 = VERTEX_POINT('',#2096);
#2096 = CARTESIAN_POINT('',(3.75,1.775,0.));
#2097 = LINE('',#2098,#2099);
#2098 = CARTESIAN_POINT('',(3.75,1.775,1.E-02));
#2099 = VECTOR('',#2100,1.);
#2100 = DIRECTION('',(0.,0.,-1.));
#2101 = ORIENTED_EDGE('',*,*,#2102,.T.);
#2102 = EDGE_CURVE('',#2095,#2103,#2105,.T.);
#2103 = VERTEX_POINT('',#2104);
#2104 = CARTESIAN_POINT('',(3.75,2.331118318204,0.));
#2105 = LINE('',#2106,#2107);
#2106 = CARTESIAN_POINT('',(3.75,-2.331118318204,0.));
#2107 = VECTOR('',#2108,1.);
#2108 = DIRECTION('',(-5.308604156084E-15,1.,0.));
#2109 = ORIENTED_EDGE('',*,*,#2110,.F.);
#2110 = EDGE_CURVE('',#866,#2103,#2111,.T.);
#2111 = LINE('',#2112,#2113);
#2112 = CARTESIAN_POINT('',(3.75,2.331118318204,2.14));
#2113 = VECTOR('',#2114,1.);
#2114 = DIRECTION('',(0.,0.,-1.));
#2115 = PLANE('',#2116);
#2116 = AXIS2_PLACEMENT_3D('',#2117,#2118,#2119);
#2117 = CARTESIAN_POINT('',(3.75,-2.331118318204,2.14));
#2118 = DIRECTION('',(-1.,-5.308604156084E-15,0.));
#2119 = DIRECTION('',(5.308604156084E-15,-1.,0.));
#2120 = ADVANCED_FACE('',(#2121),#2132,.T.);
#2121 = FACE_BOUND('',#2122,.T.);
#2122 = EDGE_LOOP('',(#2123,#2124,#2125,#2126));
#2123 = ORIENTED_EDGE('',*,*,#1934,.F.);
#2124 = ORIENTED_EDGE('',*,*,#857,.F.);
#2125 = ORIENTED_EDGE('',*,*,#1691,.T.);
#2126 = ORIENTED_EDGE('',*,*,#2127,.F.);
#2127 = EDGE_CURVE('',#1935,#1692,#2128,.T.);
#2128 = LINE('',#2129,#2130);
#2129 = CARTESIAN_POINT('',(3.75,-2.331118318204,0.));
#2130 = VECTOR('',#2131,1.);
#2131 = DIRECTION('',(-0.707106781187,-0.707106781187,0.));
#2132 = PLANE('',#2133);
#2133 = AXIS2_PLACEMENT_3D('',#2134,#2135,#2136);
#2134 = CARTESIAN_POINT('',(3.75,-2.331118318204,2.14));
#2135 = DIRECTION('',(0.707106781187,-0.707106781187,0.));
#2136 = DIRECTION('',(0.707106781187,0.707106781187,0.));
#2137 = ADVANCED_FACE('',(#2138),#2156,.F.);
#2138 = FACE_BOUND('',#2139,.T.);
#2139 = EDGE_LOOP('',(#2140,#2141,#2142,#2150));
#2140 = ORIENTED_EDGE('',*,*,#873,.F.);
#2141 = ORIENTED_EDGE('',*,*,#2110,.T.);
#2142 = ORIENTED_EDGE('',*,*,#2143,.T.);
#2143 = EDGE_CURVE('',#2103,#2144,#2146,.T.);
#2144 = VERTEX_POINT('',#2145);
#2145 = CARTESIAN_POINT('',(2.331118318204,3.75,0.));
#2146 = LINE('',#2147,#2148);
#2147 = CARTESIAN_POINT('',(3.75,2.331118318204,0.));
#2148 = VECTOR('',#2149,1.);
#2149 = DIRECTION('',(-0.707106781187,0.707106781187,0.));
#2150 = ORIENTED_EDGE('',*,*,#2151,.F.);
#2151 = EDGE_CURVE('',#874,#2144,#2152,.T.);
#2152 = LINE('',#2153,#2154);
#2153 = CARTESIAN_POINT('',(2.331118318204,3.75,2.14));
#2154 = VECTOR('',#2155,1.);
#2155 = DIRECTION('',(0.,0.,-1.));
#2156 = PLANE('',#2157);
#2157 = AXIS2_PLACEMENT_3D('',#2158,#2159,#2160);
#2158 = CARTESIAN_POINT('',(3.75,2.331118318204,2.14));
#2159 = DIRECTION('',(-0.707106781187,-0.707106781187,0.));
#2160 = DIRECTION('',(0.707106781187,-0.707106781187,0.));
#2161 = ADVANCED_FACE('',(#2162),#2203,.F.);
#2162 = FACE_BOUND('',#2163,.T.);
#2163 = EDGE_LOOP('',(#2164,#2165,#2166,#2174,#2180,#2181,#2189,#2197));
#2164 = ORIENTED_EDGE('',*,*,#881,.F.);
#2165 = ORIENTED_EDGE('',*,*,#2151,.T.);
#2166 = ORIENTED_EDGE('',*,*,#2167,.T.);
#2167 = EDGE_CURVE('',#2144,#2168,#2170,.T.);
#2168 = VERTEX_POINT('',#2169);
#2169 = CARTESIAN_POINT('',(0.822437412925,3.75,0.));
#2170 = LINE('',#2171,#2172);
#2171 = CARTESIAN_POINT('',(2.331118318204,3.75,0.));
#2172 = VECTOR('',#2173,1.);
#2173 = DIRECTION('',(-1.,-6.982962677686E-15,0.));
#2174 = ORIENTED_EDGE('',*,*,#2175,.F.);
#2175 = EDGE_CURVE('',#543,#2168,#2176,.T.);
#2176 = LINE('',#2177,#2178);
#2177 = CARTESIAN_POINT('',(0.822437412925,3.75,0.5));
#2178 = VECTOR('',#2179,1.);
#2179 = DIRECTION('',(0.,0.,-1.));
#2180 = ORIENTED_EDGE('',*,*,#542,.F.);
#2181 = ORIENTED_EDGE('',*,*,#2182,.F.);
#2182 = EDGE_CURVE('',#2183,#535,#2185,.T.);
#2183 = VERTEX_POINT('',#2184);
#2184 = CARTESIAN_POINT('',(0.278039920847,3.75,0.7411989007));
#2185 = LINE('',#2186,#2187);
#2186 = CARTESIAN_POINT('',(0.278039920847,3.75,0.7411989007));
#2187 = VECTOR('',#2188,1.);
#2188 = DIRECTION('',(0.,-0.,-1.));
#2189 = ORIENTED_EDGE('',*,*,#2190,.F.);
#2190 = EDGE_CURVE('',#2191,#2183,#2193,.T.);
#2191 = VERTEX_POINT('',#2192);
#2192 = CARTESIAN_POINT('',(1.935157849095,3.75,0.7411989007));
#2193 = LINE('',#2194,#2195);
#2194 = CARTESIAN_POINT('',(1.935157849095,3.75,0.7411989007));
#2195 = VECTOR('',#2196,1.);
#2196 = DIRECTION('',(-1.,-6.982962677686E-15,0.));
#2197 = ORIENTED_EDGE('',*,*,#2198,.F.);
#2198 = EDGE_CURVE('',#882,#2191,#2199,.T.);
#2199 = LINE('',#2200,#2201);
#2200 = CARTESIAN_POINT('',(1.935157849095,3.75,2.14));
#2201 = VECTOR('',#2202,1.);
#2202 = DIRECTION('',(0.,-0.,-1.));
#2203 = PLANE('',#2204);
#2204 = AXIS2_PLACEMENT_3D('',#2205,#2206,#2207);
#2205 = CARTESIAN_POINT('',(2.331118318204,3.75,2.14));
#2206 = DIRECTION('',(6.982962677686E-15,-1.,0.));
#2207 = DIRECTION('',(0.,0.,1.));
#2208 = ADVANCED_FACE('',(#2209),#2227,.T.);
#2209 = FACE_BOUND('',#2210,.T.);
#2210 = EDGE_LOOP('',(#2211,#2219,#2220,#2221));
#2211 = ORIENTED_EDGE('',*,*,#2212,.F.);
#2212 = EDGE_CURVE('',#698,#2213,#2215,.T.);
#2213 = VERTEX_POINT('',#2214);
#2214 = CARTESIAN_POINT('',(-3.75,2.331118318204,0.));
#2215 = LINE('',#2216,#2217);
#2216 = CARTESIAN_POINT('',(-3.75,2.331118318204,2.14));
#2217 = VECTOR('',#2218,1.);
#2218 = DIRECTION('',(0.,0.,-1.));
#2219 = ORIENTED_EDGE('',*,*,#697,.F.);
#2220 = ORIENTED_EDGE('',*,*,#1919,.T.);
#2221 = ORIENTED_EDGE('',*,*,#2222,.F.);
#2222 = EDGE_CURVE('',#2213,#1912,#2223,.T.);
#2223 = LINE('',#2224,#2225);
#2224 = CARTESIAN_POINT('',(-3.75,2.331118318204,0.));
#2225 = VECTOR('',#2226,1.);
#2226 = DIRECTION('',(0.707106781187,0.707106781187,0.));
#2227 = PLANE('',#2228);
#2228 = AXIS2_PLACEMENT_3D('',#2229,#2230,#2231);
#2229 = CARTESIAN_POINT('',(-3.75,2.331118318204,2.14));
#2230 = DIRECTION('',(-0.707106781187,0.707106781187,0.));
#2231 = DIRECTION('',(-0.707106781187,-0.707106781187,0.));
#2232 = ADVANCED_FACE('',(#2233),#2411,.T.);
#2233 = FACE_BOUND('',#2234,.T.);
#2234 = EDGE_LOOP('',(#2235,#2243,#2244,#2245,#2253,#2261,#2269,#2277,
    #2285,#2293,#2301,#2309,#2317,#2325,#2333,#2341,#2349,#2357,#2365,
    #2373,#2381,#2389,#2397,#2405));
#2235 = ORIENTED_EDGE('',*,*,#2236,.F.);
#2236 = EDGE_CURVE('',#706,#2237,#2239,.T.);
#2237 = VERTEX_POINT('',#2238);
#2238 = CARTESIAN_POINT('',(-3.75,-2.331118318204,0.));
#2239 = LINE('',#2240,#2241);
#2240 = CARTESIAN_POINT('',(-3.75,-2.331118318204,2.14));
#2241 = VECTOR('',#2242,1.);
#2242 = DIRECTION('',(0.,0.,-1.));
#2243 = ORIENTED_EDGE('',*,*,#705,.F.);
#2244 = ORIENTED_EDGE('',*,*,#2212,.T.);
#2245 = ORIENTED_EDGE('',*,*,#2246,.F.);
#2246 = EDGE_CURVE('',#2247,#2213,#2249,.T.);
#2247 = VERTEX_POINT('',#2248);
#2248 = CARTESIAN_POINT('',(-3.75,1.775,0.));
#2249 = LINE('',#2250,#2251);
#2250 = CARTESIAN_POINT('',(-3.75,-2.331118318204,0.));
#2251 = VECTOR('',#2252,1.);
#2252 = DIRECTION('',(-8.657321199288E-15,1.,0.));
#2253 = ORIENTED_EDGE('',*,*,#2254,.F.);
#2254 = EDGE_CURVE('',#2255,#2247,#2257,.T.);
#2255 = VERTEX_POINT('',#2256);
#2256 = CARTESIAN_POINT('',(-3.75,1.775,0.599965081998));
#2257 = LINE('',#2258,#2259);
#2258 = CARTESIAN_POINT('',(-3.75,1.775,1.E-02));
#2259 = VECTOR('',#2260,1.);
#2260 = DIRECTION('',(0.,0.,-1.));
#2261 = ORIENTED_EDGE('',*,*,#2262,.F.);
#2262 = EDGE_CURVE('',#2263,#2255,#2265,.T.);
#2263 = VERTEX_POINT('',#2264);
#2264 = CARTESIAN_POINT('',(-3.75,1.075,0.599965081998));
#2265 = LINE('',#2266,#2267);
#2266 = CARTESIAN_POINT('',(-3.75,1.775,0.599965081998));
#2267 = VECTOR('',#2268,1.);
#2268 = DIRECTION('',(-8.841594973376E-15,1.,0.));
#2269 = ORIENTED_EDGE('',*,*,#2270,.T.);
#2270 = EDGE_CURVE('',#2263,#2271,#2273,.T.);
#2271 = VERTEX_POINT('',#2272);
#2272 = CARTESIAN_POINT('',(-3.75,1.075,0.));
#2273 = LINE('',#2274,#2275);
#2274 = CARTESIAN_POINT('',(-3.75,1.075,1.E-02));
#2275 = VECTOR('',#2276,1.);
#2276 = DIRECTION('',(0.,0.,-1.));
#2277 = ORIENTED_EDGE('',*,*,#2278,.F.);
#2278 = EDGE_CURVE('',#2279,#2271,#2281,.T.);
#2279 = VERTEX_POINT('',#2280);
#2280 = CARTESIAN_POINT('',(-3.75,0.35,0.));
#2281 = LINE('',#2282,#2283);
#2282 = CARTESIAN_POINT('',(-3.75,-2.331118318204,0.));
#2283 = VECTOR('',#2284,1.);
#2284 = DIRECTION('',(-8.657321199288E-15,1.,0.));
#2285 = ORIENTED_EDGE('',*,*,#2286,.F.);
#2286 = EDGE_CURVE('',#2287,#2279,#2289,.T.);
#2287 = VERTEX_POINT('',#2288);
#2288 = CARTESIAN_POINT('',(-3.75,0.35,1.E-02));
#2289 = LINE('',#2290,#2291);
#2290 = CARTESIAN_POINT('',(-3.75,0.35,1.E-02));
#2291 = VECTOR('',#2292,1.);
#2292 = DIRECTION('',(0.,0.,-1.));
#2293 = ORIENTED_EDGE('',*,*,#2294,.F.);
#2294 = EDGE_CURVE('',#2295,#2287,#2297,.T.);
#2295 = VERTEX_POINT('',#2296);
#2296 = CARTESIAN_POINT('',(-3.75,0.345,1.E-02));
#2297 = LINE('',#2298,#2299);
#2298 = CARTESIAN_POINT('',(-3.75,-0.35,1.E-02));
#2299 = VECTOR('',#2300,1.);
#2300 = DIRECTION('',(-6.982962677686E-15,1.,0.));
#2301 = ORIENTED_EDGE('',*,*,#2302,.F.);
#2302 = EDGE_CURVE('',#2303,#2295,#2305,.T.);
#2303 = VERTEX_POINT('',#2304);
#2304 = CARTESIAN_POINT('',(-3.75,0.345,0.599965081998));
#2305 = LINE('',#2306,#2307);
#2306 = CARTESIAN_POINT('',(-3.75,0.345,1.E-02));
#2307 = VECTOR('',#2308,1.);
#2308 = DIRECTION('',(0.,0.,-1.));
#2309 = ORIENTED_EDGE('',*,*,#2310,.F.);
#2310 = EDGE_CURVE('',#2311,#2303,#2313,.T.);
#2311 = VERTEX_POINT('',#2312);
#2312 = CARTESIAN_POINT('',(-3.75,-0.355,0.599965081998));
#2313 = LINE('',#2314,#2315);
#2314 = CARTESIAN_POINT('',(-3.75,0.345,0.599965081998));
#2315 = VECTOR('',#2316,1.);
#2316 = DIRECTION('',(-8.222050874813E-15,1.,0.));
#2317 = ORIENTED_EDGE('',*,*,#2318,.F.);
#2318 = EDGE_CURVE('',#2319,#2311,#2321,.T.);
#2319 = VERTEX_POINT('',#2320);
#2320 = CARTESIAN_POINT('',(-3.75,-0.355,1.E-02));
#2321 = LINE('',#2322,#2323);
#2322 = CARTESIAN_POINT('',(-3.75,-0.355,1.E-02));
#2323 = VECTOR('',#2324,1.);
#2324 = DIRECTION('',(-2.566573357151E-30,3.675479127723E-16,1.));
#2325 = ORIENTED_EDGE('',*,*,#2326,.F.);
#2326 = EDGE_CURVE('',#2327,#2319,#2329,.T.);
#2327 = VERTEX_POINT('',#2328);
#2328 = CARTESIAN_POINT('',(-3.75,-0.35,1.E-02));
#2329 = LINE('',#2330,#2331);
#2330 = CARTESIAN_POINT('',(-3.75,0.345,1.E-02));
#2331 = VECTOR('',#2332,1.);
#2332 = DIRECTION('',(8.222050874813E-15,-1.,0.));
#2333 = ORIENTED_EDGE('',*,*,#2334,.T.);
#2334 = EDGE_CURVE('',#2327,#2335,#2337,.T.);
#2335 = VERTEX_POINT('',#2336);
#2336 = CARTESIAN_POINT('',(-3.75,-0.35,0.));
#2337 = LINE('',#2338,#2339);
#2338 = CARTESIAN_POINT('',(-3.75,-0.35,1.E-02));
#2339 = VECTOR('',#2340,1.);
#2340 = DIRECTION('',(0.,0.,-1.));
#2341 = ORIENTED_EDGE('',*,*,#2342,.F.);
#2342 = EDGE_CURVE('',#2343,#2335,#2345,.T.);
#2343 = VERTEX_POINT('',#2344);
#2344 = CARTESIAN_POINT('',(-3.75,-1.075,0.));
#2345 = LINE('',#2346,#2347);
#2346 = CARTESIAN_POINT('',(-3.75,-2.331118318204,0.));
#2347 = VECTOR('',#2348,1.);
#2348 = DIRECTION('',(-8.657321199288E-15,1.,0.));
#2349 = ORIENTED_EDGE('',*,*,#2350,.F.);
#2350 = EDGE_CURVE('',#2351,#2343,#2353,.T.);
#2351 = VERTEX_POINT('',#2352);
#2352 = CARTESIAN_POINT('',(-3.75,-1.075,1.E-02));
#2353 = LINE('',#2354,#2355);
#2354 = CARTESIAN_POINT('',(-3.75,-1.075,1.E-02));
#2355 = VECTOR('',#2356,1.);
#2356 = DIRECTION('',(0.,0.,-1.));
#2357 = ORIENTED_EDGE('',*,*,#2358,.F.);
#2358 = EDGE_CURVE('',#2359,#2351,#2361,.T.);
#2359 = VERTEX_POINT('',#2360);
#2360 = CARTESIAN_POINT('',(-3.75,-1.085,1.E-02));
#2361 = LINE('',#2362,#2363);
#2362 = CARTESIAN_POINT('',(-3.75,-1.775,1.E-02));
#2363 = VECTOR('',#2364,1.);
#2364 = DIRECTION('',(-6.982962677686E-15,1.,0.));
#2365 = ORIENTED_EDGE('',*,*,#2366,.F.);
#2366 = EDGE_CURVE('',#2367,#2359,#2369,.T.);
#2367 = VERTEX_POINT('',#2368);
#2368 = CARTESIAN_POINT('',(-3.75,-1.085,0.599965081998));
#2369 = LINE('',#2370,#2371);
#2370 = CARTESIAN_POINT('',(-3.75,-1.085,1.E-02));
#2371 = VECTOR('',#2372,1.);
#2372 = DIRECTION('',(0.,0.,-1.));
#2373 = ORIENTED_EDGE('',*,*,#2374,.F.);
#2374 = EDGE_CURVE('',#2375,#2367,#2377,.T.);
#2375 = VERTEX_POINT('',#2376);
#2376 = CARTESIAN_POINT('',(-3.75,-1.785,0.599965081998));
#2377 = LINE('',#2378,#2379);
#2378 = CARTESIAN_POINT('',(-3.75,-1.085,0.599965081998));
#2379 = VECTOR('',#2380,1.);
#2380 = DIRECTION('',(-8.841594973376E-15,1.,0.));
#2381 = ORIENTED_EDGE('',*,*,#2382,.F.);
#2382 = EDGE_CURVE('',#2383,#2375,#2385,.T.);
#2383 = VERTEX_POINT('',#2384);
#2384 = CARTESIAN_POINT('',(-3.75,-1.785,1.E-02));
#2385 = LINE('',#2386,#2387);
#2386 = CARTESIAN_POINT('',(-3.75,-1.785,1.E-02));
#2387 = VECTOR('',#2388,1.);
#2388 = DIRECTION('',(-2.566573357151E-30,3.675479127723E-16,1.));
#2389 = ORIENTED_EDGE('',*,*,#2390,.F.);
#2390 = EDGE_CURVE('',#2391,#2383,#2393,.T.);
#2391 = VERTEX_POINT('',#2392);
#2392 = CARTESIAN_POINT('',(-3.75,-1.775,1.E-02));
#2393 = LINE('',#2394,#2395);
#2394 = CARTESIAN_POINT('',(-3.75,-1.085,1.E-02));
#2395 = VECTOR('',#2396,1.);
#2396 = DIRECTION('',(8.841594973376E-15,-1.,0.));
#2397 = ORIENTED_EDGE('',*,*,#2398,.T.);
#2398 = EDGE_CURVE('',#2391,#2399,#2401,.T.);
#2399 = VERTEX_POINT('',#2400);
#2400 = CARTESIAN_POINT('',(-3.75,-1.775,0.));
#2401 = LINE('',#2402,#2403);
#2402 = CARTESIAN_POINT('',(-3.75,-1.775,1.E-02));
#2403 = VECTOR('',#2404,1.);
#2404 = DIRECTION('',(0.,0.,-1.));
#2405 = ORIENTED_EDGE('',*,*,#2406,.F.);
#2406 = EDGE_CURVE('',#2237,#2399,#2407,.T.);
#2407 = LINE('',#2408,#2409);
#2408 = CARTESIAN_POINT('',(-3.75,-2.331118318204,0.));
#2409 = VECTOR('',#2410,1.);
#2410 = DIRECTION('',(-8.657321199288E-15,1.,0.));
#2411 = PLANE('',#2412);
#2412 = AXIS2_PLACEMENT_3D('',#2413,#2414,#2415);
#2413 = CARTESIAN_POINT('',(-3.75,-2.331118318204,2.14));
#2414 = DIRECTION('',(-1.,-8.657321199288E-15,0.));
#2415 = DIRECTION('',(8.657321199288E-15,-1.,0.));
#2416 = ADVANCED_FACE('',(#2417),#2428,.F.);
#2417 = FACE_BOUND('',#2418,.T.);
#2418 = EDGE_LOOP('',(#2419,#2420,#2421,#2427));
#2419 = ORIENTED_EDGE('',*,*,#713,.F.);
#2420 = ORIENTED_EDGE('',*,*,#2236,.T.);
#2421 = ORIENTED_EDGE('',*,*,#2422,.T.);
#2422 = EDGE_CURVE('',#2237,#1764,#2423,.T.);
#2423 = LINE('',#2424,#2425);
#2424 = CARTESIAN_POINT('',(-3.75,-2.331118318204,0.));
#2425 = VECTOR('',#2426,1.);
#2426 = DIRECTION('',(0.707106781187,-0.707106781187,0.));
#2427 = ORIENTED_EDGE('',*,*,#1763,.F.);
#2428 = PLANE('',#2429);
#2429 = AXIS2_PLACEMENT_3D('',#2430,#2431,#2432);
#2430 = CARTESIAN_POINT('',(-3.75,-2.331118318204,2.14));
#2431 = DIRECTION('',(0.707106781187,0.707106781187,0.));
#2432 = DIRECTION('',(-0.707106781187,0.707106781187,0.));
#2433 = ADVANCED_FACE('',(#2434),#2445,.F.);
#2434 = FACE_BOUND('',#2435,.T.);
#2435 = EDGE_LOOP('',(#2436,#2437,#2438,#2444));
#2436 = ORIENTED_EDGE('',*,*,#889,.F.);
#2437 = ORIENTED_EDGE('',*,*,#2198,.T.);
#2438 = ORIENTED_EDGE('',*,*,#2439,.F.);
#2439 = EDGE_CURVE('',#352,#2191,#2440,.T.);
#2440 = LINE('',#2441,#2442);
#2441 = CARTESIAN_POINT('',(1.935157849095,3.74,0.7411989007));
#2442 = VECTOR('',#2443,1.);
#2443 = DIRECTION('',(-6.982962677686E-15,1.,-0.));
#2444 = ORIENTED_EDGE('',*,*,#351,.F.);
#2445 = PLANE('',#2446);
#2446 = AXIS2_PLACEMENT_3D('',#2447,#2448,#2449);
#2447 = CARTESIAN_POINT('',(1.935157849095,3.74,2.14));
#2448 = DIRECTION('',(1.,6.982962677686E-15,-0.));
#2449 = DIRECTION('',(0.,0.,1.));
#2450 = ADVANCED_FACE('',(#2451),#2462,.F.);
#2451 = FACE_BOUND('',#2452,.T.);
#2452 = EDGE_LOOP('',(#2453,#2454,#2455,#2461));
#2453 = ORIENTED_EDGE('',*,*,#635,.F.);
#2454 = ORIENTED_EDGE('',*,*,#439,.F.);
#2455 = ORIENTED_EDGE('',*,*,#2456,.T.);
#2456 = EDGE_CURVE('',#432,#1850,#2457,.T.);
#2457 = LINE('',#2458,#2459);
#2458 = CARTESIAN_POINT('',(1.325058822779,3.74,1.160641981292));
#2459 = VECTOR('',#2460,1.);
#2460 = DIRECTION('',(-6.982962677686E-15,1.,-0.));
#2461 = ORIENTED_EDGE('',*,*,#1849,.T.);
#2462 = PLANE('',#2463);
#2463 = AXIS2_PLACEMENT_3D('',#2464,#2465,#2466);
#2464 = CARTESIAN_POINT('',(1.325058822779,3.74,2.14));
#2465 = DIRECTION('',(-1.,-6.982962677686E-15,0.));
#2466 = DIRECTION('',(0.,-0.,-1.));
#2467 = ADVANCED_FACE('',(#2468),#2479,.F.);
#2468 = FACE_BOUND('',#2469,.T.);
#2469 = EDGE_LOOP('',(#2470,#2471,#2472,#2478));
#2470 = ORIENTED_EDGE('',*,*,#651,.F.);
#2471 = ORIENTED_EDGE('',*,*,#1865,.T.);
#2472 = ORIENTED_EDGE('',*,*,#2473,.F.);
#2473 = EDGE_CURVE('',#424,#1858,#2474,.T.);
#2474 = LINE('',#2475,#2476);
#2475 = CARTESIAN_POINT('',(-1.077206093339,3.74,1.160641981292));
#2476 = VECTOR('',#2477,1.);
#2477 = DIRECTION('',(-6.982962677686E-15,1.,-0.));
#2478 = ORIENTED_EDGE('',*,*,#423,.F.);
#2479 = PLANE('',#2480);
#2480 = AXIS2_PLACEMENT_3D('',#2481,#2482,#2483);
#2481 = CARTESIAN_POINT('',(-1.077206093339,3.74,2.14));
#2482 = DIRECTION('',(1.,6.982962677686E-15,-2.214107919217E-16));
#2483 = DIRECTION('',(2.214107919217E-16,1.546103296426E-30,1.));
#2484 = ADVANCED_FACE('',(#2485),#2496,.F.);
#2485 = FACE_BOUND('',#2486,.T.);
#2486 = EDGE_LOOP('',(#2487,#2488,#2489,#2495));
#2487 = ORIENTED_EDGE('',*,*,#681,.F.);
#2488 = ORIENTED_EDGE('',*,*,#511,.F.);
#2489 = ORIENTED_EDGE('',*,*,#2490,.T.);
#2490 = EDGE_CURVE('',#504,#1881,#2491,.T.);
#2491 = LINE('',#2492,#2493);
#2492 = CARTESIAN_POINT('',(-1.639641133223,3.74,0.7411989007));
#2493 = VECTOR('',#2494,1.);
#2494 = DIRECTION('',(-6.982962677686E-15,1.,-0.));
#2495 = ORIENTED_EDGE('',*,*,#1880,.T.);
#2496 = PLANE('',#2497);
#2497 = AXIS2_PLACEMENT_3D('',#2498,#2499,#2500);
#2498 = CARTESIAN_POINT('',(-1.639641133223,3.74,2.14));
#2499 = DIRECTION('',(-1.,-6.982962677686E-15,0.));
#2500 = DIRECTION('',(0.,-0.,-1.));
#2501 = ADVANCED_FACE('',(#2502),#2520,.T.);
#2502 = FACE_BOUND('',#2503,.T.);
#2503 = EDGE_LOOP('',(#2504,#2505,#2506,#2514));
#2504 = ORIENTED_EDGE('',*,*,#1700,.F.);
#2505 = ORIENTED_EDGE('',*,*,#841,.F.);
#2506 = ORIENTED_EDGE('',*,*,#2507,.T.);
#2507 = EDGE_CURVE('',#834,#2508,#2510,.T.);
#2508 = VERTEX_POINT('',#2509);
#2509 = CARTESIAN_POINT('',(1.935157849095,-3.74,0.7411989007));
#2510 = LINE('',#2511,#2512);
#2511 = CARTESIAN_POINT('',(1.935157849095,-3.74,2.14));
#2512 = VECTOR('',#2513,1.);
#2513 = DIRECTION('',(0.,-0.,-1.));
#2514 = ORIENTED_EDGE('',*,*,#2515,.T.);
#2515 = EDGE_CURVE('',#2508,#1701,#2516,.T.);
#2516 = LINE('',#2517,#2518);
#2517 = CARTESIAN_POINT('',(1.935157849095,-3.74,0.7411989007));
#2518 = VECTOR('',#2519,1.);
#2519 = DIRECTION('',(6.982962677686E-15,-1.,0.));
#2520 = PLANE('',#2521);
#2521 = AXIS2_PLACEMENT_3D('',#2522,#2523,#2524);
#2522 = CARTESIAN_POINT('',(1.935157849095,-3.74,2.14));
#2523 = DIRECTION('',(-1.,-6.982962677686E-15,0.));
#2524 = DIRECTION('',(0.,-0.,-1.));
#2525 = ADVANCED_FACE('',(#2526),#2537,.T.);
#2526 = FACE_BOUND('',#2527,.T.);
#2527 = EDGE_LOOP('',(#2528,#2529,#2530,#2531));
#2528 = ORIENTED_EDGE('',*,*,#1613,.T.);
#2529 = ORIENTED_EDGE('',*,*,#729,.F.);
#2530 = ORIENTED_EDGE('',*,*,#1754,.F.);
#2531 = ORIENTED_EDGE('',*,*,#2532,.F.);
#2532 = EDGE_CURVE('',#1614,#1755,#2533,.T.);
#2533 = LINE('',#2534,#2535);
#2534 = CARTESIAN_POINT('',(-1.639641133223,-3.74,0.7411989007));
#2535 = VECTOR('',#2536,1.);
#2536 = DIRECTION('',(6.982962677686E-15,-1.,0.));
#2537 = PLANE('',#2538);
#2538 = AXIS2_PLACEMENT_3D('',#2539,#2540,#2541);
#2539 = CARTESIAN_POINT('',(-1.639641133223,-3.74,2.14));
#2540 = DIRECTION('',(1.,6.982962677686E-15,-0.));
#2541 = DIRECTION('',(0.,0.,1.));
#2542 = ADVANCED_FACE('',(#2543),#2554,.T.);
#2543 = FACE_BOUND('',#2544,.T.);
#2544 = EDGE_LOOP('',(#2545,#2546,#2547,#2548));
#2545 = ORIENTED_EDGE('',*,*,#1826,.F.);
#2546 = ORIENTED_EDGE('',*,*,#777,.F.);
#2547 = ORIENTED_EDGE('',*,*,#1676,.T.);
#2548 = ORIENTED_EDGE('',*,*,#2549,.T.);
#2549 = EDGE_CURVE('',#1669,#1827,#2550,.T.);
#2550 = LINE('',#2551,#2552);
#2551 = CARTESIAN_POINT('',(-1.077206093338,-3.74,1.160641981292));
#2552 = VECTOR('',#2553,1.);
#2553 = DIRECTION('',(6.982962677686E-15,-1.,0.));
#2554 = PLANE('',#2555);
#2555 = AXIS2_PLACEMENT_3D('',#2556,#2557,#2558);
#2556 = CARTESIAN_POINT('',(-1.077206093338,-3.74,2.14));
#2557 = DIRECTION('',(-1.,-6.982962677686E-15,2.214107919217E-16));
#2558 = DIRECTION('',(-2.214107919217E-16,-1.546103296426E-30,-1.));
#2559 = ADVANCED_FACE('',(#2560),#2571,.T.);
#2560 = FACE_BOUND('',#2561,.T.);
#2561 = EDGE_LOOP('',(#2562,#2563,#2564,#2565));
#2562 = ORIENTED_EDGE('',*,*,#1660,.T.);
#2563 = ORIENTED_EDGE('',*,*,#793,.F.);
#2564 = ORIENTED_EDGE('',*,*,#1817,.F.);
#2565 = ORIENTED_EDGE('',*,*,#2566,.F.);
#2566 = EDGE_CURVE('',#1661,#1818,#2567,.T.);
#2567 = LINE('',#2568,#2569);
#2568 = CARTESIAN_POINT('',(1.325058822779,-3.74,1.160641981292));
#2569 = VECTOR('',#2570,1.);
#2570 = DIRECTION('',(6.982962677686E-15,-1.,0.));
#2571 = PLANE('',#2572);
#2572 = AXIS2_PLACEMENT_3D('',#2573,#2574,#2575);
#2573 = CARTESIAN_POINT('',(1.325058822779,-3.74,2.14));
#2574 = DIRECTION('',(1.,6.982962677686E-15,-0.));
#2575 = DIRECTION('',(0.,0.,1.));
#2576 = ADVANCED_FACE('',(#2577),#2620,.T.);
#2577 = FACE_BOUND('',#2578,.T.);
#2578 = EDGE_LOOP('',(#2579,#2580,#2588,#2596,#2604,#2612,#2618,#2619));
#2579 = ORIENTED_EDGE('',*,*,#1562,.F.);
#2580 = ORIENTED_EDGE('',*,*,#2581,.F.);
#2581 = EDGE_CURVE('',#2582,#1555,#2584,.T.);
#2582 = VERTEX_POINT('',#2583);
#2583 = CARTESIAN_POINT('',(0.228250611442,-3.74,0.849662300243));
#2584 = LINE('',#2585,#2586);
#2585 = CARTESIAN_POINT('',(2.611628041455E-14,-3.74,0.849662300243));
#2586 = VECTOR('',#2587,1.);
#2587 = DIRECTION('',(1.,6.982962677686E-15,0.));
#2588 = ORIENTED_EDGE('',*,*,#2589,.F.);
#2589 = EDGE_CURVE('',#2590,#2582,#2592,.T.);
#2590 = VERTEX_POINT('',#2591);
#2591 = CARTESIAN_POINT('',(0.228250611442,-3.74,0.5));
#2592 = LINE('',#2593,#2594);
#2593 = CARTESIAN_POINT('',(0.228250611442,-3.74,0.));
#2594 = VECTOR('',#2595,1.);
#2595 = DIRECTION('',(0.,0.,1.));
#2596 = ORIENTED_EDGE('',*,*,#2597,.F.);
#2597 = EDGE_CURVE('',#2598,#2590,#2600,.T.);
#2598 = VERTEX_POINT('',#2599);
#2599 = CARTESIAN_POINT('',(0.278039920847,-3.74,0.5));
#2600 = LINE('',#2601,#2602);
#2601 = CARTESIAN_POINT('',(0.278039920847,-3.74,0.5));
#2602 = VECTOR('',#2603,1.);
#2603 = DIRECTION('',(-1.,-6.982962677686E-15,0.));
#2604 = ORIENTED_EDGE('',*,*,#2605,.F.);
#2605 = EDGE_CURVE('',#2606,#2598,#2608,.T.);
#2606 = VERTEX_POINT('',#2607);
#2607 = CARTESIAN_POINT('',(0.278039920847,-3.74,0.7411989007));
#2608 = LINE('',#2609,#2610);
#2609 = CARTESIAN_POINT('',(0.278039920847,-3.74,0.7411989007));
#2610 = VECTOR('',#2611,1.);
#2611 = DIRECTION('',(0.,-0.,-1.));
#2612 = ORIENTED_EDGE('',*,*,#2613,.F.);
#2613 = EDGE_CURVE('',#2508,#2606,#2614,.T.);
#2614 = LINE('',#2615,#2616);
#2615 = CARTESIAN_POINT('',(1.935157849095,-3.74,0.7411989007));
#2616 = VECTOR('',#2617,1.);
#2617 = DIRECTION('',(-1.,-6.982962677686E-15,0.));
#2618 = ORIENTED_EDGE('',*,*,#2507,.F.);
#2619 = ORIENTED_EDGE('',*,*,#833,.F.);
#2620 = PLANE('',#2621);
#2621 = AXIS2_PLACEMENT_3D('',#2622,#2623,#2624);
#2622 = CARTESIAN_POINT('',(2.611628041455E-14,-3.74,0.));
#2623 = DIRECTION('',(6.982962677686E-15,-1.,0.));
#2624 = DIRECTION('',(0.,-0.,-1.));
#2625 = ADVANCED_FACE('',(#2626,#2636,#2646,#2744,#2810,#3004,#3054,
    #3128),#3306,.F.);
#2626 = FACE_BOUND('',#2627,.T.);
#2627 = EDGE_LOOP('',(#2628,#2635));
#2628 = ORIENTED_EDGE('',*,*,#2629,.F.);
#2629 = EDGE_CURVE('',#171,#163,#2630,.T.);
#2630 = CIRCLE('',#2631,0.475);
#2631 = AXIS2_PLACEMENT_3D('',#2632,#2633,#2634);
#2632 = CARTESIAN_POINT('',(1.322854026488E-14,-1.894402258106,0.));
#2633 = DIRECTION('',(-0.,0.,-1.));
#2634 = DIRECTION('',(-1.,-6.84759266833E-15,0.));
#2635 = ORIENTED_EDGE('',*,*,#170,.F.);
#2636 = FACE_BOUND('',#2637,.T.);
#2637 = EDGE_LOOP('',(#2638,#2645));
#2638 = ORIENTED_EDGE('',*,*,#2639,.F.);
#2639 = EDGE_CURVE('',#203,#195,#2640,.T.);
#2640 = CIRCLE('',#2641,0.325);
#2641 = AXIS2_PLACEMENT_3D('',#2642,#2643,#2644);
#2642 = CARTESIAN_POINT('',(-1.330671791033E-14,1.905597741894,0.));
#2643 = DIRECTION('',(-0.,0.,-1.));
#2644 = DIRECTION('',(-1.,-6.672013369142E-15,0.));
#2645 = ORIENTED_EDGE('',*,*,#202,.F.);
#2646 = FACE_BOUND('',#2647,.T.);
#2647 = EDGE_LOOP('',(#2648,#2658,#2666,#2674,#2682,#2690,#2698,#2706,
    #2714,#2722,#2730,#2738));
#2648 = ORIENTED_EDGE('',*,*,#2649,.T.);
#2649 = EDGE_CURVE('',#2650,#2652,#2654,.T.);
#2650 = VERTEX_POINT('',#2651);
#2651 = CARTESIAN_POINT('',(0.102226713317,0.276329449211,0.));
#2652 = VERTEX_POINT('',#2653);
#2653 = CARTESIAN_POINT('',(0.102226713317,0.342183107747,0.));
#2654 = LINE('',#2655,#2656);
#2655 = CARTESIAN_POINT('',(0.102226713317,0.276329449211,0.));
#2656 = VECTOR('',#2657,1.);
#2657 = DIRECTION('',(-6.982962677686E-15,1.,0.));
#2658 = ORIENTED_EDGE('',*,*,#2659,.T.);
#2659 = EDGE_CURVE('',#2652,#2660,#2662,.T.);
#2660 = VERTEX_POINT('',#2661);
#2661 = CARTESIAN_POINT('',(-0.219724506195,0.342183107747,0.));
#2662 = LINE('',#2663,#2664);
#2663 = CARTESIAN_POINT('',(0.102226713317,0.342183107747,0.));
#2664 = VECTOR('',#2665,1.);
#2665 = DIRECTION('',(-1.,-6.982962677686E-15,0.));
#2666 = ORIENTED_EDGE('',*,*,#2667,.T.);
#2667 = EDGE_CURVE('',#2660,#2668,#2670,.T.);
#2668 = VERTEX_POINT('',#2669);
#2669 = CARTESIAN_POINT('',(-0.219724506195,-0.257816892253,0.));
#2670 = LINE('',#2671,#2672);
#2671 = CARTESIAN_POINT('',(-0.219724506195,0.342183107747,0.));
#2672 = VECTOR('',#2673,1.);
#2673 = DIRECTION('',(6.982962677686E-15,-1.,0.));
#2674 = ORIENTED_EDGE('',*,*,#2675,.T.);
#2675 = EDGE_CURVE('',#2668,#2676,#2678,.T.);
#2676 = VERTEX_POINT('',#2677);
#2677 = CARTESIAN_POINT('',(8.759256697548E-02,-0.257816892253,0.));
#2678 = LINE('',#2679,#2680);
#2679 = CARTESIAN_POINT('',(-0.219724506195,-0.257816892253,0.));
#2680 = VECTOR('',#2681,1.);
#2681 = DIRECTION('',(1.,6.982962677686E-15,0.));
#2682 = ORIENTED_EDGE('',*,*,#2683,.T.);
#2683 = EDGE_CURVE('',#2676,#2684,#2686,.T.);
#2684 = VERTEX_POINT('',#2685);
#2685 = CARTESIAN_POINT('',(8.759256697548E-02,-0.191963233716,0.));
#2686 = LINE('',#2687,#2688);
#2687 = CARTESIAN_POINT('',(8.759256697548E-02,-0.257816892253,0.));
#2688 = VECTOR('',#2689,1.);
#2689 = DIRECTION('',(-6.982962677686E-15,1.,0.));
#2690 = ORIENTED_EDGE('',*,*,#2691,.T.);
#2691 = EDGE_CURVE('',#2684,#2692,#2694,.T.);
#2692 = VERTEX_POINT('',#2693);
#2693 = CARTESIAN_POINT('',(-0.139236701317,-0.191963233716,0.));
#2694 = LINE('',#2695,#2696);
#2695 = CARTESIAN_POINT('',(8.759256697548E-02,-0.191963233716,0.));
#2696 = VECTOR('',#2697,1.);
#2697 = DIRECTION('',(-1.,-6.982962677686E-15,0.));
#2698 = ORIENTED_EDGE('',*,*,#2699,.T.);
#2699 = EDGE_CURVE('',#2692,#2700,#2702,.T.);
#2700 = VERTEX_POINT('',#2701);
#2701 = CARTESIAN_POINT('',(-0.139236701317,5.597741893814E-03,0.));
#2702 = LINE('',#2703,#2704);
#2703 = CARTESIAN_POINT('',(-0.139236701317,-0.191963233716,0.));
#2704 = VECTOR('',#2705,1.);
#2705 = DIRECTION('',(-6.982962677686E-15,1.,0.));
#2706 = ORIENTED_EDGE('',*,*,#2707,.T.);
#2707 = EDGE_CURVE('',#2700,#2708,#2710,.T.);
#2708 = VERTEX_POINT('',#2709);
#2709 = CARTESIAN_POINT('',(7.295842063401E-02,5.597741893816E-03,0.));
#2710 = LINE('',#2711,#2712);
#2711 = CARTESIAN_POINT('',(-0.139236701317,5.597741893814E-03,0.));
#2712 = VECTOR('',#2713,1.);
#2713 = DIRECTION('',(1.,6.982962677686E-15,0.));
#2714 = ORIENTED_EDGE('',*,*,#2715,.T.);
#2715 = EDGE_CURVE('',#2708,#2716,#2718,.T.);
#2716 = VERTEX_POINT('',#2717);
#2717 = CARTESIAN_POINT('',(7.295842063401E-02,7.14514004304E-02,0.));
#2718 = LINE('',#2719,#2720);
#2719 = CARTESIAN_POINT('',(7.295842063401E-02,5.597741893816E-03,0.));
#2720 = VECTOR('',#2721,1.);
#2721 = DIRECTION('',(-6.982962677686E-15,1.,0.));
#2722 = ORIENTED_EDGE('',*,*,#2723,.T.);
#2723 = EDGE_CURVE('',#2716,#2724,#2726,.T.);
#2724 = VERTEX_POINT('',#2725);
#2725 = CARTESIAN_POINT('',(-0.139236701317,7.14514004304E-02,0.));
#2726 = LINE('',#2727,#2728);
#2727 = CARTESIAN_POINT('',(7.295842063401E-02,7.14514004304E-02,0.));
#2728 = VECTOR('',#2729,1.);
#2729 = DIRECTION('',(-1.,-6.982962677686E-15,0.));
#2730 = ORIENTED_EDGE('',*,*,#2731,.T.);
#2731 = EDGE_CURVE('',#2724,#2732,#2734,.T.);
#2732 = VERTEX_POINT('',#2733);
#2733 = CARTESIAN_POINT('',(-0.139236701317,0.276329449211,0.));
#2734 = LINE('',#2735,#2736);
#2735 = CARTESIAN_POINT('',(-0.139236701317,7.14514004304E-02,0.));
#2736 = VECTOR('',#2737,1.);
#2737 = DIRECTION('',(-6.982962677686E-15,1.,0.));
#2738 = ORIENTED_EDGE('',*,*,#2739,.T.);
#2739 = EDGE_CURVE('',#2732,#2650,#2740,.T.);
#2740 = LINE('',#2741,#2742);
#2741 = CARTESIAN_POINT('',(-0.139236701317,0.276329449211,0.));
#2742 = VECTOR('',#2743,1.);
#2743 = DIRECTION('',(1.,6.982962677686E-15,0.));
#2744 = FACE_BOUND('',#2745,.T.);
#2745 = EDGE_LOOP('',(#2746,#2756,#2764,#2772,#2780,#2788,#2796,#2804));
#2746 = ORIENTED_EDGE('',*,*,#2747,.T.);
#2747 = EDGE_CURVE('',#2748,#2750,#2752,.T.);
#2748 = VERTEX_POINT('',#2749);
#2749 = CARTESIAN_POINT('',(1.053446225512,-0.257816892253,0.));
#2750 = VERTEX_POINT('',#2751);
#2751 = CARTESIAN_POINT('',(1.287592566975,0.342183107747,0.));
#2752 = LINE('',#2753,#2754);
#2753 = CARTESIAN_POINT('',(1.053446225512,-0.257816892253,0.));
#2754 = VECTOR('',#2755,1.);
#2755 = DIRECTION('',(0.363542485653,0.931577619485,0.));
#2756 = ORIENTED_EDGE('',*,*,#2757,.T.);
#2757 = EDGE_CURVE('',#2750,#2758,#2760,.T.);
#2758 = VERTEX_POINT('',#2759);
#2759 = CARTESIAN_POINT('',(1.199787688927,0.342183107747,0.));
#2760 = LINE('',#2761,#2762);
#2761 = CARTESIAN_POINT('',(1.287592566975,0.342183107747,0.));
#2762 = VECTOR('',#2763,1.);
#2763 = DIRECTION('',(-1.,-6.982962677686E-15,0.));
#2764 = ORIENTED_EDGE('',*,*,#2765,.T.);
#2765 = EDGE_CURVE('',#2758,#2766,#2768,.T.);
#2766 = VERTEX_POINT('',#2767);
#2767 = CARTESIAN_POINT('',(1.139078847463,0.173890424821,0.));
#2768 = LINE('',#2769,#2770);
#2769 = CARTESIAN_POINT('',(1.199787688927,0.342183107747,0.));
#2770 = VECTOR('',#2771,1.);
#2771 = DIRECTION('',(-0.339330377275,-0.940667260544,0.));
#2772 = ORIENTED_EDGE('',*,*,#2773,.T.);
#2773 = EDGE_CURVE('',#2766,#2774,#2776,.T.);
#2774 = VERTEX_POINT('',#2775);
#2775 = CARTESIAN_POINT('',(0.891212993805,0.173890424821,0.));
#2776 = LINE('',#2777,#2778);
#2777 = CARTESIAN_POINT('',(1.139078847463,0.173890424821,0.));
#2778 = VECTOR('',#2779,1.);
#2779 = DIRECTION('',(-1.,-6.982962677686E-15,0.));
#2780 = ORIENTED_EDGE('',*,*,#2781,.T.);
#2781 = EDGE_CURVE('',#2774,#2782,#2784,.T.);
#2782 = VERTEX_POINT('',#2783);
#2783 = CARTESIAN_POINT('',(0.83393403039,0.342183107747,0.));
#2784 = LINE('',#2785,#2786);
#2785 = CARTESIAN_POINT('',(0.891212993805,0.173890424821,0.));
#2786 = VECTOR('',#2787,1.);
#2787 = DIRECTION('',(-0.322202485606,0.946670776072,0.));
#2788 = ORIENTED_EDGE('',*,*,#2789,.T.);
#2789 = EDGE_CURVE('',#2782,#2790,#2792,.T.);
#2790 = VERTEX_POINT('',#2791);
#2791 = CARTESIAN_POINT('',(0.746129152341,0.342183107747,0.));
#2792 = LINE('',#2793,#2794);
#2793 = CARTESIAN_POINT('',(0.83393403039,0.342183107747,0.));
#2794 = VECTOR('',#2795,1.);
#2795 = DIRECTION('',(-1.,-6.982962677686E-15,0.));
#2796 = ORIENTED_EDGE('',*,*,#2797,.T.);
#2797 = EDGE_CURVE('',#2790,#2798,#2800,.T.);
#2798 = VERTEX_POINT('',#2799);
#2799 = CARTESIAN_POINT('',(0.972958420634,-0.257816892253,0.));
#2800 = LINE('',#2801,#2802);
#2801 = CARTESIAN_POINT('',(0.746129152341,0.342183107747,0.));
#2802 = VECTOR('',#2803,1.);
#2803 = DIRECTION('',(0.353622392329,-0.93538826358,0.));
#2804 = ORIENTED_EDGE('',*,*,#2805,.T.);
#2805 = EDGE_CURVE('',#2798,#2748,#2806,.T.);
#2806 = LINE('',#2807,#2808);
#2807 = CARTESIAN_POINT('',(0.972958420634,-0.257816892253,0.));
#2808 = VECTOR('',#2809,1.);
#2809 = DIRECTION('',(1.,6.982962677686E-15,0.));
#2810 = FACE_BOUND('',#2811,.T.);
#2811 = EDGE_LOOP('',(#2812,#2822,#2828,#2829,#2830,#2831,#2839,#2847,
    #2853,#2854,#2862,#2870,#2876,#2877,#2885,#2893,#2899,#2900,#2901,
    #2902,#2910,#2918,#2924,#2925,#2926,#2927,#2935,#2943,#2949,#2950,
    #2958,#2966,#2972,#2973,#2981,#2989,#2995,#2996,#2997,#2998));
#2812 = ORIENTED_EDGE('',*,*,#2813,.F.);
#2813 = EDGE_CURVE('',#2814,#2816,#2818,.T.);
#2814 = VERTEX_POINT('',#2815);
#2815 = CARTESIAN_POINT('',(0.431779641786,3.25,0.));
#2816 = VERTEX_POINT('',#2817);
#2817 = CARTESIAN_POINT('',(-0.568220358214,3.25,0.));
#2818 = LINE('',#2819,#2820);
#2819 = CARTESIAN_POINT('',(-0.568220358214,3.25,0.));
#2820 = VECTOR('',#2821,1.);
#2821 = DIRECTION('',(-1.,-6.982962677686E-15,0.));
#2822 = ORIENTED_EDGE('',*,*,#2823,.F.);
#2823 = EDGE_CURVE('',#2168,#2814,#2824,.T.);
#2824 = LINE('',#2825,#2826);
#2825 = CARTESIAN_POINT('',(0.431779641786,3.25,0.));
#2826 = VECTOR('',#2827,1.);
#2827 = DIRECTION('',(-0.61567611351,-0.787999316785,0.));
#2828 = ORIENTED_EDGE('',*,*,#2167,.F.);
#2829 = ORIENTED_EDGE('',*,*,#2143,.F.);
#2830 = ORIENTED_EDGE('',*,*,#2102,.F.);
#2831 = ORIENTED_EDGE('',*,*,#2832,.F.);
#2832 = EDGE_CURVE('',#2833,#2095,#2835,.T.);
#2833 = VERTEX_POINT('',#2834);
#2834 = CARTESIAN_POINT('',(2.4,1.775,0.));
#2835 = LINE('',#2836,#2837);
#2836 = CARTESIAN_POINT('',(3.75,1.775,0.));
#2837 = VECTOR('',#2838,1.);
#2838 = DIRECTION('',(1.,6.982962677686E-15,-0.));
#2839 = ORIENTED_EDGE('',*,*,#2840,.F.);
#2840 = EDGE_CURVE('',#2841,#2833,#2843,.T.);
#2841 = VERTEX_POINT('',#2842);
#2842 = CARTESIAN_POINT('',(2.4,1.075,0.));
#2843 = LINE('',#2844,#2845);
#2844 = CARTESIAN_POINT('',(2.4,1.775,0.));
#2845 = VECTOR('',#2846,1.);
#2846 = DIRECTION('',(-7.602506776249E-15,1.,0.));
#2847 = ORIENTED_EDGE('',*,*,#2848,.F.);
#2848 = EDGE_CURVE('',#2071,#2841,#2849,.T.);
#2849 = LINE('',#2850,#2851);
#2850 = CARTESIAN_POINT('',(3.75,1.075,0.));
#2851 = VECTOR('',#2852,1.);
#2852 = DIRECTION('',(-1.,-6.982962677686E-15,0.));
#2853 = ORIENTED_EDGE('',*,*,#2070,.F.);
#2854 = ORIENTED_EDGE('',*,*,#2855,.F.);
#2855 = EDGE_CURVE('',#2856,#2063,#2858,.T.);
#2856 = VERTEX_POINT('',#2857);
#2857 = CARTESIAN_POINT('',(2.4,0.35,0.));
#2858 = LINE('',#2859,#2860);
#2859 = CARTESIAN_POINT('',(2.4,0.35,0.));
#2860 = VECTOR('',#2861,1.);
#2861 = DIRECTION('',(1.,7.063273949722E-15,0.));
#2862 = ORIENTED_EDGE('',*,*,#2863,.F.);
#2863 = EDGE_CURVE('',#2864,#2856,#2866,.T.);
#2864 = VERTEX_POINT('',#2865);
#2865 = CARTESIAN_POINT('',(2.4,-0.35,0.));
#2866 = LINE('',#2867,#2868);
#2867 = CARTESIAN_POINT('',(2.4,-0.35,0.));
#2868 = VECTOR('',#2869,1.);
#2869 = DIRECTION('',(-6.982962677686E-15,1.,0.));
#2870 = ORIENTED_EDGE('',*,*,#2871,.F.);
#2871 = EDGE_CURVE('',#2007,#2864,#2872,.T.);
#2872 = LINE('',#2873,#2874);
#2873 = CARTESIAN_POINT('',(2.4,-0.35,0.));
#2874 = VECTOR('',#2875,1.);
#2875 = DIRECTION('',(-1.,-6.90265140565E-15,0.));
#2876 = ORIENTED_EDGE('',*,*,#2006,.F.);
#2877 = ORIENTED_EDGE('',*,*,#2878,.F.);
#2878 = EDGE_CURVE('',#2879,#1999,#2881,.T.);
#2879 = VERTEX_POINT('',#2880);
#2880 = CARTESIAN_POINT('',(2.4,-1.075,0.));
#2881 = LINE('',#2882,#2883);
#2882 = CARTESIAN_POINT('',(3.75,-1.075,0.));
#2883 = VECTOR('',#2884,1.);
#2884 = DIRECTION('',(1.,6.982962677686E-15,-0.));
#2885 = ORIENTED_EDGE('',*,*,#2886,.F.);
#2886 = EDGE_CURVE('',#2887,#2879,#2889,.T.);
#2887 = VERTEX_POINT('',#2888);
#2888 = CARTESIAN_POINT('',(2.4,-1.775,0.));
#2889 = LINE('',#2890,#2891);
#2890 = CARTESIAN_POINT('',(2.4,-1.775,0.));
#2891 = VECTOR('',#2892,1.);
#2892 = DIRECTION('',(-7.602506776249E-15,1.,0.));
#2893 = ORIENTED_EDGE('',*,*,#2894,.F.);
#2894 = EDGE_CURVE('',#1943,#2887,#2895,.T.);
#2895 = LINE('',#2896,#2897);
#2896 = CARTESIAN_POINT('',(3.75,-1.775,0.));
#2897 = VECTOR('',#2898,1.);
#2898 = DIRECTION('',(-1.,-6.982962677686E-15,0.));
#2899 = ORIENTED_EDGE('',*,*,#1942,.F.);
#2900 = ORIENTED_EDGE('',*,*,#2127,.T.);
#2901 = ORIENTED_EDGE('',*,*,#1740,.T.);
#2902 = ORIENTED_EDGE('',*,*,#2903,.F.);
#2903 = EDGE_CURVE('',#2904,#1733,#2906,.T.);
#2904 = VERTEX_POINT('',#2905);
#2905 = CARTESIAN_POINT('',(0.431779641786,-3.25,0.));
#2906 = LINE('',#2907,#2908);
#2907 = CARTESIAN_POINT('',(0.431779641786,-3.25,0.));
#2908 = VECTOR('',#2909,1.);
#2909 = DIRECTION('',(0.61567611351,-0.787999316785,0.));
#2910 = ORIENTED_EDGE('',*,*,#2911,.F.);
#2911 = EDGE_CURVE('',#2912,#2904,#2914,.T.);
#2912 = VERTEX_POINT('',#2913);
#2913 = CARTESIAN_POINT('',(-0.568220358214,-3.25,0.));
#2914 = LINE('',#2915,#2916);
#2915 = CARTESIAN_POINT('',(-0.568220358214,-3.25,0.));
#2916 = VECTOR('',#2917,1.);
#2917 = DIRECTION('',(1.,6.982962677686E-15,0.));
#2918 = ORIENTED_EDGE('',*,*,#2919,.F.);
#2919 = EDGE_CURVE('',#1772,#2912,#2920,.T.);
#2920 = LINE('',#2921,#2922);
#2921 = CARTESIAN_POINT('',(-0.568220358214,-3.25,0.));
#2922 = VECTOR('',#2923,1.);
#2923 = DIRECTION('',(0.602634833185,0.798017078659,-0.));
#2924 = ORIENTED_EDGE('',*,*,#1771,.T.);
#2925 = ORIENTED_EDGE('',*,*,#2422,.F.);
#2926 = ORIENTED_EDGE('',*,*,#2406,.T.);
#2927 = ORIENTED_EDGE('',*,*,#2928,.F.);
#2928 = EDGE_CURVE('',#2929,#2399,#2931,.T.);
#2929 = VERTEX_POINT('',#2930);
#2930 = CARTESIAN_POINT('',(-2.4,-1.775,0.));
#2931 = LINE('',#2932,#2933);
#2932 = CARTESIAN_POINT('',(-3.75,-1.775,0.));
#2933 = VECTOR('',#2934,1.);
#2934 = DIRECTION('',(-1.,-6.982962677686E-15,0.));
#2935 = ORIENTED_EDGE('',*,*,#2936,.F.);
#2936 = EDGE_CURVE('',#2937,#2929,#2939,.T.);
#2937 = VERTEX_POINT('',#2938);
#2938 = CARTESIAN_POINT('',(-2.4,-1.075,0.));
#2939 = LINE('',#2940,#2941);
#2940 = CARTESIAN_POINT('',(-2.4,-1.775,0.));
#2941 = VECTOR('',#2942,1.);
#2942 = DIRECTION('',(6.363418579123E-15,-1.,0.));
#2943 = ORIENTED_EDGE('',*,*,#2944,.F.);
#2944 = EDGE_CURVE('',#2343,#2937,#2945,.T.);
#2945 = LINE('',#2946,#2947);
#2946 = CARTESIAN_POINT('',(-3.75,-1.075,0.));
#2947 = VECTOR('',#2948,1.);
#2948 = DIRECTION('',(1.,6.982962677686E-15,0.));
#2949 = ORIENTED_EDGE('',*,*,#2342,.T.);
#2950 = ORIENTED_EDGE('',*,*,#2951,.F.);
#2951 = EDGE_CURVE('',#2952,#2335,#2954,.T.);
#2952 = VERTEX_POINT('',#2953);
#2953 = CARTESIAN_POINT('',(-2.4,-0.35,0.));
#2954 = LINE('',#2955,#2956);
#2955 = CARTESIAN_POINT('',(-2.4,-0.35,0.));
#2956 = VECTOR('',#2957,1.);
#2957 = DIRECTION('',(-1.,-7.063273949722E-15,0.));
#2958 = ORIENTED_EDGE('',*,*,#2959,.F.);
#2959 = EDGE_CURVE('',#2960,#2952,#2962,.T.);
#2960 = VERTEX_POINT('',#2961);
#2961 = CARTESIAN_POINT('',(-2.4,0.35,0.));
#2962 = LINE('',#2963,#2964);
#2963 = CARTESIAN_POINT('',(-2.4,-0.35,0.));
#2964 = VECTOR('',#2965,1.);
#2965 = DIRECTION('',(6.982962677686E-15,-1.,0.));
#2966 = ORIENTED_EDGE('',*,*,#2967,.F.);
#2967 = EDGE_CURVE('',#2279,#2960,#2968,.T.);
#2968 = LINE('',#2969,#2970);
#2969 = CARTESIAN_POINT('',(-2.4,0.35,0.));
#2970 = VECTOR('',#2971,1.);
#2971 = DIRECTION('',(1.,6.90265140565E-15,0.));
#2972 = ORIENTED_EDGE('',*,*,#2278,.T.);
#2973 = ORIENTED_EDGE('',*,*,#2974,.F.);
#2974 = EDGE_CURVE('',#2975,#2271,#2977,.T.);
#2975 = VERTEX_POINT('',#2976);
#2976 = CARTESIAN_POINT('',(-2.4,1.075,0.));
#2977 = LINE('',#2978,#2979);
#2978 = CARTESIAN_POINT('',(-3.75,1.075,0.));
#2979 = VECTOR('',#2980,1.);
#2980 = DIRECTION('',(-1.,-6.982962677686E-15,0.));
#2981 = ORIENTED_EDGE('',*,*,#2982,.F.);
#2982 = EDGE_CURVE('',#2983,#2975,#2985,.T.);
#2983 = VERTEX_POINT('',#2984);
#2984 = CARTESIAN_POINT('',(-2.4,1.775,0.));
#2985 = LINE('',#2986,#2987);
#2986 = CARTESIAN_POINT('',(-2.4,1.775,0.));
#2987 = VECTOR('',#2988,1.);
#2988 = DIRECTION('',(6.363418579123E-15,-1.,0.));
#2989 = ORIENTED_EDGE('',*,*,#2990,.F.);
#2990 = EDGE_CURVE('',#2247,#2983,#2991,.T.);
#2991 = LINE('',#2992,#2993);
#2992 = CARTESIAN_POINT('',(-3.75,1.775,0.));
#2993 = VECTOR('',#2994,1.);
#2994 = DIRECTION('',(1.,6.982962677686E-15,0.));
#2995 = ORIENTED_EDGE('',*,*,#2246,.T.);
#2996 = ORIENTED_EDGE('',*,*,#2222,.T.);
#2997 = ORIENTED_EDGE('',*,*,#1911,.F.);
#2998 = ORIENTED_EDGE('',*,*,#2999,.F.);
#2999 = EDGE_CURVE('',#2816,#1904,#3000,.T.);
#3000 = LINE('',#3001,#3002);
#3001 = CARTESIAN_POINT('',(-0.568220358214,3.25,0.));
#3002 = VECTOR('',#3003,1.);
#3003 = DIRECTION('',(-0.602634833185,0.798017078659,0.));
#3004 = FACE_BOUND('',#3005,.T.);
#3005 = EDGE_LOOP('',(#3006,#3016,#3024,#3032,#3040,#3048));
#3006 = ORIENTED_EDGE('',*,*,#3007,.T.);
#3007 = EDGE_CURVE('',#3008,#3010,#3012,.T.);
#3008 = VERTEX_POINT('',#3009);
#3009 = CARTESIAN_POINT('',(-0.834358652537,0.276329449211,0.));
#3010 = VERTEX_POINT('',#3011);
#3011 = CARTESIAN_POINT('',(-0.834358652537,0.342183107747,0.));
#3012 = LINE('',#3013,#3014);
#3013 = CARTESIAN_POINT('',(-0.834358652537,0.276329449211,0.));
#3014 = VECTOR('',#3015,1.);
#3015 = DIRECTION('',(-6.982962677686E-15,1.,0.));
#3016 = ORIENTED_EDGE('',*,*,#3017,.T.);
#3017 = EDGE_CURVE('',#3010,#3018,#3020,.T.);
#3018 = VERTEX_POINT('',#3019);
#3019 = CARTESIAN_POINT('',(-1.141675725707,0.342183107747,0.));
#3020 = LINE('',#3021,#3022);
#3021 = CARTESIAN_POINT('',(-0.834358652537,0.342183107747,0.));
#3022 = VECTOR('',#3023,1.);
#3023 = DIRECTION('',(-1.,-6.982962677686E-15,0.));
#3024 = ORIENTED_EDGE('',*,*,#3025,.T.);
#3025 = EDGE_CURVE('',#3018,#3026,#3028,.T.);
#3026 = VERTEX_POINT('',#3027);
#3027 = CARTESIAN_POINT('',(-1.141675725707,-0.257816892253,0.));
#3028 = LINE('',#3029,#3030);
#3029 = CARTESIAN_POINT('',(-1.141675725707,0.342183107747,0.));
#3030 = VECTOR('',#3031,1.);
#3031 = DIRECTION('',(6.982962677686E-15,-1.,0.));
#3032 = ORIENTED_EDGE('',*,*,#3033,.T.);
#3033 = EDGE_CURVE('',#3026,#3034,#3036,.T.);
#3034 = VERTEX_POINT('',#3035);
#3035 = CARTESIAN_POINT('',(-1.061187920829,-0.257816892253,0.));
#3036 = LINE('',#3037,#3038);
#3037 = CARTESIAN_POINT('',(-1.141675725707,-0.257816892253,0.));
#3038 = VECTOR('',#3039,1.);
#3039 = DIRECTION('',(1.,6.982962677686E-15,0.));
#3040 = ORIENTED_EDGE('',*,*,#3041,.T.);
#3041 = EDGE_CURVE('',#3034,#3042,#3044,.T.);
#3042 = VERTEX_POINT('',#3043);
#3043 = CARTESIAN_POINT('',(-1.061187920829,0.276329449211,0.));
#3044 = LINE('',#3045,#3046);
#3045 = CARTESIAN_POINT('',(-1.061187920829,-0.257816892253,0.));
#3046 = VECTOR('',#3047,1.);
#3047 = DIRECTION('',(-6.982962677686E-15,1.,0.));
#3048 = ORIENTED_EDGE('',*,*,#3049,.T.);
#3049 = EDGE_CURVE('',#3042,#3008,#3050,.T.);
#3050 = LINE('',#3051,#3052);
#3051 = CARTESIAN_POINT('',(-1.061187920829,0.276329449211,0.));
#3052 = VECTOR('',#3053,1.);
#3053 = DIRECTION('',(1.,6.982962677686E-15,0.));
#3054 = FACE_BOUND('',#3055,.T.);
#3055 = EDGE_LOOP('',(#3056,#3066,#3074,#3082,#3106));
#3056 = ORIENTED_EDGE('',*,*,#3057,.T.);
#3057 = EDGE_CURVE('',#3058,#3060,#3062,.T.);
#3058 = VERTEX_POINT('',#3059);
#3059 = CARTESIAN_POINT('',(0.382447749902,0.342183107747,
    5.082197683526E-18));
#3060 = VERTEX_POINT('',#3061);
#3061 = CARTESIAN_POINT('',(0.219299884049,0.342183107747,0.));
#3062 = LINE('',#3063,#3064);
#3063 = CARTESIAN_POINT('',(0.382447749902,0.342183107747,0.));
#3064 = VECTOR('',#3065,1.);
#3065 = DIRECTION('',(-1.,-6.982962677686E-15,0.));
#3066 = ORIENTED_EDGE('',*,*,#3067,.T.);
#3067 = EDGE_CURVE('',#3060,#3068,#3070,.T.);
#3068 = VERTEX_POINT('',#3069);
#3069 = CARTESIAN_POINT('',(0.219299884049,-0.257816892253,0.));
#3070 = LINE('',#3071,#3072);
#3071 = CARTESIAN_POINT('',(0.219299884049,0.342183107747,0.));
#3072 = VECTOR('',#3073,1.);
#3073 = DIRECTION('',(6.982962677686E-15,-1.,0.));
#3074 = ORIENTED_EDGE('',*,*,#3075,.T.);
#3075 = EDGE_CURVE('',#3068,#3076,#3078,.T.);
#3076 = VERTEX_POINT('',#3077);
#3077 = CARTESIAN_POINT('',(0.38862153039,-0.257816892253,0.));
#3078 = LINE('',#3079,#3080);
#3079 = CARTESIAN_POINT('',(0.219299884049,-0.257816892253,0.));
#3080 = VECTOR('',#3081,1.);
#3081 = DIRECTION('',(1.,6.982962677686E-15,0.));
#3082 = ORIENTED_EDGE('',*,*,#3083,.T.);
#3083 = EDGE_CURVE('',#3076,#3084,#3086,.T.);
#3084 = VERTEX_POINT('',#3085);
#3085 = CARTESIAN_POINT('',(0.702226713317,3.463737604016E-02,0.));
#3086 = B_SPLINE_CURVE_WITH_KNOTS('',3,(#3087,#3088,#3089,#3090,#3091,
    #3092,#3093,#3094,#3095,#3096,#3097,#3098,#3099,#3100,#3101,#3102,
    #3103,#3104,#3105),.UNSPECIFIED.,.F.,.F.,(4,1,1,1,1,1,1,1,1,1,1,1,1,
    1,1,1,4),(0.,6.86311786766E-02,0.134566466039,0.198328154011,
    0.260789766641,0.321999151484,0.382721746503,0.443537474036,
    0.505133429485,0.566213874765,0.626105864618,0.685349322161,
    0.744995870348,0.805415841815,0.867636266346,0.932307782302,1.),
  .UNSPECIFIED.);
#3087 = CARTESIAN_POINT('',(0.38862153039,-0.257816892253,0.));
#3088 = CARTESIAN_POINT('',(0.39964464883,-0.257571197081,0.));
#3089 = CARTESIAN_POINT('',(0.421257888203,-0.257089457854,0.));
#3090 = CARTESIAN_POINT('',(0.452952374714,-0.253430084708,0.));
#3091 = CARTESIAN_POINT('',(0.48318988052,-0.247079882823,0.));
#3092 = CARTESIAN_POINT('',(0.512053556739,-0.238416783585,0.));
#3093 = CARTESIAN_POINT('',(0.539576837168,-0.227349768858,0.));
#3094 = CARTESIAN_POINT('',(0.565500429851,-0.213485753823,0.));
#3095 = CARTESIAN_POINT('',(0.590108772283,-0.197306580664,0.));
#3096 = CARTESIAN_POINT('',(0.613081639764,-0.178777159693,0.));
#3097 = CARTESIAN_POINT('',(0.634020605099,-0.158174267001,0.));
#3098 = CARTESIAN_POINT('',(0.652273877645,-0.135641462803,0.));
#3099 = CARTESIAN_POINT('',(0.667901513848,-0.111480120041,0.));
#3100 = CARTESIAN_POINT('',(0.680477648422,-8.549919732906E-02,0.));
#3101 = CARTESIAN_POINT('',(0.690242641492,-5.783867987647E-02,0.));
#3102 = CARTESIAN_POINT('',(0.697157529983,-2.851862510817E-02,0.));
#3103 = CARTESIAN_POINT('',(0.701518898604,2.49417554398E-03,0.));
#3104 = CARTESIAN_POINT('',(0.701987212581,2.376119609757E-02,-0.));
#3105 = CARTESIAN_POINT('',(0.702226713317,3.463737604016E-02,0.));
#3106 = ORIENTED_EDGE('',*,*,#3107,.T.);
#3107 = EDGE_CURVE('',#3084,#3058,#3108,.T.);
#3108 = B_SPLINE_CURVE_WITH_KNOTS('',3,(#3109,#3110,#3111,#3112,#3113,
    #3114,#3115,#3116,#3117,#3118,#3119,#3120,#3121,#3122,#3123,#3124,
    #3125,#3126,#3127),.UNSPECIFIED.,.F.,.F.,(4,1,1,1,1,1,1,1,1,1,1,1,1,
    1,1,1,4),(0.,6.806869584499E-02,0.133427432819,0.196146033813,
    0.257048592449,0.316882663159,0.376187208666,0.435960335364,
    0.496535236863,0.557465343481,0.61768686341,0.677943640697,
    0.738805284806,0.800949336767,0.86481466747,0.931024781079,1.),
  .UNSPECIFIED.);
#3109 = CARTESIAN_POINT('',(0.702226713317,3.463737604016E-02,0.));
#3110 = CARTESIAN_POINT('',(0.701984392995,4.596992674397E-02,-0.));
#3111 = CARTESIAN_POINT('',(0.701509399637,6.818385531906E-02,0.));
#3112 = CARTESIAN_POINT('',(0.697167932458,0.100603172366,0.));
#3113 = CARTESIAN_POINT('',(0.690237514808,0.131321392132,0.));
#3114 = CARTESIAN_POINT('',(0.680509257692,0.160321063035,0.));
#3115 = CARTESIAN_POINT('',(0.667914006026,0.187581268245,0.));
#3116 = CARTESIAN_POINT('',(0.652297770227,0.213002414459,0.));
#3117 = CARTESIAN_POINT('',(0.634081439964,0.236778329517,0.));
#3118 = CARTESIAN_POINT('',(0.613140210223,0.258583263878,0.));
#3119 = CARTESIAN_POINT('',(0.589980719282,0.278098602367,0.));
#3120 = CARTESIAN_POINT('',(0.565215817514,0.295454689723,0.));
#3121 = CARTESIAN_POINT('',(0.538632711158,0.30987528512,0.));
#3122 = CARTESIAN_POINT('',(0.51045844608,0.321657597688,0.));
#3123 = CARTESIAN_POINT('',(0.480742299136,0.331012049526,0.));
#3124 = CARTESIAN_POINT('',(0.449355484497,0.3373810366,0.));
#3125 = CARTESIAN_POINT('',(0.416440648175,0.341568087765,0.));
#3126 = CARTESIAN_POINT('',(0.39393218009,0.341975324522,-0.));
#3127 = CARTESIAN_POINT('',(0.382447749902,0.342183107747,
    5.082197683526E-18));
#3128 = FACE_BOUND('',#3129,.T.);
#3129 = EDGE_LOOP('',(#3130,#3140,#3156,#3180,#3204,#3220,#3228,#3244,
    #3268,#3292));
#3130 = ORIENTED_EDGE('',*,*,#3131,.T.);
#3131 = EDGE_CURVE('',#3132,#3134,#3136,.T.);
#3132 = VERTEX_POINT('',#3133);
#3133 = CARTESIAN_POINT('',(-0.336797676927,0.245231888235,
    3.388131789017E-18));
#3134 = VERTEX_POINT('',#3135);
#3135 = CARTESIAN_POINT('',(-0.336797676927,0.311085546772,0.));
#3136 = LINE('',#3137,#3138);
#3137 = CARTESIAN_POINT('',(-0.336797676927,0.245231888235,0.));
#3138 = VECTOR('',#3139,1.);
#3139 = DIRECTION('',(-6.982962677686E-15,1.,0.));
#3140 = ORIENTED_EDGE('',*,*,#3141,.T.);
#3141 = EDGE_CURVE('',#3134,#3142,#3144,.T.);
#3142 = VERTEX_POINT('',#3143);
#3143 = CARTESIAN_POINT('',(-0.501889140342,0.349500180918,0.));
#3144 = B_SPLINE_CURVE_WITH_KNOTS('',3,(#3145,#3146,#3147,#3148,#3149,
    #3150,#3151,#3152,#3153,#3154,#3155),.UNSPECIFIED.,.F.,.F.,(4,1,1,1,
    1,1,1,1,4),(0.,0.112448389909,0.226527675213,0.344401949326,
    0.465864972487,0.591659449352,0.722168487025,0.858606387555,1.),
  .UNSPECIFIED.);
#3145 = CARTESIAN_POINT('',(-0.336797676927,0.311085546772,0.));
#3146 = CARTESIAN_POINT('',(-0.342427711392,0.314193096574,0.));
#3147 = CARTESIAN_POINT('',(-0.353769435535,0.320453266531,0.));
#3148 = CARTESIAN_POINT('',(-0.371907234226,0.328177720598,0.));
#3149 = CARTESIAN_POINT('',(-0.39099259398,0.334840425764,0.));
#3150 = CARTESIAN_POINT('',(-0.411192561468,0.340153335501,0.));
#3151 = CARTESIAN_POINT('',(-0.432372853255,0.344423184951,0.));
#3152 = CARTESIAN_POINT('',(-0.454645698797,0.347315306983,0.));
#3153 = CARTESIAN_POINT('',(-0.477922860155,0.34921909679,0.));
#3154 = CARTESIAN_POINT('',(-0.493805944161,0.349405378632,0.));
#3155 = CARTESIAN_POINT('',(-0.501889140342,0.349500180918,0.));
#3156 = ORIENTED_EDGE('',*,*,#3157,.T.);
#3157 = EDGE_CURVE('',#3142,#3158,#3160,.T.);
#3158 = VERTEX_POINT('',#3159);
#3159 = CARTESIAN_POINT('',(-0.783139140342,5.350170530844E-02,0.));
#3160 = B_SPLINE_CURVE_WITH_KNOTS('',3,(#3161,#3162,#3163,#3164,#3165,
    #3166,#3167,#3168,#3169,#3170,#3171,#3172,#3173,#3174,#3175,#3176,
    #3177,#3178,#3179),.UNSPECIFIED.,.F.,.F.,(4,1,1,1,1,1,1,1,1,1,1,1,1,
    1,1,1,4),(0.,6.783324845577E-02,0.132655536508,0.195050884051,
    0.255582933069,0.314799834147,0.373600472826,0.432545595327,
    0.492430629284,0.552671255963,0.612513044188,0.672610250357,
    0.733838369314,0.796594238568,0.861449799291,0.929198942351,1.),
  .UNSPECIFIED.);
#3161 = CARTESIAN_POINT('',(-0.501889140342,0.349500180918,0.));
#3162 = CARTESIAN_POINT('',(-0.512304577272,0.349267886667,0.));
#3163 = CARTESIAN_POINT('',(-0.532673134072,0.348813609168,0.));
#3164 = CARTESIAN_POINT('',(-0.562428611191,0.344992477813,0.));
#3165 = CARTESIAN_POINT('',(-0.590578377259,0.338612968875,0.));
#3166 = CARTESIAN_POINT('',(-0.617112655001,0.329649524287,0.));
#3167 = CARTESIAN_POINT('',(-0.642124273757,0.318323277668,0.));
#3168 = CARTESIAN_POINT('',(-0.665483670845,0.304322919431,0.));
#3169 = CARTESIAN_POINT('',(-0.687036264048,0.287538192203,0.));
#3170 = CARTESIAN_POINT('',(-0.707067250843,0.268645697583,0.));
#3171 = CARTESIAN_POINT('',(-0.724940261824,0.247507633346,0.));
#3172 = CARTESIAN_POINT('',(-0.740584710018,0.224643622456,0.));
#3173 = CARTESIAN_POINT('',(-0.753819839164,0.200124779879,0.));
#3174 = CARTESIAN_POINT('',(-0.764559252064,0.173937645067,0.));
#3175 = CARTESIAN_POINT('',(-0.772928432115,0.146135375712,0.));
#3176 = CARTESIAN_POINT('',(-0.778781154211,0.116692945852,0.));
#3177 = CARTESIAN_POINT('',(-0.782584636591,8.565166272072E-02,0.));
#3178 = CARTESIAN_POINT('',(-0.782951611247,6.437458472656E-02,0.));
#3179 = CARTESIAN_POINT('',(-0.783139140342,5.350170530844E-02,0.));
#3180 = ORIENTED_EDGE('',*,*,#3181,.T.);
#3181 = EDGE_CURVE('',#3158,#3182,#3184,.T.);
#3182 = VERTEX_POINT('',#3183);
#3183 = CARTESIAN_POINT('',(-0.477994323268,-0.265133965423,0.));
#3184 = B_SPLINE_CURVE_WITH_KNOTS('',3,(#3185,#3186,#3187,#3188,#3189,
    #3190,#3191,#3192,#3193,#3194,#3195,#3196,#3197,#3198,#3199,#3200,
    #3201,#3202,#3203),.UNSPECIFIED.,.F.,.F.,(4,1,1,1,1,1,1,1,1,1,1,1,1,
    1,1,1,4),(0.,7.064371857535E-02,0.138256715509,0.203364124218,
    0.266324093803,0.327904761543,0.388737715173,0.449423528109,
    0.510861011459,0.572079396048,0.631734428731,0.691117210579,
    0.75036002949,0.810032900531,0.871362450829,0.934427141231,1.),
  .UNSPECIFIED.);
#3185 = CARTESIAN_POINT('',(-0.783139140342,5.350170530844E-02,0.));
#3186 = CARTESIAN_POINT('',(-0.782877826268,4.182839864257E-02,0.));
#3187 = CARTESIAN_POINT('',(-0.782366408889,1.898258770141E-02,0.));
#3188 = CARTESIAN_POINT('',(-0.778301339477,-1.442358732487E-02,0.));
#3189 = CARTESIAN_POINT('',(-0.771631224435,-4.609998459798E-02,0.));
#3190 = CARTESIAN_POINT('',(-0.762085413831,-7.599852020565E-02,0.));
#3191 = CARTESIAN_POINT('',(-0.7499295997,-0.104159603956,0.));
#3192 = CARTESIAN_POINT('',(-0.735153450812,-0.130620706692,0.));
#3193 = CARTESIAN_POINT('',(-0.717516870107,-0.155245492565,0.));
#3194 = CARTESIAN_POINT('',(-0.697300725413,-0.177866588177,0.));
#3195 = CARTESIAN_POINT('',(-0.675173952579,-0.198370692078,0.));
#3196 = CARTESIAN_POINT('',(-0.651299258273,-0.216262945762,0.));
#3197 = CARTESIAN_POINT('',(-0.625964630329,-0.231383395096,0.));
#3198 = CARTESIAN_POINT('',(-0.599205928669,-0.243831748942,0.));
#3199 = CARTESIAN_POINT('',(-0.570924783868,-0.253334106661,0.));
#3200 = CARTESIAN_POINT('',(-0.5412535156,-0.260158447553,0.));
#3201 = CARTESIAN_POINT('',(-0.510089936725,-0.264387204588,0.));
#3202 = CARTESIAN_POINT('',(-0.48883102945,-0.264881830415,0.));
#3203 = CARTESIAN_POINT('',(-0.477994323268,-0.265133965423,0.));
#3204 = ORIENTED_EDGE('',*,*,#3205,.T.);
#3205 = EDGE_CURVE('',#3182,#3206,#3208,.T.);
#3206 = VERTEX_POINT('',#3207);
#3207 = CARTESIAN_POINT('',(-0.336797676927,-0.241353477618,0.));
#3208 = B_SPLINE_CURVE_WITH_KNOTS('',3,(#3209,#3210,#3211,#3212,#3213,
    #3214,#3215,#3216,#3217,#3218,#3219),.UNSPECIFIED.,.F.,.F.,(4,1,1,1,
    1,1,1,1,4),(0.,0.145186866472,0.28344261092,0.416524365929,
    0.543181123535,0.665153082638,0.781360206313,0.892756655642,1.),
  .UNSPECIFIED.);
#3209 = CARTESIAN_POINT('',(-0.477994323268,-0.265133965423,0.));
#3210 = CARTESIAN_POINT('',(-0.471018206894,-0.265083958762,0.));
#3211 = CARTESIAN_POINT('',(-0.457399009185,-0.264986332723,0.));
#3212 = CARTESIAN_POINT('',(-0.437419462204,-0.263762093164,0.));
#3213 = CARTESIAN_POINT('',(-0.418371095927,-0.262031867933,0.));
#3214 = CARTESIAN_POINT('',(-0.400226345123,-0.259333894891,0.));
#3215 = CARTESIAN_POINT('',(-0.382986143434,-0.256122239256,0.));
#3216 = CARTESIAN_POINT('',(-0.366715075258,-0.251935692141,0.));
#3217 = CARTESIAN_POINT('',(-0.351310857457,-0.24724469757,0.));
#3218 = CARTESIAN_POINT('',(-0.341573751033,-0.243292191397,0.));
#3219 = CARTESIAN_POINT('',(-0.336797676927,-0.241353477618,0.));
#3220 = ORIENTED_EDGE('',*,*,#3221,.T.);
#3221 = EDGE_CURVE('',#3206,#3222,#3224,.T.);
#3222 = VERTEX_POINT('',#3223);
#3223 = CARTESIAN_POINT('',(-0.336797676927,-0.16086567274,0.));
#3224 = LINE('',#3225,#3226);
#3225 = CARTESIAN_POINT('',(-0.336797676927,-0.241353477618,0.));
#3226 = VECTOR('',#3227,1.);
#3227 = DIRECTION('',(-6.982962677686E-15,1.,0.));
#3228 = ORIENTED_EDGE('',*,*,#3229,.T.);
#3229 = EDGE_CURVE('',#3222,#3230,#3232,.T.);
#3230 = VERTEX_POINT('',#3231);
#3231 = CARTESIAN_POINT('',(-0.477308347659,-0.199280306887,0.));
#3232 = B_SPLINE_CURVE_WITH_KNOTS('',3,(#3233,#3234,#3235,#3236,#3237,
    #3238,#3239,#3240,#3241,#3242,#3243),.UNSPECIFIED.,.F.,.F.,(4,1,1,1,
    1,1,1,1,4),(0.,0.125279696736,0.249419970742,0.373356799493,
    0.496681278782,0.620202915744,0.745086320161,0.871269195019,1.),
  .UNSPECIFIED.);
#3233 = CARTESIAN_POINT('',(-0.336797676927,-0.16086567274,0.));
#3234 = CARTESIAN_POINT('',(-0.342125908304,-0.163961776535,0.));
#3235 = CARTESIAN_POINT('',(-0.352733910627,-0.170125824965,0.));
#3236 = CARTESIAN_POINT('',(-0.369418369596,-0.177832098621,0.));
#3237 = CARTESIAN_POINT('',(-0.386424315486,-0.184516181525,0.));
#3238 = CARTESIAN_POINT('',(-0.403870798419,-0.189851982023,0.));
#3239 = CARTESIAN_POINT('',(-0.421648015416,-0.194160681876,0.));
#3240 = CARTESIAN_POINT('',(-0.43984918662,-0.197050648303,0.));
#3241 = CARTESIAN_POINT('',(-0.45843982726,-0.198995028457,0.));
#3242 = CARTESIAN_POINT('',(-0.470977069833,-0.199184582529,0.));
#3243 = CARTESIAN_POINT('',(-0.477308347659,-0.199280306887,0.));
#3244 = ORIENTED_EDGE('',*,*,#3245,.T.);
#3245 = EDGE_CURVE('',#3230,#3246,#3248,.T.);
#3246 = VERTEX_POINT('',#3247);
#3247 = CARTESIAN_POINT('',(-0.702651335464,4.858554677186E-02,0.));
#3248 = B_SPLINE_CURVE_WITH_KNOTS('',3,(#3249,#3250,#3251,#3252,#3253,
    #3254,#3255,#3256,#3257,#3258,#3259,#3260,#3261,#3262,#3263,#3264,
    #3265,#3266,#3267),.UNSPECIFIED.,.F.,.F.,(4,1,1,1,1,1,1,1,1,1,1,1,1,
    1,1,1,4),(0.,6.460397028839E-02,0.126702413963,0.186756814036,
    0.245505687365,0.30365202445,0.361503073971,0.420240222928,
    0.480033340777,0.540678134776,0.601191806381,0.662333502477,
    0.724739510297,0.789467736173,0.856504860044,0.926312095839,1.),
  .UNSPECIFIED.);
#3249 = CARTESIAN_POINT('',(-0.477308347659,-0.199280306887,0.));
#3250 = CARTESIAN_POINT('',(-0.485437964777,-0.199105505235,0.));
#3251 = CARTESIAN_POINT('',(-0.501381909227,-0.19876268124,0.));
#3252 = CARTESIAN_POINT('',(-0.524674795854,-0.195396783428,0.));
#3253 = CARTESIAN_POINT('',(-0.546891231763,-0.190361019889,0.));
#3254 = CARTESIAN_POINT('',(-0.567942130555,-0.182990789522,0.));
#3255 = CARTESIAN_POINT('',(-0.587803588835,-0.173478371314,0.));
#3256 = CARTESIAN_POINT('',(-0.606458383234,-0.161788086927,0.));
#3257 = CARTESIAN_POINT('',(-0.624021079868,-0.148170575502,0.));
#3258 = CARTESIAN_POINT('',(-0.640223765768,-0.13245595315,0.));
#3259 = CARTESIAN_POINT('',(-0.654988919633,-0.115078090884,0.));
#3260 = CARTESIAN_POINT('',(-0.667662617835,-9.592206448196E-02,0.));
#3261 = CARTESIAN_POINT('',(-0.678652637967,-7.550635642929E-02,0.));
#3262 = CARTESIAN_POINT('',(-0.687453424722,-5.347277828935E-02,0.));
#3263 = CARTESIAN_POINT('',(-0.694269124268,-2.999038396786E-02,0.));
#3264 = CARTESIAN_POINT('',(-0.699188622686,-5.09121516823E-03,0.));
#3265 = CARTESIAN_POINT('',(-0.702038912295,2.127065088326E-02,0.));
#3266 = CARTESIAN_POINT('',(-0.702443546776,3.931789220617E-02,0.));
#3267 = CARTESIAN_POINT('',(-0.702651335464,4.858554677186E-02,0.));
#3268 = ORIENTED_EDGE('',*,*,#3269,.T.);
#3269 = EDGE_CURVE('',#3246,#3270,#3272,.T.);
#3270 = VERTEX_POINT('',#3271);
#3271 = CARTESIAN_POINT('',(-0.490799201317,0.283646522382,0.));
#3272 = B_SPLINE_CURVE_WITH_KNOTS('',3,(#3273,#3274,#3275,#3276,#3277,
    #3278,#3279,#3280,#3281,#3282,#3283,#3284,#3285,#3286,#3287,#3288,
    #3289,#3290,#3291),.UNSPECIFIED.,.F.,.F.,(4,1,1,1,1,1,1,1,1,1,1,1,1,
    1,1,1,4),(0.,7.377411937406E-02,0.144079114726,0.211348518309,
    0.27607688574,0.33852091582,0.399885116693,0.460254067465,
    0.520588964391,0.580207684563,0.638632908553,0.696364549491,
    0.75400177466,0.812805681374,0.872754425526,0.935181996978,1.),
  .UNSPECIFIED.);
#3273 = CARTESIAN_POINT('',(-0.702651335464,4.858554677186E-02,0.));
#3274 = CARTESIAN_POINT('',(-0.702484643553,5.735827018932E-02,0.));
#3275 = CARTESIAN_POINT('',(-0.702159098186,7.449119206556E-02,0.));
#3276 = CARTESIAN_POINT('',(-0.699362146212,9.949779881926E-02,0.));
#3277 = CARTESIAN_POINT('',(-0.694831399666,0.123141831926,0.));
#3278 = CARTESIAN_POINT('',(-0.688463994647,0.145402450634,0.));
#3279 = CARTESIAN_POINT('',(-0.680161131534,0.16625905428,0.));
#3280 = CARTESIAN_POINT('',(-0.670131563882,0.185767058792,0.));
#3281 = CARTESIAN_POINT('',(-0.65813995323,0.203838369773,0.));
#3282 = CARTESIAN_POINT('',(-0.644451013352,0.220388385321,0.));
#3283 = CARTESIAN_POINT('',(-0.629252684339,0.235229776587,0.));
#3284 = CARTESIAN_POINT('',(-0.612863229575,0.24826385278,0.));
#3285 = CARTESIAN_POINT('',(-0.595246941493,0.259143248879,0.));
#3286 = CARTESIAN_POINT('',(-0.576568089087,0.268164789408,0.));
#3287 = CARTESIAN_POINT('',(-0.556742277656,0.275139684523,0.));
#3288 = CARTESIAN_POINT('',(-0.535732395469,0.280029330612,0.));
#3289 = CARTESIAN_POINT('',(-0.513638951818,0.283057872196,0.));
#3290 = CARTESIAN_POINT('',(-0.498507206324,0.283447863531,0.));
#3291 = CARTESIAN_POINT('',(-0.490799201317,0.283646522382,0.));
#3292 = ORIENTED_EDGE('',*,*,#3293,.T.);
#3293 = EDGE_CURVE('',#3270,#3132,#3294,.T.);
#3294 = B_SPLINE_CURVE_WITH_KNOTS('',3,(#3295,#3296,#3297,#3298,#3299,
    #3300,#3301,#3302,#3303,#3304,#3305),.UNSPECIFIED.,.F.,.F.,(4,1,1,1,
    1,1,1,1,4),(0.,0.135294604763,0.266765657925,0.394816018836,
    0.520051654434,0.642175702971,0.762651820558,0.881834004381,1.),
  .UNSPECIFIED.);
#3295 = CARTESIAN_POINT('',(-0.490799201317,0.283646522382,0.));
#3296 = CARTESIAN_POINT('',(-0.483553948978,0.283551398053,0.));
#3297 = CARTESIAN_POINT('',(-0.469268201881,0.283363837698,0.));
#3298 = CARTESIAN_POINT('',(-0.448201072777,0.281439052729,0.));
#3299 = CARTESIAN_POINT('',(-0.427794935508,0.27854212114,0.));
#3300 = CARTESIAN_POINT('',(-0.408138484995,0.274278092307,0.));
#3301 = CARTESIAN_POINT('',(-0.389164328609,0.268940490597,0.));
#3302 = CARTESIAN_POINT('',(-0.370980036818,0.262236053932,0.));
#3303 = CARTESIAN_POINT('',(-0.353391301745,0.254578200901,0.));
#3304 = CARTESIAN_POINT('',(-0.342313075004,0.248338420742,0.));
#3305 = CARTESIAN_POINT('',(-0.336797676927,0.245231888235,
    3.388131789017E-18));
#3306 = PLANE('',#3307);
#3307 = AXIS2_PLACEMENT_3D('',#3308,#3309,#3310);
#3308 = CARTESIAN_POINT('',(0.,0.,0.));
#3309 = DIRECTION('',(0.,0.,1.));
#3310 = DIRECTION('',(-1.,-6.982962677686E-15,0.));
#3311 = ADVANCED_FACE('',(#3312),#3374,.F.);
#3312 = FACE_BOUND('',#3313,.T.);
#3313 = EDGE_LOOP('',(#3314,#3324,#3330,#3331,#3337,#3338,#3346,#3354,
    #3360,#3361,#3367,#3368));
#3314 = ORIENTED_EDGE('',*,*,#3315,.F.);
#3315 = EDGE_CURVE('',#3316,#3318,#3320,.T.);
#3316 = VERTEX_POINT('',#3317);
#3317 = CARTESIAN_POINT('',(-0.219885232513,-3.65,0.5));
#3318 = VERTEX_POINT('',#3319);
#3319 = CARTESIAN_POINT('',(0.228250611442,-3.65,0.5));
#3320 = LINE('',#3321,#3322);
#3321 = CARTESIAN_POINT('',(2.548781377356E-14,-3.65,0.5));
#3322 = VECTOR('',#3323,1.);
#3323 = DIRECTION('',(1.,6.982962677686E-15,0.));
#3324 = ORIENTED_EDGE('',*,*,#3325,.T.);
#3325 = EDGE_CURVE('',#3316,#1598,#3326,.T.);
#3326 = LINE('',#3327,#3328);
#3327 = CARTESIAN_POINT('',(-0.219885232513,-1.535450372013E-15,0.5));
#3328 = VECTOR('',#3329,1.);
#3329 = DIRECTION('',(6.982962677686E-15,-1.,0.));
#3330 = ORIENTED_EDGE('',*,*,#1637,.T.);
#3331 = ORIENTED_EDGE('',*,*,#3332,.T.);
#3332 = EDGE_CURVE('',#1630,#1788,#3333,.T.);
#3333 = LINE('',#3334,#3335);
#3334 = CARTESIAN_POINT('',(-0.270095923108,-3.74,0.5));
#3335 = VECTOR('',#3336,1.);
#3336 = DIRECTION('',(6.982962677686E-15,-1.,0.));
#3337 = ORIENTED_EDGE('',*,*,#1787,.T.);
#3338 = ORIENTED_EDGE('',*,*,#3339,.T.);
#3339 = EDGE_CURVE('',#1780,#3340,#3342,.T.);
#3340 = VERTEX_POINT('',#3341);
#3341 = CARTESIAN_POINT('',(-0.568220358214,-3.25,0.5));
#3342 = LINE('',#3343,#3344);
#3343 = CARTESIAN_POINT('',(-0.568220358214,-3.25,0.5));
#3344 = VECTOR('',#3345,1.);
#3345 = DIRECTION('',(0.602634833185,0.798017078659,-0.));
#3346 = ORIENTED_EDGE('',*,*,#3347,.T.);
#3347 = EDGE_CURVE('',#3340,#3348,#3350,.T.);
#3348 = VERTEX_POINT('',#3349);
#3349 = CARTESIAN_POINT('',(0.431779641786,-3.25,0.5));
#3350 = LINE('',#3351,#3352);
#3351 = CARTESIAN_POINT('',(-0.568220358214,-3.25,0.5));
#3352 = VECTOR('',#3353,1.);
#3353 = DIRECTION('',(1.,6.982962677686E-15,0.));
#3354 = ORIENTED_EDGE('',*,*,#3355,.T.);
#3355 = EDGE_CURVE('',#3348,#1725,#3356,.T.);
#3356 = LINE('',#3357,#3358);
#3357 = CARTESIAN_POINT('',(0.431779641786,-3.25,0.5));
#3358 = VECTOR('',#3359,1.);
#3359 = DIRECTION('',(0.61567611351,-0.787999316785,0.));
#3360 = ORIENTED_EDGE('',*,*,#1724,.T.);
#3361 = ORIENTED_EDGE('',*,*,#3362,.F.);
#3362 = EDGE_CURVE('',#2598,#1717,#3363,.T.);
#3363 = LINE('',#3364,#3365);
#3364 = CARTESIAN_POINT('',(0.278039920847,-3.74,0.5));
#3365 = VECTOR('',#3366,1.);
#3366 = DIRECTION('',(6.982962677686E-15,-1.,0.));
#3367 = ORIENTED_EDGE('',*,*,#2597,.T.);
#3368 = ORIENTED_EDGE('',*,*,#3369,.T.);
#3369 = EDGE_CURVE('',#2590,#3318,#3370,.T.);
#3370 = LINE('',#3371,#3372);
#3371 = CARTESIAN_POINT('',(0.228250611442,1.593865500861E-15,0.5));
#3372 = VECTOR('',#3373,1.);
#3373 = DIRECTION('',(-6.982962677686E-15,1.,0.));
#3374 = PLANE('',#3375);
#3375 = AXIS2_PLACEMENT_3D('',#3376,#3377,#3378);
#3376 = CARTESIAN_POINT('',(0.,0.,0.5));
#3377 = DIRECTION('',(0.,0.,1.));
#3378 = DIRECTION('',(-1.,-6.982962677686E-15,0.));
#3379 = ADVANCED_FACE('',(#3380),#3421,.F.);
#3380 = FACE_BOUND('',#3381,.T.);
#3381 = EDGE_LOOP('',(#3382,#3390,#3398,#3406,#3414,#3420));
#3382 = ORIENTED_EDGE('',*,*,#3383,.F.);
#3383 = EDGE_CURVE('',#3384,#2047,#3386,.T.);
#3384 = VERTEX_POINT('',#3385);
#3385 = CARTESIAN_POINT('',(3.74,0.345,1.E-02));
#3386 = LINE('',#3387,#3388);
#3387 = CARTESIAN_POINT('',(3.74,0.345,1.E-02));
#3388 = VECTOR('',#3389,1.);
#3389 = DIRECTION('',(1.,5.308604156084E-15,0.));
#3390 = ORIENTED_EDGE('',*,*,#3391,.T.);
#3391 = EDGE_CURVE('',#3384,#3392,#3394,.T.);
#3392 = VERTEX_POINT('',#3393);
#3393 = CARTESIAN_POINT('',(3.74,-0.35,1.E-02));
#3394 = LINE('',#3395,#3396);
#3395 = CARTESIAN_POINT('',(3.74,0.345,1.E-02));
#3396 = VECTOR('',#3397,1.);
#3397 = DIRECTION('',(5.74387448056E-15,-1.,0.));
#3398 = ORIENTED_EDGE('',*,*,#3399,.T.);
#3399 = EDGE_CURVE('',#3392,#3400,#3402,.T.);
#3400 = VERTEX_POINT('',#3401);
#3401 = CARTESIAN_POINT('',(2.4,-0.35,1.E-02));
#3402 = LINE('',#3403,#3404);
#3403 = CARTESIAN_POINT('',(2.4,-0.35,1.E-02));
#3404 = VECTOR('',#3405,1.);
#3405 = DIRECTION('',(-1.,-6.90265140565E-15,0.));
#3406 = ORIENTED_EDGE('',*,*,#3407,.T.);
#3407 = EDGE_CURVE('',#3400,#3408,#3410,.T.);
#3408 = VERTEX_POINT('',#3409);
#3409 = CARTESIAN_POINT('',(2.4,0.35,1.E-02));
#3410 = LINE('',#3411,#3412);
#3411 = CARTESIAN_POINT('',(2.4,-0.35,1.E-02));
#3412 = VECTOR('',#3413,1.);
#3413 = DIRECTION('',(-6.982962677686E-15,1.,0.));
#3414 = ORIENTED_EDGE('',*,*,#3415,.T.);
#3415 = EDGE_CURVE('',#3408,#2055,#3416,.T.);
#3416 = LINE('',#3417,#3418);
#3417 = CARTESIAN_POINT('',(2.4,0.35,1.E-02));
#3418 = VECTOR('',#3419,1.);
#3419 = DIRECTION('',(1.,7.063273949722E-15,0.));
#3420 = ORIENTED_EDGE('',*,*,#2054,.T.);
#3421 = PLANE('',#3422);
#3422 = AXIS2_PLACEMENT_3D('',#3423,#3424,#3425);
#3423 = CARTESIAN_POINT('',(0.,0.,1.E-02));
#3424 = DIRECTION('',(0.,0.,1.));
#3425 = DIRECTION('',(-1.,-6.982962677686E-15,0.));
#3426 = ADVANCED_FACE('',(#3427),#3468,.T.);
#3427 = FACE_BOUND('',#3428,.T.);
#3428 = EDGE_LOOP('',(#3429,#3430,#3438,#3446,#3454,#3462));
#3429 = ORIENTED_EDGE('',*,*,#1990,.T.);
#3430 = ORIENTED_EDGE('',*,*,#3431,.F.);
#3431 = EDGE_CURVE('',#3432,#1983,#3434,.T.);
#3432 = VERTEX_POINT('',#3433);
#3433 = CARTESIAN_POINT('',(3.74,-1.085,1.E-02));
#3434 = LINE('',#3435,#3436);
#3435 = CARTESIAN_POINT('',(3.74,-1.085,1.E-02));
#3436 = VECTOR('',#3437,1.);
#3437 = DIRECTION('',(1.,5.308604156084E-15,0.));
#3438 = ORIENTED_EDGE('',*,*,#3439,.T.);
#3439 = EDGE_CURVE('',#3432,#3440,#3442,.T.);
#3440 = VERTEX_POINT('',#3441);
#3441 = CARTESIAN_POINT('',(3.74,-1.775,1.E-02));
#3442 = LINE('',#3443,#3444);
#3443 = CARTESIAN_POINT('',(3.74,-1.085,1.E-02));
#3444 = VECTOR('',#3445,1.);
#3445 = DIRECTION('',(5.124330381997E-15,-1.,0.));
#3446 = ORIENTED_EDGE('',*,*,#3447,.T.);
#3447 = EDGE_CURVE('',#3440,#3448,#3450,.T.);
#3448 = VERTEX_POINT('',#3449);
#3449 = CARTESIAN_POINT('',(2.4,-1.775,1.E-02));
#3450 = LINE('',#3451,#3452);
#3451 = CARTESIAN_POINT('',(3.75,-1.775,1.E-02));
#3452 = VECTOR('',#3453,1.);
#3453 = DIRECTION('',(-1.,-6.982962677686E-15,0.));
#3454 = ORIENTED_EDGE('',*,*,#3455,.T.);
#3455 = EDGE_CURVE('',#3448,#3456,#3458,.T.);
#3456 = VERTEX_POINT('',#3457);
#3457 = CARTESIAN_POINT('',(2.4,-1.075,1.E-02));
#3458 = LINE('',#3459,#3460);
#3459 = CARTESIAN_POINT('',(2.4,-1.775,1.E-02));
#3460 = VECTOR('',#3461,1.);
#3461 = DIRECTION('',(-7.602506776249E-15,1.,0.));
#3462 = ORIENTED_EDGE('',*,*,#3463,.T.);
#3463 = EDGE_CURVE('',#3456,#1991,#3464,.T.);
#3464 = LINE('',#3465,#3466);
#3465 = CARTESIAN_POINT('',(3.75,-1.075,1.E-02));
#3466 = VECTOR('',#3467,1.);
#3467 = DIRECTION('',(1.,6.982962677686E-15,-0.));
#3468 = PLANE('',#3469);
#3469 = AXIS2_PLACEMENT_3D('',#3470,#3471,#3472);
#3470 = CARTESIAN_POINT('',(0.,0.,1.E-02));
#3471 = DIRECTION('',(0.,0.,-1.));
#3472 = DIRECTION('',(1.,6.982962677686E-15,0.));
#3473 = ADVANCED_FACE('',(#3474),#3508,.T.);
#3474 = FACE_BOUND('',#3475,.T.);
#3475 = EDGE_LOOP('',(#3476,#3486,#3494,#3502));
#3476 = ORIENTED_EDGE('',*,*,#3477,.T.);
#3477 = EDGE_CURVE('',#3478,#3480,#3482,.T.);
#3478 = VERTEX_POINT('',#3479);
#3479 = CARTESIAN_POINT('',(2.4,1.775,1.E-02));
#3480 = VERTEX_POINT('',#3481);
#3481 = CARTESIAN_POINT('',(3.74,1.775,1.E-02));
#3482 = LINE('',#3483,#3484);
#3483 = CARTESIAN_POINT('',(3.75,1.775,1.E-02));
#3484 = VECTOR('',#3485,1.);
#3485 = DIRECTION('',(1.,6.982962677686E-15,-0.));
#3486 = ORIENTED_EDGE('',*,*,#3487,.T.);
#3487 = EDGE_CURVE('',#3480,#3488,#3490,.T.);
#3488 = VERTEX_POINT('',#3489);
#3489 = CARTESIAN_POINT('',(3.74,1.075,1.E-02));
#3490 = LINE('',#3491,#3492);
#3491 = CARTESIAN_POINT('',(3.74,1.775,1.E-02));
#3492 = VECTOR('',#3493,1.);
#3493 = DIRECTION('',(5.124330381997E-15,-1.,0.));
#3494 = ORIENTED_EDGE('',*,*,#3495,.T.);
#3495 = EDGE_CURVE('',#3488,#3496,#3498,.T.);
#3496 = VERTEX_POINT('',#3497);
#3497 = CARTESIAN_POINT('',(2.4,1.075,1.E-02));
#3498 = LINE('',#3499,#3500);
#3499 = CARTESIAN_POINT('',(3.75,1.075,1.E-02));
#3500 = VECTOR('',#3501,1.);
#3501 = DIRECTION('',(-1.,-6.982962677686E-15,0.));
#3502 = ORIENTED_EDGE('',*,*,#3503,.T.);
#3503 = EDGE_CURVE('',#3496,#3478,#3504,.T.);
#3504 = LINE('',#3505,#3506);
#3505 = CARTESIAN_POINT('',(2.4,1.775,1.E-02));
#3506 = VECTOR('',#3507,1.);
#3507 = DIRECTION('',(-7.602506776249E-15,1.,0.));
#3508 = PLANE('',#3509);
#3509 = AXIS2_PLACEMENT_3D('',#3510,#3511,#3512);
#3510 = CARTESIAN_POINT('',(0.,0.,1.E-02));
#3511 = DIRECTION('',(0.,0.,-1.));
#3512 = DIRECTION('',(1.,6.982962677686E-15,0.));
#3513 = ADVANCED_FACE('',(#3514),#3548,.T.);
#3514 = FACE_BOUND('',#3515,.T.);
#3515 = EDGE_LOOP('',(#3516,#3526,#3534,#3542));
#3516 = ORIENTED_EDGE('',*,*,#3517,.T.);
#3517 = EDGE_CURVE('',#3518,#3520,#3522,.T.);
#3518 = VERTEX_POINT('',#3519);
#3519 = CARTESIAN_POINT('',(-2.4,1.075,1.E-02));
#3520 = VERTEX_POINT('',#3521);
#3521 = CARTESIAN_POINT('',(-3.74,1.075,1.E-02));
#3522 = LINE('',#3523,#3524);
#3523 = CARTESIAN_POINT('',(-3.75,1.075,1.E-02));
#3524 = VECTOR('',#3525,1.);
#3525 = DIRECTION('',(-1.,-6.982962677686E-15,0.));
#3526 = ORIENTED_EDGE('',*,*,#3527,.F.);
#3527 = EDGE_CURVE('',#3528,#3520,#3530,.T.);
#3528 = VERTEX_POINT('',#3529);
#3529 = CARTESIAN_POINT('',(-3.74,1.775,1.E-02));
#3530 = LINE('',#3531,#3532);
#3531 = CARTESIAN_POINT('',(-3.74,1.775,1.E-02));
#3532 = VECTOR('',#3533,1.);
#3533 = DIRECTION('',(8.841594973376E-15,-1.,0.));
#3534 = ORIENTED_EDGE('',*,*,#3535,.T.);
#3535 = EDGE_CURVE('',#3528,#3536,#3538,.T.);
#3536 = VERTEX_POINT('',#3537);
#3537 = CARTESIAN_POINT('',(-2.4,1.775,1.E-02));
#3538 = LINE('',#3539,#3540);
#3539 = CARTESIAN_POINT('',(-3.75,1.775,1.E-02));
#3540 = VECTOR('',#3541,1.);
#3541 = DIRECTION('',(1.,6.982962677686E-15,0.));
#3542 = ORIENTED_EDGE('',*,*,#3543,.T.);
#3543 = EDGE_CURVE('',#3536,#3518,#3544,.T.);
#3544 = LINE('',#3545,#3546);
#3545 = CARTESIAN_POINT('',(-2.4,1.775,1.E-02));
#3546 = VECTOR('',#3547,1.);
#3547 = DIRECTION('',(6.363418579123E-15,-1.,0.));
#3548 = PLANE('',#3549);
#3549 = AXIS2_PLACEMENT_3D('',#3550,#3551,#3552);
#3550 = CARTESIAN_POINT('',(0.,0.,1.E-02));
#3551 = DIRECTION('',(0.,0.,-1.));
#3552 = DIRECTION('',(1.,6.982962677686E-15,0.));
#3553 = ADVANCED_FACE('',(#3554),#3580,.F.);
#3554 = FACE_BOUND('',#3555,.T.);
#3555 = EDGE_LOOP('',(#3556,#3557,#3558,#3566,#3574));
#3556 = ORIENTED_EDGE('',*,*,#2928,.T.);
#3557 = ORIENTED_EDGE('',*,*,#2398,.F.);
#3558 = ORIENTED_EDGE('',*,*,#3559,.F.);
#3559 = EDGE_CURVE('',#3560,#2391,#3562,.T.);
#3560 = VERTEX_POINT('',#3561);
#3561 = CARTESIAN_POINT('',(-3.74,-1.775,1.E-02));
#3562 = LINE('',#3563,#3564);
#3563 = CARTESIAN_POINT('',(-3.75,-1.775,1.E-02));
#3564 = VECTOR('',#3565,1.);
#3565 = DIRECTION('',(-1.,-6.982962677686E-15,0.));
#3566 = ORIENTED_EDGE('',*,*,#3567,.F.);
#3567 = EDGE_CURVE('',#3568,#3560,#3570,.T.);
#3568 = VERTEX_POINT('',#3569);
#3569 = CARTESIAN_POINT('',(-2.4,-1.775,1.E-02));
#3570 = LINE('',#3571,#3572);
#3571 = CARTESIAN_POINT('',(-3.75,-1.775,1.E-02));
#3572 = VECTOR('',#3573,1.);
#3573 = DIRECTION('',(-1.,-6.982962677686E-15,0.));
#3574 = ORIENTED_EDGE('',*,*,#3575,.T.);
#3575 = EDGE_CURVE('',#3568,#2929,#3576,.T.);
#3576 = LINE('',#3577,#3578);
#3577 = CARTESIAN_POINT('',(-2.4,-1.775,1.E-02));
#3578 = VECTOR('',#3579,1.);
#3579 = DIRECTION('',(0.,0.,-1.));
#3580 = PLANE('',#3581);
#3581 = AXIS2_PLACEMENT_3D('',#3582,#3583,#3584);
#3582 = CARTESIAN_POINT('',(-3.75,-1.775,1.E-02));
#3583 = DIRECTION('',(6.982962677686E-15,-1.,0.));
#3584 = DIRECTION('',(0.,0.,1.));
#3585 = ADVANCED_FACE('',(#3586),#3604,.F.);
#3586 = FACE_BOUND('',#3587,.T.);
#3587 = EDGE_LOOP('',(#3588,#3589,#3590,#3598));
#3588 = ORIENTED_EDGE('',*,*,#2936,.T.);
#3589 = ORIENTED_EDGE('',*,*,#3575,.F.);
#3590 = ORIENTED_EDGE('',*,*,#3591,.F.);
#3591 = EDGE_CURVE('',#3592,#3568,#3594,.T.);
#3592 = VERTEX_POINT('',#3593);
#3593 = CARTESIAN_POINT('',(-2.4,-1.075,1.E-02));
#3594 = LINE('',#3595,#3596);
#3595 = CARTESIAN_POINT('',(-2.4,-1.775,1.E-02));
#3596 = VECTOR('',#3597,1.);
#3597 = DIRECTION('',(6.363418579123E-15,-1.,0.));
#3598 = ORIENTED_EDGE('',*,*,#3599,.T.);
#3599 = EDGE_CURVE('',#3592,#2937,#3600,.T.);
#3600 = LINE('',#3601,#3602);
#3601 = CARTESIAN_POINT('',(-2.4,-1.075,1.E-02));
#3602 = VECTOR('',#3603,1.);
#3603 = DIRECTION('',(0.,0.,-1.));
#3604 = PLANE('',#3605);
#3605 = AXIS2_PLACEMENT_3D('',#3606,#3607,#3608);
#3606 = CARTESIAN_POINT('',(-2.4,-1.775,1.E-02));
#3607 = DIRECTION('',(1.,6.363418579123E-15,0.));
#3608 = DIRECTION('',(-6.363418579123E-15,1.,0.));
#3609 = ADVANCED_FACE('',(#3610),#3621,.F.);
#3610 = FACE_BOUND('',#3611,.T.);
#3611 = EDGE_LOOP('',(#3612,#3613,#3614,#3620));
#3612 = ORIENTED_EDGE('',*,*,#2944,.T.);
#3613 = ORIENTED_EDGE('',*,*,#3599,.F.);
#3614 = ORIENTED_EDGE('',*,*,#3615,.F.);
#3615 = EDGE_CURVE('',#2351,#3592,#3616,.T.);
#3616 = LINE('',#3617,#3618);
#3617 = CARTESIAN_POINT('',(-3.75,-1.075,1.E-02));
#3618 = VECTOR('',#3619,1.);
#3619 = DIRECTION('',(1.,6.982962677686E-15,0.));
#3620 = ORIENTED_EDGE('',*,*,#2350,.T.);
#3621 = PLANE('',#3622);
#3622 = AXIS2_PLACEMENT_3D('',#3623,#3624,#3625);
#3623 = CARTESIAN_POINT('',(-3.75,-1.075,1.E-02));
#3624 = DIRECTION('',(-6.982962677686E-15,1.,0.));
#3625 = DIRECTION('',(0.,0.,-1.));
#3626 = ADVANCED_FACE('',(#3627),#3647,.T.);
#3627 = FACE_BOUND('',#3628,.T.);
#3628 = EDGE_LOOP('',(#3629,#3637,#3638,#3639,#3640,#3641));
#3629 = ORIENTED_EDGE('',*,*,#3630,.T.);
#3630 = EDGE_CURVE('',#3631,#2359,#3633,.T.);
#3631 = VERTEX_POINT('',#3632);
#3632 = CARTESIAN_POINT('',(-3.74,-1.085,1.E-02));
#3633 = LINE('',#3634,#3635);
#3634 = CARTESIAN_POINT('',(-3.74,-1.085,1.E-02));
#3635 = VECTOR('',#3636,1.);
#3636 = DIRECTION('',(-1.,-8.657321199288E-15,0.));
#3637 = ORIENTED_EDGE('',*,*,#2358,.T.);
#3638 = ORIENTED_EDGE('',*,*,#3615,.T.);
#3639 = ORIENTED_EDGE('',*,*,#3591,.T.);
#3640 = ORIENTED_EDGE('',*,*,#3567,.T.);
#3641 = ORIENTED_EDGE('',*,*,#3642,.F.);
#3642 = EDGE_CURVE('',#3631,#3560,#3643,.T.);
#3643 = LINE('',#3644,#3645);
#3644 = CARTESIAN_POINT('',(-3.74,-1.085,1.E-02));
#3645 = VECTOR('',#3646,1.);
#3646 = DIRECTION('',(8.841594973376E-15,-1.,0.));
#3647 = PLANE('',#3648);
#3648 = AXIS2_PLACEMENT_3D('',#3649,#3650,#3651);
#3649 = CARTESIAN_POINT('',(0.,0.,1.E-02));
#3650 = DIRECTION('',(0.,0.,-1.));
#3651 = DIRECTION('',(1.,6.982962677686E-15,0.));
#3652 = ADVANCED_FACE('',(#3653),#3678,.F.);
#3653 = FACE_BOUND('',#3654,.T.);
#3654 = EDGE_LOOP('',(#3655,#3656,#3664,#3672));
#3655 = ORIENTED_EDGE('',*,*,#2959,.T.);
#3656 = ORIENTED_EDGE('',*,*,#3657,.F.);
#3657 = EDGE_CURVE('',#3658,#2952,#3660,.T.);
#3658 = VERTEX_POINT('',#3659);
#3659 = CARTESIAN_POINT('',(-2.4,-0.35,1.E-02));
#3660 = LINE('',#3661,#3662);
#3661 = CARTESIAN_POINT('',(-2.4,-0.35,1.E-02));
#3662 = VECTOR('',#3663,1.);
#3663 = DIRECTION('',(0.,0.,-1.));
#3664 = ORIENTED_EDGE('',*,*,#3665,.F.);
#3665 = EDGE_CURVE('',#3666,#3658,#3668,.T.);
#3666 = VERTEX_POINT('',#3667);
#3667 = CARTESIAN_POINT('',(-2.4,0.35,1.E-02));
#3668 = LINE('',#3669,#3670);
#3669 = CARTESIAN_POINT('',(-2.4,-0.35,1.E-02));
#3670 = VECTOR('',#3671,1.);
#3671 = DIRECTION('',(6.982962677686E-15,-1.,0.));
#3672 = ORIENTED_EDGE('',*,*,#3673,.T.);
#3673 = EDGE_CURVE('',#3666,#2960,#3674,.T.);
#3674 = LINE('',#3675,#3676);
#3675 = CARTESIAN_POINT('',(-2.4,0.35,1.E-02));
#3676 = VECTOR('',#3677,1.);
#3677 = DIRECTION('',(0.,0.,-1.));
#3678 = PLANE('',#3679);
#3679 = AXIS2_PLACEMENT_3D('',#3680,#3681,#3682);
#3680 = CARTESIAN_POINT('',(-2.4,-0.35,1.E-02));
#3681 = DIRECTION('',(1.,6.982962677686E-15,-0.));
#3682 = DIRECTION('',(0.,0.,1.));
#3683 = ADVANCED_FACE('',(#3684),#3695,.F.);
#3684 = FACE_BOUND('',#3685,.T.);
#3685 = EDGE_LOOP('',(#3686,#3687,#3688,#3694));
#3686 = ORIENTED_EDGE('',*,*,#2967,.T.);
#3687 = ORIENTED_EDGE('',*,*,#3673,.F.);
#3688 = ORIENTED_EDGE('',*,*,#3689,.F.);
#3689 = EDGE_CURVE('',#2287,#3666,#3690,.T.);
#3690 = LINE('',#3691,#3692);
#3691 = CARTESIAN_POINT('',(-2.4,0.35,1.E-02));
#3692 = VECTOR('',#3693,1.);
#3693 = DIRECTION('',(1.,6.90265140565E-15,0.));
#3694 = ORIENTED_EDGE('',*,*,#2286,.T.);
#3695 = PLANE('',#3696);
#3696 = AXIS2_PLACEMENT_3D('',#3697,#3698,#3699);
#3697 = CARTESIAN_POINT('',(-2.4,0.35,1.E-02));
#3698 = DIRECTION('',(-6.90265140565E-15,1.,0.));
#3699 = DIRECTION('',(-1.,-6.90265140565E-15,0.));
#3700 = ADVANCED_FACE('',(#3701),#3720,.F.);
#3701 = FACE_BOUND('',#3702,.T.);
#3702 = EDGE_LOOP('',(#3703,#3704,#3705,#3713,#3719));
#3703 = ORIENTED_EDGE('',*,*,#2951,.T.);
#3704 = ORIENTED_EDGE('',*,*,#2334,.F.);
#3705 = ORIENTED_EDGE('',*,*,#3706,.F.);
#3706 = EDGE_CURVE('',#3707,#2327,#3709,.T.);
#3707 = VERTEX_POINT('',#3708);
#3708 = CARTESIAN_POINT('',(-3.74,-0.35,1.E-02));
#3709 = LINE('',#3710,#3711);
#3710 = CARTESIAN_POINT('',(-2.4,-0.35,1.E-02));
#3711 = VECTOR('',#3712,1.);
#3712 = DIRECTION('',(-1.,-7.063273949722E-15,0.));
#3713 = ORIENTED_EDGE('',*,*,#3714,.F.);
#3714 = EDGE_CURVE('',#3658,#3707,#3715,.T.);
#3715 = LINE('',#3716,#3717);
#3716 = CARTESIAN_POINT('',(-2.4,-0.35,1.E-02));
#3717 = VECTOR('',#3718,1.);
#3718 = DIRECTION('',(-1.,-7.063273949722E-15,0.));
#3719 = ORIENTED_EDGE('',*,*,#3657,.T.);
#3720 = PLANE('',#3721);
#3721 = AXIS2_PLACEMENT_3D('',#3722,#3723,#3724);
#3722 = CARTESIAN_POINT('',(-2.4,-0.35,1.E-02));
#3723 = DIRECTION('',(7.063273949722E-15,-1.,0.));
#3724 = DIRECTION('',(1.,7.063273949722E-15,0.));
#3725 = ADVANCED_FACE('',(#3726),#3746,.F.);
#3726 = FACE_BOUND('',#3727,.T.);
#3727 = EDGE_LOOP('',(#3728,#3736,#3742,#3743,#3744,#3745));
#3728 = ORIENTED_EDGE('',*,*,#3729,.F.);
#3729 = EDGE_CURVE('',#3730,#3707,#3732,.T.);
#3730 = VERTEX_POINT('',#3731);
#3731 = CARTESIAN_POINT('',(-3.74,0.345,1.E-02));
#3732 = LINE('',#3733,#3734);
#3733 = CARTESIAN_POINT('',(-3.74,0.345,1.E-02));
#3734 = VECTOR('',#3735,1.);
#3735 = DIRECTION('',(8.222050874813E-15,-1.,0.));
#3736 = ORIENTED_EDGE('',*,*,#3737,.T.);
#3737 = EDGE_CURVE('',#3730,#2295,#3738,.T.);
#3738 = LINE('',#3739,#3740);
#3739 = CARTESIAN_POINT('',(-3.74,0.345,1.E-02));
#3740 = VECTOR('',#3741,1.);
#3741 = DIRECTION('',(-1.,-8.657321199288E-15,0.));
#3742 = ORIENTED_EDGE('',*,*,#2294,.T.);
#3743 = ORIENTED_EDGE('',*,*,#3689,.T.);
#3744 = ORIENTED_EDGE('',*,*,#3665,.T.);
#3745 = ORIENTED_EDGE('',*,*,#3714,.T.);
#3746 = PLANE('',#3747);
#3747 = AXIS2_PLACEMENT_3D('',#3748,#3749,#3750);
#3748 = CARTESIAN_POINT('',(0.,0.,1.E-02));
#3749 = DIRECTION('',(0.,0.,1.));
#3750 = DIRECTION('',(-1.,-6.982962677686E-15,0.));
#3751 = ADVANCED_FACE('',(#3752),#3777,.F.);
#3752 = FACE_BOUND('',#3753,.T.);
#3753 = EDGE_LOOP('',(#3754,#3755,#3756,#3764,#3770,#3771));
#3754 = ORIENTED_EDGE('',*,*,#2832,.T.);
#3755 = ORIENTED_EDGE('',*,*,#2094,.F.);
#3756 = ORIENTED_EDGE('',*,*,#3757,.F.);
#3757 = EDGE_CURVE('',#3758,#2087,#3760,.T.);
#3758 = VERTEX_POINT('',#3759);
#3759 = CARTESIAN_POINT('',(3.74,1.775,0.599965081998));
#3760 = LINE('',#3761,#3762);
#3761 = CARTESIAN_POINT('',(3.74,1.775,0.599965081998));
#3762 = VECTOR('',#3763,1.);
#3763 = DIRECTION('',(1.,5.308604156084E-15,0.));
#3764 = ORIENTED_EDGE('',*,*,#3765,.T.);
#3765 = EDGE_CURVE('',#3758,#3480,#3766,.T.);
#3766 = LINE('',#3767,#3768);
#3767 = CARTESIAN_POINT('',(3.74,1.775,1.E-02));
#3768 = VECTOR('',#3769,1.);
#3769 = DIRECTION('',(-0.,0.,-1.));
#3770 = ORIENTED_EDGE('',*,*,#3477,.F.);
#3771 = ORIENTED_EDGE('',*,*,#3772,.T.);
#3772 = EDGE_CURVE('',#3478,#2833,#3773,.T.);
#3773 = LINE('',#3774,#3775);
#3774 = CARTESIAN_POINT('',(2.4,1.775,1.E-02));
#3775 = VECTOR('',#3776,1.);
#3776 = DIRECTION('',(0.,0.,-1.));
#3777 = PLANE('',#3778);
#3778 = AXIS2_PLACEMENT_3D('',#3779,#3780,#3781);
#3779 = CARTESIAN_POINT('',(3.75,1.775,1.E-02));
#3780 = DIRECTION('',(-6.982962677686E-15,1.,0.));
#3781 = DIRECTION('',(0.,0.,-1.));
#3782 = ADVANCED_FACE('',(#3783),#3794,.F.);
#3783 = FACE_BOUND('',#3784,.T.);
#3784 = EDGE_LOOP('',(#3785,#3786,#3787,#3788));
#3785 = ORIENTED_EDGE('',*,*,#2840,.T.);
#3786 = ORIENTED_EDGE('',*,*,#3772,.F.);
#3787 = ORIENTED_EDGE('',*,*,#3503,.F.);
#3788 = ORIENTED_EDGE('',*,*,#3789,.T.);
#3789 = EDGE_CURVE('',#3496,#2841,#3790,.T.);
#3790 = LINE('',#3791,#3792);
#3791 = CARTESIAN_POINT('',(2.4,1.075,1.E-02));
#3792 = VECTOR('',#3793,1.);
#3793 = DIRECTION('',(0.,0.,-1.));
#3794 = PLANE('',#3795);
#3795 = AXIS2_PLACEMENT_3D('',#3796,#3797,#3798);
#3796 = CARTESIAN_POINT('',(2.4,1.775,1.E-02));
#3797 = DIRECTION('',(-1.,-7.602506776249E-15,0.));
#3798 = DIRECTION('',(7.602506776249E-15,-1.,0.));
#3799 = ADVANCED_FACE('',(#3800),#3820,.F.);
#3800 = FACE_BOUND('',#3801,.T.);
#3801 = EDGE_LOOP('',(#3802,#3803,#3804,#3805,#3813,#3819));
#3802 = ORIENTED_EDGE('',*,*,#2848,.T.);
#3803 = ORIENTED_EDGE('',*,*,#3789,.F.);
#3804 = ORIENTED_EDGE('',*,*,#3495,.F.);
#3805 = ORIENTED_EDGE('',*,*,#3806,.T.);
#3806 = EDGE_CURVE('',#3488,#3807,#3809,.T.);
#3807 = VERTEX_POINT('',#3808);
#3808 = CARTESIAN_POINT('',(3.74,1.075,0.599965081998));
#3809 = LINE('',#3810,#3811);
#3810 = CARTESIAN_POINT('',(3.74,1.075,1.E-02));
#3811 = VECTOR('',#3812,1.);
#3812 = DIRECTION('',(-2.566573357151E-30,3.675479127723E-16,1.));
#3813 = ORIENTED_EDGE('',*,*,#3814,.T.);
#3814 = EDGE_CURVE('',#3807,#2079,#3815,.T.);
#3815 = LINE('',#3816,#3817);
#3816 = CARTESIAN_POINT('',(3.74,1.075,0.599965081998));
#3817 = VECTOR('',#3818,1.);
#3818 = DIRECTION('',(1.,5.308604156084E-15,0.));
#3819 = ORIENTED_EDGE('',*,*,#2078,.T.);
#3820 = PLANE('',#3821);
#3821 = AXIS2_PLACEMENT_3D('',#3822,#3823,#3824);
#3822 = CARTESIAN_POINT('',(3.75,1.075,1.E-02));
#3823 = DIRECTION('',(6.982962677686E-15,-1.,0.));
#3824 = DIRECTION('',(0.,0.,1.));
#3825 = ADVANCED_FACE('',(#3826),#3851,.F.);
#3826 = FACE_BOUND('',#3827,.T.);
#3827 = EDGE_LOOP('',(#3828,#3829,#3835,#3836,#3844,#3850));
#3828 = ORIENTED_EDGE('',*,*,#2990,.T.);
#3829 = ORIENTED_EDGE('',*,*,#3830,.F.);
#3830 = EDGE_CURVE('',#3536,#2983,#3831,.T.);
#3831 = LINE('',#3832,#3833);
#3832 = CARTESIAN_POINT('',(-2.4,1.775,1.E-02));
#3833 = VECTOR('',#3834,1.);
#3834 = DIRECTION('',(0.,0.,-1.));
#3835 = ORIENTED_EDGE('',*,*,#3535,.F.);
#3836 = ORIENTED_EDGE('',*,*,#3837,.F.);
#3837 = EDGE_CURVE('',#3838,#3528,#3840,.T.);
#3838 = VERTEX_POINT('',#3839);
#3839 = CARTESIAN_POINT('',(-3.74,1.775,0.599965081998));
#3840 = LINE('',#3841,#3842);
#3841 = CARTESIAN_POINT('',(-3.74,1.775,1.E-02));
#3842 = VECTOR('',#3843,1.);
#3843 = DIRECTION('',(0.,0.,-1.));
#3844 = ORIENTED_EDGE('',*,*,#3845,.T.);
#3845 = EDGE_CURVE('',#3838,#2255,#3846,.T.);
#3846 = LINE('',#3847,#3848);
#3847 = CARTESIAN_POINT('',(-3.74,1.775,0.599965081998));
#3848 = VECTOR('',#3849,1.);
#3849 = DIRECTION('',(-1.,-8.657321199288E-15,0.));
#3850 = ORIENTED_EDGE('',*,*,#2254,.T.);
#3851 = PLANE('',#3852);
#3852 = AXIS2_PLACEMENT_3D('',#3853,#3854,#3855);
#3853 = CARTESIAN_POINT('',(-3.75,1.775,1.E-02));
#3854 = DIRECTION('',(-6.982962677686E-15,1.,0.));
#3855 = DIRECTION('',(0.,0.,-1.));
#3856 = ADVANCED_FACE('',(#3857),#3882,.F.);
#3857 = FACE_BOUND('',#3858,.T.);
#3858 = EDGE_LOOP('',(#3859,#3860,#3861,#3869,#3875,#3876));
#3859 = ORIENTED_EDGE('',*,*,#2974,.T.);
#3860 = ORIENTED_EDGE('',*,*,#2270,.F.);
#3861 = ORIENTED_EDGE('',*,*,#3862,.F.);
#3862 = EDGE_CURVE('',#3863,#2263,#3865,.T.);
#3863 = VERTEX_POINT('',#3864);
#3864 = CARTESIAN_POINT('',(-3.74,1.075,0.599965081998));
#3865 = LINE('',#3866,#3867);
#3866 = CARTESIAN_POINT('',(-3.74,1.075,0.599965081998));
#3867 = VECTOR('',#3868,1.);
#3868 = DIRECTION('',(-1.,-8.657321199288E-15,0.));
#3869 = ORIENTED_EDGE('',*,*,#3870,.F.);
#3870 = EDGE_CURVE('',#3520,#3863,#3871,.T.);
#3871 = LINE('',#3872,#3873);
#3872 = CARTESIAN_POINT('',(-3.74,1.075,1.E-02));
#3873 = VECTOR('',#3874,1.);
#3874 = DIRECTION('',(-2.566573357151E-30,3.675479127723E-16,1.));
#3875 = ORIENTED_EDGE('',*,*,#3517,.F.);
#3876 = ORIENTED_EDGE('',*,*,#3877,.T.);
#3877 = EDGE_CURVE('',#3518,#2975,#3878,.T.);
#3878 = LINE('',#3879,#3880);
#3879 = CARTESIAN_POINT('',(-2.4,1.075,1.E-02));
#3880 = VECTOR('',#3881,1.);
#3881 = DIRECTION('',(0.,0.,-1.));
#3882 = PLANE('',#3883);
#3883 = AXIS2_PLACEMENT_3D('',#3884,#3885,#3886);
#3884 = CARTESIAN_POINT('',(-3.75,1.075,1.E-02));
#3885 = DIRECTION('',(6.982962677686E-15,-1.,0.));
#3886 = DIRECTION('',(0.,0.,1.));
#3887 = ADVANCED_FACE('',(#3888),#3894,.F.);
#3888 = FACE_BOUND('',#3889,.T.);
#3889 = EDGE_LOOP('',(#3890,#3891,#3892,#3893));
#3890 = ORIENTED_EDGE('',*,*,#2982,.T.);
#3891 = ORIENTED_EDGE('',*,*,#3877,.F.);
#3892 = ORIENTED_EDGE('',*,*,#3543,.F.);
#3893 = ORIENTED_EDGE('',*,*,#3830,.T.);
#3894 = PLANE('',#3895);
#3895 = AXIS2_PLACEMENT_3D('',#3896,#3897,#3898);
#3896 = CARTESIAN_POINT('',(-2.4,1.775,1.E-02));
#3897 = DIRECTION('',(1.,6.363418579123E-15,0.));
#3898 = DIRECTION('',(-6.363418579123E-15,1.,0.));
#3899 = ADVANCED_FACE('',(#3900),#3917,.F.);
#3900 = FACE_BOUND('',#3901,.T.);
#3901 = EDGE_LOOP('',(#3902,#3903,#3909,#3910,#3916));
#3902 = ORIENTED_EDGE('',*,*,#2871,.T.);
#3903 = ORIENTED_EDGE('',*,*,#3904,.F.);
#3904 = EDGE_CURVE('',#3400,#2864,#3905,.T.);
#3905 = LINE('',#3906,#3907);
#3906 = CARTESIAN_POINT('',(2.4,-0.35,1.E-02));
#3907 = VECTOR('',#3908,1.);
#3908 = DIRECTION('',(0.,0.,-1.));
#3909 = ORIENTED_EDGE('',*,*,#3399,.F.);
#3910 = ORIENTED_EDGE('',*,*,#3911,.F.);
#3911 = EDGE_CURVE('',#2015,#3392,#3912,.T.);
#3912 = LINE('',#3913,#3914);
#3913 = CARTESIAN_POINT('',(2.4,-0.35,1.E-02));
#3914 = VECTOR('',#3915,1.);
#3915 = DIRECTION('',(-1.,-6.90265140565E-15,0.));
#3916 = ORIENTED_EDGE('',*,*,#2014,.T.);
#3917 = PLANE('',#3918);
#3918 = AXIS2_PLACEMENT_3D('',#3919,#3920,#3921);
#3919 = CARTESIAN_POINT('',(2.4,-0.35,1.E-02));
#3920 = DIRECTION('',(6.90265140565E-15,-1.,0.));
#3921 = DIRECTION('',(1.,6.90265140565E-15,0.));
#3922 = ADVANCED_FACE('',(#3923),#3934,.F.);
#3923 = FACE_BOUND('',#3924,.T.);
#3924 = EDGE_LOOP('',(#3925,#3926,#3927,#3928));
#3925 = ORIENTED_EDGE('',*,*,#2855,.T.);
#3926 = ORIENTED_EDGE('',*,*,#2062,.F.);
#3927 = ORIENTED_EDGE('',*,*,#3415,.F.);
#3928 = ORIENTED_EDGE('',*,*,#3929,.T.);
#3929 = EDGE_CURVE('',#3408,#2856,#3930,.T.);
#3930 = LINE('',#3931,#3932);
#3931 = CARTESIAN_POINT('',(2.4,0.35,1.E-02));
#3932 = VECTOR('',#3933,1.);
#3933 = DIRECTION('',(0.,0.,-1.));
#3934 = PLANE('',#3935);
#3935 = AXIS2_PLACEMENT_3D('',#3936,#3937,#3938);
#3936 = CARTESIAN_POINT('',(2.4,0.35,1.E-02));
#3937 = DIRECTION('',(-7.063273949722E-15,1.,0.));
#3938 = DIRECTION('',(-1.,-7.063273949722E-15,0.));
#3939 = ADVANCED_FACE('',(#3940),#3946,.F.);
#3940 = FACE_BOUND('',#3941,.T.);
#3941 = EDGE_LOOP('',(#3942,#3943,#3944,#3945));
#3942 = ORIENTED_EDGE('',*,*,#2863,.T.);
#3943 = ORIENTED_EDGE('',*,*,#3929,.F.);
#3944 = ORIENTED_EDGE('',*,*,#3407,.F.);
#3945 = ORIENTED_EDGE('',*,*,#3904,.T.);
#3946 = PLANE('',#3947);
#3947 = AXIS2_PLACEMENT_3D('',#3948,#3949,#3950);
#3948 = CARTESIAN_POINT('',(2.4,-0.35,1.E-02));
#3949 = DIRECTION('',(-1.,-6.982962677686E-15,-0.));
#3950 = DIRECTION('',(0.,0.,-1.));
#3951 = ADVANCED_FACE('',(#3952),#3969,.F.);
#3952 = FACE_BOUND('',#3953,.T.);
#3953 = EDGE_LOOP('',(#3954,#3955,#3961,#3962,#3968));
#3954 = ORIENTED_EDGE('',*,*,#2894,.T.);
#3955 = ORIENTED_EDGE('',*,*,#3956,.F.);
#3956 = EDGE_CURVE('',#3448,#2887,#3957,.T.);
#3957 = LINE('',#3958,#3959);
#3958 = CARTESIAN_POINT('',(2.4,-1.775,1.E-02));
#3959 = VECTOR('',#3960,1.);
#3960 = DIRECTION('',(0.,0.,-1.));
#3961 = ORIENTED_EDGE('',*,*,#3447,.F.);
#3962 = ORIENTED_EDGE('',*,*,#3963,.F.);
#3963 = EDGE_CURVE('',#1951,#3440,#3964,.T.);
#3964 = LINE('',#3965,#3966);
#3965 = CARTESIAN_POINT('',(3.75,-1.775,1.E-02));
#3966 = VECTOR('',#3967,1.);
#3967 = DIRECTION('',(-1.,-6.982962677686E-15,0.));
#3968 = ORIENTED_EDGE('',*,*,#1950,.T.);
#3969 = PLANE('',#3970);
#3970 = AXIS2_PLACEMENT_3D('',#3971,#3972,#3973);
#3971 = CARTESIAN_POINT('',(3.75,-1.775,1.E-02));
#3972 = DIRECTION('',(6.982962677686E-15,-1.,0.));
#3973 = DIRECTION('',(0.,0.,1.));
#3974 = ADVANCED_FACE('',(#3975),#3986,.F.);
#3975 = FACE_BOUND('',#3976,.T.);
#3976 = EDGE_LOOP('',(#3977,#3978,#3979,#3980));
#3977 = ORIENTED_EDGE('',*,*,#2878,.T.);
#3978 = ORIENTED_EDGE('',*,*,#1998,.F.);
#3979 = ORIENTED_EDGE('',*,*,#3463,.F.);
#3980 = ORIENTED_EDGE('',*,*,#3981,.T.);
#3981 = EDGE_CURVE('',#3456,#2879,#3982,.T.);
#3982 = LINE('',#3983,#3984);
#3983 = CARTESIAN_POINT('',(2.4,-1.075,1.E-02));
#3984 = VECTOR('',#3985,1.);
#3985 = DIRECTION('',(0.,0.,-1.));
#3986 = PLANE('',#3987);
#3987 = AXIS2_PLACEMENT_3D('',#3988,#3989,#3990);
#3988 = CARTESIAN_POINT('',(3.75,-1.075,1.E-02));
#3989 = DIRECTION('',(-6.982962677686E-15,1.,0.));
#3990 = DIRECTION('',(0.,0.,-1.));
#3991 = ADVANCED_FACE('',(#3992),#3998,.F.);
#3992 = FACE_BOUND('',#3993,.T.);
#3993 = EDGE_LOOP('',(#3994,#3995,#3996,#3997));
#3994 = ORIENTED_EDGE('',*,*,#2886,.T.);
#3995 = ORIENTED_EDGE('',*,*,#3981,.F.);
#3996 = ORIENTED_EDGE('',*,*,#3455,.F.);
#3997 = ORIENTED_EDGE('',*,*,#3956,.T.);
#3998 = PLANE('',#3999);
#3999 = AXIS2_PLACEMENT_3D('',#4000,#4001,#4002);
#4000 = CARTESIAN_POINT('',(2.4,-1.775,1.E-02));
#4001 = DIRECTION('',(-1.,-7.602506776249E-15,0.));
#4002 = DIRECTION('',(7.602506776249E-15,-1.,0.));
#4003 = ADVANCED_FACE('',(#4004),#4015,.F.);
#4004 = FACE_BOUND('',#4005,.T.);
#4005 = EDGE_LOOP('',(#4006,#4007,#4008,#4014));
#4006 = ORIENTED_EDGE('',*,*,#2262,.T.);
#4007 = ORIENTED_EDGE('',*,*,#3845,.F.);
#4008 = ORIENTED_EDGE('',*,*,#4009,.F.);
#4009 = EDGE_CURVE('',#3863,#3838,#4010,.T.);
#4010 = LINE('',#4011,#4012);
#4011 = CARTESIAN_POINT('',(-3.74,1.775,0.599965081998));
#4012 = VECTOR('',#4013,1.);
#4013 = DIRECTION('',(-8.841594973376E-15,1.,0.));
#4014 = ORIENTED_EDGE('',*,*,#3862,.T.);
#4015 = PLANE('',#4016);
#4016 = AXIS2_PLACEMENT_3D('',#4017,#4018,#4019);
#4017 = CARTESIAN_POINT('',(-3.74,1.775,0.599965081998));
#4018 = DIRECTION('',(0.,0.,1.));
#4019 = DIRECTION('',(-1.,-6.982962677686E-15,0.));
#4020 = ADVANCED_FACE('',(#4021),#4027,.T.);
#4021 = FACE_BOUND('',#4022,.T.);
#4022 = EDGE_LOOP('',(#4023,#4024,#4025,#4026));
#4023 = ORIENTED_EDGE('',*,*,#3527,.T.);
#4024 = ORIENTED_EDGE('',*,*,#3870,.T.);
#4025 = ORIENTED_EDGE('',*,*,#4009,.T.);
#4026 = ORIENTED_EDGE('',*,*,#3837,.T.);
#4027 = PLANE('',#4028);
#4028 = AXIS2_PLACEMENT_3D('',#4029,#4030,#4031);
#4029 = CARTESIAN_POINT('',(-3.74,-3.306940793817E-14,2.561761578345E-30
    ));
#4030 = DIRECTION('',(-1.,-8.841594973376E-15,6.831364208919E-31));
#4031 = DIRECTION('',(8.841594973376E-15,-1.,0.));
#4032 = ADVANCED_FACE('',(#4033),#4051,.F.);
#4033 = FACE_BOUND('',#4034,.T.);
#4034 = EDGE_LOOP('',(#4035,#4036,#4044,#4050));
#4035 = ORIENTED_EDGE('',*,*,#2326,.T.);
#4036 = ORIENTED_EDGE('',*,*,#4037,.F.);
#4037 = EDGE_CURVE('',#4038,#2319,#4040,.T.);
#4038 = VERTEX_POINT('',#4039);
#4039 = CARTESIAN_POINT('',(-3.74,-0.355,1.E-02));
#4040 = LINE('',#4041,#4042);
#4041 = CARTESIAN_POINT('',(-3.74,-0.355,1.E-02));
#4042 = VECTOR('',#4043,1.);
#4043 = DIRECTION('',(-1.,-8.657321199288E-15,0.));
#4044 = ORIENTED_EDGE('',*,*,#4045,.F.);
#4045 = EDGE_CURVE('',#3707,#4038,#4046,.T.);
#4046 = LINE('',#4047,#4048);
#4047 = CARTESIAN_POINT('',(-3.74,0.345,1.E-02));
#4048 = VECTOR('',#4049,1.);
#4049 = DIRECTION('',(8.222050874813E-15,-1.,0.));
#4050 = ORIENTED_EDGE('',*,*,#3706,.T.);
#4051 = PLANE('',#4052);
#4052 = AXIS2_PLACEMENT_3D('',#4053,#4054,#4055);
#4053 = CARTESIAN_POINT('',(-3.74,0.345,1.E-02));
#4054 = DIRECTION('',(0.,0.,-1.));
#4055 = DIRECTION('',(1.,6.982962677686E-15,0.));
#4056 = ADVANCED_FACE('',(#4057),#4075,.F.);
#4057 = FACE_BOUND('',#4058,.T.);
#4058 = EDGE_LOOP('',(#4059,#4060,#4061,#4069));
#4059 = ORIENTED_EDGE('',*,*,#2302,.T.);
#4060 = ORIENTED_EDGE('',*,*,#3737,.F.);
#4061 = ORIENTED_EDGE('',*,*,#4062,.F.);
#4062 = EDGE_CURVE('',#4063,#3730,#4065,.T.);
#4063 = VERTEX_POINT('',#4064);
#4064 = CARTESIAN_POINT('',(-3.74,0.345,0.599965081998));
#4065 = LINE('',#4066,#4067);
#4066 = CARTESIAN_POINT('',(-3.74,0.345,1.E-02));
#4067 = VECTOR('',#4068,1.);
#4068 = DIRECTION('',(0.,0.,-1.));
#4069 = ORIENTED_EDGE('',*,*,#4070,.T.);
#4070 = EDGE_CURVE('',#4063,#2303,#4071,.T.);
#4071 = LINE('',#4072,#4073);
#4072 = CARTESIAN_POINT('',(-3.74,0.345,0.599965081998));
#4073 = VECTOR('',#4074,1.);
#4074 = DIRECTION('',(-1.,-8.657321199288E-15,0.));
#4075 = PLANE('',#4076);
#4076 = AXIS2_PLACEMENT_3D('',#4077,#4078,#4079);
#4077 = CARTESIAN_POINT('',(-3.74,0.345,1.E-02));
#4078 = DIRECTION('',(-8.657321199288E-15,1.,0.));
#4079 = DIRECTION('',(-1.,-8.657321199288E-15,0.));
#4080 = ADVANCED_FACE('',(#4081),#4099,.F.);
#4081 = FACE_BOUND('',#4082,.T.);
#4082 = EDGE_LOOP('',(#4083,#4084,#4085,#4093));
#4083 = ORIENTED_EDGE('',*,*,#2310,.T.);
#4084 = ORIENTED_EDGE('',*,*,#4070,.F.);
#4085 = ORIENTED_EDGE('',*,*,#4086,.F.);
#4086 = EDGE_CURVE('',#4087,#4063,#4089,.T.);
#4087 = VERTEX_POINT('',#4088);
#4088 = CARTESIAN_POINT('',(-3.74,-0.355,0.599965081998));
#4089 = LINE('',#4090,#4091);
#4090 = CARTESIAN_POINT('',(-3.74,0.345,0.599965081998));
#4091 = VECTOR('',#4092,1.);
#4092 = DIRECTION('',(-8.222050874813E-15,1.,0.));
#4093 = ORIENTED_EDGE('',*,*,#4094,.T.);
#4094 = EDGE_CURVE('',#4087,#2311,#4095,.T.);
#4095 = LINE('',#4096,#4097);
#4096 = CARTESIAN_POINT('',(-3.74,-0.355,0.599965081998));
#4097 = VECTOR('',#4098,1.);
#4098 = DIRECTION('',(-1.,-8.657321199288E-15,0.));
#4099 = PLANE('',#4100);
#4100 = AXIS2_PLACEMENT_3D('',#4101,#4102,#4103);
#4101 = CARTESIAN_POINT('',(-3.74,0.345,0.599965081998));
#4102 = DIRECTION('',(0.,0.,1.));
#4103 = DIRECTION('',(-1.,-6.982962677686E-15,0.));
#4104 = ADVANCED_FACE('',(#4105),#4116,.F.);
#4105 = FACE_BOUND('',#4106,.T.);
#4106 = EDGE_LOOP('',(#4107,#4108,#4109,#4115));
#4107 = ORIENTED_EDGE('',*,*,#2318,.T.);
#4108 = ORIENTED_EDGE('',*,*,#4094,.F.);
#4109 = ORIENTED_EDGE('',*,*,#4110,.F.);
#4110 = EDGE_CURVE('',#4038,#4087,#4111,.T.);
#4111 = LINE('',#4112,#4113);
#4112 = CARTESIAN_POINT('',(-3.74,-0.355,1.E-02));
#4113 = VECTOR('',#4114,1.);
#4114 = DIRECTION('',(-2.566573357151E-30,3.675479127723E-16,1.));
#4115 = ORIENTED_EDGE('',*,*,#4037,.T.);
#4116 = PLANE('',#4117);
#4117 = AXIS2_PLACEMENT_3D('',#4118,#4119,#4120);
#4118 = CARTESIAN_POINT('',(-3.74,-0.355,1.E-02));
#4119 = DIRECTION('',(8.657321199288E-15,-1.,3.675479127723E-16));
#4120 = DIRECTION('',(1.,8.657321199288E-15,5.253569823441E-47));
#4121 = ADVANCED_FACE('',(#4122),#4129,.T.);
#4122 = FACE_BOUND('',#4123,.T.);
#4123 = EDGE_LOOP('',(#4124,#4125,#4126,#4127,#4128));
#4124 = ORIENTED_EDGE('',*,*,#3729,.T.);
#4125 = ORIENTED_EDGE('',*,*,#4045,.T.);
#4126 = ORIENTED_EDGE('',*,*,#4110,.T.);
#4127 = ORIENTED_EDGE('',*,*,#4086,.T.);
#4128 = ORIENTED_EDGE('',*,*,#4062,.T.);
#4129 = PLANE('',#4130);
#4130 = AXIS2_PLACEMENT_3D('',#4131,#4132,#4133);
#4131 = CARTESIAN_POINT('',(-3.74,-3.074611756855E-14,1.70784105223E-30)
  );
#4132 = DIRECTION('',(-1.,-8.222050874813E-15,4.554242805946E-31));
#4133 = DIRECTION('',(8.222050874813E-15,-1.,0.));
#4134 = ADVANCED_FACE('',(#4135),#4153,.F.);
#4135 = FACE_BOUND('',#4136,.T.);
#4136 = EDGE_LOOP('',(#4137,#4138,#4146,#4152));
#4137 = ORIENTED_EDGE('',*,*,#2390,.T.);
#4138 = ORIENTED_EDGE('',*,*,#4139,.F.);
#4139 = EDGE_CURVE('',#4140,#2383,#4142,.T.);
#4140 = VERTEX_POINT('',#4141);
#4141 = CARTESIAN_POINT('',(-3.74,-1.785,1.E-02));
#4142 = LINE('',#4143,#4144);
#4143 = CARTESIAN_POINT('',(-3.74,-1.785,1.E-02));
#4144 = VECTOR('',#4145,1.);
#4145 = DIRECTION('',(-1.,-8.657321199288E-15,0.));
#4146 = ORIENTED_EDGE('',*,*,#4147,.F.);
#4147 = EDGE_CURVE('',#3560,#4140,#4148,.T.);
#4148 = LINE('',#4149,#4150);
#4149 = CARTESIAN_POINT('',(-3.74,-1.085,1.E-02));
#4150 = VECTOR('',#4151,1.);
#4151 = DIRECTION('',(8.841594973376E-15,-1.,0.));
#4152 = ORIENTED_EDGE('',*,*,#3559,.T.);
#4153 = PLANE('',#4154);
#4154 = AXIS2_PLACEMENT_3D('',#4155,#4156,#4157);
#4155 = CARTESIAN_POINT('',(-3.74,-1.085,1.E-02));
#4156 = DIRECTION('',(0.,0.,-1.));
#4157 = DIRECTION('',(1.,6.982962677686E-15,0.));
#4158 = ADVANCED_FACE('',(#4159),#4177,.F.);
#4159 = FACE_BOUND('',#4160,.T.);
#4160 = EDGE_LOOP('',(#4161,#4162,#4163,#4171));
#4161 = ORIENTED_EDGE('',*,*,#2366,.T.);
#4162 = ORIENTED_EDGE('',*,*,#3630,.F.);
#4163 = ORIENTED_EDGE('',*,*,#4164,.F.);
#4164 = EDGE_CURVE('',#4165,#3631,#4167,.T.);
#4165 = VERTEX_POINT('',#4166);
#4166 = CARTESIAN_POINT('',(-3.74,-1.085,0.599965081998));
#4167 = LINE('',#4168,#4169);
#4168 = CARTESIAN_POINT('',(-3.74,-1.085,1.E-02));
#4169 = VECTOR('',#4170,1.);
#4170 = DIRECTION('',(0.,0.,-1.));
#4171 = ORIENTED_EDGE('',*,*,#4172,.T.);
#4172 = EDGE_CURVE('',#4165,#2367,#4173,.T.);
#4173 = LINE('',#4174,#4175);
#4174 = CARTESIAN_POINT('',(-3.74,-1.085,0.599965081998));
#4175 = VECTOR('',#4176,1.);
#4176 = DIRECTION('',(-1.,-8.657321199288E-15,0.));
#4177 = PLANE('',#4178);
#4178 = AXIS2_PLACEMENT_3D('',#4179,#4180,#4181);
#4179 = CARTESIAN_POINT('',(-3.74,-1.085,1.E-02));
#4180 = DIRECTION('',(-8.657321199288E-15,1.,0.));
#4181 = DIRECTION('',(-1.,-8.657321199288E-15,0.));
#4182 = ADVANCED_FACE('',(#4183),#4201,.F.);
#4183 = FACE_BOUND('',#4184,.T.);
#4184 = EDGE_LOOP('',(#4185,#4186,#4187,#4195));
#4185 = ORIENTED_EDGE('',*,*,#2374,.T.);
#4186 = ORIENTED_EDGE('',*,*,#4172,.F.);
#4187 = ORIENTED_EDGE('',*,*,#4188,.F.);
#4188 = EDGE_CURVE('',#4189,#4165,#4191,.T.);
#4189 = VERTEX_POINT('',#4190);
#4190 = CARTESIAN_POINT('',(-3.74,-1.785,0.599965081998));
#4191 = LINE('',#4192,#4193);
#4192 = CARTESIAN_POINT('',(-3.74,-1.085,0.599965081998));
#4193 = VECTOR('',#4194,1.);
#4194 = DIRECTION('',(-8.841594973376E-15,1.,0.));
#4195 = ORIENTED_EDGE('',*,*,#4196,.T.);
#4196 = EDGE_CURVE('',#4189,#2375,#4197,.T.);
#4197 = LINE('',#4198,#4199);
#4198 = CARTESIAN_POINT('',(-3.74,-1.785,0.599965081998));
#4199 = VECTOR('',#4200,1.);
#4200 = DIRECTION('',(-1.,-8.657321199288E-15,0.));
#4201 = PLANE('',#4202);
#4202 = AXIS2_PLACEMENT_3D('',#4203,#4204,#4205);
#4203 = CARTESIAN_POINT('',(-3.74,-1.085,0.599965081998));
#4204 = DIRECTION('',(0.,0.,1.));
#4205 = DIRECTION('',(-1.,-6.982962677686E-15,0.));
#4206 = ADVANCED_FACE('',(#4207),#4218,.F.);
#4207 = FACE_BOUND('',#4208,.T.);
#4208 = EDGE_LOOP('',(#4209,#4210,#4211,#4217));
#4209 = ORIENTED_EDGE('',*,*,#2382,.T.);
#4210 = ORIENTED_EDGE('',*,*,#4196,.F.);
#4211 = ORIENTED_EDGE('',*,*,#4212,.F.);
#4212 = EDGE_CURVE('',#4140,#4189,#4213,.T.);
#4213 = LINE('',#4214,#4215);
#4214 = CARTESIAN_POINT('',(-3.74,-1.785,1.E-02));
#4215 = VECTOR('',#4216,1.);
#4216 = DIRECTION('',(-2.566573357151E-30,3.675479127723E-16,1.));
#4217 = ORIENTED_EDGE('',*,*,#4139,.T.);
#4218 = PLANE('',#4219);
#4219 = AXIS2_PLACEMENT_3D('',#4220,#4221,#4222);
#4220 = CARTESIAN_POINT('',(-3.74,-1.785,1.E-02));
#4221 = DIRECTION('',(8.657321199288E-15,-1.,3.675479127723E-16));
#4222 = DIRECTION('',(1.,8.657321199288E-15,5.253569823441E-47));
#4223 = ADVANCED_FACE('',(#4224),#4231,.T.);
#4224 = FACE_BOUND('',#4225,.T.);
#4225 = EDGE_LOOP('',(#4226,#4227,#4228,#4229,#4230));
#4226 = ORIENTED_EDGE('',*,*,#3642,.T.);
#4227 = ORIENTED_EDGE('',*,*,#4147,.T.);
#4228 = ORIENTED_EDGE('',*,*,#4212,.T.);
#4229 = ORIENTED_EDGE('',*,*,#4188,.T.);
#4230 = ORIENTED_EDGE('',*,*,#4164,.T.);
#4231 = PLANE('',#4232);
#4232 = AXIS2_PLACEMENT_3D('',#4233,#4234,#4235);
#4233 = CARTESIAN_POINT('',(-3.74,-3.306940793817E-14,2.561761578345E-30
    ));
#4234 = DIRECTION('',(-1.,-8.841594973376E-15,6.831364208919E-31));
#4235 = DIRECTION('',(8.841594973376E-15,-1.,0.));
#4236 = ADVANCED_FACE('',(#4237),#4248,.T.);
#4237 = FACE_BOUND('',#4238,.T.);
#4238 = EDGE_LOOP('',(#4239,#4240,#4241,#4247));
#4239 = ORIENTED_EDGE('',*,*,#2086,.F.);
#4240 = ORIENTED_EDGE('',*,*,#3814,.F.);
#4241 = ORIENTED_EDGE('',*,*,#4242,.T.);
#4242 = EDGE_CURVE('',#3807,#3758,#4243,.T.);
#4243 = LINE('',#4244,#4245);
#4244 = CARTESIAN_POINT('',(3.74,1.775,0.599965081998));
#4245 = VECTOR('',#4246,1.);
#4246 = DIRECTION('',(-5.124330381997E-15,1.,0.));
#4247 = ORIENTED_EDGE('',*,*,#3757,.T.);
#4248 = PLANE('',#4249);
#4249 = AXIS2_PLACEMENT_3D('',#4250,#4251,#4252);
#4250 = CARTESIAN_POINT('',(3.74,1.775,0.599965081998));
#4251 = DIRECTION('',(0.,0.,-1.));
#4252 = DIRECTION('',(1.,6.982962677686E-15,0.));
#4253 = ADVANCED_FACE('',(#4254),#4260,.T.);
#4254 = FACE_BOUND('',#4255,.T.);
#4255 = EDGE_LOOP('',(#4256,#4257,#4258,#4259));
#4256 = ORIENTED_EDGE('',*,*,#3487,.F.);
#4257 = ORIENTED_EDGE('',*,*,#3765,.F.);
#4258 = ORIENTED_EDGE('',*,*,#4242,.F.);
#4259 = ORIENTED_EDGE('',*,*,#3806,.F.);
#4260 = PLANE('',#4261);
#4261 = AXIS2_PLACEMENT_3D('',#4262,#4263,#4264);
#4262 = CARTESIAN_POINT('',(3.74,1.916315289093E-14,2.561761578345E-30)
  );
#4263 = DIRECTION('',(1.,5.124330381997E-15,6.831364208919E-31));
#4264 = DIRECTION('',(5.124330381997E-15,-1.,0.));
#4265 = ADVANCED_FACE('',(#4266),#4284,.T.);
#4266 = FACE_BOUND('',#4267,.T.);
#4267 = EDGE_LOOP('',(#4268,#4269,#4277,#4283));
#4268 = ORIENTED_EDGE('',*,*,#3963,.T.);
#4269 = ORIENTED_EDGE('',*,*,#4270,.T.);
#4270 = EDGE_CURVE('',#3440,#4271,#4273,.T.);
#4271 = VERTEX_POINT('',#4272);
#4272 = CARTESIAN_POINT('',(3.74,-1.785,1.E-02));
#4273 = LINE('',#4274,#4275);
#4274 = CARTESIAN_POINT('',(3.74,-1.085,1.E-02));
#4275 = VECTOR('',#4276,1.);
#4276 = DIRECTION('',(5.124330381997E-15,-1.,0.));
#4277 = ORIENTED_EDGE('',*,*,#4278,.T.);
#4278 = EDGE_CURVE('',#4271,#1959,#4279,.T.);
#4279 = LINE('',#4280,#4281);
#4280 = CARTESIAN_POINT('',(3.74,-1.785,1.E-02));
#4281 = VECTOR('',#4282,1.);
#4282 = DIRECTION('',(1.,5.308604156084E-15,0.));
#4283 = ORIENTED_EDGE('',*,*,#1958,.F.);
#4284 = PLANE('',#4285);
#4285 = AXIS2_PLACEMENT_3D('',#4286,#4287,#4288);
#4286 = CARTESIAN_POINT('',(3.74,-1.085,1.E-02));
#4287 = DIRECTION('',(0.,0.,1.));
#4288 = DIRECTION('',(-1.,-6.982962677686E-15,0.));
#4289 = ADVANCED_FACE('',(#4290),#4308,.T.);
#4290 = FACE_BOUND('',#4291,.T.);
#4291 = EDGE_LOOP('',(#4292,#4293,#4294,#4302));
#4292 = ORIENTED_EDGE('',*,*,#1966,.F.);
#4293 = ORIENTED_EDGE('',*,*,#4278,.F.);
#4294 = ORIENTED_EDGE('',*,*,#4295,.T.);
#4295 = EDGE_CURVE('',#4271,#4296,#4298,.T.);
#4296 = VERTEX_POINT('',#4297);
#4297 = CARTESIAN_POINT('',(3.74,-1.785,0.599965081998));
#4298 = LINE('',#4299,#4300);
#4299 = CARTESIAN_POINT('',(3.74,-1.785,1.E-02));
#4300 = VECTOR('',#4301,1.);
#4301 = DIRECTION('',(-2.566573357151E-30,3.675479127723E-16,1.));
#4302 = ORIENTED_EDGE('',*,*,#4303,.T.);
#4303 = EDGE_CURVE('',#4296,#1967,#4304,.T.);
#4304 = LINE('',#4305,#4306);
#4305 = CARTESIAN_POINT('',(3.74,-1.785,0.599965081998));
#4306 = VECTOR('',#4307,1.);
#4307 = DIRECTION('',(1.,5.308604156084E-15,0.));
#4308 = PLANE('',#4309);
#4309 = AXIS2_PLACEMENT_3D('',#4310,#4311,#4312);
#4310 = CARTESIAN_POINT('',(3.74,-1.785,1.E-02));
#4311 = DIRECTION('',(-5.308604156084E-15,1.,-3.675479127723E-16));
#4312 = DIRECTION('',(-1.,-5.308604156084E-15,6.803955247849E-47));
#4313 = ADVANCED_FACE('',(#4314),#4332,.T.);
#4314 = FACE_BOUND('',#4315,.T.);
#4315 = EDGE_LOOP('',(#4316,#4317,#4318,#4326));
#4316 = ORIENTED_EDGE('',*,*,#1974,.F.);
#4317 = ORIENTED_EDGE('',*,*,#4303,.F.);
#4318 = ORIENTED_EDGE('',*,*,#4319,.T.);
#4319 = EDGE_CURVE('',#4296,#4320,#4322,.T.);
#4320 = VERTEX_POINT('',#4321);
#4321 = CARTESIAN_POINT('',(3.74,-1.085,0.599965081998));
#4322 = LINE('',#4323,#4324);
#4323 = CARTESIAN_POINT('',(3.74,-1.085,0.599965081998));
#4324 = VECTOR('',#4325,1.);
#4325 = DIRECTION('',(-5.124330381997E-15,1.,0.));
#4326 = ORIENTED_EDGE('',*,*,#4327,.T.);
#4327 = EDGE_CURVE('',#4320,#1975,#4328,.T.);
#4328 = LINE('',#4329,#4330);
#4329 = CARTESIAN_POINT('',(3.74,-1.085,0.599965081998));
#4330 = VECTOR('',#4331,1.);
#4331 = DIRECTION('',(1.,5.308604156084E-15,0.));
#4332 = PLANE('',#4333);
#4333 = AXIS2_PLACEMENT_3D('',#4334,#4335,#4336);
#4334 = CARTESIAN_POINT('',(3.74,-1.085,0.599965081998));
#4335 = DIRECTION('',(0.,0.,-1.));
#4336 = DIRECTION('',(1.,6.982962677686E-15,0.));
#4337 = ADVANCED_FACE('',(#4338),#4349,.T.);
#4338 = FACE_BOUND('',#4339,.T.);
#4339 = EDGE_LOOP('',(#4340,#4341,#4342,#4348));
#4340 = ORIENTED_EDGE('',*,*,#1982,.F.);
#4341 = ORIENTED_EDGE('',*,*,#4327,.F.);
#4342 = ORIENTED_EDGE('',*,*,#4343,.T.);
#4343 = EDGE_CURVE('',#4320,#3432,#4344,.T.);
#4344 = LINE('',#4345,#4346);
#4345 = CARTESIAN_POINT('',(3.74,-1.085,1.E-02));
#4346 = VECTOR('',#4347,1.);
#4347 = DIRECTION('',(-0.,0.,-1.));
#4348 = ORIENTED_EDGE('',*,*,#3431,.T.);
#4349 = PLANE('',#4350);
#4350 = AXIS2_PLACEMENT_3D('',#4351,#4352,#4353);
#4351 = CARTESIAN_POINT('',(3.74,-1.085,1.E-02));
#4352 = DIRECTION('',(5.308604156084E-15,-1.,0.));
#4353 = DIRECTION('',(1.,5.308604156084E-15,0.));
#4354 = ADVANCED_FACE('',(#4355),#4362,.T.);
#4355 = FACE_BOUND('',#4356,.T.);
#4356 = EDGE_LOOP('',(#4357,#4358,#4359,#4360,#4361));
#4357 = ORIENTED_EDGE('',*,*,#3439,.F.);
#4358 = ORIENTED_EDGE('',*,*,#4343,.F.);
#4359 = ORIENTED_EDGE('',*,*,#4319,.F.);
#4360 = ORIENTED_EDGE('',*,*,#4295,.F.);
#4361 = ORIENTED_EDGE('',*,*,#4270,.F.);
#4362 = PLANE('',#4363);
#4363 = AXIS2_PLACEMENT_3D('',#4364,#4365,#4366);
#4364 = CARTESIAN_POINT('',(3.74,1.916315289093E-14,2.561761578345E-30)
  );
#4365 = DIRECTION('',(1.,5.124330381997E-15,6.831364208919E-31));
#4366 = DIRECTION('',(5.124330381997E-15,-1.,0.));
#4367 = ADVANCED_FACE('',(#4368),#4386,.T.);
#4368 = FACE_BOUND('',#4369,.T.);
#4369 = EDGE_LOOP('',(#4370,#4371,#4379,#4385));
#4370 = ORIENTED_EDGE('',*,*,#3911,.T.);
#4371 = ORIENTED_EDGE('',*,*,#4372,.T.);
#4372 = EDGE_CURVE('',#3392,#4373,#4375,.T.);
#4373 = VERTEX_POINT('',#4374);
#4374 = CARTESIAN_POINT('',(3.74,-0.355,1.E-02));
#4375 = LINE('',#4376,#4377);
#4376 = CARTESIAN_POINT('',(3.74,0.345,1.E-02));
#4377 = VECTOR('',#4378,1.);
#4378 = DIRECTION('',(5.74387448056E-15,-1.,0.));
#4379 = ORIENTED_EDGE('',*,*,#4380,.T.);
#4380 = EDGE_CURVE('',#4373,#2023,#4381,.T.);
#4381 = LINE('',#4382,#4383);
#4382 = CARTESIAN_POINT('',(3.74,-0.355,1.E-02));
#4383 = VECTOR('',#4384,1.);
#4384 = DIRECTION('',(1.,5.308604156084E-15,0.));
#4385 = ORIENTED_EDGE('',*,*,#2022,.F.);
#4386 = PLANE('',#4387);
#4387 = AXIS2_PLACEMENT_3D('',#4388,#4389,#4390);
#4388 = CARTESIAN_POINT('',(3.74,0.345,1.E-02));
#4389 = DIRECTION('',(0.,0.,1.));
#4390 = DIRECTION('',(-1.,-6.982962677686E-15,0.));
#4391 = ADVANCED_FACE('',(#4392),#4410,.T.);
#4392 = FACE_BOUND('',#4393,.T.);
#4393 = EDGE_LOOP('',(#4394,#4395,#4396,#4404));
#4394 = ORIENTED_EDGE('',*,*,#2030,.F.);
#4395 = ORIENTED_EDGE('',*,*,#4380,.F.);
#4396 = ORIENTED_EDGE('',*,*,#4397,.T.);
#4397 = EDGE_CURVE('',#4373,#4398,#4400,.T.);
#4398 = VERTEX_POINT('',#4399);
#4399 = CARTESIAN_POINT('',(3.74,-0.355,0.599965081998));
#4400 = LINE('',#4401,#4402);
#4401 = CARTESIAN_POINT('',(3.74,-0.355,1.E-02));
#4402 = VECTOR('',#4403,1.);
#4403 = DIRECTION('',(-2.566573357151E-30,3.675479127723E-16,1.));
#4404 = ORIENTED_EDGE('',*,*,#4405,.T.);
#4405 = EDGE_CURVE('',#4398,#2031,#4406,.T.);
#4406 = LINE('',#4407,#4408);
#4407 = CARTESIAN_POINT('',(3.74,-0.355,0.599965081998));
#4408 = VECTOR('',#4409,1.);
#4409 = DIRECTION('',(1.,5.308604156084E-15,0.));
#4410 = PLANE('',#4411);
#4411 = AXIS2_PLACEMENT_3D('',#4412,#4413,#4414);
#4412 = CARTESIAN_POINT('',(3.74,-0.355,1.E-02));
#4413 = DIRECTION('',(-5.308604156084E-15,1.,-3.675479127723E-16));
#4414 = DIRECTION('',(-1.,-5.308604156084E-15,6.803955247849E-47));
#4415 = ADVANCED_FACE('',(#4416),#4434,.T.);
#4416 = FACE_BOUND('',#4417,.T.);
#4417 = EDGE_LOOP('',(#4418,#4419,#4420,#4428));
#4418 = ORIENTED_EDGE('',*,*,#2038,.F.);
#4419 = ORIENTED_EDGE('',*,*,#4405,.F.);
#4420 = ORIENTED_EDGE('',*,*,#4421,.T.);
#4421 = EDGE_CURVE('',#4398,#4422,#4424,.T.);
#4422 = VERTEX_POINT('',#4423);
#4423 = CARTESIAN_POINT('',(3.74,0.345,0.599965081998));
#4424 = LINE('',#4425,#4426);
#4425 = CARTESIAN_POINT('',(3.74,0.345,0.599965081998));
#4426 = VECTOR('',#4427,1.);
#4427 = DIRECTION('',(-5.74387448056E-15,1.,0.));
#4428 = ORIENTED_EDGE('',*,*,#4429,.T.);
#4429 = EDGE_CURVE('',#4422,#2039,#4430,.T.);
#4430 = LINE('',#4431,#4432);
#4431 = CARTESIAN_POINT('',(3.74,0.345,0.599965081998));
#4432 = VECTOR('',#4433,1.);
#4433 = DIRECTION('',(1.,5.308604156084E-15,0.));
#4434 = PLANE('',#4435);
#4435 = AXIS2_PLACEMENT_3D('',#4436,#4437,#4438);
#4436 = CARTESIAN_POINT('',(3.74,0.345,0.599965081998));
#4437 = DIRECTION('',(0.,0.,-1.));
#4438 = DIRECTION('',(1.,6.982962677686E-15,0.));
#4439 = ADVANCED_FACE('',(#4440),#4451,.T.);
#4440 = FACE_BOUND('',#4441,.T.);
#4441 = EDGE_LOOP('',(#4442,#4443,#4444,#4450));
#4442 = ORIENTED_EDGE('',*,*,#2046,.F.);
#4443 = ORIENTED_EDGE('',*,*,#4429,.F.);
#4444 = ORIENTED_EDGE('',*,*,#4445,.T.);
#4445 = EDGE_CURVE('',#4422,#3384,#4446,.T.);
#4446 = LINE('',#4447,#4448);
#4447 = CARTESIAN_POINT('',(3.74,0.345,1.E-02));
#4448 = VECTOR('',#4449,1.);
#4449 = DIRECTION('',(-0.,0.,-1.));
#4450 = ORIENTED_EDGE('',*,*,#3383,.T.);
#4451 = PLANE('',#4452);
#4452 = AXIS2_PLACEMENT_3D('',#4453,#4454,#4455);
#4453 = CARTESIAN_POINT('',(3.74,0.345,1.E-02));
#4454 = DIRECTION('',(5.308604156084E-15,-1.,0.));
#4455 = DIRECTION('',(1.,5.308604156084E-15,0.));
#4456 = ADVANCED_FACE('',(#4457),#4464,.T.);
#4457 = FACE_BOUND('',#4458,.T.);
#4458 = EDGE_LOOP('',(#4459,#4460,#4461,#4462,#4463));
#4459 = ORIENTED_EDGE('',*,*,#3391,.F.);
#4460 = ORIENTED_EDGE('',*,*,#4445,.F.);
#4461 = ORIENTED_EDGE('',*,*,#4421,.F.);
#4462 = ORIENTED_EDGE('',*,*,#4397,.F.);
#4463 = ORIENTED_EDGE('',*,*,#4372,.F.);
#4464 = PLANE('',#4465);
#4465 = AXIS2_PLACEMENT_3D('',#4466,#4467,#4468);
#4466 = CARTESIAN_POINT('',(3.74,2.148644326054E-14,1.70784105223E-30));
#4467 = DIRECTION('',(1.,5.74387448056E-15,4.554242805946E-31));
#4468 = DIRECTION('',(5.74387448056E-15,-1.,0.));
#4469 = ADVANCED_FACE('',(#4470),#4481,.F.);
#4470 = FACE_BOUND('',#4471,.T.);
#4471 = EDGE_LOOP('',(#4472,#4473,#4479,#4480));
#4472 = ORIENTED_EDGE('',*,*,#2919,.T.);
#4473 = ORIENTED_EDGE('',*,*,#4474,.F.);
#4474 = EDGE_CURVE('',#3340,#2912,#4475,.T.);
#4475 = LINE('',#4476,#4477);
#4476 = CARTESIAN_POINT('',(-0.568220358214,-3.25,0.5));
#4477 = VECTOR('',#4478,1.);
#4478 = DIRECTION('',(0.,0.,-1.));
#4479 = ORIENTED_EDGE('',*,*,#3339,.F.);
#4480 = ORIENTED_EDGE('',*,*,#1779,.T.);
#4481 = PLANE('',#4482);
#4482 = AXIS2_PLACEMENT_3D('',#4483,#4484,#4485);
#4483 = CARTESIAN_POINT('',(-0.568220358214,-3.25,0.5));
#4484 = DIRECTION('',(-0.798017078659,0.602634833185,0.));
#4485 = DIRECTION('',(-0.602634833185,-0.798017078659,0.));
#4486 = ADVANCED_FACE('',(#4487),#4498,.F.);
#4487 = FACE_BOUND('',#4488,.T.);
#4488 = EDGE_LOOP('',(#4489,#4490,#4491,#4492));
#4489 = ORIENTED_EDGE('',*,*,#2903,.T.);
#4490 = ORIENTED_EDGE('',*,*,#1732,.F.);
#4491 = ORIENTED_EDGE('',*,*,#3355,.F.);
#4492 = ORIENTED_EDGE('',*,*,#4493,.T.);
#4493 = EDGE_CURVE('',#3348,#2904,#4494,.T.);
#4494 = LINE('',#4495,#4496);
#4495 = CARTESIAN_POINT('',(0.431779641786,-3.25,0.5));
#4496 = VECTOR('',#4497,1.);
#4497 = DIRECTION('',(0.,0.,-1.));
#4498 = PLANE('',#4499);
#4499 = AXIS2_PLACEMENT_3D('',#4500,#4501,#4502);
#4500 = CARTESIAN_POINT('',(0.431779641786,-3.25,0.5));
#4501 = DIRECTION('',(0.787999316785,0.61567611351,0.));
#4502 = DIRECTION('',(-0.61567611351,0.787999316785,0.));
#4503 = ADVANCED_FACE('',(#4504),#4510,.F.);
#4504 = FACE_BOUND('',#4505,.T.);
#4505 = EDGE_LOOP('',(#4506,#4507,#4508,#4509));
#4506 = ORIENTED_EDGE('',*,*,#2911,.T.);
#4507 = ORIENTED_EDGE('',*,*,#4493,.F.);
#4508 = ORIENTED_EDGE('',*,*,#3347,.F.);
#4509 = ORIENTED_EDGE('',*,*,#4474,.T.);
#4510 = PLANE('',#4511);
#4511 = AXIS2_PLACEMENT_3D('',#4512,#4513,#4514);
#4512 = CARTESIAN_POINT('',(-0.568220358214,-3.25,0.5));
#4513 = DIRECTION('',(-6.982962677686E-15,1.,0.));
#4514 = DIRECTION('',(0.,0.,-1.));
#4515 = ADVANCED_FACE('',(#4516),#4532,.F.);
#4516 = FACE_BOUND('',#4517,.T.);
#4517 = EDGE_LOOP('',(#4518,#4519,#4525,#4526));
#4518 = ORIENTED_EDGE('',*,*,#2813,.T.);
#4519 = ORIENTED_EDGE('',*,*,#4520,.F.);
#4520 = EDGE_CURVE('',#559,#2816,#4521,.T.);
#4521 = LINE('',#4522,#4523);
#4522 = CARTESIAN_POINT('',(-0.568220358214,3.25,0.5));
#4523 = VECTOR('',#4524,1.);
#4524 = DIRECTION('',(0.,0.,-1.));
#4525 = ORIENTED_EDGE('',*,*,#558,.F.);
#4526 = ORIENTED_EDGE('',*,*,#4527,.T.);
#4527 = EDGE_CURVE('',#551,#2814,#4528,.T.);
#4528 = LINE('',#4529,#4530);
#4529 = CARTESIAN_POINT('',(0.431779641786,3.25,0.5));
#4530 = VECTOR('',#4531,1.);
#4531 = DIRECTION('',(0.,0.,-1.));
#4532 = PLANE('',#4533);
#4533 = AXIS2_PLACEMENT_3D('',#4534,#4535,#4536);
#4534 = CARTESIAN_POINT('',(-0.568220358214,3.25,0.5));
#4535 = DIRECTION('',(6.982962677686E-15,-1.,0.));
#4536 = DIRECTION('',(0.,0.,1.));
#4537 = ADVANCED_FACE('',(#4538),#4544,.F.);
#4538 = FACE_BOUND('',#4539,.T.);
#4539 = EDGE_LOOP('',(#4540,#4541,#4542,#4543));
#4540 = ORIENTED_EDGE('',*,*,#2823,.T.);
#4541 = ORIENTED_EDGE('',*,*,#4527,.F.);
#4542 = ORIENTED_EDGE('',*,*,#550,.F.);
#4543 = ORIENTED_EDGE('',*,*,#2175,.T.);
#4544 = PLANE('',#4545);
#4545 = AXIS2_PLACEMENT_3D('',#4546,#4547,#4548);
#4546 = CARTESIAN_POINT('',(0.431779641786,3.25,0.5));
#4547 = DIRECTION('',(0.787999316785,-0.61567611351,0.));
#4548 = DIRECTION('',(0.61567611351,0.787999316785,0.));
#4549 = ADVANCED_FACE('',(#4550),#4556,.F.);
#4550 = FACE_BOUND('',#4551,.T.);
#4551 = EDGE_LOOP('',(#4552,#4553,#4554,#4555));
#4552 = ORIENTED_EDGE('',*,*,#2999,.T.);
#4553 = ORIENTED_EDGE('',*,*,#1903,.F.);
#4554 = ORIENTED_EDGE('',*,*,#566,.F.);
#4555 = ORIENTED_EDGE('',*,*,#4520,.T.);
#4556 = PLANE('',#4557);
#4557 = AXIS2_PLACEMENT_3D('',#4558,#4559,#4560);
#4558 = CARTESIAN_POINT('',(-0.568220358214,3.25,0.5));
#4559 = DIRECTION('',(-0.798017078659,-0.602634833185,0.));
#4560 = DIRECTION('',(0.602634833185,-0.798017078659,0.));
#4561 = ADVANCED_FACE('',(#4562),#4568,.F.);
#4562 = FACE_BOUND('',#4563,.T.);
#4563 = EDGE_LOOP('',(#4564,#4565,#4566,#4567));
#4564 = ORIENTED_EDGE('',*,*,#1857,.T.);
#4565 = ORIENTED_EDGE('',*,*,#2456,.F.);
#4566 = ORIENTED_EDGE('',*,*,#431,.F.);
#4567 = ORIENTED_EDGE('',*,*,#2473,.T.);
#4568 = PLANE('',#4569);
#4569 = AXIS2_PLACEMENT_3D('',#4570,#4571,#4572);
#4570 = CARTESIAN_POINT('',(1.325058822779,3.74,1.160641981292));
#4571 = DIRECTION('',(0.,0.,1.));
#4572 = DIRECTION('',(-1.,-6.982962677686E-15,0.));
#4573 = ADVANCED_FACE('',(#4574),#4585,.F.);
#4574 = FACE_BOUND('',#4575,.T.);
#4575 = EDGE_LOOP('',(#4576,#4577,#4578,#4579));
#4576 = ORIENTED_EDGE('',*,*,#1888,.T.);
#4577 = ORIENTED_EDGE('',*,*,#2490,.F.);
#4578 = ORIENTED_EDGE('',*,*,#503,.F.);
#4579 = ORIENTED_EDGE('',*,*,#4580,.T.);
#4580 = EDGE_CURVE('',#496,#1889,#4581,.T.);
#4581 = LINE('',#4582,#4583);
#4582 = CARTESIAN_POINT('',(-0.270095923109,3.74,0.7411989007));
#4583 = VECTOR('',#4584,1.);
#4584 = DIRECTION('',(-6.982962677686E-15,1.,-0.));
#4585 = PLANE('',#4586);
#4586 = AXIS2_PLACEMENT_3D('',#4587,#4588,#4589);
#4587 = CARTESIAN_POINT('',(-0.270095923109,3.74,0.7411989007));
#4588 = DIRECTION('',(0.,0.,-1.));
#4589 = DIRECTION('',(1.,6.982962677686E-15,0.));
#4590 = ADVANCED_FACE('',(#4591),#4597,.F.);
#4591 = FACE_BOUND('',#4592,.T.);
#4592 = EDGE_LOOP('',(#4593,#4594,#4595,#4596));
#4593 = ORIENTED_EDGE('',*,*,#1896,.T.);
#4594 = ORIENTED_EDGE('',*,*,#4580,.F.);
#4595 = ORIENTED_EDGE('',*,*,#495,.F.);
#4596 = ORIENTED_EDGE('',*,*,#582,.T.);
#4597 = PLANE('',#4598);
#4598 = AXIS2_PLACEMENT_3D('',#4599,#4600,#4601);
#4599 = CARTESIAN_POINT('',(-0.270095923109,3.74,0.7411989007));
#4600 = DIRECTION('',(-1.,-6.982962677686E-15,0.));
#4601 = DIRECTION('',(0.,-0.,-1.));
#4602 = ADVANCED_FACE('',(#4603),#4614,.F.);
#4603 = FACE_BOUND('',#4604,.T.);
#4604 = EDGE_LOOP('',(#4605,#4606,#4607,#4608));
#4605 = ORIENTED_EDGE('',*,*,#2182,.T.);
#4606 = ORIENTED_EDGE('',*,*,#534,.F.);
#4607 = ORIENTED_EDGE('',*,*,#367,.F.);
#4608 = ORIENTED_EDGE('',*,*,#4609,.T.);
#4609 = EDGE_CURVE('',#360,#2183,#4610,.T.);
#4610 = LINE('',#4611,#4612);
#4611 = CARTESIAN_POINT('',(0.278039920847,3.74,0.7411989007));
#4612 = VECTOR('',#4613,1.);
#4613 = DIRECTION('',(-6.982962677686E-15,1.,-0.));
#4614 = PLANE('',#4615);
#4615 = AXIS2_PLACEMENT_3D('',#4616,#4617,#4618);
#4616 = CARTESIAN_POINT('',(0.278039920847,3.74,0.7411989007));
#4617 = DIRECTION('',(1.,6.982962677686E-15,-0.));
#4618 = DIRECTION('',(0.,0.,1.));
#4619 = ADVANCED_FACE('',(#4620),#4626,.F.);
#4620 = FACE_BOUND('',#4621,.T.);
#4621 = EDGE_LOOP('',(#4622,#4623,#4624,#4625));
#4622 = ORIENTED_EDGE('',*,*,#2190,.T.);
#4623 = ORIENTED_EDGE('',*,*,#4609,.F.);
#4624 = ORIENTED_EDGE('',*,*,#359,.F.);
#4625 = ORIENTED_EDGE('',*,*,#2439,.T.);
#4626 = PLANE('',#4627);
#4627 = AXIS2_PLACEMENT_3D('',#4628,#4629,#4630);
#4628 = CARTESIAN_POINT('',(1.935157849095,3.74,0.7411989007));
#4629 = DIRECTION('',(0.,0.,-1.));
#4630 = DIRECTION('',(1.,6.982962677686E-15,0.));
#4631 = ADVANCED_FACE('',(#4632),#4643,.T.);
#4632 = FACE_BOUND('',#4633,.T.);
#4633 = EDGE_LOOP('',(#4634,#4635,#4636,#4637));
#4634 = ORIENTED_EDGE('',*,*,#1708,.F.);
#4635 = ORIENTED_EDGE('',*,*,#2515,.F.);
#4636 = ORIENTED_EDGE('',*,*,#2613,.T.);
#4637 = ORIENTED_EDGE('',*,*,#4638,.T.);
#4638 = EDGE_CURVE('',#2606,#1709,#4639,.T.);
#4639 = LINE('',#4640,#4641);
#4640 = CARTESIAN_POINT('',(0.278039920847,-3.74,0.7411989007));
#4641 = VECTOR('',#4642,1.);
#4642 = DIRECTION('',(6.982962677686E-15,-1.,0.));
#4643 = PLANE('',#4644);
#4644 = AXIS2_PLACEMENT_3D('',#4645,#4646,#4647);
#4645 = CARTESIAN_POINT('',(1.935157849095,-3.74,0.7411989007));
#4646 = DIRECTION('',(0.,0.,1.));
#4647 = DIRECTION('',(-1.,-6.982962677686E-15,0.));
#4648 = ADVANCED_FACE('',(#4649),#4655,.T.);
#4649 = FACE_BOUND('',#4650,.T.);
#4650 = EDGE_LOOP('',(#4651,#4652,#4653,#4654));
#4651 = ORIENTED_EDGE('',*,*,#1716,.F.);
#4652 = ORIENTED_EDGE('',*,*,#4638,.F.);
#4653 = ORIENTED_EDGE('',*,*,#2605,.T.);
#4654 = ORIENTED_EDGE('',*,*,#3362,.T.);
#4655 = PLANE('',#4656);
#4656 = AXIS2_PLACEMENT_3D('',#4657,#4658,#4659);
#4657 = CARTESIAN_POINT('',(0.278039920847,-3.74,0.7411989007));
#4658 = DIRECTION('',(-1.,-6.982962677686E-15,0.));
#4659 = DIRECTION('',(0.,-0.,-1.));
#4660 = ADVANCED_FACE('',(#4661),#4672,.T.);
#4661 = FACE_BOUND('',#4662,.T.);
#4662 = EDGE_LOOP('',(#4663,#4664,#4665,#4666));
#4663 = ORIENTED_EDGE('',*,*,#1795,.F.);
#4664 = ORIENTED_EDGE('',*,*,#3332,.F.);
#4665 = ORIENTED_EDGE('',*,*,#1629,.T.);
#4666 = ORIENTED_EDGE('',*,*,#4667,.T.);
#4667 = EDGE_CURVE('',#1622,#1796,#4668,.T.);
#4668 = LINE('',#4669,#4670);
#4669 = CARTESIAN_POINT('',(-0.270095923108,-3.74,0.7411989007));
#4670 = VECTOR('',#4671,1.);
#4671 = DIRECTION('',(6.982962677686E-15,-1.,0.));
#4672 = PLANE('',#4673);
#4673 = AXIS2_PLACEMENT_3D('',#4674,#4675,#4676);
#4674 = CARTESIAN_POINT('',(-0.270095923108,-3.74,0.7411989007));
#4675 = DIRECTION('',(1.,6.982962677686E-15,-0.));
#4676 = DIRECTION('',(0.,0.,1.));
#4677 = ADVANCED_FACE('',(#4678),#4684,.T.);
#4678 = FACE_BOUND('',#4679,.T.);
#4679 = EDGE_LOOP('',(#4680,#4681,#4682,#4683));
#4680 = ORIENTED_EDGE('',*,*,#1803,.F.);
#4681 = ORIENTED_EDGE('',*,*,#4667,.F.);
#4682 = ORIENTED_EDGE('',*,*,#1621,.T.);
#4683 = ORIENTED_EDGE('',*,*,#2532,.T.);
#4684 = PLANE('',#4685);
#4685 = AXIS2_PLACEMENT_3D('',#4686,#4687,#4688);
#4686 = CARTESIAN_POINT('',(-0.270095923108,-3.74,0.7411989007));
#4687 = DIRECTION('',(0.,0.,1.));
#4688 = DIRECTION('',(-1.,-6.982962677686E-15,0.));
#4689 = ADVANCED_FACE('',(#4690),#4696,.T.);
#4690 = FACE_BOUND('',#4691,.T.);
#4691 = EDGE_LOOP('',(#4692,#4693,#4694,#4695));
#4692 = ORIENTED_EDGE('',*,*,#1834,.F.);
#4693 = ORIENTED_EDGE('',*,*,#2549,.F.);
#4694 = ORIENTED_EDGE('',*,*,#1668,.T.);
#4695 = ORIENTED_EDGE('',*,*,#2566,.T.);
#4696 = PLANE('',#4697);
#4697 = AXIS2_PLACEMENT_3D('',#4698,#4699,#4700);
#4698 = CARTESIAN_POINT('',(1.325058822779,-3.74,1.160641981292));
#4699 = DIRECTION('',(0.,0.,-1.));
#4700 = DIRECTION('',(1.,6.982962677686E-15,0.));
#4701 = ADVANCED_FACE('',(#4702),#4727,.T.);
#4702 = FACE_BOUND('',#4703,.T.);
#4703 = EDGE_LOOP('',(#4704,#4705,#4713,#4721));
#4704 = ORIENTED_EDGE('',*,*,#3007,.F.);
#4705 = ORIENTED_EDGE('',*,*,#4706,.F.);
#4706 = EDGE_CURVE('',#4707,#3008,#4709,.T.);
#4707 = VERTEX_POINT('',#4708);
#4708 = CARTESIAN_POINT('',(-0.834358652537,0.276329449211,1.E-02));
#4709 = LINE('',#4710,#4711);
#4710 = CARTESIAN_POINT('',(-0.834358652537,0.276329449211,1.E-02));
#4711 = VECTOR('',#4712,1.);
#4712 = DIRECTION('',(0.,0.,-1.));
#4713 = ORIENTED_EDGE('',*,*,#4714,.T.);
#4714 = EDGE_CURVE('',#4707,#4715,#4717,.T.);
#4715 = VERTEX_POINT('',#4716);
#4716 = CARTESIAN_POINT('',(-0.834358652537,0.342183107747,1.E-02));
#4717 = LINE('',#4718,#4719);
#4718 = CARTESIAN_POINT('',(-0.834358652537,0.276329449211,1.E-02));
#4719 = VECTOR('',#4720,1.);
#4720 = DIRECTION('',(-6.982962677686E-15,1.,0.));
#4721 = ORIENTED_EDGE('',*,*,#4722,.T.);
#4722 = EDGE_CURVE('',#4715,#3010,#4723,.T.);
#4723 = LINE('',#4724,#4725);
#4724 = CARTESIAN_POINT('',(-0.834358652537,0.342183107747,1.E-02));
#4725 = VECTOR('',#4726,1.);
#4726 = DIRECTION('',(0.,0.,-1.));
#4727 = PLANE('',#4728);
#4728 = AXIS2_PLACEMENT_3D('',#4729,#4730,#4731);
#4729 = CARTESIAN_POINT('',(-0.834358652537,0.276329449211,1.E-02));
#4730 = DIRECTION('',(-1.,-6.982962677686E-15,-0.));
#4731 = DIRECTION('',(0.,0.,-1.));
#4732 = ADVANCED_FACE('',(#4733),#4751,.T.);
#4733 = FACE_BOUND('',#4734,.T.);
#4734 = EDGE_LOOP('',(#4735,#4736,#4737,#4745));
#4735 = ORIENTED_EDGE('',*,*,#3017,.F.);
#4736 = ORIENTED_EDGE('',*,*,#4722,.F.);
#4737 = ORIENTED_EDGE('',*,*,#4738,.T.);
#4738 = EDGE_CURVE('',#4715,#4739,#4741,.T.);
#4739 = VERTEX_POINT('',#4740);
#4740 = CARTESIAN_POINT('',(-1.141675725707,0.342183107747,1.E-02));
#4741 = LINE('',#4742,#4743);
#4742 = CARTESIAN_POINT('',(-0.834358652537,0.342183107747,1.E-02));
#4743 = VECTOR('',#4744,1.);
#4744 = DIRECTION('',(-1.,-6.982962677686E-15,0.));
#4745 = ORIENTED_EDGE('',*,*,#4746,.T.);
#4746 = EDGE_CURVE('',#4739,#3018,#4747,.T.);
#4747 = LINE('',#4748,#4749);
#4748 = CARTESIAN_POINT('',(-1.141675725707,0.342183107747,1.E-02));
#4749 = VECTOR('',#4750,1.);
#4750 = DIRECTION('',(0.,0.,-1.));
#4751 = PLANE('',#4752);
#4752 = AXIS2_PLACEMENT_3D('',#4753,#4754,#4755);
#4753 = CARTESIAN_POINT('',(-0.834358652537,0.342183107747,1.E-02));
#4754 = DIRECTION('',(6.982962677686E-15,-1.,0.));
#4755 = DIRECTION('',(0.,0.,1.));
#4756 = ADVANCED_FACE('',(#4757),#4775,.T.);
#4757 = FACE_BOUND('',#4758,.T.);
#4758 = EDGE_LOOP('',(#4759,#4760,#4761,#4769));
#4759 = ORIENTED_EDGE('',*,*,#3025,.F.);
#4760 = ORIENTED_EDGE('',*,*,#4746,.F.);
#4761 = ORIENTED_EDGE('',*,*,#4762,.T.);
#4762 = EDGE_CURVE('',#4739,#4763,#4765,.T.);
#4763 = VERTEX_POINT('',#4764);
#4764 = CARTESIAN_POINT('',(-1.141675725707,-0.257816892253,1.E-02));
#4765 = LINE('',#4766,#4767);
#4766 = CARTESIAN_POINT('',(-1.141675725707,0.342183107747,1.E-02));
#4767 = VECTOR('',#4768,1.);
#4768 = DIRECTION('',(6.982962677686E-15,-1.,0.));
#4769 = ORIENTED_EDGE('',*,*,#4770,.T.);
#4770 = EDGE_CURVE('',#4763,#3026,#4771,.T.);
#4771 = LINE('',#4772,#4773);
#4772 = CARTESIAN_POINT('',(-1.141675725707,-0.257816892253,1.E-02));
#4773 = VECTOR('',#4774,1.);
#4774 = DIRECTION('',(0.,0.,-1.));
#4775 = PLANE('',#4776);
#4776 = AXIS2_PLACEMENT_3D('',#4777,#4778,#4779);
#4777 = CARTESIAN_POINT('',(-1.141675725707,0.342183107747,1.E-02));
#4778 = DIRECTION('',(1.,6.982962677686E-15,-0.));
#4779 = DIRECTION('',(0.,0.,1.));
#4780 = ADVANCED_FACE('',(#4781),#4799,.T.);
#4781 = FACE_BOUND('',#4782,.T.);
#4782 = EDGE_LOOP('',(#4783,#4784,#4785,#4793));
#4783 = ORIENTED_EDGE('',*,*,#3033,.F.);
#4784 = ORIENTED_EDGE('',*,*,#4770,.F.);
#4785 = ORIENTED_EDGE('',*,*,#4786,.T.);
#4786 = EDGE_CURVE('',#4763,#4787,#4789,.T.);
#4787 = VERTEX_POINT('',#4788);
#4788 = CARTESIAN_POINT('',(-1.061187920829,-0.257816892253,1.E-02));
#4789 = LINE('',#4790,#4791);
#4790 = CARTESIAN_POINT('',(-1.141675725707,-0.257816892253,1.E-02));
#4791 = VECTOR('',#4792,1.);
#4792 = DIRECTION('',(1.,6.982962677686E-15,0.));
#4793 = ORIENTED_EDGE('',*,*,#4794,.T.);
#4794 = EDGE_CURVE('',#4787,#3034,#4795,.T.);
#4795 = LINE('',#4796,#4797);
#4796 = CARTESIAN_POINT('',(-1.061187920829,-0.257816892253,1.E-02));
#4797 = VECTOR('',#4798,1.);
#4798 = DIRECTION('',(0.,0.,-1.));
#4799 = PLANE('',#4800);
#4800 = AXIS2_PLACEMENT_3D('',#4801,#4802,#4803);
#4801 = CARTESIAN_POINT('',(-1.141675725707,-0.257816892253,1.E-02));
#4802 = DIRECTION('',(-6.982962677686E-15,1.,0.));
#4803 = DIRECTION('',(0.,0.,-1.));
#4804 = ADVANCED_FACE('',(#4805),#4823,.T.);
#4805 = FACE_BOUND('',#4806,.T.);
#4806 = EDGE_LOOP('',(#4807,#4808,#4809,#4817));
#4807 = ORIENTED_EDGE('',*,*,#3041,.F.);
#4808 = ORIENTED_EDGE('',*,*,#4794,.F.);
#4809 = ORIENTED_EDGE('',*,*,#4810,.T.);
#4810 = EDGE_CURVE('',#4787,#4811,#4813,.T.);
#4811 = VERTEX_POINT('',#4812);
#4812 = CARTESIAN_POINT('',(-1.061187920829,0.276329449211,1.E-02));
#4813 = LINE('',#4814,#4815);
#4814 = CARTESIAN_POINT('',(-1.061187920829,-0.257816892253,1.E-02));
#4815 = VECTOR('',#4816,1.);
#4816 = DIRECTION('',(-6.982962677686E-15,1.,0.));
#4817 = ORIENTED_EDGE('',*,*,#4818,.T.);
#4818 = EDGE_CURVE('',#4811,#3042,#4819,.T.);
#4819 = LINE('',#4820,#4821);
#4820 = CARTESIAN_POINT('',(-1.061187920829,0.276329449211,1.E-02));
#4821 = VECTOR('',#4822,1.);
#4822 = DIRECTION('',(0.,0.,-1.));
#4823 = PLANE('',#4824);
#4824 = AXIS2_PLACEMENT_3D('',#4825,#4826,#4827);
#4825 = CARTESIAN_POINT('',(-1.061187920829,-0.257816892253,1.E-02));
#4826 = DIRECTION('',(-1.,-6.982962677686E-15,-0.));
#4827 = DIRECTION('',(0.,0.,-1.));
#4828 = ADVANCED_FACE('',(#4829),#4840,.T.);
#4829 = FACE_BOUND('',#4830,.T.);
#4830 = EDGE_LOOP('',(#4831,#4832,#4833,#4839));
#4831 = ORIENTED_EDGE('',*,*,#3049,.F.);
#4832 = ORIENTED_EDGE('',*,*,#4818,.F.);
#4833 = ORIENTED_EDGE('',*,*,#4834,.T.);
#4834 = EDGE_CURVE('',#4811,#4707,#4835,.T.);
#4835 = LINE('',#4836,#4837);
#4836 = CARTESIAN_POINT('',(-1.061187920829,0.276329449211,1.E-02));
#4837 = VECTOR('',#4838,1.);
#4838 = DIRECTION('',(1.,6.982962677686E-15,0.));
#4839 = ORIENTED_EDGE('',*,*,#4706,.T.);
#4840 = PLANE('',#4841);
#4841 = AXIS2_PLACEMENT_3D('',#4842,#4843,#4844);
#4842 = CARTESIAN_POINT('',(-1.061187920829,0.276329449211,1.E-02));
#4843 = DIRECTION('',(-6.982962677686E-15,1.,0.));
#4844 = DIRECTION('',(0.,0.,-1.));
#4845 = ADVANCED_FACE('',(#4846),#4854,.F.);
#4846 = FACE_BOUND('',#4847,.T.);
#4847 = EDGE_LOOP('',(#4848,#4849,#4850,#4851,#4852,#4853));
#4848 = ORIENTED_EDGE('',*,*,#4714,.F.);
#4849 = ORIENTED_EDGE('',*,*,#4834,.F.);
#4850 = ORIENTED_EDGE('',*,*,#4810,.F.);
#4851 = ORIENTED_EDGE('',*,*,#4786,.F.);
#4852 = ORIENTED_EDGE('',*,*,#4762,.F.);
#4853 = ORIENTED_EDGE('',*,*,#4738,.F.);
#4854 = PLANE('',#4855);
#4855 = AXIS2_PLACEMENT_3D('',#4856,#4857,#4858);
#4856 = CARTESIAN_POINT('',(0.,0.,1.E-02));
#4857 = DIRECTION('',(0.,0.,1.));
#4858 = DIRECTION('',(-1.,-6.982962677686E-15,0.));
#4859 = ADVANCED_FACE('',(#4860),#4885,.T.);
#4860 = FACE_BOUND('',#4861,.T.);
#4861 = EDGE_LOOP('',(#4862,#4863,#4871,#4879));
#4862 = ORIENTED_EDGE('',*,*,#2747,.F.);
#4863 = ORIENTED_EDGE('',*,*,#4864,.F.);
#4864 = EDGE_CURVE('',#4865,#2748,#4867,.T.);
#4865 = VERTEX_POINT('',#4866);
#4866 = CARTESIAN_POINT('',(1.053446225512,-0.257816892253,1.E-02));
#4867 = LINE('',#4868,#4869);
#4868 = CARTESIAN_POINT('',(1.053446225512,-0.257816892253,1.E-02));
#4869 = VECTOR('',#4870,1.);
#4870 = DIRECTION('',(0.,0.,-1.));
#4871 = ORIENTED_EDGE('',*,*,#4872,.T.);
#4872 = EDGE_CURVE('',#4865,#4873,#4875,.T.);
#4873 = VERTEX_POINT('',#4874);
#4874 = CARTESIAN_POINT('',(1.287592566975,0.342183107747,1.E-02));
#4875 = LINE('',#4876,#4877);
#4876 = CARTESIAN_POINT('',(1.053446225512,-0.257816892253,1.E-02));
#4877 = VECTOR('',#4878,1.);
#4878 = DIRECTION('',(0.363542485653,0.931577619485,0.));
#4879 = ORIENTED_EDGE('',*,*,#4880,.T.);
#4880 = EDGE_CURVE('',#4873,#2750,#4881,.T.);
#4881 = LINE('',#4882,#4883);
#4882 = CARTESIAN_POINT('',(1.287592566975,0.342183107747,1.E-02));
#4883 = VECTOR('',#4884,1.);
#4884 = DIRECTION('',(0.,0.,-1.));
#4885 = PLANE('',#4886);
#4886 = AXIS2_PLACEMENT_3D('',#4887,#4888,#4889);
#4887 = CARTESIAN_POINT('',(1.053446225512,-0.257816892253,1.E-02));
#4888 = DIRECTION('',(-0.931577619485,0.363542485653,0.));
#4889 = DIRECTION('',(-0.363542485653,-0.931577619485,0.));
#4890 = ADVANCED_FACE('',(#4891),#4909,.T.);
#4891 = FACE_BOUND('',#4892,.T.);
#4892 = EDGE_LOOP('',(#4893,#4894,#4895,#4903));
#4893 = ORIENTED_EDGE('',*,*,#2757,.F.);
#4894 = ORIENTED_EDGE('',*,*,#4880,.F.);
#4895 = ORIENTED_EDGE('',*,*,#4896,.T.);
#4896 = EDGE_CURVE('',#4873,#4897,#4899,.T.);
#4897 = VERTEX_POINT('',#4898);
#4898 = CARTESIAN_POINT('',(1.199787688927,0.342183107747,1.E-02));
#4899 = LINE('',#4900,#4901);
#4900 = CARTESIAN_POINT('',(1.287592566975,0.342183107747,1.E-02));
#4901 = VECTOR('',#4902,1.);
#4902 = DIRECTION('',(-1.,-6.982962677686E-15,0.));
#4903 = ORIENTED_EDGE('',*,*,#4904,.T.);
#4904 = EDGE_CURVE('',#4897,#2758,#4905,.T.);
#4905 = LINE('',#4906,#4907);
#4906 = CARTESIAN_POINT('',(1.199787688927,0.342183107747,1.E-02));
#4907 = VECTOR('',#4908,1.);
#4908 = DIRECTION('',(0.,0.,-1.));
#4909 = PLANE('',#4910);
#4910 = AXIS2_PLACEMENT_3D('',#4911,#4912,#4913);
#4911 = CARTESIAN_POINT('',(1.287592566975,0.342183107747,1.E-02));
#4912 = DIRECTION('',(6.982962677686E-15,-1.,0.));
#4913 = DIRECTION('',(0.,0.,1.));
#4914 = ADVANCED_FACE('',(#4915),#4933,.T.);
#4915 = FACE_BOUND('',#4916,.T.);
#4916 = EDGE_LOOP('',(#4917,#4918,#4919,#4927));
#4917 = ORIENTED_EDGE('',*,*,#2765,.F.);
#4918 = ORIENTED_EDGE('',*,*,#4904,.F.);
#4919 = ORIENTED_EDGE('',*,*,#4920,.T.);
#4920 = EDGE_CURVE('',#4897,#4921,#4923,.T.);
#4921 = VERTEX_POINT('',#4922);
#4922 = CARTESIAN_POINT('',(1.139078847463,0.173890424821,1.E-02));
#4923 = LINE('',#4924,#4925);
#4924 = CARTESIAN_POINT('',(1.199787688927,0.342183107747,1.E-02));
#4925 = VECTOR('',#4926,1.);
#4926 = DIRECTION('',(-0.339330377275,-0.940667260544,0.));
#4927 = ORIENTED_EDGE('',*,*,#4928,.T.);
#4928 = EDGE_CURVE('',#4921,#2766,#4929,.T.);
#4929 = LINE('',#4930,#4931);
#4930 = CARTESIAN_POINT('',(1.139078847463,0.173890424821,1.E-02));
#4931 = VECTOR('',#4932,1.);
#4932 = DIRECTION('',(0.,0.,-1.));
#4933 = PLANE('',#4934);
#4934 = AXIS2_PLACEMENT_3D('',#4935,#4936,#4937);
#4935 = CARTESIAN_POINT('',(1.199787688927,0.342183107747,1.E-02));
#4936 = DIRECTION('',(0.940667260544,-0.339330377275,0.));
#4937 = DIRECTION('',(0.339330377275,0.940667260544,0.));
#4938 = ADVANCED_FACE('',(#4939),#4957,.T.);
#4939 = FACE_BOUND('',#4940,.T.);
#4940 = EDGE_LOOP('',(#4941,#4942,#4943,#4951));
#4941 = ORIENTED_EDGE('',*,*,#2773,.F.);
#4942 = ORIENTED_EDGE('',*,*,#4928,.F.);
#4943 = ORIENTED_EDGE('',*,*,#4944,.T.);
#4944 = EDGE_CURVE('',#4921,#4945,#4947,.T.);
#4945 = VERTEX_POINT('',#4946);
#4946 = CARTESIAN_POINT('',(0.891212993805,0.173890424821,1.E-02));
#4947 = LINE('',#4948,#4949);
#4948 = CARTESIAN_POINT('',(1.139078847463,0.173890424821,1.E-02));
#4949 = VECTOR('',#4950,1.);
#4950 = DIRECTION('',(-1.,-6.982962677686E-15,0.));
#4951 = ORIENTED_EDGE('',*,*,#4952,.T.);
#4952 = EDGE_CURVE('',#4945,#2774,#4953,.T.);
#4953 = LINE('',#4954,#4955);
#4954 = CARTESIAN_POINT('',(0.891212993805,0.173890424821,1.E-02));
#4955 = VECTOR('',#4956,1.);
#4956 = DIRECTION('',(0.,0.,-1.));
#4957 = PLANE('',#4958);
#4958 = AXIS2_PLACEMENT_3D('',#4959,#4960,#4961);
#4959 = CARTESIAN_POINT('',(1.139078847463,0.173890424821,1.E-02));
#4960 = DIRECTION('',(6.982962677686E-15,-1.,0.));
#4961 = DIRECTION('',(0.,0.,1.));
#4962 = ADVANCED_FACE('',(#4963),#4981,.T.);
#4963 = FACE_BOUND('',#4964,.T.);
#4964 = EDGE_LOOP('',(#4965,#4966,#4967,#4975));
#4965 = ORIENTED_EDGE('',*,*,#2781,.F.);
#4966 = ORIENTED_EDGE('',*,*,#4952,.F.);
#4967 = ORIENTED_EDGE('',*,*,#4968,.T.);
#4968 = EDGE_CURVE('',#4945,#4969,#4971,.T.);
#4969 = VERTEX_POINT('',#4970);
#4970 = CARTESIAN_POINT('',(0.83393403039,0.342183107747,1.E-02));
#4971 = LINE('',#4972,#4973);
#4972 = CARTESIAN_POINT('',(0.891212993805,0.173890424821,1.E-02));
#4973 = VECTOR('',#4974,1.);
#4974 = DIRECTION('',(-0.322202485606,0.946670776072,0.));
#4975 = ORIENTED_EDGE('',*,*,#4976,.T.);
#4976 = EDGE_CURVE('',#4969,#2782,#4977,.T.);
#4977 = LINE('',#4978,#4979);
#4978 = CARTESIAN_POINT('',(0.83393403039,0.342183107747,1.E-02));
#4979 = VECTOR('',#4980,1.);
#4980 = DIRECTION('',(0.,0.,-1.));
#4981 = PLANE('',#4982);
#4982 = AXIS2_PLACEMENT_3D('',#4983,#4984,#4985);
#4983 = CARTESIAN_POINT('',(0.891212993805,0.173890424821,1.E-02));
#4984 = DIRECTION('',(-0.946670776072,-0.322202485606,0.));
#4985 = DIRECTION('',(0.322202485606,-0.946670776072,0.));
#4986 = ADVANCED_FACE('',(#4987),#5005,.T.);
#4987 = FACE_BOUND('',#4988,.T.);
#4988 = EDGE_LOOP('',(#4989,#4990,#4991,#4999));
#4989 = ORIENTED_EDGE('',*,*,#2789,.F.);
#4990 = ORIENTED_EDGE('',*,*,#4976,.F.);
#4991 = ORIENTED_EDGE('',*,*,#4992,.T.);
#4992 = EDGE_CURVE('',#4969,#4993,#4995,.T.);
#4993 = VERTEX_POINT('',#4994);
#4994 = CARTESIAN_POINT('',(0.746129152341,0.342183107747,1.E-02));
#4995 = LINE('',#4996,#4997);
#4996 = CARTESIAN_POINT('',(0.83393403039,0.342183107747,1.E-02));
#4997 = VECTOR('',#4998,1.);
#4998 = DIRECTION('',(-1.,-6.982962677686E-15,0.));
#4999 = ORIENTED_EDGE('',*,*,#5000,.T.);
#5000 = EDGE_CURVE('',#4993,#2790,#5001,.T.);
#5001 = LINE('',#5002,#5003);
#5002 = CARTESIAN_POINT('',(0.746129152341,0.342183107747,1.E-02));
#5003 = VECTOR('',#5004,1.);
#5004 = DIRECTION('',(0.,0.,-1.));
#5005 = PLANE('',#5006);
#5006 = AXIS2_PLACEMENT_3D('',#5007,#5008,#5009);
#5007 = CARTESIAN_POINT('',(0.83393403039,0.342183107747,1.E-02));
#5008 = DIRECTION('',(6.982962677686E-15,-1.,0.));
#5009 = DIRECTION('',(0.,0.,1.));
#5010 = ADVANCED_FACE('',(#5011),#5029,.T.);
#5011 = FACE_BOUND('',#5012,.T.);
#5012 = EDGE_LOOP('',(#5013,#5014,#5015,#5023));
#5013 = ORIENTED_EDGE('',*,*,#2797,.F.);
#5014 = ORIENTED_EDGE('',*,*,#5000,.F.);
#5015 = ORIENTED_EDGE('',*,*,#5016,.T.);
#5016 = EDGE_CURVE('',#4993,#5017,#5019,.T.);
#5017 = VERTEX_POINT('',#5018);
#5018 = CARTESIAN_POINT('',(0.972958420634,-0.257816892253,1.E-02));
#5019 = LINE('',#5020,#5021);
#5020 = CARTESIAN_POINT('',(0.746129152341,0.342183107747,1.E-02));
#5021 = VECTOR('',#5022,1.);
#5022 = DIRECTION('',(0.353622392329,-0.93538826358,0.));
#5023 = ORIENTED_EDGE('',*,*,#5024,.T.);
#5024 = EDGE_CURVE('',#5017,#2798,#5025,.T.);
#5025 = LINE('',#5026,#5027);
#5026 = CARTESIAN_POINT('',(0.972958420634,-0.257816892253,1.E-02));
#5027 = VECTOR('',#5028,1.);
#5028 = DIRECTION('',(0.,0.,-1.));
#5029 = PLANE('',#5030);
#5030 = AXIS2_PLACEMENT_3D('',#5031,#5032,#5033);
#5031 = CARTESIAN_POINT('',(0.746129152341,0.342183107747,1.E-02));
#5032 = DIRECTION('',(0.93538826358,0.353622392329,0.));
#5033 = DIRECTION('',(-0.353622392329,0.93538826358,0.));
#5034 = ADVANCED_FACE('',(#5035),#5046,.T.);
#5035 = FACE_BOUND('',#5036,.T.);
#5036 = EDGE_LOOP('',(#5037,#5038,#5039,#5045));
#5037 = ORIENTED_EDGE('',*,*,#2805,.F.);
#5038 = ORIENTED_EDGE('',*,*,#5024,.F.);
#5039 = ORIENTED_EDGE('',*,*,#5040,.T.);
#5040 = EDGE_CURVE('',#5017,#4865,#5041,.T.);
#5041 = LINE('',#5042,#5043);
#5042 = CARTESIAN_POINT('',(0.972958420634,-0.257816892253,1.E-02));
#5043 = VECTOR('',#5044,1.);
#5044 = DIRECTION('',(1.,6.982962677686E-15,0.));
#5045 = ORIENTED_EDGE('',*,*,#4864,.T.);
#5046 = PLANE('',#5047);
#5047 = AXIS2_PLACEMENT_3D('',#5048,#5049,#5050);
#5048 = CARTESIAN_POINT('',(0.972958420634,-0.257816892253,1.E-02));
#5049 = DIRECTION('',(-6.982962677686E-15,1.,0.));
#5050 = DIRECTION('',(0.,0.,-1.));
#5051 = ADVANCED_FACE('',(#5052,#5110),#5120,.F.);
#5052 = FACE_BOUND('',#5053,.T.);
#5053 = EDGE_LOOP('',(#5054,#5064,#5072,#5084,#5092,#5104));
#5054 = ORIENTED_EDGE('',*,*,#5055,.F.);
#5055 = EDGE_CURVE('',#5056,#5058,#5060,.T.);
#5056 = VERTEX_POINT('',#5057);
#5057 = CARTESIAN_POINT('',(0.911449274293,0.108036766284,1.E-02));
#5058 = VERTEX_POINT('',#5059);
#5059 = CARTESIAN_POINT('',(1.112097140146,0.108036766284,1.E-02));
#5060 = LINE('',#5061,#5062);
#5061 = CARTESIAN_POINT('',(0.911449274293,0.108036766284,1.E-02));
#5062 = VECTOR('',#5063,1.);
#5063 = DIRECTION('',(1.,6.982962677686E-15,0.));
#5064 = ORIENTED_EDGE('',*,*,#5065,.F.);
#5065 = EDGE_CURVE('',#5066,#5056,#5068,.T.);
#5066 = VERTEX_POINT('',#5067);
#5067 = CARTESIAN_POINT('',(1.000969091366,-0.142572989813,1.E-02));
#5068 = LINE('',#5069,#5070);
#5069 = CARTESIAN_POINT('',(1.000969091366,-0.142572989813,1.E-02));
#5070 = VECTOR('',#5071,1.);
#5071 = DIRECTION('',(-0.336390827665,0.941722470297,0.));
#5072 = ORIENTED_EDGE('',*,*,#5073,.F.);
#5073 = EDGE_CURVE('',#5074,#5066,#5076,.T.);
#5074 = VERTEX_POINT('',#5075);
#5075 = CARTESIAN_POINT('',(1.010572749902,-0.184646160545,1.E-02));
#5076 = B_SPLINE_CURVE_WITH_KNOTS('',3,(#5077,#5078,#5079,#5080,#5081,
    #5082,#5083),.UNSPECIFIED.,.F.,.F.,(4,1,1,1,4),(0.,0.300541113159,
    0.567747146484,0.800033613737,1.),.UNSPECIFIED.);
#5077 = CARTESIAN_POINT('',(1.010572749902,-0.184646160545,1.E-02));
#5078 = CARTESIAN_POINT('',(1.009873100419,-0.180373625172,1.E-02));
#5079 = CARTESIAN_POINT('',(1.008551404383,-0.172302450681,1.E-02));
#5080 = CARTESIAN_POINT('',(1.006320311459,-0.160993064206,1.E-02));
#5081 = CARTESIAN_POINT('',(1.003836227105,-0.151219177472,1.E-02));
#5082 = CARTESIAN_POINT('',(1.001875945724,-0.145307716618,1.E-02));
#5083 = CARTESIAN_POINT('',(1.000969091366,-0.142572989813,1.E-02));
#5084 = ORIENTED_EDGE('',*,*,#5085,.F.);
#5085 = EDGE_CURVE('',#5086,#5074,#5088,.T.);
#5086 = VERTEX_POINT('',#5087);
#5087 = CARTESIAN_POINT('',(1.012516347463,-0.184646160545,1.E-02));
#5088 = LINE('',#5089,#5090);
#5089 = CARTESIAN_POINT('',(1.012516347463,-0.184646160545,1.E-02));
#5090 = VECTOR('',#5091,1.);
#5091 = DIRECTION('',(-1.,-6.982962677686E-15,0.));
#5092 = ORIENTED_EDGE('',*,*,#5093,.F.);
#5093 = EDGE_CURVE('',#5094,#5086,#5096,.T.);
#5094 = VERTEX_POINT('',#5095);
#5095 = CARTESIAN_POINT('',(1.021777018195,-0.142572989813,1.E-02));
#5096 = B_SPLINE_CURVE_WITH_KNOTS('',3,(#5097,#5098,#5099,#5100,#5101,
    #5102,#5103),.UNSPECIFIED.,.F.,.F.,(4,1,1,1,4),(0.,0.174481715317,
    0.398285759128,0.673897847399,1.),.UNSPECIFIED.);
#5097 = CARTESIAN_POINT('',(1.021777018195,-0.142572989813,1.E-02));
#5098 = CARTESIAN_POINT('',(1.021028275121,-0.144966890485,1.E-02));
#5099 = CARTESIAN_POINT('',(1.019319134979,-0.150431397438,1.E-02));
#5100 = CARTESIAN_POINT('',(1.017079450198,-0.159862833182,1.E-02));
#5101 = CARTESIAN_POINT('',(1.014883579829,-0.171523024369,1.E-02));
#5102 = CARTESIAN_POINT('',(1.013348365065,-0.180033736163,1.E-02));
#5103 = CARTESIAN_POINT('',(1.012516347463,-0.184646160545,1.E-02));
#5104 = ORIENTED_EDGE('',*,*,#5105,.F.);
#5105 = EDGE_CURVE('',#5058,#5094,#5106,.T.);
#5106 = LINE('',#5107,#5108);
#5107 = CARTESIAN_POINT('',(1.112097140146,0.108036766284,1.E-02));
#5108 = VECTOR('',#5109,1.);
#5109 = DIRECTION('',(-0.339053795485,-0.940766986967,0.));
#5110 = FACE_BOUND('',#5111,.T.);
#5111 = EDGE_LOOP('',(#5112,#5113,#5114,#5115,#5116,#5117,#5118,#5119));
#5112 = ORIENTED_EDGE('',*,*,#4872,.F.);
#5113 = ORIENTED_EDGE('',*,*,#5040,.F.);
#5114 = ORIENTED_EDGE('',*,*,#5016,.F.);
#5115 = ORIENTED_EDGE('',*,*,#4992,.F.);
#5116 = ORIENTED_EDGE('',*,*,#4968,.F.);
#5117 = ORIENTED_EDGE('',*,*,#4944,.F.);
#5118 = ORIENTED_EDGE('',*,*,#4920,.F.);
#5119 = ORIENTED_EDGE('',*,*,#4896,.F.);
#5120 = PLANE('',#5121);
#5121 = AXIS2_PLACEMENT_3D('',#5122,#5123,#5124);
#5122 = CARTESIAN_POINT('',(0.,0.,1.E-02));
#5123 = DIRECTION('',(0.,0.,1.));
#5124 = DIRECTION('',(-1.,-6.982962677686E-15,0.));
#5125 = ADVANCED_FACE('',(#5126),#5151,.T.);
#5126 = FACE_BOUND('',#5127,.T.);
#5127 = EDGE_LOOP('',(#5128,#5138,#5144,#5145));
#5128 = ORIENTED_EDGE('',*,*,#5129,.F.);
#5129 = EDGE_CURVE('',#5130,#5132,#5134,.T.);
#5130 = VERTEX_POINT('',#5131);
#5131 = CARTESIAN_POINT('',(0.911449274293,0.108036766284,0.));
#5132 = VERTEX_POINT('',#5133);
#5133 = CARTESIAN_POINT('',(1.112097140146,0.108036766284,0.));
#5134 = LINE('',#5135,#5136);
#5135 = CARTESIAN_POINT('',(0.911449274293,0.108036766284,0.));
#5136 = VECTOR('',#5137,1.);
#5137 = DIRECTION('',(1.,6.982962677686E-15,0.));
#5138 = ORIENTED_EDGE('',*,*,#5139,.F.);
#5139 = EDGE_CURVE('',#5056,#5130,#5140,.T.);
#5140 = LINE('',#5141,#5142);
#5141 = CARTESIAN_POINT('',(0.911449274293,0.108036766284,1.E-02));
#5142 = VECTOR('',#5143,1.);
#5143 = DIRECTION('',(0.,0.,-1.));
#5144 = ORIENTED_EDGE('',*,*,#5055,.T.);
#5145 = ORIENTED_EDGE('',*,*,#5146,.T.);
#5146 = EDGE_CURVE('',#5058,#5132,#5147,.T.);
#5147 = LINE('',#5148,#5149);
#5148 = CARTESIAN_POINT('',(1.112097140146,0.108036766284,1.E-02));
#5149 = VECTOR('',#5150,1.);
#5150 = DIRECTION('',(0.,0.,-1.));
#5151 = PLANE('',#5152);
#5152 = AXIS2_PLACEMENT_3D('',#5153,#5154,#5155);
#5153 = CARTESIAN_POINT('',(0.911449274293,0.108036766284,1.E-02));
#5154 = DIRECTION('',(-6.982962677686E-15,1.,0.));
#5155 = DIRECTION('',(0.,0.,-1.));
#5156 = ADVANCED_FACE('',(#5157),#5175,.T.);
#5157 = FACE_BOUND('',#5158,.T.);
#5158 = EDGE_LOOP('',(#5159,#5167,#5173,#5174));
#5159 = ORIENTED_EDGE('',*,*,#5160,.F.);
#5160 = EDGE_CURVE('',#5161,#5130,#5163,.T.);
#5161 = VERTEX_POINT('',#5162);
#5162 = CARTESIAN_POINT('',(1.000969091366,-0.142572989813,0.));
#5163 = LINE('',#5164,#5165);
#5164 = CARTESIAN_POINT('',(1.000969091366,-0.142572989813,0.));
#5165 = VECTOR('',#5166,1.);
#5166 = DIRECTION('',(-0.336390827665,0.941722470297,0.));
#5167 = ORIENTED_EDGE('',*,*,#5168,.F.);
#5168 = EDGE_CURVE('',#5066,#5161,#5169,.T.);
#5169 = LINE('',#5170,#5171);
#5170 = CARTESIAN_POINT('',(1.000969091366,-0.142572989813,1.E-02));
#5171 = VECTOR('',#5172,1.);
#5172 = DIRECTION('',(0.,0.,-1.));
#5173 = ORIENTED_EDGE('',*,*,#5065,.T.);
#5174 = ORIENTED_EDGE('',*,*,#5139,.T.);
#5175 = PLANE('',#5176);
#5176 = AXIS2_PLACEMENT_3D('',#5177,#5178,#5179);
#5177 = CARTESIAN_POINT('',(1.000969091366,-0.142572989813,1.E-02));
#5178 = DIRECTION('',(-0.941722470297,-0.336390827665,0.));
#5179 = DIRECTION('',(0.336390827665,-0.941722470297,0.));
#5180 = ADVANCED_FACE('',(#5181),#5203,.T.);
#5181 = FACE_BOUND('',#5182,.T.);
#5182 = EDGE_LOOP('',(#5183,#5195,#5201,#5202));
#5183 = ORIENTED_EDGE('',*,*,#5184,.F.);
#5184 = EDGE_CURVE('',#5185,#5161,#5187,.T.);
#5185 = VERTEX_POINT('',#5186);
#5186 = CARTESIAN_POINT('',(1.010572749902,-0.184646160545,0.));
#5187 = B_SPLINE_CURVE_WITH_KNOTS('',3,(#5188,#5189,#5190,#5191,#5192,
    #5193,#5194),.UNSPECIFIED.,.F.,.F.,(4,1,1,1,4),(0.,0.300541113159,
    0.567747146484,0.800033613737,1.),.UNSPECIFIED.);
#5188 = CARTESIAN_POINT('',(1.010572749902,-0.184646160545,0.));
#5189 = CARTESIAN_POINT('',(1.009873100419,-0.180373625172,0.));
#5190 = CARTESIAN_POINT('',(1.008551404383,-0.172302450681,0.));
#5191 = CARTESIAN_POINT('',(1.006320311459,-0.160993064206,0.));
#5192 = CARTESIAN_POINT('',(1.003836227105,-0.151219177472,0.));
#5193 = CARTESIAN_POINT('',(1.001875945724,-0.145307716618,0.));
#5194 = CARTESIAN_POINT('',(1.000969091366,-0.142572989813,0.));
#5195 = ORIENTED_EDGE('',*,*,#5196,.F.);
#5196 = EDGE_CURVE('',#5074,#5185,#5197,.T.);
#5197 = LINE('',#5198,#5199);
#5198 = CARTESIAN_POINT('',(1.010572749902,-0.184646160545,1.E-02));
#5199 = VECTOR('',#5200,1.);
#5200 = DIRECTION('',(0.,0.,-1.));
#5201 = ORIENTED_EDGE('',*,*,#5073,.T.);
#5202 = ORIENTED_EDGE('',*,*,#5168,.T.);
#5203 = B_SPLINE_SURFACE_WITH_KNOTS('',3,1,(
    (#5204,#5205)
    ,(#5206,#5207)
    ,(#5208,#5209)
    ,(#5210,#5211)
    ,(#5212,#5213)
    ,(#5214,#5215)
    ,(#5216,#5217
    )),.UNSPECIFIED.,.F.,.F.,.F.,(4,1,1,1,4),(2,2),(0.,0.300541113159,
    0.567747146484,0.800033613737,1.),(0.,1.),.UNSPECIFIED.);
#5204 = CARTESIAN_POINT('',(1.010572749902,-0.184646160545,1.E-02));
#5205 = CARTESIAN_POINT('',(1.010572749902,-0.184646160545,
    6.776263578034E-18));
#5206 = CARTESIAN_POINT('',(1.009873100419,-0.180373625172,1.E-02));
#5207 = CARTESIAN_POINT('',(1.009873100419,-0.180373625172,
    6.776263578034E-18));
#5208 = CARTESIAN_POINT('',(1.008551404383,-0.172302450681,1.E-02));
#5209 = CARTESIAN_POINT('',(1.008551404383,-0.172302450681,
    6.776263578034E-18));
#5210 = CARTESIAN_POINT('',(1.006320311459,-0.160993064206,1.E-02));
#5211 = CARTESIAN_POINT('',(1.006320311459,-0.160993064206,
    6.776263578034E-18));
#5212 = CARTESIAN_POINT('',(1.003836227105,-0.151219177472,1.E-02));
#5213 = CARTESIAN_POINT('',(1.003836227105,-0.151219177472,
    6.776263578034E-18));
#5214 = CARTESIAN_POINT('',(1.001875945724,-0.145307716618,1.E-02));
#5215 = CARTESIAN_POINT('',(1.001875945724,-0.145307716618,
    6.776263578034E-18));
#5216 = CARTESIAN_POINT('',(1.000969091366,-0.142572989813,1.E-02));
#5217 = CARTESIAN_POINT('',(1.000969091366,-0.142572989813,
    6.776263578034E-18));
#5218 = ADVANCED_FACE('',(#5219),#5237,.T.);
#5219 = FACE_BOUND('',#5220,.T.);
#5220 = EDGE_LOOP('',(#5221,#5229,#5235,#5236));
#5221 = ORIENTED_EDGE('',*,*,#5222,.F.);
#5222 = EDGE_CURVE('',#5223,#5185,#5225,.T.);
#5223 = VERTEX_POINT('',#5224);
#5224 = CARTESIAN_POINT('',(1.012516347463,-0.184646160545,0.));
#5225 = LINE('',#5226,#5227);
#5226 = CARTESIAN_POINT('',(1.012516347463,-0.184646160545,0.));
#5227 = VECTOR('',#5228,1.);
#5228 = DIRECTION('',(-1.,-6.982962677686E-15,0.));
#5229 = ORIENTED_EDGE('',*,*,#5230,.F.);
#5230 = EDGE_CURVE('',#5086,#5223,#5231,.T.);
#5231 = LINE('',#5232,#5233);
#5232 = CARTESIAN_POINT('',(1.012516347463,-0.184646160545,1.E-02));
#5233 = VECTOR('',#5234,1.);
#5234 = DIRECTION('',(0.,0.,-1.));
#5235 = ORIENTED_EDGE('',*,*,#5085,.T.);
#5236 = ORIENTED_EDGE('',*,*,#5196,.T.);
#5237 = PLANE('',#5238);
#5238 = AXIS2_PLACEMENT_3D('',#5239,#5240,#5241);
#5239 = CARTESIAN_POINT('',(1.012516347463,-0.184646160545,1.E-02));
#5240 = DIRECTION('',(6.982962677686E-15,-1.,0.));
#5241 = DIRECTION('',(0.,0.,1.));
#5242 = ADVANCED_FACE('',(#5243),#5265,.T.);
#5243 = FACE_BOUND('',#5244,.T.);
#5244 = EDGE_LOOP('',(#5245,#5257,#5263,#5264));
#5245 = ORIENTED_EDGE('',*,*,#5246,.F.);
#5246 = EDGE_CURVE('',#5247,#5223,#5249,.T.);
#5247 = VERTEX_POINT('',#5248);
#5248 = CARTESIAN_POINT('',(1.021777018195,-0.142572989813,0.));
#5249 = B_SPLINE_CURVE_WITH_KNOTS('',3,(#5250,#5251,#5252,#5253,#5254,
    #5255,#5256),.UNSPECIFIED.,.F.,.F.,(4,1,1,1,4),(0.,0.174481715317,
    0.398285759128,0.673897847399,1.),.UNSPECIFIED.);
#5250 = CARTESIAN_POINT('',(1.021777018195,-0.142572989813,0.));
#5251 = CARTESIAN_POINT('',(1.021028275121,-0.144966890485,0.));
#5252 = CARTESIAN_POINT('',(1.019319134979,-0.150431397438,0.));
#5253 = CARTESIAN_POINT('',(1.017079450198,-0.159862833182,0.));
#5254 = CARTESIAN_POINT('',(1.014883579829,-0.171523024369,0.));
#5255 = CARTESIAN_POINT('',(1.013348365065,-0.180033736163,0.));
#5256 = CARTESIAN_POINT('',(1.012516347463,-0.184646160545,0.));
#5257 = ORIENTED_EDGE('',*,*,#5258,.F.);
#5258 = EDGE_CURVE('',#5094,#5247,#5259,.T.);
#5259 = LINE('',#5260,#5261);
#5260 = CARTESIAN_POINT('',(1.021777018195,-0.142572989813,1.E-02));
#5261 = VECTOR('',#5262,1.);
#5262 = DIRECTION('',(0.,0.,-1.));
#5263 = ORIENTED_EDGE('',*,*,#5093,.T.);
#5264 = ORIENTED_EDGE('',*,*,#5230,.T.);
#5265 = B_SPLINE_SURFACE_WITH_KNOTS('',3,1,(
    (#5266,#5267)
    ,(#5268,#5269)
    ,(#5270,#5271)
    ,(#5272,#5273)
    ,(#5274,#5275)
    ,(#5276,#5277)
    ,(#5278,#5279
    )),.UNSPECIFIED.,.F.,.F.,.F.,(4,1,1,1,4),(2,2),(0.,0.174481715317,
    0.398285759128,0.673897847399,1.),(0.,1.),.UNSPECIFIED.);
#5266 = CARTESIAN_POINT('',(1.021777018195,-0.142572989813,1.E-02));
#5267 = CARTESIAN_POINT('',(1.021777018195,-0.142572989813,
    6.776263578034E-18));
#5268 = CARTESIAN_POINT('',(1.021028275121,-0.144966890485,1.E-02));
#5269 = CARTESIAN_POINT('',(1.021028275121,-0.144966890485,
    6.776263578034E-18));
#5270 = CARTESIAN_POINT('',(1.019319134979,-0.150431397438,1.E-02));
#5271 = CARTESIAN_POINT('',(1.019319134979,-0.150431397438,
    6.776263578034E-18));
#5272 = CARTESIAN_POINT('',(1.017079450198,-0.159862833182,1.E-02));
#5273 = CARTESIAN_POINT('',(1.017079450198,-0.159862833182,
    6.776263578034E-18));
#5274 = CARTESIAN_POINT('',(1.014883579829,-0.171523024369,1.E-02));
#5275 = CARTESIAN_POINT('',(1.014883579829,-0.171523024369,
    6.776263578034E-18));
#5276 = CARTESIAN_POINT('',(1.013348365065,-0.180033736163,1.E-02));
#5277 = CARTESIAN_POINT('',(1.013348365065,-0.180033736163,
    6.776263578034E-18));
#5278 = CARTESIAN_POINT('',(1.012516347463,-0.184646160545,1.E-02));
#5279 = CARTESIAN_POINT('',(1.012516347463,-0.184646160545,
    6.776263578034E-18));
#5280 = ADVANCED_FACE('',(#5281),#5292,.T.);
#5281 = FACE_BOUND('',#5282,.T.);
#5282 = EDGE_LOOP('',(#5283,#5289,#5290,#5291));
#5283 = ORIENTED_EDGE('',*,*,#5284,.F.);
#5284 = EDGE_CURVE('',#5132,#5247,#5285,.T.);
#5285 = LINE('',#5286,#5287);
#5286 = CARTESIAN_POINT('',(1.112097140146,0.108036766284,0.));
#5287 = VECTOR('',#5288,1.);
#5288 = DIRECTION('',(-0.339053795485,-0.940766986967,0.));
#5289 = ORIENTED_EDGE('',*,*,#5146,.F.);
#5290 = ORIENTED_EDGE('',*,*,#5105,.T.);
#5291 = ORIENTED_EDGE('',*,*,#5258,.T.);
#5292 = PLANE('',#5293);
#5293 = AXIS2_PLACEMENT_3D('',#5294,#5295,#5296);
#5294 = CARTESIAN_POINT('',(1.112097140146,0.108036766284,1.E-02));
#5295 = DIRECTION('',(0.940766986967,-0.339053795485,0.));
#5296 = DIRECTION('',(0.339053795485,0.940766986967,0.));
#5297 = ADVANCED_FACE('',(#5298),#5323,.T.);
#5298 = FACE_BOUND('',#5299,.T.);
#5299 = EDGE_LOOP('',(#5300,#5301,#5309,#5317));
#5300 = ORIENTED_EDGE('',*,*,#3057,.F.);
#5301 = ORIENTED_EDGE('',*,*,#5302,.F.);
#5302 = EDGE_CURVE('',#5303,#3058,#5305,.T.);
#5303 = VERTEX_POINT('',#5304);
#5304 = CARTESIAN_POINT('',(0.382447749902,0.342183107747,1.E-02));
#5305 = LINE('',#5306,#5307);
#5306 = CARTESIAN_POINT('',(0.382447749902,0.342183107747,1.E-02));
#5307 = VECTOR('',#5308,1.);
#5308 = DIRECTION('',(0.,0.,-1.));
#5309 = ORIENTED_EDGE('',*,*,#5310,.T.);
#5310 = EDGE_CURVE('',#5303,#5311,#5313,.T.);
#5311 = VERTEX_POINT('',#5312);
#5312 = CARTESIAN_POINT('',(0.219299884049,0.342183107747,1.E-02));
#5313 = LINE('',#5314,#5315);
#5314 = CARTESIAN_POINT('',(0.382447749902,0.342183107747,1.E-02));
#5315 = VECTOR('',#5316,1.);
#5316 = DIRECTION('',(-1.,-6.982962677686E-15,0.));
#5317 = ORIENTED_EDGE('',*,*,#5318,.T.);
#5318 = EDGE_CURVE('',#5311,#3060,#5319,.T.);
#5319 = LINE('',#5320,#5321);
#5320 = CARTESIAN_POINT('',(0.219299884049,0.342183107747,1.E-02));
#5321 = VECTOR('',#5322,1.);
#5322 = DIRECTION('',(0.,0.,-1.));
#5323 = PLANE('',#5324);
#5324 = AXIS2_PLACEMENT_3D('',#5325,#5326,#5327);
#5325 = CARTESIAN_POINT('',(0.382447749902,0.342183107747,1.E-02));
#5326 = DIRECTION('',(6.982962677686E-15,-1.,0.));
#5327 = DIRECTION('',(0.,0.,1.));
#5328 = ADVANCED_FACE('',(#5329),#5347,.T.);
#5329 = FACE_BOUND('',#5330,.T.);
#5330 = EDGE_LOOP('',(#5331,#5332,#5333,#5341));
#5331 = ORIENTED_EDGE('',*,*,#3067,.F.);
#5332 = ORIENTED_EDGE('',*,*,#5318,.F.);
#5333 = ORIENTED_EDGE('',*,*,#5334,.T.);
#5334 = EDGE_CURVE('',#5311,#5335,#5337,.T.);
#5335 = VERTEX_POINT('',#5336);
#5336 = CARTESIAN_POINT('',(0.219299884049,-0.257816892253,1.E-02));
#5337 = LINE('',#5338,#5339);
#5338 = CARTESIAN_POINT('',(0.219299884049,0.342183107747,1.E-02));
#5339 = VECTOR('',#5340,1.);
#5340 = DIRECTION('',(6.982962677686E-15,-1.,0.));
#5341 = ORIENTED_EDGE('',*,*,#5342,.T.);
#5342 = EDGE_CURVE('',#5335,#3068,#5343,.T.);
#5343 = LINE('',#5344,#5345);
#5344 = CARTESIAN_POINT('',(0.219299884049,-0.257816892253,1.E-02));
#5345 = VECTOR('',#5346,1.);
#5346 = DIRECTION('',(0.,0.,-1.));
#5347 = PLANE('',#5348);
#5348 = AXIS2_PLACEMENT_3D('',#5349,#5350,#5351);
#5349 = CARTESIAN_POINT('',(0.219299884049,0.342183107747,1.E-02));
#5350 = DIRECTION('',(1.,6.982962677686E-15,-0.));
#5351 = DIRECTION('',(0.,0.,1.));
#5352 = ADVANCED_FACE('',(#5353),#5371,.T.);
#5353 = FACE_BOUND('',#5354,.T.);
#5354 = EDGE_LOOP('',(#5355,#5356,#5357,#5365));
#5355 = ORIENTED_EDGE('',*,*,#3075,.F.);
#5356 = ORIENTED_EDGE('',*,*,#5342,.F.);
#5357 = ORIENTED_EDGE('',*,*,#5358,.T.);
#5358 = EDGE_CURVE('',#5335,#5359,#5361,.T.);
#5359 = VERTEX_POINT('',#5360);
#5360 = CARTESIAN_POINT('',(0.38862153039,-0.257816892253,1.E-02));
#5361 = LINE('',#5362,#5363);
#5362 = CARTESIAN_POINT('',(0.219299884049,-0.257816892253,1.E-02));
#5363 = VECTOR('',#5364,1.);
#5364 = DIRECTION('',(1.,6.982962677686E-15,0.));
#5365 = ORIENTED_EDGE('',*,*,#5366,.T.);
#5366 = EDGE_CURVE('',#5359,#3076,#5367,.T.);
#5367 = LINE('',#5368,#5369);
#5368 = CARTESIAN_POINT('',(0.38862153039,-0.257816892253,1.E-02));
#5369 = VECTOR('',#5370,1.);
#5370 = DIRECTION('',(0.,0.,-1.));
#5371 = PLANE('',#5372);
#5372 = AXIS2_PLACEMENT_3D('',#5373,#5374,#5375);
#5373 = CARTESIAN_POINT('',(0.219299884049,-0.257816892253,1.E-02));
#5374 = DIRECTION('',(-6.982962677686E-15,1.,0.));
#5375 = DIRECTION('',(0.,0.,-1.));
#5376 = ADVANCED_FACE('',(#5377),#5411,.T.);
#5377 = FACE_BOUND('',#5378,.T.);
#5378 = EDGE_LOOP('',(#5379,#5380,#5381,#5405));
#5379 = ORIENTED_EDGE('',*,*,#3083,.F.);
#5380 = ORIENTED_EDGE('',*,*,#5366,.F.);
#5381 = ORIENTED_EDGE('',*,*,#5382,.T.);
#5382 = EDGE_CURVE('',#5359,#5383,#5385,.T.);
#5383 = VERTEX_POINT('',#5384);
#5384 = CARTESIAN_POINT('',(0.702226713317,3.463737604016E-02,1.E-02));
#5385 = B_SPLINE_CURVE_WITH_KNOTS('',3,(#5386,#5387,#5388,#5389,#5390,
    #5391,#5392,#5393,#5394,#5395,#5396,#5397,#5398,#5399,#5400,#5401,
    #5402,#5403,#5404),.UNSPECIFIED.,.F.,.F.,(4,1,1,1,1,1,1,1,1,1,1,1,1,
    1,1,1,4),(0.,6.86311786766E-02,0.134566466039,0.198328154011,
    0.260789766641,0.321999151484,0.382721746503,0.443537474036,
    0.505133429485,0.566213874765,0.626105864618,0.685349322161,
    0.744995870348,0.805415841815,0.867636266346,0.932307782302,1.),
  .UNSPECIFIED.);
#5386 = CARTESIAN_POINT('',(0.38862153039,-0.257816892253,1.E-02));
#5387 = CARTESIAN_POINT('',(0.39964464883,-0.257571197081,1.E-02));
#5388 = CARTESIAN_POINT('',(0.421257888203,-0.257089457854,1.E-02));
#5389 = CARTESIAN_POINT('',(0.452952374714,-0.253430084708,1.E-02));
#5390 = CARTESIAN_POINT('',(0.48318988052,-0.247079882823,1.E-02));
#5391 = CARTESIAN_POINT('',(0.512053556739,-0.238416783585,1.E-02));
#5392 = CARTESIAN_POINT('',(0.539576837168,-0.227349768858,1.E-02));
#5393 = CARTESIAN_POINT('',(0.565500429851,-0.213485753823,1.E-02));
#5394 = CARTESIAN_POINT('',(0.590108772283,-0.197306580664,1.E-02));
#5395 = CARTESIAN_POINT('',(0.613081639764,-0.178777159693,1.E-02));
#5396 = CARTESIAN_POINT('',(0.634020605099,-0.158174267001,1.E-02));
#5397 = CARTESIAN_POINT('',(0.652273877645,-0.135641462803,1.E-02));
#5398 = CARTESIAN_POINT('',(0.667901513848,-0.111480120041,1.E-02));
#5399 = CARTESIAN_POINT('',(0.680477648422,-8.549919732906E-02,1.E-02));
#5400 = CARTESIAN_POINT('',(0.690242641492,-5.783867987647E-02,1.E-02));
#5401 = CARTESIAN_POINT('',(0.697157529983,-2.851862510817E-02,1.E-02));
#5402 = CARTESIAN_POINT('',(0.701518898604,2.49417554398E-03,1.E-02));
#5403 = CARTESIAN_POINT('',(0.701987212581,2.376119609757E-02,1.E-02));
#5404 = CARTESIAN_POINT('',(0.702226713317,3.463737604016E-02,1.E-02));
#5405 = ORIENTED_EDGE('',*,*,#5406,.T.);
#5406 = EDGE_CURVE('',#5383,#3084,#5407,.T.);
#5407 = LINE('',#5408,#5409);
#5408 = CARTESIAN_POINT('',(0.702226713317,3.463737604016E-02,1.E-02));
#5409 = VECTOR('',#5410,1.);
#5410 = DIRECTION('',(0.,0.,-1.));
#5411 = B_SPLINE_SURFACE_WITH_KNOTS('',3,1,(
    (#5412,#5413)
    ,(#5414,#5415)
    ,(#5416,#5417)
    ,(#5418,#5419)
    ,(#5420,#5421)
    ,(#5422,#5423)
    ,(#5424,#5425)
    ,(#5426,#5427)
    ,(#5428,#5429)
    ,(#5430,#5431)
    ,(#5432,#5433)
    ,(#5434,#5435)
    ,(#5436,#5437)
    ,(#5438,#5439)
    ,(#5440,#5441)
    ,(#5442,#5443)
    ,(#5444,#5445)
    ,(#5446,#5447)
    ,(#5448,#5449
    )),.UNSPECIFIED.,.F.,.F.,.F.,(4,1,1,1,1,1,1,1,1,1,1,1,1,1,1,1,4),(2,
    2),(0.,6.86311786766E-02,0.134566466039,0.198328154011,
    0.260789766641,0.321999151484,0.382721746503,0.443537474036,
    0.505133429485,0.566213874765,0.626105864618,0.685349322161,
    0.744995870348,0.805415841815,0.867636266346,0.932307782302,1.),(0.,
    1.),.UNSPECIFIED.);
#5412 = CARTESIAN_POINT('',(0.38862153039,-0.257816892253,1.E-02));
#5413 = CARTESIAN_POINT('',(0.38862153039,-0.257816892253,
    6.776263578034E-18));
#5414 = CARTESIAN_POINT('',(0.39964464883,-0.257571197081,1.E-02));
#5415 = CARTESIAN_POINT('',(0.39964464883,-0.257571197081,
    6.776263578034E-18));
#5416 = CARTESIAN_POINT('',(0.421257888203,-0.257089457854,1.E-02));
#5417 = CARTESIAN_POINT('',(0.421257888203,-0.257089457854,
    6.776263578034E-18));
#5418 = CARTESIAN_POINT('',(0.452952374714,-0.253430084708,1.E-02));
#5419 = CARTESIAN_POINT('',(0.452952374714,-0.253430084708,
    6.776263578034E-18));
#5420 = CARTESIAN_POINT('',(0.48318988052,-0.247079882823,1.E-02));
#5421 = CARTESIAN_POINT('',(0.48318988052,-0.247079882823,
    6.776263578034E-18));
#5422 = CARTESIAN_POINT('',(0.512053556739,-0.238416783585,1.E-02));
#5423 = CARTESIAN_POINT('',(0.512053556739,-0.238416783585,
    6.776263578034E-18));
#5424 = CARTESIAN_POINT('',(0.539576837168,-0.227349768858,1.E-02));
#5425 = CARTESIAN_POINT('',(0.539576837168,-0.227349768858,
    6.776263578034E-18));
#5426 = CARTESIAN_POINT('',(0.565500429851,-0.213485753823,1.E-02));
#5427 = CARTESIAN_POINT('',(0.565500429851,-0.213485753823,
    6.776263578034E-18));
#5428 = CARTESIAN_POINT('',(0.590108772283,-0.197306580664,1.E-02));
#5429 = CARTESIAN_POINT('',(0.590108772283,-0.197306580664,
    6.776263578034E-18));
#5430 = CARTESIAN_POINT('',(0.613081639764,-0.178777159693,1.E-02));
#5431 = CARTESIAN_POINT('',(0.613081639764,-0.178777159693,
    6.776263578034E-18));
#5432 = CARTESIAN_POINT('',(0.634020605099,-0.158174267001,1.E-02));
#5433 = CARTESIAN_POINT('',(0.634020605099,-0.158174267001,
    6.776263578034E-18));
#5434 = CARTESIAN_POINT('',(0.652273877645,-0.135641462803,1.E-02));
#5435 = CARTESIAN_POINT('',(0.652273877645,-0.135641462803,
    6.776263578034E-18));
#5436 = CARTESIAN_POINT('',(0.667901513848,-0.111480120041,1.E-02));
#5437 = CARTESIAN_POINT('',(0.667901513848,-0.111480120041,
    6.776263578034E-18));
#5438 = CARTESIAN_POINT('',(0.680477648422,-8.549919732906E-02,1.E-02));
#5439 = CARTESIAN_POINT('',(0.680477648422,-8.549919732906E-02,
    6.776263578034E-18));
#5440 = CARTESIAN_POINT('',(0.690242641492,-5.783867987647E-02,1.E-02));
#5441 = CARTESIAN_POINT('',(0.690242641492,-5.783867987647E-02,
    6.776263578034E-18));
#5442 = CARTESIAN_POINT('',(0.697157529983,-2.851862510817E-02,1.E-02));
#5443 = CARTESIAN_POINT('',(0.697157529983,-2.851862510817E-02,
    6.776263578034E-18));
#5444 = CARTESIAN_POINT('',(0.701518898604,2.49417554398E-03,1.E-02));
#5445 = CARTESIAN_POINT('',(0.701518898604,2.49417554398E-03,
    6.776263578034E-18));
#5446 = CARTESIAN_POINT('',(0.701987212581,2.376119609757E-02,1.E-02));
#5447 = CARTESIAN_POINT('',(0.701987212581,2.376119609757E-02,
    6.776263578034E-18));
#5448 = CARTESIAN_POINT('',(0.702226713317,3.463737604016E-02,1.E-02));
#5449 = CARTESIAN_POINT('',(0.702226713317,3.463737604016E-02,
    6.776263578034E-18));
#5450 = ADVANCED_FACE('',(#5451),#5478,.T.);
#5451 = FACE_BOUND('',#5452,.T.);
#5452 = EDGE_LOOP('',(#5453,#5454,#5455,#5477));
#5453 = ORIENTED_EDGE('',*,*,#3107,.F.);
#5454 = ORIENTED_EDGE('',*,*,#5406,.F.);
#5455 = ORIENTED_EDGE('',*,*,#5456,.T.);
#5456 = EDGE_CURVE('',#5383,#5303,#5457,.T.);
#5457 = B_SPLINE_CURVE_WITH_KNOTS('',3,(#5458,#5459,#5460,#5461,#5462,
    #5463,#5464,#5465,#5466,#5467,#5468,#5469,#5470,#5471,#5472,#5473,
    #5474,#5475,#5476),.UNSPECIFIED.,.F.,.F.,(4,1,1,1,1,1,1,1,1,1,1,1,1,
    1,1,1,4),(0.,6.806869584499E-02,0.133427432819,0.196146033813,
    0.257048592449,0.316882663159,0.376187208666,0.435960335364,
    0.496535236863,0.557465343481,0.61768686341,0.677943640697,
    0.738805284806,0.800949336767,0.86481466747,0.931024781079,1.),
  .UNSPECIFIED.);
#5458 = CARTESIAN_POINT('',(0.702226713317,3.463737604016E-02,1.E-02));
#5459 = CARTESIAN_POINT('',(0.701984392995,4.596992674397E-02,1.E-02));
#5460 = CARTESIAN_POINT('',(0.701509399637,6.818385531906E-02,1.E-02));
#5461 = CARTESIAN_POINT('',(0.697167932458,0.100603172366,1.E-02));
#5462 = CARTESIAN_POINT('',(0.690237514808,0.131321392132,1.E-02));
#5463 = CARTESIAN_POINT('',(0.680509257692,0.160321063035,1.E-02));
#5464 = CARTESIAN_POINT('',(0.667914006026,0.187581268245,1.E-02));
#5465 = CARTESIAN_POINT('',(0.652297770227,0.213002414459,1.E-02));
#5466 = CARTESIAN_POINT('',(0.634081439964,0.236778329517,1.E-02));
#5467 = CARTESIAN_POINT('',(0.613140210223,0.258583263878,1.E-02));
#5468 = CARTESIAN_POINT('',(0.589980719282,0.278098602367,1.E-02));
#5469 = CARTESIAN_POINT('',(0.565215817514,0.295454689723,1.E-02));
#5470 = CARTESIAN_POINT('',(0.538632711158,0.30987528512,1.E-02));
#5471 = CARTESIAN_POINT('',(0.51045844608,0.321657597688,1.E-02));
#5472 = CARTESIAN_POINT('',(0.480742299136,0.331012049526,1.E-02));
#5473 = CARTESIAN_POINT('',(0.449355484497,0.3373810366,1.E-02));
#5474 = CARTESIAN_POINT('',(0.416440648175,0.341568087765,1.E-02));
#5475 = CARTESIAN_POINT('',(0.39393218009,0.341975324522,1.E-02));
#5476 = CARTESIAN_POINT('',(0.382447749902,0.342183107747,1.E-02));
#5477 = ORIENTED_EDGE('',*,*,#5302,.T.);
#5478 = B_SPLINE_SURFACE_WITH_KNOTS('',3,1,(
    (#5479,#5480)
    ,(#5481,#5482)
    ,(#5483,#5484)
    ,(#5485,#5486)
    ,(#5487,#5488)
    ,(#5489,#5490)
    ,(#5491,#5492)
    ,(#5493,#5494)
    ,(#5495,#5496)
    ,(#5497,#5498)
    ,(#5499,#5500)
    ,(#5501,#5502)
    ,(#5503,#5504)
    ,(#5505,#5506)
    ,(#5507,#5508)
    ,(#5509,#5510)
    ,(#5511,#5512)
    ,(#5513,#5514)
    ,(#5515,#5516
    )),.UNSPECIFIED.,.F.,.F.,.F.,(4,1,1,1,1,1,1,1,1,1,1,1,1,1,1,1,4),(2,
    2),(0.,6.806869584499E-02,0.133427432819,0.196146033813,
    0.257048592449,0.316882663159,0.376187208666,0.435960335364,
    0.496535236863,0.557465343481,0.61768686341,0.677943640697,
    0.738805284806,0.800949336767,0.86481466747,0.931024781079,1.),(0.,
    1.),.UNSPECIFIED.);
#5479 = CARTESIAN_POINT('',(0.702226713317,3.463737604016E-02,1.E-02));
#5480 = CARTESIAN_POINT('',(0.702226713317,3.463737604016E-02,
    6.776263578034E-18));
#5481 = CARTESIAN_POINT('',(0.701984392995,4.596992674397E-02,1.E-02));
#5482 = CARTESIAN_POINT('',(0.701984392995,4.596992674397E-02,
    6.776263578034E-18));
#5483 = CARTESIAN_POINT('',(0.701509399637,6.818385531906E-02,1.E-02));
#5484 = CARTESIAN_POINT('',(0.701509399637,6.818385531906E-02,
    6.776263578034E-18));
#5485 = CARTESIAN_POINT('',(0.697167932458,0.100603172366,1.E-02));
#5486 = CARTESIAN_POINT('',(0.697167932458,0.100603172366,
    6.776263578034E-18));
#5487 = CARTESIAN_POINT('',(0.690237514808,0.131321392132,1.E-02));
#5488 = CARTESIAN_POINT('',(0.690237514808,0.131321392132,
    6.776263578034E-18));
#5489 = CARTESIAN_POINT('',(0.680509257692,0.160321063035,1.E-02));
#5490 = CARTESIAN_POINT('',(0.680509257692,0.160321063035,
    6.776263578034E-18));
#5491 = CARTESIAN_POINT('',(0.667914006026,0.187581268245,1.E-02));
#5492 = CARTESIAN_POINT('',(0.667914006026,0.187581268245,
    6.776263578034E-18));
#5493 = CARTESIAN_POINT('',(0.652297770227,0.213002414459,1.E-02));
#5494 = CARTESIAN_POINT('',(0.652297770227,0.213002414459,
    6.776263578034E-18));
#5495 = CARTESIAN_POINT('',(0.634081439964,0.236778329517,1.E-02));
#5496 = CARTESIAN_POINT('',(0.634081439964,0.236778329517,
    6.776263578034E-18));
#5497 = CARTESIAN_POINT('',(0.613140210223,0.258583263878,1.E-02));
#5498 = CARTESIAN_POINT('',(0.613140210223,0.258583263878,
    6.776263578034E-18));
#5499 = CARTESIAN_POINT('',(0.589980719282,0.278098602367,1.E-02));
#5500 = CARTESIAN_POINT('',(0.589980719282,0.278098602367,
    6.776263578034E-18));
#5501 = CARTESIAN_POINT('',(0.565215817514,0.295454689723,1.E-02));
#5502 = CARTESIAN_POINT('',(0.565215817514,0.295454689723,
    6.776263578034E-18));
#5503 = CARTESIAN_POINT('',(0.538632711158,0.30987528512,1.E-02));
#5504 = CARTESIAN_POINT('',(0.538632711158,0.30987528512,
    6.776263578034E-18));
#5505 = CARTESIAN_POINT('',(0.51045844608,0.321657597688,1.E-02));
#5506 = CARTESIAN_POINT('',(0.51045844608,0.321657597688,
    6.776263578034E-18));
#5507 = CARTESIAN_POINT('',(0.480742299136,0.331012049526,1.E-02));
#5508 = CARTESIAN_POINT('',(0.480742299136,0.331012049526,
    6.776263578034E-18));
#5509 = CARTESIAN_POINT('',(0.449355484497,0.3373810366,1.E-02));
#5510 = CARTESIAN_POINT('',(0.449355484497,0.3373810366,
    6.776263578034E-18));
#5511 = CARTESIAN_POINT('',(0.416440648175,0.341568087765,1.E-02));
#5512 = CARTESIAN_POINT('',(0.416440648175,0.341568087765,
    6.776263578034E-18));
#5513 = CARTESIAN_POINT('',(0.39393218009,0.341975324522,1.E-02));
#5514 = CARTESIAN_POINT('',(0.39393218009,0.341975324522,
    6.776263578034E-18));
#5515 = CARTESIAN_POINT('',(0.382447749902,0.342183107747,1.E-02));
#5516 = CARTESIAN_POINT('',(0.382447749902,0.342183107747,
    6.776263578034E-18));
#5517 = ADVANCED_FACE('',(#5518,#5592),#5599,.T.);
#5518 = FACE_BOUND('',#5519,.T.);
#5519 = EDGE_LOOP('',(#5520,#5546,#5570,#5578,#5586));
#5520 = ORIENTED_EDGE('',*,*,#5521,.F.);
#5521 = EDGE_CURVE('',#5522,#5524,#5526,.T.);
#5522 = VERTEX_POINT('',#5523);
#5523 = CARTESIAN_POINT('',(0.621738908439,3.635231506455E-02,1.E-02));
#5524 = VERTEX_POINT('',#5525);
#5525 = CARTESIAN_POINT('',(0.388278542585,-0.191963233716,1.E-02));
#5526 = B_SPLINE_CURVE_WITH_KNOTS('',3,(#5527,#5528,#5529,#5530,#5531,
    #5532,#5533,#5534,#5535,#5536,#5537,#5538,#5539,#5540,#5541,#5542,
    #5543,#5544,#5545),.UNSPECIFIED.,.F.,.F.,(4,1,1,1,1,1,1,1,1,1,1,1,1,
    1,1,1,4),(0.,7.430379644282E-02,0.144393610364,0.210499496103,
    0.273542606503,0.333824744579,0.392529672409,0.4500874546,
    0.507820611556,0.565464912777,0.623148722334,0.681297192791,
    0.740913498157,0.801855752196,0.865241237721,0.930941657047,1.),
  .UNSPECIFIED.);
#5527 = CARTESIAN_POINT('',(0.621738908439,3.635231506455E-02,1.E-02));
#5528 = CARTESIAN_POINT('',(0.621542240089,2.715978398203E-02,1.E-02));
#5529 = CARTESIAN_POINT('',(0.62116005702,9.296056757626E-03,1.E-02));
#5530 = CARTESIAN_POINT('',(0.618186328499,-1.661254796268E-02,1.E-02));
#5531 = CARTESIAN_POINT('',(0.613202737471,-4.078473304418E-02,1.E-02));
#5532 = CARTESIAN_POINT('',(0.606117451067,-6.316398112956E-02,1.E-02));
#5533 = CARTESIAN_POINT('',(0.597073932851,-8.38365850981E-02,1.E-02));
#5534 = CARTESIAN_POINT('',(0.585938033951,-0.102684102156,1.E-02));
#5535 = CARTESIAN_POINT('',(0.572796073718,-0.119798932215,1.E-02));
#5536 = CARTESIAN_POINT('',(0.557649944662,-0.134984675653,1.E-02));
#5537 = CARTESIAN_POINT('',(0.540871529757,-0.148335135727,1.E-02));
#5538 = CARTESIAN_POINT('',(0.522873333086,-0.160084197818,1.E-02));
#5539 = CARTESIAN_POINT('',(0.50349922537,-0.169949182029,1.E-02));
#5540 = CARTESIAN_POINT('',(0.48290096624,-0.17805573765,1.E-02));
#5541 = CARTESIAN_POINT('',(0.461008842572,-0.18438126979,1.E-02));
#5542 = CARTESIAN_POINT('',(0.437890018113,-0.188771830352,1.E-02));
#5543 = CARTESIAN_POINT('',(0.413493813612,-0.191444392219,1.E-02));
#5544 = CARTESIAN_POINT('',(0.396822108309,-0.191787437214,1.E-02));
#5545 = CARTESIAN_POINT('',(0.388278542585,-0.191963233716,1.E-02));
#5546 = ORIENTED_EDGE('',*,*,#5547,.F.);
#5547 = EDGE_CURVE('',#5548,#5522,#5550,.T.);
#5548 = VERTEX_POINT('',#5549);
#5549 = CARTESIAN_POINT('',(0.384962993805,0.276329449211,1.E-02));
#5550 = B_SPLINE_CURVE_WITH_KNOTS('',3,(#5551,#5552,#5553,#5554,#5555,
    #5556,#5557,#5558,#5559,#5560,#5561,#5562,#5563,#5564,#5565,#5566,
    #5567,#5568,#5569),.UNSPECIFIED.,.F.,.F.,(4,1,1,1,1,1,1,1,1,1,1,1,1,
    1,1,1,4),(0.,7.082657255516E-02,0.13816903328,0.202475331534,
    0.263973754414,0.323380320598,0.381797622713,0.439390074519,
    0.496902724546,0.554662169609,0.612741878492,0.671538836391,
    0.73165572209,0.794297811614,0.859482204979,0.927681325453,1.),
  .UNSPECIFIED.);
#5551 = CARTESIAN_POINT('',(0.384962993805,0.276329449211,1.E-02));
#5552 = CARTESIAN_POINT('',(0.394003535068,0.276134023861,1.E-02));
#5553 = CARTESIAN_POINT('',(0.411639893874,0.275752786555,1.E-02));
#5554 = CARTESIAN_POINT('',(0.437341827801,0.272725305587,1.E-02));
#5555 = CARTESIAN_POINT('',(0.461531946886,0.267863748877,1.E-02));
#5556 = CARTESIAN_POINT('',(0.484213454464,0.261053451982,1.E-02));
#5557 = CARTESIAN_POINT('',(0.505288086653,0.252026079557,1.E-02));
#5558 = CARTESIAN_POINT('',(0.52492585441,0.241192720471,1.E-02));
#5559 = CARTESIAN_POINT('',(0.542991873561,0.228301228943,1.E-02));
#5560 = CARTESIAN_POINT('',(0.559412910472,0.213496192516,1.E-02));
#5561 = CARTESIAN_POINT('',(0.574049756808,0.196851334085,1.E-02));
#5562 = CARTESIAN_POINT('',(0.586963176327,0.17862702807,1.E-02));
#5563 = CARTESIAN_POINT('',(0.597692082422,0.158695450775,1.E-02));
#5564 = CARTESIAN_POINT('',(0.606576576551,0.137254277168,1.E-02));
#5565 = CARTESIAN_POINT('',(0.613365587848,0.114209021107,1.E-02));
#5566 = CARTESIAN_POINT('',(0.618286954262,8.965200317386E-02,1.E-02));
#5567 = CARTESIAN_POINT('',(0.621129495096,6.35151399962E-02,1.E-02));
#5568 = CARTESIAN_POINT('',(0.621531838827,4.558183996695E-02,1.E-02));
#5569 = CARTESIAN_POINT('',(0.621738908439,3.635231506455E-02,1.E-02));
#5570 = ORIENTED_EDGE('',*,*,#5571,.F.);
#5571 = EDGE_CURVE('',#5572,#5548,#5574,.T.);
#5572 = VERTEX_POINT('',#5573);
#5573 = CARTESIAN_POINT('',(0.299787688927,0.276329449211,1.E-02));
#5574 = LINE('',#5575,#5576);
#5575 = CARTESIAN_POINT('',(0.299787688927,0.276329449211,1.E-02));
#5576 = VECTOR('',#5577,1.);
#5577 = DIRECTION('',(1.,6.982962677686E-15,0.));
#5578 = ORIENTED_EDGE('',*,*,#5579,.F.);
#5579 = EDGE_CURVE('',#5580,#5572,#5582,.T.);
#5580 = VERTEX_POINT('',#5581);
#5581 = CARTESIAN_POINT('',(0.299787688927,-0.191963233716,1.E-02));
#5582 = LINE('',#5583,#5584);
#5583 = CARTESIAN_POINT('',(0.299787688927,-0.191963233716,1.E-02));
#5584 = VECTOR('',#5585,1.);
#5585 = DIRECTION('',(-6.982962677686E-15,1.,0.));
#5586 = ORIENTED_EDGE('',*,*,#5587,.F.);
#5587 = EDGE_CURVE('',#5524,#5580,#5588,.T.);
#5588 = LINE('',#5589,#5590);
#5589 = CARTESIAN_POINT('',(0.388278542585,-0.191963233716,1.E-02));
#5590 = VECTOR('',#5591,1.);
#5591 = DIRECTION('',(-1.,-6.982962677686E-15,0.));
#5592 = FACE_BOUND('',#5593,.T.);
#5593 = EDGE_LOOP('',(#5594,#5595,#5596,#5597,#5598));
#5594 = ORIENTED_EDGE('',*,*,#5310,.F.);
#5595 = ORIENTED_EDGE('',*,*,#5456,.F.);
#5596 = ORIENTED_EDGE('',*,*,#5382,.F.);
#5597 = ORIENTED_EDGE('',*,*,#5358,.F.);
#5598 = ORIENTED_EDGE('',*,*,#5334,.F.);
#5599 = PLANE('',#5600);
#5600 = AXIS2_PLACEMENT_3D('',#5601,#5602,#5603);
#5601 = CARTESIAN_POINT('',(0.61096763661,-0.17999731251,1.E-02));
#5602 = DIRECTION('',(0.,0.,-1.));
#5603 = DIRECTION('',(1.,6.982962677686E-15,0.));
#5604 = ADVANCED_FACE('',(#5605),#5630,.T.);
#5605 = FACE_BOUND('',#5606,.T.);
#5606 = EDGE_LOOP('',(#5607,#5617,#5623,#5624));
#5607 = ORIENTED_EDGE('',*,*,#5608,.F.);
#5608 = EDGE_CURVE('',#5609,#5611,#5613,.T.);
#5609 = VERTEX_POINT('',#5610);
#5610 = CARTESIAN_POINT('',(0.388278542585,-0.191963233716,0.));
#5611 = VERTEX_POINT('',#5612);
#5612 = CARTESIAN_POINT('',(0.299787688927,-0.191963233716,0.));
#5613 = LINE('',#5614,#5615);
#5614 = CARTESIAN_POINT('',(0.388278542585,-0.191963233716,0.));
#5615 = VECTOR('',#5616,1.);
#5616 = DIRECTION('',(-1.,-6.982962677686E-15,0.));
#5617 = ORIENTED_EDGE('',*,*,#5618,.F.);
#5618 = EDGE_CURVE('',#5524,#5609,#5619,.T.);
#5619 = LINE('',#5620,#5621);
#5620 = CARTESIAN_POINT('',(0.388278542585,-0.191963233716,1.E-02));
#5621 = VECTOR('',#5622,1.);
#5622 = DIRECTION('',(0.,0.,-1.));
#5623 = ORIENTED_EDGE('',*,*,#5587,.T.);
#5624 = ORIENTED_EDGE('',*,*,#5625,.T.);
#5625 = EDGE_CURVE('',#5580,#5611,#5626,.T.);
#5626 = LINE('',#5627,#5628);
#5627 = CARTESIAN_POINT('',(0.299787688927,-0.191963233716,1.E-02));
#5628 = VECTOR('',#5629,1.);
#5629 = DIRECTION('',(0.,0.,-1.));
#5630 = PLANE('',#5631);
#5631 = AXIS2_PLACEMENT_3D('',#5632,#5633,#5634);
#5632 = CARTESIAN_POINT('',(0.388278542585,-0.191963233716,1.E-02));
#5633 = DIRECTION('',(6.982962677686E-15,-1.,0.));
#5634 = DIRECTION('',(0.,0.,1.));
#5635 = ADVANCED_FACE('',(#5636),#5670,.T.);
#5636 = FACE_BOUND('',#5637,.T.);
#5637 = EDGE_LOOP('',(#5638,#5662,#5668,#5669));
#5638 = ORIENTED_EDGE('',*,*,#5639,.F.);
#5639 = EDGE_CURVE('',#5640,#5609,#5642,.T.);
#5640 = VERTEX_POINT('',#5641);
#5641 = CARTESIAN_POINT('',(0.621738908439,3.635231506455E-02,0.));
#5642 = B_SPLINE_CURVE_WITH_KNOTS('',3,(#5643,#5644,#5645,#5646,#5647,
    #5648,#5649,#5650,#5651,#5652,#5653,#5654,#5655,#5656,#5657,#5658,
    #5659,#5660,#5661),.UNSPECIFIED.,.F.,.F.,(4,1,1,1,1,1,1,1,1,1,1,1,1,
    1,1,1,4),(0.,7.430379644282E-02,0.144393610364,0.210499496103,
    0.273542606503,0.333824744579,0.392529672409,0.4500874546,
    0.507820611556,0.565464912777,0.623148722334,0.681297192791,
    0.740913498157,0.801855752196,0.865241237721,0.930941657047,1.),
  .UNSPECIFIED.);
#5643 = CARTESIAN_POINT('',(0.621738908439,3.635231506455E-02,0.));
#5644 = CARTESIAN_POINT('',(0.621542240089,2.715978398203E-02,-0.));
#5645 = CARTESIAN_POINT('',(0.62116005702,9.296056757626E-03,0.));
#5646 = CARTESIAN_POINT('',(0.618186328499,-1.661254796268E-02,0.));
#5647 = CARTESIAN_POINT('',(0.613202737471,-4.078473304418E-02,0.));
#5648 = CARTESIAN_POINT('',(0.606117451067,-6.316398112956E-02,0.));
#5649 = CARTESIAN_POINT('',(0.597073932851,-8.38365850981E-02,0.));
#5650 = CARTESIAN_POINT('',(0.585938033951,-0.102684102156,0.));
#5651 = CARTESIAN_POINT('',(0.572796073718,-0.119798932215,0.));
#5652 = CARTESIAN_POINT('',(0.557649944662,-0.134984675653,0.));
#5653 = CARTESIAN_POINT('',(0.540871529757,-0.148335135727,0.));
#5654 = CARTESIAN_POINT('',(0.522873333086,-0.160084197818,0.));
#5655 = CARTESIAN_POINT('',(0.50349922537,-0.169949182029,0.));
#5656 = CARTESIAN_POINT('',(0.48290096624,-0.17805573765,0.));
#5657 = CARTESIAN_POINT('',(0.461008842572,-0.18438126979,0.));
#5658 = CARTESIAN_POINT('',(0.437890018113,-0.188771830352,0.));
#5659 = CARTESIAN_POINT('',(0.413493813612,-0.191444392219,0.));
#5660 = CARTESIAN_POINT('',(0.396822108309,-0.191787437214,0.));
#5661 = CARTESIAN_POINT('',(0.388278542585,-0.191963233716,0.));
#5662 = ORIENTED_EDGE('',*,*,#5663,.F.);
#5663 = EDGE_CURVE('',#5522,#5640,#5664,.T.);
#5664 = LINE('',#5665,#5666);
#5665 = CARTESIAN_POINT('',(0.621738908439,3.635231506455E-02,1.E-02));
#5666 = VECTOR('',#5667,1.);
#5667 = DIRECTION('',(0.,0.,-1.));
#5668 = ORIENTED_EDGE('',*,*,#5521,.T.);
#5669 = ORIENTED_EDGE('',*,*,#5618,.T.);
#5670 = B_SPLINE_SURFACE_WITH_KNOTS('',3,1,(
    (#5671,#5672)
    ,(#5673,#5674)
    ,(#5675,#5676)
    ,(#5677,#5678)
    ,(#5679,#5680)
    ,(#5681,#5682)
    ,(#5683,#5684)
    ,(#5685,#5686)
    ,(#5687,#5688)
    ,(#5689,#5690)
    ,(#5691,#5692)
    ,(#5693,#5694)
    ,(#5695,#5696)
    ,(#5697,#5698)
    ,(#5699,#5700)
    ,(#5701,#5702)
    ,(#5703,#5704)
    ,(#5705,#5706)
    ,(#5707,#5708
    )),.UNSPECIFIED.,.F.,.F.,.F.,(4,1,1,1,1,1,1,1,1,1,1,1,1,1,1,1,4),(2,
    2),(0.,7.430379644282E-02,0.144393610364,0.210499496103,
    0.273542606503,0.333824744579,0.392529672409,0.4500874546,
    0.507820611556,0.565464912777,0.623148722334,0.681297192791,
    0.740913498157,0.801855752196,0.865241237721,0.930941657047,1.),(0.,
    1.),.UNSPECIFIED.);
#5671 = CARTESIAN_POINT('',(0.621738908439,3.635231506455E-02,1.E-02));
#5672 = CARTESIAN_POINT('',(0.621738908439,3.635231506455E-02,
    6.776263578034E-18));
#5673 = CARTESIAN_POINT('',(0.621542240089,2.715978398203E-02,1.E-02));
#5674 = CARTESIAN_POINT('',(0.621542240089,2.715978398203E-02,
    6.776263578034E-18));
#5675 = CARTESIAN_POINT('',(0.62116005702,9.296056757626E-03,1.E-02));
#5676 = CARTESIAN_POINT('',(0.62116005702,9.296056757626E-03,
    6.776263578034E-18));
#5677 = CARTESIAN_POINT('',(0.618186328499,-1.661254796268E-02,1.E-02));
#5678 = CARTESIAN_POINT('',(0.618186328499,-1.661254796268E-02,
    6.776263578034E-18));
#5679 = CARTESIAN_POINT('',(0.613202737471,-4.078473304418E-02,1.E-02));
#5680 = CARTESIAN_POINT('',(0.613202737471,-4.078473304418E-02,
    6.776263578034E-18));
#5681 = CARTESIAN_POINT('',(0.606117451067,-6.316398112956E-02,1.E-02));
#5682 = CARTESIAN_POINT('',(0.606117451067,-6.316398112956E-02,
    6.776263578034E-18));
#5683 = CARTESIAN_POINT('',(0.597073932851,-8.38365850981E-02,1.E-02));
#5684 = CARTESIAN_POINT('',(0.597073932851,-8.38365850981E-02,
    6.776263578034E-18));
#5685 = CARTESIAN_POINT('',(0.585938033951,-0.102684102156,1.E-02));
#5686 = CARTESIAN_POINT('',(0.585938033951,-0.102684102156,
    6.776263578034E-18));
#5687 = CARTESIAN_POINT('',(0.572796073718,-0.119798932215,1.E-02));
#5688 = CARTESIAN_POINT('',(0.572796073718,-0.119798932215,
    6.776263578034E-18));
#5689 = CARTESIAN_POINT('',(0.557649944662,-0.134984675653,1.E-02));
#5690 = CARTESIAN_POINT('',(0.557649944662,-0.134984675653,
    6.776263578034E-18));
#5691 = CARTESIAN_POINT('',(0.540871529757,-0.148335135727,1.E-02));
#5692 = CARTESIAN_POINT('',(0.540871529757,-0.148335135727,
    6.776263578034E-18));
#5693 = CARTESIAN_POINT('',(0.522873333086,-0.160084197818,1.E-02));
#5694 = CARTESIAN_POINT('',(0.522873333086,-0.160084197818,
    6.776263578034E-18));
#5695 = CARTESIAN_POINT('',(0.50349922537,-0.169949182029,1.E-02));
#5696 = CARTESIAN_POINT('',(0.50349922537,-0.169949182029,
    6.776263578034E-18));
#5697 = CARTESIAN_POINT('',(0.48290096624,-0.17805573765,1.E-02));
#5698 = CARTESIAN_POINT('',(0.48290096624,-0.17805573765,
    6.776263578034E-18));
#5699 = CARTESIAN_POINT('',(0.461008842572,-0.18438126979,1.E-02));
#5700 = CARTESIAN_POINT('',(0.461008842572,-0.18438126979,
    6.776263578034E-18));
#5701 = CARTESIAN_POINT('',(0.437890018113,-0.188771830352,1.E-02));
#5702 = CARTESIAN_POINT('',(0.437890018113,-0.188771830352,
    6.776263578034E-18));
#5703 = CARTESIAN_POINT('',(0.413493813612,-0.191444392219,1.E-02));
#5704 = CARTESIAN_POINT('',(0.413493813612,-0.191444392219,
    6.776263578034E-18));
#5705 = CARTESIAN_POINT('',(0.396822108309,-0.191787437214,1.E-02));
#5706 = CARTESIAN_POINT('',(0.396822108309,-0.191787437214,
    6.776263578034E-18));
#5707 = CARTESIAN_POINT('',(0.388278542585,-0.191963233716,1.E-02));
#5708 = CARTESIAN_POINT('',(0.388278542585,-0.191963233716,
    6.776263578034E-18));
#5709 = ADVANCED_FACE('',(#5710),#5744,.T.);
#5710 = FACE_BOUND('',#5711,.T.);
#5711 = EDGE_LOOP('',(#5712,#5736,#5742,#5743));
#5712 = ORIENTED_EDGE('',*,*,#5713,.F.);
#5713 = EDGE_CURVE('',#5714,#5640,#5716,.T.);
#5714 = VERTEX_POINT('',#5715);
#5715 = CARTESIAN_POINT('',(0.384962993805,0.276329449211,0.));
#5716 = B_SPLINE_CURVE_WITH_KNOTS('',3,(#5717,#5718,#5719,#5720,#5721,
    #5722,#5723,#5724,#5725,#5726,#5727,#5728,#5729,#5730,#5731,#5732,
    #5733,#5734,#5735),.UNSPECIFIED.,.F.,.F.,(4,1,1,1,1,1,1,1,1,1,1,1,1,
    1,1,1,4),(0.,7.082657255516E-02,0.13816903328,0.202475331534,
    0.263973754414,0.323380320598,0.381797622713,0.439390074519,
    0.496902724546,0.554662169609,0.612741878492,0.671538836391,
    0.73165572209,0.794297811614,0.859482204979,0.927681325453,1.),
  .UNSPECIFIED.);
#5717 = CARTESIAN_POINT('',(0.384962993805,0.276329449211,0.));
#5718 = CARTESIAN_POINT('',(0.394003535068,0.276134023861,-0.));
#5719 = CARTESIAN_POINT('',(0.411639893874,0.275752786555,0.));
#5720 = CARTESIAN_POINT('',(0.437341827801,0.272725305587,0.));
#5721 = CARTESIAN_POINT('',(0.461531946886,0.267863748877,0.));
#5722 = CARTESIAN_POINT('',(0.484213454464,0.261053451982,0.));
#5723 = CARTESIAN_POINT('',(0.505288086653,0.252026079557,0.));
#5724 = CARTESIAN_POINT('',(0.52492585441,0.241192720471,0.));
#5725 = CARTESIAN_POINT('',(0.542991873561,0.228301228943,0.));
#5726 = CARTESIAN_POINT('',(0.559412910472,0.213496192516,0.));
#5727 = CARTESIAN_POINT('',(0.574049756808,0.196851334085,0.));
#5728 = CARTESIAN_POINT('',(0.586963176327,0.17862702807,0.));
#5729 = CARTESIAN_POINT('',(0.597692082422,0.158695450775,0.));
#5730 = CARTESIAN_POINT('',(0.606576576551,0.137254277168,0.));
#5731 = CARTESIAN_POINT('',(0.613365587848,0.114209021107,0.));
#5732 = CARTESIAN_POINT('',(0.618286954262,8.965200317386E-02,0.));
#5733 = CARTESIAN_POINT('',(0.621129495096,6.35151399962E-02,0.));
#5734 = CARTESIAN_POINT('',(0.621531838827,4.558183996695E-02,-0.));
#5735 = CARTESIAN_POINT('',(0.621738908439,3.635231506455E-02,0.));
#5736 = ORIENTED_EDGE('',*,*,#5737,.F.);
#5737 = EDGE_CURVE('',#5548,#5714,#5738,.T.);
#5738 = LINE('',#5739,#5740);
#5739 = CARTESIAN_POINT('',(0.384962993805,0.276329449211,1.E-02));
#5740 = VECTOR('',#5741,1.);
#5741 = DIRECTION('',(0.,0.,-1.));
#5742 = ORIENTED_EDGE('',*,*,#5547,.T.);
#5743 = ORIENTED_EDGE('',*,*,#5663,.T.);
#5744 = B_SPLINE_SURFACE_WITH_KNOTS('',3,1,(
    (#5745,#5746)
    ,(#5747,#5748)
    ,(#5749,#5750)
    ,(#5751,#5752)
    ,(#5753,#5754)
    ,(#5755,#5756)
    ,(#5757,#5758)
    ,(#5759,#5760)
    ,(#5761,#5762)
    ,(#5763,#5764)
    ,(#5765,#5766)
    ,(#5767,#5768)
    ,(#5769,#5770)
    ,(#5771,#5772)
    ,(#5773,#5774)
    ,(#5775,#5776)
    ,(#5777,#5778)
    ,(#5779,#5780)
    ,(#5781,#5782
    )),.UNSPECIFIED.,.F.,.F.,.F.,(4,1,1,1,1,1,1,1,1,1,1,1,1,1,1,1,4),(2,
    2),(0.,7.082657255516E-02,0.13816903328,0.202475331534,
    0.263973754414,0.323380320598,0.381797622713,0.439390074519,
    0.496902724546,0.554662169609,0.612741878492,0.671538836391,
    0.73165572209,0.794297811614,0.859482204979,0.927681325453,1.),(0.,
    1.),.UNSPECIFIED.);
#5745 = CARTESIAN_POINT('',(0.384962993805,0.276329449211,1.E-02));
#5746 = CARTESIAN_POINT('',(0.384962993805,0.276329449211,
    6.776263578034E-18));
#5747 = CARTESIAN_POINT('',(0.394003535068,0.276134023861,1.E-02));
#5748 = CARTESIAN_POINT('',(0.394003535068,0.276134023861,
    6.776263578034E-18));
#5749 = CARTESIAN_POINT('',(0.411639893874,0.275752786555,1.E-02));
#5750 = CARTESIAN_POINT('',(0.411639893874,0.275752786555,
    6.776263578034E-18));
#5751 = CARTESIAN_POINT('',(0.437341827801,0.272725305587,1.E-02));
#5752 = CARTESIAN_POINT('',(0.437341827801,0.272725305587,
    6.776263578034E-18));
#5753 = CARTESIAN_POINT('',(0.461531946886,0.267863748877,1.E-02));
#5754 = CARTESIAN_POINT('',(0.461531946886,0.267863748877,
    6.776263578034E-18));
#5755 = CARTESIAN_POINT('',(0.484213454464,0.261053451982,1.E-02));
#5756 = CARTESIAN_POINT('',(0.484213454464,0.261053451982,
    6.776263578034E-18));
#5757 = CARTESIAN_POINT('',(0.505288086653,0.252026079557,1.E-02));
#5758 = CARTESIAN_POINT('',(0.505288086653,0.252026079557,
    6.776263578034E-18));
#5759 = CARTESIAN_POINT('',(0.52492585441,0.241192720471,1.E-02));
#5760 = CARTESIAN_POINT('',(0.52492585441,0.241192720471,
    6.776263578034E-18));
#5761 = CARTESIAN_POINT('',(0.542991873561,0.228301228943,1.E-02));
#5762 = CARTESIAN_POINT('',(0.542991873561,0.228301228943,
    6.776263578034E-18));
#5763 = CARTESIAN_POINT('',(0.559412910472,0.213496192516,1.E-02));
#5764 = CARTESIAN_POINT('',(0.559412910472,0.213496192516,
    6.776263578034E-18));
#5765 = CARTESIAN_POINT('',(0.574049756808,0.196851334085,1.E-02));
#5766 = CARTESIAN_POINT('',(0.574049756808,0.196851334085,
    6.776263578034E-18));
#5767 = CARTESIAN_POINT('',(0.586963176327,0.17862702807,1.E-02));
#5768 = CARTESIAN_POINT('',(0.586963176327,0.17862702807,
    6.776263578034E-18));
#5769 = CARTESIAN_POINT('',(0.597692082422,0.158695450775,1.E-02));
#5770 = CARTESIAN_POINT('',(0.597692082422,0.158695450775,
    6.776263578034E-18));
#5771 = CARTESIAN_POINT('',(0.606576576551,0.137254277168,1.E-02));
#5772 = CARTESIAN_POINT('',(0.606576576551,0.137254277168,
    6.776263578034E-18));
#5773 = CARTESIAN_POINT('',(0.613365587848,0.114209021107,1.E-02));
#5774 = CARTESIAN_POINT('',(0.613365587848,0.114209021107,
    6.776263578034E-18));
#5775 = CARTESIAN_POINT('',(0.618286954262,8.965200317386E-02,1.E-02));
#5776 = CARTESIAN_POINT('',(0.618286954262,8.965200317386E-02,
    6.776263578034E-18));
#5777 = CARTESIAN_POINT('',(0.621129495096,6.35151399962E-02,1.E-02));
#5778 = CARTESIAN_POINT('',(0.621129495096,6.35151399962E-02,
    6.776263578034E-18));
#5779 = CARTESIAN_POINT('',(0.621531838827,4.558183996695E-02,1.E-02));
#5780 = CARTESIAN_POINT('',(0.621531838827,4.558183996695E-02,
    6.776263578034E-18));
#5781 = CARTESIAN_POINT('',(0.621738908439,3.635231506455E-02,1.E-02));
#5782 = CARTESIAN_POINT('',(0.621738908439,3.635231506455E-02,
    6.776263578034E-18));
#5783 = ADVANCED_FACE('',(#5784),#5802,.T.);
#5784 = FACE_BOUND('',#5785,.T.);
#5785 = EDGE_LOOP('',(#5786,#5794,#5800,#5801));
#5786 = ORIENTED_EDGE('',*,*,#5787,.F.);
#5787 = EDGE_CURVE('',#5788,#5714,#5790,.T.);
#5788 = VERTEX_POINT('',#5789);
#5789 = CARTESIAN_POINT('',(0.299787688927,0.276329449211,0.));
#5790 = LINE('',#5791,#5792);
#5791 = CARTESIAN_POINT('',(0.299787688927,0.276329449211,0.));
#5792 = VECTOR('',#5793,1.);
#5793 = DIRECTION('',(1.,6.982962677686E-15,0.));
#5794 = ORIENTED_EDGE('',*,*,#5795,.F.);
#5795 = EDGE_CURVE('',#5572,#5788,#5796,.T.);
#5796 = LINE('',#5797,#5798);
#5797 = CARTESIAN_POINT('',(0.299787688927,0.276329449211,1.E-02));
#5798 = VECTOR('',#5799,1.);
#5799 = DIRECTION('',(0.,0.,-1.));
#5800 = ORIENTED_EDGE('',*,*,#5571,.T.);
#5801 = ORIENTED_EDGE('',*,*,#5737,.T.);
#5802 = PLANE('',#5803);
#5803 = AXIS2_PLACEMENT_3D('',#5804,#5805,#5806);
#5804 = CARTESIAN_POINT('',(0.299787688927,0.276329449211,1.E-02));
#5805 = DIRECTION('',(-6.982962677686E-15,1.,0.));
#5806 = DIRECTION('',(0.,0.,-1.));
#5807 = ADVANCED_FACE('',(#5808),#5819,.T.);
#5808 = FACE_BOUND('',#5809,.T.);
#5809 = EDGE_LOOP('',(#5810,#5816,#5817,#5818));
#5810 = ORIENTED_EDGE('',*,*,#5811,.F.);
#5811 = EDGE_CURVE('',#5611,#5788,#5812,.T.);
#5812 = LINE('',#5813,#5814);
#5813 = CARTESIAN_POINT('',(0.299787688927,-0.191963233716,0.));
#5814 = VECTOR('',#5815,1.);
#5815 = DIRECTION('',(-6.982962677686E-15,1.,0.));
#5816 = ORIENTED_EDGE('',*,*,#5625,.F.);
#5817 = ORIENTED_EDGE('',*,*,#5579,.T.);
#5818 = ORIENTED_EDGE('',*,*,#5795,.T.);
#5819 = PLANE('',#5820);
#5820 = AXIS2_PLACEMENT_3D('',#5821,#5822,#5823);
#5821 = CARTESIAN_POINT('',(0.299787688927,-0.191963233716,1.E-02));
#5822 = DIRECTION('',(-1.,-6.982962677686E-15,-0.));
#5823 = DIRECTION('',(0.,0.,-1.));
#5824 = ADVANCED_FACE('',(#5825),#5850,.T.);
#5825 = FACE_BOUND('',#5826,.T.);
#5826 = EDGE_LOOP('',(#5827,#5828,#5836,#5844));
#5827 = ORIENTED_EDGE('',*,*,#2649,.F.);
#5828 = ORIENTED_EDGE('',*,*,#5829,.F.);
#5829 = EDGE_CURVE('',#5830,#2650,#5832,.T.);
#5830 = VERTEX_POINT('',#5831);
#5831 = CARTESIAN_POINT('',(0.102226713317,0.276329449211,1.E-02));
#5832 = LINE('',#5833,#5834);
#5833 = CARTESIAN_POINT('',(0.102226713317,0.276329449211,1.E-02));
#5834 = VECTOR('',#5835,1.);
#5835 = DIRECTION('',(0.,0.,-1.));
#5836 = ORIENTED_EDGE('',*,*,#5837,.T.);
#5837 = EDGE_CURVE('',#5830,#5838,#5840,.T.);
#5838 = VERTEX_POINT('',#5839);
#5839 = CARTESIAN_POINT('',(0.102226713317,0.342183107747,1.E-02));
#5840 = LINE('',#5841,#5842);
#5841 = CARTESIAN_POINT('',(0.102226713317,0.276329449211,1.E-02));
#5842 = VECTOR('',#5843,1.);
#5843 = DIRECTION('',(-6.982962677686E-15,1.,0.));
#5844 = ORIENTED_EDGE('',*,*,#5845,.T.);
#5845 = EDGE_CURVE('',#5838,#2652,#5846,.T.);
#5846 = LINE('',#5847,#5848);
#5847 = CARTESIAN_POINT('',(0.102226713317,0.342183107747,1.E-02));
#5848 = VECTOR('',#5849,1.);
#5849 = DIRECTION('',(0.,0.,-1.));
#5850 = PLANE('',#5851);
#5851 = AXIS2_PLACEMENT_3D('',#5852,#5853,#5854);
#5852 = CARTESIAN_POINT('',(0.102226713317,0.276329449211,1.E-02));
#5853 = DIRECTION('',(-1.,-6.982962677686E-15,-0.));
#5854 = DIRECTION('',(0.,0.,-1.));
#5855 = ADVANCED_FACE('',(#5856),#5874,.T.);
#5856 = FACE_BOUND('',#5857,.T.);
#5857 = EDGE_LOOP('',(#5858,#5859,#5860,#5868));
#5858 = ORIENTED_EDGE('',*,*,#2659,.F.);
#5859 = ORIENTED_EDGE('',*,*,#5845,.F.);
#5860 = ORIENTED_EDGE('',*,*,#5861,.T.);
#5861 = EDGE_CURVE('',#5838,#5862,#5864,.T.);
#5862 = VERTEX_POINT('',#5863);
#5863 = CARTESIAN_POINT('',(-0.219724506195,0.342183107747,1.E-02));
#5864 = LINE('',#5865,#5866);
#5865 = CARTESIAN_POINT('',(0.102226713317,0.342183107747,1.E-02));
#5866 = VECTOR('',#5867,1.);
#5867 = DIRECTION('',(-1.,-6.982962677686E-15,0.));
#5868 = ORIENTED_EDGE('',*,*,#5869,.T.);
#5869 = EDGE_CURVE('',#5862,#2660,#5870,.T.);
#5870 = LINE('',#5871,#5872);
#5871 = CARTESIAN_POINT('',(-0.219724506195,0.342183107747,1.E-02));
#5872 = VECTOR('',#5873,1.);
#5873 = DIRECTION('',(0.,0.,-1.));
#5874 = PLANE('',#5875);
#5875 = AXIS2_PLACEMENT_3D('',#5876,#5877,#5878);
#5876 = CARTESIAN_POINT('',(0.102226713317,0.342183107747,1.E-02));
#5877 = DIRECTION('',(6.982962677686E-15,-1.,0.));
#5878 = DIRECTION('',(0.,0.,1.));
#5879 = ADVANCED_FACE('',(#5880),#5898,.T.);
#5880 = FACE_BOUND('',#5881,.T.);
#5881 = EDGE_LOOP('',(#5882,#5883,#5884,#5892));
#5882 = ORIENTED_EDGE('',*,*,#2667,.F.);
#5883 = ORIENTED_EDGE('',*,*,#5869,.F.);
#5884 = ORIENTED_EDGE('',*,*,#5885,.T.);
#5885 = EDGE_CURVE('',#5862,#5886,#5888,.T.);
#5886 = VERTEX_POINT('',#5887);
#5887 = CARTESIAN_POINT('',(-0.219724506195,-0.257816892253,1.E-02));
#5888 = LINE('',#5889,#5890);
#5889 = CARTESIAN_POINT('',(-0.219724506195,0.342183107747,1.E-02));
#5890 = VECTOR('',#5891,1.);
#5891 = DIRECTION('',(6.982962677686E-15,-1.,0.));
#5892 = ORIENTED_EDGE('',*,*,#5893,.T.);
#5893 = EDGE_CURVE('',#5886,#2668,#5894,.T.);
#5894 = LINE('',#5895,#5896);
#5895 = CARTESIAN_POINT('',(-0.219724506195,-0.257816892253,1.E-02));
#5896 = VECTOR('',#5897,1.);
#5897 = DIRECTION('',(0.,0.,-1.));
#5898 = PLANE('',#5899);
#5899 = AXIS2_PLACEMENT_3D('',#5900,#5901,#5902);
#5900 = CARTESIAN_POINT('',(-0.219724506195,0.342183107747,1.E-02));
#5901 = DIRECTION('',(1.,6.982962677686E-15,-0.));
#5902 = DIRECTION('',(0.,0.,1.));
#5903 = ADVANCED_FACE('',(#5904),#5922,.T.);
#5904 = FACE_BOUND('',#5905,.T.);
#5905 = EDGE_LOOP('',(#5906,#5907,#5908,#5916));
#5906 = ORIENTED_EDGE('',*,*,#2675,.F.);
#5907 = ORIENTED_EDGE('',*,*,#5893,.F.);
#5908 = ORIENTED_EDGE('',*,*,#5909,.T.);
#5909 = EDGE_CURVE('',#5886,#5910,#5912,.T.);
#5910 = VERTEX_POINT('',#5911);
#5911 = CARTESIAN_POINT('',(8.759256697548E-02,-0.257816892253,1.E-02));
#5912 = LINE('',#5913,#5914);
#5913 = CARTESIAN_POINT('',(-0.219724506195,-0.257816892253,1.E-02));
#5914 = VECTOR('',#5915,1.);
#5915 = DIRECTION('',(1.,6.982962677686E-15,0.));
#5916 = ORIENTED_EDGE('',*,*,#5917,.T.);
#5917 = EDGE_CURVE('',#5910,#2676,#5918,.T.);
#5918 = LINE('',#5919,#5920);
#5919 = CARTESIAN_POINT('',(8.759256697548E-02,-0.257816892253,1.E-02));
#5920 = VECTOR('',#5921,1.);
#5921 = DIRECTION('',(0.,0.,-1.));
#5922 = PLANE('',#5923);
#5923 = AXIS2_PLACEMENT_3D('',#5924,#5925,#5926);
#5924 = CARTESIAN_POINT('',(-0.219724506195,-0.257816892253,1.E-02));
#5925 = DIRECTION('',(-6.982962677686E-15,1.,0.));
#5926 = DIRECTION('',(0.,0.,-1.));
#5927 = ADVANCED_FACE('',(#5928),#5946,.T.);
#5928 = FACE_BOUND('',#5929,.T.);
#5929 = EDGE_LOOP('',(#5930,#5931,#5932,#5940));
#5930 = ORIENTED_EDGE('',*,*,#2683,.F.);
#5931 = ORIENTED_EDGE('',*,*,#5917,.F.);
#5932 = ORIENTED_EDGE('',*,*,#5933,.T.);
#5933 = EDGE_CURVE('',#5910,#5934,#5936,.T.);
#5934 = VERTEX_POINT('',#5935);
#5935 = CARTESIAN_POINT('',(8.759256697548E-02,-0.191963233716,1.E-02));
#5936 = LINE('',#5937,#5938);
#5937 = CARTESIAN_POINT('',(8.759256697548E-02,-0.257816892253,1.E-02));
#5938 = VECTOR('',#5939,1.);
#5939 = DIRECTION('',(-6.982962677686E-15,1.,0.));
#5940 = ORIENTED_EDGE('',*,*,#5941,.T.);
#5941 = EDGE_CURVE('',#5934,#2684,#5942,.T.);
#5942 = LINE('',#5943,#5944);
#5943 = CARTESIAN_POINT('',(8.759256697548E-02,-0.191963233716,1.E-02));
#5944 = VECTOR('',#5945,1.);
#5945 = DIRECTION('',(0.,0.,-1.));
#5946 = PLANE('',#5947);
#5947 = AXIS2_PLACEMENT_3D('',#5948,#5949,#5950);
#5948 = CARTESIAN_POINT('',(8.759256697548E-02,-0.257816892253,1.E-02));
#5949 = DIRECTION('',(-1.,-6.982962677686E-15,-0.));
#5950 = DIRECTION('',(0.,0.,-1.));
#5951 = ADVANCED_FACE('',(#5952),#5970,.T.);
#5952 = FACE_BOUND('',#5953,.T.);
#5953 = EDGE_LOOP('',(#5954,#5955,#5956,#5964));
#5954 = ORIENTED_EDGE('',*,*,#2691,.F.);
#5955 = ORIENTED_EDGE('',*,*,#5941,.F.);
#5956 = ORIENTED_EDGE('',*,*,#5957,.T.);
#5957 = EDGE_CURVE('',#5934,#5958,#5960,.T.);
#5958 = VERTEX_POINT('',#5959);
#5959 = CARTESIAN_POINT('',(-0.139236701317,-0.191963233716,1.E-02));
#5960 = LINE('',#5961,#5962);
#5961 = CARTESIAN_POINT('',(8.759256697548E-02,-0.191963233716,1.E-02));
#5962 = VECTOR('',#5963,1.);
#5963 = DIRECTION('',(-1.,-6.982962677686E-15,0.));
#5964 = ORIENTED_EDGE('',*,*,#5965,.T.);
#5965 = EDGE_CURVE('',#5958,#2692,#5966,.T.);
#5966 = LINE('',#5967,#5968);
#5967 = CARTESIAN_POINT('',(-0.139236701317,-0.191963233716,1.E-02));
#5968 = VECTOR('',#5969,1.);
#5969 = DIRECTION('',(0.,0.,-1.));
#5970 = PLANE('',#5971);
#5971 = AXIS2_PLACEMENT_3D('',#5972,#5973,#5974);
#5972 = CARTESIAN_POINT('',(8.759256697548E-02,-0.191963233716,1.E-02));
#5973 = DIRECTION('',(6.982962677686E-15,-1.,0.));
#5974 = DIRECTION('',(0.,0.,1.));
#5975 = ADVANCED_FACE('',(#5976),#5994,.T.);
#5976 = FACE_BOUND('',#5977,.T.);
#5977 = EDGE_LOOP('',(#5978,#5979,#5980,#5988));
#5978 = ORIENTED_EDGE('',*,*,#2699,.F.);
#5979 = ORIENTED_EDGE('',*,*,#5965,.F.);
#5980 = ORIENTED_EDGE('',*,*,#5981,.T.);
#5981 = EDGE_CURVE('',#5958,#5982,#5984,.T.);
#5982 = VERTEX_POINT('',#5983);
#5983 = CARTESIAN_POINT('',(-0.139236701317,5.597741893814E-03,1.E-02));
#5984 = LINE('',#5985,#5986);
#5985 = CARTESIAN_POINT('',(-0.139236701317,-0.191963233716,1.E-02));
#5986 = VECTOR('',#5987,1.);
#5987 = DIRECTION('',(-6.982962677686E-15,1.,0.));
#5988 = ORIENTED_EDGE('',*,*,#5989,.T.);
#5989 = EDGE_CURVE('',#5982,#2700,#5990,.T.);
#5990 = LINE('',#5991,#5992);
#5991 = CARTESIAN_POINT('',(-0.139236701317,5.597741893814E-03,1.E-02));
#5992 = VECTOR('',#5993,1.);
#5993 = DIRECTION('',(0.,0.,-1.));
#5994 = PLANE('',#5995);
#5995 = AXIS2_PLACEMENT_3D('',#5996,#5997,#5998);
#5996 = CARTESIAN_POINT('',(-0.139236701317,-0.191963233716,1.E-02));
#5997 = DIRECTION('',(-1.,-6.982962677686E-15,-0.));
#5998 = DIRECTION('',(0.,0.,-1.));
#5999 = ADVANCED_FACE('',(#6000),#6018,.T.);
#6000 = FACE_BOUND('',#6001,.T.);
#6001 = EDGE_LOOP('',(#6002,#6003,#6004,#6012));
#6002 = ORIENTED_EDGE('',*,*,#2707,.F.);
#6003 = ORIENTED_EDGE('',*,*,#5989,.F.);
#6004 = ORIENTED_EDGE('',*,*,#6005,.T.);
#6005 = EDGE_CURVE('',#5982,#6006,#6008,.T.);
#6006 = VERTEX_POINT('',#6007);
#6007 = CARTESIAN_POINT('',(7.295842063401E-02,5.597741893816E-03,1.E-02
    ));
#6008 = LINE('',#6009,#6010);
#6009 = CARTESIAN_POINT('',(-0.139236701317,5.597741893814E-03,1.E-02));
#6010 = VECTOR('',#6011,1.);
#6011 = DIRECTION('',(1.,6.982962677686E-15,0.));
#6012 = ORIENTED_EDGE('',*,*,#6013,.T.);
#6013 = EDGE_CURVE('',#6006,#2708,#6014,.T.);
#6014 = LINE('',#6015,#6016);
#6015 = CARTESIAN_POINT('',(7.295842063401E-02,5.597741893816E-03,1.E-02
    ));
#6016 = VECTOR('',#6017,1.);
#6017 = DIRECTION('',(0.,0.,-1.));
#6018 = PLANE('',#6019);
#6019 = AXIS2_PLACEMENT_3D('',#6020,#6021,#6022);
#6020 = CARTESIAN_POINT('',(-0.139236701317,5.597741893814E-03,1.E-02));
#6021 = DIRECTION('',(-6.982962677686E-15,1.,0.));
#6022 = DIRECTION('',(0.,0.,-1.));
#6023 = ADVANCED_FACE('',(#6024),#6042,.T.);
#6024 = FACE_BOUND('',#6025,.T.);
#6025 = EDGE_LOOP('',(#6026,#6027,#6028,#6036));
#6026 = ORIENTED_EDGE('',*,*,#2715,.F.);
#6027 = ORIENTED_EDGE('',*,*,#6013,.F.);
#6028 = ORIENTED_EDGE('',*,*,#6029,.T.);
#6029 = EDGE_CURVE('',#6006,#6030,#6032,.T.);
#6030 = VERTEX_POINT('',#6031);
#6031 = CARTESIAN_POINT('',(7.295842063401E-02,7.14514004304E-02,1.E-02)
  );
#6032 = LINE('',#6033,#6034);
#6033 = CARTESIAN_POINT('',(7.295842063401E-02,5.597741893816E-03,1.E-02
    ));
#6034 = VECTOR('',#6035,1.);
#6035 = DIRECTION('',(-6.982962677686E-15,1.,0.));
#6036 = ORIENTED_EDGE('',*,*,#6037,.T.);
#6037 = EDGE_CURVE('',#6030,#2716,#6038,.T.);
#6038 = LINE('',#6039,#6040);
#6039 = CARTESIAN_POINT('',(7.295842063401E-02,7.14514004304E-02,1.E-02)
  );
#6040 = VECTOR('',#6041,1.);
#6041 = DIRECTION('',(0.,0.,-1.));
#6042 = PLANE('',#6043);
#6043 = AXIS2_PLACEMENT_3D('',#6044,#6045,#6046);
#6044 = CARTESIAN_POINT('',(7.295842063401E-02,5.597741893816E-03,1.E-02
    ));
#6045 = DIRECTION('',(-1.,-6.982962677686E-15,-0.));
#6046 = DIRECTION('',(0.,0.,-1.));
#6047 = ADVANCED_FACE('',(#6048),#6066,.T.);
#6048 = FACE_BOUND('',#6049,.T.);
#6049 = EDGE_LOOP('',(#6050,#6051,#6052,#6060));
#6050 = ORIENTED_EDGE('',*,*,#2723,.F.);
#6051 = ORIENTED_EDGE('',*,*,#6037,.F.);
#6052 = ORIENTED_EDGE('',*,*,#6053,.T.);
#6053 = EDGE_CURVE('',#6030,#6054,#6056,.T.);
#6054 = VERTEX_POINT('',#6055);
#6055 = CARTESIAN_POINT('',(-0.139236701317,7.14514004304E-02,1.E-02));
#6056 = LINE('',#6057,#6058);
#6057 = CARTESIAN_POINT('',(7.295842063401E-02,7.14514004304E-02,1.E-02)
  );
#6058 = VECTOR('',#6059,1.);
#6059 = DIRECTION('',(-1.,-6.982962677686E-15,0.));
#6060 = ORIENTED_EDGE('',*,*,#6061,.T.);
#6061 = EDGE_CURVE('',#6054,#2724,#6062,.T.);
#6062 = LINE('',#6063,#6064);
#6063 = CARTESIAN_POINT('',(-0.139236701317,7.14514004304E-02,1.E-02));
#6064 = VECTOR('',#6065,1.);
#6065 = DIRECTION('',(0.,0.,-1.));
#6066 = PLANE('',#6067);
#6067 = AXIS2_PLACEMENT_3D('',#6068,#6069,#6070);
#6068 = CARTESIAN_POINT('',(7.295842063401E-02,7.14514004304E-02,1.E-02)
  );
#6069 = DIRECTION('',(6.982962677686E-15,-1.,0.));
#6070 = DIRECTION('',(0.,0.,1.));
#6071 = ADVANCED_FACE('',(#6072),#6090,.T.);
#6072 = FACE_BOUND('',#6073,.T.);
#6073 = EDGE_LOOP('',(#6074,#6075,#6076,#6084));
#6074 = ORIENTED_EDGE('',*,*,#2731,.F.);
#6075 = ORIENTED_EDGE('',*,*,#6061,.F.);
#6076 = ORIENTED_EDGE('',*,*,#6077,.T.);
#6077 = EDGE_CURVE('',#6054,#6078,#6080,.T.);
#6078 = VERTEX_POINT('',#6079);
#6079 = CARTESIAN_POINT('',(-0.139236701317,0.276329449211,1.E-02));
#6080 = LINE('',#6081,#6082);
#6081 = CARTESIAN_POINT('',(-0.139236701317,7.14514004304E-02,1.E-02));
#6082 = VECTOR('',#6083,1.);
#6083 = DIRECTION('',(-6.982962677686E-15,1.,0.));
#6084 = ORIENTED_EDGE('',*,*,#6085,.T.);
#6085 = EDGE_CURVE('',#6078,#2732,#6086,.T.);
#6086 = LINE('',#6087,#6088);
#6087 = CARTESIAN_POINT('',(-0.139236701317,0.276329449211,1.E-02));
#6088 = VECTOR('',#6089,1.);
#6089 = DIRECTION('',(0.,0.,-1.));
#6090 = PLANE('',#6091);
#6091 = AXIS2_PLACEMENT_3D('',#6092,#6093,#6094);
#6092 = CARTESIAN_POINT('',(-0.139236701317,7.14514004304E-02,1.E-02));
#6093 = DIRECTION('',(-1.,-6.982962677686E-15,-0.));
#6094 = DIRECTION('',(0.,0.,-1.));
#6095 = ADVANCED_FACE('',(#6096),#6107,.T.);
#6096 = FACE_BOUND('',#6097,.T.);
#6097 = EDGE_LOOP('',(#6098,#6099,#6100,#6106));
#6098 = ORIENTED_EDGE('',*,*,#2739,.F.);
#6099 = ORIENTED_EDGE('',*,*,#6085,.F.);
#6100 = ORIENTED_EDGE('',*,*,#6101,.T.);
#6101 = EDGE_CURVE('',#6078,#5830,#6102,.T.);
#6102 = LINE('',#6103,#6104);
#6103 = CARTESIAN_POINT('',(-0.139236701317,0.276329449211,1.E-02));
#6104 = VECTOR('',#6105,1.);
#6105 = DIRECTION('',(1.,6.982962677686E-15,0.));
#6106 = ORIENTED_EDGE('',*,*,#5829,.T.);
#6107 = PLANE('',#6108);
#6108 = AXIS2_PLACEMENT_3D('',#6109,#6110,#6111);
#6109 = CARTESIAN_POINT('',(-0.139236701317,0.276329449211,1.E-02));
#6110 = DIRECTION('',(-6.982962677686E-15,1.,0.));
#6111 = DIRECTION('',(0.,0.,-1.));
#6112 = ADVANCED_FACE('',(#6113),#6127,.F.);
#6113 = FACE_BOUND('',#6114,.T.);
#6114 = EDGE_LOOP('',(#6115,#6116,#6117,#6118,#6119,#6120,#6121,#6122,
    #6123,#6124,#6125,#6126));
#6115 = ORIENTED_EDGE('',*,*,#5837,.F.);
#6116 = ORIENTED_EDGE('',*,*,#6101,.F.);
#6117 = ORIENTED_EDGE('',*,*,#6077,.F.);
#6118 = ORIENTED_EDGE('',*,*,#6053,.F.);
#6119 = ORIENTED_EDGE('',*,*,#6029,.F.);
#6120 = ORIENTED_EDGE('',*,*,#6005,.F.);
#6121 = ORIENTED_EDGE('',*,*,#5981,.F.);
#6122 = ORIENTED_EDGE('',*,*,#5957,.F.);
#6123 = ORIENTED_EDGE('',*,*,#5933,.F.);
#6124 = ORIENTED_EDGE('',*,*,#5909,.F.);
#6125 = ORIENTED_EDGE('',*,*,#5885,.F.);
#6126 = ORIENTED_EDGE('',*,*,#5861,.F.);
#6127 = PLANE('',#6128);
#6128 = AXIS2_PLACEMENT_3D('',#6129,#6130,#6131);
#6129 = CARTESIAN_POINT('',(0.,0.,1.E-02));
#6130 = DIRECTION('',(0.,0.,1.));
#6131 = DIRECTION('',(-1.,-6.982962677686E-15,0.));
#6132 = ADVANCED_FACE('',(#6133),#6158,.T.);
#6133 = FACE_BOUND('',#6134,.T.);
#6134 = EDGE_LOOP('',(#6135,#6136,#6144,#6152));
#6135 = ORIENTED_EDGE('',*,*,#3131,.F.);
#6136 = ORIENTED_EDGE('',*,*,#6137,.F.);
#6137 = EDGE_CURVE('',#6138,#3132,#6140,.T.);
#6138 = VERTEX_POINT('',#6139);
#6139 = CARTESIAN_POINT('',(-0.336797676927,0.245231888235,1.E-02));
#6140 = LINE('',#6141,#6142);
#6141 = CARTESIAN_POINT('',(-0.336797676927,0.245231888235,1.E-02));
#6142 = VECTOR('',#6143,1.);
#6143 = DIRECTION('',(0.,0.,-1.));
#6144 = ORIENTED_EDGE('',*,*,#6145,.T.);
#6145 = EDGE_CURVE('',#6138,#6146,#6148,.T.);
#6146 = VERTEX_POINT('',#6147);
#6147 = CARTESIAN_POINT('',(-0.336797676927,0.311085546772,1.E-02));
#6148 = LINE('',#6149,#6150);
#6149 = CARTESIAN_POINT('',(-0.336797676927,0.245231888235,1.E-02));
#6150 = VECTOR('',#6151,1.);
#6151 = DIRECTION('',(-6.982962677686E-15,1.,0.));
#6152 = ORIENTED_EDGE('',*,*,#6153,.T.);
#6153 = EDGE_CURVE('',#6146,#3134,#6154,.T.);
#6154 = LINE('',#6155,#6156);
#6155 = CARTESIAN_POINT('',(-0.336797676927,0.311085546772,1.E-02));
#6156 = VECTOR('',#6157,1.);
#6157 = DIRECTION('',(0.,0.,-1.));
#6158 = PLANE('',#6159);
#6159 = AXIS2_PLACEMENT_3D('',#6160,#6161,#6162);
#6160 = CARTESIAN_POINT('',(-0.336797676927,0.245231888235,1.E-02));
#6161 = DIRECTION('',(-1.,-6.982962677686E-15,-0.));
#6162 = DIRECTION('',(0.,0.,-1.));
#6163 = ADVANCED_FACE('',(#6164),#6190,.T.);
#6164 = FACE_BOUND('',#6165,.T.);
#6165 = EDGE_LOOP('',(#6166,#6167,#6168,#6184));
#6166 = ORIENTED_EDGE('',*,*,#3141,.F.);
#6167 = ORIENTED_EDGE('',*,*,#6153,.F.);
#6168 = ORIENTED_EDGE('',*,*,#6169,.T.);
#6169 = EDGE_CURVE('',#6146,#6170,#6172,.T.);
#6170 = VERTEX_POINT('',#6171);
#6171 = CARTESIAN_POINT('',(-0.501889140342,0.349500180918,1.E-02));
#6172 = B_SPLINE_CURVE_WITH_KNOTS('',3,(#6173,#6174,#6175,#6176,#6177,
    #6178,#6179,#6180,#6181,#6182,#6183),.UNSPECIFIED.,.F.,.F.,(4,1,1,1,
    1,1,1,1,4),(0.,0.112448389909,0.226527675213,0.344401949326,
    0.465864972487,0.591659449352,0.722168487025,0.858606387555,1.),
  .UNSPECIFIED.);
#6173 = CARTESIAN_POINT('',(-0.336797676927,0.311085546772,1.E-02));
#6174 = CARTESIAN_POINT('',(-0.342427711392,0.314193096574,1.E-02));
#6175 = CARTESIAN_POINT('',(-0.353769435535,0.320453266531,1.E-02));
#6176 = CARTESIAN_POINT('',(-0.371907234226,0.328177720598,1.E-02));
#6177 = CARTESIAN_POINT('',(-0.39099259398,0.334840425764,1.E-02));
#6178 = CARTESIAN_POINT('',(-0.411192561468,0.340153335501,1.E-02));
#6179 = CARTESIAN_POINT('',(-0.432372853255,0.344423184951,1.E-02));
#6180 = CARTESIAN_POINT('',(-0.454645698797,0.347315306983,1.E-02));
#6181 = CARTESIAN_POINT('',(-0.477922860155,0.34921909679,1.E-02));
#6182 = CARTESIAN_POINT('',(-0.493805944161,0.349405378632,1.E-02));
#6183 = CARTESIAN_POINT('',(-0.501889140342,0.349500180918,1.E-02));
#6184 = ORIENTED_EDGE('',*,*,#6185,.T.);
#6185 = EDGE_CURVE('',#6170,#3142,#6186,.T.);
#6186 = LINE('',#6187,#6188);
#6187 = CARTESIAN_POINT('',(-0.501889140342,0.349500180918,1.E-02));
#6188 = VECTOR('',#6189,1.);
#6189 = DIRECTION('',(0.,0.,-1.));
#6190 = B_SPLINE_SURFACE_WITH_KNOTS('',3,1,(
    (#6191,#6192)
    ,(#6193,#6194)
    ,(#6195,#6196)
    ,(#6197,#6198)
    ,(#6199,#6200)
    ,(#6201,#6202)
    ,(#6203,#6204)
    ,(#6205,#6206)
    ,(#6207,#6208)
    ,(#6209,#6210)
    ,(#6211,#6212
  )),.UNSPECIFIED.,.F.,.F.,.F.,(4,1,1,1,1,1,1,1,4),(2,2),(0.,
    0.112448389909,0.226527675213,0.344401949326,0.465864972487,
    0.591659449352,0.722168487025,0.858606387555,1.),(0.,1.),
  .UNSPECIFIED.);
#6191 = CARTESIAN_POINT('',(-0.336797676927,0.311085546772,1.E-02));
#6192 = CARTESIAN_POINT('',(-0.336797676927,0.311085546772,
    6.776263578034E-18));
#6193 = CARTESIAN_POINT('',(-0.342427711392,0.314193096574,1.E-02));
#6194 = CARTESIAN_POINT('',(-0.342427711392,0.314193096574,
    6.776263578034E-18));
#6195 = CARTESIAN_POINT('',(-0.353769435535,0.320453266531,1.E-02));
#6196 = CARTESIAN_POINT('',(-0.353769435535,0.320453266531,
    6.776263578034E-18));
#6197 = CARTESIAN_POINT('',(-0.371907234226,0.328177720598,1.E-02));
#6198 = CARTESIAN_POINT('',(-0.371907234226,0.328177720598,
    6.776263578034E-18));
#6199 = CARTESIAN_POINT('',(-0.39099259398,0.334840425764,1.E-02));
#6200 = CARTESIAN_POINT('',(-0.39099259398,0.334840425764,
    6.776263578034E-18));
#6201 = CARTESIAN_POINT('',(-0.411192561468,0.340153335501,1.E-02));
#6202 = CARTESIAN_POINT('',(-0.411192561468,0.340153335501,
    6.776263578034E-18));
#6203 = CARTESIAN_POINT('',(-0.432372853255,0.344423184951,1.E-02));
#6204 = CARTESIAN_POINT('',(-0.432372853255,0.344423184951,
    6.776263578034E-18));
#6205 = CARTESIAN_POINT('',(-0.454645698797,0.347315306983,1.E-02));
#6206 = CARTESIAN_POINT('',(-0.454645698797,0.347315306983,
    6.776263578034E-18));
#6207 = CARTESIAN_POINT('',(-0.477922860155,0.34921909679,1.E-02));
#6208 = CARTESIAN_POINT('',(-0.477922860155,0.34921909679,
    6.776263578034E-18));
#6209 = CARTESIAN_POINT('',(-0.493805944161,0.349405378632,1.E-02));
#6210 = CARTESIAN_POINT('',(-0.493805944161,0.349405378632,
    6.776263578034E-18));
#6211 = CARTESIAN_POINT('',(-0.501889140342,0.349500180918,1.E-02));
#6212 = CARTESIAN_POINT('',(-0.501889140342,0.349500180918,
    6.776263578034E-18));
#6213 = ADVANCED_FACE('',(#6214),#6248,.T.);
#6214 = FACE_BOUND('',#6215,.T.);
#6215 = EDGE_LOOP('',(#6216,#6217,#6218,#6242));
#6216 = ORIENTED_EDGE('',*,*,#3157,.F.);
#6217 = ORIENTED_EDGE('',*,*,#6185,.F.);
#6218 = ORIENTED_EDGE('',*,*,#6219,.T.);
#6219 = EDGE_CURVE('',#6170,#6220,#6222,.T.);
#6220 = VERTEX_POINT('',#6221);
#6221 = CARTESIAN_POINT('',(-0.783139140342,5.350170530844E-02,1.E-02));
#6222 = B_SPLINE_CURVE_WITH_KNOTS('',3,(#6223,#6224,#6225,#6226,#6227,
    #6228,#6229,#6230,#6231,#6232,#6233,#6234,#6235,#6236,#6237,#6238,
    #6239,#6240,#6241),.UNSPECIFIED.,.F.,.F.,(4,1,1,1,1,1,1,1,1,1,1,1,1,
    1,1,1,4),(0.,6.783324845577E-02,0.132655536508,0.195050884051,
    0.255582933069,0.314799834147,0.373600472826,0.432545595327,
    0.492430629284,0.552671255963,0.612513044188,0.672610250357,
    0.733838369314,0.796594238568,0.861449799291,0.929198942351,1.),
  .UNSPECIFIED.);
#6223 = CARTESIAN_POINT('',(-0.501889140342,0.349500180918,1.E-02));
#6224 = CARTESIAN_POINT('',(-0.512304577272,0.349267886667,1.E-02));
#6225 = CARTESIAN_POINT('',(-0.532673134072,0.348813609168,1.E-02));
#6226 = CARTESIAN_POINT('',(-0.562428611191,0.344992477813,1.E-02));
#6227 = CARTESIAN_POINT('',(-0.590578377259,0.338612968875,1.E-02));
#6228 = CARTESIAN_POINT('',(-0.617112655001,0.329649524287,1.E-02));
#6229 = CARTESIAN_POINT('',(-0.642124273757,0.318323277668,1.E-02));
#6230 = CARTESIAN_POINT('',(-0.665483670845,0.304322919431,1.E-02));
#6231 = CARTESIAN_POINT('',(-0.687036264048,0.287538192203,1.E-02));
#6232 = CARTESIAN_POINT('',(-0.707067250843,0.268645697583,1.E-02));
#6233 = CARTESIAN_POINT('',(-0.724940261824,0.247507633346,1.E-02));
#6234 = CARTESIAN_POINT('',(-0.740584710018,0.224643622456,1.E-02));
#6235 = CARTESIAN_POINT('',(-0.753819839164,0.200124779879,1.E-02));
#6236 = CARTESIAN_POINT('',(-0.764559252064,0.173937645067,1.E-02));
#6237 = CARTESIAN_POINT('',(-0.772928432115,0.146135375712,1.E-02));
#6238 = CARTESIAN_POINT('',(-0.778781154211,0.116692945852,1.E-02));
#6239 = CARTESIAN_POINT('',(-0.782584636591,8.565166272072E-02,1.E-02));
#6240 = CARTESIAN_POINT('',(-0.782951611247,6.437458472656E-02,1.E-02));
#6241 = CARTESIAN_POINT('',(-0.783139140342,5.350170530844E-02,1.E-02));
#6242 = ORIENTED_EDGE('',*,*,#6243,.T.);
#6243 = EDGE_CURVE('',#6220,#3158,#6244,.T.);
#6244 = LINE('',#6245,#6246);
#6245 = CARTESIAN_POINT('',(-0.783139140342,5.350170530844E-02,1.E-02));
#6246 = VECTOR('',#6247,1.);
#6247 = DIRECTION('',(0.,0.,-1.));
#6248 = B_SPLINE_SURFACE_WITH_KNOTS('',3,1,(
    (#6249,#6250)
    ,(#6251,#6252)
    ,(#6253,#6254)
    ,(#6255,#6256)
    ,(#6257,#6258)
    ,(#6259,#6260)
    ,(#6261,#6262)
    ,(#6263,#6264)
    ,(#6265,#6266)
    ,(#6267,#6268)
    ,(#6269,#6270)
    ,(#6271,#6272)
    ,(#6273,#6274)
    ,(#6275,#6276)
    ,(#6277,#6278)
    ,(#6279,#6280)
    ,(#6281,#6282)
    ,(#6283,#6284)
    ,(#6285,#6286
    )),.UNSPECIFIED.,.F.,.F.,.F.,(4,1,1,1,1,1,1,1,1,1,1,1,1,1,1,1,4),(2,
    2),(0.,6.783324845577E-02,0.132655536508,0.195050884051,
    0.255582933069,0.314799834147,0.373600472826,0.432545595327,
    0.492430629284,0.552671255963,0.612513044188,0.672610250357,
    0.733838369314,0.796594238568,0.861449799291,0.929198942351,1.),(0.,
    1.),.UNSPECIFIED.);
#6249 = CARTESIAN_POINT('',(-0.501889140342,0.349500180918,1.E-02));
#6250 = CARTESIAN_POINT('',(-0.501889140342,0.349500180918,
    6.776263578034E-18));
#6251 = CARTESIAN_POINT('',(-0.512304577272,0.349267886667,1.E-02));
#6252 = CARTESIAN_POINT('',(-0.512304577272,0.349267886667,
    6.776263578034E-18));
#6253 = CARTESIAN_POINT('',(-0.532673134072,0.348813609168,1.E-02));
#6254 = CARTESIAN_POINT('',(-0.532673134072,0.348813609168,
    6.776263578034E-18));
#6255 = CARTESIAN_POINT('',(-0.562428611191,0.344992477813,1.E-02));
#6256 = CARTESIAN_POINT('',(-0.562428611191,0.344992477813,
    6.776263578034E-18));
#6257 = CARTESIAN_POINT('',(-0.590578377259,0.338612968875,1.E-02));
#6258 = CARTESIAN_POINT('',(-0.590578377259,0.338612968875,
    6.776263578034E-18));
#6259 = CARTESIAN_POINT('',(-0.617112655001,0.329649524287,1.E-02));
#6260 = CARTESIAN_POINT('',(-0.617112655001,0.329649524287,
    6.776263578034E-18));
#6261 = CARTESIAN_POINT('',(-0.642124273757,0.318323277668,1.E-02));
#6262 = CARTESIAN_POINT('',(-0.642124273757,0.318323277668,
    6.776263578034E-18));
#6263 = CARTESIAN_POINT('',(-0.665483670845,0.304322919431,1.E-02));
#6264 = CARTESIAN_POINT('',(-0.665483670845,0.304322919431,
    6.776263578034E-18));
#6265 = CARTESIAN_POINT('',(-0.687036264048,0.287538192203,1.E-02));
#6266 = CARTESIAN_POINT('',(-0.687036264048,0.287538192203,
    6.776263578034E-18));
#6267 = CARTESIAN_POINT('',(-0.707067250843,0.268645697583,1.E-02));
#6268 = CARTESIAN_POINT('',(-0.707067250843,0.268645697583,
    6.776263578034E-18));
#6269 = CARTESIAN_POINT('',(-0.724940261824,0.247507633346,1.E-02));
#6270 = CARTESIAN_POINT('',(-0.724940261824,0.247507633346,
    6.776263578034E-18));
#6271 = CARTESIAN_POINT('',(-0.740584710018,0.224643622456,1.E-02));
#6272 = CARTESIAN_POINT('',(-0.740584710018,0.224643622456,
    6.776263578034E-18));
#6273 = CARTESIAN_POINT('',(-0.753819839164,0.200124779879,1.E-02));
#6274 = CARTESIAN_POINT('',(-0.753819839164,0.200124779879,
    6.776263578034E-18));
#6275 = CARTESIAN_POINT('',(-0.764559252064,0.173937645067,1.E-02));
#6276 = CARTESIAN_POINT('',(-0.764559252064,0.173937645067,
    6.776263578034E-18));
#6277 = CARTESIAN_POINT('',(-0.772928432115,0.146135375712,1.E-02));
#6278 = CARTESIAN_POINT('',(-0.772928432115,0.146135375712,
    6.776263578034E-18));
#6279 = CARTESIAN_POINT('',(-0.778781154211,0.116692945852,1.E-02));
#6280 = CARTESIAN_POINT('',(-0.778781154211,0.116692945852,
    6.776263578034E-18));
#6281 = CARTESIAN_POINT('',(-0.782584636591,8.565166272072E-02,1.E-02));
#6282 = CARTESIAN_POINT('',(-0.782584636591,8.565166272072E-02,
    6.776263578034E-18));
#6283 = CARTESIAN_POINT('',(-0.782951611247,6.437458472656E-02,1.E-02));
#6284 = CARTESIAN_POINT('',(-0.782951611247,6.437458472656E-02,
    6.776263578034E-18));
#6285 = CARTESIAN_POINT('',(-0.783139140342,5.350170530844E-02,1.E-02));
#6286 = CARTESIAN_POINT('',(-0.783139140342,5.350170530844E-02,
    6.776263578034E-18));
#6287 = ADVANCED_FACE('',(#6288),#6322,.T.);
#6288 = FACE_BOUND('',#6289,.T.);
#6289 = EDGE_LOOP('',(#6290,#6291,#6292,#6316));
#6290 = ORIENTED_EDGE('',*,*,#3181,.F.);
#6291 = ORIENTED_EDGE('',*,*,#6243,.F.);
#6292 = ORIENTED_EDGE('',*,*,#6293,.T.);
#6293 = EDGE_CURVE('',#6220,#6294,#6296,.T.);
#6294 = VERTEX_POINT('',#6295);
#6295 = CARTESIAN_POINT('',(-0.477994323268,-0.265133965423,1.E-02));
#6296 = B_SPLINE_CURVE_WITH_KNOTS('',3,(#6297,#6298,#6299,#6300,#6301,
    #6302,#6303,#6304,#6305,#6306,#6307,#6308,#6309,#6310,#6311,#6312,
    #6313,#6314,#6315),.UNSPECIFIED.,.F.,.F.,(4,1,1,1,1,1,1,1,1,1,1,1,1,
    1,1,1,4),(0.,7.064371857535E-02,0.138256715509,0.203364124218,
    0.266324093803,0.327904761543,0.388737715173,0.449423528109,
    0.510861011459,0.572079396048,0.631734428731,0.691117210579,
    0.75036002949,0.810032900531,0.871362450829,0.934427141231,1.),
  .UNSPECIFIED.);
#6297 = CARTESIAN_POINT('',(-0.783139140342,5.350170530844E-02,1.E-02));
#6298 = CARTESIAN_POINT('',(-0.782877826268,4.182839864257E-02,1.E-02));
#6299 = CARTESIAN_POINT('',(-0.782366408889,1.898258770141E-02,1.E-02));
#6300 = CARTESIAN_POINT('',(-0.778301339477,-1.442358732487E-02,1.E-02)
  );
#6301 = CARTESIAN_POINT('',(-0.771631224435,-4.609998459798E-02,1.E-02)
  );
#6302 = CARTESIAN_POINT('',(-0.762085413831,-7.599852020565E-02,1.E-02)
  );
#6303 = CARTESIAN_POINT('',(-0.7499295997,-0.104159603956,1.E-02));
#6304 = CARTESIAN_POINT('',(-0.735153450812,-0.130620706692,1.E-02));
#6305 = CARTESIAN_POINT('',(-0.717516870107,-0.155245492565,1.E-02));
#6306 = CARTESIAN_POINT('',(-0.697300725413,-0.177866588177,1.E-02));
#6307 = CARTESIAN_POINT('',(-0.675173952579,-0.198370692078,1.E-02));
#6308 = CARTESIAN_POINT('',(-0.651299258273,-0.216262945762,1.E-02));
#6309 = CARTESIAN_POINT('',(-0.625964630329,-0.231383395096,1.E-02));
#6310 = CARTESIAN_POINT('',(-0.599205928669,-0.243831748942,1.E-02));
#6311 = CARTESIAN_POINT('',(-0.570924783868,-0.253334106661,1.E-02));
#6312 = CARTESIAN_POINT('',(-0.5412535156,-0.260158447553,1.E-02));
#6313 = CARTESIAN_POINT('',(-0.510089936725,-0.264387204588,1.E-02));
#6314 = CARTESIAN_POINT('',(-0.48883102945,-0.264881830415,1.E-02));
#6315 = CARTESIAN_POINT('',(-0.477994323268,-0.265133965423,1.E-02));
#6316 = ORIENTED_EDGE('',*,*,#6317,.T.);
#6317 = EDGE_CURVE('',#6294,#3182,#6318,.T.);
#6318 = LINE('',#6319,#6320);
#6319 = CARTESIAN_POINT('',(-0.477994323268,-0.265133965423,1.E-02));
#6320 = VECTOR('',#6321,1.);
#6321 = DIRECTION('',(0.,0.,-1.));
#6322 = B_SPLINE_SURFACE_WITH_KNOTS('',3,1,(
    (#6323,#6324)
    ,(#6325,#6326)
    ,(#6327,#6328)
    ,(#6329,#6330)
    ,(#6331,#6332)
    ,(#6333,#6334)
    ,(#6335,#6336)
    ,(#6337,#6338)
    ,(#6339,#6340)
    ,(#6341,#6342)
    ,(#6343,#6344)
    ,(#6345,#6346)
    ,(#6347,#6348)
    ,(#6349,#6350)
    ,(#6351,#6352)
    ,(#6353,#6354)
    ,(#6355,#6356)
    ,(#6357,#6358)
    ,(#6359,#6360
    )),.UNSPECIFIED.,.F.,.F.,.F.,(4,1,1,1,1,1,1,1,1,1,1,1,1,1,1,1,4),(2,
    2),(0.,7.064371857535E-02,0.138256715509,0.203364124218,
    0.266324093803,0.327904761543,0.388737715173,0.449423528109,
    0.510861011459,0.572079396048,0.631734428731,0.691117210579,
    0.75036002949,0.810032900531,0.871362450829,0.934427141231,1.),(0.,
    1.),.UNSPECIFIED.);
#6323 = CARTESIAN_POINT('',(-0.783139140342,5.350170530844E-02,1.E-02));
#6324 = CARTESIAN_POINT('',(-0.783139140342,5.350170530844E-02,
    6.776263578034E-18));
#6325 = CARTESIAN_POINT('',(-0.782877826268,4.182839864257E-02,1.E-02));
#6326 = CARTESIAN_POINT('',(-0.782877826268,4.182839864257E-02,
    6.776263578034E-18));
#6327 = CARTESIAN_POINT('',(-0.782366408889,1.898258770141E-02,1.E-02));
#6328 = CARTESIAN_POINT('',(-0.782366408889,1.898258770141E-02,
    6.776263578034E-18));
#6329 = CARTESIAN_POINT('',(-0.778301339477,-1.442358732487E-02,1.E-02)
  );
#6330 = CARTESIAN_POINT('',(-0.778301339477,-1.442358732487E-02,
    6.776263578034E-18));
#6331 = CARTESIAN_POINT('',(-0.771631224435,-4.609998459798E-02,1.E-02)
  );
#6332 = CARTESIAN_POINT('',(-0.771631224435,-4.609998459798E-02,
    6.776263578034E-18));
#6333 = CARTESIAN_POINT('',(-0.762085413831,-7.599852020565E-02,1.E-02)
  );
#6334 = CARTESIAN_POINT('',(-0.762085413831,-7.599852020565E-02,
    6.776263578034E-18));
#6335 = CARTESIAN_POINT('',(-0.7499295997,-0.104159603956,1.E-02));
#6336 = CARTESIAN_POINT('',(-0.7499295997,-0.104159603956,
    6.776263578034E-18));
#6337 = CARTESIAN_POINT('',(-0.735153450812,-0.130620706692,1.E-02));
#6338 = CARTESIAN_POINT('',(-0.735153450812,-0.130620706692,
    6.776263578034E-18));
#6339 = CARTESIAN_POINT('',(-0.717516870107,-0.155245492565,1.E-02));
#6340 = CARTESIAN_POINT('',(-0.717516870107,-0.155245492565,
    6.776263578034E-18));
#6341 = CARTESIAN_POINT('',(-0.697300725413,-0.177866588177,1.E-02));
#6342 = CARTESIAN_POINT('',(-0.697300725413,-0.177866588177,
    6.776263578034E-18));
#6343 = CARTESIAN_POINT('',(-0.675173952579,-0.198370692078,1.E-02));
#6344 = CARTESIAN_POINT('',(-0.675173952579,-0.198370692078,
    6.776263578034E-18));
#6345 = CARTESIAN_POINT('',(-0.651299258273,-0.216262945762,1.E-02));
#6346 = CARTESIAN_POINT('',(-0.651299258273,-0.216262945762,
    6.776263578034E-18));
#6347 = CARTESIAN_POINT('',(-0.625964630329,-0.231383395096,1.E-02));
#6348 = CARTESIAN_POINT('',(-0.625964630329,-0.231383395096,
    6.776263578034E-18));
#6349 = CARTESIAN_POINT('',(-0.599205928669,-0.243831748942,1.E-02));
#6350 = CARTESIAN_POINT('',(-0.599205928669,-0.243831748942,
    6.776263578034E-18));
#6351 = CARTESIAN_POINT('',(-0.570924783868,-0.253334106661,1.E-02));
#6352 = CARTESIAN_POINT('',(-0.570924783868,-0.253334106661,
    6.776263578034E-18));
#6353 = CARTESIAN_POINT('',(-0.5412535156,-0.260158447553,1.E-02));
#6354 = CARTESIAN_POINT('',(-0.5412535156,-0.260158447553,
    6.776263578034E-18));
#6355 = CARTESIAN_POINT('',(-0.510089936725,-0.264387204588,1.E-02));
#6356 = CARTESIAN_POINT('',(-0.510089936725,-0.264387204588,
    6.776263578034E-18));
#6357 = CARTESIAN_POINT('',(-0.48883102945,-0.264881830415,1.E-02));
#6358 = CARTESIAN_POINT('',(-0.48883102945,-0.264881830415,
    6.776263578034E-18));
#6359 = CARTESIAN_POINT('',(-0.477994323268,-0.265133965423,1.E-02));
#6360 = CARTESIAN_POINT('',(-0.477994323268,-0.265133965423,
    6.776263578034E-18));
#6361 = ADVANCED_FACE('',(#6362),#6388,.T.);
#6362 = FACE_BOUND('',#6363,.T.);
#6363 = EDGE_LOOP('',(#6364,#6365,#6366,#6382));
#6364 = ORIENTED_EDGE('',*,*,#3205,.F.);
#6365 = ORIENTED_EDGE('',*,*,#6317,.F.);
#6366 = ORIENTED_EDGE('',*,*,#6367,.T.);
#6367 = EDGE_CURVE('',#6294,#6368,#6370,.T.);
#6368 = VERTEX_POINT('',#6369);
#6369 = CARTESIAN_POINT('',(-0.336797676927,-0.241353477618,1.E-02));
#6370 = B_SPLINE_CURVE_WITH_KNOTS('',3,(#6371,#6372,#6373,#6374,#6375,
    #6376,#6377,#6378,#6379,#6380,#6381),.UNSPECIFIED.,.F.,.F.,(4,1,1,1,
    1,1,1,1,4),(0.,0.145186866472,0.28344261092,0.416524365929,
    0.543181123535,0.665153082638,0.781360206313,0.892756655642,1.),
  .UNSPECIFIED.);
#6371 = CARTESIAN_POINT('',(-0.477994323268,-0.265133965423,1.E-02));
#6372 = CARTESIAN_POINT('',(-0.471018206894,-0.265083958762,1.E-02));
#6373 = CARTESIAN_POINT('',(-0.457399009185,-0.264986332723,1.E-02));
#6374 = CARTESIAN_POINT('',(-0.437419462204,-0.263762093164,1.E-02));
#6375 = CARTESIAN_POINT('',(-0.418371095927,-0.262031867933,1.E-02));
#6376 = CARTESIAN_POINT('',(-0.400226345123,-0.259333894891,1.E-02));
#6377 = CARTESIAN_POINT('',(-0.382986143434,-0.256122239256,1.E-02));
#6378 = CARTESIAN_POINT('',(-0.366715075258,-0.251935692141,1.E-02));
#6379 = CARTESIAN_POINT('',(-0.351310857457,-0.24724469757,1.E-02));
#6380 = CARTESIAN_POINT('',(-0.341573751033,-0.243292191397,1.E-02));
#6381 = CARTESIAN_POINT('',(-0.336797676927,-0.241353477618,1.E-02));
#6382 = ORIENTED_EDGE('',*,*,#6383,.T.);
#6383 = EDGE_CURVE('',#6368,#3206,#6384,.T.);
#6384 = LINE('',#6385,#6386);
#6385 = CARTESIAN_POINT('',(-0.336797676927,-0.241353477618,1.E-02));
#6386 = VECTOR('',#6387,1.);
#6387 = DIRECTION('',(0.,0.,-1.));
#6388 = B_SPLINE_SURFACE_WITH_KNOTS('',3,1,(
    (#6389,#6390)
    ,(#6391,#6392)
    ,(#6393,#6394)
    ,(#6395,#6396)
    ,(#6397,#6398)
    ,(#6399,#6400)
    ,(#6401,#6402)
    ,(#6403,#6404)
    ,(#6405,#6406)
    ,(#6407,#6408)
    ,(#6409,#6410
  )),.UNSPECIFIED.,.F.,.F.,.F.,(4,1,1,1,1,1,1,1,4),(2,2),(0.,
    0.145186866472,0.28344261092,0.416524365929,0.543181123535,
    0.665153082638,0.781360206313,0.892756655642,1.),(0.,1.),
  .UNSPECIFIED.);
#6389 = CARTESIAN_POINT('',(-0.477994323268,-0.265133965423,1.E-02));
#6390 = CARTESIAN_POINT('',(-0.477994323268,-0.265133965423,
    6.776263578034E-18));
#6391 = CARTESIAN_POINT('',(-0.471018206894,-0.265083958762,1.E-02));
#6392 = CARTESIAN_POINT('',(-0.471018206894,-0.265083958762,
    6.776263578034E-18));
#6393 = CARTESIAN_POINT('',(-0.457399009185,-0.264986332723,1.E-02));
#6394 = CARTESIAN_POINT('',(-0.457399009185,-0.264986332723,
    6.776263578034E-18));
#6395 = CARTESIAN_POINT('',(-0.437419462204,-0.263762093164,1.E-02));
#6396 = CARTESIAN_POINT('',(-0.437419462204,-0.263762093164,
    6.776263578034E-18));
#6397 = CARTESIAN_POINT('',(-0.418371095927,-0.262031867933,1.E-02));
#6398 = CARTESIAN_POINT('',(-0.418371095927,-0.262031867933,
    6.776263578034E-18));
#6399 = CARTESIAN_POINT('',(-0.400226345123,-0.259333894891,1.E-02));
#6400 = CARTESIAN_POINT('',(-0.400226345123,-0.259333894891,
    6.776263578034E-18));
#6401 = CARTESIAN_POINT('',(-0.382986143434,-0.256122239256,1.E-02));
#6402 = CARTESIAN_POINT('',(-0.382986143434,-0.256122239256,
    6.776263578034E-18));
#6403 = CARTESIAN_POINT('',(-0.366715075258,-0.251935692141,1.E-02));
#6404 = CARTESIAN_POINT('',(-0.366715075258,-0.251935692141,
    6.776263578034E-18));
#6405 = CARTESIAN_POINT('',(-0.351310857457,-0.24724469757,1.E-02));
#6406 = CARTESIAN_POINT('',(-0.351310857457,-0.24724469757,
    6.776263578034E-18));
#6407 = CARTESIAN_POINT('',(-0.341573751033,-0.243292191397,1.E-02));
#6408 = CARTESIAN_POINT('',(-0.341573751033,-0.243292191397,
    6.776263578034E-18));
#6409 = CARTESIAN_POINT('',(-0.336797676927,-0.241353477618,1.E-02));
#6410 = CARTESIAN_POINT('',(-0.336797676927,-0.241353477618,
    6.776263578034E-18));
#6411 = ADVANCED_FACE('',(#6412),#6430,.T.);
#6412 = FACE_BOUND('',#6413,.T.);
#6413 = EDGE_LOOP('',(#6414,#6415,#6416,#6424));
#6414 = ORIENTED_EDGE('',*,*,#3221,.F.);
#6415 = ORIENTED_EDGE('',*,*,#6383,.F.);
#6416 = ORIENTED_EDGE('',*,*,#6417,.T.);
#6417 = EDGE_CURVE('',#6368,#6418,#6420,.T.);
#6418 = VERTEX_POINT('',#6419);
#6419 = CARTESIAN_POINT('',(-0.336797676927,-0.16086567274,1.E-02));
#6420 = LINE('',#6421,#6422);
#6421 = CARTESIAN_POINT('',(-0.336797676927,-0.241353477618,1.E-02));
#6422 = VECTOR('',#6423,1.);
#6423 = DIRECTION('',(-6.982962677686E-15,1.,0.));
#6424 = ORIENTED_EDGE('',*,*,#6425,.T.);
#6425 = EDGE_CURVE('',#6418,#3222,#6426,.T.);
#6426 = LINE('',#6427,#6428);
#6427 = CARTESIAN_POINT('',(-0.336797676927,-0.16086567274,1.E-02));
#6428 = VECTOR('',#6429,1.);
#6429 = DIRECTION('',(0.,0.,-1.));
#6430 = PLANE('',#6431);
#6431 = AXIS2_PLACEMENT_3D('',#6432,#6433,#6434);
#6432 = CARTESIAN_POINT('',(-0.336797676927,-0.241353477618,1.E-02));
#6433 = DIRECTION('',(-1.,-6.982962677686E-15,-0.));
#6434 = DIRECTION('',(0.,0.,-1.));
#6435 = ADVANCED_FACE('',(#6436),#6462,.T.);
#6436 = FACE_BOUND('',#6437,.T.);
#6437 = EDGE_LOOP('',(#6438,#6439,#6440,#6456));
#6438 = ORIENTED_EDGE('',*,*,#3229,.F.);
#6439 = ORIENTED_EDGE('',*,*,#6425,.F.);
#6440 = ORIENTED_EDGE('',*,*,#6441,.T.);
#6441 = EDGE_CURVE('',#6418,#6442,#6444,.T.);
#6442 = VERTEX_POINT('',#6443);
#6443 = CARTESIAN_POINT('',(-0.477308347659,-0.199280306887,1.E-02));
#6444 = B_SPLINE_CURVE_WITH_KNOTS('',3,(#6445,#6446,#6447,#6448,#6449,
    #6450,#6451,#6452,#6453,#6454,#6455),.UNSPECIFIED.,.F.,.F.,(4,1,1,1,
    1,1,1,1,4),(0.,0.125279696736,0.249419970742,0.373356799493,
    0.496681278782,0.620202915744,0.745086320161,0.871269195019,1.),
  .UNSPECIFIED.);
#6445 = CARTESIAN_POINT('',(-0.336797676927,-0.16086567274,1.E-02));
#6446 = CARTESIAN_POINT('',(-0.342125908304,-0.163961776535,1.E-02));
#6447 = CARTESIAN_POINT('',(-0.352733910627,-0.170125824965,1.E-02));
#6448 = CARTESIAN_POINT('',(-0.369418369596,-0.177832098621,1.E-02));
#6449 = CARTESIAN_POINT('',(-0.386424315486,-0.184516181525,1.E-02));
#6450 = CARTESIAN_POINT('',(-0.403870798419,-0.189851982023,1.E-02));
#6451 = CARTESIAN_POINT('',(-0.421648015416,-0.194160681876,1.E-02));
#6452 = CARTESIAN_POINT('',(-0.43984918662,-0.197050648303,1.E-02));
#6453 = CARTESIAN_POINT('',(-0.45843982726,-0.198995028457,1.E-02));
#6454 = CARTESIAN_POINT('',(-0.470977069833,-0.199184582529,1.E-02));
#6455 = CARTESIAN_POINT('',(-0.477308347659,-0.199280306887,1.E-02));
#6456 = ORIENTED_EDGE('',*,*,#6457,.T.);
#6457 = EDGE_CURVE('',#6442,#3230,#6458,.T.);
#6458 = LINE('',#6459,#6460);
#6459 = CARTESIAN_POINT('',(-0.477308347659,-0.199280306887,1.E-02));
#6460 = VECTOR('',#6461,1.);
#6461 = DIRECTION('',(0.,0.,-1.));
#6462 = B_SPLINE_SURFACE_WITH_KNOTS('',3,1,(
    (#6463,#6464)
    ,(#6465,#6466)
    ,(#6467,#6468)
    ,(#6469,#6470)
    ,(#6471,#6472)
    ,(#6473,#6474)
    ,(#6475,#6476)
    ,(#6477,#6478)
    ,(#6479,#6480)
    ,(#6481,#6482)
    ,(#6483,#6484
  )),.UNSPECIFIED.,.F.,.F.,.F.,(4,1,1,1,1,1,1,1,4),(2,2),(0.,
    0.125279696736,0.249419970742,0.373356799493,0.496681278782,
    0.620202915744,0.745086320161,0.871269195019,1.),(0.,1.),
  .UNSPECIFIED.);
#6463 = CARTESIAN_POINT('',(-0.336797676927,-0.16086567274,1.E-02));
#6464 = CARTESIAN_POINT('',(-0.336797676927,-0.16086567274,
    6.776263578034E-18));
#6465 = CARTESIAN_POINT('',(-0.342125908304,-0.163961776535,1.E-02));
#6466 = CARTESIAN_POINT('',(-0.342125908304,-0.163961776535,
    6.776263578034E-18));
#6467 = CARTESIAN_POINT('',(-0.352733910627,-0.170125824965,1.E-02));
#6468 = CARTESIAN_POINT('',(-0.352733910627,-0.170125824965,
    6.776263578034E-18));
#6469 = CARTESIAN_POINT('',(-0.369418369596,-0.177832098621,1.E-02));
#6470 = CARTESIAN_POINT('',(-0.369418369596,-0.177832098621,
    6.776263578034E-18));
#6471 = CARTESIAN_POINT('',(-0.386424315486,-0.184516181525,1.E-02));
#6472 = CARTESIAN_POINT('',(-0.386424315486,-0.184516181525,
    6.776263578034E-18));
#6473 = CARTESIAN_POINT('',(-0.403870798419,-0.189851982023,1.E-02));
#6474 = CARTESIAN_POINT('',(-0.403870798419,-0.189851982023,
    6.776263578034E-18));
#6475 = CARTESIAN_POINT('',(-0.421648015416,-0.194160681876,1.E-02));
#6476 = CARTESIAN_POINT('',(-0.421648015416,-0.194160681876,
    6.776263578034E-18));
#6477 = CARTESIAN_POINT('',(-0.43984918662,-0.197050648303,1.E-02));
#6478 = CARTESIAN_POINT('',(-0.43984918662,-0.197050648303,
    6.776263578034E-18));
#6479 = CARTESIAN_POINT('',(-0.45843982726,-0.198995028457,1.E-02));
#6480 = CARTESIAN_POINT('',(-0.45843982726,-0.198995028457,
    6.776263578034E-18));
#6481 = CARTESIAN_POINT('',(-0.470977069833,-0.199184582529,1.E-02));
#6482 = CARTESIAN_POINT('',(-0.470977069833,-0.199184582529,
    6.776263578034E-18));
#6483 = CARTESIAN_POINT('',(-0.477308347659,-0.199280306887,1.E-02));
#6484 = CARTESIAN_POINT('',(-0.477308347659,-0.199280306887,
    6.776263578034E-18));
#6485 = ADVANCED_FACE('',(#6486),#6520,.T.);
#6486 = FACE_BOUND('',#6487,.T.);
#6487 = EDGE_LOOP('',(#6488,#6489,#6490,#6514));
#6488 = ORIENTED_EDGE('',*,*,#3245,.F.);
#6489 = ORIENTED_EDGE('',*,*,#6457,.F.);
#6490 = ORIENTED_EDGE('',*,*,#6491,.T.);
#6491 = EDGE_CURVE('',#6442,#6492,#6494,.T.);
#6492 = VERTEX_POINT('',#6493);
#6493 = CARTESIAN_POINT('',(-0.702651335464,4.858554677186E-02,1.E-02));
#6494 = B_SPLINE_CURVE_WITH_KNOTS('',3,(#6495,#6496,#6497,#6498,#6499,
    #6500,#6501,#6502,#6503,#6504,#6505,#6506,#6507,#6508,#6509,#6510,
    #6511,#6512,#6513),.UNSPECIFIED.,.F.,.F.,(4,1,1,1,1,1,1,1,1,1,1,1,1,
    1,1,1,4),(0.,6.460397028839E-02,0.126702413963,0.186756814036,
    0.245505687365,0.30365202445,0.361503073971,0.420240222928,
    0.480033340777,0.540678134776,0.601191806381,0.662333502477,
    0.724739510297,0.789467736173,0.856504860044,0.926312095839,1.),
  .UNSPECIFIED.);
#6495 = CARTESIAN_POINT('',(-0.477308347659,-0.199280306887,1.E-02));
#6496 = CARTESIAN_POINT('',(-0.485437964777,-0.199105505235,1.E-02));
#6497 = CARTESIAN_POINT('',(-0.501381909227,-0.19876268124,1.E-02));
#6498 = CARTESIAN_POINT('',(-0.524674795854,-0.195396783428,1.E-02));
#6499 = CARTESIAN_POINT('',(-0.546891231763,-0.190361019889,1.E-02));
#6500 = CARTESIAN_POINT('',(-0.567942130555,-0.182990789522,1.E-02));
#6501 = CARTESIAN_POINT('',(-0.587803588835,-0.173478371314,1.E-02));
#6502 = CARTESIAN_POINT('',(-0.606458383234,-0.161788086927,1.E-02));
#6503 = CARTESIAN_POINT('',(-0.624021079868,-0.148170575502,1.E-02));
#6504 = CARTESIAN_POINT('',(-0.640223765768,-0.13245595315,1.E-02));
#6505 = CARTESIAN_POINT('',(-0.654988919633,-0.115078090884,1.E-02));
#6506 = CARTESIAN_POINT('',(-0.667662617835,-9.592206448196E-02,1.E-02)
  );
#6507 = CARTESIAN_POINT('',(-0.678652637967,-7.550635642929E-02,1.E-02)
  );
#6508 = CARTESIAN_POINT('',(-0.687453424722,-5.347277828935E-02,1.E-02)
  );
#6509 = CARTESIAN_POINT('',(-0.694269124268,-2.999038396786E-02,1.E-02)
  );
#6510 = CARTESIAN_POINT('',(-0.699188622686,-5.09121516823E-03,1.E-02));
#6511 = CARTESIAN_POINT('',(-0.702038912295,2.127065088326E-02,1.E-02));
#6512 = CARTESIAN_POINT('',(-0.702443546776,3.931789220617E-02,1.E-02));
#6513 = CARTESIAN_POINT('',(-0.702651335464,4.858554677186E-02,1.E-02));
#6514 = ORIENTED_EDGE('',*,*,#6515,.T.);
#6515 = EDGE_CURVE('',#6492,#3246,#6516,.T.);
#6516 = LINE('',#6517,#6518);
#6517 = CARTESIAN_POINT('',(-0.702651335464,4.858554677186E-02,1.E-02));
#6518 = VECTOR('',#6519,1.);
#6519 = DIRECTION('',(0.,0.,-1.));
#6520 = B_SPLINE_SURFACE_WITH_KNOTS('',3,1,(
    (#6521,#6522)
    ,(#6523,#6524)
    ,(#6525,#6526)
    ,(#6527,#6528)
    ,(#6529,#6530)
    ,(#6531,#6532)
    ,(#6533,#6534)
    ,(#6535,#6536)
    ,(#6537,#6538)
    ,(#6539,#6540)
    ,(#6541,#6542)
    ,(#6543,#6544)
    ,(#6545,#6546)
    ,(#6547,#6548)
    ,(#6549,#6550)
    ,(#6551,#6552)
    ,(#6553,#6554)
    ,(#6555,#6556)
    ,(#6557,#6558
    )),.UNSPECIFIED.,.F.,.F.,.F.,(4,1,1,1,1,1,1,1,1,1,1,1,1,1,1,1,4),(2,
    2),(0.,6.460397028839E-02,0.126702413963,0.186756814036,
    0.245505687365,0.30365202445,0.361503073971,0.420240222928,
    0.480033340777,0.540678134776,0.601191806381,0.662333502477,
    0.724739510297,0.789467736173,0.856504860044,0.926312095839,1.),(0.,
    1.),.UNSPECIFIED.);
#6521 = CARTESIAN_POINT('',(-0.477308347659,-0.199280306887,1.E-02));
#6522 = CARTESIAN_POINT('',(-0.477308347659,-0.199280306887,
    6.776263578034E-18));
#6523 = CARTESIAN_POINT('',(-0.485437964777,-0.199105505235,1.E-02));
#6524 = CARTESIAN_POINT('',(-0.485437964777,-0.199105505235,
    6.776263578034E-18));
#6525 = CARTESIAN_POINT('',(-0.501381909227,-0.19876268124,1.E-02));
#6526 = CARTESIAN_POINT('',(-0.501381909227,-0.19876268124,
    6.776263578034E-18));
#6527 = CARTESIAN_POINT('',(-0.524674795854,-0.195396783428,1.E-02));
#6528 = CARTESIAN_POINT('',(-0.524674795854,-0.195396783428,
    6.776263578034E-18));
#6529 = CARTESIAN_POINT('',(-0.546891231763,-0.190361019889,1.E-02));
#6530 = CARTESIAN_POINT('',(-0.546891231763,-0.190361019889,
    6.776263578034E-18));
#6531 = CARTESIAN_POINT('',(-0.567942130555,-0.182990789522,1.E-02));
#6532 = CARTESIAN_POINT('',(-0.567942130555,-0.182990789522,
    6.776263578034E-18));
#6533 = CARTESIAN_POINT('',(-0.587803588835,-0.173478371314,1.E-02));
#6534 = CARTESIAN_POINT('',(-0.587803588835,-0.173478371314,
    6.776263578034E-18));
#6535 = CARTESIAN_POINT('',(-0.606458383234,-0.161788086927,1.E-02));
#6536 = CARTESIAN_POINT('',(-0.606458383234,-0.161788086927,
    6.776263578034E-18));
#6537 = CARTESIAN_POINT('',(-0.624021079868,-0.148170575502,1.E-02));
#6538 = CARTESIAN_POINT('',(-0.624021079868,-0.148170575502,
    6.776263578034E-18));
#6539 = CARTESIAN_POINT('',(-0.640223765768,-0.13245595315,1.E-02));
#6540 = CARTESIAN_POINT('',(-0.640223765768,-0.13245595315,
    6.776263578034E-18));
#6541 = CARTESIAN_POINT('',(-0.654988919633,-0.115078090884,1.E-02));
#6542 = CARTESIAN_POINT('',(-0.654988919633,-0.115078090884,
    6.776263578034E-18));
#6543 = CARTESIAN_POINT('',(-0.667662617835,-9.592206448196E-02,1.E-02)
  );
#6544 = CARTESIAN_POINT('',(-0.667662617835,-9.592206448196E-02,
    6.776263578034E-18));
#6545 = CARTESIAN_POINT('',(-0.678652637967,-7.550635642929E-02,1.E-02)
  );
#6546 = CARTESIAN_POINT('',(-0.678652637967,-7.550635642929E-02,
    6.776263578034E-18));
#6547 = CARTESIAN_POINT('',(-0.687453424722,-5.347277828935E-02,1.E-02)
  );
#6548 = CARTESIAN_POINT('',(-0.687453424722,-5.347277828935E-02,
    6.776263578034E-18));
#6549 = CARTESIAN_POINT('',(-0.694269124268,-2.999038396786E-02,1.E-02)
  );
#6550 = CARTESIAN_POINT('',(-0.694269124268,-2.999038396786E-02,
    6.776263578034E-18));
#6551 = CARTESIAN_POINT('',(-0.699188622686,-5.09121516823E-03,1.E-02));
#6552 = CARTESIAN_POINT('',(-0.699188622686,-5.09121516823E-03,
    6.776263578034E-18));
#6553 = CARTESIAN_POINT('',(-0.702038912295,2.127065088326E-02,1.E-02));
#6554 = CARTESIAN_POINT('',(-0.702038912295,2.127065088326E-02,
    6.776263578034E-18));
#6555 = CARTESIAN_POINT('',(-0.702443546776,3.931789220617E-02,1.E-02));
#6556 = CARTESIAN_POINT('',(-0.702443546776,3.931789220617E-02,
    6.776263578034E-18));
#6557 = CARTESIAN_POINT('',(-0.702651335464,4.858554677186E-02,1.E-02));
#6558 = CARTESIAN_POINT('',(-0.702651335464,4.858554677186E-02,
    6.776263578034E-18));
#6559 = ADVANCED_FACE('',(#6560),#6594,.T.);
#6560 = FACE_BOUND('',#6561,.T.);
#6561 = EDGE_LOOP('',(#6562,#6563,#6564,#6588));
#6562 = ORIENTED_EDGE('',*,*,#3269,.F.);
#6563 = ORIENTED_EDGE('',*,*,#6515,.F.);
#6564 = ORIENTED_EDGE('',*,*,#6565,.T.);
#6565 = EDGE_CURVE('',#6492,#6566,#6568,.T.);
#6566 = VERTEX_POINT('',#6567);
#6567 = CARTESIAN_POINT('',(-0.490799201317,0.283646522382,1.E-02));
#6568 = B_SPLINE_CURVE_WITH_KNOTS('',3,(#6569,#6570,#6571,#6572,#6573,
    #6574,#6575,#6576,#6577,#6578,#6579,#6580,#6581,#6582,#6583,#6584,
    #6585,#6586,#6587),.UNSPECIFIED.,.F.,.F.,(4,1,1,1,1,1,1,1,1,1,1,1,1,
    1,1,1,4),(0.,7.377411937406E-02,0.144079114726,0.211348518309,
    0.27607688574,0.33852091582,0.399885116693,0.460254067465,
    0.520588964391,0.580207684563,0.638632908553,0.696364549491,
    0.75400177466,0.812805681374,0.872754425526,0.935181996978,1.),
  .UNSPECIFIED.);
#6569 = CARTESIAN_POINT('',(-0.702651335464,4.858554677186E-02,1.E-02));
#6570 = CARTESIAN_POINT('',(-0.702484643553,5.735827018932E-02,1.E-02));
#6571 = CARTESIAN_POINT('',(-0.702159098186,7.449119206556E-02,1.E-02));
#6572 = CARTESIAN_POINT('',(-0.699362146212,9.949779881926E-02,1.E-02));
#6573 = CARTESIAN_POINT('',(-0.694831399666,0.123141831926,1.E-02));
#6574 = CARTESIAN_POINT('',(-0.688463994647,0.145402450634,1.E-02));
#6575 = CARTESIAN_POINT('',(-0.680161131534,0.16625905428,1.E-02));
#6576 = CARTESIAN_POINT('',(-0.670131563882,0.185767058792,1.E-02));
#6577 = CARTESIAN_POINT('',(-0.65813995323,0.203838369773,1.E-02));
#6578 = CARTESIAN_POINT('',(-0.644451013352,0.220388385321,1.E-02));
#6579 = CARTESIAN_POINT('',(-0.629252684339,0.235229776587,1.E-02));
#6580 = CARTESIAN_POINT('',(-0.612863229575,0.24826385278,1.E-02));
#6581 = CARTESIAN_POINT('',(-0.595246941493,0.259143248879,1.E-02));
#6582 = CARTESIAN_POINT('',(-0.576568089087,0.268164789408,1.E-02));
#6583 = CARTESIAN_POINT('',(-0.556742277656,0.275139684523,1.E-02));
#6584 = CARTESIAN_POINT('',(-0.535732395469,0.280029330612,1.E-02));
#6585 = CARTESIAN_POINT('',(-0.513638951818,0.283057872196,1.E-02));
#6586 = CARTESIAN_POINT('',(-0.498507206324,0.283447863531,1.E-02));
#6587 = CARTESIAN_POINT('',(-0.490799201317,0.283646522382,1.E-02));
#6588 = ORIENTED_EDGE('',*,*,#6589,.T.);
#6589 = EDGE_CURVE('',#6566,#3270,#6590,.T.);
#6590 = LINE('',#6591,#6592);
#6591 = CARTESIAN_POINT('',(-0.490799201317,0.283646522382,1.E-02));
#6592 = VECTOR('',#6593,1.);
#6593 = DIRECTION('',(0.,0.,-1.));
#6594 = B_SPLINE_SURFACE_WITH_KNOTS('',3,1,(
    (#6595,#6596)
    ,(#6597,#6598)
    ,(#6599,#6600)
    ,(#6601,#6602)
    ,(#6603,#6604)
    ,(#6605,#6606)
    ,(#6607,#6608)
    ,(#6609,#6610)
    ,(#6611,#6612)
    ,(#6613,#6614)
    ,(#6615,#6616)
    ,(#6617,#6618)
    ,(#6619,#6620)
    ,(#6621,#6622)
    ,(#6623,#6624)
    ,(#6625,#6626)
    ,(#6627,#6628)
    ,(#6629,#6630)
    ,(#6631,#6632
    )),.UNSPECIFIED.,.F.,.F.,.F.,(4,1,1,1,1,1,1,1,1,1,1,1,1,1,1,1,4),(2,
    2),(0.,7.377411937406E-02,0.144079114726,0.211348518309,
    0.27607688574,0.33852091582,0.399885116693,0.460254067465,
    0.520588964391,0.580207684563,0.638632908553,0.696364549491,
    0.75400177466,0.812805681374,0.872754425526,0.935181996978,1.),(0.,
    1.),.UNSPECIFIED.);
#6595 = CARTESIAN_POINT('',(-0.702651335464,4.858554677186E-02,1.E-02));
#6596 = CARTESIAN_POINT('',(-0.702651335464,4.858554677186E-02,
    6.776263578034E-18));
#6597 = CARTESIAN_POINT('',(-0.702484643553,5.735827018932E-02,1.E-02));
#6598 = CARTESIAN_POINT('',(-0.702484643553,5.735827018932E-02,
    6.776263578034E-18));
#6599 = CARTESIAN_POINT('',(-0.702159098186,7.449119206556E-02,1.E-02));
#6600 = CARTESIAN_POINT('',(-0.702159098186,7.449119206556E-02,
    6.776263578034E-18));
#6601 = CARTESIAN_POINT('',(-0.699362146212,9.949779881926E-02,1.E-02));
#6602 = CARTESIAN_POINT('',(-0.699362146212,9.949779881926E-02,
    6.776263578034E-18));
#6603 = CARTESIAN_POINT('',(-0.694831399666,0.123141831926,1.E-02));
#6604 = CARTESIAN_POINT('',(-0.694831399666,0.123141831926,
    6.776263578034E-18));
#6605 = CARTESIAN_POINT('',(-0.688463994647,0.145402450634,1.E-02));
#6606 = CARTESIAN_POINT('',(-0.688463994647,0.145402450634,
    6.776263578034E-18));
#6607 = CARTESIAN_POINT('',(-0.680161131534,0.16625905428,1.E-02));
#6608 = CARTESIAN_POINT('',(-0.680161131534,0.16625905428,
    6.776263578034E-18));
#6609 = CARTESIAN_POINT('',(-0.670131563882,0.185767058792,1.E-02));
#6610 = CARTESIAN_POINT('',(-0.670131563882,0.185767058792,
    6.776263578034E-18));
#6611 = CARTESIAN_POINT('',(-0.65813995323,0.203838369773,1.E-02));
#6612 = CARTESIAN_POINT('',(-0.65813995323,0.203838369773,
    6.776263578034E-18));
#6613 = CARTESIAN_POINT('',(-0.644451013352,0.220388385321,1.E-02));
#6614 = CARTESIAN_POINT('',(-0.644451013352,0.220388385321,
    6.776263578034E-18));
#6615 = CARTESIAN_POINT('',(-0.629252684339,0.235229776587,1.E-02));
#6616 = CARTESIAN_POINT('',(-0.629252684339,0.235229776587,
    6.776263578034E-18));
#6617 = CARTESIAN_POINT('',(-0.612863229575,0.24826385278,1.E-02));
#6618 = CARTESIAN_POINT('',(-0.612863229575,0.24826385278,
    6.776263578034E-18));
#6619 = CARTESIAN_POINT('',(-0.595246941493,0.259143248879,1.E-02));
#6620 = CARTESIAN_POINT('',(-0.595246941493,0.259143248879,
    6.776263578034E-18));
#6621 = CARTESIAN_POINT('',(-0.576568089087,0.268164789408,1.E-02));
#6622 = CARTESIAN_POINT('',(-0.576568089087,0.268164789408,
    6.776263578034E-18));
#6623 = CARTESIAN_POINT('',(-0.556742277656,0.275139684523,1.E-02));
#6624 = CARTESIAN_POINT('',(-0.556742277656,0.275139684523,
    6.776263578034E-18));
#6625 = CARTESIAN_POINT('',(-0.535732395469,0.280029330612,1.E-02));
#6626 = CARTESIAN_POINT('',(-0.535732395469,0.280029330612,
    6.776263578034E-18));
#6627 = CARTESIAN_POINT('',(-0.513638951818,0.283057872196,1.E-02));
#6628 = CARTESIAN_POINT('',(-0.513638951818,0.283057872196,
    6.776263578034E-18));
#6629 = CARTESIAN_POINT('',(-0.498507206324,0.283447863531,1.E-02));
#6630 = CARTESIAN_POINT('',(-0.498507206324,0.283447863531,
    6.776263578034E-18));
#6631 = CARTESIAN_POINT('',(-0.490799201317,0.283646522382,1.E-02));
#6632 = CARTESIAN_POINT('',(-0.490799201317,0.283646522382,
    6.776263578034E-18));
#6633 = ADVANCED_FACE('',(#6634),#6653,.T.);
#6634 = FACE_BOUND('',#6635,.T.);
#6635 = EDGE_LOOP('',(#6636,#6637,#6638,#6652));
#6636 = ORIENTED_EDGE('',*,*,#3293,.F.);
#6637 = ORIENTED_EDGE('',*,*,#6589,.F.);
#6638 = ORIENTED_EDGE('',*,*,#6639,.T.);
#6639 = EDGE_CURVE('',#6566,#6138,#6640,.T.);
#6640 = B_SPLINE_CURVE_WITH_KNOTS('',3,(#6641,#6642,#6643,#6644,#6645,
    #6646,#6647,#6648,#6649,#6650,#6651),.UNSPECIFIED.,.F.,.F.,(4,1,1,1,
    1,1,1,1,4),(0.,0.135294604763,0.266765657925,0.394816018836,
    0.520051654434,0.642175702971,0.762651820558,0.881834004381,1.),
  .UNSPECIFIED.);
#6641 = CARTESIAN_POINT('',(-0.490799201317,0.283646522382,1.E-02));
#6642 = CARTESIAN_POINT('',(-0.483553948978,0.283551398053,1.E-02));
#6643 = CARTESIAN_POINT('',(-0.469268201881,0.283363837698,1.E-02));
#6644 = CARTESIAN_POINT('',(-0.448201072777,0.281439052729,1.E-02));
#6645 = CARTESIAN_POINT('',(-0.427794935508,0.27854212114,1.E-02));
#6646 = CARTESIAN_POINT('',(-0.408138484995,0.274278092307,1.E-02));
#6647 = CARTESIAN_POINT('',(-0.389164328609,0.268940490597,1.E-02));
#6648 = CARTESIAN_POINT('',(-0.370980036818,0.262236053932,1.E-02));
#6649 = CARTESIAN_POINT('',(-0.353391301745,0.254578200901,1.E-02));
#6650 = CARTESIAN_POINT('',(-0.342313075004,0.248338420742,1.E-02));
#6651 = CARTESIAN_POINT('',(-0.336797676927,0.245231888235,1.E-02));
#6652 = ORIENTED_EDGE('',*,*,#6137,.T.);
#6653 = B_SPLINE_SURFACE_WITH_KNOTS('',3,1,(
    (#6654,#6655)
    ,(#6656,#6657)
    ,(#6658,#6659)
    ,(#6660,#6661)
    ,(#6662,#6663)
    ,(#6664,#6665)
    ,(#6666,#6667)
    ,(#6668,#6669)
    ,(#6670,#6671)
    ,(#6672,#6673)
    ,(#6674,#6675
  )),.UNSPECIFIED.,.F.,.F.,.F.,(4,1,1,1,1,1,1,1,4),(2,2),(0.,
    0.135294604763,0.266765657925,0.394816018836,0.520051654434,
    0.642175702971,0.762651820558,0.881834004381,1.),(0.,1.),
  .UNSPECIFIED.);
#6654 = CARTESIAN_POINT('',(-0.490799201317,0.283646522382,1.E-02));
#6655 = CARTESIAN_POINT('',(-0.490799201317,0.283646522382,
    6.776263578034E-18));
#6656 = CARTESIAN_POINT('',(-0.483553948978,0.283551398053,1.E-02));
#6657 = CARTESIAN_POINT('',(-0.483553948978,0.283551398053,
    6.776263578034E-18));
#6658 = CARTESIAN_POINT('',(-0.469268201881,0.283363837698,1.E-02));
#6659 = CARTESIAN_POINT('',(-0.469268201881,0.283363837698,
    6.776263578034E-18));
#6660 = CARTESIAN_POINT('',(-0.448201072777,0.281439052729,1.E-02));
#6661 = CARTESIAN_POINT('',(-0.448201072777,0.281439052729,
    6.776263578034E-18));
#6662 = CARTESIAN_POINT('',(-0.427794935508,0.27854212114,1.E-02));
#6663 = CARTESIAN_POINT('',(-0.427794935508,0.27854212114,
    6.776263578034E-18));
#6664 = CARTESIAN_POINT('',(-0.408138484995,0.274278092307,1.E-02));
#6665 = CARTESIAN_POINT('',(-0.408138484995,0.274278092307,
    6.776263578034E-18));
#6666 = CARTESIAN_POINT('',(-0.389164328609,0.268940490597,1.E-02));
#6667 = CARTESIAN_POINT('',(-0.389164328609,0.268940490597,
    6.776263578034E-18));
#6668 = CARTESIAN_POINT('',(-0.370980036818,0.262236053932,1.E-02));
#6669 = CARTESIAN_POINT('',(-0.370980036818,0.262236053932,
    6.776263578034E-18));
#6670 = CARTESIAN_POINT('',(-0.353391301745,0.254578200901,1.E-02));
#6671 = CARTESIAN_POINT('',(-0.353391301745,0.254578200901,
    6.776263578034E-18));
#6672 = CARTESIAN_POINT('',(-0.342313075004,0.248338420742,1.E-02));
#6673 = CARTESIAN_POINT('',(-0.342313075004,0.248338420742,
    6.776263578034E-18));
#6674 = CARTESIAN_POINT('',(-0.336797676927,0.245231888235,1.E-02));
#6675 = CARTESIAN_POINT('',(-0.336797676927,0.245231888235,
    6.776263578034E-18));
#6676 = ADVANCED_FACE('',(#6677),#6689,.T.);
#6677 = FACE_BOUND('',#6678,.T.);
#6678 = EDGE_LOOP('',(#6679,#6680,#6681,#6682,#6683,#6684,#6685,#6686,
    #6687,#6688));
#6679 = ORIENTED_EDGE('',*,*,#6145,.F.);
#6680 = ORIENTED_EDGE('',*,*,#6639,.F.);
#6681 = ORIENTED_EDGE('',*,*,#6565,.F.);
#6682 = ORIENTED_EDGE('',*,*,#6491,.F.);
#6683 = ORIENTED_EDGE('',*,*,#6441,.F.);
#6684 = ORIENTED_EDGE('',*,*,#6417,.F.);
#6685 = ORIENTED_EDGE('',*,*,#6367,.F.);
#6686 = ORIENTED_EDGE('',*,*,#6293,.F.);
#6687 = ORIENTED_EDGE('',*,*,#6219,.F.);
#6688 = ORIENTED_EDGE('',*,*,#6169,.F.);
#6689 = PLANE('',#6690);
#6690 = AXIS2_PLACEMENT_3D('',#6691,#6692,#6693);
#6691 = CARTESIAN_POINT('',(-0.41671050308,0.34117658105,1.E-02));
#6692 = DIRECTION('',(0.,0.,-1.));
#6693 = DIRECTION('',(1.,6.982962677686E-15,0.));
#6694 = ADVANCED_FACE('',(#6695),#6703,.F.);
#6695 = FACE_BOUND('',#6696,.T.);
#6696 = EDGE_LOOP('',(#6697,#6698,#6699,#6700,#6701,#6702));
#6697 = ORIENTED_EDGE('',*,*,#5129,.T.);
#6698 = ORIENTED_EDGE('',*,*,#5284,.T.);
#6699 = ORIENTED_EDGE('',*,*,#5246,.T.);
#6700 = ORIENTED_EDGE('',*,*,#5222,.T.);
#6701 = ORIENTED_EDGE('',*,*,#5184,.T.);
#6702 = ORIENTED_EDGE('',*,*,#5160,.T.);
#6703 = PLANE('',#6704);
#6704 = AXIS2_PLACEMENT_3D('',#6705,#6706,#6707);
#6705 = CARTESIAN_POINT('',(0.,0.,0.));
#6706 = DIRECTION('',(0.,0.,1.));
#6707 = DIRECTION('',(-1.,-6.982962677686E-15,0.));
#6708 = ADVANCED_FACE('',(#6709),#6716,.F.);
#6709 = FACE_BOUND('',#6710,.T.);
#6710 = EDGE_LOOP('',(#6711,#6712,#6713,#6714,#6715));
#6711 = ORIENTED_EDGE('',*,*,#5608,.T.);
#6712 = ORIENTED_EDGE('',*,*,#5811,.T.);
#6713 = ORIENTED_EDGE('',*,*,#5787,.T.);
#6714 = ORIENTED_EDGE('',*,*,#5713,.T.);
#6715 = ORIENTED_EDGE('',*,*,#5639,.T.);
#6716 = PLANE('',#6717);
#6717 = AXIS2_PLACEMENT_3D('',#6718,#6719,#6720);
#6718 = CARTESIAN_POINT('',(0.,0.,0.));
#6719 = DIRECTION('',(0.,0.,1.));
#6720 = DIRECTION('',(-1.,-6.982962677686E-15,0.));
#6721 = ADVANCED_FACE('',(#6722),#6747,.F.);
#6722 = FACE_BOUND('',#6723,.T.);
#6723 = EDGE_LOOP('',(#6724,#6732,#6733,#6741));
#6724 = ORIENTED_EDGE('',*,*,#6725,.F.);
#6725 = EDGE_CURVE('',#3316,#6726,#6728,.T.);
#6726 = VERTEX_POINT('',#6727);
#6727 = CARTESIAN_POINT('',(-0.219885232513,-3.65,-8.075924351606E-02));
#6728 = LINE('',#6729,#6730);
#6729 = CARTESIAN_POINT('',(-0.219885232513,-3.65,0.849662300243));
#6730 = VECTOR('',#6731,1.);
#6731 = DIRECTION('',(2.330561195101E-16,1.627422184346E-30,-1.));
#6732 = ORIENTED_EDGE('',*,*,#3315,.T.);
#6733 = ORIENTED_EDGE('',*,*,#6734,.F.);
#6734 = EDGE_CURVE('',#6735,#3318,#6737,.T.);
#6735 = VERTEX_POINT('',#6736);
#6736 = CARTESIAN_POINT('',(0.228250611442,-3.65,-8.075924351606E-02));
#6737 = LINE('',#6738,#6739);
#6738 = CARTESIAN_POINT('',(0.228250611442,-3.65,-8.075924351606E-02));
#6739 = VECTOR('',#6740,1.);
#6740 = DIRECTION('',(0.,0.,1.));
#6741 = ORIENTED_EDGE('',*,*,#6742,.F.);
#6742 = EDGE_CURVE('',#6726,#6735,#6743,.T.);
#6743 = LINE('',#6744,#6745);
#6744 = CARTESIAN_POINT('',(-0.219885232513,-3.65,-8.075924351606E-02));
#6745 = VECTOR('',#6746,1.);
#6746 = DIRECTION('',(1.,6.982962677686E-15,1.209680264488E-16));
#6747 = PLANE('',#6748);
#6748 = AXIS2_PLACEMENT_3D('',#6749,#6750,#6751);
#6749 = CARTESIAN_POINT('',(2.548781377356E-14,-3.65,0.));
#6750 = DIRECTION('',(6.982962677686E-15,-1.,0.));
#6751 = DIRECTION('',(0.,0.,1.));
#6752 = ADVANCED_FACE('',(#6753),#6778,.T.);
#6753 = FACE_BOUND('',#6754,.T.);
#6754 = EDGE_LOOP('',(#6755,#6765,#6771,#6772));
#6755 = ORIENTED_EDGE('',*,*,#6756,.F.);
#6756 = EDGE_CURVE('',#6757,#6759,#6761,.T.);
#6757 = VERTEX_POINT('',#6758);
#6758 = CARTESIAN_POINT('',(-0.219885232513,-3.75,-8.075924351606E-02));
#6759 = VERTEX_POINT('',#6760);
#6760 = CARTESIAN_POINT('',(0.228250611442,-3.75,-8.075924351606E-02));
#6761 = LINE('',#6762,#6763);
#6762 = CARTESIAN_POINT('',(-0.219885232513,-3.75,-8.075924351606E-02));
#6763 = VECTOR('',#6764,1.);
#6764 = DIRECTION('',(1.,6.982962677686E-15,1.209680264488E-16));
#6765 = ORIENTED_EDGE('',*,*,#6766,.F.);
#6766 = EDGE_CURVE('',#6726,#6757,#6767,.T.);
#6767 = LINE('',#6768,#6769);
#6768 = CARTESIAN_POINT('',(-0.219885232513,-3.65,-8.075924351606E-02));
#6769 = VECTOR('',#6770,1.);
#6770 = DIRECTION('',(6.982962677686E-15,-1.,0.));
#6771 = ORIENTED_EDGE('',*,*,#6742,.T.);
#6772 = ORIENTED_EDGE('',*,*,#6773,.T.);
#6773 = EDGE_CURVE('',#6735,#6759,#6774,.T.);
#6774 = LINE('',#6775,#6776);
#6775 = CARTESIAN_POINT('',(0.228250611442,-3.65,-8.075924351606E-02));
#6776 = VECTOR('',#6777,1.);
#6777 = DIRECTION('',(6.982962677686E-15,-1.,0.));
#6778 = PLANE('',#6779);
#6779 = AXIS2_PLACEMENT_3D('',#6780,#6781,#6782);
#6780 = CARTESIAN_POINT('',(-0.219885232513,-3.65,-8.075924351606E-02));
#6781 = DIRECTION('',(1.209680264488E-16,8.447152138856E-31,-1.));
#6782 = DIRECTION('',(1.,6.982962677686E-15,1.209680264488E-16));
#6783 = ADVANCED_FACE('',(#6784),#6804,.T.);
#6784 = FACE_BOUND('',#6785,.T.);
#6785 = EDGE_LOOP('',(#6786,#6794,#6795,#6796,#6797,#6798));
#6786 = ORIENTED_EDGE('',*,*,#6787,.F.);
#6787 = EDGE_CURVE('',#1596,#6788,#6790,.T.);
#6788 = VERTEX_POINT('',#6789);
#6789 = CARTESIAN_POINT('',(-0.219885232513,-3.75,0.849662300243));
#6790 = LINE('',#6791,#6792);
#6791 = CARTESIAN_POINT('',(-0.219885232513,-3.65,0.849662300243));
#6792 = VECTOR('',#6793,1.);
#6793 = DIRECTION('',(6.982962677686E-15,-1.,0.));
#6794 = ORIENTED_EDGE('',*,*,#1595,.T.);
#6795 = ORIENTED_EDGE('',*,*,#3325,.F.);
#6796 = ORIENTED_EDGE('',*,*,#6725,.T.);
#6797 = ORIENTED_EDGE('',*,*,#6766,.T.);
#6798 = ORIENTED_EDGE('',*,*,#6799,.F.);
#6799 = EDGE_CURVE('',#6788,#6757,#6800,.T.);
#6800 = LINE('',#6801,#6802);
#6801 = CARTESIAN_POINT('',(-0.219885232513,-3.75,0.849662300243));
#6802 = VECTOR('',#6803,1.);
#6803 = DIRECTION('',(2.330561195101E-16,1.627422184346E-30,-1.));
#6804 = PLANE('',#6805);
#6805 = AXIS2_PLACEMENT_3D('',#6806,#6807,#6808);
#6806 = CARTESIAN_POINT('',(-0.219885232513,-3.65,0.849662300243));
#6807 = DIRECTION('',(-1.,-6.982962677686E-15,-2.330561195101E-16));
#6808 = DIRECTION('',(2.330561195101E-16,1.627422184346E-30,-1.));
#6809 = ADVANCED_FACE('',(#6810),#6821,.T.);
#6810 = FACE_BOUND('',#6811,.T.);
#6811 = EDGE_LOOP('',(#6812,#6813,#6814,#6815));
#6812 = ORIENTED_EDGE('',*,*,#1404,.F.);
#6813 = ORIENTED_EDGE('',*,*,#1605,.T.);
#6814 = ORIENTED_EDGE('',*,*,#6787,.T.);
#6815 = ORIENTED_EDGE('',*,*,#6816,.F.);
#6816 = EDGE_CURVE('',#1405,#6788,#6817,.T.);
#6817 = LINE('',#6818,#6819);
#6818 = CARTESIAN_POINT('',(-1.582596431968,-3.75,0.849662300243));
#6819 = VECTOR('',#6820,1.);
#6820 = DIRECTION('',(1.,6.982962677686E-15,2.386864156365E-16));
#6821 = PLANE('',#6822);
#6822 = AXIS2_PLACEMENT_3D('',#6823,#6824,#6825);
#6823 = CARTESIAN_POINT('',(-1.582596431968,-3.65,0.849662300243));
#6824 = DIRECTION('',(2.386864156365E-16,1.66673833206E-30,-1.));
#6825 = DIRECTION('',(1.,6.982962677686E-15,2.386864156365E-16));
#6826 = ADVANCED_FACE('',(#6827,#7077),#7087,.T.);
#6827 = FACE_BOUND('',#6828,.T.);
#6828 = EDGE_LOOP('',(#6829,#6837,#6838,#6846,#6854,#6860,#6861,#6869,
    #6877,#6883,#6884,#6892,#6900,#6908,#6916,#6924,#6932,#6940,#6946,
    #6947,#6953,#6954,#6962,#6970,#6978,#6986,#6992,#6993,#6999,#7000,
    #7008,#7016,#7024,#7032,#7040,#7048,#7056,#7062,#7063,#7071));
#6829 = ORIENTED_EDGE('',*,*,#6830,.F.);
#6830 = EDGE_CURVE('',#946,#6831,#6833,.T.);
#6831 = VERTEX_POINT('',#6832);
#6832 = CARTESIAN_POINT('',(1.375262368001,3.75,2.15));
#6833 = LINE('',#6834,#6835);
#6834 = CARTESIAN_POINT('',(1.375262368001,3.65,2.15));
#6835 = VECTOR('',#6836,1.);
#6836 = DIRECTION('',(-6.982962677686E-15,1.,0.));
#6837 = ORIENTED_EDGE('',*,*,#969,.T.);
#6838 = ORIENTED_EDGE('',*,*,#6839,.T.);
#6839 = EDGE_CURVE('',#962,#6840,#6842,.T.);
#6840 = VERTEX_POINT('',#6841);
#6841 = CARTESIAN_POINT('',(1.325058822779,3.75,2.15));
#6842 = LINE('',#6843,#6844);
#6843 = CARTESIAN_POINT('',(1.325058822779,3.74,2.15));
#6844 = VECTOR('',#6845,1.);
#6845 = DIRECTION('',(-6.982962677686E-15,1.,0.));
#6846 = ORIENTED_EDGE('',*,*,#6847,.T.);
#6847 = EDGE_CURVE('',#6840,#6848,#6850,.T.);
#6848 = VERTEX_POINT('',#6849);
#6849 = CARTESIAN_POINT('',(-1.077206093339,3.75,2.15));
#6850 = LINE('',#6851,#6852);
#6851 = CARTESIAN_POINT('',(1.325058822779,3.75,2.15));
#6852 = VECTOR('',#6853,1.);
#6853 = DIRECTION('',(-1.,-6.982962677686E-15,0.));
#6854 = ORIENTED_EDGE('',*,*,#6855,.T.);
#6855 = EDGE_CURVE('',#6848,#994,#6856,.T.);
#6856 = LINE('',#6857,#6858);
#6857 = CARTESIAN_POINT('',(-1.077206093339,3.75,2.15));
#6858 = VECTOR('',#6859,1.);
#6859 = DIRECTION('',(6.982962677686E-15,-1.,0.));
#6860 = ORIENTED_EDGE('',*,*,#993,.T.);
#6861 = ORIENTED_EDGE('',*,*,#6862,.T.);
#6862 = EDGE_CURVE('',#984,#6863,#6865,.T.);
#6863 = VERTEX_POINT('',#6864);
#6864 = CARTESIAN_POINT('',(-1.127037599384,3.75,2.15));
#6865 = LINE('',#6866,#6867);
#6866 = CARTESIAN_POINT('',(-1.127037599384,3.65,2.15));
#6867 = VECTOR('',#6868,1.);
#6868 = DIRECTION('',(-6.982962677686E-15,1.,0.));
#6869 = ORIENTED_EDGE('',*,*,#6870,.T.);
#6870 = EDGE_CURVE('',#6863,#6871,#6873,.T.);
#6871 = VERTEX_POINT('',#6872);
#6872 = CARTESIAN_POINT('',(-1.589479116974,3.75,2.15));
#6873 = LINE('',#6874,#6875);
#6874 = CARTESIAN_POINT('',(-1.589479116974,3.75,2.15));
#6875 = VECTOR('',#6876,1.);
#6876 = DIRECTION('',(-1.,-6.982962677686E-15,0.));
#6877 = ORIENTED_EDGE('',*,*,#6878,.F.);
#6878 = EDGE_CURVE('',#1026,#6871,#6879,.T.);
#6879 = LINE('',#6880,#6881);
#6880 = CARTESIAN_POINT('',(-1.589479116974,3.65,2.15));
#6881 = VECTOR('',#6882,1.);
#6882 = DIRECTION('',(-6.982962677686E-15,1.,0.));
#6883 = ORIENTED_EDGE('',*,*,#1049,.T.);
#6884 = ORIENTED_EDGE('',*,*,#6885,.T.);
#6885 = EDGE_CURVE('',#1042,#6886,#6888,.T.);
#6886 = VERTEX_POINT('',#6887);
#6887 = CARTESIAN_POINT('',(-1.639641133223,3.75,2.15));
#6888 = LINE('',#6889,#6890);
#6889 = CARTESIAN_POINT('',(-1.639641133223,3.74,2.15));
#6890 = VECTOR('',#6891,1.);
#6891 = DIRECTION('',(-6.982962677686E-15,1.,0.));
#6892 = ORIENTED_EDGE('',*,*,#6893,.T.);
#6893 = EDGE_CURVE('',#6886,#6894,#6896,.T.);
#6894 = VERTEX_POINT('',#6895);
#6895 = CARTESIAN_POINT('',(-2.331118318204,3.75,2.15));
#6896 = LINE('',#6897,#6898);
#6897 = CARTESIAN_POINT('',(-1.639641133223,3.75,2.15));
#6898 = VECTOR('',#6899,1.);
#6899 = DIRECTION('',(-1.,-6.982962677686E-15,0.));
#6900 = ORIENTED_EDGE('',*,*,#6901,.T.);
#6901 = EDGE_CURVE('',#6894,#6902,#6904,.T.);
#6902 = VERTEX_POINT('',#6903);
#6903 = CARTESIAN_POINT('',(-3.75,2.331118318204,2.15));
#6904 = LINE('',#6905,#6906);
#6905 = CARTESIAN_POINT('',(-2.331118318204,3.75,2.15));
#6906 = VECTOR('',#6907,1.);
#6907 = DIRECTION('',(-0.707106781187,-0.707106781187,0.));
#6908 = ORIENTED_EDGE('',*,*,#6909,.T.);
#6909 = EDGE_CURVE('',#6902,#6910,#6912,.T.);
#6910 = VERTEX_POINT('',#6911);
#6911 = CARTESIAN_POINT('',(-3.75,-2.331118318204,2.15));
#6912 = LINE('',#6913,#6914);
#6913 = CARTESIAN_POINT('',(-3.75,2.331118318204,2.15));
#6914 = VECTOR('',#6915,1.);
#6915 = DIRECTION('',(8.657321199288E-15,-1.,0.));
#6916 = ORIENTED_EDGE('',*,*,#6917,.T.);
#6917 = EDGE_CURVE('',#6910,#6918,#6920,.T.);
#6918 = VERTEX_POINT('',#6919);
#6919 = CARTESIAN_POINT('',(-2.331118318204,-3.75,2.15));
#6920 = LINE('',#6921,#6922);
#6921 = CARTESIAN_POINT('',(-3.75,-2.331118318204,2.15));
#6922 = VECTOR('',#6923,1.);
#6923 = DIRECTION('',(0.707106781187,-0.707106781187,0.));
#6924 = ORIENTED_EDGE('',*,*,#6925,.T.);
#6925 = EDGE_CURVE('',#6918,#6926,#6928,.T.);
#6926 = VERTEX_POINT('',#6927);
#6927 = CARTESIAN_POINT('',(-1.639641133223,-3.75,2.15));
#6928 = LINE('',#6929,#6930);
#6929 = CARTESIAN_POINT('',(-2.331118318204,-3.75,2.15));
#6930 = VECTOR('',#6931,1.);
#6931 = DIRECTION('',(1.,4.461378073622E-14,0.));
#6932 = ORIENTED_EDGE('',*,*,#6933,.T.);
#6933 = EDGE_CURVE('',#6926,#6934,#6936,.T.);
#6934 = VERTEX_POINT('',#6935);
#6935 = CARTESIAN_POINT('',(-1.639641133223,-3.74,2.15));
#6936 = LINE('',#6937,#6938);
#6937 = CARTESIAN_POINT('',(-1.639641133223,-3.75,2.15));
#6938 = VECTOR('',#6939,1.);
#6939 = DIRECTION('',(-6.982962677686E-15,1.,0.));
#6940 = ORIENTED_EDGE('',*,*,#6941,.T.);
#6941 = EDGE_CURVE('',#6934,#1378,#6942,.T.);
#6942 = LINE('',#6943,#6944);
#6943 = CARTESIAN_POINT('',(-1.639641133223,-3.74,2.15));
#6944 = VECTOR('',#6945,1.);
#6945 = DIRECTION('',(1.,6.982962677686E-15,0.));
#6946 = ORIENTED_EDGE('',*,*,#1377,.T.);
#6947 = ORIENTED_EDGE('',*,*,#6948,.F.);
#6948 = EDGE_CURVE('',#1436,#1380,#6949,.T.);
#6949 = LINE('',#6950,#6951);
#6950 = CARTESIAN_POINT('',(-1.589479116974,-3.75,2.15));
#6951 = VECTOR('',#6952,1.);
#6952 = DIRECTION('',(-1.,-6.982962677686E-15,0.));
#6953 = ORIENTED_EDGE('',*,*,#1435,.F.);
#6954 = ORIENTED_EDGE('',*,*,#6955,.T.);
#6955 = EDGE_CURVE('',#1428,#6956,#6958,.T.);
#6956 = VERTEX_POINT('',#6957);
#6957 = CARTESIAN_POINT('',(-1.077206093338,-3.74,2.15));
#6958 = LINE('',#6959,#6960);
#6959 = CARTESIAN_POINT('',(-1.639641133223,-3.74,2.15));
#6960 = VECTOR('',#6961,1.);
#6961 = DIRECTION('',(1.,6.982962677686E-15,0.));
#6962 = ORIENTED_EDGE('',*,*,#6963,.T.);
#6963 = EDGE_CURVE('',#6956,#6964,#6966,.T.);
#6964 = VERTEX_POINT('',#6965);
#6965 = CARTESIAN_POINT('',(-1.077206093338,-3.75,2.15));
#6966 = LINE('',#6967,#6968);
#6967 = CARTESIAN_POINT('',(-1.077206093338,-3.74,2.15));
#6968 = VECTOR('',#6969,1.);
#6969 = DIRECTION('',(6.982962677686E-15,-1.,0.));
#6970 = ORIENTED_EDGE('',*,*,#6971,.T.);
#6971 = EDGE_CURVE('',#6964,#6972,#6974,.T.);
#6972 = VERTEX_POINT('',#6973);
#6973 = CARTESIAN_POINT('',(1.325058822779,-3.75,2.15));
#6974 = LINE('',#6975,#6976);
#6975 = CARTESIAN_POINT('',(-1.077206093338,-3.75,2.15));
#6976 = VECTOR('',#6977,1.);
#6977 = DIRECTION('',(1.,6.982962677686E-15,0.));
#6978 = ORIENTED_EDGE('',*,*,#6979,.T.);
#6979 = EDGE_CURVE('',#6972,#6980,#6982,.T.);
#6980 = VERTEX_POINT('',#6981);
#6981 = CARTESIAN_POINT('',(1.325058822779,-3.74,2.15));
#6982 = LINE('',#6983,#6984);
#6983 = CARTESIAN_POINT('',(1.325058822779,-3.75,2.15));
#6984 = VECTOR('',#6985,1.);
#6985 = DIRECTION('',(-6.982962677686E-15,1.,0.));
#6986 = ORIENTED_EDGE('',*,*,#6987,.T.);
#6987 = EDGE_CURVE('',#6980,#1476,#6988,.T.);
#6988 = LINE('',#6989,#6990);
#6989 = CARTESIAN_POINT('',(1.325058822779,-3.74,2.15));
#6990 = VECTOR('',#6991,1.);
#6991 = DIRECTION('',(1.,6.982962677686E-15,0.));
#6992 = ORIENTED_EDGE('',*,*,#1475,.T.);
#6993 = ORIENTED_EDGE('',*,*,#6994,.F.);
#6994 = EDGE_CURVE('',#1539,#1478,#6995,.T.);
#6995 = LINE('',#6996,#6997);
#6996 = CARTESIAN_POINT('',(1.375262368001,-3.75,2.15));
#6997 = VECTOR('',#6998,1.);
#6998 = DIRECTION('',(-1.,-6.982962677686E-15,0.));
#6999 = ORIENTED_EDGE('',*,*,#1538,.F.);
#7000 = ORIENTED_EDGE('',*,*,#7001,.T.);
#7001 = EDGE_CURVE('',#1531,#7002,#7004,.T.);
#7002 = VERTEX_POINT('',#7003);
#7003 = CARTESIAN_POINT('',(1.935157849095,-3.74,2.15));
#7004 = LINE('',#7005,#7006);
#7005 = CARTESIAN_POINT('',(1.325058822779,-3.74,2.15));
#7006 = VECTOR('',#7007,1.);
#7007 = DIRECTION('',(1.,6.982962677686E-15,0.));
#7008 = ORIENTED_EDGE('',*,*,#7009,.T.);
#7009 = EDGE_CURVE('',#7002,#7010,#7012,.T.);
#7010 = VERTEX_POINT('',#7011);
#7011 = CARTESIAN_POINT('',(1.935157849095,-3.75,2.15));
#7012 = LINE('',#7013,#7014);
#7013 = CARTESIAN_POINT('',(1.935157849095,-3.74,2.15));
#7014 = VECTOR('',#7015,1.);
#7015 = DIRECTION('',(6.982962677686E-15,-1.,0.));
#7016 = ORIENTED_EDGE('',*,*,#7017,.T.);
#7017 = EDGE_CURVE('',#7010,#7018,#7020,.T.);
#7018 = VERTEX_POINT('',#7019);
#7019 = CARTESIAN_POINT('',(2.331118318204,-3.75,2.15));
#7020 = LINE('',#7021,#7022);
#7021 = CARTESIAN_POINT('',(1.935157849095,-3.75,2.15));
#7022 = VECTOR('',#7023,1.);
#7023 = DIRECTION('',(1.,-5.873282000683E-14,0.));
#7024 = ORIENTED_EDGE('',*,*,#7025,.T.);
#7025 = EDGE_CURVE('',#7018,#7026,#7028,.T.);
#7026 = VERTEX_POINT('',#7027);
#7027 = CARTESIAN_POINT('',(3.75,-2.331118318204,2.15));
#7028 = LINE('',#7029,#7030);
#7029 = CARTESIAN_POINT('',(2.331118318204,-3.75,2.15));
#7030 = VECTOR('',#7031,1.);
#7031 = DIRECTION('',(0.707106781187,0.707106781187,0.));
#7032 = ORIENTED_EDGE('',*,*,#7033,.T.);
#7033 = EDGE_CURVE('',#7026,#7034,#7036,.T.);
#7034 = VERTEX_POINT('',#7035);
#7035 = CARTESIAN_POINT('',(3.75,2.331118318204,2.15));
#7036 = LINE('',#7037,#7038);
#7037 = CARTESIAN_POINT('',(3.75,-2.331118318204,2.15));
#7038 = VECTOR('',#7039,1.);
#7039 = DIRECTION('',(-5.308604156084E-15,1.,0.));
#7040 = ORIENTED_EDGE('',*,*,#7041,.T.);
#7041 = EDGE_CURVE('',#7034,#7042,#7044,.T.);
#7042 = VERTEX_POINT('',#7043);
#7043 = CARTESIAN_POINT('',(2.331118318204,3.75,2.15));
#7044 = LINE('',#7045,#7046);
#7045 = CARTESIAN_POINT('',(3.75,2.331118318204,2.15));
#7046 = VECTOR('',#7047,1.);
#7047 = DIRECTION('',(-0.707106781187,0.707106781187,0.));
#7048 = ORIENTED_EDGE('',*,*,#7049,.T.);
#7049 = EDGE_CURVE('',#7042,#7050,#7052,.T.);
#7050 = VERTEX_POINT('',#7051);
#7051 = CARTESIAN_POINT('',(1.935157849095,3.75,2.15));
#7052 = LINE('',#7053,#7054);
#7053 = CARTESIAN_POINT('',(2.331118318204,3.75,2.15));
#7054 = VECTOR('',#7055,1.);
#7055 = DIRECTION('',(-1.,-6.982962677686E-15,0.));
#7056 = ORIENTED_EDGE('',*,*,#7057,.T.);
#7057 = EDGE_CURVE('',#7050,#914,#7058,.T.);
#7058 = LINE('',#7059,#7060);
#7059 = CARTESIAN_POINT('',(1.935157849095,3.75,2.15));
#7060 = VECTOR('',#7061,1.);
#7061 = DIRECTION('',(6.982962677686E-15,-1.,0.));
#7062 = ORIENTED_EDGE('',*,*,#913,.T.);
#7063 = ORIENTED_EDGE('',*,*,#7064,.T.);
#7064 = EDGE_CURVE('',#904,#7065,#7067,.T.);
#7065 = VERTEX_POINT('',#7066);
#7066 = CARTESIAN_POINT('',(1.88536853969,3.75,2.15));
#7067 = LINE('',#7068,#7069);
#7068 = CARTESIAN_POINT('',(1.88536853969,3.65,2.15));
#7069 = VECTOR('',#7070,1.);
#7070 = DIRECTION('',(-6.982962677686E-15,1.,0.));
#7071 = ORIENTED_EDGE('',*,*,#7072,.T.);
#7072 = EDGE_CURVE('',#7065,#6831,#7073,.T.);
#7073 = LINE('',#7074,#7075);
#7074 = CARTESIAN_POINT('',(1.375262368001,3.75,2.15));
#7075 = VECTOR('',#7076,1.);
#7076 = DIRECTION('',(-1.,-6.982962677686E-15,0.));
#7077 = FACE_BOUND('',#7078,.T.);
#7078 = EDGE_LOOP('',(#7079,#7086));
#7079 = ORIENTED_EDGE('',*,*,#7080,.F.);
#7080 = EDGE_CURVE('',#245,#237,#7081,.T.);
#7081 = CIRCLE('',#7082,1.5);
#7082 = AXIS2_PLACEMENT_3D('',#7083,#7084,#7085);
#7083 = CARTESIAN_POINT('',(0.,0.,2.15));
#7084 = DIRECTION('',(0.,0.,1.));
#7085 = DIRECTION('',(-1.,-6.982962677686E-15,0.));
#7086 = ORIENTED_EDGE('',*,*,#244,.F.);
#7087 = PLANE('',#7088);
#7088 = AXIS2_PLACEMENT_3D('',#7089,#7090,#7091);
#7089 = CARTESIAN_POINT('',(-1.589479116974,-3.65,2.15));
#7090 = DIRECTION('',(0.,0.,1.));
#7091 = DIRECTION('',(-1.,-6.982962677686E-15,0.));
#7092 = ADVANCED_FACE('',(#7093),#7104,.T.);
#7093 = FACE_BOUND('',#7094,.T.);
#7094 = EDGE_LOOP('',(#7095,#7096,#7097,#7098));
#7095 = ORIENTED_EDGE('',*,*,#1507,.F.);
#7096 = ORIENTED_EDGE('',*,*,#1652,.T.);
#7097 = ORIENTED_EDGE('',*,*,#1451,.T.);
#7098 = ORIENTED_EDGE('',*,*,#7099,.F.);
#7099 = EDGE_CURVE('',#1508,#1444,#7100,.T.);
#7100 = LINE('',#7101,#7102);
#7101 = CARTESIAN_POINT('',(1.380959477819,-3.75,1.073651646268));
#7102 = VECTOR('',#7103,1.);
#7103 = DIRECTION('',(-0.99998599238,-6.982864862997E-15,
    -5.292923982143E-03));
#7104 = PLANE('',#7105);
#7105 = AXIS2_PLACEMENT_3D('',#7106,#7107,#7108);
#7106 = CARTESIAN_POINT('',(1.380959477819,-3.65,1.073651646268));
#7107 = DIRECTION('',(-5.292923982143E-03,-3.696029062314E-17,
    0.99998599238));
#7108 = DIRECTION('',(-0.99998599238,-6.982864862997E-15,
    -5.292923982143E-03));
#7109 = ADVANCED_FACE('',(#7110),#7128,.T.);
#7110 = FACE_BOUND('',#7111,.T.);
#7111 = EDGE_LOOP('',(#7112,#7120,#7121,#7122));
#7112 = ORIENTED_EDGE('',*,*,#7113,.F.);
#7113 = EDGE_CURVE('',#2582,#7114,#7116,.T.);
#7114 = VERTEX_POINT('',#7115);
#7115 = CARTESIAN_POINT('',(0.228250611442,-3.75,0.849662300243));
#7116 = LINE('',#7117,#7118);
#7117 = CARTESIAN_POINT('',(0.228250611442,-3.65,0.849662300243));
#7118 = VECTOR('',#7119,1.);
#7119 = DIRECTION('',(6.982962677686E-15,-1.,0.));
#7120 = ORIENTED_EDGE('',*,*,#2581,.T.);
#7121 = ORIENTED_EDGE('',*,*,#1554,.T.);
#7122 = ORIENTED_EDGE('',*,*,#7123,.F.);
#7123 = EDGE_CURVE('',#7114,#1547,#7124,.T.);
#7124 = LINE('',#7125,#7126);
#7125 = CARTESIAN_POINT('',(0.228250611442,-3.75,0.849662300243));
#7126 = VECTOR('',#7127,1.);
#7127 = DIRECTION('',(1.,6.982962677686E-15,0.));
#7128 = PLANE('',#7129);
#7129 = AXIS2_PLACEMENT_3D('',#7130,#7131,#7132);
#7130 = CARTESIAN_POINT('',(0.228250611442,-3.65,0.849662300243));
#7131 = DIRECTION('',(0.,0.,-1.));
#7132 = DIRECTION('',(1.,6.982962677686E-15,0.));
#7133 = ADVANCED_FACE('',(#7134),#7147,.T.);
#7134 = FACE_BOUND('',#7135,.T.);
#7135 = EDGE_LOOP('',(#7136,#7137,#7138,#7139,#7145,#7146));
#7136 = ORIENTED_EDGE('',*,*,#3369,.F.);
#7137 = ORIENTED_EDGE('',*,*,#2589,.T.);
#7138 = ORIENTED_EDGE('',*,*,#7113,.T.);
#7139 = ORIENTED_EDGE('',*,*,#7140,.F.);
#7140 = EDGE_CURVE('',#6759,#7114,#7141,.T.);
#7141 = LINE('',#7142,#7143);
#7142 = CARTESIAN_POINT('',(0.228250611442,-3.75,-8.075924351606E-02));
#7143 = VECTOR('',#7144,1.);
#7144 = DIRECTION('',(0.,0.,1.));
#7145 = ORIENTED_EDGE('',*,*,#6773,.F.);
#7146 = ORIENTED_EDGE('',*,*,#6734,.T.);
#7147 = PLANE('',#7148);
#7148 = AXIS2_PLACEMENT_3D('',#7149,#7150,#7151);
#7149 = CARTESIAN_POINT('',(0.228250611442,-3.65,-8.075924351606E-02));
#7150 = DIRECTION('',(1.,6.982962677686E-15,-0.));
#7151 = DIRECTION('',(0.,0.,1.));
#7152 = ADVANCED_FACE('',(#7153),#7167,.T.);
#7153 = FACE_BOUND('',#7154,.T.);
#7154 = EDGE_LOOP('',(#7155,#7156,#7157,#7158,#7159,#7160,#7161,#7162,
    #7163,#7164,#7165,#7166));
#7155 = ORIENTED_EDGE('',*,*,#6756,.T.);
#7156 = ORIENTED_EDGE('',*,*,#7140,.T.);
#7157 = ORIENTED_EDGE('',*,*,#7123,.T.);
#7158 = ORIENTED_EDGE('',*,*,#1546,.T.);
#7159 = ORIENTED_EDGE('',*,*,#6994,.T.);
#7160 = ORIENTED_EDGE('',*,*,#1515,.T.);
#7161 = ORIENTED_EDGE('',*,*,#7099,.T.);
#7162 = ORIENTED_EDGE('',*,*,#1443,.T.);
#7163 = ORIENTED_EDGE('',*,*,#6948,.T.);
#7164 = ORIENTED_EDGE('',*,*,#1412,.T.);
#7165 = ORIENTED_EDGE('',*,*,#6816,.T.);
#7166 = ORIENTED_EDGE('',*,*,#6799,.T.);
#7167 = PLANE('',#7168);
#7168 = AXIS2_PLACEMENT_3D('',#7169,#7170,#7171);
#7169 = CARTESIAN_POINT('',(2.618611004132E-14,-3.75,0.));
#7170 = DIRECTION('',(6.982962677686E-15,-1.,0.));
#7171 = DIRECTION('',(0.,0.,1.));
#7172 = ADVANCED_FACE('',(#7173),#7184,.F.);
#7173 = FACE_BOUND('',#7174,.T.);
#7174 = EDGE_LOOP('',(#7175,#7176,#7177,#7183));
#7175 = ORIENTED_EDGE('',*,*,#1387,.F.);
#7176 = ORIENTED_EDGE('',*,*,#6941,.F.);
#7177 = ORIENTED_EDGE('',*,*,#7178,.T.);
#7178 = EDGE_CURVE('',#6934,#1225,#7179,.T.);
#7179 = LINE('',#7180,#7181);
#7180 = CARTESIAN_POINT('',(-1.639641133223,-3.74,2.15));
#7181 = VECTOR('',#7182,1.);
#7182 = DIRECTION('',(0.,0.,-1.));
#7183 = ORIENTED_EDGE('',*,*,#1224,.T.);
#7184 = PLANE('',#7185);
#7185 = AXIS2_PLACEMENT_3D('',#7186,#7187,#7188);
#7186 = CARTESIAN_POINT('',(-1.639641133223,-3.74,2.15));
#7187 = DIRECTION('',(-6.982962677686E-15,1.,0.));
#7188 = DIRECTION('',(0.,0.,-1.));
#7189 = ADVANCED_FACE('',(#7190),#7201,.F.);
#7190 = FACE_BOUND('',#7191,.T.);
#7191 = EDGE_LOOP('',(#7192,#7193,#7194,#7200));
#7192 = ORIENTED_EDGE('',*,*,#1485,.F.);
#7193 = ORIENTED_EDGE('',*,*,#6987,.F.);
#7194 = ORIENTED_EDGE('',*,*,#7195,.T.);
#7195 = EDGE_CURVE('',#6980,#1161,#7196,.T.);
#7196 = LINE('',#7197,#7198);
#7197 = CARTESIAN_POINT('',(1.325058822779,-3.74,2.15));
#7198 = VECTOR('',#7199,1.);
#7199 = DIRECTION('',(0.,0.,-1.));
#7200 = ORIENTED_EDGE('',*,*,#1160,.T.);
#7201 = PLANE('',#7202);
#7202 = AXIS2_PLACEMENT_3D('',#7203,#7204,#7205);
#7203 = CARTESIAN_POINT('',(1.325058822779,-3.74,2.15));
#7204 = DIRECTION('',(-6.982962677686E-15,1.,0.));
#7205 = DIRECTION('',(0.,0.,-1.));
#7206 = ADVANCED_FACE('',(#7207),#7276,.F.);
#7207 = FACE_BOUND('',#7208,.T.);
#7208 = EDGE_LOOP('',(#7209,#7217,#7226,#7234,#7243,#7251,#7260,#7268,
    #7275));
#7209 = ORIENTED_EDGE('',*,*,#7210,.T.);
#7210 = EDGE_CURVE('',#270,#7211,#7213,.T.);
#7211 = VERTEX_POINT('',#7212);
#7212 = CARTESIAN_POINT('',(0.334087215033,1.031811868875,5.));
#7213 = LINE('',#7214,#7215);
#7214 = CARTESIAN_POINT('',(-2.609350548253E-02,1.378611304528,5.));
#7215 = VECTOR('',#7216,1.);
#7216 = DIRECTION('',(-0.720361441031,0.693598871305,0.));
#7217 = ORIENTED_EDGE('',*,*,#7218,.T.);
#7218 = EDGE_CURVE('',#7211,#7219,#7221,.T.);
#7219 = VERTEX_POINT('',#7220);
#7220 = CARTESIAN_POINT('',(-0.372892941135,1.018430584012,5.));
#7221 = CIRCLE('',#7222,0.5);
#7222 = AXIS2_PLACEMENT_3D('',#7223,#7224,#7225);
#7223 = CARTESIAN_POINT('',(-1.271222061969E-02,0.67163114836,5.));
#7224 = DIRECTION('',(0.,-0.,1.));
#7225 = DIRECTION('',(1.,6.938893903907E-15,0.));
#7226 = ORIENTED_EDGE('',*,*,#7227,.T.);
#7227 = EDGE_CURVE('',#7219,#7228,#7230,.T.);
#7228 = VERTEX_POINT('',#7229);
#7229 = CARTESIAN_POINT('',(-1.031811868875,0.334087215033,5.));
#7230 = LINE('',#7231,#7232);
#7231 = CARTESIAN_POINT('',(-1.378611304528,-2.609350548253E-02,5.));
#7232 = VECTOR('',#7233,1.);
#7233 = DIRECTION('',(-0.693598871305,-0.720361441031,0.));
#7234 = ORIENTED_EDGE('',*,*,#7235,.T.);
#7235 = EDGE_CURVE('',#7228,#7236,#7238,.T.);
#7236 = VERTEX_POINT('',#7237);
#7237 = CARTESIAN_POINT('',(-1.018430584012,-0.372892941135,5.));
#7238 = CIRCLE('',#7239,0.5);
#7239 = AXIS2_PLACEMENT_3D('',#7240,#7241,#7242);
#7240 = CARTESIAN_POINT('',(-0.67163114836,-1.271222061969E-02,5.));
#7241 = DIRECTION('',(0.,-0.,1.));
#7242 = DIRECTION('',(1.,6.095249088442E-15,0.));
#7243 = ORIENTED_EDGE('',*,*,#7244,.T.);
#7244 = EDGE_CURVE('',#7236,#7245,#7247,.T.);
#7245 = VERTEX_POINT('',#7246);
#7246 = CARTESIAN_POINT('',(-0.334087215033,-1.031811868875,5.));
#7247 = LINE('',#7248,#7249);
#7248 = CARTESIAN_POINT('',(-1.378611304528,-2.609350548253E-02,5.));
#7249 = VECTOR('',#7250,1.);
#7250 = DIRECTION('',(0.720361441031,-0.693598871305,0.));
#7251 = ORIENTED_EDGE('',*,*,#7252,.T.);
#7252 = EDGE_CURVE('',#7245,#7253,#7255,.T.);
#7253 = VERTEX_POINT('',#7254);
#7254 = CARTESIAN_POINT('',(0.372892941135,-1.018430584012,5.));
#7255 = CIRCLE('',#7256,0.5);
#7256 = AXIS2_PLACEMENT_3D('',#7257,#7258,#7259);
#7257 = CARTESIAN_POINT('',(1.271222061969E-02,-0.67163114836,5.));
#7258 = DIRECTION('',(0.,-0.,1.));
#7259 = DIRECTION('',(1.,6.938893903907E-15,0.));
#7260 = ORIENTED_EDGE('',*,*,#7261,.T.);
#7261 = EDGE_CURVE('',#7253,#7262,#7264,.T.);
#7262 = VERTEX_POINT('',#7263);
#7263 = CARTESIAN_POINT('',(1.031811868875,-0.334087215033,5.));
#7264 = LINE('',#7265,#7266);
#7265 = CARTESIAN_POINT('',(2.609350548253E-02,-1.378611304528,5.));
#7266 = VECTOR('',#7267,1.);
#7267 = DIRECTION('',(0.693598871305,0.720361441031,0.));
#7268 = ORIENTED_EDGE('',*,*,#7269,.T.);
#7269 = EDGE_CURVE('',#7262,#268,#7270,.T.);
#7270 = CIRCLE('',#7271,0.5);
#7271 = AXIS2_PLACEMENT_3D('',#7272,#7273,#7274);
#7272 = CARTESIAN_POINT('',(0.67163114836,1.271222061969E-02,5.));
#7273 = DIRECTION('',(0.,-0.,1.));
#7274 = DIRECTION('',(1.,6.095249088442E-15,0.));
#7275 = ORIENTED_EDGE('',*,*,#267,.T.);
#7276 = PLANE('',#7277);
#7277 = AXIS2_PLACEMENT_3D('',#7278,#7279,#7280);
#7278 = CARTESIAN_POINT('',(0.,0.,5.));
#7279 = DIRECTION('',(0.,0.,-1.));
#7280 = DIRECTION('',(1.,6.982962677686E-15,0.));
#7281 = ADVANCED_FACE('',(#7282),#7308,.T.);
#7282 = FACE_BOUND('',#7283,.T.);
#7283 = EDGE_LOOP('',(#7284,#7285,#7293,#7302));
#7284 = ORIENTED_EDGE('',*,*,#7252,.F.);
#7285 = ORIENTED_EDGE('',*,*,#7286,.F.);
#7286 = EDGE_CURVE('',#7287,#7245,#7289,.T.);
#7287 = VERTEX_POINT('',#7288);
#7288 = CARTESIAN_POINT('',(-0.334087215033,-1.031811868875,3.));
#7289 = LINE('',#7290,#7291);
#7290 = CARTESIAN_POINT('',(-0.334087215033,-1.031811868875,5.));
#7291 = VECTOR('',#7292,1.);
#7292 = DIRECTION('',(-0.,0.,1.));
#7293 = ORIENTED_EDGE('',*,*,#7294,.F.);
#7294 = EDGE_CURVE('',#7295,#7287,#7297,.T.);
#7295 = VERTEX_POINT('',#7296);
#7296 = CARTESIAN_POINT('',(0.372892941135,-1.018430584012,3.));
#7297 = CIRCLE('',#7298,0.5);
#7298 = AXIS2_PLACEMENT_3D('',#7299,#7300,#7301);
#7299 = CARTESIAN_POINT('',(1.271222061969E-02,-0.67163114836,3.));
#7300 = DIRECTION('',(-0.,0.,-1.));
#7301 = DIRECTION('',(-1.,-6.071532165919E-15,0.));
#7302 = ORIENTED_EDGE('',*,*,#7303,.F.);
#7303 = EDGE_CURVE('',#7253,#7295,#7304,.T.);
#7304 = LINE('',#7305,#7306);
#7305 = CARTESIAN_POINT('',(0.372892941135,-1.018430584012,5.));
#7306 = VECTOR('',#7307,1.);
#7307 = DIRECTION('',(0.,-0.,-1.));
#7308 = CYLINDRICAL_SURFACE('',#7309,0.5);
#7309 = AXIS2_PLACEMENT_3D('',#7310,#7311,#7312);
#7310 = CARTESIAN_POINT('',(1.271222061969E-02,-0.67163114836,5.));
#7311 = DIRECTION('',(0.,-0.,-1.));
#7312 = DIRECTION('',(1.,6.938893903907E-15,0.));
#7313 = ADVANCED_FACE('',(#7314),#7332,.F.);
#7314 = FACE_BOUND('',#7315,.T.);
#7315 = EDGE_LOOP('',(#7316,#7317,#7318,#7326));
#7316 = ORIENTED_EDGE('',*,*,#7261,.F.);
#7317 = ORIENTED_EDGE('',*,*,#7303,.T.);
#7318 = ORIENTED_EDGE('',*,*,#7319,.T.);
#7319 = EDGE_CURVE('',#7295,#7320,#7322,.T.);
#7320 = VERTEX_POINT('',#7321);
#7321 = CARTESIAN_POINT('',(1.031811868875,-0.334087215033,3.));
#7322 = LINE('',#7323,#7324);
#7323 = CARTESIAN_POINT('',(2.609350548253E-02,-1.378611304528,3.));
#7324 = VECTOR('',#7325,1.);
#7325 = DIRECTION('',(0.693598871305,0.720361441031,0.));
#7326 = ORIENTED_EDGE('',*,*,#7327,.T.);
#7327 = EDGE_CURVE('',#7320,#7262,#7328,.T.);
#7328 = LINE('',#7329,#7330);
#7329 = CARTESIAN_POINT('',(1.031811868875,-0.334087215033,5.));
#7330 = VECTOR('',#7331,1.);
#7331 = DIRECTION('',(-0.,0.,1.));
#7332 = PLANE('',#7333);
#7333 = AXIS2_PLACEMENT_3D('',#7334,#7335,#7336);
#7334 = CARTESIAN_POINT('',(2.609350548253E-02,-1.378611304528,5.));
#7335 = DIRECTION('',(-0.720361441031,0.693598871305,0.));
#7336 = DIRECTION('',(-0.693598871305,-0.720361441031,0.));
#7337 = ADVANCED_FACE('',(#7338),#7350,.T.);
#7338 = FACE_BOUND('',#7339,.T.);
#7339 = EDGE_LOOP('',(#7340,#7341,#7342,#7343));
#7340 = ORIENTED_EDGE('',*,*,#278,.F.);
#7341 = ORIENTED_EDGE('',*,*,#7269,.F.);
#7342 = ORIENTED_EDGE('',*,*,#7327,.F.);
#7343 = ORIENTED_EDGE('',*,*,#7344,.F.);
#7344 = EDGE_CURVE('',#279,#7320,#7345,.T.);
#7345 = CIRCLE('',#7346,0.5);
#7346 = AXIS2_PLACEMENT_3D('',#7347,#7348,#7349);
#7347 = CARTESIAN_POINT('',(0.67163114836,1.271222061969E-02,3.));
#7348 = DIRECTION('',(-0.,0.,-1.));
#7349 = DIRECTION('',(-1.,-8.758320674609E-15,0.));
#7350 = CYLINDRICAL_SURFACE('',#7351,0.5);
#7351 = AXIS2_PLACEMENT_3D('',#7352,#7353,#7354);
#7352 = CARTESIAN_POINT('',(0.67163114836,1.271222061969E-02,5.));
#7353 = DIRECTION('',(0.,-0.,-1.));
#7354 = DIRECTION('',(1.,6.982939617164E-15,0.));
#7355 = ADVANCED_FACE('',(#7356),#7374,.F.);
#7356 = FACE_BOUND('',#7357,.T.);
#7357 = EDGE_LOOP('',(#7358,#7366,#7372,#7373));
#7358 = ORIENTED_EDGE('',*,*,#7359,.T.);
#7359 = EDGE_CURVE('',#287,#7360,#7362,.T.);
#7360 = VERTEX_POINT('',#7361);
#7361 = CARTESIAN_POINT('',(0.334087215033,1.031811868875,3.));
#7362 = LINE('',#7363,#7364);
#7363 = CARTESIAN_POINT('',(-2.609350548253E-02,1.378611304528,3.));
#7364 = VECTOR('',#7365,1.);
#7365 = DIRECTION('',(-0.720361441031,0.693598871305,0.));
#7366 = ORIENTED_EDGE('',*,*,#7367,.T.);
#7367 = EDGE_CURVE('',#7360,#7211,#7368,.T.);
#7368 = LINE('',#7369,#7370);
#7369 = CARTESIAN_POINT('',(0.334087215033,1.031811868875,5.));
#7370 = VECTOR('',#7371,1.);
#7371 = DIRECTION('',(-0.,0.,1.));
#7372 = ORIENTED_EDGE('',*,*,#7210,.F.);
#7373 = ORIENTED_EDGE('',*,*,#295,.T.);
#7374 = PLANE('',#7375);
#7375 = AXIS2_PLACEMENT_3D('',#7376,#7377,#7378);
#7376 = CARTESIAN_POINT('',(-2.609350548253E-02,1.378611304528,5.));
#7377 = DIRECTION('',(-0.693598871305,-0.720361441031,0.));
#7378 = DIRECTION('',(0.720361441031,-0.693598871305,0.));
#7379 = ADVANCED_FACE('',(#7380),#7399,.T.);
#7380 = FACE_BOUND('',#7381,.T.);
#7381 = EDGE_LOOP('',(#7382,#7383,#7384,#7393));
#7382 = ORIENTED_EDGE('',*,*,#7218,.F.);
#7383 = ORIENTED_EDGE('',*,*,#7367,.F.);
#7384 = ORIENTED_EDGE('',*,*,#7385,.F.);
#7385 = EDGE_CURVE('',#7386,#7360,#7388,.T.);
#7386 = VERTEX_POINT('',#7387);
#7387 = CARTESIAN_POINT('',(-0.372892941135,1.018430584012,3.));
#7388 = CIRCLE('',#7389,0.5);
#7389 = AXIS2_PLACEMENT_3D('',#7390,#7391,#7392);
#7390 = CARTESIAN_POINT('',(-1.271222061969E-02,0.67163114836,3.));
#7391 = DIRECTION('',(-0.,0.,-1.));
#7392 = DIRECTION('',(-1.,-7.806255641896E-15,0.));
#7393 = ORIENTED_EDGE('',*,*,#7394,.F.);
#7394 = EDGE_CURVE('',#7219,#7386,#7395,.T.);
#7395 = LINE('',#7396,#7397);
#7396 = CARTESIAN_POINT('',(-0.372892941135,1.018430584012,5.));
#7397 = VECTOR('',#7398,1.);
#7398 = DIRECTION('',(0.,-0.,-1.));
#7399 = CYLINDRICAL_SURFACE('',#7400,0.5);
#7400 = AXIS2_PLACEMENT_3D('',#7401,#7402,#7403);
#7401 = CARTESIAN_POINT('',(-1.271222061969E-02,0.67163114836,5.));
#7402 = DIRECTION('',(0.,-0.,-1.));
#7403 = DIRECTION('',(1.,6.938893903907E-15,0.));
#7404 = ADVANCED_FACE('',(#7405),#7423,.F.);
#7405 = FACE_BOUND('',#7406,.T.);
#7406 = EDGE_LOOP('',(#7407,#7408,#7409,#7417));
#7407 = ORIENTED_EDGE('',*,*,#7227,.F.);
#7408 = ORIENTED_EDGE('',*,*,#7394,.T.);
#7409 = ORIENTED_EDGE('',*,*,#7410,.T.);
#7410 = EDGE_CURVE('',#7386,#7411,#7413,.T.);
#7411 = VERTEX_POINT('',#7412);
#7412 = CARTESIAN_POINT('',(-1.031811868875,0.334087215033,3.));
#7413 = LINE('',#7414,#7415);
#7414 = CARTESIAN_POINT('',(-1.378611304528,-2.609350548253E-02,3.));
#7415 = VECTOR('',#7416,1.);
#7416 = DIRECTION('',(-0.693598871305,-0.720361441031,0.));
#7417 = ORIENTED_EDGE('',*,*,#7418,.T.);
#7418 = EDGE_CURVE('',#7411,#7228,#7419,.T.);
#7419 = LINE('',#7420,#7421);
#7420 = CARTESIAN_POINT('',(-1.031811868875,0.334087215033,5.));
#7421 = VECTOR('',#7422,1.);
#7422 = DIRECTION('',(-0.,0.,1.));
#7423 = PLANE('',#7424);
#7424 = AXIS2_PLACEMENT_3D('',#7425,#7426,#7427);
#7425 = CARTESIAN_POINT('',(-1.378611304528,-2.609350548253E-02,5.));
#7426 = DIRECTION('',(0.720361441031,-0.693598871305,0.));
#7427 = DIRECTION('',(0.693598871305,0.720361441031,0.));
#7428 = ADVANCED_FACE('',(#7429),#7448,.T.);
#7429 = FACE_BOUND('',#7430,.T.);
#7430 = EDGE_LOOP('',(#7431,#7432,#7433,#7442));
#7431 = ORIENTED_EDGE('',*,*,#7235,.F.);
#7432 = ORIENTED_EDGE('',*,*,#7418,.F.);
#7433 = ORIENTED_EDGE('',*,*,#7434,.F.);
#7434 = EDGE_CURVE('',#7435,#7411,#7437,.T.);
#7435 = VERTEX_POINT('',#7436);
#7436 = CARTESIAN_POINT('',(-1.018430584012,-0.372892941135,3.));
#7437 = CIRCLE('',#7438,0.5);
#7438 = AXIS2_PLACEMENT_3D('',#7439,#7440,#7441);
#7439 = CARTESIAN_POINT('',(-0.67163114836,-1.271222061969E-02,3.));
#7440 = DIRECTION('',(-0.,0.,-1.));
#7441 = DIRECTION('',(-1.,-6.982939617164E-15,0.));
#7442 = ORIENTED_EDGE('',*,*,#7443,.F.);
#7443 = EDGE_CURVE('',#7236,#7435,#7444,.T.);
#7444 = LINE('',#7445,#7446);
#7445 = CARTESIAN_POINT('',(-1.018430584012,-0.372892941135,5.));
#7446 = VECTOR('',#7447,1.);
#7447 = DIRECTION('',(0.,-0.,-1.));
#7448 = CYLINDRICAL_SURFACE('',#7449,0.5);
#7449 = AXIS2_PLACEMENT_3D('',#7450,#7451,#7452);
#7450 = CARTESIAN_POINT('',(-0.67163114836,-1.271222061969E-02,5.));
#7451 = DIRECTION('',(0.,-0.,-1.));
#7452 = DIRECTION('',(1.,6.982939617164E-15,0.));
#7453 = ADVANCED_FACE('',(#7454),#7465,.F.);
#7454 = FACE_BOUND('',#7455,.T.);
#7455 = EDGE_LOOP('',(#7456,#7462,#7463,#7464));
#7456 = ORIENTED_EDGE('',*,*,#7457,.T.);
#7457 = EDGE_CURVE('',#7435,#7287,#7458,.T.);
#7458 = LINE('',#7459,#7460);
#7459 = CARTESIAN_POINT('',(-1.378611304528,-2.609350548253E-02,3.));
#7460 = VECTOR('',#7461,1.);
#7461 = DIRECTION('',(0.720361441031,-0.693598871305,0.));
#7462 = ORIENTED_EDGE('',*,*,#7286,.T.);
#7463 = ORIENTED_EDGE('',*,*,#7244,.F.);
#7464 = ORIENTED_EDGE('',*,*,#7443,.T.);
#7465 = PLANE('',#7466);
#7466 = AXIS2_PLACEMENT_3D('',#7467,#7468,#7469);
#7467 = CARTESIAN_POINT('',(-1.378611304528,-2.609350548253E-02,5.));
#7468 = DIRECTION('',(0.693598871305,0.720361441031,0.));
#7469 = DIRECTION('',(-0.720361441031,0.693598871305,0.));
#7470 = ADVANCED_FACE('',(#7471,#7481),#7492,.T.);
#7471 = FACE_BOUND('',#7472,.T.);
#7472 = EDGE_LOOP('',(#7473,#7480));
#7473 = ORIENTED_EDGE('',*,*,#7474,.T.);
#7474 = EDGE_CURVE('',#228,#226,#7475,.T.);
#7475 = CIRCLE('',#7476,1.5);
#7476 = AXIS2_PLACEMENT_3D('',#7477,#7478,#7479);
#7477 = CARTESIAN_POINT('',(0.,0.,3.));
#7478 = DIRECTION('',(0.,0.,1.));
#7479 = DIRECTION('',(-1.,-6.982962677686E-15,0.));
#7480 = ORIENTED_EDGE('',*,*,#225,.T.);
#7481 = FACE_BOUND('',#7482,.T.);
#7482 = EDGE_LOOP('',(#7483,#7484,#7485,#7486,#7487,#7488,#7489,#7490,
    #7491));
#7483 = ORIENTED_EDGE('',*,*,#7457,.F.);
#7484 = ORIENTED_EDGE('',*,*,#7434,.T.);
#7485 = ORIENTED_EDGE('',*,*,#7410,.F.);
#7486 = ORIENTED_EDGE('',*,*,#7385,.T.);
#7487 = ORIENTED_EDGE('',*,*,#7359,.F.);
#7488 = ORIENTED_EDGE('',*,*,#286,.T.);
#7489 = ORIENTED_EDGE('',*,*,#7344,.T.);
#7490 = ORIENTED_EDGE('',*,*,#7319,.F.);
#7491 = ORIENTED_EDGE('',*,*,#7294,.T.);
#7492 = PLANE('',#7493);
#7493 = AXIS2_PLACEMENT_3D('',#7494,#7495,#7496);
#7494 = CARTESIAN_POINT('',(0.,0.,3.));
#7495 = DIRECTION('',(0.,0.,1.));
#7496 = DIRECTION('',(-1.,-6.982962677686E-15,0.));
#7497 = ADVANCED_FACE('',(#7498),#7504,.T.);
#7498 = FACE_BOUND('',#7499,.T.);
#7499 = EDGE_LOOP('',(#7500,#7501,#7502,#7503));
#7500 = ORIENTED_EDGE('',*,*,#236,.F.);
#7501 = ORIENTED_EDGE('',*,*,#7474,.F.);
#7502 = ORIENTED_EDGE('',*,*,#253,.T.);
#7503 = ORIENTED_EDGE('',*,*,#7080,.T.);
#7504 = CYLINDRICAL_SURFACE('',#7505,1.5);
#7505 = AXIS2_PLACEMENT_3D('',#7506,#7507,#7508);
#7506 = CARTESIAN_POINT('',(0.,0.,3.));
#7507 = DIRECTION('',(0.,0.,-1.));
#7508 = DIRECTION('',(1.,6.982962677686E-15,0.));
#7509 = ADVANCED_FACE('',(#7510),#7526,.F.);
#7510 = FACE_BOUND('',#7511,.T.);
#7511 = EDGE_LOOP('',(#7512,#7513,#7519,#7520));
#7512 = ORIENTED_EDGE('',*,*,#1256,.T.);
#7513 = ORIENTED_EDGE('',*,*,#7514,.F.);
#7514 = EDGE_CURVE('',#6910,#1249,#7515,.T.);
#7515 = LINE('',#7516,#7517);
#7516 = CARTESIAN_POINT('',(-3.75,-2.331118318204,2.15));
#7517 = VECTOR('',#7518,1.);
#7518 = DIRECTION('',(0.,0.,-1.));
#7519 = ORIENTED_EDGE('',*,*,#6909,.F.);
#7520 = ORIENTED_EDGE('',*,*,#7521,.T.);
#7521 = EDGE_CURVE('',#6902,#1257,#7522,.T.);
#7522 = LINE('',#7523,#7524);
#7523 = CARTESIAN_POINT('',(-3.75,2.331118318204,2.15));
#7524 = VECTOR('',#7525,1.);
#7525 = DIRECTION('',(0.,0.,-1.));
#7526 = PLANE('',#7527);
#7527 = AXIS2_PLACEMENT_3D('',#7528,#7529,#7530);
#7528 = CARTESIAN_POINT('',(-3.75,2.331118318204,2.15));
#7529 = DIRECTION('',(1.,8.657321199288E-15,0.));
#7530 = DIRECTION('',(-8.657321199288E-15,1.,0.));
#7531 = ADVANCED_FACE('',(#7532),#7543,.F.);
#7532 = FACE_BOUND('',#7533,.T.);
#7533 = EDGE_LOOP('',(#7534,#7535,#7541,#7542));
#7534 = ORIENTED_EDGE('',*,*,#1248,.T.);
#7535 = ORIENTED_EDGE('',*,*,#7536,.F.);
#7536 = EDGE_CURVE('',#6918,#1241,#7537,.T.);
#7537 = LINE('',#7538,#7539);
#7538 = CARTESIAN_POINT('',(-2.331118318204,-3.75,2.15));
#7539 = VECTOR('',#7540,1.);
#7540 = DIRECTION('',(0.,0.,-1.));
#7541 = ORIENTED_EDGE('',*,*,#6917,.F.);
#7542 = ORIENTED_EDGE('',*,*,#7514,.T.);
#7543 = PLANE('',#7544);
#7544 = AXIS2_PLACEMENT_3D('',#7545,#7546,#7547);
#7545 = CARTESIAN_POINT('',(-3.75,-2.331118318204,2.15));
#7546 = DIRECTION('',(0.707106781187,0.707106781187,0.));
#7547 = DIRECTION('',(-0.707106781187,0.707106781187,0.));
#7548 = ADVANCED_FACE('',(#7549),#7560,.F.);
#7549 = FACE_BOUND('',#7550,.T.);
#7550 = EDGE_LOOP('',(#7551,#7552,#7558,#7559));
#7551 = ORIENTED_EDGE('',*,*,#1240,.T.);
#7552 = ORIENTED_EDGE('',*,*,#7553,.F.);
#7553 = EDGE_CURVE('',#6926,#1233,#7554,.T.);
#7554 = LINE('',#7555,#7556);
#7555 = CARTESIAN_POINT('',(-1.639641133223,-3.75,2.15));
#7556 = VECTOR('',#7557,1.);
#7557 = DIRECTION('',(0.,0.,-1.));
#7558 = ORIENTED_EDGE('',*,*,#6925,.F.);
#7559 = ORIENTED_EDGE('',*,*,#7536,.T.);
#7560 = PLANE('',#7561);
#7561 = AXIS2_PLACEMENT_3D('',#7562,#7563,#7564);
#7562 = CARTESIAN_POINT('',(-2.331118318204,-3.75,2.15));
#7563 = DIRECTION('',(-4.461378073622E-14,1.,0.));
#7564 = DIRECTION('',(-1.,-4.461378073622E-14,0.));
#7565 = ADVANCED_FACE('',(#7566),#7572,.F.);
#7566 = FACE_BOUND('',#7567,.T.);
#7567 = EDGE_LOOP('',(#7568,#7569,#7570,#7571));
#7568 = ORIENTED_EDGE('',*,*,#1232,.T.);
#7569 = ORIENTED_EDGE('',*,*,#7178,.F.);
#7570 = ORIENTED_EDGE('',*,*,#6933,.F.);
#7571 = ORIENTED_EDGE('',*,*,#7553,.T.);
#7572 = PLANE('',#7573);
#7573 = AXIS2_PLACEMENT_3D('',#7574,#7575,#7576);
#7574 = CARTESIAN_POINT('',(-1.639641133223,-3.75,2.15));
#7575 = DIRECTION('',(-1.,-6.982962677686E-15,-0.));
#7576 = DIRECTION('',(0.,0.,-1.));
#7577 = ADVANCED_FACE('',(#7578),#7589,.F.);
#7578 = FACE_BOUND('',#7579,.T.);
#7579 = EDGE_LOOP('',(#7580,#7581,#7582,#7588));
#7580 = ORIENTED_EDGE('',*,*,#1427,.F.);
#7581 = ORIENTED_EDGE('',*,*,#1192,.T.);
#7582 = ORIENTED_EDGE('',*,*,#7583,.F.);
#7583 = EDGE_CURVE('',#6956,#1185,#7584,.T.);
#7584 = LINE('',#7585,#7586);
#7585 = CARTESIAN_POINT('',(-1.077206093338,-3.74,2.15));
#7586 = VECTOR('',#7587,1.);
#7587 = DIRECTION('',(0.,0.,-1.));
#7588 = ORIENTED_EDGE('',*,*,#6955,.F.);
#7589 = PLANE('',#7590);
#7590 = AXIS2_PLACEMENT_3D('',#7591,#7592,#7593);
#7591 = CARTESIAN_POINT('',(-1.639641133223,-3.74,2.15));
#7592 = DIRECTION('',(-6.982962677686E-15,1.,0.));
#7593 = DIRECTION('',(0.,0.,-1.));
#7594 = ADVANCED_FACE('',(#7595),#7606,.F.);
#7595 = FACE_BOUND('',#7596,.T.);
#7596 = EDGE_LOOP('',(#7597,#7598,#7604,#7605));
#7597 = ORIENTED_EDGE('',*,*,#1184,.T.);
#7598 = ORIENTED_EDGE('',*,*,#7599,.F.);
#7599 = EDGE_CURVE('',#6964,#1177,#7600,.T.);
#7600 = LINE('',#7601,#7602);
#7601 = CARTESIAN_POINT('',(-1.077206093338,-3.75,2.15));
#7602 = VECTOR('',#7603,1.);
#7603 = DIRECTION('',(0.,0.,-1.));
#7604 = ORIENTED_EDGE('',*,*,#6963,.F.);
#7605 = ORIENTED_EDGE('',*,*,#7583,.T.);
#7606 = PLANE('',#7607);
#7607 = AXIS2_PLACEMENT_3D('',#7608,#7609,#7610);
#7608 = CARTESIAN_POINT('',(-1.077206093338,-3.74,2.15));
#7609 = DIRECTION('',(1.,6.982962677686E-15,-0.));
#7610 = DIRECTION('',(0.,0.,1.));
#7611 = ADVANCED_FACE('',(#7612),#7623,.F.);
#7612 = FACE_BOUND('',#7613,.T.);
#7613 = EDGE_LOOP('',(#7614,#7615,#7621,#7622));
#7614 = ORIENTED_EDGE('',*,*,#1176,.T.);
#7615 = ORIENTED_EDGE('',*,*,#7616,.F.);
#7616 = EDGE_CURVE('',#6972,#1169,#7617,.T.);
#7617 = LINE('',#7618,#7619);
#7618 = CARTESIAN_POINT('',(1.325058822779,-3.75,2.15));
#7619 = VECTOR('',#7620,1.);
#7620 = DIRECTION('',(0.,0.,-1.));
#7621 = ORIENTED_EDGE('',*,*,#6971,.F.);
#7622 = ORIENTED_EDGE('',*,*,#7599,.T.);
#7623 = PLANE('',#7624);
#7624 = AXIS2_PLACEMENT_3D('',#7625,#7626,#7627);
#7625 = CARTESIAN_POINT('',(-1.077206093338,-3.75,2.15));
#7626 = DIRECTION('',(-6.982962677686E-15,1.,0.));
#7627 = DIRECTION('',(0.,0.,-1.));
#7628 = ADVANCED_FACE('',(#7629),#7635,.F.);
#7629 = FACE_BOUND('',#7630,.T.);
#7630 = EDGE_LOOP('',(#7631,#7632,#7633,#7634));
#7631 = ORIENTED_EDGE('',*,*,#1168,.T.);
#7632 = ORIENTED_EDGE('',*,*,#7195,.F.);
#7633 = ORIENTED_EDGE('',*,*,#6979,.F.);
#7634 = ORIENTED_EDGE('',*,*,#7616,.T.);
#7635 = PLANE('',#7636);
#7636 = AXIS2_PLACEMENT_3D('',#7637,#7638,#7639);
#7637 = CARTESIAN_POINT('',(1.325058822779,-3.75,2.15));
#7638 = DIRECTION('',(-1.,-6.982962677686E-15,-0.));
#7639 = DIRECTION('',(0.,0.,-1.));
#7640 = ADVANCED_FACE('',(#7641),#7652,.F.);
#7641 = FACE_BOUND('',#7642,.T.);
#7642 = EDGE_LOOP('',(#7643,#7644,#7645,#7651));
#7643 = ORIENTED_EDGE('',*,*,#1530,.F.);
#7644 = ORIENTED_EDGE('',*,*,#1128,.T.);
#7645 = ORIENTED_EDGE('',*,*,#7646,.F.);
#7646 = EDGE_CURVE('',#7002,#1121,#7647,.T.);
#7647 = LINE('',#7648,#7649);
#7648 = CARTESIAN_POINT('',(1.935157849095,-3.74,2.15));
#7649 = VECTOR('',#7650,1.);
#7650 = DIRECTION('',(0.,0.,-1.));
#7651 = ORIENTED_EDGE('',*,*,#7001,.F.);
#7652 = PLANE('',#7653);
#7653 = AXIS2_PLACEMENT_3D('',#7654,#7655,#7656);
#7654 = CARTESIAN_POINT('',(1.325058822779,-3.74,2.15));
#7655 = DIRECTION('',(-6.982962677686E-15,1.,0.));
#7656 = DIRECTION('',(0.,0.,-1.));
#7657 = ADVANCED_FACE('',(#7658),#7669,.F.);
#7658 = FACE_BOUND('',#7659,.T.);
#7659 = EDGE_LOOP('',(#7660,#7661,#7667,#7668));
#7660 = ORIENTED_EDGE('',*,*,#1120,.T.);
#7661 = ORIENTED_EDGE('',*,*,#7662,.F.);
#7662 = EDGE_CURVE('',#7010,#1113,#7663,.T.);
#7663 = LINE('',#7664,#7665);
#7664 = CARTESIAN_POINT('',(1.935157849095,-3.75,2.15));
#7665 = VECTOR('',#7666,1.);
#7666 = DIRECTION('',(0.,0.,-1.));
#7667 = ORIENTED_EDGE('',*,*,#7009,.F.);
#7668 = ORIENTED_EDGE('',*,*,#7646,.T.);
#7669 = PLANE('',#7670);
#7670 = AXIS2_PLACEMENT_3D('',#7671,#7672,#7673);
#7671 = CARTESIAN_POINT('',(1.935157849095,-3.74,2.15));
#7672 = DIRECTION('',(1.,6.982962677686E-15,-0.));
#7673 = DIRECTION('',(0.,0.,1.));
#7674 = ADVANCED_FACE('',(#7675),#7686,.F.);
#7675 = FACE_BOUND('',#7676,.T.);
#7676 = EDGE_LOOP('',(#7677,#7678,#7684,#7685));
#7677 = ORIENTED_EDGE('',*,*,#1112,.T.);
#7678 = ORIENTED_EDGE('',*,*,#7679,.F.);
#7679 = EDGE_CURVE('',#7018,#1105,#7680,.T.);
#7680 = LINE('',#7681,#7682);
#7681 = CARTESIAN_POINT('',(2.331118318204,-3.75,2.15));
#7682 = VECTOR('',#7683,1.);
#7683 = DIRECTION('',(0.,0.,-1.));
#7684 = ORIENTED_EDGE('',*,*,#7017,.F.);
#7685 = ORIENTED_EDGE('',*,*,#7662,.T.);
#7686 = PLANE('',#7687);
#7687 = AXIS2_PLACEMENT_3D('',#7688,#7689,#7690);
#7688 = CARTESIAN_POINT('',(1.935157849095,-3.75,2.15));
#7689 = DIRECTION('',(5.873282000683E-14,1.,0.));
#7690 = DIRECTION('',(-1.,5.873282000683E-14,0.));
#7691 = ADVANCED_FACE('',(#7692),#7703,.F.);
#7692 = FACE_BOUND('',#7693,.T.);
#7693 = EDGE_LOOP('',(#7694,#7695,#7701,#7702));
#7694 = ORIENTED_EDGE('',*,*,#1104,.T.);
#7695 = ORIENTED_EDGE('',*,*,#7696,.F.);
#7696 = EDGE_CURVE('',#7026,#1097,#7697,.T.);
#7697 = LINE('',#7698,#7699);
#7698 = CARTESIAN_POINT('',(3.75,-2.331118318204,2.15));
#7699 = VECTOR('',#7700,1.);
#7700 = DIRECTION('',(0.,0.,-1.));
#7701 = ORIENTED_EDGE('',*,*,#7025,.F.);
#7702 = ORIENTED_EDGE('',*,*,#7679,.T.);
#7703 = PLANE('',#7704);
#7704 = AXIS2_PLACEMENT_3D('',#7705,#7706,#7707);
#7705 = CARTESIAN_POINT('',(2.331118318204,-3.75,2.15));
#7706 = DIRECTION('',(-0.707106781187,0.707106781187,0.));
#7707 = DIRECTION('',(-0.707106781187,-0.707106781187,0.));
#7708 = ADVANCED_FACE('',(#7709),#7720,.F.);
#7709 = FACE_BOUND('',#7710,.T.);
#7710 = EDGE_LOOP('',(#7711,#7712,#7718,#7719));
#7711 = ORIENTED_EDGE('',*,*,#1096,.T.);
#7712 = ORIENTED_EDGE('',*,*,#7713,.F.);
#7713 = EDGE_CURVE('',#7034,#1089,#7714,.T.);
#7714 = LINE('',#7715,#7716);
#7715 = CARTESIAN_POINT('',(3.75,2.331118318204,2.15));
#7716 = VECTOR('',#7717,1.);
#7717 = DIRECTION('',(0.,0.,-1.));
#7718 = ORIENTED_EDGE('',*,*,#7033,.F.);
#7719 = ORIENTED_EDGE('',*,*,#7696,.T.);
#7720 = PLANE('',#7721);
#7721 = AXIS2_PLACEMENT_3D('',#7722,#7723,#7724);
#7722 = CARTESIAN_POINT('',(3.75,-2.331118318204,2.15));
#7723 = DIRECTION('',(-1.,-5.308604156084E-15,0.));
#7724 = DIRECTION('',(5.308604156084E-15,-1.,0.));
#7725 = ADVANCED_FACE('',(#7726),#7737,.F.);
#7726 = FACE_BOUND('',#7727,.T.);
#7727 = EDGE_LOOP('',(#7728,#7729,#7735,#7736));
#7728 = ORIENTED_EDGE('',*,*,#1088,.T.);
#7729 = ORIENTED_EDGE('',*,*,#7730,.F.);
#7730 = EDGE_CURVE('',#7042,#1081,#7731,.T.);
#7731 = LINE('',#7732,#7733);
#7732 = CARTESIAN_POINT('',(2.331118318204,3.75,2.15));
#7733 = VECTOR('',#7734,1.);
#7734 = DIRECTION('',(0.,0.,-1.));
#7735 = ORIENTED_EDGE('',*,*,#7041,.F.);
#7736 = ORIENTED_EDGE('',*,*,#7713,.T.);
#7737 = PLANE('',#7738);
#7738 = AXIS2_PLACEMENT_3D('',#7739,#7740,#7741);
#7739 = CARTESIAN_POINT('',(3.75,2.331118318204,2.15));
#7740 = DIRECTION('',(-0.707106781187,-0.707106781187,0.));
#7741 = DIRECTION('',(0.707106781187,-0.707106781187,0.));
#7742 = ADVANCED_FACE('',(#7743),#7754,.F.);
#7743 = FACE_BOUND('',#7744,.T.);
#7744 = EDGE_LOOP('',(#7745,#7746,#7752,#7753));
#7745 = ORIENTED_EDGE('',*,*,#1080,.T.);
#7746 = ORIENTED_EDGE('',*,*,#7747,.F.);
#7747 = EDGE_CURVE('',#7050,#1073,#7748,.T.);
#7748 = LINE('',#7749,#7750);
#7749 = CARTESIAN_POINT('',(1.935157849095,3.75,2.15));
#7750 = VECTOR('',#7751,1.);
#7751 = DIRECTION('',(0.,0.,-1.));
#7752 = ORIENTED_EDGE('',*,*,#7049,.F.);
#7753 = ORIENTED_EDGE('',*,*,#7730,.T.);
#7754 = PLANE('',#7755);
#7755 = AXIS2_PLACEMENT_3D('',#7756,#7757,#7758);
#7756 = CARTESIAN_POINT('',(2.331118318204,3.75,2.15));
#7757 = DIRECTION('',(6.982962677686E-15,-1.,0.));
#7758 = DIRECTION('',(0.,0.,1.));
#7759 = ADVANCED_FACE('',(#7760),#7766,.F.);
#7760 = FACE_BOUND('',#7761,.T.);
#7761 = EDGE_LOOP('',(#7762,#7763,#7764,#7765));
#7762 = ORIENTED_EDGE('',*,*,#1072,.T.);
#7763 = ORIENTED_EDGE('',*,*,#921,.F.);
#7764 = ORIENTED_EDGE('',*,*,#7057,.F.);
#7765 = ORIENTED_EDGE('',*,*,#7747,.T.);
#7766 = PLANE('',#7767);
#7767 = AXIS2_PLACEMENT_3D('',#7768,#7769,#7770);
#7768 = CARTESIAN_POINT('',(1.935157849095,3.75,2.15));
#7769 = DIRECTION('',(1.,6.982962677686E-15,-0.));
#7770 = DIRECTION('',(0.,0.,1.));
#7771 = ADVANCED_FACE('',(#7772),#7783,.F.);
#7772 = FACE_BOUND('',#7773,.T.);
#7773 = EDGE_LOOP('',(#7774,#7775,#7781,#7782));
#7774 = ORIENTED_EDGE('',*,*,#1326,.T.);
#7775 = ORIENTED_EDGE('',*,*,#7776,.F.);
#7776 = EDGE_CURVE('',#6840,#1319,#7777,.T.);
#7777 = LINE('',#7778,#7779);
#7778 = CARTESIAN_POINT('',(1.325058822779,3.75,2.15));
#7779 = VECTOR('',#7780,1.);
#7780 = DIRECTION('',(0.,0.,-1.));
#7781 = ORIENTED_EDGE('',*,*,#6839,.F.);
#7782 = ORIENTED_EDGE('',*,*,#961,.T.);
#7783 = PLANE('',#7784);
#7784 = AXIS2_PLACEMENT_3D('',#7785,#7786,#7787);
#7785 = CARTESIAN_POINT('',(1.325058822779,3.74,2.15));
#7786 = DIRECTION('',(-1.,-6.982962677686E-15,-0.));
#7787 = DIRECTION('',(0.,0.,-1.));
#7788 = ADVANCED_FACE('',(#7789),#7800,.F.);
#7789 = FACE_BOUND('',#7790,.T.);
#7790 = EDGE_LOOP('',(#7791,#7792,#7798,#7799));
#7791 = ORIENTED_EDGE('',*,*,#1318,.T.);
#7792 = ORIENTED_EDGE('',*,*,#7793,.F.);
#7793 = EDGE_CURVE('',#6848,#1311,#7794,.T.);
#7794 = LINE('',#7795,#7796);
#7795 = CARTESIAN_POINT('',(-1.077206093339,3.75,2.15));
#7796 = VECTOR('',#7797,1.);
#7797 = DIRECTION('',(0.,0.,-1.));
#7798 = ORIENTED_EDGE('',*,*,#6847,.F.);
#7799 = ORIENTED_EDGE('',*,*,#7776,.T.);
#7800 = PLANE('',#7801);
#7801 = AXIS2_PLACEMENT_3D('',#7802,#7803,#7804);
#7802 = CARTESIAN_POINT('',(1.325058822779,3.75,2.15));
#7803 = DIRECTION('',(6.982962677686E-15,-1.,0.));
#7804 = DIRECTION('',(0.,0.,1.));
#7805 = ADVANCED_FACE('',(#7806),#7812,.F.);
#7806 = FACE_BOUND('',#7807,.T.);
#7807 = EDGE_LOOP('',(#7808,#7809,#7810,#7811));
#7808 = ORIENTED_EDGE('',*,*,#1310,.T.);
#7809 = ORIENTED_EDGE('',*,*,#1001,.F.);
#7810 = ORIENTED_EDGE('',*,*,#6855,.F.);
#7811 = ORIENTED_EDGE('',*,*,#7793,.T.);
#7812 = PLANE('',#7813);
#7813 = AXIS2_PLACEMENT_3D('',#7814,#7815,#7816);
#7814 = CARTESIAN_POINT('',(-1.077206093339,3.75,2.15));
#7815 = DIRECTION('',(1.,6.982962677686E-15,-0.));
#7816 = DIRECTION('',(0.,0.,1.));
#7817 = ADVANCED_FACE('',(#7818),#7829,.F.);
#7818 = FACE_BOUND('',#7819,.T.);
#7819 = EDGE_LOOP('',(#7820,#7821,#7827,#7828));
#7820 = ORIENTED_EDGE('',*,*,#1280,.T.);
#7821 = ORIENTED_EDGE('',*,*,#7822,.F.);
#7822 = EDGE_CURVE('',#6886,#1273,#7823,.T.);
#7823 = LINE('',#7824,#7825);
#7824 = CARTESIAN_POINT('',(-1.639641133223,3.75,2.15));
#7825 = VECTOR('',#7826,1.);
#7826 = DIRECTION('',(0.,0.,-1.));
#7827 = ORIENTED_EDGE('',*,*,#6885,.F.);
#7828 = ORIENTED_EDGE('',*,*,#1041,.T.);
#7829 = PLANE('',#7830);
#7830 = AXIS2_PLACEMENT_3D('',#7831,#7832,#7833);
#7831 = CARTESIAN_POINT('',(-1.639641133223,3.74,2.15));
#7832 = DIRECTION('',(-1.,-6.982962677686E-15,-0.));
#7833 = DIRECTION('',(0.,0.,-1.));
#7834 = ADVANCED_FACE('',(#7835),#7846,.F.);
#7835 = FACE_BOUND('',#7836,.T.);
#7836 = EDGE_LOOP('',(#7837,#7838,#7844,#7845));
#7837 = ORIENTED_EDGE('',*,*,#1272,.T.);
#7838 = ORIENTED_EDGE('',*,*,#7839,.F.);
#7839 = EDGE_CURVE('',#6894,#1265,#7840,.T.);
#7840 = LINE('',#7841,#7842);
#7841 = CARTESIAN_POINT('',(-2.331118318204,3.75,2.15));
#7842 = VECTOR('',#7843,1.);
#7843 = DIRECTION('',(0.,0.,-1.));
#7844 = ORIENTED_EDGE('',*,*,#6893,.F.);
#7845 = ORIENTED_EDGE('',*,*,#7822,.T.);
#7846 = PLANE('',#7847);
#7847 = AXIS2_PLACEMENT_3D('',#7848,#7849,#7850);
#7848 = CARTESIAN_POINT('',(-1.639641133223,3.75,2.15));
#7849 = DIRECTION('',(6.982962677686E-15,-1.,0.));
#7850 = DIRECTION('',(0.,0.,1.));
#7851 = ADVANCED_FACE('',(#7852),#7858,.F.);
#7852 = FACE_BOUND('',#7853,.T.);
#7853 = EDGE_LOOP('',(#7854,#7855,#7856,#7857));
#7854 = ORIENTED_EDGE('',*,*,#1264,.T.);
#7855 = ORIENTED_EDGE('',*,*,#7521,.F.);
#7856 = ORIENTED_EDGE('',*,*,#6901,.F.);
#7857 = ORIENTED_EDGE('',*,*,#7839,.T.);
#7858 = PLANE('',#7859);
#7859 = AXIS2_PLACEMENT_3D('',#7860,#7861,#7862);
#7860 = CARTESIAN_POINT('',(-2.331118318204,3.75,2.15));
#7861 = DIRECTION('',(0.707106781187,-0.707106781187,0.));
#7862 = DIRECTION('',(0.707106781187,0.707106781187,0.));
#7863 = ADVANCED_FACE('',(#7864),#7891,.F.);
#7864 = FACE_BOUND('',#7865,.T.);
#7865 = EDGE_LOOP('',(#7866,#7867,#7875,#7881,#7882,#7883,#7884,#7890));
#7866 = ORIENTED_EDGE('',*,*,#335,.F.);
#7867 = ORIENTED_EDGE('',*,*,#7868,.T.);
#7868 = EDGE_CURVE('',#328,#7869,#7871,.T.);
#7869 = VERTEX_POINT('',#7870);
#7870 = CARTESIAN_POINT('',(1.88536853969,3.75,0.849662300243));
#7871 = LINE('',#7872,#7873);
#7872 = CARTESIAN_POINT('',(1.88536853969,3.65,0.849662300243));
#7873 = VECTOR('',#7874,1.);
#7874 = DIRECTION('',(-6.982962677686E-15,1.,0.));
#7875 = ORIENTED_EDGE('',*,*,#7876,.T.);
#7876 = EDGE_CURVE('',#7869,#7065,#7877,.T.);
#7877 = LINE('',#7878,#7879);
#7878 = CARTESIAN_POINT('',(1.88536853969,3.75,0.849662300243));
#7879 = VECTOR('',#7880,1.);
#7880 = DIRECTION('',(0.,0.,1.));
#7881 = ORIENTED_EDGE('',*,*,#7064,.F.);
#7882 = ORIENTED_EDGE('',*,*,#903,.T.);
#7883 = ORIENTED_EDGE('',*,*,#1063,.T.);
#7884 = ORIENTED_EDGE('',*,*,#7885,.F.);
#7885 = EDGE_CURVE('',#613,#1064,#7886,.T.);
#7886 = LINE('',#7887,#7888);
#7887 = CARTESIAN_POINT('',(1.88536853969,3.65,0.849662300243));
#7888 = VECTOR('',#7889,1.);
#7889 = DIRECTION('',(0.,0.,1.));
#7890 = ORIENTED_EDGE('',*,*,#612,.F.);
#7891 = PLANE('',#7892);
#7892 = AXIS2_PLACEMENT_3D('',#7893,#7894,#7895);
#7893 = CARTESIAN_POINT('',(1.88536853969,3.65,0.849662300243));
#7894 = DIRECTION('',(-1.,-6.982962677686E-15,-0.));
#7895 = DIRECTION('',(0.,0.,-1.));
#7896 = ADVANCED_FACE('',(#7897),#7924,.F.);
#7897 = FACE_BOUND('',#7898,.T.);
#7898 = EDGE_LOOP('',(#7899,#7900,#7901,#7907,#7908,#7909,#7910,#7918));
#7899 = ORIENTED_EDGE('',*,*,#391,.F.);
#7900 = ORIENTED_EDGE('',*,*,#628,.F.);
#7901 = ORIENTED_EDGE('',*,*,#7902,.F.);
#7902 = EDGE_CURVE('',#1334,#621,#7903,.T.);
#7903 = LINE('',#7904,#7905);
#7904 = CARTESIAN_POINT('',(1.375262368001,3.65,2.15));
#7905 = VECTOR('',#7906,1.);
#7906 = DIRECTION('',(5.292923982144E-03,3.696029062314E-17,
    -0.99998599238));
#7907 = ORIENTED_EDGE('',*,*,#1333,.T.);
#7908 = ORIENTED_EDGE('',*,*,#943,.T.);
#7909 = ORIENTED_EDGE('',*,*,#6830,.T.);
#7910 = ORIENTED_EDGE('',*,*,#7911,.T.);
#7911 = EDGE_CURVE('',#6831,#7912,#7914,.T.);
#7912 = VERTEX_POINT('',#7913);
#7913 = CARTESIAN_POINT('',(1.380959477819,3.75,1.073651646268));
#7914 = LINE('',#7915,#7916);
#7915 = CARTESIAN_POINT('',(1.375262368001,3.75,2.15));
#7916 = VECTOR('',#7917,1.);
#7917 = DIRECTION('',(5.292923982144E-03,3.696029062314E-17,
    -0.99998599238));
#7918 = ORIENTED_EDGE('',*,*,#7919,.F.);
#7919 = EDGE_CURVE('',#392,#7912,#7920,.T.);
#7920 = LINE('',#7921,#7922);
#7921 = CARTESIAN_POINT('',(1.380959477819,3.65,1.073651646268));
#7922 = VECTOR('',#7923,1.);
#7923 = DIRECTION('',(-6.982962677686E-15,1.,0.));
#7924 = PLANE('',#7925);
#7925 = AXIS2_PLACEMENT_3D('',#7926,#7927,#7928);
#7926 = CARTESIAN_POINT('',(1.375262368001,3.65,2.15));
#7927 = DIRECTION('',(0.99998599238,6.982864862997E-15,
    5.292923982144E-03));
#7928 = DIRECTION('',(-5.292923982144E-03,-3.696029062314E-17,
    0.99998599238));
#7929 = ADVANCED_FACE('',(#7930),#7957,.F.);
#7930 = FACE_BOUND('',#7931,.T.);
#7931 = EDGE_LOOP('',(#7932,#7933,#7941,#7947,#7948,#7949,#7950,#7956));
#7932 = ORIENTED_EDGE('',*,*,#407,.F.);
#7933 = ORIENTED_EDGE('',*,*,#7934,.T.);
#7934 = EDGE_CURVE('',#400,#7935,#7937,.T.);
#7935 = VERTEX_POINT('',#7936);
#7936 = CARTESIAN_POINT('',(-1.121270387522,3.75,1.060407348283));
#7937 = LINE('',#7938,#7939);
#7938 = CARTESIAN_POINT('',(-1.121270387522,3.65,1.060407348283));
#7939 = VECTOR('',#7940,1.);
#7940 = DIRECTION('',(-6.982962677686E-15,1.,0.));
#7941 = ORIENTED_EDGE('',*,*,#7942,.T.);
#7942 = EDGE_CURVE('',#7935,#6863,#7943,.T.);
#7943 = LINE('',#7944,#7945);
#7944 = CARTESIAN_POINT('',(-1.121270387522,3.75,1.060407348283));
#7945 = VECTOR('',#7946,1.);
#7946 = DIRECTION('',(-5.292923982143E-03,-3.696029062314E-17,
    0.99998599238));
#7947 = ORIENTED_EDGE('',*,*,#6862,.F.);
#7948 = ORIENTED_EDGE('',*,*,#983,.T.);
#7949 = ORIENTED_EDGE('',*,*,#1303,.T.);
#7950 = ORIENTED_EDGE('',*,*,#7951,.F.);
#7951 = EDGE_CURVE('',#659,#1296,#7952,.T.);
#7952 = LINE('',#7953,#7954);
#7953 = CARTESIAN_POINT('',(-1.121270387522,3.65,1.060407348283));
#7954 = VECTOR('',#7955,1.);
#7955 = DIRECTION('',(-5.292923982143E-03,-3.696029062314E-17,
    0.99998599238));
#7956 = ORIENTED_EDGE('',*,*,#658,.F.);
#7957 = PLANE('',#7958);
#7958 = AXIS2_PLACEMENT_3D('',#7959,#7960,#7961);
#7959 = CARTESIAN_POINT('',(-1.121270387522,3.65,1.060407348283));
#7960 = DIRECTION('',(-0.99998599238,-6.982864862997E-15,
    -5.292923982143E-03));
#7961 = DIRECTION('',(5.292923982143E-03,3.696029062314E-17,
    -0.99998599238));
#7962 = ADVANCED_FACE('',(#7963),#7990,.F.);
#7963 = FACE_BOUND('',#7964,.T.);
#7964 = EDGE_LOOP('',(#7965,#7966,#7967,#7973,#7974,#7975,#7976,#7984));
#7965 = ORIENTED_EDGE('',*,*,#463,.F.);
#7966 = ORIENTED_EDGE('',*,*,#674,.F.);
#7967 = ORIENTED_EDGE('',*,*,#7968,.F.);
#7968 = EDGE_CURVE('',#1288,#667,#7969,.T.);
#7969 = LINE('',#7970,#7971);
#7970 = CARTESIAN_POINT('',(-1.589479116974,3.65,2.15));
#7971 = VECTOR('',#7972,1.);
#7972 = DIRECTION('',(5.292923982143E-03,3.696029062314E-17,
    -0.99998599238));
#7973 = ORIENTED_EDGE('',*,*,#1287,.T.);
#7974 = ORIENTED_EDGE('',*,*,#1023,.T.);
#7975 = ORIENTED_EDGE('',*,*,#6878,.T.);
#7976 = ORIENTED_EDGE('',*,*,#7977,.T.);
#7977 = EDGE_CURVE('',#6871,#7978,#7980,.T.);
#7978 = VERTEX_POINT('',#7979);
#7979 = CARTESIAN_POINT('',(-1.582596431968,3.75,0.849662300243));
#7980 = LINE('',#7981,#7982);
#7981 = CARTESIAN_POINT('',(-1.589479116974,3.75,2.15));
#7982 = VECTOR('',#7983,1.);
#7983 = DIRECTION('',(5.292923982143E-03,3.696029062314E-17,
    -0.99998599238));
#7984 = ORIENTED_EDGE('',*,*,#7985,.F.);
#7985 = EDGE_CURVE('',#464,#7978,#7986,.T.);
#7986 = LINE('',#7987,#7988);
#7987 = CARTESIAN_POINT('',(-1.582596431968,3.65,0.849662300243));
#7988 = VECTOR('',#7989,1.);
#7989 = DIRECTION('',(-6.982962677686E-15,1.,0.));
#7990 = PLANE('',#7991);
#7991 = AXIS2_PLACEMENT_3D('',#7992,#7993,#7994);
#7992 = CARTESIAN_POINT('',(-1.589479116974,3.65,2.15));
#7993 = DIRECTION('',(0.99998599238,6.982864862997E-15,
    5.292923982143E-03));
#7994 = DIRECTION('',(-5.292923982143E-03,-3.696029062314E-17,
    0.99998599238));
#7995 = ADVANCED_FACE('',(#7996),#8021,.F.);
#7996 = FACE_BOUND('',#7997,.T.);
#7997 = EDGE_LOOP('',(#7998,#8006,#8007,#8015));
#7998 = ORIENTED_EDGE('',*,*,#7999,.T.);
#7999 = EDGE_CURVE('',#8000,#526,#8002,.T.);
#8000 = VERTEX_POINT('',#8001);
#8001 = CARTESIAN_POINT('',(0.228250611442,3.65,-8.075924351606E-02));
#8002 = LINE('',#8003,#8004);
#8003 = CARTESIAN_POINT('',(0.228250611442,3.65,-8.075924351606E-02));
#8004 = VECTOR('',#8005,1.);
#8005 = DIRECTION('',(0.,0.,1.));
#8006 = ORIENTED_EDGE('',*,*,#597,.T.);
#8007 = ORIENTED_EDGE('',*,*,#8008,.T.);
#8008 = EDGE_CURVE('',#590,#8009,#8011,.T.);
#8009 = VERTEX_POINT('',#8010);
#8010 = CARTESIAN_POINT('',(-0.219885232513,3.65,-8.075924351606E-02));
#8011 = LINE('',#8012,#8013);
#8012 = CARTESIAN_POINT('',(-0.219885232513,3.65,0.849662300243));
#8013 = VECTOR('',#8014,1.);
#8014 = DIRECTION('',(2.330561195101E-16,1.627422184346E-30,-1.));
#8015 = ORIENTED_EDGE('',*,*,#8016,.T.);
#8016 = EDGE_CURVE('',#8009,#8000,#8017,.T.);
#8017 = LINE('',#8018,#8019);
#8018 = CARTESIAN_POINT('',(-0.219885232513,3.65,-8.075924351606E-02));
#8019 = VECTOR('',#8020,1.);
#8020 = DIRECTION('',(1.,6.982962677686E-15,1.209680264488E-16));
#8021 = PLANE('',#8022);
#8022 = AXIS2_PLACEMENT_3D('',#8023,#8024,#8025);
#8023 = CARTESIAN_POINT('',(-2.548781377356E-14,3.65,0.));
#8024 = DIRECTION('',(-6.982962677686E-15,1.,0.));
#8025 = DIRECTION('',(0.,0.,1.));
#8026 = ADVANCED_FACE('',(#8027),#8033,.F.);
#8027 = FACE_BOUND('',#8028,.T.);
#8028 = EDGE_LOOP('',(#8029,#8030,#8031,#8032));
#8029 = ORIENTED_EDGE('',*,*,#620,.F.);
#8030 = ORIENTED_EDGE('',*,*,#7885,.T.);
#8031 = ORIENTED_EDGE('',*,*,#1341,.T.);
#8032 = ORIENTED_EDGE('',*,*,#7902,.T.);
#8033 = PLANE('',#8034);
#8034 = AXIS2_PLACEMENT_3D('',#8035,#8036,#8037);
#8035 = CARTESIAN_POINT('',(-2.548781377356E-14,3.65,0.));
#8036 = DIRECTION('',(-6.982962677686E-15,1.,0.));
#8037 = DIRECTION('',(0.,0.,1.));
#8038 = ADVANCED_FACE('',(#8039),#8045,.F.);
#8039 = FACE_BOUND('',#8040,.T.);
#8040 = EDGE_LOOP('',(#8041,#8042,#8043,#8044));
#8041 = ORIENTED_EDGE('',*,*,#666,.F.);
#8042 = ORIENTED_EDGE('',*,*,#7951,.T.);
#8043 = ORIENTED_EDGE('',*,*,#1295,.T.);
#8044 = ORIENTED_EDGE('',*,*,#7968,.T.);
#8045 = PLANE('',#8046);
#8046 = AXIS2_PLACEMENT_3D('',#8047,#8048,#8049);
#8047 = CARTESIAN_POINT('',(-2.548781377356E-14,3.65,0.));
#8048 = DIRECTION('',(-6.982962677686E-15,1.,0.));
#8049 = DIRECTION('',(0.,0.,1.));
#8050 = ADVANCED_FACE('',(#8051),#8076,.F.);
#8051 = FACE_BOUND('',#8052,.T.);
#8052 = EDGE_LOOP('',(#8053,#8063,#8069,#8070));
#8053 = ORIENTED_EDGE('',*,*,#8054,.T.);
#8054 = EDGE_CURVE('',#8055,#8057,#8059,.T.);
#8055 = VERTEX_POINT('',#8056);
#8056 = CARTESIAN_POINT('',(-0.219885232513,3.75,-8.075924351606E-02));
#8057 = VERTEX_POINT('',#8058);
#8058 = CARTESIAN_POINT('',(0.228250611442,3.75,-8.075924351606E-02));
#8059 = LINE('',#8060,#8061);
#8060 = CARTESIAN_POINT('',(-0.219885232513,3.75,-8.075924351606E-02));
#8061 = VECTOR('',#8062,1.);
#8062 = DIRECTION('',(1.,6.982962677686E-15,1.209680264488E-16));
#8063 = ORIENTED_EDGE('',*,*,#8064,.F.);
#8064 = EDGE_CURVE('',#8000,#8057,#8065,.T.);
#8065 = LINE('',#8066,#8067);
#8066 = CARTESIAN_POINT('',(0.228250611442,3.65,-8.075924351606E-02));
#8067 = VECTOR('',#8068,1.);
#8068 = DIRECTION('',(-6.982962677686E-15,1.,0.));
#8069 = ORIENTED_EDGE('',*,*,#8016,.F.);
#8070 = ORIENTED_EDGE('',*,*,#8071,.T.);
#8071 = EDGE_CURVE('',#8009,#8055,#8072,.T.);
#8072 = LINE('',#8073,#8074);
#8073 = CARTESIAN_POINT('',(-0.219885232513,3.65,-8.075924351606E-02));
#8074 = VECTOR('',#8075,1.);
#8075 = DIRECTION('',(-6.982962677686E-15,1.,0.));
#8076 = PLANE('',#8077);
#8077 = AXIS2_PLACEMENT_3D('',#8078,#8079,#8080);
#8078 = CARTESIAN_POINT('',(-0.219885232513,3.65,-8.075924351606E-02));
#8079 = DIRECTION('',(-1.209680264488E-16,-8.447152138856E-31,1.));
#8080 = DIRECTION('',(-1.,-6.982962677686E-15,-1.209680264488E-16));
#8081 = ADVANCED_FACE('',(#8082),#8102,.F.);
#8082 = FACE_BOUND('',#8083,.T.);
#8083 = EDGE_LOOP('',(#8084,#8085,#8086,#8087,#8088,#8096));
#8084 = ORIENTED_EDGE('',*,*,#319,.F.);
#8085 = ORIENTED_EDGE('',*,*,#525,.T.);
#8086 = ORIENTED_EDGE('',*,*,#7999,.F.);
#8087 = ORIENTED_EDGE('',*,*,#8064,.T.);
#8088 = ORIENTED_EDGE('',*,*,#8089,.T.);
#8089 = EDGE_CURVE('',#8057,#8090,#8092,.T.);
#8090 = VERTEX_POINT('',#8091);
#8091 = CARTESIAN_POINT('',(0.228250611442,3.75,0.849662300243));
#8092 = LINE('',#8093,#8094);
#8093 = CARTESIAN_POINT('',(0.228250611442,3.75,-8.075924351606E-02));
#8094 = VECTOR('',#8095,1.);
#8095 = DIRECTION('',(0.,0.,1.));
#8096 = ORIENTED_EDGE('',*,*,#8097,.F.);
#8097 = EDGE_CURVE('',#320,#8090,#8098,.T.);
#8098 = LINE('',#8099,#8100);
#8099 = CARTESIAN_POINT('',(0.228250611442,3.65,0.849662300243));
#8100 = VECTOR('',#8101,1.);
#8101 = DIRECTION('',(-6.982962677686E-15,1.,0.));
#8102 = PLANE('',#8103);
#8103 = AXIS2_PLACEMENT_3D('',#8104,#8105,#8106);
#8104 = CARTESIAN_POINT('',(0.228250611442,3.65,-8.075924351606E-02));
#8105 = DIRECTION('',(-1.,-6.982962677686E-15,-0.));
#8106 = DIRECTION('',(0.,0.,-1.));
#8107 = ADVANCED_FACE('',(#8108),#8119,.F.);
#8108 = FACE_BOUND('',#8109,.T.);
#8109 = EDGE_LOOP('',(#8110,#8111,#8112,#8118));
#8110 = ORIENTED_EDGE('',*,*,#327,.F.);
#8111 = ORIENTED_EDGE('',*,*,#8097,.T.);
#8112 = ORIENTED_EDGE('',*,*,#8113,.T.);
#8113 = EDGE_CURVE('',#8090,#7869,#8114,.T.);
#8114 = LINE('',#8115,#8116);
#8115 = CARTESIAN_POINT('',(0.228250611442,3.75,0.849662300243));
#8116 = VECTOR('',#8117,1.);
#8117 = DIRECTION('',(1.,6.982962677686E-15,0.));
#8118 = ORIENTED_EDGE('',*,*,#7868,.F.);
#8119 = PLANE('',#8120);
#8120 = AXIS2_PLACEMENT_3D('',#8121,#8122,#8123);
#8121 = CARTESIAN_POINT('',(0.228250611442,3.65,0.849662300243));
#8122 = DIRECTION('',(0.,0.,1.));
#8123 = DIRECTION('',(-1.,-6.982962677686E-15,0.));
#8124 = ADVANCED_FACE('',(#8125),#8136,.F.);
#8125 = FACE_BOUND('',#8126,.T.);
#8126 = EDGE_LOOP('',(#8127,#8128,#8129,#8135));
#8127 = ORIENTED_EDGE('',*,*,#399,.F.);
#8128 = ORIENTED_EDGE('',*,*,#7919,.T.);
#8129 = ORIENTED_EDGE('',*,*,#8130,.T.);
#8130 = EDGE_CURVE('',#7912,#7935,#8131,.T.);
#8131 = LINE('',#8132,#8133);
#8132 = CARTESIAN_POINT('',(1.380959477819,3.75,1.073651646268));
#8133 = VECTOR('',#8134,1.);
#8134 = DIRECTION('',(-0.99998599238,-6.982864862997E-15,
    -5.292923982143E-03));
#8135 = ORIENTED_EDGE('',*,*,#7934,.F.);
#8136 = PLANE('',#8137);
#8137 = AXIS2_PLACEMENT_3D('',#8138,#8139,#8140);
#8138 = CARTESIAN_POINT('',(1.380959477819,3.65,1.073651646268));
#8139 = DIRECTION('',(5.292923982143E-03,3.696029062314E-17,
    -0.99998599238));
#8140 = DIRECTION('',(0.99998599238,6.982864862997E-15,
    5.292923982143E-03));
#8141 = ADVANCED_FACE('',(#8142),#8160,.F.);
#8142 = FACE_BOUND('',#8143,.T.);
#8143 = EDGE_LOOP('',(#8144,#8145,#8146,#8154));
#8144 = ORIENTED_EDGE('',*,*,#471,.F.);
#8145 = ORIENTED_EDGE('',*,*,#7985,.T.);
#8146 = ORIENTED_EDGE('',*,*,#8147,.T.);
#8147 = EDGE_CURVE('',#7978,#8148,#8150,.T.);
#8148 = VERTEX_POINT('',#8149);
#8149 = CARTESIAN_POINT('',(-0.219885232513,3.75,0.849662300243));
#8150 = LINE('',#8151,#8152);
#8151 = CARTESIAN_POINT('',(-1.582596431968,3.75,0.849662300243));
#8152 = VECTOR('',#8153,1.);
#8153 = DIRECTION('',(1.,6.982962677686E-15,2.386864156365E-16));
#8154 = ORIENTED_EDGE('',*,*,#8155,.F.);
#8155 = EDGE_CURVE('',#472,#8148,#8156,.T.);
#8156 = LINE('',#8157,#8158);
#8157 = CARTESIAN_POINT('',(-0.219885232513,3.65,0.849662300243));
#8158 = VECTOR('',#8159,1.);
#8159 = DIRECTION('',(-6.982962677686E-15,1.,0.));
#8160 = PLANE('',#8161);
#8161 = AXIS2_PLACEMENT_3D('',#8162,#8163,#8164);
#8162 = CARTESIAN_POINT('',(-1.582596431968,3.65,0.849662300243));
#8163 = DIRECTION('',(-2.386864156365E-16,-1.66673833206E-30,1.));
#8164 = DIRECTION('',(-1.,-6.982962677686E-15,-2.386864156365E-16));
#8165 = ADVANCED_FACE('',(#8166),#8179,.F.);
#8166 = FACE_BOUND('',#8167,.T.);
#8167 = EDGE_LOOP('',(#8168,#8169,#8170,#8176,#8177,#8178));
#8168 = ORIENTED_EDGE('',*,*,#479,.F.);
#8169 = ORIENTED_EDGE('',*,*,#8155,.T.);
#8170 = ORIENTED_EDGE('',*,*,#8171,.T.);
#8171 = EDGE_CURVE('',#8148,#8055,#8172,.T.);
#8172 = LINE('',#8173,#8174);
#8173 = CARTESIAN_POINT('',(-0.219885232513,3.75,0.849662300243));
#8174 = VECTOR('',#8175,1.);
#8175 = DIRECTION('',(2.330561195101E-16,1.627422184346E-30,-1.));
#8176 = ORIENTED_EDGE('',*,*,#8071,.F.);
#8177 = ORIENTED_EDGE('',*,*,#8008,.F.);
#8178 = ORIENTED_EDGE('',*,*,#589,.T.);
#8179 = PLANE('',#8180);
#8180 = AXIS2_PLACEMENT_3D('',#8181,#8182,#8183);
#8181 = CARTESIAN_POINT('',(-0.219885232513,3.65,0.849662300243));
#8182 = DIRECTION('',(1.,6.982962677686E-15,2.330561195101E-16));
#8183 = DIRECTION('',(-2.330561195101E-16,-1.627422184346E-30,1.));
#8184 = ADVANCED_FACE('',(#8185),#8199,.T.);
#8185 = FACE_BOUND('',#8186,.T.);
#8186 = EDGE_LOOP('',(#8187,#8188,#8189,#8190,#8191,#8192,#8193,#8194,
    #8195,#8196,#8197,#8198));
#8187 = ORIENTED_EDGE('',*,*,#8054,.F.);
#8188 = ORIENTED_EDGE('',*,*,#8171,.F.);
#8189 = ORIENTED_EDGE('',*,*,#8147,.F.);
#8190 = ORIENTED_EDGE('',*,*,#7977,.F.);
#8191 = ORIENTED_EDGE('',*,*,#6870,.F.);
#8192 = ORIENTED_EDGE('',*,*,#7942,.F.);
#8193 = ORIENTED_EDGE('',*,*,#8130,.F.);
#8194 = ORIENTED_EDGE('',*,*,#7911,.F.);
#8195 = ORIENTED_EDGE('',*,*,#7072,.F.);
#8196 = ORIENTED_EDGE('',*,*,#7876,.F.);
#8197 = ORIENTED_EDGE('',*,*,#8113,.F.);
#8198 = ORIENTED_EDGE('',*,*,#8089,.F.);
#8199 = PLANE('',#8200);
#8200 = AXIS2_PLACEMENT_3D('',#8201,#8202,#8203);
#8201 = CARTESIAN_POINT('',(-2.618611004132E-14,3.75,0.));
#8202 = DIRECTION('',(-6.982962677686E-15,1.,0.));
#8203 = DIRECTION('',(0.,0.,1.));
#8204 = ADVANCED_FACE('',(#8205),#8217,.T.);
#8205 = FACE_BOUND('',#8206,.T.);
#8206 = EDGE_LOOP('',(#8207,#8208,#8215,#8216));
#8207 = ORIENTED_EDGE('',*,*,#194,.F.);
#8208 = ORIENTED_EDGE('',*,*,#8209,.T.);
#8209 = EDGE_CURVE('',#69,#67,#8210,.T.);
#8210 = CIRCLE('',#8211,0.325);
#8211 = AXIS2_PLACEMENT_3D('',#8212,#8213,#8214);
#8212 = CARTESIAN_POINT('',(-1.330671791033E-14,1.905597741894,-0.3));
#8213 = DIRECTION('',(-0.,0.,1.));
#8214 = DIRECTION('',(1.,6.672013369142E-15,0.));
#8215 = ORIENTED_EDGE('',*,*,#211,.T.);
#8216 = ORIENTED_EDGE('',*,*,#2639,.T.);
#8217 = CYLINDRICAL_SURFACE('',#8218,0.325);
#8218 = AXIS2_PLACEMENT_3D('',#8219,#8220,#8221);
#8219 = CARTESIAN_POINT('',(-1.330671791033E-14,1.905597741894,-0.5));
#8220 = DIRECTION('',(0.,0.,1.));
#8221 = DIRECTION('',(-1.,-6.672013369142E-15,0.));
#8222 = ADVANCED_FACE('',(#8223),#8233,.T.);
#8223 = FACE_BOUND('',#8224,.T.);
#8224 = EDGE_LOOP('',(#8225,#8226));
#8225 = ORIENTED_EDGE('',*,*,#86,.T.);
#8226 = ORIENTED_EDGE('',*,*,#8227,.T.);
#8227 = EDGE_CURVE('',#78,#87,#8228,.T.);
#8228 = CIRCLE('',#8229,0.125);
#8229 = AXIS2_PLACEMENT_3D('',#8230,#8231,#8232);
#8230 = CARTESIAN_POINT('',(-1.330671791033E-14,1.905597741894,-0.5));
#8231 = DIRECTION('',(0.,0.,-1.));
#8232 = DIRECTION('',(1.,6.938893903907E-15,0.));
#8233 = PLANE('',#8234);
#8234 = AXIS2_PLACEMENT_3D('',#8235,#8236,#8237);
#8235 = CARTESIAN_POINT('',(-1.330671791033E-14,1.905597741894,-0.5));
#8236 = DIRECTION('',(0.,0.,-1.));
#8237 = DIRECTION('',(1.,6.982962677686E-15,0.));
#8238 = ADVANCED_FACE('',(#8239),#8251,.T.);
#8239 = FACE_BOUND('',#8240,.T.);
#8240 = EDGE_LOOP('',(#8241,#8242,#8249,#8250));
#8241 = ORIENTED_EDGE('',*,*,#162,.F.);
#8242 = ORIENTED_EDGE('',*,*,#8243,.T.);
#8243 = EDGE_CURVE('',#120,#118,#8244,.T.);
#8244 = CIRCLE('',#8245,0.475);
#8245 = AXIS2_PLACEMENT_3D('',#8246,#8247,#8248);
#8246 = CARTESIAN_POINT('',(1.322854026488E-14,-1.894402258106,-0.3));
#8247 = DIRECTION('',(-0.,0.,1.));
#8248 = DIRECTION('',(1.,6.84759266833E-15,0.));
#8249 = ORIENTED_EDGE('',*,*,#179,.T.);
#8250 = ORIENTED_EDGE('',*,*,#2629,.T.);
#8251 = CYLINDRICAL_SURFACE('',#8252,0.475);
#8252 = AXIS2_PLACEMENT_3D('',#8253,#8254,#8255);
#8253 = CARTESIAN_POINT('',(1.322854026488E-14,-1.894402258106,-0.5));
#8254 = DIRECTION('',(0.,0.,1.));
#8255 = DIRECTION('',(-1.,-6.84759266833E-15,0.));
#8256 = ADVANCED_FACE('',(#8257),#8267,.T.);
#8257 = FACE_BOUND('',#8258,.T.);
#8258 = EDGE_LOOP('',(#8259,#8260));
#8259 = ORIENTED_EDGE('',*,*,#137,.T.);
#8260 = ORIENTED_EDGE('',*,*,#8261,.T.);
#8261 = EDGE_CURVE('',#129,#138,#8262,.T.);
#8262 = CIRCLE('',#8263,0.275);
#8263 = AXIS2_PLACEMENT_3D('',#8264,#8265,#8266);
#8264 = CARTESIAN_POINT('',(1.322854026488E-14,-1.894402258106,-0.5));
#8265 = DIRECTION('',(0.,0.,-1.));
#8266 = DIRECTION('',(1.,7.096596038087E-15,0.));
#8267 = PLANE('',#8268);
#8268 = AXIS2_PLACEMENT_3D('',#8269,#8270,#8271);
#8269 = CARTESIAN_POINT('',(1.322854026488E-14,-1.894402258106,-0.5));
#8270 = DIRECTION('',(0.,0.,-1.));
#8271 = DIRECTION('',(1.,6.982962677686E-15,0.));
#8272 = ADVANCED_FACE('',(#8273),#8279,.T.);
#8273 = FACE_BOUND('',#8274,.T.);
#8274 = EDGE_LOOP('',(#8275,#8276,#8277,#8278));
#8275 = ORIENTED_EDGE('',*,*,#128,.F.);
#8276 = ORIENTED_EDGE('',*,*,#8243,.F.);
#8277 = ORIENTED_EDGE('',*,*,#146,.T.);
#8278 = ORIENTED_EDGE('',*,*,#8261,.F.);
#8279 = TOROIDAL_SURFACE('',#8280,0.275,0.2);
#8280 = AXIS2_PLACEMENT_3D('',#8281,#8282,#8283);
#8281 = CARTESIAN_POINT('',(1.322854026488E-14,-1.894402258106,-0.3));
#8282 = DIRECTION('',(0.,-0.,-1.));
#8283 = DIRECTION('',(1.,6.84759266833E-15,0.));
#8284 = ADVANCED_FACE('',(#8285),#8291,.T.);
#8285 = FACE_BOUND('',#8286,.T.);
#8286 = EDGE_LOOP('',(#8287,#8288,#8289,#8290));
#8287 = ORIENTED_EDGE('',*,*,#77,.F.);
#8288 = ORIENTED_EDGE('',*,*,#8209,.F.);
#8289 = ORIENTED_EDGE('',*,*,#95,.T.);
#8290 = ORIENTED_EDGE('',*,*,#8227,.F.);
#8291 = SURFACE_OF_REVOLUTION('',#8292,#8300);
#8292 = B_SPLINE_CURVE_WITH_KNOTS('',6,(#8293,#8294,#8295,#8296,#8297,
    #8298,#8299),.UNSPECIFIED.,.F.,.F.,(7,7),(0.,1.570796326795),
  .PIECEWISE_BEZIER_KNOTS.);
#8293 = CARTESIAN_POINT('',(0.325,1.905597741894,-0.3));
#8294 = CARTESIAN_POINT('',(0.325,1.905597741894,-0.35235987756));
#8295 = CARTESIAN_POINT('',(0.308554462796,1.905597741894,
    -0.404715300141));
#8296 = CARTESIAN_POINT('',(0.275638029928,1.905597741894,
    -0.450638029928));
#8297 = CARTESIAN_POINT('',(0.229715300141,1.905597741894,
    -0.483554462796));
#8298 = CARTESIAN_POINT('',(0.17735987756,1.905597741894,-0.5));
#8299 = CARTESIAN_POINT('',(0.125,1.905597741894,-0.5));
#8300 = AXIS1_PLACEMENT('',#8301,#8302);
#8301 = CARTESIAN_POINT('',(-1.330671791033E-14,1.905597741894,-0.3));
#8302 = DIRECTION('',(0.,-0.,-1.));
#8303 = MANIFOLD_SOLID_BREP('',#8304);
#8304 = CLOSED_SHELL('',(#8305,#8345,#8376,#8407,#8438,#8469,#8491,#8505
    ));
#8305 = ADVANCED_FACE('',(#8306),#8340,.F.);
#8306 = FACE_BOUND('',#8307,.T.);
#8307 = EDGE_LOOP('',(#8308,#8318,#8326,#8334));
#8308 = ORIENTED_EDGE('',*,*,#8309,.T.);
#8309 = EDGE_CURVE('',#8310,#8312,#8314,.T.);
#8310 = VERTEX_POINT('',#8311);
#8311 = CARTESIAN_POINT('',(-1.199292318883,2.68721537061,2.15));
#8312 = VERTEX_POINT('',#8313);
#8313 = CARTESIAN_POINT('',(-1.1994567624,2.664029352215,2.15));
#8314 = LINE('',#8315,#8316);
#8315 = CARTESIAN_POINT('',(-1.1994567624,2.664029352215,2.15));
#8316 = VECTOR('',#8317,1.);
#8317 = DIRECTION('',(-7.092178509959E-03,-0.999974850186,-0.));
#8318 = ORIENTED_EDGE('',*,*,#8319,.F.);
#8319 = EDGE_CURVE('',#8320,#8312,#8322,.T.);
#8320 = VERTEX_POINT('',#8321);
#8321 = CARTESIAN_POINT('',(-1.1994567624,2.664029352215,2.151));
#8322 = LINE('',#8323,#8324);
#8323 = CARTESIAN_POINT('',(-1.1994567624,2.664029352215,2.151));
#8324 = VECTOR('',#8325,1.);
#8325 = DIRECTION('',(-0.,-0.,-1.));
#8326 = ORIENTED_EDGE('',*,*,#8327,.F.);
#8327 = EDGE_CURVE('',#8328,#8320,#8330,.T.);
#8328 = VERTEX_POINT('',#8329);
#8329 = CARTESIAN_POINT('',(-1.199292318883,2.68721537061,2.151));
#8330 = LINE('',#8331,#8332);
#8331 = CARTESIAN_POINT('',(-1.1994567624,2.664029352215,2.151));
#8332 = VECTOR('',#8333,1.);
#8333 = DIRECTION('',(-7.092178509959E-03,-0.999974850186,-0.));
#8334 = ORIENTED_EDGE('',*,*,#8335,.T.);
#8335 = EDGE_CURVE('',#8328,#8310,#8336,.T.);
#8336 = LINE('',#8337,#8338);
#8337 = CARTESIAN_POINT('',(-1.199292318883,2.68721537061,2.151));
#8338 = VECTOR('',#8339,1.);
#8339 = DIRECTION('',(-0.,-0.,-1.));
#8340 = PLANE('',#8341);
#8341 = AXIS2_PLACEMENT_3D('',#8342,#8343,#8344);
#8342 = CARTESIAN_POINT('',(-1.1994567624,2.664029352215,2.151));
#8343 = DIRECTION('',(0.999974850186,-7.092178509959E-03,0.));
#8344 = DIRECTION('',(7.092178509959E-03,0.999974850186,0.));
#8345 = ADVANCED_FACE('',(#8346),#8371,.F.);
#8346 = FACE_BOUND('',#8347,.T.);
#8347 = EDGE_LOOP('',(#8348,#8356,#8364,#8370));
#8348 = ORIENTED_EDGE('',*,*,#8349,.T.);
#8349 = EDGE_CURVE('',#8312,#8350,#8352,.T.);
#8350 = VERTEX_POINT('',#8351);
#8351 = CARTESIAN_POINT('',(-1.118461657781,2.663454906027,2.15));
#8352 = LINE('',#8353,#8354);
#8353 = CARTESIAN_POINT('',(-1.118461657781,2.663454906027,2.15));
#8354 = VECTOR('',#8355,1.);
#8355 = DIRECTION('',(0.999974850186,-7.092178509962E-03,-0.));
#8356 = ORIENTED_EDGE('',*,*,#8357,.F.);
#8357 = EDGE_CURVE('',#8358,#8350,#8360,.T.);
#8358 = VERTEX_POINT('',#8359);
#8359 = CARTESIAN_POINT('',(-1.118461657781,2.663454906027,2.151));
#8360 = LINE('',#8361,#8362);
#8361 = CARTESIAN_POINT('',(-1.118461657781,2.663454906027,2.151));
#8362 = VECTOR('',#8363,1.);
#8363 = DIRECTION('',(-0.,-0.,-1.));
#8364 = ORIENTED_EDGE('',*,*,#8365,.F.);
#8365 = EDGE_CURVE('',#8320,#8358,#8366,.T.);
#8366 = LINE('',#8367,#8368);
#8367 = CARTESIAN_POINT('',(-1.118461657781,2.663454906027,2.151));
#8368 = VECTOR('',#8369,1.);
#8369 = DIRECTION('',(0.999974850186,-7.092178509962E-03,-0.));
#8370 = ORIENTED_EDGE('',*,*,#8319,.T.);
#8371 = PLANE('',#8372);
#8372 = AXIS2_PLACEMENT_3D('',#8373,#8374,#8375);
#8373 = CARTESIAN_POINT('',(-1.118461657781,2.663454906027,2.151));
#8374 = DIRECTION('',(7.092178509962E-03,0.999974850186,-0.));
#8375 = DIRECTION('',(-0.999974850186,7.092178509962E-03,0.));
#8376 = ADVANCED_FACE('',(#8377),#8402,.F.);
#8377 = FACE_BOUND('',#8378,.T.);
#8378 = EDGE_LOOP('',(#8379,#8387,#8395,#8401));
#8379 = ORIENTED_EDGE('',*,*,#8380,.T.);
#8380 = EDGE_CURVE('',#8350,#8381,#8383,.T.);
#8381 = VERTEX_POINT('',#8382);
#8382 = CARTESIAN_POINT('',(-1.119739597759,2.483269390876,2.15));
#8383 = LINE('',#8384,#8385);
#8384 = CARTESIAN_POINT('',(-1.119739597759,2.483269390876,2.15));
#8385 = VECTOR('',#8386,1.);
#8386 = DIRECTION('',(-7.092178509964E-03,-0.999974850186,-0.));
#8387 = ORIENTED_EDGE('',*,*,#8388,.F.);
#8388 = EDGE_CURVE('',#8389,#8381,#8391,.T.);
#8389 = VERTEX_POINT('',#8390);
#8390 = CARTESIAN_POINT('',(-1.119739597759,2.483269390876,2.151));
#8391 = LINE('',#8392,#8393);
#8392 = CARTESIAN_POINT('',(-1.119739597759,2.483269390876,2.151));
#8393 = VECTOR('',#8394,1.);
#8394 = DIRECTION('',(-0.,-0.,-1.));
#8395 = ORIENTED_EDGE('',*,*,#8396,.F.);
#8396 = EDGE_CURVE('',#8358,#8389,#8397,.T.);
#8397 = LINE('',#8398,#8399);
#8398 = CARTESIAN_POINT('',(-1.119739597759,2.483269390876,2.151));
#8399 = VECTOR('',#8400,1.);
#8400 = DIRECTION('',(-7.092178509964E-03,-0.999974850186,-0.));
#8401 = ORIENTED_EDGE('',*,*,#8357,.T.);
#8402 = PLANE('',#8403);
#8403 = AXIS2_PLACEMENT_3D('',#8404,#8405,#8406);
#8404 = CARTESIAN_POINT('',(-1.119739597759,2.483269390876,2.151));
#8405 = DIRECTION('',(0.999974850186,-7.092178509964E-03,0.));
#8406 = DIRECTION('',(7.092178509964E-03,0.999974850186,0.));
#8407 = ADVANCED_FACE('',(#8408),#8433,.F.);
#8408 = FACE_BOUND('',#8409,.T.);
#8409 = EDGE_LOOP('',(#8410,#8418,#8426,#8432));
#8410 = ORIENTED_EDGE('',*,*,#8411,.T.);
#8411 = EDGE_CURVE('',#8381,#8412,#8414,.T.);
#8412 = VERTEX_POINT('',#8413);
#8413 = CARTESIAN_POINT('',(-1.093486370653,2.48308319362,2.15));
#8414 = LINE('',#8415,#8416);
#8415 = CARTESIAN_POINT('',(-1.093486370653,2.48308319362,2.15));
#8416 = VECTOR('',#8417,1.);
#8417 = DIRECTION('',(0.999974850186,-7.092178509962E-03,-0.));
#8418 = ORIENTED_EDGE('',*,*,#8419,.F.);
#8419 = EDGE_CURVE('',#8420,#8412,#8422,.T.);
#8420 = VERTEX_POINT('',#8421);
#8421 = CARTESIAN_POINT('',(-1.093486370653,2.48308319362,2.151));
#8422 = LINE('',#8423,#8424);
#8423 = CARTESIAN_POINT('',(-1.093486370653,2.48308319362,2.151));
#8424 = VECTOR('',#8425,1.);
#8425 = DIRECTION('',(-0.,-0.,-1.));
#8426 = ORIENTED_EDGE('',*,*,#8427,.F.);
#8427 = EDGE_CURVE('',#8389,#8420,#8428,.T.);
#8428 = LINE('',#8429,#8430);
#8429 = CARTESIAN_POINT('',(-1.093486370653,2.48308319362,2.151));
#8430 = VECTOR('',#8431,1.);
#8431 = DIRECTION('',(0.999974850186,-7.092178509962E-03,-0.));
#8432 = ORIENTED_EDGE('',*,*,#8388,.T.);
#8433 = PLANE('',#8434);
#8434 = AXIS2_PLACEMENT_3D('',#8435,#8436,#8437);
#8435 = CARTESIAN_POINT('',(-1.093486370653,2.48308319362,2.151));
#8436 = DIRECTION('',(7.092178509962E-03,0.999974850186,-0.));
#8437 = DIRECTION('',(-0.999974850186,7.092178509962E-03,0.));
#8438 = ADVANCED_FACE('',(#8439),#8464,.F.);
#8439 = FACE_BOUND('',#8440,.T.);
#8440 = EDGE_LOOP('',(#8441,#8449,#8457,#8463));
#8441 = ORIENTED_EDGE('',*,*,#8442,.T.);
#8442 = EDGE_CURVE('',#8412,#8443,#8445,.T.);
#8443 = VERTEX_POINT('',#8444);
#8444 = CARTESIAN_POINT('',(-1.092043987158,2.686454727166,2.15));
#8445 = LINE('',#8446,#8447);
#8446 = CARTESIAN_POINT('',(-1.092043987158,2.686454727166,2.15));
#8447 = VECTOR('',#8448,1.);
#8448 = DIRECTION('',(7.092178509963E-03,0.999974850186,-0.));
#8449 = ORIENTED_EDGE('',*,*,#8450,.F.);
#8450 = EDGE_CURVE('',#8451,#8443,#8453,.T.);
#8451 = VERTEX_POINT('',#8452);
#8452 = CARTESIAN_POINT('',(-1.092043987158,2.686454727166,2.151));
#8453 = LINE('',#8454,#8455);
#8454 = CARTESIAN_POINT('',(-1.092043987158,2.686454727166,2.151));
#8455 = VECTOR('',#8456,1.);
#8456 = DIRECTION('',(-0.,-0.,-1.));
#8457 = ORIENTED_EDGE('',*,*,#8458,.F.);
#8458 = EDGE_CURVE('',#8420,#8451,#8459,.T.);
#8459 = LINE('',#8460,#8461);
#8460 = CARTESIAN_POINT('',(-1.092043987158,2.686454727166,2.151));
#8461 = VECTOR('',#8462,1.);
#8462 = DIRECTION('',(7.092178509963E-03,0.999974850186,-0.));
#8463 = ORIENTED_EDGE('',*,*,#8419,.T.);
#8464 = PLANE('',#8465);
#8465 = AXIS2_PLACEMENT_3D('',#8466,#8467,#8468);
#8466 = CARTESIAN_POINT('',(-1.092043987158,2.686454727166,2.151));
#8467 = DIRECTION('',(-0.999974850186,7.092178509963E-03,0.));
#8468 = DIRECTION('',(-7.092178509963E-03,-0.999974850186,0.));
#8469 = ADVANCED_FACE('',(#8470),#8486,.F.);
#8470 = FACE_BOUND('',#8471,.T.);
#8471 = EDGE_LOOP('',(#8472,#8478,#8479,#8485));
#8472 = ORIENTED_EDGE('',*,*,#8473,.T.);
#8473 = EDGE_CURVE('',#8443,#8310,#8474,.T.);
#8474 = LINE('',#8475,#8476);
#8475 = CARTESIAN_POINT('',(-1.199292318883,2.68721537061,2.15));
#8476 = VECTOR('',#8477,1.);
#8477 = DIRECTION('',(-0.999974850186,7.092178509962E-03,-0.));
#8478 = ORIENTED_EDGE('',*,*,#8335,.F.);
#8479 = ORIENTED_EDGE('',*,*,#8480,.F.);
#8480 = EDGE_CURVE('',#8451,#8328,#8481,.T.);
#8481 = LINE('',#8482,#8483);
#8482 = CARTESIAN_POINT('',(-1.199292318883,2.68721537061,2.151));
#8483 = VECTOR('',#8484,1.);
#8484 = DIRECTION('',(-0.999974850186,7.092178509962E-03,-0.));
#8485 = ORIENTED_EDGE('',*,*,#8450,.T.);
#8486 = PLANE('',#8487);
#8487 = AXIS2_PLACEMENT_3D('',#8488,#8489,#8490);
#8488 = CARTESIAN_POINT('',(-1.199292318883,2.68721537061,2.151));
#8489 = DIRECTION('',(-7.092178509962E-03,-0.999974850186,0.));
#8490 = DIRECTION('',(0.999974850186,-7.092178509962E-03,0.));
#8491 = ADVANCED_FACE('',(#8492),#8500,.F.);
#8492 = FACE_BOUND('',#8493,.T.);
#8493 = EDGE_LOOP('',(#8494,#8495,#8496,#8497,#8498,#8499));
#8494 = ORIENTED_EDGE('',*,*,#8327,.T.);
#8495 = ORIENTED_EDGE('',*,*,#8365,.T.);
#8496 = ORIENTED_EDGE('',*,*,#8396,.T.);
#8497 = ORIENTED_EDGE('',*,*,#8427,.T.);
#8498 = ORIENTED_EDGE('',*,*,#8458,.T.);
#8499 = ORIENTED_EDGE('',*,*,#8480,.T.);
#8500 = PLANE('',#8501);
#8501 = AXIS2_PLACEMENT_3D('',#8502,#8503,#8504);
#8502 = CARTESIAN_POINT('',(0.,0.,2.151));
#8503 = DIRECTION('',(0.,0.,-1.));
#8504 = DIRECTION('',(-1.,0.,-0.));
#8505 = ADVANCED_FACE('',(#8506),#8514,.T.);
#8506 = FACE_BOUND('',#8507,.T.);
#8507 = EDGE_LOOP('',(#8508,#8509,#8510,#8511,#8512,#8513));
#8508 = ORIENTED_EDGE('',*,*,#8309,.F.);
#8509 = ORIENTED_EDGE('',*,*,#8473,.F.);
#8510 = ORIENTED_EDGE('',*,*,#8442,.F.);
#8511 = ORIENTED_EDGE('',*,*,#8411,.F.);
#8512 = ORIENTED_EDGE('',*,*,#8380,.F.);
#8513 = ORIENTED_EDGE('',*,*,#8349,.F.);
#8514 = PLANE('',#8515);
#8515 = AXIS2_PLACEMENT_3D('',#8516,#8517,#8518);
#8516 = CARTESIAN_POINT('',(0.,0.,2.15));
#8517 = DIRECTION('',(0.,0.,-1.));
#8518 = DIRECTION('',(-1.,0.,-0.));
#8519 = MANIFOLD_SOLID_BREP('',#8520);
#8520 = CLOSED_SHELL('',(#8521,#8567,#8598,#8635,#8672,#8709,#8746,#8783
    ,#8820,#8851,#8888,#8925,#8962,#8999,#9027,#9049));
#8521 = ADVANCED_FACE('',(#8522),#8558,.F.);
#8522 = FACE_BOUND('',#8523,.F.);
#8523 = EDGE_LOOP('',(#8524,#8534,#8543,#8551));
#8524 = ORIENTED_EDGE('',*,*,#8525,.F.);
#8525 = EDGE_CURVE('',#8526,#8528,#8530,.T.);
#8526 = VERTEX_POINT('',#8527);
#8527 = CARTESIAN_POINT('',(-1.303553080381,2.69138611256,2.151));
#8528 = VERTEX_POINT('',#8529);
#8529 = CARTESIAN_POINT('',(-1.303553080381,2.69138611256,2.15));
#8530 = LINE('',#8531,#8532);
#8531 = CARTESIAN_POINT('',(-1.303553080381,2.69138611256,2.151));
#8532 = VECTOR('',#8533,1.);
#8533 = DIRECTION('',(-0.,-0.,-1.));
#8534 = ORIENTED_EDGE('',*,*,#8535,.T.);
#8535 = EDGE_CURVE('',#8526,#8536,#8538,.T.);
#8536 = VERTEX_POINT('',#8537);
#8537 = CARTESIAN_POINT('',(-1.359938620839,2.679932480575,2.151));
#8538 = B_SPLINE_CURVE_WITH_KNOTS('',3,(#8539,#8540,#8541,#8542),
  .UNSPECIFIED.,.F.,.F.,(4,4),(0.,1.),.PIECEWISE_BEZIER_KNOTS.);
#8539 = CARTESIAN_POINT('',(-1.303553080381,2.69138611256,2.151));
#8540 = CARTESIAN_POINT('',(-1.326115259716,2.691546131587,2.151));
#8541 = CARTESIAN_POINT('',(-1.344910439869,2.68772825426,2.151));
#8542 = CARTESIAN_POINT('',(-1.359938620839,2.679932480575,2.151));
#8543 = ORIENTED_EDGE('',*,*,#8544,.T.);
#8544 = EDGE_CURVE('',#8536,#8545,#8547,.T.);
#8545 = VERTEX_POINT('',#8546);
#8546 = CARTESIAN_POINT('',(-1.359938620839,2.679932480575,2.15));
#8547 = LINE('',#8548,#8549);
#8548 = CARTESIAN_POINT('',(-1.359938620839,2.679932480575,2.151));
#8549 = VECTOR('',#8550,1.);
#8550 = DIRECTION('',(-0.,-0.,-1.));
#8551 = ORIENTED_EDGE('',*,*,#8552,.F.);
#8552 = EDGE_CURVE('',#8528,#8545,#8553,.T.);
#8553 = B_SPLINE_CURVE_WITH_KNOTS('',3,(#8554,#8555,#8556,#8557),
  .UNSPECIFIED.,.F.,.F.,(4,4),(0.,1.),.PIECEWISE_BEZIER_KNOTS.);
#8554 = CARTESIAN_POINT('',(-1.303553080381,2.69138611256,2.15));
#8555 = CARTESIAN_POINT('',(-1.326115259716,2.691546131587,2.15));
#8556 = CARTESIAN_POINT('',(-1.344910439869,2.68772825426,2.15));
#8557 = CARTESIAN_POINT('',(-1.359938620839,2.679932480575,2.15));
#8558 = B_SPLINE_SURFACE_WITH_KNOTS('',3,1,(
    (#8559,#8560)
    ,(#8561,#8562)
    ,(#8563,#8564)
    ,(#8565,#8566
    )),.UNSPECIFIED.,.F.,.F.,.F.,(4,4),(2,2),(0.,1.),(0.,1.),
  .PIECEWISE_BEZIER_KNOTS.);
#8559 = CARTESIAN_POINT('',(-1.303553080381,2.69138611256,2.151));
#8560 = CARTESIAN_POINT('',(-1.303553080381,2.69138611256,2.15));
#8561 = CARTESIAN_POINT('',(-1.326115259716,2.691546131587,2.151));
#8562 = CARTESIAN_POINT('',(-1.326115259716,2.691546131587,2.15));
#8563 = CARTESIAN_POINT('',(-1.344910439869,2.68772825426,2.151));
#8564 = CARTESIAN_POINT('',(-1.344910439869,2.68772825426,2.15));
#8565 = CARTESIAN_POINT('',(-1.359938620839,2.679932480575,2.151));
#8566 = CARTESIAN_POINT('',(-1.359938620839,2.679932480575,2.15));
#8567 = ADVANCED_FACE('',(#8568),#8593,.F.);
#8568 = FACE_BOUND('',#8569,.T.);
#8569 = EDGE_LOOP('',(#8570,#8578,#8586,#8592));
#8570 = ORIENTED_EDGE('',*,*,#8571,.T.);
#8571 = EDGE_CURVE('',#8545,#8572,#8574,.T.);
#8572 = VERTEX_POINT('',#8573);
#8573 = CARTESIAN_POINT('',(-1.360117075238,2.654770971823,2.15));
#8574 = LINE('',#8575,#8576);
#8575 = CARTESIAN_POINT('',(-1.360117075238,2.654770971823,2.15));
#8576 = VECTOR('',#8577,1.);
#8577 = DIRECTION('',(-7.092178509963E-03,-0.999974850186,-0.));
#8578 = ORIENTED_EDGE('',*,*,#8579,.F.);
#8579 = EDGE_CURVE('',#8580,#8572,#8582,.T.);
#8580 = VERTEX_POINT('',#8581);
#8581 = CARTESIAN_POINT('',(-1.360117075238,2.654770971823,2.151));
#8582 = LINE('',#8583,#8584);
#8583 = CARTESIAN_POINT('',(-1.360117075238,2.654770971823,2.151));
#8584 = VECTOR('',#8585,1.);
#8585 = DIRECTION('',(-0.,-0.,-1.));
#8586 = ORIENTED_EDGE('',*,*,#8587,.F.);
#8587 = EDGE_CURVE('',#8536,#8580,#8588,.T.);
#8588 = LINE('',#8589,#8590);
#8589 = CARTESIAN_POINT('',(-1.360117075238,2.654770971823,2.151));
#8590 = VECTOR('',#8591,1.);
#8591 = DIRECTION('',(-7.092178509963E-03,-0.999974850186,-0.));
#8592 = ORIENTED_EDGE('',*,*,#8544,.T.);
#8593 = PLANE('',#8594);
#8594 = AXIS2_PLACEMENT_3D('',#8595,#8596,#8597);
#8595 = CARTESIAN_POINT('',(-1.360117075238,2.654770971823,2.151));
#8596 = DIRECTION('',(0.999974850186,-7.092178509963E-03,0.));
#8597 = DIRECTION('',(7.092178509963E-03,0.999974850186,0.));
#8598 = ADVANCED_FACE('',(#8599),#8626,.F.);
#8599 = FACE_BOUND('',#8600,.F.);
#8600 = EDGE_LOOP('',(#8601,#8602,#8611,#8619));
#8601 = ORIENTED_EDGE('',*,*,#8579,.F.);
#8602 = ORIENTED_EDGE('',*,*,#8603,.T.);
#8603 = EDGE_CURVE('',#8580,#8604,#8606,.T.);
#8604 = VERTEX_POINT('',#8605);
#8605 = CARTESIAN_POINT('',(-1.307514019676,2.668019063454,2.151));
#8606 = B_SPLINE_CURVE_WITH_KNOTS('',3,(#8607,#8608,#8609,#8610),
  .UNSPECIFIED.,.F.,.F.,(4,4),(12.,13.),.PIECEWISE_BEZIER_KNOTS.);
#8607 = CARTESIAN_POINT('',(-1.360117075238,2.654770971823,2.151));
#8608 = CARTESIAN_POINT('',(-1.345184755882,2.663711187866,2.151));
#8609 = CARTESIAN_POINT('',(-1.32763282936,2.668161753233,2.151));
#8610 = CARTESIAN_POINT('',(-1.307514019676,2.668019063454,2.151));
#8611 = ORIENTED_EDGE('',*,*,#8612,.T.);
#8612 = EDGE_CURVE('',#8604,#8613,#8615,.T.);
#8613 = VERTEX_POINT('',#8614);
#8614 = CARTESIAN_POINT('',(-1.307514019676,2.668019063454,2.15));
#8615 = LINE('',#8616,#8617);
#8616 = CARTESIAN_POINT('',(-1.307514019676,2.668019063454,2.151));
#8617 = VECTOR('',#8618,1.);
#8618 = DIRECTION('',(-0.,-0.,-1.));
#8619 = ORIENTED_EDGE('',*,*,#8620,.F.);
#8620 = EDGE_CURVE('',#8572,#8613,#8621,.T.);
#8621 = B_SPLINE_CURVE_WITH_KNOTS('',3,(#8622,#8623,#8624,#8625),
  .UNSPECIFIED.,.F.,.F.,(4,4),(12.,13.),.PIECEWISE_BEZIER_KNOTS.);
#8622 = CARTESIAN_POINT('',(-1.360117075238,2.654770971823,2.15));
#8623 = CARTESIAN_POINT('',(-1.345184755882,2.663711187866,2.15));
#8624 = CARTESIAN_POINT('',(-1.32763282936,2.668161753233,2.15));
#8625 = CARTESIAN_POINT('',(-1.307514019676,2.668019063454,2.15));
#8626 = B_SPLINE_SURFACE_WITH_KNOTS('',3,1,(
    (#8627,#8628)
    ,(#8629,#8630)
    ,(#8631,#8632)
    ,(#8633,#8634
    )),.UNSPECIFIED.,.F.,.F.,.F.,(4,4),(2,2),(12.,13.),(0.,1.),
  .PIECEWISE_BEZIER_KNOTS.);
#8627 = CARTESIAN_POINT('',(-1.360117075238,2.654770971823,2.151));
#8628 = CARTESIAN_POINT('',(-1.360117075238,2.654770971823,2.15));
#8629 = CARTESIAN_POINT('',(-1.345184755882,2.663711187866,2.151));
#8630 = CARTESIAN_POINT('',(-1.345184755882,2.663711187866,2.15));
#8631 = CARTESIAN_POINT('',(-1.32763282936,2.668161753233,2.151));
#8632 = CARTESIAN_POINT('',(-1.32763282936,2.668161753233,2.15));
#8633 = CARTESIAN_POINT('',(-1.307514019676,2.668019063454,2.151));
#8634 = CARTESIAN_POINT('',(-1.307514019676,2.668019063454,2.15));
#8635 = ADVANCED_FACE('',(#8636),#8663,.F.);
#8636 = FACE_BOUND('',#8637,.F.);
#8637 = EDGE_LOOP('',(#8638,#8639,#8648,#8656));
#8638 = ORIENTED_EDGE('',*,*,#8612,.F.);
#8639 = ORIENTED_EDGE('',*,*,#8640,.T.);
#8640 = EDGE_CURVE('',#8604,#8641,#8643,.T.);
#8641 = VERTEX_POINT('',#8642);
#8642 = CARTESIAN_POINT('',(-1.255419405869,2.646230038087,2.151));
#8643 = B_SPLINE_CURVE_WITH_KNOTS('',3,(#8644,#8645,#8646,#8647),
  .UNSPECIFIED.,.F.,.F.,(4,4),(11.,12.),.PIECEWISE_BEZIER_KNOTS.);
#8644 = CARTESIAN_POINT('',(-1.307514019676,2.668019063454,2.151));
#8645 = CARTESIAN_POINT('',(-1.285991572108,2.667866418575,2.151));
#8646 = CARTESIAN_POINT('',(-1.268626946643,2.660568752394,2.151));
#8647 = CARTESIAN_POINT('',(-1.255419405869,2.646230038087,2.151));
#8648 = ORIENTED_EDGE('',*,*,#8649,.T.);
#8649 = EDGE_CURVE('',#8641,#8650,#8652,.T.);
#8650 = VERTEX_POINT('',#8651);
#8651 = CARTESIAN_POINT('',(-1.255419405869,2.646230038087,2.15));
#8652 = LINE('',#8653,#8654);
#8653 = CARTESIAN_POINT('',(-1.255419405869,2.646230038087,2.151));
#8654 = VECTOR('',#8655,1.);
#8655 = DIRECTION('',(-0.,-0.,-1.));
#8656 = ORIENTED_EDGE('',*,*,#8657,.F.);
#8657 = EDGE_CURVE('',#8613,#8650,#8658,.T.);
#8658 = B_SPLINE_CURVE_WITH_KNOTS('',3,(#8659,#8660,#8661,#8662),
  .UNSPECIFIED.,.F.,.F.,(4,4),(11.,12.),.PIECEWISE_BEZIER_KNOTS.);
#8659 = CARTESIAN_POINT('',(-1.307514019676,2.668019063454,2.15));
#8660 = CARTESIAN_POINT('',(-1.285991572108,2.667866418575,2.15));
#8661 = CARTESIAN_POINT('',(-1.268626946643,2.660568752394,2.15));
#8662 = CARTESIAN_POINT('',(-1.255419405869,2.646230038087,2.15));
#8663 = B_SPLINE_SURFACE_WITH_KNOTS('',3,1,(
    (#8664,#8665)
    ,(#8666,#8667)
    ,(#8668,#8669)
    ,(#8670,#8671
    )),.UNSPECIFIED.,.F.,.F.,.F.,(4,4),(2,2),(11.,12.),(0.,1.),
  .PIECEWISE_BEZIER_KNOTS.);
#8664 = CARTESIAN_POINT('',(-1.307514019676,2.668019063454,2.151));
#8665 = CARTESIAN_POINT('',(-1.307514019676,2.668019063454,2.15));
#8666 = CARTESIAN_POINT('',(-1.285991572108,2.667866418575,2.151));
#8667 = CARTESIAN_POINT('',(-1.285991572108,2.667866418575,2.15));
#8668 = CARTESIAN_POINT('',(-1.268626946643,2.660568752394,2.151));
#8669 = CARTESIAN_POINT('',(-1.268626946643,2.660568752394,2.15));
#8670 = CARTESIAN_POINT('',(-1.255419405869,2.646230038087,2.151));
#8671 = CARTESIAN_POINT('',(-1.255419405869,2.646230038087,2.15));
#8672 = ADVANCED_FACE('',(#8673),#8700,.F.);
#8673 = FACE_BOUND('',#8674,.F.);
#8674 = EDGE_LOOP('',(#8675,#8676,#8685,#8693));
#8675 = ORIENTED_EDGE('',*,*,#8649,.F.);
#8676 = ORIENTED_EDGE('',*,*,#8677,.T.);
#8677 = EDGE_CURVE('',#8641,#8678,#8680,.T.);
#8678 = VERTEX_POINT('',#8679);
#8679 = CARTESIAN_POINT('',(-1.235868033451,2.588071421855,2.151));
#8680 = B_SPLINE_CURVE_WITH_KNOTS('',3,(#8681,#8682,#8683,#8684),
  .UNSPECIFIED.,.F.,.F.,(4,4),(10.,11.),.PIECEWISE_BEZIER_KNOTS.);
#8681 = CARTESIAN_POINT('',(-1.255419405869,2.646230038087,2.151));
#8682 = CARTESIAN_POINT('',(-1.242212602509,2.631787350604,2.151));
#8683 = CARTESIAN_POINT('',(-1.23569547837,2.612401145193,2.151));
#8684 = CARTESIAN_POINT('',(-1.235868033451,2.588071421855,2.151));
#8685 = ORIENTED_EDGE('',*,*,#8686,.T.);
#8686 = EDGE_CURVE('',#8678,#8687,#8689,.T.);
#8687 = VERTEX_POINT('',#8688);
#8688 = CARTESIAN_POINT('',(-1.235868033451,2.588071421855,2.15));
#8689 = LINE('',#8690,#8691);
#8690 = CARTESIAN_POINT('',(-1.235868033451,2.588071421855,2.151));
#8691 = VECTOR('',#8692,1.);
#8692 = DIRECTION('',(-0.,-0.,-1.));
#8693 = ORIENTED_EDGE('',*,*,#8694,.F.);
#8694 = EDGE_CURVE('',#8650,#8687,#8695,.T.);
#8695 = B_SPLINE_CURVE_WITH_KNOTS('',3,(#8696,#8697,#8698,#8699),
  .UNSPECIFIED.,.F.,.F.,(4,4),(10.,11.),.PIECEWISE_BEZIER_KNOTS.);
#8696 = CARTESIAN_POINT('',(-1.255419405869,2.646230038087,2.15));
#8697 = CARTESIAN_POINT('',(-1.242212602509,2.631787350604,2.15));
#8698 = CARTESIAN_POINT('',(-1.23569547837,2.612401145193,2.15));
#8699 = CARTESIAN_POINT('',(-1.235868033451,2.588071421855,2.15));
#8700 = B_SPLINE_SURFACE_WITH_KNOTS('',3,1,(
    (#8701,#8702)
    ,(#8703,#8704)
    ,(#8705,#8706)
    ,(#8707,#8708
    )),.UNSPECIFIED.,.F.,.F.,.F.,(4,4),(2,2),(10.,11.),(0.,1.),
  .PIECEWISE_BEZIER_KNOTS.);
#8701 = CARTESIAN_POINT('',(-1.255419405869,2.646230038087,2.151));
#8702 = CARTESIAN_POINT('',(-1.255419405869,2.646230038087,2.15));
#8703 = CARTESIAN_POINT('',(-1.242212602509,2.631787350604,2.151));
#8704 = CARTESIAN_POINT('',(-1.242212602509,2.631787350604,2.15));
#8705 = CARTESIAN_POINT('',(-1.23569547837,2.612401145193,2.151));
#8706 = CARTESIAN_POINT('',(-1.23569547837,2.612401145193,2.15));
#8707 = CARTESIAN_POINT('',(-1.235868033451,2.588071421855,2.151));
#8708 = CARTESIAN_POINT('',(-1.235868033451,2.588071421855,2.15));
#8709 = ADVANCED_FACE('',(#8710),#8737,.F.);
#8710 = FACE_BOUND('',#8711,.F.);
#8711 = EDGE_LOOP('',(#8712,#8713,#8722,#8730));
#8712 = ORIENTED_EDGE('',*,*,#8686,.F.);
#8713 = ORIENTED_EDGE('',*,*,#8714,.T.);
#8714 = EDGE_CURVE('',#8678,#8715,#8717,.T.);
#8715 = VERTEX_POINT('',#8716);
#8716 = CARTESIAN_POINT('',(-1.257668121201,2.527086732736,2.151));
#8717 = B_SPLINE_CURVE_WITH_KNOTS('',3,(#8718,#8719,#8720,#8721),
  .UNSPECIFIED.,.F.,.F.,(4,4),(9.,10.),.PIECEWISE_BEZIER_KNOTS.);
#8718 = CARTESIAN_POINT('',(-1.235868033451,2.588071421855,2.151));
#8719 = CARTESIAN_POINT('',(-1.23604943751,2.562494020396,2.151));
#8720 = CARTESIAN_POINT('',(-1.243316133426,2.542165790691,2.151));
#8721 = CARTESIAN_POINT('',(-1.257668121201,2.527086732736,2.151));
#8722 = ORIENTED_EDGE('',*,*,#8723,.T.);
#8723 = EDGE_CURVE('',#8715,#8724,#8726,.T.);
#8724 = VERTEX_POINT('',#8725);
#8725 = CARTESIAN_POINT('',(-1.257668121201,2.527086732736,2.15));
#8726 = LINE('',#8727,#8728);
#8727 = CARTESIAN_POINT('',(-1.257668121201,2.527086732736,2.151));
#8728 = VECTOR('',#8729,1.);
#8729 = DIRECTION('',(-0.,-0.,-1.));
#8730 = ORIENTED_EDGE('',*,*,#8731,.F.);
#8731 = EDGE_CURVE('',#8687,#8724,#8732,.T.);
#8732 = B_SPLINE_CURVE_WITH_KNOTS('',3,(#8733,#8734,#8735,#8736),
  .UNSPECIFIED.,.F.,.F.,(4,4),(9.,10.),.PIECEWISE_BEZIER_KNOTS.);
#8733 = CARTESIAN_POINT('',(-1.235868033451,2.588071421855,2.15));
#8734 = CARTESIAN_POINT('',(-1.23604943751,2.562494020396,2.15));
#8735 = CARTESIAN_POINT('',(-1.243316133426,2.542165790691,2.15));
#8736 = CARTESIAN_POINT('',(-1.257668121201,2.527086732736,2.15));
#8737 = B_SPLINE_SURFACE_WITH_KNOTS('',3,1,(
    (#8738,#8739)
    ,(#8740,#8741)
    ,(#8742,#8743)
    ,(#8744,#8745
    )),.UNSPECIFIED.,.F.,.F.,.F.,(4,4),(2,2),(9.,10.),(0.,1.),
  .PIECEWISE_BEZIER_KNOTS.);
#8738 = CARTESIAN_POINT('',(-1.235868033451,2.588071421855,2.151));
#8739 = CARTESIAN_POINT('',(-1.235868033451,2.588071421855,2.15));
#8740 = CARTESIAN_POINT('',(-1.23604943751,2.562494020396,2.151));
#8741 = CARTESIAN_POINT('',(-1.23604943751,2.562494020396,2.15));
#8742 = CARTESIAN_POINT('',(-1.243316133426,2.542165790691,2.151));
#8743 = CARTESIAN_POINT('',(-1.243316133426,2.542165790691,2.15));
#8744 = CARTESIAN_POINT('',(-1.257668121201,2.527086732736,2.151));
#8745 = CARTESIAN_POINT('',(-1.257668121201,2.527086732736,2.15));
#8746 = ADVANCED_FACE('',(#8747),#8774,.F.);
#8747 = FACE_BOUND('',#8748,.F.);
#8748 = EDGE_LOOP('',(#8749,#8750,#8759,#8767));
#8749 = ORIENTED_EDGE('',*,*,#8723,.F.);
#8750 = ORIENTED_EDGE('',*,*,#8751,.T.);
#8751 = EDGE_CURVE('',#8715,#8752,#8754,.T.);
#8752 = VERTEX_POINT('',#8753);
#8753 = CARTESIAN_POINT('',(-1.313245843388,2.50491759553,2.151));
#8754 = B_SPLINE_CURVE_WITH_KNOTS('',3,(#8755,#8756,#8757,#8758),
  .UNSPECIFIED.,.F.,.F.,(4,4),(8.,9.),.PIECEWISE_BEZIER_KNOTS.);
#8755 = CARTESIAN_POINT('',(-1.257668121201,2.527086732736,2.151));
#8756 = CARTESIAN_POINT('',(-1.272071358148,2.512112016666,2.151));
#8757 = CARTESIAN_POINT('',(-1.290579690877,2.504756839087,2.151));
#8758 = CARTESIAN_POINT('',(-1.313245843388,2.50491759553,2.151));
#8759 = ORIENTED_EDGE('',*,*,#8760,.T.);
#8760 = EDGE_CURVE('',#8752,#8761,#8763,.T.);
#8761 = VERTEX_POINT('',#8762);
#8762 = CARTESIAN_POINT('',(-1.313245843388,2.50491759553,2.15));
#8763 = LINE('',#8764,#8765);
#8764 = CARTESIAN_POINT('',(-1.313245843388,2.50491759553,2.151));
#8765 = VECTOR('',#8766,1.);
#8766 = DIRECTION('',(-0.,-0.,-1.));
#8767 = ORIENTED_EDGE('',*,*,#8768,.F.);
#8768 = EDGE_CURVE('',#8724,#8761,#8769,.T.);
#8769 = B_SPLINE_CURVE_WITH_KNOTS('',3,(#8770,#8771,#8772,#8773),
  .UNSPECIFIED.,.F.,.F.,(4,4),(8.,9.),.PIECEWISE_BEZIER_KNOTS.);
#8770 = CARTESIAN_POINT('',(-1.257668121201,2.527086732736,2.15));
#8771 = CARTESIAN_POINT('',(-1.272071358148,2.512112016666,2.15));
#8772 = CARTESIAN_POINT('',(-1.290579690877,2.504756839087,2.15));
#8773 = CARTESIAN_POINT('',(-1.313245843388,2.50491759553,2.15));
#8774 = B_SPLINE_SURFACE_WITH_KNOTS('',3,1,(
    (#8775,#8776)
    ,(#8777,#8778)
    ,(#8779,#8780)
    ,(#8781,#8782
    )),.UNSPECIFIED.,.F.,.F.,.F.,(4,4),(2,2),(8.,9.),(0.,1.),
  .PIECEWISE_BEZIER_KNOTS.);
#8775 = CARTESIAN_POINT('',(-1.257668121201,2.527086732736,2.151));
#8776 = CARTESIAN_POINT('',(-1.257668121201,2.527086732736,2.15));
#8777 = CARTESIAN_POINT('',(-1.272071358148,2.512112016666,2.151));
#8778 = CARTESIAN_POINT('',(-1.272071358148,2.512112016666,2.15));
#8779 = CARTESIAN_POINT('',(-1.290579690877,2.504756839087,2.151));
#8780 = CARTESIAN_POINT('',(-1.290579690877,2.504756839087,2.15));
#8781 = CARTESIAN_POINT('',(-1.313245843388,2.50491759553,2.151));
#8782 = CARTESIAN_POINT('',(-1.313245843388,2.50491759553,2.15));
#8783 = ADVANCED_FACE('',(#8784),#8811,.F.);
#8784 = FACE_BOUND('',#8785,.F.);
#8785 = EDGE_LOOP('',(#8786,#8787,#8796,#8804));
#8786 = ORIENTED_EDGE('',*,*,#8760,.F.);
#8787 = ORIENTED_EDGE('',*,*,#8788,.T.);
#8788 = EDGE_CURVE('',#8752,#8789,#8791,.T.);
#8789 = VERTEX_POINT('',#8790);
#8790 = CARTESIAN_POINT('',(-1.361091937703,2.517318432278,2.151));
#8791 = B_SPLINE_CURVE_WITH_KNOTS('',3,(#8792,#8793,#8794,#8795),
  .UNSPECIFIED.,.F.,.F.,(4,4),(7.,8.),.PIECEWISE_BEZIER_KNOTS.);
#8792 = CARTESIAN_POINT('',(-1.313245843388,2.50491759553,2.151));
#8793 = CARTESIAN_POINT('',(-1.330661350478,2.505041112521,2.151));
#8794 = CARTESIAN_POINT('',(-1.346593211331,2.509105286417,2.151));
#8795 = CARTESIAN_POINT('',(-1.361091937703,2.517318432278,2.151));
#8796 = ORIENTED_EDGE('',*,*,#8797,.T.);
#8797 = EDGE_CURVE('',#8789,#8798,#8800,.T.);
#8798 = VERTEX_POINT('',#8799);
#8799 = CARTESIAN_POINT('',(-1.361091937703,2.517318432278,2.15));
#8800 = LINE('',#8801,#8802);
#8801 = CARTESIAN_POINT('',(-1.361091937703,2.517318432278,2.151));
#8802 = VECTOR('',#8803,1.);
#8803 = DIRECTION('',(-0.,-0.,-1.));
#8804 = ORIENTED_EDGE('',*,*,#8805,.F.);
#8805 = EDGE_CURVE('',#8761,#8798,#8806,.T.);
#8806 = B_SPLINE_CURVE_WITH_KNOTS('',3,(#8807,#8808,#8809,#8810),
  .UNSPECIFIED.,.F.,.F.,(4,4),(7.,8.),.PIECEWISE_BEZIER_KNOTS.);
#8807 = CARTESIAN_POINT('',(-1.313245843388,2.50491759553,2.15));
#8808 = CARTESIAN_POINT('',(-1.330661350478,2.505041112521,2.15));
#8809 = CARTESIAN_POINT('',(-1.346593211331,2.509105286417,2.15));
#8810 = CARTESIAN_POINT('',(-1.361091937703,2.517318432278,2.15));
#8811 = B_SPLINE_SURFACE_WITH_KNOTS('',3,1,(
    (#8812,#8813)
    ,(#8814,#8815)
    ,(#8816,#8817)
    ,(#8818,#8819
    )),.UNSPECIFIED.,.F.,.F.,.F.,(4,4),(2,2),(7.,8.),(0.,1.),
  .PIECEWISE_BEZIER_KNOTS.);
#8812 = CARTESIAN_POINT('',(-1.313245843388,2.50491759553,2.151));
#8813 = CARTESIAN_POINT('',(-1.313245843388,2.50491759553,2.15));
#8814 = CARTESIAN_POINT('',(-1.330661350478,2.505041112521,2.151));
#8815 = CARTESIAN_POINT('',(-1.330661350478,2.505041112521,2.15));
#8816 = CARTESIAN_POINT('',(-1.346593211331,2.509105286417,2.151));
#8817 = CARTESIAN_POINT('',(-1.346593211331,2.509105286417,2.15));
#8818 = CARTESIAN_POINT('',(-1.361091937703,2.517318432278,2.151));
#8819 = CARTESIAN_POINT('',(-1.361091937703,2.517318432278,2.15));
#8820 = ADVANCED_FACE('',(#8821),#8846,.F.);
#8821 = FACE_BOUND('',#8822,.T.);
#8822 = EDGE_LOOP('',(#8823,#8831,#8839,#8845));
#8823 = ORIENTED_EDGE('',*,*,#8824,.T.);
#8824 = EDGE_CURVE('',#8798,#8825,#8827,.T.);
#8825 = VERTEX_POINT('',#8826);
#8826 = CARTESIAN_POINT('',(-1.36128661523,2.489869513641,2.15));
#8827 = LINE('',#8828,#8829);
#8828 = CARTESIAN_POINT('',(-1.36128661523,2.489869513641,2.15));
#8829 = VECTOR('',#8830,1.);
#8830 = DIRECTION('',(-7.092178509965E-03,-0.999974850186,-0.));
#8831 = ORIENTED_EDGE('',*,*,#8832,.F.);
#8832 = EDGE_CURVE('',#8833,#8825,#8835,.T.);
#8833 = VERTEX_POINT('',#8834);
#8834 = CARTESIAN_POINT('',(-1.36128661523,2.489869513641,2.151));
#8835 = LINE('',#8836,#8837);
#8836 = CARTESIAN_POINT('',(-1.36128661523,2.489869513641,2.151));
#8837 = VECTOR('',#8838,1.);
#8838 = DIRECTION('',(-0.,-0.,-1.));
#8839 = ORIENTED_EDGE('',*,*,#8840,.F.);
#8840 = EDGE_CURVE('',#8789,#8833,#8841,.T.);
#8841 = LINE('',#8842,#8843);
#8842 = CARTESIAN_POINT('',(-1.36128661523,2.489869513641,2.151));
#8843 = VECTOR('',#8844,1.);
#8844 = DIRECTION('',(-7.092178509965E-03,-0.999974850186,-0.));
#8845 = ORIENTED_EDGE('',*,*,#8797,.T.);
#8846 = PLANE('',#8847);
#8847 = AXIS2_PLACEMENT_3D('',#8848,#8849,#8850);
#8848 = CARTESIAN_POINT('',(-1.36128661523,2.489869513641,2.151));
#8849 = DIRECTION('',(0.999974850186,-7.092178509965E-03,0.));
#8850 = DIRECTION('',(7.092178509965E-03,0.999974850186,0.));
#8851 = ADVANCED_FACE('',(#8852),#8879,.F.);
#8852 = FACE_BOUND('',#8853,.F.);
#8853 = EDGE_LOOP('',(#8854,#8855,#8864,#8872));
#8854 = ORIENTED_EDGE('',*,*,#8832,.F.);
#8855 = ORIENTED_EDGE('',*,*,#8856,.T.);
#8856 = EDGE_CURVE('',#8833,#8857,#8859,.T.);
#8857 = VERTEX_POINT('',#8858);
#8858 = CARTESIAN_POINT('',(-1.313154041038,2.481209867713,2.151));
#8859 = B_SPLINE_CURVE_WITH_KNOTS('',3,(#8860,#8861,#8862,#8863),
  .UNSPECIFIED.,.F.,.F.,(4,4),(5.,6.),.PIECEWISE_BEZIER_KNOTS.);
#8860 = CARTESIAN_POINT('',(-1.36128661523,2.489869513641,2.151));
#8861 = CARTESIAN_POINT('',(-1.348640970666,2.484268970663,2.151));
#8862 = CARTESIAN_POINT('',(-1.332597025073,2.481347764295,2.151));
#8863 = CARTESIAN_POINT('',(-1.313154041038,2.481209867713,2.151));
#8864 = ORIENTED_EDGE('',*,*,#8865,.T.);
#8865 = EDGE_CURVE('',#8857,#8866,#8868,.T.);
#8866 = VERTEX_POINT('',#8867);
#8867 = CARTESIAN_POINT('',(-1.313154041038,2.481209867713,2.15));
#8868 = LINE('',#8869,#8870);
#8869 = CARTESIAN_POINT('',(-1.313154041038,2.481209867713,2.151));
#8870 = VECTOR('',#8871,1.);
#8871 = DIRECTION('',(-0.,-0.,-1.));
#8872 = ORIENTED_EDGE('',*,*,#8873,.F.);
#8873 = EDGE_CURVE('',#8825,#8866,#8874,.T.);
#8874 = B_SPLINE_CURVE_WITH_KNOTS('',3,(#8875,#8876,#8877,#8878),
  .UNSPECIFIED.,.F.,.F.,(4,4),(5.,6.),.PIECEWISE_BEZIER_KNOTS.);
#8875 = CARTESIAN_POINT('',(-1.36128661523,2.489869513641,2.15));
#8876 = CARTESIAN_POINT('',(-1.348640970666,2.484268970663,2.15));
#8877 = CARTESIAN_POINT('',(-1.332597025073,2.481347764295,2.15));
#8878 = CARTESIAN_POINT('',(-1.313154041038,2.481209867713,2.15));
#8879 = B_SPLINE_SURFACE_WITH_KNOTS('',3,1,(
    (#8880,#8881)
    ,(#8882,#8883)
    ,(#8884,#8885)
    ,(#8886,#8887
    )),.UNSPECIFIED.,.F.,.F.,.F.,(4,4),(2,2),(5.,6.),(0.,1.),
  .PIECEWISE_BEZIER_KNOTS.);
#8880 = CARTESIAN_POINT('',(-1.36128661523,2.489869513641,2.151));
#8881 = CARTESIAN_POINT('',(-1.36128661523,2.489869513641,2.15));
#8882 = CARTESIAN_POINT('',(-1.348640970666,2.484268970663,2.151));
#8883 = CARTESIAN_POINT('',(-1.348640970666,2.484268970663,2.15));
#8884 = CARTESIAN_POINT('',(-1.332597025073,2.481347764295,2.151));
#8885 = CARTESIAN_POINT('',(-1.332597025073,2.481347764295,2.15));
#8886 = CARTESIAN_POINT('',(-1.313154041038,2.481209867713,2.151));
#8887 = CARTESIAN_POINT('',(-1.313154041038,2.481209867713,2.15));
#8888 = ADVANCED_FACE('',(#8889),#8916,.F.);
#8889 = FACE_BOUND('',#8890,.F.);
#8890 = EDGE_LOOP('',(#8891,#8892,#8901,#8909));
#8891 = ORIENTED_EDGE('',*,*,#8865,.F.);
#8892 = ORIENTED_EDGE('',*,*,#8893,.T.);
#8893 = EDGE_CURVE('',#8857,#8894,#8896,.T.);
#8894 = VERTEX_POINT('',#8895);
#8895 = CARTESIAN_POINT('',(-1.238236938123,2.510624310004,2.151));
#8896 = B_SPLINE_CURVE_WITH_KNOTS('',3,(#8897,#8898,#8899,#8900),
  .UNSPECIFIED.,.F.,.F.,(4,4),(4.,5.),.PIECEWISE_BEZIER_KNOTS.);
#8897 = CARTESIAN_POINT('',(-1.313154041038,2.481209867713,2.151));
#8898 = CARTESIAN_POINT('',(-1.282949833218,2.480995648692,2.151));
#8899 = CARTESIAN_POINT('',(-1.25797746558,2.490800462789,2.151));
#8900 = CARTESIAN_POINT('',(-1.238236938123,2.510624310004,2.151));
#8901 = ORIENTED_EDGE('',*,*,#8902,.T.);
#8902 = EDGE_CURVE('',#8894,#8903,#8905,.T.);
#8903 = VERTEX_POINT('',#8904);
#8904 = CARTESIAN_POINT('',(-1.238236938123,2.510624310004,2.15));
#8905 = LINE('',#8906,#8907);
#8906 = CARTESIAN_POINT('',(-1.238236938123,2.510624310004,2.151));
#8907 = VECTOR('',#8908,1.);
#8908 = DIRECTION('',(-0.,-0.,-1.));
#8909 = ORIENTED_EDGE('',*,*,#8910,.F.);
#8910 = EDGE_CURVE('',#8866,#8903,#8911,.T.);
#8911 = B_SPLINE_CURVE_WITH_KNOTS('',3,(#8912,#8913,#8914,#8915),
  .UNSPECIFIED.,.F.,.F.,(4,4),(4.,5.),.PIECEWISE_BEZIER_KNOTS.);
#8912 = CARTESIAN_POINT('',(-1.313154041038,2.481209867713,2.15));
#8913 = CARTESIAN_POINT('',(-1.282949833218,2.480995648692,2.15));
#8914 = CARTESIAN_POINT('',(-1.25797746558,2.490800462789,2.15));
#8915 = CARTESIAN_POINT('',(-1.238236938123,2.510624310004,2.15));
#8916 = B_SPLINE_SURFACE_WITH_KNOTS('',3,1,(
    (#8917,#8918)
    ,(#8919,#8920)
    ,(#8921,#8922)
    ,(#8923,#8924
    )),.UNSPECIFIED.,.F.,.F.,.F.,(4,4),(2,2),(4.,5.),(0.,1.),
  .PIECEWISE_BEZIER_KNOTS.);
#8917 = CARTESIAN_POINT('',(-1.313154041038,2.481209867713,2.151));
#8918 = CARTESIAN_POINT('',(-1.313154041038,2.481209867713,2.15));
#8919 = CARTESIAN_POINT('',(-1.282949833218,2.480995648692,2.151));
#8920 = CARTESIAN_POINT('',(-1.282949833218,2.480995648692,2.15));
#8921 = CARTESIAN_POINT('',(-1.25797746558,2.490800462789,2.151));
#8922 = CARTESIAN_POINT('',(-1.25797746558,2.490800462789,2.15));
#8923 = CARTESIAN_POINT('',(-1.238236938123,2.510624310004,2.151));
#8924 = CARTESIAN_POINT('',(-1.238236938123,2.510624310004,2.15));
#8925 = ADVANCED_FACE('',(#8926),#8953,.F.);
#8926 = FACE_BOUND('',#8927,.F.);
#8927 = EDGE_LOOP('',(#8928,#8929,#8938,#8946));
#8928 = ORIENTED_EDGE('',*,*,#8902,.F.);
#8929 = ORIENTED_EDGE('',*,*,#8930,.T.);
#8930 = EDGE_CURVE('',#8894,#8931,#8933,.T.);
#8931 = VERTEX_POINT('',#8932);
#8932 = CARTESIAN_POINT('',(-1.208304080412,2.589435604564,2.151));
#8933 = B_SPLINE_CURVE_WITH_KNOTS('',3,(#8934,#8935,#8936,#8937),
  .UNSPECIFIED.,.F.,.F.,(4,4),(3.,4.),.PIECEWISE_BEZIER_KNOTS.);
#8934 = CARTESIAN_POINT('',(-1.238236938123,2.510624310004,2.151));
#8935 = CARTESIAN_POINT('',(-1.218496410667,2.530448157218,2.151));
#8936 = CARTESIAN_POINT('',(-1.208536366098,2.556684053916,2.151));
#8937 = CARTESIAN_POINT('',(-1.208304080412,2.589435604564,2.151));
#8938 = ORIENTED_EDGE('',*,*,#8939,.T.);
#8939 = EDGE_CURVE('',#8931,#8940,#8942,.T.);
#8940 = VERTEX_POINT('',#8941);
#8941 = CARTESIAN_POINT('',(-1.208304080412,2.589435604564,2.15));
#8942 = LINE('',#8943,#8944);
#8943 = CARTESIAN_POINT('',(-1.208304080412,2.589435604564,2.151));
#8944 = VECTOR('',#8945,1.);
#8945 = DIRECTION('',(-0.,-0.,-1.));
#8946 = ORIENTED_EDGE('',*,*,#8947,.F.);
#8947 = EDGE_CURVE('',#8903,#8940,#8948,.T.);
#8948 = B_SPLINE_CURVE_WITH_KNOTS('',3,(#8949,#8950,#8951,#8952),
  .UNSPECIFIED.,.F.,.F.,(4,4),(3.,4.),.PIECEWISE_BEZIER_KNOTS.);
#8949 = CARTESIAN_POINT('',(-1.238236938123,2.510624310004,2.15));
#8950 = CARTESIAN_POINT('',(-1.218496410667,2.530448157218,2.15));
#8951 = CARTESIAN_POINT('',(-1.208536366098,2.556684053916,2.15));
#8952 = CARTESIAN_POINT('',(-1.208304080412,2.589435604564,2.15));
#8953 = B_SPLINE_SURFACE_WITH_KNOTS('',3,1,(
    (#8954,#8955)
    ,(#8956,#8957)
    ,(#8958,#8959)
    ,(#8960,#8961
    )),.UNSPECIFIED.,.F.,.F.,.F.,(4,4),(2,2),(3.,4.),(0.,1.),
  .PIECEWISE_BEZIER_KNOTS.);
#8954 = CARTESIAN_POINT('',(-1.238236938123,2.510624310004,2.151));
#8955 = CARTESIAN_POINT('',(-1.238236938123,2.510624310004,2.15));
#8956 = CARTESIAN_POINT('',(-1.218496410667,2.530448157218,2.151));
#8957 = CARTESIAN_POINT('',(-1.218496410667,2.530448157218,2.15));
#8958 = CARTESIAN_POINT('',(-1.208536366098,2.556684053916,2.151));
#8959 = CARTESIAN_POINT('',(-1.208536366098,2.556684053916,2.15));
#8960 = CARTESIAN_POINT('',(-1.208304080412,2.589435604564,2.151));
#8961 = CARTESIAN_POINT('',(-1.208304080412,2.589435604564,2.15));
#8962 = ADVANCED_FACE('',(#8963),#8990,.F.);
#8963 = FACE_BOUND('',#8964,.F.);
#8964 = EDGE_LOOP('',(#8965,#8966,#8975,#8983));
#8965 = ORIENTED_EDGE('',*,*,#8939,.F.);
#8966 = ORIENTED_EDGE('',*,*,#8967,.T.);
#8967 = EDGE_CURVE('',#8931,#8968,#8970,.T.);
#8968 = VERTEX_POINT('',#8969);
#8969 = CARTESIAN_POINT('',(-1.233879995437,2.663129731595,2.151));
#8970 = B_SPLINE_CURVE_WITH_KNOTS('',3,(#8971,#8972,#8973,#8974),
  .UNSPECIFIED.,.F.,.F.,(4,4),(2.,3.),.PIECEWISE_BEZIER_KNOTS.);
#8971 = CARTESIAN_POINT('',(-1.208304080412,2.589435604564,2.151));
#8972 = CARTESIAN_POINT('',(-1.208088017854,2.619899745325,2.151));
#8973 = CARTESIAN_POINT('',(-1.216595748194,2.644498989158,2.151));
#8974 = CARTESIAN_POINT('',(-1.233879995437,2.663129731595,2.151));
#8975 = ORIENTED_EDGE('',*,*,#8976,.T.);
#8976 = EDGE_CURVE('',#8968,#8977,#8979,.T.);
#8977 = VERTEX_POINT('',#8978);
#8978 = CARTESIAN_POINT('',(-1.233879995437,2.663129731595,2.15));
#8979 = LINE('',#8980,#8981);
#8980 = CARTESIAN_POINT('',(-1.233879995437,2.663129731595,2.151));
#8981 = VECTOR('',#8982,1.);
#8982 = DIRECTION('',(-0.,-0.,-1.));
#8983 = ORIENTED_EDGE('',*,*,#8984,.F.);
#8984 = EDGE_CURVE('',#8940,#8977,#8985,.T.);
#8985 = B_SPLINE_CURVE_WITH_KNOTS('',3,(#8986,#8987,#8988,#8989),
  .UNSPECIFIED.,.F.,.F.,(4,4),(2.,3.),.PIECEWISE_BEZIER_KNOTS.);
#8986 = CARTESIAN_POINT('',(-1.208304080412,2.589435604564,2.15));
#8987 = CARTESIAN_POINT('',(-1.208088017854,2.619899745325,2.15));
#8988 = CARTESIAN_POINT('',(-1.216595748194,2.644498989158,2.15));
#8989 = CARTESIAN_POINT('',(-1.233879995437,2.663129731595,2.15));
#8990 = B_SPLINE_SURFACE_WITH_KNOTS('',3,1,(
    (#8991,#8992)
    ,(#8993,#8994)
    ,(#8995,#8996)
    ,(#8997,#8998
    )),.UNSPECIFIED.,.F.,.F.,.F.,(4,4),(2,2),(2.,3.),(0.,1.),
  .PIECEWISE_BEZIER_KNOTS.);
#8991 = CARTESIAN_POINT('',(-1.208304080412,2.589435604564,2.151));
#8992 = CARTESIAN_POINT('',(-1.208304080412,2.589435604564,2.15));
#8993 = CARTESIAN_POINT('',(-1.208088017854,2.619899745325,2.151));
#8994 = CARTESIAN_POINT('',(-1.208088017854,2.619899745325,2.15));
#8995 = CARTESIAN_POINT('',(-1.216595748194,2.644498989158,2.151));
#8996 = CARTESIAN_POINT('',(-1.216595748194,2.644498989158,2.15));
#8997 = CARTESIAN_POINT('',(-1.233879995437,2.663129731595,2.151));
#8998 = CARTESIAN_POINT('',(-1.233879995437,2.663129731595,2.15));
#8999 = ADVANCED_FACE('',(#9000),#9018,.F.);
#9000 = FACE_BOUND('',#9001,.F.);
#9001 = EDGE_LOOP('',(#9002,#9003,#9010,#9011));
#9002 = ORIENTED_EDGE('',*,*,#8976,.F.);
#9003 = ORIENTED_EDGE('',*,*,#9004,.T.);
#9004 = EDGE_CURVE('',#8968,#8526,#9005,.T.);
#9005 = B_SPLINE_CURVE_WITH_KNOTS('',3,(#9006,#9007,#9008,#9009),
  .UNSPECIFIED.,.F.,.F.,(4,4),(1.,2.),.PIECEWISE_BEZIER_KNOTS.);
#9006 = CARTESIAN_POINT('',(-1.233879995437,2.663129731595,2.151));
#9007 = CARTESIAN_POINT('',(-1.25116424268,2.681760474032,2.151));
#9008 = CARTESIAN_POINT('',(-1.274388604328,2.691179267687,2.151));
#9009 = CARTESIAN_POINT('',(-1.303553080381,2.69138611256,2.151));
#9010 = ORIENTED_EDGE('',*,*,#8525,.T.);
#9011 = ORIENTED_EDGE('',*,*,#9012,.F.);
#9012 = EDGE_CURVE('',#8977,#8528,#9013,.T.);
#9013 = B_SPLINE_CURVE_WITH_KNOTS('',3,(#9014,#9015,#9016,#9017),
  .UNSPECIFIED.,.F.,.F.,(4,4),(1.,2.),.PIECEWISE_BEZIER_KNOTS.);
#9014 = CARTESIAN_POINT('',(-1.233879995437,2.663129731595,2.15));
#9015 = CARTESIAN_POINT('',(-1.25116424268,2.681760474032,2.15));
#9016 = CARTESIAN_POINT('',(-1.274388604328,2.691179267687,2.15));
#9017 = CARTESIAN_POINT('',(-1.303553080381,2.69138611256,2.15));
#9018 = B_SPLINE_SURFACE_WITH_KNOTS('',3,1,(
    (#9019,#9020)
    ,(#9021,#9022)
    ,(#9023,#9024)
    ,(#9025,#9026
    )),.UNSPECIFIED.,.F.,.F.,.F.,(4,4),(2,2),(1.,2.),(0.,1.),
  .PIECEWISE_BEZIER_KNOTS.);
#9019 = CARTESIAN_POINT('',(-1.233879995437,2.663129731595,2.151));
#9020 = CARTESIAN_POINT('',(-1.233879995437,2.663129731595,2.15));
#9021 = CARTESIAN_POINT('',(-1.25116424268,2.681760474032,2.151));
#9022 = CARTESIAN_POINT('',(-1.25116424268,2.681760474032,2.15));
#9023 = CARTESIAN_POINT('',(-1.274388604328,2.691179267687,2.151));
#9024 = CARTESIAN_POINT('',(-1.274388604328,2.691179267687,2.15));
#9025 = CARTESIAN_POINT('',(-1.303553080381,2.69138611256,2.151));
#9026 = CARTESIAN_POINT('',(-1.303553080381,2.69138611256,2.15));
#9027 = ADVANCED_FACE('',(#9028),#9044,.T.);
#9028 = FACE_BOUND('',#9029,.T.);
#9029 = EDGE_LOOP('',(#9030,#9031,#9032,#9033,#9034,#9035,#9036,#9037,
    #9038,#9039,#9040,#9041,#9042,#9043));
#9030 = ORIENTED_EDGE('',*,*,#8535,.T.);
#9031 = ORIENTED_EDGE('',*,*,#8587,.T.);
#9032 = ORIENTED_EDGE('',*,*,#8603,.T.);
#9033 = ORIENTED_EDGE('',*,*,#8640,.T.);
#9034 = ORIENTED_EDGE('',*,*,#8677,.T.);
#9035 = ORIENTED_EDGE('',*,*,#8714,.T.);
#9036 = ORIENTED_EDGE('',*,*,#8751,.T.);
#9037 = ORIENTED_EDGE('',*,*,#8788,.T.);
#9038 = ORIENTED_EDGE('',*,*,#8840,.T.);
#9039 = ORIENTED_EDGE('',*,*,#8856,.T.);
#9040 = ORIENTED_EDGE('',*,*,#8893,.T.);
#9041 = ORIENTED_EDGE('',*,*,#8930,.T.);
#9042 = ORIENTED_EDGE('',*,*,#8967,.T.);
#9043 = ORIENTED_EDGE('',*,*,#9004,.T.);
#9044 = PLANE('',#9045);
#9045 = AXIS2_PLACEMENT_3D('',#9046,#9047,#9048);
#9046 = CARTESIAN_POINT('',(-1.334571099997,2.688642718834,2.151));
#9047 = DIRECTION('',(0.,0.,1.));
#9048 = DIRECTION('',(1.,0.,-0.));
#9049 = ADVANCED_FACE('',(#9050),#9066,.F.);
#9050 = FACE_BOUND('',#9051,.T.);
#9051 = EDGE_LOOP('',(#9052,#9053,#9054,#9055,#9056,#9057,#9058,#9059,
    #9060,#9061,#9062,#9063,#9064,#9065));
#9052 = ORIENTED_EDGE('',*,*,#8552,.F.);
#9053 = ORIENTED_EDGE('',*,*,#9012,.F.);
#9054 = ORIENTED_EDGE('',*,*,#8984,.F.);
#9055 = ORIENTED_EDGE('',*,*,#8947,.F.);
#9056 = ORIENTED_EDGE('',*,*,#8910,.F.);
#9057 = ORIENTED_EDGE('',*,*,#8873,.F.);
#9058 = ORIENTED_EDGE('',*,*,#8824,.F.);
#9059 = ORIENTED_EDGE('',*,*,#8805,.F.);
#9060 = ORIENTED_EDGE('',*,*,#8768,.F.);
#9061 = ORIENTED_EDGE('',*,*,#8731,.F.);
#9062 = ORIENTED_EDGE('',*,*,#8694,.F.);
#9063 = ORIENTED_EDGE('',*,*,#8657,.F.);
#9064 = ORIENTED_EDGE('',*,*,#8620,.F.);
#9065 = ORIENTED_EDGE('',*,*,#8571,.F.);
#9066 = PLANE('',#9067);
#9067 = AXIS2_PLACEMENT_3D('',#9068,#9069,#9070);
#9068 = CARTESIAN_POINT('',(-1.334571099997,2.688642718834,2.15));
#9069 = DIRECTION('',(0.,0.,1.));
#9070 = DIRECTION('',(1.,0.,-0.));
#9071 = MANIFOLD_SOLID_BREP('',#9072);
#9072 = CLOSED_SHELL('',(#9073,#9113,#9144,#9175,#9206,#9237,#9268,#9299
    ,#9330,#9361,#9392,#9423,#9445,#9465));
#9073 = ADVANCED_FACE('',(#9074),#9108,.F.);
#9074 = FACE_BOUND('',#9075,.T.);
#9075 = EDGE_LOOP('',(#9076,#9086,#9094,#9102));
#9076 = ORIENTED_EDGE('',*,*,#9077,.T.);
#9077 = EDGE_CURVE('',#9078,#9080,#9082,.T.);
#9078 = VERTEX_POINT('',#9079);
#9079 = CARTESIAN_POINT('',(-1.509964170742,2.689418766256,2.15));
#9080 = VERTEX_POINT('',#9081);
#9081 = CARTESIAN_POINT('',(-1.510128614259,2.666232747861,2.15));
#9082 = LINE('',#9083,#9084);
#9083 = CARTESIAN_POINT('',(-1.510128614259,2.666232747861,2.15));
#9084 = VECTOR('',#9085,1.);
#9085 = DIRECTION('',(-7.09217850995E-03,-0.999974850186,-0.));
#9086 = ORIENTED_EDGE('',*,*,#9087,.F.);
#9087 = EDGE_CURVE('',#9088,#9080,#9090,.T.);
#9088 = VERTEX_POINT('',#9089);
#9089 = CARTESIAN_POINT('',(-1.510128614259,2.666232747861,2.151));
#9090 = LINE('',#9091,#9092);
#9091 = CARTESIAN_POINT('',(-1.510128614259,2.666232747861,2.151));
#9092 = VECTOR('',#9093,1.);
#9093 = DIRECTION('',(-0.,-0.,-1.));
#9094 = ORIENTED_EDGE('',*,*,#9095,.F.);
#9095 = EDGE_CURVE('',#9096,#9088,#9098,.T.);
#9096 = VERTEX_POINT('',#9097);
#9097 = CARTESIAN_POINT('',(-1.509964170742,2.689418766256,2.151));
#9098 = LINE('',#9099,#9100);
#9099 = CARTESIAN_POINT('',(-1.510128614259,2.666232747861,2.151));
#9100 = VECTOR('',#9101,1.);
#9101 = DIRECTION('',(-7.09217850995E-03,-0.999974850186,-0.));
#9102 = ORIENTED_EDGE('',*,*,#9103,.T.);
#9103 = EDGE_CURVE('',#9096,#9078,#9104,.T.);
#9104 = LINE('',#9105,#9106);
#9105 = CARTESIAN_POINT('',(-1.509964170742,2.689418766256,2.151));
#9106 = VECTOR('',#9107,1.);
#9107 = DIRECTION('',(-0.,-0.,-1.));
#9108 = PLANE('',#9109);
#9109 = AXIS2_PLACEMENT_3D('',#9110,#9111,#9112);
#9110 = CARTESIAN_POINT('',(-1.510128614259,2.666232747861,2.151));
#9111 = DIRECTION('',(0.999974850186,-7.09217850995E-03,0.));
#9112 = DIRECTION('',(7.09217850995E-03,0.999974850186,0.));
#9113 = ADVANCED_FACE('',(#9114),#9139,.F.);
#9114 = FACE_BOUND('',#9115,.T.);
#9115 = EDGE_LOOP('',(#9116,#9124,#9132,#9138));
#9116 = ORIENTED_EDGE('',*,*,#9117,.T.);
#9117 = EDGE_CURVE('',#9080,#9118,#9120,.T.);
#9118 = VERTEX_POINT('',#9119);
#9119 = CARTESIAN_POINT('',(-1.42700205952,2.665643184669,2.15));
#9120 = LINE('',#9121,#9122);
#9121 = CARTESIAN_POINT('',(-1.42700205952,2.665643184669,2.15));
#9122 = VECTOR('',#9123,1.);
#9123 = DIRECTION('',(0.999974850186,-7.092178509963E-03,-0.));
#9124 = ORIENTED_EDGE('',*,*,#9125,.F.);
#9125 = EDGE_CURVE('',#9126,#9118,#9128,.T.);
#9126 = VERTEX_POINT('',#9127);
#9127 = CARTESIAN_POINT('',(-1.42700205952,2.665643184669,2.151));
#9128 = LINE('',#9129,#9130);
#9129 = CARTESIAN_POINT('',(-1.42700205952,2.665643184669,2.151));
#9130 = VECTOR('',#9131,1.);
#9131 = DIRECTION('',(-0.,-0.,-1.));
#9132 = ORIENTED_EDGE('',*,*,#9133,.F.);
#9133 = EDGE_CURVE('',#9088,#9126,#9134,.T.);
#9134 = LINE('',#9135,#9136);
#9135 = CARTESIAN_POINT('',(-1.42700205952,2.665643184669,2.151));
#9136 = VECTOR('',#9137,1.);
#9137 = DIRECTION('',(0.999974850186,-7.092178509963E-03,-0.));
#9138 = ORIENTED_EDGE('',*,*,#9087,.T.);
#9139 = PLANE('',#9140);
#9140 = AXIS2_PLACEMENT_3D('',#9141,#9142,#9143);
#9141 = CARTESIAN_POINT('',(-1.42700205952,2.665643184669,2.151));
#9142 = DIRECTION('',(7.092178509963E-03,0.999974850186,-0.));
#9143 = DIRECTION('',(-0.999974850186,7.092178509963E-03,0.));
#9144 = ADVANCED_FACE('',(#9145),#9170,.F.);
#9145 = FACE_BOUND('',#9146,.T.);
#9146 = EDGE_LOOP('',(#9147,#9155,#9163,#9169));
#9147 = ORIENTED_EDGE('',*,*,#9148,.T.);
#9148 = EDGE_CURVE('',#9118,#9149,#9151,.T.);
#9149 = VERTEX_POINT('',#9150);
#9150 = CARTESIAN_POINT('',(-1.427487278507,2.597228834427,2.15));
#9151 = LINE('',#9152,#9153);
#9152 = CARTESIAN_POINT('',(-1.427487278507,2.597228834427,2.15));
#9153 = VECTOR('',#9154,1.);
#9154 = DIRECTION('',(-7.092178509966E-03,-0.999974850186,-0.));
#9155 = ORIENTED_EDGE('',*,*,#9156,.F.);
#9156 = EDGE_CURVE('',#9157,#9149,#9159,.T.);
#9157 = VERTEX_POINT('',#9158);
#9158 = CARTESIAN_POINT('',(-1.427487278507,2.597228834427,2.151));
#9159 = LINE('',#9160,#9161);
#9160 = CARTESIAN_POINT('',(-1.427487278507,2.597228834427,2.151));
#9161 = VECTOR('',#9162,1.);
#9162 = DIRECTION('',(-0.,-0.,-1.));
#9163 = ORIENTED_EDGE('',*,*,#9164,.F.);
#9164 = EDGE_CURVE('',#9126,#9157,#9165,.T.);
#9165 = LINE('',#9166,#9167);
#9166 = CARTESIAN_POINT('',(-1.427487278507,2.597228834427,2.151));
#9167 = VECTOR('',#9168,1.);
#9168 = DIRECTION('',(-7.092178509966E-03,-0.999974850186,-0.));
#9169 = ORIENTED_EDGE('',*,*,#9125,.T.);
#9170 = PLANE('',#9171);
#9171 = AXIS2_PLACEMENT_3D('',#9172,#9173,#9174);
#9172 = CARTESIAN_POINT('',(-1.427487278507,2.597228834427,2.151));
#9173 = DIRECTION('',(0.999974850186,-7.092178509966E-03,0.));
#9174 = DIRECTION('',(7.092178509966E-03,0.999974850186,0.));
#9175 = ADVANCED_FACE('',(#9176),#9201,.F.);
#9176 = FACE_BOUND('',#9177,.T.);
#9177 = EDGE_LOOP('',(#9178,#9186,#9194,#9200));
#9178 = ORIENTED_EDGE('',*,*,#9179,.T.);
#9179 = EDGE_CURVE('',#9149,#9180,#9182,.T.);
#9180 = VERTEX_POINT('',#9181);
#9181 = CARTESIAN_POINT('',(-1.500216515581,2.597744656132,2.15));
#9182 = LINE('',#9183,#9184);
#9183 = CARTESIAN_POINT('',(-1.500216515581,2.597744656132,2.15));
#9184 = VECTOR('',#9185,1.);
#9185 = DIRECTION('',(-0.999974850186,7.09217850997E-03,-0.));
#9186 = ORIENTED_EDGE('',*,*,#9187,.F.);
#9187 = EDGE_CURVE('',#9188,#9180,#9190,.T.);
#9188 = VERTEX_POINT('',#9189);
#9189 = CARTESIAN_POINT('',(-1.500216515581,2.597744656132,2.151));
#9190 = LINE('',#9191,#9192);
#9191 = CARTESIAN_POINT('',(-1.500216515581,2.597744656132,2.151));
#9192 = VECTOR('',#9193,1.);
#9193 = DIRECTION('',(-0.,-0.,-1.));
#9194 = ORIENTED_EDGE('',*,*,#9195,.F.);
#9195 = EDGE_CURVE('',#9157,#9188,#9196,.T.);
#9196 = LINE('',#9197,#9198);
#9197 = CARTESIAN_POINT('',(-1.500216515581,2.597744656132,2.151));
#9198 = VECTOR('',#9199,1.);
#9199 = DIRECTION('',(-0.999974850186,7.09217850997E-03,-0.));
#9200 = ORIENTED_EDGE('',*,*,#9156,.T.);
#9201 = PLANE('',#9202);
#9202 = AXIS2_PLACEMENT_3D('',#9203,#9204,#9205);
#9203 = CARTESIAN_POINT('',(-1.500216515581,2.597744656132,2.151));
#9204 = DIRECTION('',(-7.09217850997E-03,-0.999974850186,0.));
#9205 = DIRECTION('',(0.999974850186,-7.09217850997E-03,0.));
#9206 = ADVANCED_FACE('',(#9207),#9232,.F.);
#9207 = FACE_BOUND('',#9208,.T.);
#9208 = EDGE_LOOP('',(#9209,#9217,#9225,#9231));
#9209 = ORIENTED_EDGE('',*,*,#9210,.T.);
#9210 = EDGE_CURVE('',#9180,#9211,#9213,.T.);
#9211 = VERTEX_POINT('',#9212);
#9212 = CARTESIAN_POINT('',(-1.500381696513,2.57445466456,2.15));
#9213 = LINE('',#9214,#9215);
#9214 = CARTESIAN_POINT('',(-1.500381696513,2.57445466456,2.15));
#9215 = VECTOR('',#9216,1.);
#9216 = DIRECTION('',(-7.092178509971E-03,-0.999974850186,-0.));
#9217 = ORIENTED_EDGE('',*,*,#9218,.F.);
#9218 = EDGE_CURVE('',#9219,#9211,#9221,.T.);
#9219 = VERTEX_POINT('',#9220);
#9220 = CARTESIAN_POINT('',(-1.500381696513,2.57445466456,2.151));
#9221 = LINE('',#9222,#9223);
#9222 = CARTESIAN_POINT('',(-1.500381696513,2.57445466456,2.151));
#9223 = VECTOR('',#9224,1.);
#9224 = DIRECTION('',(-0.,-0.,-1.));
#9225 = ORIENTED_EDGE('',*,*,#9226,.F.);
#9226 = EDGE_CURVE('',#9188,#9219,#9227,.T.);
#9227 = LINE('',#9228,#9229);
#9228 = CARTESIAN_POINT('',(-1.500381696513,2.57445466456,2.151));
#9229 = VECTOR('',#9230,1.);
#9230 = DIRECTION('',(-7.092178509971E-03,-0.999974850186,-0.));
#9231 = ORIENTED_EDGE('',*,*,#9187,.T.);
#9232 = PLANE('',#9233);
#9233 = AXIS2_PLACEMENT_3D('',#9234,#9235,#9236);
#9234 = CARTESIAN_POINT('',(-1.500381696513,2.57445466456,2.151));
#9235 = DIRECTION('',(0.999974850186,-7.092178509971E-03,0.));
#9236 = DIRECTION('',(7.092178509971E-03,0.999974850186,0.));
#9237 = ADVANCED_FACE('',(#9238),#9263,.F.);
#9238 = FACE_BOUND('',#9239,.T.);
#9239 = EDGE_LOOP('',(#9240,#9248,#9256,#9262));
#9240 = ORIENTED_EDGE('',*,*,#9241,.T.);
#9241 = EDGE_CURVE('',#9211,#9242,#9244,.T.);
#9242 = VERTEX_POINT('',#9243);
#9243 = CARTESIAN_POINT('',(-1.427652459439,2.573938842855,2.15));
#9244 = LINE('',#9245,#9246);
#9245 = CARTESIAN_POINT('',(-1.427652459439,2.573938842855,2.15));
#9246 = VECTOR('',#9247,1.);
#9247 = DIRECTION('',(0.999974850186,-7.092178509958E-03,-0.));
#9248 = ORIENTED_EDGE('',*,*,#9249,.F.);
#9249 = EDGE_CURVE('',#9250,#9242,#9252,.T.);
#9250 = VERTEX_POINT('',#9251);
#9251 = CARTESIAN_POINT('',(-1.427652459439,2.573938842855,2.151));
#9252 = LINE('',#9253,#9254);
#9253 = CARTESIAN_POINT('',(-1.427652459439,2.573938842855,2.151));
#9254 = VECTOR('',#9255,1.);
#9255 = DIRECTION('',(-0.,-0.,-1.));
#9256 = ORIENTED_EDGE('',*,*,#9257,.F.);
#9257 = EDGE_CURVE('',#9219,#9250,#9258,.T.);
#9258 = LINE('',#9259,#9260);
#9259 = CARTESIAN_POINT('',(-1.427652459439,2.573938842855,2.151));
#9260 = VECTOR('',#9261,1.);
#9261 = DIRECTION('',(0.999974850186,-7.092178509958E-03,-0.));
#9262 = ORIENTED_EDGE('',*,*,#9218,.T.);
#9263 = PLANE('',#9264);
#9264 = AXIS2_PLACEMENT_3D('',#9265,#9266,#9267);
#9265 = CARTESIAN_POINT('',(-1.427652459439,2.573938842855,2.151));
#9266 = DIRECTION('',(7.092178509958E-03,0.999974850186,-0.));
#9267 = DIRECTION('',(-0.999974850186,7.092178509958E-03,0.));
#9268 = ADVANCED_FACE('',(#9269),#9294,.F.);
#9269 = FACE_BOUND('',#9270,.T.);
#9270 = EDGE_LOOP('',(#9271,#9279,#9287,#9293));
#9271 = ORIENTED_EDGE('',*,*,#9272,.T.);
#9272 = EDGE_CURVE('',#9242,#9273,#9275,.T.);
#9273 = VERTEX_POINT('',#9274);
#9274 = CARTESIAN_POINT('',(-1.428114081151,2.508851634266,2.15));
#9275 = LINE('',#9276,#9277);
#9276 = CARTESIAN_POINT('',(-1.428114081151,2.508851634266,2.15));
#9277 = VECTOR('',#9278,1.);
#9278 = DIRECTION('',(-7.092178509962E-03,-0.999974850186,-0.));
#9279 = ORIENTED_EDGE('',*,*,#9280,.F.);
#9280 = EDGE_CURVE('',#9281,#9273,#9283,.T.);
#9281 = VERTEX_POINT('',#9282);
#9282 = CARTESIAN_POINT('',(-1.428114081151,2.508851634266,2.151));
#9283 = LINE('',#9284,#9285);
#9284 = CARTESIAN_POINT('',(-1.428114081151,2.508851634266,2.151));
#9285 = VECTOR('',#9286,1.);
#9286 = DIRECTION('',(-0.,-0.,-1.));
#9287 = ORIENTED_EDGE('',*,*,#9288,.F.);
#9288 = EDGE_CURVE('',#9250,#9281,#9289,.T.);
#9289 = LINE('',#9290,#9291);
#9290 = CARTESIAN_POINT('',(-1.428114081151,2.508851634266,2.151));
#9291 = VECTOR('',#9292,1.);
#9292 = DIRECTION('',(-7.092178509962E-03,-0.999974850186,-0.));
#9293 = ORIENTED_EDGE('',*,*,#9249,.T.);
#9294 = PLANE('',#9295);
#9295 = AXIS2_PLACEMENT_3D('',#9296,#9297,#9298);
#9296 = CARTESIAN_POINT('',(-1.428114081151,2.508851634266,2.151));
#9297 = DIRECTION('',(0.999974850186,-7.092178509962E-03,0.));
#9298 = DIRECTION('',(7.092178509962E-03,0.999974850186,0.));
#9299 = ADVANCED_FACE('',(#9300),#9325,.F.);
#9300 = FACE_BOUND('',#9301,.T.);
#9301 = EDGE_LOOP('',(#9302,#9310,#9318,#9324));
#9302 = ORIENTED_EDGE('',*,*,#9303,.T.);
#9303 = EDGE_CURVE('',#9273,#9304,#9306,.T.);
#9304 = VERTEX_POINT('',#9305);
#9305 = CARTESIAN_POINT('',(-1.506613829529,2.509408382496,2.15));
#9306 = LINE('',#9307,#9308);
#9307 = CARTESIAN_POINT('',(-1.506613829529,2.509408382496,2.15));
#9308 = VECTOR('',#9309,1.);
#9309 = DIRECTION('',(-0.999974850186,7.092178509962E-03,-0.));
#9310 = ORIENTED_EDGE('',*,*,#9311,.F.);
#9311 = EDGE_CURVE('',#9312,#9304,#9314,.T.);
#9312 = VERTEX_POINT('',#9313);
#9313 = CARTESIAN_POINT('',(-1.506613829529,2.509408382496,2.151));
#9314 = LINE('',#9315,#9316);
#9315 = CARTESIAN_POINT('',(-1.506613829529,2.509408382496,2.151));
#9316 = VECTOR('',#9317,1.);
#9317 = DIRECTION('',(-0.,-0.,-1.));
#9318 = ORIENTED_EDGE('',*,*,#9319,.F.);
#9319 = EDGE_CURVE('',#9281,#9312,#9320,.T.);
#9320 = LINE('',#9321,#9322);
#9321 = CARTESIAN_POINT('',(-1.506613829529,2.509408382496,2.151));
#9322 = VECTOR('',#9323,1.);
#9323 = DIRECTION('',(-0.999974850186,7.092178509962E-03,-0.));
#9324 = ORIENTED_EDGE('',*,*,#9280,.T.);
#9325 = PLANE('',#9326);
#9326 = AXIS2_PLACEMENT_3D('',#9327,#9328,#9329);
#9327 = CARTESIAN_POINT('',(-1.506613829529,2.509408382496,2.151));
#9328 = DIRECTION('',(-7.092178509962E-03,-0.999974850186,0.));
#9329 = DIRECTION('',(0.999974850186,-7.092178509962E-03,0.));
#9330 = ADVANCED_FACE('',(#9331),#9356,.F.);
#9331 = FACE_BOUND('',#9332,.T.);
#9332 = EDGE_LOOP('',(#9333,#9341,#9349,#9355));
#9333 = ORIENTED_EDGE('',*,*,#9334,.T.);
#9334 = EDGE_CURVE('',#9304,#9335,#9337,.T.);
#9335 = VERTEX_POINT('',#9336);
#9336 = CARTESIAN_POINT('',(-1.506779747876,2.486014417748,2.15));
#9337 = LINE('',#9338,#9339);
#9338 = CARTESIAN_POINT('',(-1.506779747876,2.486014417748,2.15));
#9339 = VECTOR('',#9340,1.);
#9340 = DIRECTION('',(-7.092178509963E-03,-0.999974850186,-0.));
#9341 = ORIENTED_EDGE('',*,*,#9342,.F.);
#9342 = EDGE_CURVE('',#9343,#9335,#9345,.T.);
#9343 = VERTEX_POINT('',#9344);
#9344 = CARTESIAN_POINT('',(-1.506779747876,2.486014417748,2.151));
#9345 = LINE('',#9346,#9347);
#9346 = CARTESIAN_POINT('',(-1.506779747876,2.486014417748,2.151));
#9347 = VECTOR('',#9348,1.);
#9348 = DIRECTION('',(-0.,-0.,-1.));
#9349 = ORIENTED_EDGE('',*,*,#9350,.F.);
#9350 = EDGE_CURVE('',#9312,#9343,#9351,.T.);
#9351 = LINE('',#9352,#9353);
#9352 = CARTESIAN_POINT('',(-1.506779747876,2.486014417748,2.151));
#9353 = VECTOR('',#9354,1.);
#9354 = DIRECTION('',(-7.092178509963E-03,-0.999974850186,-0.));
#9355 = ORIENTED_EDGE('',*,*,#9311,.T.);
#9356 = PLANE('',#9357);
#9357 = AXIS2_PLACEMENT_3D('',#9358,#9359,#9360);
#9358 = CARTESIAN_POINT('',(-1.506779747876,2.486014417748,2.151));
#9359 = DIRECTION('',(0.999974850186,-7.092178509963E-03,0.));
#9360 = DIRECTION('',(7.092178509963E-03,0.999974850186,0.));
#9361 = ADVANCED_FACE('',(#9362),#9387,.F.);
#9362 = FACE_BOUND('',#9363,.T.);
#9363 = EDGE_LOOP('',(#9364,#9372,#9380,#9386));
#9364 = ORIENTED_EDGE('',*,*,#9365,.T.);
#9365 = EDGE_CURVE('',#9335,#9366,#9368,.T.);
#9366 = VERTEX_POINT('',#9367);
#9367 = CARTESIAN_POINT('',(-1.402026772392,2.485271472261,2.15));
#9368 = LINE('',#9369,#9370);
#9369 = CARTESIAN_POINT('',(-1.402026772392,2.485271472261,2.15));
#9370 = VECTOR('',#9371,1.);
#9371 = DIRECTION('',(0.999974850186,-7.092178509963E-03,-0.));
#9372 = ORIENTED_EDGE('',*,*,#9373,.F.);
#9373 = EDGE_CURVE('',#9374,#9366,#9376,.T.);
#9374 = VERTEX_POINT('',#9375);
#9375 = CARTESIAN_POINT('',(-1.402026772392,2.485271472261,2.151));
#9376 = LINE('',#9377,#9378);
#9377 = CARTESIAN_POINT('',(-1.402026772392,2.485271472261,2.151));
#9378 = VECTOR('',#9379,1.);
#9379 = DIRECTION('',(-0.,-0.,-1.));
#9380 = ORIENTED_EDGE('',*,*,#9381,.F.);
#9381 = EDGE_CURVE('',#9343,#9374,#9382,.T.);
#9382 = LINE('',#9383,#9384);
#9383 = CARTESIAN_POINT('',(-1.402026772392,2.485271472261,2.151));
#9384 = VECTOR('',#9385,1.);
#9385 = DIRECTION('',(0.999974850186,-7.092178509963E-03,-0.));
#9386 = ORIENTED_EDGE('',*,*,#9342,.T.);
#9387 = PLANE('',#9388);
#9388 = AXIS2_PLACEMENT_3D('',#9389,#9390,#9391);
#9389 = CARTESIAN_POINT('',(-1.402026772392,2.485271472261,2.151));
#9390 = DIRECTION('',(7.092178509963E-03,0.999974850186,-0.));
#9391 = DIRECTION('',(-0.999974850186,7.092178509963E-03,0.));
#9392 = ADVANCED_FACE('',(#9393),#9418,.F.);
#9393 = FACE_BOUND('',#9394,.T.);
#9394 = EDGE_LOOP('',(#9395,#9403,#9411,#9417));
#9395 = ORIENTED_EDGE('',*,*,#9396,.T.);
#9396 = EDGE_CURVE('',#9366,#9397,#9399,.T.);
#9397 = VERTEX_POINT('',#9398);
#9398 = CARTESIAN_POINT('',(-1.400584388896,2.688643005808,2.15));
#9399 = LINE('',#9400,#9401);
#9400 = CARTESIAN_POINT('',(-1.400584388896,2.688643005808,2.15));
#9401 = VECTOR('',#9402,1.);
#9402 = DIRECTION('',(7.092178509964E-03,0.999974850186,-0.));
#9403 = ORIENTED_EDGE('',*,*,#9404,.F.);
#9404 = EDGE_CURVE('',#9405,#9397,#9407,.T.);
#9405 = VERTEX_POINT('',#9406);
#9406 = CARTESIAN_POINT('',(-1.400584388896,2.688643005808,2.151));
#9407 = LINE('',#9408,#9409);
#9408 = CARTESIAN_POINT('',(-1.400584388896,2.688643005808,2.151));
#9409 = VECTOR('',#9410,1.);
#9410 = DIRECTION('',(-0.,-0.,-1.));
#9411 = ORIENTED_EDGE('',*,*,#9412,.F.);
#9412 = EDGE_CURVE('',#9374,#9405,#9413,.T.);
#9413 = LINE('',#9414,#9415);
#9414 = CARTESIAN_POINT('',(-1.400584388896,2.688643005808,2.151));
#9415 = VECTOR('',#9416,1.);
#9416 = DIRECTION('',(7.092178509964E-03,0.999974850186,-0.));
#9417 = ORIENTED_EDGE('',*,*,#9373,.T.);
#9418 = PLANE('',#9419);
#9419 = AXIS2_PLACEMENT_3D('',#9420,#9421,#9422);
#9420 = CARTESIAN_POINT('',(-1.400584388896,2.688643005808,2.151));
#9421 = DIRECTION('',(-0.999974850186,7.092178509964E-03,0.));
#9422 = DIRECTION('',(-7.092178509964E-03,-0.999974850186,0.));
#9423 = ADVANCED_FACE('',(#9424),#9440,.F.);
#9424 = FACE_BOUND('',#9425,.T.);
#9425 = EDGE_LOOP('',(#9426,#9432,#9433,#9439));
#9426 = ORIENTED_EDGE('',*,*,#9427,.T.);
#9427 = EDGE_CURVE('',#9397,#9078,#9428,.T.);
#9428 = LINE('',#9429,#9430);
#9429 = CARTESIAN_POINT('',(-1.509964170742,2.689418766256,2.15));
#9430 = VECTOR('',#9431,1.);
#9431 = DIRECTION('',(-0.999974850186,7.092178509963E-03,-0.));
#9432 = ORIENTED_EDGE('',*,*,#9103,.F.);
#9433 = ORIENTED_EDGE('',*,*,#9434,.F.);
#9434 = EDGE_CURVE('',#9405,#9096,#9435,.T.);
#9435 = LINE('',#9436,#9437);
#9436 = CARTESIAN_POINT('',(-1.509964170742,2.689418766256,2.151));
#9437 = VECTOR('',#9438,1.);
#9438 = DIRECTION('',(-0.999974850186,7.092178509963E-03,-0.));
#9439 = ORIENTED_EDGE('',*,*,#9404,.T.);
#9440 = PLANE('',#9441);
#9441 = AXIS2_PLACEMENT_3D('',#9442,#9443,#9444);
#9442 = CARTESIAN_POINT('',(-1.509964170742,2.689418766256,2.151));
#9443 = DIRECTION('',(-7.092178509963E-03,-0.999974850186,0.));
#9444 = DIRECTION('',(0.999974850186,-7.092178509963E-03,0.));
#9445 = ADVANCED_FACE('',(#9446),#9460,.F.);
#9446 = FACE_BOUND('',#9447,.T.);
#9447 = EDGE_LOOP('',(#9448,#9449,#9450,#9451,#9452,#9453,#9454,#9455,
    #9456,#9457,#9458,#9459));
#9448 = ORIENTED_EDGE('',*,*,#9095,.T.);
#9449 = ORIENTED_EDGE('',*,*,#9133,.T.);
#9450 = ORIENTED_EDGE('',*,*,#9164,.T.);
#9451 = ORIENTED_EDGE('',*,*,#9195,.T.);
#9452 = ORIENTED_EDGE('',*,*,#9226,.T.);
#9453 = ORIENTED_EDGE('',*,*,#9257,.T.);
#9454 = ORIENTED_EDGE('',*,*,#9288,.T.);
#9455 = ORIENTED_EDGE('',*,*,#9319,.T.);
#9456 = ORIENTED_EDGE('',*,*,#9350,.T.);
#9457 = ORIENTED_EDGE('',*,*,#9381,.T.);
#9458 = ORIENTED_EDGE('',*,*,#9412,.T.);
#9459 = ORIENTED_EDGE('',*,*,#9434,.T.);
#9460 = PLANE('',#9461);
#9461 = AXIS2_PLACEMENT_3D('',#9462,#9463,#9464);
#9462 = CARTESIAN_POINT('',(0.,0.,2.151));
#9463 = DIRECTION('',(0.,0.,-1.));
#9464 = DIRECTION('',(-1.,0.,-0.));
#9465 = ADVANCED_FACE('',(#9466),#9480,.T.);
#9466 = FACE_BOUND('',#9467,.T.);
#9467 = EDGE_LOOP('',(#9468,#9469,#9470,#9471,#9472,#9473,#9474,#9475,
    #9476,#9477,#9478,#9479));
#9468 = ORIENTED_EDGE('',*,*,#9077,.F.);
#9469 = ORIENTED_EDGE('',*,*,#9427,.F.);
#9470 = ORIENTED_EDGE('',*,*,#9396,.F.);
#9471 = ORIENTED_EDGE('',*,*,#9365,.F.);
#9472 = ORIENTED_EDGE('',*,*,#9334,.F.);
#9473 = ORIENTED_EDGE('',*,*,#9303,.F.);
#9474 = ORIENTED_EDGE('',*,*,#9272,.F.);
#9475 = ORIENTED_EDGE('',*,*,#9241,.F.);
#9476 = ORIENTED_EDGE('',*,*,#9210,.F.);
#9477 = ORIENTED_EDGE('',*,*,#9179,.F.);
#9478 = ORIENTED_EDGE('',*,*,#9148,.F.);
#9479 = ORIENTED_EDGE('',*,*,#9117,.F.);
#9480 = PLANE('',#9481);
#9481 = AXIS2_PLACEMENT_3D('',#9482,#9483,#9484);
#9482 = CARTESIAN_POINT('',(0.,0.,2.15));
#9483 = DIRECTION('',(0.,0.,-1.));
#9484 = DIRECTION('',(-1.,0.,-0.));
#9485 = MANIFOLD_SOLID_BREP('',#9486);
#9486 = CLOSED_SHELL('',(#9487,#9617,#9747,#9769,#9790,#9811,#9832,#9853
    ,#9870,#9882,#9904,#9921,#9938,#9959,#9980,#10001));
#9487 = ADVANCED_FACE('',(#9488,#9550),#9612,.T.);
#9488 = FACE_BOUND('',#9489,.T.);
#9489 = EDGE_LOOP('',(#9490,#9500,#9509,#9518,#9527,#9536,#9544));
#9490 = ORIENTED_EDGE('',*,*,#9491,.T.);
#9491 = EDGE_CURVE('',#9492,#9494,#9496,.T.);
#9492 = VERTEX_POINT('',#9493);
#9493 = CARTESIAN_POINT('',(-1.548382259518,2.689691241053,2.151));
#9494 = VERTEX_POINT('',#9495);
#9495 = CARTESIAN_POINT('',(-1.604319828561,2.690087970255,2.151));
#9496 = LINE('',#9497,#9498);
#9497 = CARTESIAN_POINT('',(-1.604319828561,2.690087970255,2.151));
#9498 = VECTOR('',#9499,1.);
#9499 = DIRECTION('',(-0.999974850186,7.092178509962E-03,-0.));
#9500 = ORIENTED_EDGE('',*,*,#9501,.T.);
#9501 = EDGE_CURVE('',#9494,#9502,#9504,.T.);
#9502 = VERTEX_POINT('',#9503);
#9503 = CARTESIAN_POINT('',(-1.68348950791,2.662159386449,2.151));
#9504 = B_SPLINE_CURVE_WITH_KNOTS('',3,(#9505,#9506,#9507,#9508),
  .UNSPECIFIED.,.F.,.F.,(4,4),(5.,6.),.PIECEWISE_BEZIER_KNOTS.);
#9505 = CARTESIAN_POINT('',(-1.604319828561,2.690087970255,2.151));
#9506 = CARTESIAN_POINT('',(-1.636499526737,2.690316200159,2.151));
#9507 = CARTESIAN_POINT('',(-1.662923831774,2.681041575754,2.151));
#9508 = CARTESIAN_POINT('',(-1.68348950791,2.662159386449,2.151));
#9509 = ORIENTED_EDGE('',*,*,#9510,.T.);
#9510 = EDGE_CURVE('',#9502,#9511,#9513,.T.);
#9511 = VERTEX_POINT('',#9512);
#9512 = CARTESIAN_POINT('',(-1.714699170468,2.586580478051,2.151));
#9513 = B_SPLINE_CURVE_WITH_KNOTS('',3,(#9514,#9515,#9516,#9517),
  .UNSPECIFIED.,.F.,.F.,(4,4),(4.,5.),.PIECEWISE_BEZIER_KNOTS.);
#9514 = CARTESIAN_POINT('',(-1.68348950791,2.662159386449,2.151));
#9515 = CARTESIAN_POINT('',(-1.704055184046,2.643277197142,2.151));
#9516 = CARTESIAN_POINT('',(-1.714475733761,2.618084350579,2.151));
#9517 = CARTESIAN_POINT('',(-1.714699170468,2.586580478051,2.151));
#9518 = ORIENTED_EDGE('',*,*,#9519,.T.);
#9519 = EDGE_CURVE('',#9511,#9520,#9522,.T.);
#9520 = VERTEX_POINT('',#9521);
#9521 = CARTESIAN_POINT('',(-1.684538849277,2.514205556061,2.151));
#9522 = B_SPLINE_CURVE_WITH_KNOTS('',3,(#9523,#9524,#9525,#9526),
  .UNSPECIFIED.,.F.,.F.,(4,4),(3.,4.),.PIECEWISE_BEZIER_KNOTS.);
#9523 = CARTESIAN_POINT('',(-1.714699170468,2.586580478051,2.151));
#9524 = CARTESIAN_POINT('',(-1.714913020782,2.556428256821,2.151));
#9525 = CARTESIAN_POINT('',(-1.704842005718,2.532337817647,2.151));
#9526 = CARTESIAN_POINT('',(-1.684538849277,2.514205556061,2.151));
#9527 = ORIENTED_EDGE('',*,*,#9528,.T.);
#9528 = EDGE_CURVE('',#9520,#9529,#9531,.T.);
#9529 = VERTEX_POINT('',#9530);
#9530 = CARTESIAN_POINT('',(-1.60784167559,2.486731185006,2.151));
#9531 = B_SPLINE_CURVE_WITH_KNOTS('',3,(#9532,#9533,#9534,#9535),
  .UNSPECIFIED.,.F.,.F.,(4,4),(2.,3.),.PIECEWISE_BEZIER_KNOTS.);
#9532 = CARTESIAN_POINT('',(-1.684538849277,2.514205556061,2.151));
#9533 = CARTESIAN_POINT('',(-1.664235692837,2.496073294476,2.151));
#9534 = CARTESIAN_POINT('',(-1.638669722469,2.486949828517,2.151));
#9535 = CARTESIAN_POINT('',(-1.60784167559,2.486731185006,2.151));
#9536 = ORIENTED_EDGE('',*,*,#9537,.T.);
#9537 = EDGE_CURVE('',#9529,#9538,#9540,.T.);
#9538 = VERTEX_POINT('',#9539);
#9539 = CARTESIAN_POINT('',(-1.549824643014,2.486319707506,2.151));
#9540 = LINE('',#9541,#9542);
#9541 = CARTESIAN_POINT('',(-1.549824643014,2.486319707506,2.151));
#9542 = VECTOR('',#9543,1.);
#9543 = DIRECTION('',(0.999974850186,-7.092178509969E-03,-0.));
#9544 = ORIENTED_EDGE('',*,*,#9545,.T.);
#9545 = EDGE_CURVE('',#9538,#9492,#9546,.T.);
#9546 = LINE('',#9547,#9548);
#9547 = CARTESIAN_POINT('',(-1.548382259518,2.689691241053,2.151));
#9548 = VECTOR('',#9549,1.);
#9549 = DIRECTION('',(7.092178509963E-03,0.999974850186,-0.));
#9550 = FACE_BOUND('',#9551,.T.);
#9551 = EDGE_LOOP('',(#9552,#9562,#9570,#9579,#9588,#9597,#9606));
#9552 = ORIENTED_EDGE('',*,*,#9553,.F.);
#9553 = EDGE_CURVE('',#9554,#9556,#9558,.T.);
#9554 = VERTEX_POINT('',#9555);
#9555 = CARTESIAN_POINT('',(-1.575911951774,2.50989986951,2.151));
#9556 = VERTEX_POINT('',#9557);
#9557 = CARTESIAN_POINT('',(-1.574799930142,2.666691419914,2.151));
#9558 = LINE('',#9559,#9560);
#9559 = CARTESIAN_POINT('',(-1.575911951774,2.50989986951,2.151));
#9560 = VECTOR('',#9561,1.);
#9561 = DIRECTION('',(7.092178509965E-03,0.999974850186,0.));
#9562 = ORIENTED_EDGE('',*,*,#9563,.F.);
#9563 = EDGE_CURVE('',#9564,#9554,#9566,.T.);
#9564 = VERTEX_POINT('',#9565);
#9565 = CARTESIAN_POINT('',(-1.606636025475,2.510117775606,2.151));
#9566 = LINE('',#9567,#9568);
#9567 = CARTESIAN_POINT('',(-1.606636025475,2.510117775606,2.151));
#9568 = VECTOR('',#9569,1.);
#9569 = DIRECTION('',(0.999974850186,-7.092178509968E-03,0.));
#9570 = ORIENTED_EDGE('',*,*,#9571,.F.);
#9571 = EDGE_CURVE('',#9572,#9564,#9574,.T.);
#9572 = VERTEX_POINT('',#9573);
#9573 = CARTESIAN_POINT('',(-1.665193199364,2.529665110809,2.151));
#9574 = B_SPLINE_CURVE_WITH_KNOTS('',3,(#9575,#9576,#9577,#9578),
  .UNSPECIFIED.,.F.,.F.,(4,4),(5.,6.),.PIECEWISE_BEZIER_KNOTS.);
#9575 = CARTESIAN_POINT('',(-1.665193199364,2.529665110809,2.151));
#9576 = CARTESIAN_POINT('',(-1.65041573713,2.516770959752,2.151));
#9577 = CARTESIAN_POINT('',(-1.630861775637,2.510289593272,2.151));
#9578 = CARTESIAN_POINT('',(-1.606636025475,2.510117775606,2.151));
#9579 = ORIENTED_EDGE('',*,*,#9580,.F.);
#9580 = EDGE_CURVE('',#9581,#9572,#9583,.T.);
#9581 = VERTEX_POINT('',#9582);
#9582 = CARTESIAN_POINT('',(-1.687089130162,2.587112506639,2.151));
#9583 = B_SPLINE_CURVE_WITH_KNOTS('',3,(#9584,#9585,#9586,#9587),
  .UNSPECIFIED.,.F.,.F.,(4,4),(4.,5.),.PIECEWISE_BEZIER_KNOTS.);
#9584 = CARTESIAN_POINT('',(-1.687089130162,2.587112506639,2.151));
#9585 = CARTESIAN_POINT('',(-1.687269059391,2.561743051534,2.151));
#9586 = CARTESIAN_POINT('',(-1.679970661596,2.542559261864,2.151));
#9587 = CARTESIAN_POINT('',(-1.665193199364,2.529665110809,2.151));
#9588 = ORIENTED_EDGE('',*,*,#9589,.F.);
#9589 = EDGE_CURVE('',#9590,#9581,#9592,.T.);
#9590 = VERTEX_POINT('',#9591);
#9591 = CARTESIAN_POINT('',(-1.664939147176,2.64611912445,2.151));
#9592 = B_SPLINE_CURVE_WITH_KNOTS('',3,(#9593,#9594,#9595,#9596),
  .UNSPECIFIED.,.F.,.F.,(4,4),(3.,4.),.PIECEWISE_BEZIER_KNOTS.);
#9593 = CARTESIAN_POINT('',(-1.664939147176,2.64611912445,2.151));
#9594 = CARTESIAN_POINT('',(-1.679542956328,2.632185614975,2.151));
#9595 = CARTESIAN_POINT('',(-1.686909200932,2.612481961744,2.151));
#9596 = CARTESIAN_POINT('',(-1.687089130162,2.587112506639,2.151));
#9597 = ORIENTED_EDGE('',*,*,#9598,.F.);
#9598 = EDGE_CURVE('',#9599,#9590,#9601,.T.);
#9599 = VERTEX_POINT('',#9600);
#9600 = CARTESIAN_POINT('',(-1.604328312313,2.666900845738,2.151));
#9601 = B_SPLINE_CURVE_WITH_KNOTS('',3,(#9602,#9603,#9604,#9605),
  .UNSPECIFIED.,.F.,.F.,(4,4),(2.,3.),.PIECEWISE_BEZIER_KNOTS.);
#9602 = CARTESIAN_POINT('',(-1.604328312313,2.666900845738,2.151));
#9603 = CARTESIAN_POINT('',(-1.630165646713,2.667084093334,2.151));
#9604 = CARTESIAN_POINT('',(-1.650386587197,2.660156975807,2.151));
#9605 = CARTESIAN_POINT('',(-1.664939147176,2.64611912445,2.151));
#9606 = ORIENTED_EDGE('',*,*,#9607,.F.);
#9607 = EDGE_CURVE('',#9556,#9599,#9608,.T.);
#9608 = LINE('',#9609,#9610);
#9609 = CARTESIAN_POINT('',(-1.574799930142,2.666691419914,2.151));
#9610 = VECTOR('',#9611,1.);
#9611 = DIRECTION('',(-0.999974850186,7.092178509962E-03,0.));
#9612 = PLANE('',#9613);
#9613 = AXIS2_PLACEMENT_3D('',#9614,#9615,#9616);
#9614 = CARTESIAN_POINT('',(-1.650137096348,2.493750763756,2.151));
#9615 = DIRECTION('',(0.,0.,1.));
#9616 = DIRECTION('',(1.,0.,-0.));
#9617 = ADVANCED_FACE('',(#9618,#9680),#9742,.F.);
#9618 = FACE_BOUND('',#9619,.T.);
#9619 = EDGE_LOOP('',(#9620,#9630,#9638,#9646,#9655,#9664,#9673));
#9620 = ORIENTED_EDGE('',*,*,#9621,.F.);
#9621 = EDGE_CURVE('',#9622,#9624,#9626,.T.);
#9622 = VERTEX_POINT('',#9623);
#9623 = CARTESIAN_POINT('',(-1.548382259518,2.689691241053,2.15));
#9624 = VERTEX_POINT('',#9625);
#9625 = CARTESIAN_POINT('',(-1.604319828561,2.690087970255,2.15));
#9626 = LINE('',#9627,#9628);
#9627 = CARTESIAN_POINT('',(-1.604319828561,2.690087970255,2.15));
#9628 = VECTOR('',#9629,1.);
#9629 = DIRECTION('',(-0.999974850186,7.092178509962E-03,-0.));
#9630 = ORIENTED_EDGE('',*,*,#9631,.F.);
#9631 = EDGE_CURVE('',#9632,#9622,#9634,.T.);
#9632 = VERTEX_POINT('',#9633);
#9633 = CARTESIAN_POINT('',(-1.549824643014,2.486319707506,2.15));
#9634 = LINE('',#9635,#9636);
#9635 = CARTESIAN_POINT('',(-1.548382259518,2.689691241053,2.15));
#9636 = VECTOR('',#9637,1.);
#9637 = DIRECTION('',(7.092178509963E-03,0.999974850186,-0.));
#9638 = ORIENTED_EDGE('',*,*,#9639,.F.);
#9639 = EDGE_CURVE('',#9640,#9632,#9642,.T.);
#9640 = VERTEX_POINT('',#9641);
#9641 = CARTESIAN_POINT('',(-1.60784167559,2.486731185006,2.15));
#9642 = LINE('',#9643,#9644);
#9643 = CARTESIAN_POINT('',(-1.549824643014,2.486319707506,2.15));
#9644 = VECTOR('',#9645,1.);
#9645 = DIRECTION('',(0.999974850186,-7.092178509969E-03,-0.));
#9646 = ORIENTED_EDGE('',*,*,#9647,.F.);
#9647 = EDGE_CURVE('',#9648,#9640,#9650,.T.);
#9648 = VERTEX_POINT('',#9649);
#9649 = CARTESIAN_POINT('',(-1.684538849277,2.514205556061,2.15));
#9650 = B_SPLINE_CURVE_WITH_KNOTS('',3,(#9651,#9652,#9653,#9654),
  .UNSPECIFIED.,.F.,.F.,(4,4),(2.,3.),.PIECEWISE_BEZIER_KNOTS.);
#9651 = CARTESIAN_POINT('',(-1.684538849277,2.514205556061,2.15));
#9652 = CARTESIAN_POINT('',(-1.664235692837,2.496073294476,2.15));
#9653 = CARTESIAN_POINT('',(-1.638669722469,2.486949828517,2.15));
#9654 = CARTESIAN_POINT('',(-1.60784167559,2.486731185006,2.15));
#9655 = ORIENTED_EDGE('',*,*,#9656,.F.);
#9656 = EDGE_CURVE('',#9657,#9648,#9659,.T.);
#9657 = VERTEX_POINT('',#9658);
#9658 = CARTESIAN_POINT('',(-1.714699170468,2.586580478051,2.15));
#9659 = B_SPLINE_CURVE_WITH_KNOTS('',3,(#9660,#9661,#9662,#9663),
  .UNSPECIFIED.,.F.,.F.,(4,4),(3.,4.),.PIECEWISE_BEZIER_KNOTS.);
#9660 = CARTESIAN_POINT('',(-1.714699170468,2.586580478051,2.15));
#9661 = CARTESIAN_POINT('',(-1.714913020782,2.556428256821,2.15));
#9662 = CARTESIAN_POINT('',(-1.704842005718,2.532337817647,2.15));
#9663 = CARTESIAN_POINT('',(-1.684538849277,2.514205556061,2.15));
#9664 = ORIENTED_EDGE('',*,*,#9665,.F.);
#9665 = EDGE_CURVE('',#9666,#9657,#9668,.T.);
#9666 = VERTEX_POINT('',#9667);
#9667 = CARTESIAN_POINT('',(-1.68348950791,2.662159386449,2.15));
#9668 = B_SPLINE_CURVE_WITH_KNOTS('',3,(#9669,#9670,#9671,#9672),
  .UNSPECIFIED.,.F.,.F.,(4,4),(4.,5.),.PIECEWISE_BEZIER_KNOTS.);
#9669 = CARTESIAN_POINT('',(-1.68348950791,2.662159386449,2.15));
#9670 = CARTESIAN_POINT('',(-1.704055184046,2.643277197142,2.15));
#9671 = CARTESIAN_POINT('',(-1.714475733761,2.618084350579,2.15));
#9672 = CARTESIAN_POINT('',(-1.714699170468,2.586580478051,2.15));
#9673 = ORIENTED_EDGE('',*,*,#9674,.F.);
#9674 = EDGE_CURVE('',#9624,#9666,#9675,.T.);
#9675 = B_SPLINE_CURVE_WITH_KNOTS('',3,(#9676,#9677,#9678,#9679),
  .UNSPECIFIED.,.F.,.F.,(4,4),(5.,6.),.PIECEWISE_BEZIER_KNOTS.);
#9676 = CARTESIAN_POINT('',(-1.604319828561,2.690087970255,2.15));
#9677 = CARTESIAN_POINT('',(-1.636499526737,2.690316200159,2.15));
#9678 = CARTESIAN_POINT('',(-1.662923831774,2.681041575754,2.15));
#9679 = CARTESIAN_POINT('',(-1.68348950791,2.662159386449,2.15));
#9680 = FACE_BOUND('',#9681,.T.);
#9681 = EDGE_LOOP('',(#9682,#9692,#9700,#9708,#9717,#9726,#9735));
#9682 = ORIENTED_EDGE('',*,*,#9683,.T.);
#9683 = EDGE_CURVE('',#9684,#9686,#9688,.T.);
#9684 = VERTEX_POINT('',#9685);
#9685 = CARTESIAN_POINT('',(-1.606636025475,2.510117775606,2.15));
#9686 = VERTEX_POINT('',#9687);
#9687 = CARTESIAN_POINT('',(-1.575911951774,2.50989986951,2.15));
#9688 = LINE('',#9689,#9690);
#9689 = CARTESIAN_POINT('',(-1.606636025475,2.510117775606,2.15));
#9690 = VECTOR('',#9691,1.);
#9691 = DIRECTION('',(0.999974850186,-7.092178509968E-03,0.));
#9692 = ORIENTED_EDGE('',*,*,#9693,.T.);
#9693 = EDGE_CURVE('',#9686,#9694,#9696,.T.);
#9694 = VERTEX_POINT('',#9695);
#9695 = CARTESIAN_POINT('',(-1.574799930142,2.666691419914,2.15));
#9696 = LINE('',#9697,#9698);
#9697 = CARTESIAN_POINT('',(-1.575911951774,2.50989986951,2.15));
#9698 = VECTOR('',#9699,1.);
#9699 = DIRECTION('',(7.092178509965E-03,0.999974850186,0.));
#9700 = ORIENTED_EDGE('',*,*,#9701,.T.);
#9701 = EDGE_CURVE('',#9694,#9702,#9704,.T.);
#9702 = VERTEX_POINT('',#9703);
#9703 = CARTESIAN_POINT('',(-1.604328312313,2.666900845738,2.15));
#9704 = LINE('',#9705,#9706);
#9705 = CARTESIAN_POINT('',(-1.574799930142,2.666691419914,2.15));
#9706 = VECTOR('',#9707,1.);
#9707 = DIRECTION('',(-0.999974850186,7.092178509962E-03,0.));
#9708 = ORIENTED_EDGE('',*,*,#9709,.T.);
#9709 = EDGE_CURVE('',#9702,#9710,#9712,.T.);
#9710 = VERTEX_POINT('',#9711);
#9711 = CARTESIAN_POINT('',(-1.664939147176,2.64611912445,2.15));
#9712 = B_SPLINE_CURVE_WITH_KNOTS('',3,(#9713,#9714,#9715,#9716),
  .UNSPECIFIED.,.F.,.F.,(4,4),(2.,3.),.PIECEWISE_BEZIER_KNOTS.);
#9713 = CARTESIAN_POINT('',(-1.604328312313,2.666900845738,2.15));
#9714 = CARTESIAN_POINT('',(-1.630165646713,2.667084093334,2.15));
#9715 = CARTESIAN_POINT('',(-1.650386587197,2.660156975807,2.15));
#9716 = CARTESIAN_POINT('',(-1.664939147176,2.64611912445,2.15));
#9717 = ORIENTED_EDGE('',*,*,#9718,.T.);
#9718 = EDGE_CURVE('',#9710,#9719,#9721,.T.);
#9719 = VERTEX_POINT('',#9720);
#9720 = CARTESIAN_POINT('',(-1.687089130162,2.587112506639,2.15));
#9721 = B_SPLINE_CURVE_WITH_KNOTS('',3,(#9722,#9723,#9724,#9725),
  .UNSPECIFIED.,.F.,.F.,(4,4),(3.,4.),.PIECEWISE_BEZIER_KNOTS.);
#9722 = CARTESIAN_POINT('',(-1.664939147176,2.64611912445,2.15));
#9723 = CARTESIAN_POINT('',(-1.679542956328,2.632185614975,2.15));
#9724 = CARTESIAN_POINT('',(-1.686909200932,2.612481961744,2.15));
#9725 = CARTESIAN_POINT('',(-1.687089130162,2.587112506639,2.15));
#9726 = ORIENTED_EDGE('',*,*,#9727,.T.);
#9727 = EDGE_CURVE('',#9719,#9728,#9730,.T.);
#9728 = VERTEX_POINT('',#9729);
#9729 = CARTESIAN_POINT('',(-1.665193199364,2.529665110809,2.15));
#9730 = B_SPLINE_CURVE_WITH_KNOTS('',3,(#9731,#9732,#9733,#9734),
  .UNSPECIFIED.,.F.,.F.,(4,4),(4.,5.),.PIECEWISE_BEZIER_KNOTS.);
#9731 = CARTESIAN_POINT('',(-1.687089130162,2.587112506639,2.15));
#9732 = CARTESIAN_POINT('',(-1.687269059391,2.561743051534,2.15));
#9733 = CARTESIAN_POINT('',(-1.679970661596,2.542559261864,2.15));
#9734 = CARTESIAN_POINT('',(-1.665193199364,2.529665110809,2.15));
#9735 = ORIENTED_EDGE('',*,*,#9736,.T.);
#9736 = EDGE_CURVE('',#9728,#9684,#9737,.T.);
#9737 = B_SPLINE_CURVE_WITH_KNOTS('',3,(#9738,#9739,#9740,#9741),
  .UNSPECIFIED.,.F.,.F.,(4,4),(5.,6.),.PIECEWISE_BEZIER_KNOTS.);
#9738 = CARTESIAN_POINT('',(-1.665193199364,2.529665110809,2.15));
#9739 = CARTESIAN_POINT('',(-1.65041573713,2.516770959752,2.15));
#9740 = CARTESIAN_POINT('',(-1.630861775637,2.510289593272,2.15));
#9741 = CARTESIAN_POINT('',(-1.606636025475,2.510117775606,2.15));
#9742 = PLANE('',#9743);
#9743 = AXIS2_PLACEMENT_3D('',#9744,#9745,#9746);
#9744 = CARTESIAN_POINT('',(-1.650137096348,2.493750763756,2.15));
#9745 = DIRECTION('',(0.,0.,1.));
#9746 = DIRECTION('',(1.,0.,-0.));
#9747 = ADVANCED_FACE('',(#9748),#9764,.F.);
#9748 = FACE_BOUND('',#9749,.T.);
#9749 = EDGE_LOOP('',(#9750,#9751,#9757,#9758));
#9750 = ORIENTED_EDGE('',*,*,#9621,.T.);
#9751 = ORIENTED_EDGE('',*,*,#9752,.F.);
#9752 = EDGE_CURVE('',#9494,#9624,#9753,.T.);
#9753 = LINE('',#9754,#9755);
#9754 = CARTESIAN_POINT('',(-1.604319828561,2.690087970255,2.151));
#9755 = VECTOR('',#9756,1.);
#9756 = DIRECTION('',(-0.,-0.,-1.));
#9757 = ORIENTED_EDGE('',*,*,#9491,.F.);
#9758 = ORIENTED_EDGE('',*,*,#9759,.T.);
#9759 = EDGE_CURVE('',#9492,#9622,#9760,.T.);
#9760 = LINE('',#9761,#9762);
#9761 = CARTESIAN_POINT('',(-1.548382259518,2.689691241053,2.151));
#9762 = VECTOR('',#9763,1.);
#9763 = DIRECTION('',(-0.,-0.,-1.));
#9764 = PLANE('',#9765);
#9765 = AXIS2_PLACEMENT_3D('',#9766,#9767,#9768);
#9766 = CARTESIAN_POINT('',(-1.604319828561,2.690087970255,2.151));
#9767 = DIRECTION('',(-7.092178509962E-03,-0.999974850186,0.));
#9768 = DIRECTION('',(0.999974850186,-7.092178509962E-03,0.));
#9769 = ADVANCED_FACE('',(#9770),#9781,.F.);
#9770 = FACE_BOUND('',#9771,.F.);
#9771 = EDGE_LOOP('',(#9772,#9773,#9774,#9780));
#9772 = ORIENTED_EDGE('',*,*,#9752,.F.);
#9773 = ORIENTED_EDGE('',*,*,#9501,.T.);
#9774 = ORIENTED_EDGE('',*,*,#9775,.T.);
#9775 = EDGE_CURVE('',#9502,#9666,#9776,.T.);
#9776 = LINE('',#9777,#9778);
#9777 = CARTESIAN_POINT('',(-1.68348950791,2.662159386449,2.151));
#9778 = VECTOR('',#9779,1.);
#9779 = DIRECTION('',(-0.,-0.,-1.));
#9780 = ORIENTED_EDGE('',*,*,#9674,.F.);
#9781 = B_SPLINE_SURFACE_WITH_KNOTS('',3,1,(
    (#9782,#9783)
    ,(#9784,#9785)
    ,(#9786,#9787)
    ,(#9788,#9789
    )),.UNSPECIFIED.,.F.,.F.,.F.,(4,4),(2,2),(5.,6.),(0.,1.),
  .PIECEWISE_BEZIER_KNOTS.);
#9782 = CARTESIAN_POINT('',(-1.604319828561,2.690087970255,2.151));
#9783 = CARTESIAN_POINT('',(-1.604319828561,2.690087970255,2.15));
#9784 = CARTESIAN_POINT('',(-1.636499526737,2.690316200159,2.151));
#9785 = CARTESIAN_POINT('',(-1.636499526737,2.690316200159,2.15));
#9786 = CARTESIAN_POINT('',(-1.662923831774,2.681041575754,2.151));
#9787 = CARTESIAN_POINT('',(-1.662923831774,2.681041575754,2.15));
#9788 = CARTESIAN_POINT('',(-1.68348950791,2.662159386449,2.151));
#9789 = CARTESIAN_POINT('',(-1.68348950791,2.662159386449,2.15));
#9790 = ADVANCED_FACE('',(#9791),#9802,.F.);
#9791 = FACE_BOUND('',#9792,.F.);
#9792 = EDGE_LOOP('',(#9793,#9794,#9795,#9801));
#9793 = ORIENTED_EDGE('',*,*,#9775,.F.);
#9794 = ORIENTED_EDGE('',*,*,#9510,.T.);
#9795 = ORIENTED_EDGE('',*,*,#9796,.T.);
#9796 = EDGE_CURVE('',#9511,#9657,#9797,.T.);
#9797 = LINE('',#9798,#9799);
#9798 = CARTESIAN_POINT('',(-1.714699170468,2.586580478051,2.151));
#9799 = VECTOR('',#9800,1.);
#9800 = DIRECTION('',(-0.,-0.,-1.));
#9801 = ORIENTED_EDGE('',*,*,#9665,.F.);
#9802 = B_SPLINE_SURFACE_WITH_KNOTS('',3,1,(
    (#9803,#9804)
    ,(#9805,#9806)
    ,(#9807,#9808)
    ,(#9809,#9810
    )),.UNSPECIFIED.,.F.,.F.,.F.,(4,4),(2,2),(4.,5.),(0.,1.),
  .PIECEWISE_BEZIER_KNOTS.);
#9803 = CARTESIAN_POINT('',(-1.68348950791,2.662159386449,2.151));
#9804 = CARTESIAN_POINT('',(-1.68348950791,2.662159386449,2.15));
#9805 = CARTESIAN_POINT('',(-1.704055184046,2.643277197142,2.151));
#9806 = CARTESIAN_POINT('',(-1.704055184046,2.643277197142,2.15));
#9807 = CARTESIAN_POINT('',(-1.714475733761,2.618084350579,2.151));
#9808 = CARTESIAN_POINT('',(-1.714475733761,2.618084350579,2.15));
#9809 = CARTESIAN_POINT('',(-1.714699170468,2.586580478051,2.151));
#9810 = CARTESIAN_POINT('',(-1.714699170468,2.586580478051,2.15));
#9811 = ADVANCED_FACE('',(#9812),#9823,.F.);
#9812 = FACE_BOUND('',#9813,.F.);
#9813 = EDGE_LOOP('',(#9814,#9815,#9816,#9822));
#9814 = ORIENTED_EDGE('',*,*,#9796,.F.);
#9815 = ORIENTED_EDGE('',*,*,#9519,.T.);
#9816 = ORIENTED_EDGE('',*,*,#9817,.T.);
#9817 = EDGE_CURVE('',#9520,#9648,#9818,.T.);
#9818 = LINE('',#9819,#9820);
#9819 = CARTESIAN_POINT('',(-1.684538849277,2.514205556061,2.151));
#9820 = VECTOR('',#9821,1.);
#9821 = DIRECTION('',(-0.,-0.,-1.));
#9822 = ORIENTED_EDGE('',*,*,#9656,.F.);
#9823 = B_SPLINE_SURFACE_WITH_KNOTS('',3,1,(
    (#9824,#9825)
    ,(#9826,#9827)
    ,(#9828,#9829)
    ,(#9830,#9831
    )),.UNSPECIFIED.,.F.,.F.,.F.,(4,4),(2,2),(3.,4.),(0.,1.),
  .PIECEWISE_BEZIER_KNOTS.);
#9824 = CARTESIAN_POINT('',(-1.714699170468,2.586580478051,2.151));
#9825 = CARTESIAN_POINT('',(-1.714699170468,2.586580478051,2.15));
#9826 = CARTESIAN_POINT('',(-1.714913020782,2.556428256821,2.151));
#9827 = CARTESIAN_POINT('',(-1.714913020782,2.556428256821,2.15));
#9828 = CARTESIAN_POINT('',(-1.704842005718,2.532337817647,2.151));
#9829 = CARTESIAN_POINT('',(-1.704842005718,2.532337817647,2.15));
#9830 = CARTESIAN_POINT('',(-1.684538849277,2.514205556061,2.151));
#9831 = CARTESIAN_POINT('',(-1.684538849277,2.514205556061,2.15));
#9832 = ADVANCED_FACE('',(#9833),#9844,.F.);
#9833 = FACE_BOUND('',#9834,.F.);
#9834 = EDGE_LOOP('',(#9835,#9836,#9837,#9843));
#9835 = ORIENTED_EDGE('',*,*,#9817,.F.);
#9836 = ORIENTED_EDGE('',*,*,#9528,.T.);
#9837 = ORIENTED_EDGE('',*,*,#9838,.T.);
#9838 = EDGE_CURVE('',#9529,#9640,#9839,.T.);
#9839 = LINE('',#9840,#9841);
#9840 = CARTESIAN_POINT('',(-1.60784167559,2.486731185006,2.151));
#9841 = VECTOR('',#9842,1.);
#9842 = DIRECTION('',(-0.,-0.,-1.));
#9843 = ORIENTED_EDGE('',*,*,#9647,.F.);
#9844 = B_SPLINE_SURFACE_WITH_KNOTS('',3,1,(
    (#9845,#9846)
    ,(#9847,#9848)
    ,(#9849,#9850)
    ,(#9851,#9852
    )),.UNSPECIFIED.,.F.,.F.,.F.,(4,4),(2,2),(2.,3.),(0.,1.),
  .PIECEWISE_BEZIER_KNOTS.);
#9845 = CARTESIAN_POINT('',(-1.684538849277,2.514205556061,2.151));
#9846 = CARTESIAN_POINT('',(-1.684538849277,2.514205556061,2.15));
#9847 = CARTESIAN_POINT('',(-1.664235692837,2.496073294476,2.151));
#9848 = CARTESIAN_POINT('',(-1.664235692837,2.496073294476,2.15));
#9849 = CARTESIAN_POINT('',(-1.638669722469,2.486949828517,2.151));
#9850 = CARTESIAN_POINT('',(-1.638669722469,2.486949828517,2.15));
#9851 = CARTESIAN_POINT('',(-1.60784167559,2.486731185006,2.151));
#9852 = CARTESIAN_POINT('',(-1.60784167559,2.486731185006,2.15));
#9853 = ADVANCED_FACE('',(#9854),#9865,.F.);
#9854 = FACE_BOUND('',#9855,.T.);
#9855 = EDGE_LOOP('',(#9856,#9857,#9863,#9864));
#9856 = ORIENTED_EDGE('',*,*,#9639,.T.);
#9857 = ORIENTED_EDGE('',*,*,#9858,.F.);
#9858 = EDGE_CURVE('',#9538,#9632,#9859,.T.);
#9859 = LINE('',#9860,#9861);
#9860 = CARTESIAN_POINT('',(-1.549824643014,2.486319707506,2.151));
#9861 = VECTOR('',#9862,1.);
#9862 = DIRECTION('',(-0.,-0.,-1.));
#9863 = ORIENTED_EDGE('',*,*,#9537,.F.);
#9864 = ORIENTED_EDGE('',*,*,#9838,.T.);
#9865 = PLANE('',#9866);
#9866 = AXIS2_PLACEMENT_3D('',#9867,#9868,#9869);
#9867 = CARTESIAN_POINT('',(-1.549824643014,2.486319707506,2.151));
#9868 = DIRECTION('',(7.092178509969E-03,0.999974850186,-0.));
#9869 = DIRECTION('',(-0.999974850186,7.092178509969E-03,0.));
#9870 = ADVANCED_FACE('',(#9871),#9877,.F.);
#9871 = FACE_BOUND('',#9872,.T.);
#9872 = EDGE_LOOP('',(#9873,#9874,#9875,#9876));
#9873 = ORIENTED_EDGE('',*,*,#9631,.T.);
#9874 = ORIENTED_EDGE('',*,*,#9759,.F.);
#9875 = ORIENTED_EDGE('',*,*,#9545,.F.);
#9876 = ORIENTED_EDGE('',*,*,#9858,.T.);
#9877 = PLANE('',#9878);
#9878 = AXIS2_PLACEMENT_3D('',#9879,#9880,#9881);
#9879 = CARTESIAN_POINT('',(-1.548382259518,2.689691241053,2.151));
#9880 = DIRECTION('',(-0.999974850186,7.092178509963E-03,0.));
#9881 = DIRECTION('',(-7.092178509963E-03,-0.999974850186,0.));
#9882 = ADVANCED_FACE('',(#9883),#9899,.T.);
#9883 = FACE_BOUND('',#9884,.T.);
#9884 = EDGE_LOOP('',(#9885,#9886,#9892,#9893));
#9885 = ORIENTED_EDGE('',*,*,#9683,.F.);
#9886 = ORIENTED_EDGE('',*,*,#9887,.F.);
#9887 = EDGE_CURVE('',#9564,#9684,#9888,.T.);
#9888 = LINE('',#9889,#9890);
#9889 = CARTESIAN_POINT('',(-1.606636025475,2.510117775606,2.151));
#9890 = VECTOR('',#9891,1.);
#9891 = DIRECTION('',(-0.,-0.,-1.));
#9892 = ORIENTED_EDGE('',*,*,#9563,.T.);
#9893 = ORIENTED_EDGE('',*,*,#9894,.T.);
#9894 = EDGE_CURVE('',#9554,#9686,#9895,.T.);
#9895 = LINE('',#9896,#9897);
#9896 = CARTESIAN_POINT('',(-1.575911951774,2.50989986951,2.151));
#9897 = VECTOR('',#9898,1.);
#9898 = DIRECTION('',(-0.,-0.,-1.));
#9899 = PLANE('',#9900);
#9900 = AXIS2_PLACEMENT_3D('',#9901,#9902,#9903);
#9901 = CARTESIAN_POINT('',(-1.606636025475,2.510117775606,2.151));
#9902 = DIRECTION('',(7.092178509968E-03,0.999974850186,-0.));
#9903 = DIRECTION('',(-0.999974850186,7.092178509968E-03,0.));
#9904 = ADVANCED_FACE('',(#9905),#9916,.T.);
#9905 = FACE_BOUND('',#9906,.T.);
#9906 = EDGE_LOOP('',(#9907,#9908,#9909,#9910));
#9907 = ORIENTED_EDGE('',*,*,#9693,.F.);
#9908 = ORIENTED_EDGE('',*,*,#9894,.F.);
#9909 = ORIENTED_EDGE('',*,*,#9553,.T.);
#9910 = ORIENTED_EDGE('',*,*,#9911,.T.);
#9911 = EDGE_CURVE('',#9556,#9694,#9912,.T.);
#9912 = LINE('',#9913,#9914);
#9913 = CARTESIAN_POINT('',(-1.574799930142,2.666691419914,2.151));
#9914 = VECTOR('',#9915,1.);
#9915 = DIRECTION('',(-0.,-0.,-1.));
#9916 = PLANE('',#9917);
#9917 = AXIS2_PLACEMENT_3D('',#9918,#9919,#9920);
#9918 = CARTESIAN_POINT('',(-1.575911951774,2.50989986951,2.151));
#9919 = DIRECTION('',(-0.999974850186,7.092178509965E-03,0.));
#9920 = DIRECTION('',(-7.092178509965E-03,-0.999974850186,0.));
#9921 = ADVANCED_FACE('',(#9922),#9933,.T.);
#9922 = FACE_BOUND('',#9923,.T.);
#9923 = EDGE_LOOP('',(#9924,#9925,#9926,#9927));
#9924 = ORIENTED_EDGE('',*,*,#9701,.F.);
#9925 = ORIENTED_EDGE('',*,*,#9911,.F.);
#9926 = ORIENTED_EDGE('',*,*,#9607,.T.);
#9927 = ORIENTED_EDGE('',*,*,#9928,.T.);
#9928 = EDGE_CURVE('',#9599,#9702,#9929,.T.);
#9929 = LINE('',#9930,#9931);
#9930 = CARTESIAN_POINT('',(-1.604328312313,2.666900845738,2.151));
#9931 = VECTOR('',#9932,1.);
#9932 = DIRECTION('',(-0.,-0.,-1.));
#9933 = PLANE('',#9934);
#9934 = AXIS2_PLACEMENT_3D('',#9935,#9936,#9937);
#9935 = CARTESIAN_POINT('',(-1.574799930142,2.666691419914,2.151));
#9936 = DIRECTION('',(-7.092178509962E-03,-0.999974850186,0.));
#9937 = DIRECTION('',(0.999974850186,-7.092178509962E-03,0.));
#9938 = ADVANCED_FACE('',(#9939),#9950,.T.);
#9939 = FACE_BOUND('',#9940,.T.);
#9940 = EDGE_LOOP('',(#9941,#9942,#9943,#9944));
#9941 = ORIENTED_EDGE('',*,*,#9709,.F.);
#9942 = ORIENTED_EDGE('',*,*,#9928,.F.);
#9943 = ORIENTED_EDGE('',*,*,#9598,.T.);
#9944 = ORIENTED_EDGE('',*,*,#9945,.T.);
#9945 = EDGE_CURVE('',#9590,#9710,#9946,.T.);
#9946 = LINE('',#9947,#9948);
#9947 = CARTESIAN_POINT('',(-1.664939147176,2.64611912445,2.151));
#9948 = VECTOR('',#9949,1.);
#9949 = DIRECTION('',(-0.,-0.,-1.));
#9950 = B_SPLINE_SURFACE_WITH_KNOTS('',3,1,(
    (#9951,#9952)
    ,(#9953,#9954)
    ,(#9955,#9956)
    ,(#9957,#9958
    )),.UNSPECIFIED.,.F.,.F.,.F.,(4,4),(2,2),(2.,3.),(0.,1.),
  .PIECEWISE_BEZIER_KNOTS.);
#9951 = CARTESIAN_POINT('',(-1.604328312313,2.666900845738,2.151));
#9952 = CARTESIAN_POINT('',(-1.604328312313,2.666900845738,2.15));
#9953 = CARTESIAN_POINT('',(-1.630165646713,2.667084093334,2.151));
#9954 = CARTESIAN_POINT('',(-1.630165646713,2.667084093334,2.15));
#9955 = CARTESIAN_POINT('',(-1.650386587197,2.660156975807,2.151));
#9956 = CARTESIAN_POINT('',(-1.650386587197,2.660156975807,2.15));
#9957 = CARTESIAN_POINT('',(-1.664939147176,2.64611912445,2.151));
#9958 = CARTESIAN_POINT('',(-1.664939147176,2.64611912445,2.15));
#9959 = ADVANCED_FACE('',(#9960),#9971,.T.);
#9960 = FACE_BOUND('',#9961,.T.);
#9961 = EDGE_LOOP('',(#9962,#9963,#9964,#9965));
#9962 = ORIENTED_EDGE('',*,*,#9718,.F.);
#9963 = ORIENTED_EDGE('',*,*,#9945,.F.);
#9964 = ORIENTED_EDGE('',*,*,#9589,.T.);
#9965 = ORIENTED_EDGE('',*,*,#9966,.T.);
#9966 = EDGE_CURVE('',#9581,#9719,#9967,.T.);
#9967 = LINE('',#9968,#9969);
#9968 = CARTESIAN_POINT('',(-1.687089130162,2.587112506639,2.151));
#9969 = VECTOR('',#9970,1.);
#9970 = DIRECTION('',(-0.,-0.,-1.));
#9971 = B_SPLINE_SURFACE_WITH_KNOTS('',3,1,(
    (#9972,#9973)
    ,(#9974,#9975)
    ,(#9976,#9977)
    ,(#9978,#9979
    )),.UNSPECIFIED.,.F.,.F.,.F.,(4,4),(2,2),(3.,4.),(0.,1.),
  .PIECEWISE_BEZIER_KNOTS.);
#9972 = CARTESIAN_POINT('',(-1.664939147176,2.64611912445,2.151));
#9973 = CARTESIAN_POINT('',(-1.664939147176,2.64611912445,2.15));
#9974 = CARTESIAN_POINT('',(-1.679542956328,2.632185614975,2.151));
#9975 = CARTESIAN_POINT('',(-1.679542956328,2.632185614975,2.15));
#9976 = CARTESIAN_POINT('',(-1.686909200932,2.612481961744,2.151));
#9977 = CARTESIAN_POINT('',(-1.686909200932,2.612481961744,2.15));
#9978 = CARTESIAN_POINT('',(-1.687089130162,2.587112506639,2.151));
#9979 = CARTESIAN_POINT('',(-1.687089130162,2.587112506639,2.15));
#9980 = ADVANCED_FACE('',(#9981),#9992,.T.);
#9981 = FACE_BOUND('',#9982,.T.);
#9982 = EDGE_LOOP('',(#9983,#9984,#9985,#9986));
#9983 = ORIENTED_EDGE('',*,*,#9727,.F.);
#9984 = ORIENTED_EDGE('',*,*,#9966,.F.);
#9985 = ORIENTED_EDGE('',*,*,#9580,.T.);
#9986 = ORIENTED_EDGE('',*,*,#9987,.T.);
#9987 = EDGE_CURVE('',#9572,#9728,#9988,.T.);
#9988 = LINE('',#9989,#9990);
#9989 = CARTESIAN_POINT('',(-1.665193199364,2.529665110809,2.151));
#9990 = VECTOR('',#9991,1.);
#9991 = DIRECTION('',(-0.,-0.,-1.));
#9992 = B_SPLINE_SURFACE_WITH_KNOTS('',3,1,(
    (#9993,#9994)
    ,(#9995,#9996)
    ,(#9997,#9998)
    ,(#9999,#10000
    )),.UNSPECIFIED.,.F.,.F.,.F.,(4,4),(2,2),(4.,5.),(0.,1.),
  .PIECEWISE_BEZIER_KNOTS.);
#9993 = CARTESIAN_POINT('',(-1.687089130162,2.587112506639,2.151));
#9994 = CARTESIAN_POINT('',(-1.687089130162,2.587112506639,2.15));
#9995 = CARTESIAN_POINT('',(-1.687269059391,2.561743051534,2.151));
#9996 = CARTESIAN_POINT('',(-1.687269059391,2.561743051534,2.15));
#9997 = CARTESIAN_POINT('',(-1.679970661596,2.542559261864,2.151));
#9998 = CARTESIAN_POINT('',(-1.679970661596,2.542559261864,2.15));
#9999 = CARTESIAN_POINT('',(-1.665193199364,2.529665110809,2.151));
#10000 = CARTESIAN_POINT('',(-1.665193199364,2.529665110809,2.15));
#10001 = ADVANCED_FACE('',(#10002),#10008,.T.);
#10002 = FACE_BOUND('',#10003,.T.);
#10003 = EDGE_LOOP('',(#10004,#10005,#10006,#10007));
#10004 = ORIENTED_EDGE('',*,*,#9736,.F.);
#10005 = ORIENTED_EDGE('',*,*,#9987,.F.);
#10006 = ORIENTED_EDGE('',*,*,#9571,.T.);
#10007 = ORIENTED_EDGE('',*,*,#9887,.T.);
#10008 = B_SPLINE_SURFACE_WITH_KNOTS('',3,1,(
    (#10009,#10010)
    ,(#10011,#10012)
    ,(#10013,#10014)
    ,(#10015,#10016
    )),.UNSPECIFIED.,.F.,.F.,.F.,(4,4),(2,2),(5.,6.),(0.,1.),
  .PIECEWISE_BEZIER_KNOTS.);
#10009 = CARTESIAN_POINT('',(-1.665193199364,2.529665110809,2.151));
#10010 = CARTESIAN_POINT('',(-1.665193199364,2.529665110809,2.15));
#10011 = CARTESIAN_POINT('',(-1.65041573713,2.516770959752,2.151));
#10012 = CARTESIAN_POINT('',(-1.65041573713,2.516770959752,2.15));
#10013 = CARTESIAN_POINT('',(-1.630861775637,2.510289593272,2.151));
#10014 = CARTESIAN_POINT('',(-1.630861775637,2.510289593272,2.15));
#10015 = CARTESIAN_POINT('',(-1.606636025475,2.510117775606,2.151));
#10016 = CARTESIAN_POINT('',(-1.606636025475,2.510117775606,2.15));
#10017 = MANIFOLD_SOLID_BREP('',#10018);
#10018 = CLOSED_SHELL('',(#10019,#10143,#10267,#10289,#10306,#10323,
    #10340,#10357,#10374,#10391,#10403,#10425,#10442,#10463,#10480,
    #10501));
#10019 = ADVANCED_FACE('',(#10020,#10086),#10138,.F.);
#10020 = FACE_BOUND('',#10021,.T.);
#10021 = EDGE_LOOP('',(#10022,#10032,#10040,#10048,#10056,#10064,#10072,
    #10080));
#10022 = ORIENTED_EDGE('',*,*,#10023,.T.);
#10023 = EDGE_CURVE('',#10024,#10026,#10028,.T.);
#10024 = VERTEX_POINT('',#10025);
#10025 = CARTESIAN_POINT('',(-1.908233423938,2.692243433935,2.151));
#10026 = VERTEX_POINT('',#10027);
#10027 = CARTESIAN_POINT('',(-1.832215790821,2.488322526307,2.151));
#10028 = LINE('',#10029,#10030);
#10029 = CARTESIAN_POINT('',(-1.832215790821,2.488322526307,2.151));
#10030 = VECTOR('',#10031,1.);
#10031 = DIRECTION('',(0.349299057802,-0.937011295673,-0.));
#10032 = ORIENTED_EDGE('',*,*,#10033,.T.);
#10033 = EDGE_CURVE('',#10026,#10034,#10036,.T.);
#10034 = VERTEX_POINT('',#10035);
#10035 = CARTESIAN_POINT('',(-1.804143033123,2.48812342429,2.151));
#10036 = LINE('',#10037,#10038);
#10037 = CARTESIAN_POINT('',(-1.804143033123,2.48812342429,2.151));
#10038 = VECTOR('',#10039,1.);
#10039 = DIRECTION('',(0.999974850186,-7.092178509964E-03,-0.));
#10040 = ORIENTED_EDGE('',*,*,#10041,.T.);
#10041 = EDGE_CURVE('',#10034,#10042,#10044,.T.);
#10042 = VERTEX_POINT('',#10043);
#10043 = CARTESIAN_POINT('',(-1.725240633017,2.690945583755,2.151));
#10044 = LINE('',#10045,#10046);
#10045 = CARTESIAN_POINT('',(-1.725240633017,2.690945583755,2.151));
#10046 = VECTOR('',#10047,1.);
#10047 = DIRECTION('',(0.362554487498,0.931962576285,-0.));
#10048 = ORIENTED_EDGE('',*,*,#10049,.T.);
#10049 = EDGE_CURVE('',#10042,#10050,#10052,.T.);
#10050 = VERTEX_POINT('',#10051);
#10051 = CARTESIAN_POINT('',(-1.754249149304,2.691151322505,2.151));
#10052 = LINE('',#10053,#10054);
#10053 = CARTESIAN_POINT('',(-1.754249149304,2.691151322505,2.151));
#10054 = VECTOR('',#10055,1.);
#10055 = DIRECTION('',(-0.999974850186,7.092178509956E-03,-0.));
#10056 = ORIENTED_EDGE('',*,*,#10057,.T.);
#10057 = EDGE_CURVE('',#10050,#10058,#10060,.T.);
#10058 = VERTEX_POINT('',#10059);
#10059 = CARTESIAN_POINT('',(-1.774190623474,2.635664306988,2.151));
#10060 = LINE('',#10061,#10062);
#10061 = CARTESIAN_POINT('',(-1.774190623474,2.635664306988,2.151));
#10062 = VECTOR('',#10063,1.);
#10063 = DIRECTION('',(-0.33821116248,-0.941070246886,-0.));
#10064 = ORIENTED_EDGE('',*,*,#10065,.T.);
#10065 = EDGE_CURVE('',#10058,#10066,#10068,.T.);
#10066 = VERTEX_POINT('',#10067);
#10067 = CARTESIAN_POINT('',(-1.858876775864,2.636264931404,2.151));
#10068 = LINE('',#10069,#10070);
#10069 = CARTESIAN_POINT('',(-1.858876775864,2.636264931404,2.151));
#10070 = VECTOR('',#10071,1.);
#10071 = DIRECTION('',(-0.999974850186,7.092178509968E-03,-0.));
#10072 = ORIENTED_EDGE('',*,*,#10073,.T.);
#10073 = EDGE_CURVE('',#10066,#10074,#10076,.T.);
#10074 = VERTEX_POINT('',#10075);
#10075 = CARTESIAN_POINT('',(-1.87922490765,2.692037695185,2.151));
#10076 = LINE('',#10077,#10078);
#10077 = CARTESIAN_POINT('',(-1.87922490765,2.692037695185,2.151));
#10078 = VECTOR('',#10079,1.);
#10079 = DIRECTION('',(-0.342741495825,0.93942975631,-0.));
#10080 = ORIENTED_EDGE('',*,*,#10081,.T.);
#10081 = EDGE_CURVE('',#10074,#10024,#10082,.T.);
#10082 = LINE('',#10083,#10084);
#10083 = CARTESIAN_POINT('',(-1.908233423938,2.692243433935,2.151));
#10084 = VECTOR('',#10085,1.);
#10085 = DIRECTION('',(-0.999974850186,7.092178509962E-03,-0.));
#10086 = FACE_BOUND('',#10087,.T.);
#10087 = EDGE_LOOP('',(#10088,#10098,#10106,#10115,#10123,#10132));
#10088 = ORIENTED_EDGE('',*,*,#10089,.F.);
#10089 = EDGE_CURVE('',#10090,#10092,#10094,.T.);
#10090 = VERTEX_POINT('',#10091);
#10091 = CARTESIAN_POINT('',(-1.782671446295,2.612745228136,2.151));
#10092 = VERTEX_POINT('',#10093);
#10093 = CARTESIAN_POINT('',(-1.850929836772,2.613229341002,2.151));
#10094 = LINE('',#10095,#10096);
#10095 = CARTESIAN_POINT('',(-1.782671446295,2.612745228136,2.151));
#10096 = VECTOR('',#10097,1.);
#10097 = DIRECTION('',(-0.999974850186,7.09217850996E-03,0.));
#10098 = ORIENTED_EDGE('',*,*,#10099,.F.);
#10099 = EDGE_CURVE('',#10100,#10090,#10102,.T.);
#10100 = VERTEX_POINT('',#10101);
#10101 = CARTESIAN_POINT('',(-1.813683118761,2.528430729363,2.151));
#10102 = LINE('',#10103,#10104);
#10103 = CARTESIAN_POINT('',(-1.813683118761,2.528430729363,2.151));
#10104 = VECTOR('',#10105,1.);
#10105 = DIRECTION('',(0.345199932453,0.938529171968,0.));
#10106 = ORIENTED_EDGE('',*,*,#10107,.F.);
#10107 = EDGE_CURVE('',#10108,#10100,#10110,.T.);
#10108 = VERTEX_POINT('',#10109);
#10109 = CARTESIAN_POINT('',(-1.817111286252,2.514210001437,2.151));
#10110 = B_SPLINE_CURVE_WITH_KNOTS('',3,(#10111,#10112,#10113,#10114),
  .UNSPECIFIED.,.F.,.F.,(4,4),(3.,4.),.PIECEWISE_BEZIER_KNOTS.);
#10111 = CARTESIAN_POINT('',(-1.817111286252,2.514210001437,2.151));
#10112 = CARTESIAN_POINT('',(-1.816080033596,2.520337413418,2.151));
#10113 = CARTESIAN_POINT('',(-1.814954394157,2.525112436688,2.151));
#10114 = CARTESIAN_POINT('',(-1.813683118761,2.528430729363,2.151));
#10115 = ORIENTED_EDGE('',*,*,#10116,.F.);
#10116 = EDGE_CURVE('',#10117,#10108,#10119,.T.);
#10117 = VERTEX_POINT('',#10118);
#10118 = CARTESIAN_POINT('',(-1.817735125312,2.514214425926,2.151));
#10119 = LINE('',#10120,#10121);
#10120 = CARTESIAN_POINT('',(-1.817735125312,2.514214425926,2.151));
#10121 = VECTOR('',#10122,1.);
#10122 = DIRECTION('',(0.999974850186,-7.092178510402E-03,0.));
#10123 = ORIENTED_EDGE('',*,*,#10124,.F.);
#10124 = EDGE_CURVE('',#10125,#10117,#10127,.T.);
#10125 = VERTEX_POINT('',#10126);
#10126 = CARTESIAN_POINT('',(-1.820805281362,2.528481242282,2.151));
#10127 = B_SPLINE_CURVE_WITH_KNOTS('',3,(#10128,#10129,#10130,#10131),
  .UNSPECIFIED.,.F.,.F.,(4,4),(1.,2.),.PIECEWISE_BEZIER_KNOTS.);
#10128 = CARTESIAN_POINT('',(-1.820805281362,2.528481242282,2.151));
#10129 = CARTESIAN_POINT('',(-1.819837446386,2.525666961072,2.151));
#10130 = CARTESIAN_POINT('',(-1.818830898288,2.520980793973,2.151));
#10131 = CARTESIAN_POINT('',(-1.817735125312,2.514214425926,2.151));
#10132 = ORIENTED_EDGE('',*,*,#10133,.F.);
#10133 = EDGE_CURVE('',#10092,#10125,#10134,.T.);
#10134 = LINE('',#10135,#10136);
#10135 = CARTESIAN_POINT('',(-1.850929836772,2.613229341002,2.151));
#10136 = VECTOR('',#10137,1.);
#10137 = DIRECTION('',(0.334929697693,-0.942243120221,0.));
#10138 = PLANE('',#10139);
#10139 = AXIS2_PLACEMENT_3D('',#10140,#10141,#10142);
#10140 = CARTESIAN_POINT('',(0.,0.,2.151));
#10141 = DIRECTION('',(0.,0.,-1.));
#10142 = DIRECTION('',(-1.,0.,-0.));
#10143 = ADVANCED_FACE('',(#10144,#10210),#10262,.T.);
#10144 = FACE_BOUND('',#10145,.T.);
#10145 = EDGE_LOOP('',(#10146,#10156,#10164,#10172,#10180,#10188,#10196,
    #10204));
#10146 = ORIENTED_EDGE('',*,*,#10147,.F.);
#10147 = EDGE_CURVE('',#10148,#10150,#10152,.T.);
#10148 = VERTEX_POINT('',#10149);
#10149 = CARTESIAN_POINT('',(-1.908233423938,2.692243433935,2.15));
#10150 = VERTEX_POINT('',#10151);
#10151 = CARTESIAN_POINT('',(-1.832215790821,2.488322526307,2.15));
#10152 = LINE('',#10153,#10154);
#10153 = CARTESIAN_POINT('',(-1.832215790821,2.488322526307,2.15));
#10154 = VECTOR('',#10155,1.);
#10155 = DIRECTION('',(0.349299057802,-0.937011295673,-0.));
#10156 = ORIENTED_EDGE('',*,*,#10157,.F.);
#10157 = EDGE_CURVE('',#10158,#10148,#10160,.T.);
#10158 = VERTEX_POINT('',#10159);
#10159 = CARTESIAN_POINT('',(-1.87922490765,2.692037695185,2.15));
#10160 = LINE('',#10161,#10162);
#10161 = CARTESIAN_POINT('',(-1.908233423938,2.692243433935,2.15));
#10162 = VECTOR('',#10163,1.);
#10163 = DIRECTION('',(-0.999974850186,7.092178509962E-03,-0.));
#10164 = ORIENTED_EDGE('',*,*,#10165,.F.);
#10165 = EDGE_CURVE('',#10166,#10158,#10168,.T.);
#10166 = VERTEX_POINT('',#10167);
#10167 = CARTESIAN_POINT('',(-1.858876775864,2.636264931404,2.15));
#10168 = LINE('',#10169,#10170);
#10169 = CARTESIAN_POINT('',(-1.87922490765,2.692037695185,2.15));
#10170 = VECTOR('',#10171,1.);
#10171 = DIRECTION('',(-0.342741495825,0.93942975631,-0.));
#10172 = ORIENTED_EDGE('',*,*,#10173,.F.);
#10173 = EDGE_CURVE('',#10174,#10166,#10176,.T.);
#10174 = VERTEX_POINT('',#10175);
#10175 = CARTESIAN_POINT('',(-1.774190623474,2.635664306988,2.15));
#10176 = LINE('',#10177,#10178);
#10177 = CARTESIAN_POINT('',(-1.858876775864,2.636264931404,2.15));
#10178 = VECTOR('',#10179,1.);
#10179 = DIRECTION('',(-0.999974850186,7.092178509968E-03,-0.));
#10180 = ORIENTED_EDGE('',*,*,#10181,.F.);
#10181 = EDGE_CURVE('',#10182,#10174,#10184,.T.);
#10182 = VERTEX_POINT('',#10183);
#10183 = CARTESIAN_POINT('',(-1.754249149304,2.691151322505,2.15));
#10184 = LINE('',#10185,#10186);
#10185 = CARTESIAN_POINT('',(-1.774190623474,2.635664306988,2.15));
#10186 = VECTOR('',#10187,1.);
#10187 = DIRECTION('',(-0.33821116248,-0.941070246886,-0.));
#10188 = ORIENTED_EDGE('',*,*,#10189,.F.);
#10189 = EDGE_CURVE('',#10190,#10182,#10192,.T.);
#10190 = VERTEX_POINT('',#10191);
#10191 = CARTESIAN_POINT('',(-1.725240633017,2.690945583755,2.15));
#10192 = LINE('',#10193,#10194);
#10193 = CARTESIAN_POINT('',(-1.754249149304,2.691151322505,2.15));
#10194 = VECTOR('',#10195,1.);
#10195 = DIRECTION('',(-0.999974850186,7.092178509956E-03,-0.));
#10196 = ORIENTED_EDGE('',*,*,#10197,.F.);
#10197 = EDGE_CURVE('',#10198,#10190,#10200,.T.);
#10198 = VERTEX_POINT('',#10199);
#10199 = CARTESIAN_POINT('',(-1.804143033123,2.48812342429,2.15));
#10200 = LINE('',#10201,#10202);
#10201 = CARTESIAN_POINT('',(-1.725240633017,2.690945583755,2.15));
#10202 = VECTOR('',#10203,1.);
#10203 = DIRECTION('',(0.362554487498,0.931962576285,-0.));
#10204 = ORIENTED_EDGE('',*,*,#10205,.F.);
#10205 = EDGE_CURVE('',#10150,#10198,#10206,.T.);
#10206 = LINE('',#10207,#10208);
#10207 = CARTESIAN_POINT('',(-1.804143033123,2.48812342429,2.15));
#10208 = VECTOR('',#10209,1.);
#10209 = DIRECTION('',(0.999974850186,-7.092178509964E-03,-0.));
#10210 = FACE_BOUND('',#10211,.T.);
#10211 = EDGE_LOOP('',(#10212,#10222,#10230,#10238,#10247,#10255));
#10212 = ORIENTED_EDGE('',*,*,#10213,.T.);
#10213 = EDGE_CURVE('',#10214,#10216,#10218,.T.);
#10214 = VERTEX_POINT('',#10215);
#10215 = CARTESIAN_POINT('',(-1.813683118761,2.528430729363,2.15));
#10216 = VERTEX_POINT('',#10217);
#10217 = CARTESIAN_POINT('',(-1.782671446295,2.612745228136,2.15));
#10218 = LINE('',#10219,#10220);
#10219 = CARTESIAN_POINT('',(-1.813683118761,2.528430729363,2.15));
#10220 = VECTOR('',#10221,1.);
#10221 = DIRECTION('',(0.345199932453,0.938529171968,0.));
#10222 = ORIENTED_EDGE('',*,*,#10223,.T.);
#10223 = EDGE_CURVE('',#10216,#10224,#10226,.T.);
#10224 = VERTEX_POINT('',#10225);
#10225 = CARTESIAN_POINT('',(-1.850929836772,2.613229341002,2.15));
#10226 = LINE('',#10227,#10228);
#10227 = CARTESIAN_POINT('',(-1.782671446295,2.612745228136,2.15));
#10228 = VECTOR('',#10229,1.);
#10229 = DIRECTION('',(-0.999974850186,7.09217850996E-03,0.));
#10230 = ORIENTED_EDGE('',*,*,#10231,.T.);
#10231 = EDGE_CURVE('',#10224,#10232,#10234,.T.);
#10232 = VERTEX_POINT('',#10233);
#10233 = CARTESIAN_POINT('',(-1.820805281362,2.528481242282,2.15));
#10234 = LINE('',#10235,#10236);
#10235 = CARTESIAN_POINT('',(-1.850929836772,2.613229341002,2.15));
#10236 = VECTOR('',#10237,1.);
#10237 = DIRECTION('',(0.334929697693,-0.942243120221,0.));
#10238 = ORIENTED_EDGE('',*,*,#10239,.T.);
#10239 = EDGE_CURVE('',#10232,#10240,#10242,.T.);
#10240 = VERTEX_POINT('',#10241);
#10241 = CARTESIAN_POINT('',(-1.817735125312,2.514214425926,2.15));
#10242 = B_SPLINE_CURVE_WITH_KNOTS('',3,(#10243,#10244,#10245,#10246),
  .UNSPECIFIED.,.F.,.F.,(4,4),(1.,2.),.PIECEWISE_BEZIER_KNOTS.);
#10243 = CARTESIAN_POINT('',(-1.820805281362,2.528481242282,2.15));
#10244 = CARTESIAN_POINT('',(-1.819837446386,2.525666961072,2.15));
#10245 = CARTESIAN_POINT('',(-1.818830898288,2.520980793973,2.15));
#10246 = CARTESIAN_POINT('',(-1.817735125312,2.514214425926,2.15));
#10247 = ORIENTED_EDGE('',*,*,#10248,.T.);
#10248 = EDGE_CURVE('',#10240,#10249,#10251,.T.);
#10249 = VERTEX_POINT('',#10250);
#10250 = CARTESIAN_POINT('',(-1.817111286252,2.514210001437,2.15));
#10251 = LINE('',#10252,#10253);
#10252 = CARTESIAN_POINT('',(-1.817735125312,2.514214425926,2.15));
#10253 = VECTOR('',#10254,1.);
#10254 = DIRECTION('',(0.999974850186,-7.092178510402E-03,0.));
#10255 = ORIENTED_EDGE('',*,*,#10256,.T.);
#10256 = EDGE_CURVE('',#10249,#10214,#10257,.T.);
#10257 = B_SPLINE_CURVE_WITH_KNOTS('',3,(#10258,#10259,#10260,#10261),
  .UNSPECIFIED.,.F.,.F.,(4,4),(3.,4.),.PIECEWISE_BEZIER_KNOTS.);
#10258 = CARTESIAN_POINT('',(-1.817111286252,2.514210001437,2.15));
#10259 = CARTESIAN_POINT('',(-1.816080033596,2.520337413418,2.15));
#10260 = CARTESIAN_POINT('',(-1.814954394157,2.525112436688,2.15));
#10261 = CARTESIAN_POINT('',(-1.813683118761,2.528430729363,2.15));
#10262 = PLANE('',#10263);
#10263 = AXIS2_PLACEMENT_3D('',#10264,#10265,#10266);
#10264 = CARTESIAN_POINT('',(0.,0.,2.15));
#10265 = DIRECTION('',(0.,0.,-1.));
#10266 = DIRECTION('',(-1.,0.,-0.));
#10267 = ADVANCED_FACE('',(#10268),#10284,.F.);
#10268 = FACE_BOUND('',#10269,.T.);
#10269 = EDGE_LOOP('',(#10270,#10271,#10277,#10278));
#10270 = ORIENTED_EDGE('',*,*,#10147,.T.);
#10271 = ORIENTED_EDGE('',*,*,#10272,.F.);
#10272 = EDGE_CURVE('',#10026,#10150,#10273,.T.);
#10273 = LINE('',#10274,#10275);
#10274 = CARTESIAN_POINT('',(-1.832215790821,2.488322526307,2.151));
#10275 = VECTOR('',#10276,1.);
#10276 = DIRECTION('',(-0.,-0.,-1.));
#10277 = ORIENTED_EDGE('',*,*,#10023,.F.);
#10278 = ORIENTED_EDGE('',*,*,#10279,.T.);
#10279 = EDGE_CURVE('',#10024,#10148,#10280,.T.);
#10280 = LINE('',#10281,#10282);
#10281 = CARTESIAN_POINT('',(-1.908233423938,2.692243433935,2.151));
#10282 = VECTOR('',#10283,1.);
#10283 = DIRECTION('',(-0.,-0.,-1.));
#10284 = PLANE('',#10285);
#10285 = AXIS2_PLACEMENT_3D('',#10286,#10287,#10288);
#10286 = CARTESIAN_POINT('',(-1.832215790821,2.488322526307,2.151));
#10287 = DIRECTION('',(0.937011295673,0.349299057802,-0.));
#10288 = DIRECTION('',(-0.349299057802,0.937011295673,0.));
#10289 = ADVANCED_FACE('',(#10290),#10301,.F.);
#10290 = FACE_BOUND('',#10291,.T.);
#10291 = EDGE_LOOP('',(#10292,#10293,#10299,#10300));
#10292 = ORIENTED_EDGE('',*,*,#10205,.T.);
#10293 = ORIENTED_EDGE('',*,*,#10294,.F.);
#10294 = EDGE_CURVE('',#10034,#10198,#10295,.T.);
#10295 = LINE('',#10296,#10297);
#10296 = CARTESIAN_POINT('',(-1.804143033123,2.48812342429,2.151));
#10297 = VECTOR('',#10298,1.);
#10298 = DIRECTION('',(-0.,-0.,-1.));
#10299 = ORIENTED_EDGE('',*,*,#10033,.F.);
#10300 = ORIENTED_EDGE('',*,*,#10272,.T.);
#10301 = PLANE('',#10302);
#10302 = AXIS2_PLACEMENT_3D('',#10303,#10304,#10305);
#10303 = CARTESIAN_POINT('',(-1.804143033123,2.48812342429,2.151));
#10304 = DIRECTION('',(7.092178509964E-03,0.999974850186,-0.));
#10305 = DIRECTION('',(-0.999974850186,7.092178509964E-03,0.));
#10306 = ADVANCED_FACE('',(#10307),#10318,.F.);
#10307 = FACE_BOUND('',#10308,.T.);
#10308 = EDGE_LOOP('',(#10309,#10310,#10316,#10317));
#10309 = ORIENTED_EDGE('',*,*,#10197,.T.);
#10310 = ORIENTED_EDGE('',*,*,#10311,.F.);
#10311 = EDGE_CURVE('',#10042,#10190,#10312,.T.);
#10312 = LINE('',#10313,#10314);
#10313 = CARTESIAN_POINT('',(-1.725240633017,2.690945583755,2.151));
#10314 = VECTOR('',#10315,1.);
#10315 = DIRECTION('',(-0.,-0.,-1.));
#10316 = ORIENTED_EDGE('',*,*,#10041,.F.);
#10317 = ORIENTED_EDGE('',*,*,#10294,.T.);
#10318 = PLANE('',#10319);
#10319 = AXIS2_PLACEMENT_3D('',#10320,#10321,#10322);
#10320 = CARTESIAN_POINT('',(-1.725240633017,2.690945583755,2.151));
#10321 = DIRECTION('',(-0.931962576285,0.362554487498,0.));
#10322 = DIRECTION('',(-0.362554487498,-0.931962576285,0.));
#10323 = ADVANCED_FACE('',(#10324),#10335,.F.);
#10324 = FACE_BOUND('',#10325,.T.);
#10325 = EDGE_LOOP('',(#10326,#10327,#10333,#10334));
#10326 = ORIENTED_EDGE('',*,*,#10189,.T.);
#10327 = ORIENTED_EDGE('',*,*,#10328,.F.);
#10328 = EDGE_CURVE('',#10050,#10182,#10329,.T.);
#10329 = LINE('',#10330,#10331);
#10330 = CARTESIAN_POINT('',(-1.754249149304,2.691151322505,2.151));
#10331 = VECTOR('',#10332,1.);
#10332 = DIRECTION('',(-0.,-0.,-1.));
#10333 = ORIENTED_EDGE('',*,*,#10049,.F.);
#10334 = ORIENTED_EDGE('',*,*,#10311,.T.);
#10335 = PLANE('',#10336);
#10336 = AXIS2_PLACEMENT_3D('',#10337,#10338,#10339);
#10337 = CARTESIAN_POINT('',(-1.754249149304,2.691151322505,2.151));
#10338 = DIRECTION('',(-7.092178509956E-03,-0.999974850186,0.));
#10339 = DIRECTION('',(0.999974850186,-7.092178509956E-03,0.));
#10340 = ADVANCED_FACE('',(#10341),#10352,.F.);
#10341 = FACE_BOUND('',#10342,.T.);
#10342 = EDGE_LOOP('',(#10343,#10344,#10350,#10351));
#10343 = ORIENTED_EDGE('',*,*,#10181,.T.);
#10344 = ORIENTED_EDGE('',*,*,#10345,.F.);
#10345 = EDGE_CURVE('',#10058,#10174,#10346,.T.);
#10346 = LINE('',#10347,#10348);
#10347 = CARTESIAN_POINT('',(-1.774190623474,2.635664306988,2.151));
#10348 = VECTOR('',#10349,1.);
#10349 = DIRECTION('',(-0.,-0.,-1.));
#10350 = ORIENTED_EDGE('',*,*,#10057,.F.);
#10351 = ORIENTED_EDGE('',*,*,#10328,.T.);
#10352 = PLANE('',#10353);
#10353 = AXIS2_PLACEMENT_3D('',#10354,#10355,#10356);
#10354 = CARTESIAN_POINT('',(-1.774190623474,2.635664306988,2.151));
#10355 = DIRECTION('',(0.941070246886,-0.33821116248,0.));
#10356 = DIRECTION('',(0.33821116248,0.941070246886,0.));
#10357 = ADVANCED_FACE('',(#10358),#10369,.F.);
#10358 = FACE_BOUND('',#10359,.T.);
#10359 = EDGE_LOOP('',(#10360,#10361,#10367,#10368));
#10360 = ORIENTED_EDGE('',*,*,#10173,.T.);
#10361 = ORIENTED_EDGE('',*,*,#10362,.F.);
#10362 = EDGE_CURVE('',#10066,#10166,#10363,.T.);
#10363 = LINE('',#10364,#10365);
#10364 = CARTESIAN_POINT('',(-1.858876775864,2.636264931404,2.151));
#10365 = VECTOR('',#10366,1.);
#10366 = DIRECTION('',(-0.,-0.,-1.));
#10367 = ORIENTED_EDGE('',*,*,#10065,.F.);
#10368 = ORIENTED_EDGE('',*,*,#10345,.T.);
#10369 = PLANE('',#10370);
#10370 = AXIS2_PLACEMENT_3D('',#10371,#10372,#10373);
#10371 = CARTESIAN_POINT('',(-1.858876775864,2.636264931404,2.151));
#10372 = DIRECTION('',(-7.092178509968E-03,-0.999974850186,0.));
#10373 = DIRECTION('',(0.999974850186,-7.092178509968E-03,0.));
#10374 = ADVANCED_FACE('',(#10375),#10386,.F.);
#10375 = FACE_BOUND('',#10376,.T.);
#10376 = EDGE_LOOP('',(#10377,#10378,#10384,#10385));
#10377 = ORIENTED_EDGE('',*,*,#10165,.T.);
#10378 = ORIENTED_EDGE('',*,*,#10379,.F.);
#10379 = EDGE_CURVE('',#10074,#10158,#10380,.T.);
#10380 = LINE('',#10381,#10382);
#10381 = CARTESIAN_POINT('',(-1.87922490765,2.692037695185,2.151));
#10382 = VECTOR('',#10383,1.);
#10383 = DIRECTION('',(-0.,-0.,-1.));
#10384 = ORIENTED_EDGE('',*,*,#10073,.F.);
#10385 = ORIENTED_EDGE('',*,*,#10362,.T.);
#10386 = PLANE('',#10387);
#10387 = AXIS2_PLACEMENT_3D('',#10388,#10389,#10390);
#10388 = CARTESIAN_POINT('',(-1.87922490765,2.692037695185,2.151));
#10389 = DIRECTION('',(-0.93942975631,-0.342741495825,0.));
#10390 = DIRECTION('',(0.342741495825,-0.93942975631,0.));
#10391 = ADVANCED_FACE('',(#10392),#10398,.F.);
#10392 = FACE_BOUND('',#10393,.T.);
#10393 = EDGE_LOOP('',(#10394,#10395,#10396,#10397));
#10394 = ORIENTED_EDGE('',*,*,#10157,.T.);
#10395 = ORIENTED_EDGE('',*,*,#10279,.F.);
#10396 = ORIENTED_EDGE('',*,*,#10081,.F.);
#10397 = ORIENTED_EDGE('',*,*,#10379,.T.);
#10398 = PLANE('',#10399);
#10399 = AXIS2_PLACEMENT_3D('',#10400,#10401,#10402);
#10400 = CARTESIAN_POINT('',(-1.908233423938,2.692243433935,2.151));
#10401 = DIRECTION('',(-7.092178509962E-03,-0.999974850186,0.));
#10402 = DIRECTION('',(0.999974850186,-7.092178509962E-03,0.));
#10403 = ADVANCED_FACE('',(#10404),#10420,.T.);
#10404 = FACE_BOUND('',#10405,.T.);
#10405 = EDGE_LOOP('',(#10406,#10407,#10413,#10414));
#10406 = ORIENTED_EDGE('',*,*,#10223,.F.);
#10407 = ORIENTED_EDGE('',*,*,#10408,.F.);
#10408 = EDGE_CURVE('',#10090,#10216,#10409,.T.);
#10409 = LINE('',#10410,#10411);
#10410 = CARTESIAN_POINT('',(-1.782671446295,2.612745228136,2.151));
#10411 = VECTOR('',#10412,1.);
#10412 = DIRECTION('',(-0.,-0.,-1.));
#10413 = ORIENTED_EDGE('',*,*,#10089,.T.);
#10414 = ORIENTED_EDGE('',*,*,#10415,.T.);
#10415 = EDGE_CURVE('',#10092,#10224,#10416,.T.);
#10416 = LINE('',#10417,#10418);
#10417 = CARTESIAN_POINT('',(-1.850929836772,2.613229341002,2.151));
#10418 = VECTOR('',#10419,1.);
#10419 = DIRECTION('',(-0.,-0.,-1.));
#10420 = PLANE('',#10421);
#10421 = AXIS2_PLACEMENT_3D('',#10422,#10423,#10424);
#10422 = CARTESIAN_POINT('',(-1.782671446295,2.612745228136,2.151));
#10423 = DIRECTION('',(-7.09217850996E-03,-0.999974850186,0.));
#10424 = DIRECTION('',(0.999974850186,-7.09217850996E-03,0.));
#10425 = ADVANCED_FACE('',(#10426),#10437,.T.);
#10426 = FACE_BOUND('',#10427,.T.);
#10427 = EDGE_LOOP('',(#10428,#10429,#10430,#10431));
#10428 = ORIENTED_EDGE('',*,*,#10231,.F.);
#10429 = ORIENTED_EDGE('',*,*,#10415,.F.);
#10430 = ORIENTED_EDGE('',*,*,#10133,.T.);
#10431 = ORIENTED_EDGE('',*,*,#10432,.T.);
#10432 = EDGE_CURVE('',#10125,#10232,#10433,.T.);
#10433 = LINE('',#10434,#10435);
#10434 = CARTESIAN_POINT('',(-1.820805281362,2.528481242282,2.151));
#10435 = VECTOR('',#10436,1.);
#10436 = DIRECTION('',(-0.,-0.,-1.));
#10437 = PLANE('',#10438);
#10438 = AXIS2_PLACEMENT_3D('',#10439,#10440,#10441);
#10439 = CARTESIAN_POINT('',(-1.850929836772,2.613229341002,2.151));
#10440 = DIRECTION('',(0.942243120221,0.334929697693,-0.));
#10441 = DIRECTION('',(-0.334929697693,0.942243120221,0.));
#10442 = ADVANCED_FACE('',(#10443),#10454,.T.);
#10443 = FACE_BOUND('',#10444,.T.);
#10444 = EDGE_LOOP('',(#10445,#10446,#10447,#10448));
#10445 = ORIENTED_EDGE('',*,*,#10239,.F.);
#10446 = ORIENTED_EDGE('',*,*,#10432,.F.);
#10447 = ORIENTED_EDGE('',*,*,#10124,.T.);
#10448 = ORIENTED_EDGE('',*,*,#10449,.T.);
#10449 = EDGE_CURVE('',#10117,#10240,#10450,.T.);
#10450 = LINE('',#10451,#10452);
#10451 = CARTESIAN_POINT('',(-1.817735125312,2.514214425926,2.151));
#10452 = VECTOR('',#10453,1.);
#10453 = DIRECTION('',(-0.,-0.,-1.));
#10454 = B_SPLINE_SURFACE_WITH_KNOTS('',3,1,(
    (#10455,#10456)
    ,(#10457,#10458)
    ,(#10459,#10460)
    ,(#10461,#10462
    )),.UNSPECIFIED.,.F.,.F.,.F.,(4,4),(2,2),(1.,2.),(0.,1.),
  .PIECEWISE_BEZIER_KNOTS.);
#10455 = CARTESIAN_POINT('',(-1.820805281362,2.528481242282,2.151));
#10456 = CARTESIAN_POINT('',(-1.820805281362,2.528481242282,2.15));
#10457 = CARTESIAN_POINT('',(-1.819837446386,2.525666961072,2.151));
#10458 = CARTESIAN_POINT('',(-1.819837446386,2.525666961072,2.15));
#10459 = CARTESIAN_POINT('',(-1.818830898288,2.520980793973,2.151));
#10460 = CARTESIAN_POINT('',(-1.818830898288,2.520980793973,2.15));
#10461 = CARTESIAN_POINT('',(-1.817735125312,2.514214425926,2.151));
#10462 = CARTESIAN_POINT('',(-1.817735125312,2.514214425926,2.15));
#10463 = ADVANCED_FACE('',(#10464),#10475,.T.);
#10464 = FACE_BOUND('',#10465,.T.);
#10465 = EDGE_LOOP('',(#10466,#10467,#10468,#10469));
#10466 = ORIENTED_EDGE('',*,*,#10248,.F.);
#10467 = ORIENTED_EDGE('',*,*,#10449,.F.);
#10468 = ORIENTED_EDGE('',*,*,#10116,.T.);
#10469 = ORIENTED_EDGE('',*,*,#10470,.T.);
#10470 = EDGE_CURVE('',#10108,#10249,#10471,.T.);
#10471 = LINE('',#10472,#10473);
#10472 = CARTESIAN_POINT('',(-1.817111286252,2.514210001437,2.151));
#10473 = VECTOR('',#10474,1.);
#10474 = DIRECTION('',(-0.,-0.,-1.));
#10475 = PLANE('',#10476);
#10476 = AXIS2_PLACEMENT_3D('',#10477,#10478,#10479);
#10477 = CARTESIAN_POINT('',(-1.817735125312,2.514214425926,2.151));
#10478 = DIRECTION('',(7.092178510402E-03,0.999974850186,-0.));
#10479 = DIRECTION('',(-0.999974850186,7.092178510402E-03,0.));
#10480 = ADVANCED_FACE('',(#10481),#10492,.T.);
#10481 = FACE_BOUND('',#10482,.T.);
#10482 = EDGE_LOOP('',(#10483,#10484,#10485,#10486));
#10483 = ORIENTED_EDGE('',*,*,#10256,.F.);
#10484 = ORIENTED_EDGE('',*,*,#10470,.F.);
#10485 = ORIENTED_EDGE('',*,*,#10107,.T.);
#10486 = ORIENTED_EDGE('',*,*,#10487,.T.);
#10487 = EDGE_CURVE('',#10100,#10214,#10488,.T.);
#10488 = LINE('',#10489,#10490);
#10489 = CARTESIAN_POINT('',(-1.813683118761,2.528430729363,2.151));
#10490 = VECTOR('',#10491,1.);
#10491 = DIRECTION('',(-0.,-0.,-1.));
#10492 = B_SPLINE_SURFACE_WITH_KNOTS('',3,1,(
    (#10493,#10494)
    ,(#10495,#10496)
    ,(#10497,#10498)
    ,(#10499,#10500
    )),.UNSPECIFIED.,.F.,.F.,.F.,(4,4),(2,2),(3.,4.),(0.,1.),
  .PIECEWISE_BEZIER_KNOTS.);
#10493 = CARTESIAN_POINT('',(-1.817111286252,2.514210001437,2.151));
#10494 = CARTESIAN_POINT('',(-1.817111286252,2.514210001437,2.15));
#10495 = CARTESIAN_POINT('',(-1.816080033596,2.520337413418,2.151));
#10496 = CARTESIAN_POINT('',(-1.816080033596,2.520337413418,2.15));
#10497 = CARTESIAN_POINT('',(-1.814954394157,2.525112436688,2.151));
#10498 = CARTESIAN_POINT('',(-1.814954394157,2.525112436688,2.15));
#10499 = CARTESIAN_POINT('',(-1.813683118761,2.528430729363,2.151));
#10500 = CARTESIAN_POINT('',(-1.813683118761,2.528430729363,2.15));
#10501 = ADVANCED_FACE('',(#10502),#10508,.T.);
#10502 = FACE_BOUND('',#10503,.T.);
#10503 = EDGE_LOOP('',(#10504,#10505,#10506,#10507));
#10504 = ORIENTED_EDGE('',*,*,#10213,.F.);
#10505 = ORIENTED_EDGE('',*,*,#10487,.F.);
#10506 = ORIENTED_EDGE('',*,*,#10099,.T.);
#10507 = ORIENTED_EDGE('',*,*,#10408,.T.);
#10508 = PLANE('',#10509);
#10509 = AXIS2_PLACEMENT_3D('',#10510,#10511,#10512);
#10510 = CARTESIAN_POINT('',(-1.813683118761,2.528430729363,2.151));
#10511 = DIRECTION('',(-0.938529171968,0.345199932453,0.));
#10512 = DIRECTION('',(-0.345199932453,-0.938529171968,0.));
#10513 = MANIFOLD_SOLID_BREP('',#10514);
#10514 = CLOSED_SHELL('',(#10515,#10555,#10586,#10617,#10648,#10679,
    #10710,#10741,#10772,#10803,#10834,#10865,#10887,#10907));
#10515 = ADVANCED_FACE('',(#10516),#10550,.F.);
#10516 = FACE_BOUND('',#10517,.T.);
#10517 = EDGE_LOOP('',(#10518,#10528,#10536,#10544));
#10518 = ORIENTED_EDGE('',*,*,#10519,.T.);
#10519 = EDGE_CURVE('',#10520,#10522,#10524,.T.);
#10520 = VERTEX_POINT('',#10521);
#10521 = CARTESIAN_POINT('',(-1.199135570647,3.00985925479,2.15));
#10522 = VERTEX_POINT('',#10523);
#10523 = CARTESIAN_POINT('',(-1.199300014164,2.986673236395,2.15));
#10524 = LINE('',#10525,#10526);
#10525 = CARTESIAN_POINT('',(-1.199300014164,2.986673236395,2.15));
#10526 = VECTOR('',#10527,1.);
#10527 = DIRECTION('',(-7.092178509967E-03,-0.999974850186,-0.));
#10528 = ORIENTED_EDGE('',*,*,#10529,.F.);
#10529 = EDGE_CURVE('',#10530,#10522,#10532,.T.);
#10530 = VERTEX_POINT('',#10531);
#10531 = CARTESIAN_POINT('',(-1.199300014164,2.986673236395,2.151));
#10532 = LINE('',#10533,#10534);
#10533 = CARTESIAN_POINT('',(-1.199300014164,2.986673236395,2.151));
#10534 = VECTOR('',#10535,1.);
#10535 = DIRECTION('',(-0.,-0.,-1.));
#10536 = ORIENTED_EDGE('',*,*,#10537,.F.);
#10537 = EDGE_CURVE('',#10538,#10530,#10540,.T.);
#10538 = VERTEX_POINT('',#10539);
#10539 = CARTESIAN_POINT('',(-1.199135570647,3.00985925479,2.151));
#10540 = LINE('',#10541,#10542);
#10541 = CARTESIAN_POINT('',(-1.199300014164,2.986673236395,2.151));
#10542 = VECTOR('',#10543,1.);
#10543 = DIRECTION('',(-7.092178509967E-03,-0.999974850186,-0.));
#10544 = ORIENTED_EDGE('',*,*,#10545,.T.);
#10545 = EDGE_CURVE('',#10538,#10520,#10546,.T.);
#10546 = LINE('',#10547,#10548);
#10547 = CARTESIAN_POINT('',(-1.199135570647,3.00985925479,2.151));
#10548 = VECTOR('',#10549,1.);
#10549 = DIRECTION('',(-0.,-0.,-1.));
#10550 = PLANE('',#10551);
#10551 = AXIS2_PLACEMENT_3D('',#10552,#10553,#10554);
#10552 = CARTESIAN_POINT('',(-1.199300014164,2.986673236395,2.151));
#10553 = DIRECTION('',(0.999974850186,-7.092178509967E-03,0.));
#10554 = DIRECTION('',(7.092178509967E-03,0.999974850186,0.));
#10555 = ADVANCED_FACE('',(#10556),#10581,.F.);
#10556 = FACE_BOUND('',#10557,.T.);
#10557 = EDGE_LOOP('',(#10558,#10566,#10574,#10580));
#10558 = ORIENTED_EDGE('',*,*,#10559,.T.);
#10559 = EDGE_CURVE('',#10522,#10560,#10562,.T.);
#10560 = VERTEX_POINT('',#10561);
#10561 = CARTESIAN_POINT('',(-1.116173459424,2.986083673202,2.15));
#10562 = LINE('',#10563,#10564);
#10563 = CARTESIAN_POINT('',(-1.116173459424,2.986083673202,2.15));
#10564 = VECTOR('',#10565,1.);
#10565 = DIRECTION('',(0.999974850186,-7.092178509962E-03,-0.));
#10566 = ORIENTED_EDGE('',*,*,#10567,.F.);
#10567 = EDGE_CURVE('',#10568,#10560,#10570,.T.);
#10568 = VERTEX_POINT('',#10569);
#10569 = CARTESIAN_POINT('',(-1.116173459424,2.986083673202,2.151));
#10570 = LINE('',#10571,#10572);
#10571 = CARTESIAN_POINT('',(-1.116173459424,2.986083673202,2.151));
#10572 = VECTOR('',#10573,1.);
#10573 = DIRECTION('',(-0.,-0.,-1.));
#10574 = ORIENTED_EDGE('',*,*,#10575,.F.);
#10575 = EDGE_CURVE('',#10530,#10568,#10576,.T.);
#10576 = LINE('',#10577,#10578);
#10577 = CARTESIAN_POINT('',(-1.116173459424,2.986083673202,2.151));
#10578 = VECTOR('',#10579,1.);
#10579 = DIRECTION('',(0.999974850186,-7.092178509962E-03,-0.));
#10580 = ORIENTED_EDGE('',*,*,#10529,.T.);
#10581 = PLANE('',#10582);
#10582 = AXIS2_PLACEMENT_3D('',#10583,#10584,#10585);
#10583 = CARTESIAN_POINT('',(-1.116173459424,2.986083673202,2.151));
#10584 = DIRECTION('',(7.092178509962E-03,0.999974850186,-0.));
#10585 = DIRECTION('',(-0.999974850186,7.092178509962E-03,0.));
#10586 = ADVANCED_FACE('',(#10587),#10612,.F.);
#10587 = FACE_BOUND('',#10588,.T.);
#10588 = EDGE_LOOP('',(#10589,#10597,#10605,#10611));
#10589 = ORIENTED_EDGE('',*,*,#10590,.T.);
#10590 = EDGE_CURVE('',#10560,#10591,#10593,.T.);
#10591 = VERTEX_POINT('',#10592);
#10592 = CARTESIAN_POINT('',(-1.116658678412,2.917669322961,2.15));
#10593 = LINE('',#10594,#10595);
#10594 = CARTESIAN_POINT('',(-1.116658678412,2.917669322961,2.15));
#10595 = VECTOR('',#10596,1.);
#10596 = DIRECTION('',(-7.09217850996E-03,-0.999974850186,-0.));
#10597 = ORIENTED_EDGE('',*,*,#10598,.F.);
#10598 = EDGE_CURVE('',#10599,#10591,#10601,.T.);
#10599 = VERTEX_POINT('',#10600);
#10600 = CARTESIAN_POINT('',(-1.116658678412,2.917669322961,2.151));
#10601 = LINE('',#10602,#10603);
#10602 = CARTESIAN_POINT('',(-1.116658678412,2.917669322961,2.151));
#10603 = VECTOR('',#10604,1.);
#10604 = DIRECTION('',(-0.,-0.,-1.));
#10605 = ORIENTED_EDGE('',*,*,#10606,.F.);
#10606 = EDGE_CURVE('',#10568,#10599,#10607,.T.);
#10607 = LINE('',#10608,#10609);
#10608 = CARTESIAN_POINT('',(-1.116658678412,2.917669322961,2.151));
#10609 = VECTOR('',#10610,1.);
#10610 = DIRECTION('',(-7.09217850996E-03,-0.999974850186,-0.));
#10611 = ORIENTED_EDGE('',*,*,#10567,.T.);
#10612 = PLANE('',#10613);
#10613 = AXIS2_PLACEMENT_3D('',#10614,#10615,#10616);
#10614 = CARTESIAN_POINT('',(-1.116658678412,2.917669322961,2.151));
#10615 = DIRECTION('',(0.999974850186,-7.09217850996E-03,0.));
#10616 = DIRECTION('',(7.09217850996E-03,0.999974850186,0.));
#10617 = ADVANCED_FACE('',(#10618),#10643,.F.);
#10618 = FACE_BOUND('',#10619,.T.);
#10619 = EDGE_LOOP('',(#10620,#10628,#10636,#10642));
#10620 = ORIENTED_EDGE('',*,*,#10621,.T.);
#10621 = EDGE_CURVE('',#10591,#10622,#10624,.T.);
#10622 = VERTEX_POINT('',#10623);
#10623 = CARTESIAN_POINT('',(-1.189387915486,2.918185144666,2.15));
#10624 = LINE('',#10625,#10626);
#10625 = CARTESIAN_POINT('',(-1.189387915486,2.918185144666,2.15));
#10626 = VECTOR('',#10627,1.);
#10627 = DIRECTION('',(-0.999974850186,7.092178509963E-03,-0.));
#10628 = ORIENTED_EDGE('',*,*,#10629,.F.);
#10629 = EDGE_CURVE('',#10630,#10622,#10632,.T.);
#10630 = VERTEX_POINT('',#10631);
#10631 = CARTESIAN_POINT('',(-1.189387915486,2.918185144666,2.151));
#10632 = LINE('',#10633,#10634);
#10633 = CARTESIAN_POINT('',(-1.189387915486,2.918185144666,2.151));
#10634 = VECTOR('',#10635,1.);
#10635 = DIRECTION('',(-0.,-0.,-1.));
#10636 = ORIENTED_EDGE('',*,*,#10637,.F.);
#10637 = EDGE_CURVE('',#10599,#10630,#10638,.T.);
#10638 = LINE('',#10639,#10640);
#10639 = CARTESIAN_POINT('',(-1.189387915486,2.918185144666,2.151));
#10640 = VECTOR('',#10641,1.);
#10641 = DIRECTION('',(-0.999974850186,7.092178509963E-03,-0.));
#10642 = ORIENTED_EDGE('',*,*,#10598,.T.);
#10643 = PLANE('',#10644);
#10644 = AXIS2_PLACEMENT_3D('',#10645,#10646,#10647);
#10645 = CARTESIAN_POINT('',(-1.189387915486,2.918185144666,2.151));
#10646 = DIRECTION('',(-7.092178509963E-03,-0.999974850186,0.));
#10647 = DIRECTION('',(0.999974850186,-7.092178509963E-03,0.));
#10648 = ADVANCED_FACE('',(#10649),#10674,.F.);
#10649 = FACE_BOUND('',#10650,.T.);
#10650 = EDGE_LOOP('',(#10651,#10659,#10667,#10673));
#10651 = ORIENTED_EDGE('',*,*,#10652,.T.);
#10652 = EDGE_CURVE('',#10622,#10653,#10655,.T.);
#10653 = VERTEX_POINT('',#10654);
#10654 = CARTESIAN_POINT('',(-1.189553096418,2.894895153094,2.15));
#10655 = LINE('',#10656,#10657);
#10656 = CARTESIAN_POINT('',(-1.189553096418,2.894895153094,2.15));
#10657 = VECTOR('',#10658,1.);
#10658 = DIRECTION('',(-7.092178509971E-03,-0.999974850186,-0.));
#10659 = ORIENTED_EDGE('',*,*,#10660,.F.);
#10660 = EDGE_CURVE('',#10661,#10653,#10663,.T.);
#10661 = VERTEX_POINT('',#10662);
#10662 = CARTESIAN_POINT('',(-1.189553096418,2.894895153094,2.151));
#10663 = LINE('',#10664,#10665);
#10664 = CARTESIAN_POINT('',(-1.189553096418,2.894895153094,2.151));
#10665 = VECTOR('',#10666,1.);
#10666 = DIRECTION('',(-0.,-0.,-1.));
#10667 = ORIENTED_EDGE('',*,*,#10668,.F.);
#10668 = EDGE_CURVE('',#10630,#10661,#10669,.T.);
#10669 = LINE('',#10670,#10671);
#10670 = CARTESIAN_POINT('',(-1.189553096418,2.894895153094,2.151));
#10671 = VECTOR('',#10672,1.);
#10672 = DIRECTION('',(-7.092178509971E-03,-0.999974850186,-0.));
#10673 = ORIENTED_EDGE('',*,*,#10629,.T.);
#10674 = PLANE('',#10675);
#10675 = AXIS2_PLACEMENT_3D('',#10676,#10677,#10678);
#10676 = CARTESIAN_POINT('',(-1.189553096418,2.894895153094,2.151));
#10677 = DIRECTION('',(0.999974850186,-7.092178509971E-03,0.));
#10678 = DIRECTION('',(7.092178509971E-03,0.999974850186,0.));
#10679 = ADVANCED_FACE('',(#10680),#10705,.F.);
#10680 = FACE_BOUND('',#10681,.T.);
#10681 = EDGE_LOOP('',(#10682,#10690,#10698,#10704));
#10682 = ORIENTED_EDGE('',*,*,#10683,.T.);
#10683 = EDGE_CURVE('',#10653,#10684,#10686,.T.);
#10684 = VERTEX_POINT('',#10685);
#10685 = CARTESIAN_POINT('',(-1.116823859344,2.894379331389,2.15));
#10686 = LINE('',#10687,#10688);
#10687 = CARTESIAN_POINT('',(-1.116823859344,2.894379331389,2.15));
#10688 = VECTOR('',#10689,1.);
#10689 = DIRECTION('',(0.999974850186,-7.092178509963E-03,-0.));
#10690 = ORIENTED_EDGE('',*,*,#10691,.F.);
#10691 = EDGE_CURVE('',#10692,#10684,#10694,.T.);
#10692 = VERTEX_POINT('',#10693);
#10693 = CARTESIAN_POINT('',(-1.116823859344,2.894379331389,2.151));
#10694 = LINE('',#10695,#10696);
#10695 = CARTESIAN_POINT('',(-1.116823859344,2.894379331389,2.151));
#10696 = VECTOR('',#10697,1.);
#10697 = DIRECTION('',(-0.,-0.,-1.));
#10698 = ORIENTED_EDGE('',*,*,#10699,.F.);
#10699 = EDGE_CURVE('',#10661,#10692,#10700,.T.);
#10700 = LINE('',#10701,#10702);
#10701 = CARTESIAN_POINT('',(-1.116823859344,2.894379331389,2.151));
#10702 = VECTOR('',#10703,1.);
#10703 = DIRECTION('',(0.999974850186,-7.092178509963E-03,-0.));
#10704 = ORIENTED_EDGE('',*,*,#10660,.T.);
#10705 = PLANE('',#10706);
#10706 = AXIS2_PLACEMENT_3D('',#10707,#10708,#10709);
#10707 = CARTESIAN_POINT('',(-1.116823859344,2.894379331389,2.151));
#10708 = DIRECTION('',(7.092178509963E-03,0.999974850186,-0.));
#10709 = DIRECTION('',(-0.999974850186,7.092178509963E-03,0.));
#10710 = ADVANCED_FACE('',(#10711),#10736,.F.);
#10711 = FACE_BOUND('',#10712,.T.);
#10712 = EDGE_LOOP('',(#10713,#10721,#10729,#10735));
#10713 = ORIENTED_EDGE('',*,*,#10714,.T.);
#10714 = EDGE_CURVE('',#10684,#10715,#10717,.T.);
#10715 = VERTEX_POINT('',#10716);
#10716 = CARTESIAN_POINT('',(-1.117285481056,2.829292122799,2.15));
#10717 = LINE('',#10718,#10719);
#10718 = CARTESIAN_POINT('',(-1.117285481056,2.829292122799,2.15));
#10719 = VECTOR('',#10720,1.);
#10720 = DIRECTION('',(-7.092178509962E-03,-0.999974850186,-0.));
#10721 = ORIENTED_EDGE('',*,*,#10722,.F.);
#10722 = EDGE_CURVE('',#10723,#10715,#10725,.T.);
#10723 = VERTEX_POINT('',#10724);
#10724 = CARTESIAN_POINT('',(-1.117285481056,2.829292122799,2.151));
#10725 = LINE('',#10726,#10727);
#10726 = CARTESIAN_POINT('',(-1.117285481056,2.829292122799,2.151));
#10727 = VECTOR('',#10728,1.);
#10728 = DIRECTION('',(-0.,-0.,-1.));
#10729 = ORIENTED_EDGE('',*,*,#10730,.F.);
#10730 = EDGE_CURVE('',#10692,#10723,#10731,.T.);
#10731 = LINE('',#10732,#10733);
#10732 = CARTESIAN_POINT('',(-1.117285481056,2.829292122799,2.151));
#10733 = VECTOR('',#10734,1.);
#10734 = DIRECTION('',(-7.092178509962E-03,-0.999974850186,-0.));
#10735 = ORIENTED_EDGE('',*,*,#10691,.T.);
#10736 = PLANE('',#10737);
#10737 = AXIS2_PLACEMENT_3D('',#10738,#10739,#10740);
#10738 = CARTESIAN_POINT('',(-1.117285481056,2.829292122799,2.151));
#10739 = DIRECTION('',(0.999974850186,-7.092178509962E-03,0.));
#10740 = DIRECTION('',(7.092178509962E-03,0.999974850186,0.));
#10741 = ADVANCED_FACE('',(#10742),#10767,.F.);
#10742 = FACE_BOUND('',#10743,.T.);
#10743 = EDGE_LOOP('',(#10744,#10752,#10760,#10766));
#10744 = ORIENTED_EDGE('',*,*,#10745,.T.);
#10745 = EDGE_CURVE('',#10715,#10746,#10748,.T.);
#10746 = VERTEX_POINT('',#10747);
#10747 = CARTESIAN_POINT('',(-1.195785229434,2.82984887103,2.15));
#10748 = LINE('',#10749,#10750);
#10749 = CARTESIAN_POINT('',(-1.195785229434,2.82984887103,2.15));
#10750 = VECTOR('',#10751,1.);
#10751 = DIRECTION('',(-0.999974850186,7.092178509969E-03,-0.));
#10752 = ORIENTED_EDGE('',*,*,#10753,.F.);
#10753 = EDGE_CURVE('',#10754,#10746,#10756,.T.);
#10754 = VERTEX_POINT('',#10755);
#10755 = CARTESIAN_POINT('',(-1.195785229434,2.82984887103,2.151));
#10756 = LINE('',#10757,#10758);
#10757 = CARTESIAN_POINT('',(-1.195785229434,2.82984887103,2.151));
#10758 = VECTOR('',#10759,1.);
#10759 = DIRECTION('',(-0.,-0.,-1.));
#10760 = ORIENTED_EDGE('',*,*,#10761,.F.);
#10761 = EDGE_CURVE('',#10723,#10754,#10762,.T.);
#10762 = LINE('',#10763,#10764);
#10763 = CARTESIAN_POINT('',(-1.195785229434,2.82984887103,2.151));
#10764 = VECTOR('',#10765,1.);
#10765 = DIRECTION('',(-0.999974850186,7.092178509969E-03,-0.));
#10766 = ORIENTED_EDGE('',*,*,#10722,.T.);
#10767 = PLANE('',#10768);
#10768 = AXIS2_PLACEMENT_3D('',#10769,#10770,#10771);
#10769 = CARTESIAN_POINT('',(-1.195785229434,2.82984887103,2.151));
#10770 = DIRECTION('',(-7.092178509969E-03,-0.999974850186,0.));
#10771 = DIRECTION('',(0.999974850186,-7.092178509969E-03,0.));
#10772 = ADVANCED_FACE('',(#10773),#10798,.F.);
#10773 = FACE_BOUND('',#10774,.T.);
#10774 = EDGE_LOOP('',(#10775,#10783,#10791,#10797));
#10775 = ORIENTED_EDGE('',*,*,#10776,.T.);
#10776 = EDGE_CURVE('',#10746,#10777,#10779,.T.);
#10777 = VERTEX_POINT('',#10778);
#10778 = CARTESIAN_POINT('',(-1.195951147781,2.806454906282,2.15));
#10779 = LINE('',#10780,#10781);
#10780 = CARTESIAN_POINT('',(-1.195951147781,2.806454906282,2.15));
#10781 = VECTOR('',#10782,1.);
#10782 = DIRECTION('',(-7.092178509954E-03,-0.999974850186,-0.));
#10783 = ORIENTED_EDGE('',*,*,#10784,.F.);
#10784 = EDGE_CURVE('',#10785,#10777,#10787,.T.);
#10785 = VERTEX_POINT('',#10786);
#10786 = CARTESIAN_POINT('',(-1.195951147781,2.806454906282,2.151));
#10787 = LINE('',#10788,#10789);
#10788 = CARTESIAN_POINT('',(-1.195951147781,2.806454906282,2.151));
#10789 = VECTOR('',#10790,1.);
#10790 = DIRECTION('',(-0.,-0.,-1.));
#10791 = ORIENTED_EDGE('',*,*,#10792,.F.);
#10792 = EDGE_CURVE('',#10754,#10785,#10793,.T.);
#10793 = LINE('',#10794,#10795);
#10794 = CARTESIAN_POINT('',(-1.195951147781,2.806454906282,2.151));
#10795 = VECTOR('',#10796,1.);
#10796 = DIRECTION('',(-7.092178509954E-03,-0.999974850186,-0.));
#10797 = ORIENTED_EDGE('',*,*,#10753,.T.);
#10798 = PLANE('',#10799);
#10799 = AXIS2_PLACEMENT_3D('',#10800,#10801,#10802);
#10800 = CARTESIAN_POINT('',(-1.195951147781,2.806454906282,2.151));
#10801 = DIRECTION('',(0.999974850186,-7.092178509954E-03,0.));
#10802 = DIRECTION('',(7.092178509954E-03,0.999974850186,0.));
#10803 = ADVANCED_FACE('',(#10804),#10829,.F.);
#10804 = FACE_BOUND('',#10805,.T.);
#10805 = EDGE_LOOP('',(#10806,#10814,#10822,#10828));
#10806 = ORIENTED_EDGE('',*,*,#10807,.T.);
#10807 = EDGE_CURVE('',#10777,#10808,#10810,.T.);
#10808 = VERTEX_POINT('',#10809);
#10809 = CARTESIAN_POINT('',(-1.091198172296,2.805711960795,2.15));
#10810 = LINE('',#10811,#10812);
#10811 = CARTESIAN_POINT('',(-1.091198172296,2.805711960795,2.15));
#10812 = VECTOR('',#10813,1.);
#10813 = DIRECTION('',(0.999974850186,-7.092178509963E-03,-0.));
#10814 = ORIENTED_EDGE('',*,*,#10815,.F.);
#10815 = EDGE_CURVE('',#10816,#10808,#10818,.T.);
#10816 = VERTEX_POINT('',#10817);
#10817 = CARTESIAN_POINT('',(-1.091198172296,2.805711960795,2.151));
#10818 = LINE('',#10819,#10820);
#10819 = CARTESIAN_POINT('',(-1.091198172296,2.805711960795,2.151));
#10820 = VECTOR('',#10821,1.);
#10821 = DIRECTION('',(-0.,-0.,-1.));
#10822 = ORIENTED_EDGE('',*,*,#10823,.F.);
#10823 = EDGE_CURVE('',#10785,#10816,#10824,.T.);
#10824 = LINE('',#10825,#10826);
#10825 = CARTESIAN_POINT('',(-1.091198172296,2.805711960795,2.151));
#10826 = VECTOR('',#10827,1.);
#10827 = DIRECTION('',(0.999974850186,-7.092178509963E-03,-0.));
#10828 = ORIENTED_EDGE('',*,*,#10784,.T.);
#10829 = PLANE('',#10830);
#10830 = AXIS2_PLACEMENT_3D('',#10831,#10832,#10833);
#10831 = CARTESIAN_POINT('',(-1.091198172296,2.805711960795,2.151));
#10832 = DIRECTION('',(7.092178509963E-03,0.999974850186,-0.));
#10833 = DIRECTION('',(-0.999974850186,7.092178509963E-03,0.));
#10834 = ADVANCED_FACE('',(#10835),#10860,.F.);
#10835 = FACE_BOUND('',#10836,.T.);
#10836 = EDGE_LOOP('',(#10837,#10845,#10853,#10859));
#10837 = ORIENTED_EDGE('',*,*,#10838,.T.);
#10838 = EDGE_CURVE('',#10808,#10839,#10841,.T.);
#10839 = VERTEX_POINT('',#10840);
#10840 = CARTESIAN_POINT('',(-1.089755788801,3.009083494342,2.15));
#10841 = LINE('',#10842,#10843);
#10842 = CARTESIAN_POINT('',(-1.089755788801,3.009083494342,2.15));
#10843 = VECTOR('',#10844,1.);
#10844 = DIRECTION('',(7.092178509964E-03,0.999974850186,-0.));
#10845 = ORIENTED_EDGE('',*,*,#10846,.F.);
#10846 = EDGE_CURVE('',#10847,#10839,#10849,.T.);
#10847 = VERTEX_POINT('',#10848);
#10848 = CARTESIAN_POINT('',(-1.089755788801,3.009083494342,2.151));
#10849 = LINE('',#10850,#10851);
#10850 = CARTESIAN_POINT('',(-1.089755788801,3.009083494342,2.151));
#10851 = VECTOR('',#10852,1.);
#10852 = DIRECTION('',(-0.,-0.,-1.));
#10853 = ORIENTED_EDGE('',*,*,#10854,.F.);
#10854 = EDGE_CURVE('',#10816,#10847,#10855,.T.);
#10855 = LINE('',#10856,#10857);
#10856 = CARTESIAN_POINT('',(-1.089755788801,3.009083494342,2.151));
#10857 = VECTOR('',#10858,1.);
#10858 = DIRECTION('',(7.092178509964E-03,0.999974850186,-0.));
#10859 = ORIENTED_EDGE('',*,*,#10815,.T.);
#10860 = PLANE('',#10861);
#10861 = AXIS2_PLACEMENT_3D('',#10862,#10863,#10864);
#10862 = CARTESIAN_POINT('',(-1.089755788801,3.009083494342,2.151));
#10863 = DIRECTION('',(-0.999974850186,7.092178509964E-03,0.));
#10864 = DIRECTION('',(-7.092178509964E-03,-0.999974850186,0.));
#10865 = ADVANCED_FACE('',(#10866),#10882,.F.);
#10866 = FACE_BOUND('',#10867,.T.);
#10867 = EDGE_LOOP('',(#10868,#10874,#10875,#10881));
#10868 = ORIENTED_EDGE('',*,*,#10869,.T.);
#10869 = EDGE_CURVE('',#10839,#10520,#10870,.T.);
#10870 = LINE('',#10871,#10872);
#10871 = CARTESIAN_POINT('',(-1.199135570647,3.00985925479,2.15));
#10872 = VECTOR('',#10873,1.);
#10873 = DIRECTION('',(-0.999974850186,7.092178509966E-03,-0.));
#10874 = ORIENTED_EDGE('',*,*,#10545,.F.);
#10875 = ORIENTED_EDGE('',*,*,#10876,.F.);
#10876 = EDGE_CURVE('',#10847,#10538,#10877,.T.);
#10877 = LINE('',#10878,#10879);
#10878 = CARTESIAN_POINT('',(-1.199135570647,3.00985925479,2.151));
#10879 = VECTOR('',#10880,1.);
#10880 = DIRECTION('',(-0.999974850186,7.092178509966E-03,-0.));
#10881 = ORIENTED_EDGE('',*,*,#10846,.T.);
#10882 = PLANE('',#10883);
#10883 = AXIS2_PLACEMENT_3D('',#10884,#10885,#10886);
#10884 = CARTESIAN_POINT('',(-1.199135570647,3.00985925479,2.151));
#10885 = DIRECTION('',(-7.092178509966E-03,-0.999974850186,0.));
#10886 = DIRECTION('',(0.999974850186,-7.092178509966E-03,0.));
#10887 = ADVANCED_FACE('',(#10888),#10902,.F.);
#10888 = FACE_BOUND('',#10889,.T.);
#10889 = EDGE_LOOP('',(#10890,#10891,#10892,#10893,#10894,#10895,#10896,
    #10897,#10898,#10899,#10900,#10901));
#10890 = ORIENTED_EDGE('',*,*,#10537,.T.);
#10891 = ORIENTED_EDGE('',*,*,#10575,.T.);
#10892 = ORIENTED_EDGE('',*,*,#10606,.T.);
#10893 = ORIENTED_EDGE('',*,*,#10637,.T.);
#10894 = ORIENTED_EDGE('',*,*,#10668,.T.);
#10895 = ORIENTED_EDGE('',*,*,#10699,.T.);
#10896 = ORIENTED_EDGE('',*,*,#10730,.T.);
#10897 = ORIENTED_EDGE('',*,*,#10761,.T.);
#10898 = ORIENTED_EDGE('',*,*,#10792,.T.);
#10899 = ORIENTED_EDGE('',*,*,#10823,.T.);
#10900 = ORIENTED_EDGE('',*,*,#10854,.T.);
#10901 = ORIENTED_EDGE('',*,*,#10876,.T.);
#10902 = PLANE('',#10903);
#10903 = AXIS2_PLACEMENT_3D('',#10904,#10905,#10906);
#10904 = CARTESIAN_POINT('',(0.,0.,2.151));
#10905 = DIRECTION('',(0.,0.,-1.));
#10906 = DIRECTION('',(-1.,0.,-0.));
#10907 = ADVANCED_FACE('',(#10908),#10922,.T.);
#10908 = FACE_BOUND('',#10909,.T.);
#10909 = EDGE_LOOP('',(#10910,#10911,#10912,#10913,#10914,#10915,#10916,
    #10917,#10918,#10919,#10920,#10921));
#10910 = ORIENTED_EDGE('',*,*,#10519,.F.);
#10911 = ORIENTED_EDGE('',*,*,#10869,.F.);
#10912 = ORIENTED_EDGE('',*,*,#10838,.F.);
#10913 = ORIENTED_EDGE('',*,*,#10807,.F.);
#10914 = ORIENTED_EDGE('',*,*,#10776,.F.);
#10915 = ORIENTED_EDGE('',*,*,#10745,.F.);
#10916 = ORIENTED_EDGE('',*,*,#10714,.F.);
#10917 = ORIENTED_EDGE('',*,*,#10683,.F.);
#10918 = ORIENTED_EDGE('',*,*,#10652,.F.);
#10919 = ORIENTED_EDGE('',*,*,#10621,.F.);
#10920 = ORIENTED_EDGE('',*,*,#10590,.F.);
#10921 = ORIENTED_EDGE('',*,*,#10559,.F.);
#10922 = PLANE('',#10923);
#10923 = AXIS2_PLACEMENT_3D('',#10924,#10925,#10926);
#10924 = CARTESIAN_POINT('',(0.,0.,2.15));
#10925 = DIRECTION('',(0.,0.,-1.));
#10926 = DIRECTION('',(-1.,0.,-0.));
#10927 = MANIFOLD_SOLID_BREP('',#10928);
#10928 = CLOSED_SHELL('',(#10929,#11129,#11329,#11355,#11372,#11393,
    #11414,#11431,#11452,#11473,#11494,#11515,#11532,#11549,#11566,
    #11583,#11599,#11625,#11646,#11667,#11688,#11709,#11730,#11747));
#10929 = ADVANCED_FACE('',(#10930,#11052),#11124,.T.);
#10930 = FACE_BOUND('',#10931,.T.);
#10931 = EDGE_LOOP('',(#10932,#10943,#10951,#10960,#10969,#10977,#10986,
    #10995,#11004,#11013,#11021,#11029,#11037,#11045));
#10932 = ORIENTED_EDGE('',*,*,#10933,.T.);
#10933 = EDGE_CURVE('',#10934,#10936,#10938,.T.);
#10934 = VERTEX_POINT('',#10935);
#10935 = CARTESIAN_POINT('',(-1.288774483018,2.861909862817,2.151));
#10936 = VERTEX_POINT('',#10937);
#10937 = CARTESIAN_POINT('',(-1.23866752111,2.875071679228,2.151));
#10938 = B_SPLINE_CURVE_WITH_KNOTS('',3,(#10939,#10940,#10941,#10942),
  .UNSPECIFIED.,.F.,.F.,(4,4),(0.,1.),.PIECEWISE_BEZIER_KNOTS.);
#10939 = CARTESIAN_POINT('',(-1.288774483018,2.861909862817,2.151));
#10940 = CARTESIAN_POINT('',(-1.269851364866,2.86177565331,2.151));
#10941 = CARTESIAN_POINT('',(-1.253131961172,2.866128144819,2.151));
#10942 = CARTESIAN_POINT('',(-1.23866752111,2.875071679228,2.151));
#10943 = ORIENTED_EDGE('',*,*,#10944,.T.);
#10944 = EDGE_CURVE('',#10936,#10945,#10947,.T.);
#10945 = VERTEX_POINT('',#10946);
#10946 = CARTESIAN_POINT('',(-1.23849201637,2.899817295274,2.151));
#10947 = LINE('',#10948,#10949);
#10948 = CARTESIAN_POINT('',(-1.23849201637,2.899817295274,2.151));
#10949 = VECTOR('',#10950,1.);
#10950 = DIRECTION('',(7.092178509954E-03,0.999974850186,-0.));
#10951 = ORIENTED_EDGE('',*,*,#10952,.T.);
#10952 = EDGE_CURVE('',#10945,#10953,#10955,.T.);
#10953 = VERTEX_POINT('',#10954);
#10954 = CARTESIAN_POINT('',(-1.286236354394,2.88258356443,2.151));
#10955 = B_SPLINE_CURVE_WITH_KNOTS('',3,(#10956,#10957,#10958,#10959),
  .UNSPECIFIED.,.F.,.F.,(4,4),(12.,13.),.PIECEWISE_BEZIER_KNOTS.);
#10956 = CARTESIAN_POINT('',(-1.23849201637,2.899817295274,2.151));
#10957 = CARTESIAN_POINT('',(-1.252922905215,2.88827406274,2.151));
#10958 = CARTESIAN_POINT('',(-1.268820847303,2.882460047438,2.151));
#10959 = CARTESIAN_POINT('',(-1.286236354394,2.88258356443,2.151));
#10960 = ORIENTED_EDGE('',*,*,#10961,.T.);
#10961 = EDGE_CURVE('',#10953,#10962,#10964,.T.);
#10962 = VERTEX_POINT('',#10963);
#10963 = CARTESIAN_POINT('',(-1.315408567501,2.918351079257,2.151));
#10964 = B_SPLINE_CURVE_WITH_KNOTS('',3,(#10965,#10966,#10967,#10968),
  .UNSPECIFIED.,.F.,.F.,(4,4),(11.,12.),.PIECEWISE_BEZIER_KNOTS.);
#10965 = CARTESIAN_POINT('',(-1.286236354394,2.88258356443,2.151));
#10966 = CARTESIAN_POINT('',(-1.305835298194,2.882722567134,2.151));
#10967 = CARTESIAN_POINT('',(-1.315576698093,2.894645194979,2.151));
#10968 = CARTESIAN_POINT('',(-1.315408567501,2.918351079257,2.151));
#10969 = ORIENTED_EDGE('',*,*,#10970,.T.);
#10970 = EDGE_CURVE('',#10962,#10971,#10973,.T.);
#10971 = VERTEX_POINT('',#10972);
#10972 = CARTESIAN_POINT('',(-1.272320902301,2.924076233745,2.151));
#10973 = LINE('',#10974,#10975);
#10974 = CARTESIAN_POINT('',(-1.272320902301,2.924076233745,2.151));
#10975 = VECTOR('',#10976,1.);
#10976 = DIRECTION('',(0.991287678229,0.131714611912,-0.));
#10977 = ORIENTED_EDGE('',*,*,#10978,.T.);
#10978 = EDGE_CURVE('',#10971,#10979,#10981,.T.);
#10979 = VERTEX_POINT('',#10980);
#10980 = CARTESIAN_POINT('',(-1.223793073737,2.971146210507,2.151));
#10981 = B_SPLINE_CURVE_WITH_KNOTS('',3,(#10982,#10983,#10984,#10985),
  .UNSPECIFIED.,.F.,.F.,(4,4),(9.,10.),.PIECEWISE_BEZIER_KNOTS.);
#10982 = CARTESIAN_POINT('',(-1.272320902301,2.924076233745,2.151));
#10983 = CARTESIAN_POINT('',(-1.240161481874,2.928319219146,2.151));
#10984 = CARTESIAN_POINT('',(-1.223985539019,2.9440092114,2.151));
#10985 = CARTESIAN_POINT('',(-1.223793073737,2.971146210507,2.151));
#10986 = ORIENTED_EDGE('',*,*,#10987,.T.);
#10987 = EDGE_CURVE('',#10979,#10988,#10990,.T.);
#10988 = VERTEX_POINT('',#10989);
#10989 = CARTESIAN_POINT('',(-1.236050842718,3.002114733761,2.151));
#10990 = B_SPLINE_CURVE_WITH_KNOTS('',3,(#10991,#10992,#10993,#10994),
  .UNSPECIFIED.,.F.,.F.,(4,4),(8.,9.),.PIECEWISE_BEZIER_KNOTS.);
#10991 = CARTESIAN_POINT('',(-1.223793073737,2.971146210507,2.151));
#10992 = CARTESIAN_POINT('',(-1.223700896877,2.98414285759,2.151));
#10993 = CARTESIAN_POINT('',(-1.227786819871,2.994465698675,2.151));
#10994 = CARTESIAN_POINT('',(-1.236050842718,3.002114733761,2.151));
#10995 = ORIENTED_EDGE('',*,*,#10996,.T.);
#10996 = EDGE_CURVE('',#10988,#10997,#10999,.T.);
#10997 = VERTEX_POINT('',#10998);
#10998 = CARTESIAN_POINT('',(-1.269553063143,3.013789968198,2.151));
#10999 = B_SPLINE_CURVE_WITH_KNOTS('',3,(#11000,#11001,#11002,#11003),
  .UNSPECIFIED.,.F.,.F.,(4,4),(7.,8.),.PIECEWISE_BEZIER_KNOTS.);
#11000 = CARTESIAN_POINT('',(-1.236050842718,3.002114733761,2.151));
#11001 = CARTESIAN_POINT('',(-1.244314865565,3.009763768847,2.151));
#11002 = CARTESIAN_POINT('',(-1.255464697706,3.013690048482,2.151));
#11003 = CARTESIAN_POINT('',(-1.269553063143,3.013789968198,2.151));
#11004 = ORIENTED_EDGE('',*,*,#11005,.T.);
#11005 = EDGE_CURVE('',#10997,#11006,#11008,.T.);
#11006 = VERTEX_POINT('',#11007);
#11007 = CARTESIAN_POINT('',(-1.314237199057,2.988216260776,2.151));
#11008 = B_SPLINE_CURVE_WITH_KNOTS('',3,(#11009,#11010,#11011,#11012),
  .UNSPECIFIED.,.F.,.F.,(4,4),(6.,7.),.PIECEWISE_BEZIER_KNOTS.);
#11009 = CARTESIAN_POINT('',(-1.269553063143,3.013789968198,2.151));
#11010 = CARTESIAN_POINT('',(-1.289152006943,3.013928970902,2.151));
#11011 = CARTESIAN_POINT('',(-1.304081376641,3.005404647566,2.151));
#11012 = CARTESIAN_POINT('',(-1.314237199057,2.988216260776,2.151));
#11013 = ORIENTED_EDGE('',*,*,#11014,.T.);
#11014 = EDGE_CURVE('',#11006,#11015,#11017,.T.);
#11015 = VERTEX_POINT('',#11016);
#11016 = CARTESIAN_POINT('',(-1.314913024705,2.988221053973,2.151));
#11017 = LINE('',#11018,#11019);
#11018 = CARTESIAN_POINT('',(-1.314913024705,2.988221053973,2.151));
#11019 = VECTOR('',#11020,1.);
#11020 = DIRECTION('',(-0.999974850186,7.092178510045E-03,-0.));
#11021 = ORIENTED_EDGE('',*,*,#11022,.T.);
#11022 = EDGE_CURVE('',#11015,#11023,#11025,.T.);
#11023 = VERTEX_POINT('',#11024);
#11024 = CARTESIAN_POINT('',(-1.314753743092,3.010679260131,2.151));
#11025 = LINE('',#11026,#11027);
#11026 = CARTESIAN_POINT('',(-1.314753743092,3.010679260131,2.151));
#11027 = VECTOR('',#11028,1.);
#11028 = DIRECTION('',(7.092178509949E-03,0.999974850186,-0.));
#11029 = ORIENTED_EDGE('',*,*,#11030,.T.);
#11030 = EDGE_CURVE('',#11023,#11031,#11033,.T.);
#11031 = VERTEX_POINT('',#11032);
#11032 = CARTESIAN_POINT('',(-1.340227171374,3.010859926775,2.151));
#11033 = LINE('',#11034,#11035);
#11034 = CARTESIAN_POINT('',(-1.340227171374,3.010859926775,2.151));
#11035 = VECTOR('',#11036,1.);
#11036 = DIRECTION('',(-0.999974850186,7.092178509968E-03,-0.));
#11037 = ORIENTED_EDGE('',*,*,#11038,.T.);
#11038 = EDGE_CURVE('',#11031,#11039,#11041,.T.);
#11039 = VERTEX_POINT('',#11040);
#11040 = CARTESIAN_POINT('',(-1.340890107347,2.917388040959,2.151));
#11041 = LINE('',#11042,#11043);
#11042 = CARTESIAN_POINT('',(-1.340890107347,2.917388040959,2.151));
#11043 = VECTOR('',#11044,1.);
#11044 = DIRECTION('',(-7.092178509963E-03,-0.999974850186,-0.));
#11045 = ORIENTED_EDGE('',*,*,#11046,.T.);
#11046 = EDGE_CURVE('',#11039,#10934,#11047,.T.);
#11047 = B_SPLINE_CURVE_WITH_KNOTS('',3,(#11048,#11049,#11050,#11051),
  .UNSPECIFIED.,.F.,.F.,(4,4),(1.,2.),.PIECEWISE_BEZIER_KNOTS.);
#11048 = CARTESIAN_POINT('',(-1.340890107347,2.917388040959,2.151));
#11049 = CARTESIAN_POINT('',(-1.341151152213,2.880581536421,2.151));
#11050 = CARTESIAN_POINT('',(-1.323761456963,2.862158002922,2.151));
#11051 = CARTESIAN_POINT('',(-1.288774483018,2.861909862817,2.151));
#11052 = FACE_BOUND('',#11053,.T.);
#11053 = EDGE_LOOP('',(#11054,#11065,#11074,#11082,#11090,#11099,#11108,
    #11117));
#11054 = ORIENTED_EDGE('',*,*,#11055,.F.);
#11055 = EDGE_CURVE('',#11056,#11058,#11060,.T.);
#11056 = VERTEX_POINT('',#11057);
#11057 = CARTESIAN_POINT('',(-1.25653393535,2.95089467427,2.151));
#11058 = VERTEX_POINT('',#11059);
#11059 = CARTESIAN_POINT('',(-1.249645156435,2.969249994572,2.151));
#11060 = B_SPLINE_CURVE_WITH_KNOTS('',3,(#11061,#11062,#11063,#11064),
  .UNSPECIFIED.,.F.,.F.,(4,4),(1.,2.),.PIECEWISE_BEZIER_KNOTS.);
#11061 = CARTESIAN_POINT('',(-1.25653393535,2.95089467427,2.151));
#11062 = CARTESIAN_POINT('',(-1.252032117329,2.955229838849,2.151));
#11063 = CARTESIAN_POINT('',(-1.249701199965,2.961348033145,2.151));
#11064 = CARTESIAN_POINT('',(-1.249645156435,2.969249994572,2.151));
#11065 = ORIENTED_EDGE('',*,*,#11066,.F.);
#11066 = EDGE_CURVE('',#11067,#11056,#11069,.T.);
#11067 = VERTEX_POINT('',#11068);
#11068 = CARTESIAN_POINT('',(-1.281238995898,2.942127748402,2.151));
#11069 = B_SPLINE_CURVE_WITH_KNOTS('',3,(#11070,#11071,#11072,#11073),
  .UNSPECIFIED.,.F.,.F.,(4,4),(0.,1.),.PIECEWISE_BEZIER_KNOTS.);
#11070 = CARTESIAN_POINT('',(-1.281238995898,2.942127748402,2.151));
#11071 = CARTESIAN_POINT('',(-1.269322268532,2.943706885226,2.151));
#11072 = CARTESIAN_POINT('',(-1.261087739959,2.946559878397,2.151));
#11073 = CARTESIAN_POINT('',(-1.25653393535,2.95089467427,2.151));
#11074 = ORIENTED_EDGE('',*,*,#11075,.F.);
#11075 = EDGE_CURVE('',#11076,#11067,#11078,.T.);
#11076 = VERTEX_POINT('',#11077);
#11077 = CARTESIAN_POINT('',(-1.31527067092,2.937794063292,2.151));
#11078 = LINE('',#11079,#11080);
#11079 = CARTESIAN_POINT('',(-1.31527067092,2.937794063292,2.151));
#11080 = VECTOR('',#11081,1.);
#11081 = DIRECTION('',(0.991989216912,0.126322577277,0.));
#11082 = ORIENTED_EDGE('',*,*,#11083,.F.);
#11083 = EDGE_CURVE('',#11084,#11076,#11086,.T.);
#11084 = VERTEX_POINT('',#11085);
#11085 = CARTESIAN_POINT('',(-1.315171857327,2.951726468966,2.151));
#11086 = LINE('',#11087,#11088);
#11087 = CARTESIAN_POINT('',(-1.315171857327,2.951726468966,2.151));
#11088 = VECTOR('',#11089,1.);
#11089 = DIRECTION('',(-7.09217850997E-03,-0.999974850186,0.));
#11090 = ORIENTED_EDGE('',*,*,#11091,.F.);
#11091 = EDGE_CURVE('',#11092,#11084,#11094,.T.);
#11092 = VERTEX_POINT('',#11093);
#11093 = CARTESIAN_POINT('',(-1.304044510538,2.981281395751,2.151));
#11094 = B_SPLINE_CURVE_WITH_KNOTS('',3,(#11095,#11096,#11097,#11098),
  .UNSPECIFIED.,.F.,.F.,(4,4),(5.,6.),.PIECEWISE_BEZIER_KNOTS.);
#11095 = CARTESIAN_POINT('',(-1.304044510538,2.981281395751,2.151));
#11096 = CARTESIAN_POINT('',(-1.31137793902,2.973535026544,2.151));
#11097 = CARTESIAN_POINT('',(-1.315087054616,2.963683384282,2.151));
#11098 = CARTESIAN_POINT('',(-1.315171857327,2.951726468966,2.151));
#11099 = ORIENTED_EDGE('',*,*,#11100,.F.);
#11100 = EDGE_CURVE('',#11101,#11092,#11103,.T.);
#11101 = VERTEX_POINT('',#11102);
#11102 = CARTESIAN_POINT('',(-1.276303580251,2.992938185534,2.151));
#11103 = B_SPLINE_CURVE_WITH_KNOTS('',3,(#11104,#11105,#11106,#11107),
  .UNSPECIFIED.,.F.,.F.,(4,4),(4.,5.),.PIECEWISE_BEZIER_KNOTS.);
#11104 = CARTESIAN_POINT('',(-1.276303580251,2.992938185534,2.151));
#11105 = CARTESIAN_POINT('',(-1.287480696742,2.993017457633,2.151));
#11106 = CARTESIAN_POINT('',(-1.296762331229,2.989132106844,2.151));
#11107 = CARTESIAN_POINT('',(-1.304044510538,2.981281395751,2.151));
#11108 = ORIENTED_EDGE('',*,*,#11109,.F.);
#11109 = EDGE_CURVE('',#11110,#11101,#11112,.T.);
#11110 = VERTEX_POINT('',#11111);
#11111 = CARTESIAN_POINT('',(-1.256907053353,2.986249978823,2.151));
#11112 = B_SPLINE_CURVE_WITH_KNOTS('',3,(#11113,#11114,#11115,#11116),
  .UNSPECIFIED.,.F.,.F.,(4,4),(3.,4.),.PIECEWISE_BEZIER_KNOTS.);
#11113 = CARTESIAN_POINT('',(-1.256907053353,2.986249978823,2.151));
#11114 = CARTESIAN_POINT('',(-1.261762821231,2.990651510741,2.151));
#11115 = CARTESIAN_POINT('',(-1.268245659059,2.992881035881,2.151));
#11116 = CARTESIAN_POINT('',(-1.276303580251,2.992938185534,2.151));
#11117 = ORIENTED_EDGE('',*,*,#11118,.F.);
#11118 = EDGE_CURVE('',#11058,#11110,#11119,.T.);
#11119 = B_SPLINE_CURVE_WITH_KNOTS('',3,(#11120,#11121,#11122,#11123),
  .UNSPECIFIED.,.F.,.F.,(4,4),(2.,3.),.PIECEWISE_BEZIER_KNOTS.);
#11120 = CARTESIAN_POINT('',(-1.249645156435,2.969249994572,2.151));
#11121 = CARTESIAN_POINT('',(-1.249595749638,2.976216197407,2.151));
#11122 = CARTESIAN_POINT('',(-1.251999298886,2.981848078197,2.151));
#11123 = CARTESIAN_POINT('',(-1.256907053353,2.986249978823,2.151));
#11124 = PLANE('',#11125);
#11125 = AXIS2_PLACEMENT_3D('',#11126,#11127,#11128);
#11126 = CARTESIAN_POINT('',(-1.26204899778,2.865086617054,2.151));
#11127 = DIRECTION('',(0.,0.,1.));
#11128 = DIRECTION('',(1.,0.,-0.));
#11129 = ADVANCED_FACE('',(#11130,#11252),#11324,.F.);
#11130 = FACE_BOUND('',#11131,.T.);
#11131 = EDGE_LOOP('',(#11132,#11143,#11152,#11160,#11168,#11176,#11184,
    #11193,#11202,#11211,#11220,#11228,#11237,#11246));
#11132 = ORIENTED_EDGE('',*,*,#11133,.F.);
#11133 = EDGE_CURVE('',#11134,#11136,#11138,.T.);
#11134 = VERTEX_POINT('',#11135);
#11135 = CARTESIAN_POINT('',(-1.288774483018,2.861909862817,2.15));
#11136 = VERTEX_POINT('',#11137);
#11137 = CARTESIAN_POINT('',(-1.23866752111,2.875071679228,2.15));
#11138 = B_SPLINE_CURVE_WITH_KNOTS('',3,(#11139,#11140,#11141,#11142),
  .UNSPECIFIED.,.F.,.F.,(4,4),(0.,1.),.PIECEWISE_BEZIER_KNOTS.);
#11139 = CARTESIAN_POINT('',(-1.288774483018,2.861909862817,2.15));
#11140 = CARTESIAN_POINT('',(-1.269851364866,2.86177565331,2.15));
#11141 = CARTESIAN_POINT('',(-1.253131961172,2.866128144819,2.15));
#11142 = CARTESIAN_POINT('',(-1.23866752111,2.875071679228,2.15));
#11143 = ORIENTED_EDGE('',*,*,#11144,.F.);
#11144 = EDGE_CURVE('',#11145,#11134,#11147,.T.);
#11145 = VERTEX_POINT('',#11146);
#11146 = CARTESIAN_POINT('',(-1.340890107347,2.917388040959,2.15));
#11147 = B_SPLINE_CURVE_WITH_KNOTS('',3,(#11148,#11149,#11150,#11151),
  .UNSPECIFIED.,.F.,.F.,(4,4),(1.,2.),.PIECEWISE_BEZIER_KNOTS.);
#11148 = CARTESIAN_POINT('',(-1.340890107347,2.917388040959,2.15));
#11149 = CARTESIAN_POINT('',(-1.341151152213,2.880581536421,2.15));
#11150 = CARTESIAN_POINT('',(-1.323761456963,2.862158002922,2.15));
#11151 = CARTESIAN_POINT('',(-1.288774483018,2.861909862817,2.15));
#11152 = ORIENTED_EDGE('',*,*,#11153,.F.);
#11153 = EDGE_CURVE('',#11154,#11145,#11156,.T.);
#11154 = VERTEX_POINT('',#11155);
#11155 = CARTESIAN_POINT('',(-1.340227171374,3.010859926775,2.15));
#11156 = LINE('',#11157,#11158);
#11157 = CARTESIAN_POINT('',(-1.340890107347,2.917388040959,2.15));
#11158 = VECTOR('',#11159,1.);
#11159 = DIRECTION('',(-7.092178509963E-03,-0.999974850186,-0.));
#11160 = ORIENTED_EDGE('',*,*,#11161,.F.);
#11161 = EDGE_CURVE('',#11162,#11154,#11164,.T.);
#11162 = VERTEX_POINT('',#11163);
#11163 = CARTESIAN_POINT('',(-1.314753743092,3.010679260131,2.15));
#11164 = LINE('',#11165,#11166);
#11165 = CARTESIAN_POINT('',(-1.340227171374,3.010859926775,2.15));
#11166 = VECTOR('',#11167,1.);
#11167 = DIRECTION('',(-0.999974850186,7.092178509968E-03,-0.));
#11168 = ORIENTED_EDGE('',*,*,#11169,.F.);
#11169 = EDGE_CURVE('',#11170,#11162,#11172,.T.);
#11170 = VERTEX_POINT('',#11171);
#11171 = CARTESIAN_POINT('',(-1.314913024705,2.988221053973,2.15));
#11172 = LINE('',#11173,#11174);
#11173 = CARTESIAN_POINT('',(-1.314753743092,3.010679260131,2.15));
#11174 = VECTOR('',#11175,1.);
#11175 = DIRECTION('',(7.092178509949E-03,0.999974850186,-0.));
#11176 = ORIENTED_EDGE('',*,*,#11177,.F.);
#11177 = EDGE_CURVE('',#11178,#11170,#11180,.T.);
#11178 = VERTEX_POINT('',#11179);
#11179 = CARTESIAN_POINT('',(-1.314237199057,2.988216260776,2.15));
#11180 = LINE('',#11181,#11182);
#11181 = CARTESIAN_POINT('',(-1.314913024705,2.988221053973,2.15));
#11182 = VECTOR('',#11183,1.);
#11183 = DIRECTION('',(-0.999974850186,7.092178510045E-03,-0.));
#11184 = ORIENTED_EDGE('',*,*,#11185,.F.);
#11185 = EDGE_CURVE('',#11186,#11178,#11188,.T.);
#11186 = VERTEX_POINT('',#11187);
#11187 = CARTESIAN_POINT('',(-1.269553063143,3.013789968198,2.15));
#11188 = B_SPLINE_CURVE_WITH_KNOTS('',3,(#11189,#11190,#11191,#11192),
  .UNSPECIFIED.,.F.,.F.,(4,4),(6.,7.),.PIECEWISE_BEZIER_KNOTS.);
#11189 = CARTESIAN_POINT('',(-1.269553063143,3.013789968198,2.15));
#11190 = CARTESIAN_POINT('',(-1.289152006943,3.013928970902,2.15));
#11191 = CARTESIAN_POINT('',(-1.304081376641,3.005404647566,2.15));
#11192 = CARTESIAN_POINT('',(-1.314237199057,2.988216260776,2.15));
#11193 = ORIENTED_EDGE('',*,*,#11194,.F.);
#11194 = EDGE_CURVE('',#11195,#11186,#11197,.T.);
#11195 = VERTEX_POINT('',#11196);
#11196 = CARTESIAN_POINT('',(-1.236050842718,3.002114733761,2.15));
#11197 = B_SPLINE_CURVE_WITH_KNOTS('',3,(#11198,#11199,#11200,#11201),
  .UNSPECIFIED.,.F.,.F.,(4,4),(7.,8.),.PIECEWISE_BEZIER_KNOTS.);
#11198 = CARTESIAN_POINT('',(-1.236050842718,3.002114733761,2.15));
#11199 = CARTESIAN_POINT('',(-1.244314865565,3.009763768847,2.15));
#11200 = CARTESIAN_POINT('',(-1.255464697706,3.013690048482,2.15));
#11201 = CARTESIAN_POINT('',(-1.269553063143,3.013789968198,2.15));
#11202 = ORIENTED_EDGE('',*,*,#11203,.F.);
#11203 = EDGE_CURVE('',#11204,#11195,#11206,.T.);
#11204 = VERTEX_POINT('',#11205);
#11205 = CARTESIAN_POINT('',(-1.223793073737,2.971146210507,2.15));
#11206 = B_SPLINE_CURVE_WITH_KNOTS('',3,(#11207,#11208,#11209,#11210),
  .UNSPECIFIED.,.F.,.F.,(4,4),(8.,9.),.PIECEWISE_BEZIER_KNOTS.);
#11207 = CARTESIAN_POINT('',(-1.223793073737,2.971146210507,2.15));
#11208 = CARTESIAN_POINT('',(-1.223700896877,2.98414285759,2.15));
#11209 = CARTESIAN_POINT('',(-1.227786819871,2.994465698675,2.15));
#11210 = CARTESIAN_POINT('',(-1.236050842718,3.002114733761,2.15));
#11211 = ORIENTED_EDGE('',*,*,#11212,.F.);
#11212 = EDGE_CURVE('',#11213,#11204,#11215,.T.);
#11213 = VERTEX_POINT('',#11214);
#11214 = CARTESIAN_POINT('',(-1.272320902301,2.924076233745,2.15));
#11215 = B_SPLINE_CURVE_WITH_KNOTS('',3,(#11216,#11217,#11218,#11219),
  .UNSPECIFIED.,.F.,.F.,(4,4),(9.,10.),.PIECEWISE_BEZIER_KNOTS.);
#11216 = CARTESIAN_POINT('',(-1.272320902301,2.924076233745,2.15));
#11217 = CARTESIAN_POINT('',(-1.240161481874,2.928319219146,2.15));
#11218 = CARTESIAN_POINT('',(-1.223985539019,2.9440092114,2.15));
#11219 = CARTESIAN_POINT('',(-1.223793073737,2.971146210507,2.15));
#11220 = ORIENTED_EDGE('',*,*,#11221,.F.);
#11221 = EDGE_CURVE('',#11222,#11213,#11224,.T.);
#11222 = VERTEX_POINT('',#11223);
#11223 = CARTESIAN_POINT('',(-1.315408567501,2.918351079257,2.15));
#11224 = LINE('',#11225,#11226);
#11225 = CARTESIAN_POINT('',(-1.272320902301,2.924076233745,2.15));
#11226 = VECTOR('',#11227,1.);
#11227 = DIRECTION('',(0.991287678229,0.131714611912,-0.));
#11228 = ORIENTED_EDGE('',*,*,#11229,.F.);
#11229 = EDGE_CURVE('',#11230,#11222,#11232,.T.);
#11230 = VERTEX_POINT('',#11231);
#11231 = CARTESIAN_POINT('',(-1.286236354394,2.88258356443,2.15));
#11232 = B_SPLINE_CURVE_WITH_KNOTS('',3,(#11233,#11234,#11235,#11236),
  .UNSPECIFIED.,.F.,.F.,(4,4),(11.,12.),.PIECEWISE_BEZIER_KNOTS.);
#11233 = CARTESIAN_POINT('',(-1.286236354394,2.88258356443,2.15));
#11234 = CARTESIAN_POINT('',(-1.305835298194,2.882722567134,2.15));
#11235 = CARTESIAN_POINT('',(-1.315576698093,2.894645194979,2.15));
#11236 = CARTESIAN_POINT('',(-1.315408567501,2.918351079257,2.15));
#11237 = ORIENTED_EDGE('',*,*,#11238,.F.);
#11238 = EDGE_CURVE('',#11239,#11230,#11241,.T.);
#11239 = VERTEX_POINT('',#11240);
#11240 = CARTESIAN_POINT('',(-1.23849201637,2.899817295274,2.15));
#11241 = B_SPLINE_CURVE_WITH_KNOTS('',3,(#11242,#11243,#11244,#11245),
  .UNSPECIFIED.,.F.,.F.,(4,4),(12.,13.),.PIECEWISE_BEZIER_KNOTS.);
#11242 = CARTESIAN_POINT('',(-1.23849201637,2.899817295274,2.15));
#11243 = CARTESIAN_POINT('',(-1.252922905215,2.88827406274,2.15));
#11244 = CARTESIAN_POINT('',(-1.268820847303,2.882460047438,2.15));
#11245 = CARTESIAN_POINT('',(-1.286236354394,2.88258356443,2.15));
#11246 = ORIENTED_EDGE('',*,*,#11247,.F.);
#11247 = EDGE_CURVE('',#11136,#11239,#11248,.T.);
#11248 = LINE('',#11249,#11250);
#11249 = CARTESIAN_POINT('',(-1.23849201637,2.899817295274,2.15));
#11250 = VECTOR('',#11251,1.);
#11251 = DIRECTION('',(7.092178509954E-03,0.999974850186,-0.));
#11252 = FACE_BOUND('',#11253,.T.);
#11253 = EDGE_LOOP('',(#11254,#11265,#11274,#11283,#11292,#11301,#11310,
    #11318));
#11254 = ORIENTED_EDGE('',*,*,#11255,.T.);
#11255 = EDGE_CURVE('',#11256,#11258,#11260,.T.);
#11256 = VERTEX_POINT('',#11257);
#11257 = CARTESIAN_POINT('',(-1.281238995898,2.942127748402,2.15));
#11258 = VERTEX_POINT('',#11259);
#11259 = CARTESIAN_POINT('',(-1.25653393535,2.95089467427,2.15));
#11260 = B_SPLINE_CURVE_WITH_KNOTS('',3,(#11261,#11262,#11263,#11264),
  .UNSPECIFIED.,.F.,.F.,(4,4),(0.,1.),.PIECEWISE_BEZIER_KNOTS.);
#11261 = CARTESIAN_POINT('',(-1.281238995898,2.942127748402,2.15));
#11262 = CARTESIAN_POINT('',(-1.269322268532,2.943706885226,2.15));
#11263 = CARTESIAN_POINT('',(-1.261087739959,2.946559878397,2.15));
#11264 = CARTESIAN_POINT('',(-1.25653393535,2.95089467427,2.15));
#11265 = ORIENTED_EDGE('',*,*,#11266,.T.);
#11266 = EDGE_CURVE('',#11258,#11267,#11269,.T.);
#11267 = VERTEX_POINT('',#11268);
#11268 = CARTESIAN_POINT('',(-1.249645156435,2.969249994572,2.15));
#11269 = B_SPLINE_CURVE_WITH_KNOTS('',3,(#11270,#11271,#11272,#11273),
  .UNSPECIFIED.,.F.,.F.,(4,4),(1.,2.),.PIECEWISE_BEZIER_KNOTS.);
#11270 = CARTESIAN_POINT('',(-1.25653393535,2.95089467427,2.15));
#11271 = CARTESIAN_POINT('',(-1.252032117329,2.955229838849,2.15));
#11272 = CARTESIAN_POINT('',(-1.249701199965,2.961348033145,2.15));
#11273 = CARTESIAN_POINT('',(-1.249645156435,2.969249994572,2.15));
#11274 = ORIENTED_EDGE('',*,*,#11275,.T.);
#11275 = EDGE_CURVE('',#11267,#11276,#11278,.T.);
#11276 = VERTEX_POINT('',#11277);
#11277 = CARTESIAN_POINT('',(-1.256907053353,2.986249978823,2.15));
#11278 = B_SPLINE_CURVE_WITH_KNOTS('',3,(#11279,#11280,#11281,#11282),
  .UNSPECIFIED.,.F.,.F.,(4,4),(2.,3.),.PIECEWISE_BEZIER_KNOTS.);
#11279 = CARTESIAN_POINT('',(-1.249645156435,2.969249994572,2.15));
#11280 = CARTESIAN_POINT('',(-1.249595749638,2.976216197407,2.15));
#11281 = CARTESIAN_POINT('',(-1.251999298886,2.981848078197,2.15));
#11282 = CARTESIAN_POINT('',(-1.256907053353,2.986249978823,2.15));
#11283 = ORIENTED_EDGE('',*,*,#11284,.T.);
#11284 = EDGE_CURVE('',#11276,#11285,#11287,.T.);
#11285 = VERTEX_POINT('',#11286);
#11286 = CARTESIAN_POINT('',(-1.276303580251,2.992938185534,2.15));
#11287 = B_SPLINE_CURVE_WITH_KNOTS('',3,(#11288,#11289,#11290,#11291),
  .UNSPECIFIED.,.F.,.F.,(4,4),(3.,4.),.PIECEWISE_BEZIER_KNOTS.);
#11288 = CARTESIAN_POINT('',(-1.256907053353,2.986249978823,2.15));
#11289 = CARTESIAN_POINT('',(-1.261762821231,2.990651510741,2.15));
#11290 = CARTESIAN_POINT('',(-1.268245659059,2.992881035881,2.15));
#11291 = CARTESIAN_POINT('',(-1.276303580251,2.992938185534,2.15));
#11292 = ORIENTED_EDGE('',*,*,#11293,.T.);
#11293 = EDGE_CURVE('',#11285,#11294,#11296,.T.);
#11294 = VERTEX_POINT('',#11295);
#11295 = CARTESIAN_POINT('',(-1.304044510538,2.981281395751,2.15));
#11296 = B_SPLINE_CURVE_WITH_KNOTS('',3,(#11297,#11298,#11299,#11300),
  .UNSPECIFIED.,.F.,.F.,(4,4),(4.,5.),.PIECEWISE_BEZIER_KNOTS.);
#11297 = CARTESIAN_POINT('',(-1.276303580251,2.992938185534,2.15));
#11298 = CARTESIAN_POINT('',(-1.287480696742,2.993017457633,2.15));
#11299 = CARTESIAN_POINT('',(-1.296762331229,2.989132106844,2.15));
#11300 = CARTESIAN_POINT('',(-1.304044510538,2.981281395751,2.15));
#11301 = ORIENTED_EDGE('',*,*,#11302,.T.);
#11302 = EDGE_CURVE('',#11294,#11303,#11305,.T.);
#11303 = VERTEX_POINT('',#11304);
#11304 = CARTESIAN_POINT('',(-1.315171857327,2.951726468966,2.15));
#11305 = B_SPLINE_CURVE_WITH_KNOTS('',3,(#11306,#11307,#11308,#11309),
  .UNSPECIFIED.,.F.,.F.,(4,4),(5.,6.),.PIECEWISE_BEZIER_KNOTS.);
#11306 = CARTESIAN_POINT('',(-1.304044510538,2.981281395751,2.15));
#11307 = CARTESIAN_POINT('',(-1.31137793902,2.973535026544,2.15));
#11308 = CARTESIAN_POINT('',(-1.315087054616,2.963683384282,2.15));
#11309 = CARTESIAN_POINT('',(-1.315171857327,2.951726468966,2.15));
#11310 = ORIENTED_EDGE('',*,*,#11311,.T.);
#11311 = EDGE_CURVE('',#11303,#11312,#11314,.T.);
#11312 = VERTEX_POINT('',#11313);
#11313 = CARTESIAN_POINT('',(-1.31527067092,2.937794063292,2.15));
#11314 = LINE('',#11315,#11316);
#11315 = CARTESIAN_POINT('',(-1.315171857327,2.951726468966,2.15));
#11316 = VECTOR('',#11317,1.);
#11317 = DIRECTION('',(-7.09217850997E-03,-0.999974850186,0.));
#11318 = ORIENTED_EDGE('',*,*,#11319,.T.);
#11319 = EDGE_CURVE('',#11312,#11256,#11320,.T.);
#11320 = LINE('',#11321,#11322);
#11321 = CARTESIAN_POINT('',(-1.31527067092,2.937794063292,2.15));
#11322 = VECTOR('',#11323,1.);
#11323 = DIRECTION('',(0.991989216912,0.126322577277,0.));
#11324 = PLANE('',#11325);
#11325 = AXIS2_PLACEMENT_3D('',#11326,#11327,#11328);
#11326 = CARTESIAN_POINT('',(-1.26204899778,2.865086617054,2.15));
#11327 = DIRECTION('',(0.,0.,1.));
#11328 = DIRECTION('',(1.,0.,-0.));
#11329 = ADVANCED_FACE('',(#11330),#11346,.F.);
#11330 = FACE_BOUND('',#11331,.F.);
#11331 = EDGE_LOOP('',(#11332,#11338,#11339,#11345));
#11332 = ORIENTED_EDGE('',*,*,#11333,.F.);
#11333 = EDGE_CURVE('',#10934,#11134,#11334,.T.);
#11334 = LINE('',#11335,#11336);
#11335 = CARTESIAN_POINT('',(-1.288774483018,2.861909862817,2.151));
#11336 = VECTOR('',#11337,1.);
#11337 = DIRECTION('',(-0.,-0.,-1.));
#11338 = ORIENTED_EDGE('',*,*,#10933,.T.);
#11339 = ORIENTED_EDGE('',*,*,#11340,.T.);
#11340 = EDGE_CURVE('',#10936,#11136,#11341,.T.);
#11341 = LINE('',#11342,#11343);
#11342 = CARTESIAN_POINT('',(-1.23866752111,2.875071679228,2.151));
#11343 = VECTOR('',#11344,1.);
#11344 = DIRECTION('',(-0.,-0.,-1.));
#11345 = ORIENTED_EDGE('',*,*,#11133,.F.);
#11346 = B_SPLINE_SURFACE_WITH_KNOTS('',3,1,(
    (#11347,#11348)
    ,(#11349,#11350)
    ,(#11351,#11352)
    ,(#11353,#11354
    )),.UNSPECIFIED.,.F.,.F.,.F.,(4,4),(2,2),(0.,1.),(0.,1.),
  .PIECEWISE_BEZIER_KNOTS.);
#11347 = CARTESIAN_POINT('',(-1.288774483018,2.861909862817,2.151));
#11348 = CARTESIAN_POINT('',(-1.288774483018,2.861909862817,2.15));
#11349 = CARTESIAN_POINT('',(-1.269851364866,2.86177565331,2.151));
#11350 = CARTESIAN_POINT('',(-1.269851364866,2.86177565331,2.15));
#11351 = CARTESIAN_POINT('',(-1.253131961172,2.866128144819,2.151));
#11352 = CARTESIAN_POINT('',(-1.253131961172,2.866128144819,2.15));
#11353 = CARTESIAN_POINT('',(-1.23866752111,2.875071679228,2.151));
#11354 = CARTESIAN_POINT('',(-1.23866752111,2.875071679228,2.15));
#11355 = ADVANCED_FACE('',(#11356),#11367,.F.);
#11356 = FACE_BOUND('',#11357,.T.);
#11357 = EDGE_LOOP('',(#11358,#11359,#11365,#11366));
#11358 = ORIENTED_EDGE('',*,*,#11247,.T.);
#11359 = ORIENTED_EDGE('',*,*,#11360,.F.);
#11360 = EDGE_CURVE('',#10945,#11239,#11361,.T.);
#11361 = LINE('',#11362,#11363);
#11362 = CARTESIAN_POINT('',(-1.23849201637,2.899817295274,2.151));
#11363 = VECTOR('',#11364,1.);
#11364 = DIRECTION('',(-0.,-0.,-1.));
#11365 = ORIENTED_EDGE('',*,*,#10944,.F.);
#11366 = ORIENTED_EDGE('',*,*,#11340,.T.);
#11367 = PLANE('',#11368);
#11368 = AXIS2_PLACEMENT_3D('',#11369,#11370,#11371);
#11369 = CARTESIAN_POINT('',(-1.23849201637,2.899817295274,2.151));
#11370 = DIRECTION('',(-0.999974850186,7.092178509954E-03,0.));
#11371 = DIRECTION('',(-7.092178509954E-03,-0.999974850186,0.));
#11372 = ADVANCED_FACE('',(#11373),#11384,.F.);
#11373 = FACE_BOUND('',#11374,.F.);
#11374 = EDGE_LOOP('',(#11375,#11376,#11377,#11383));
#11375 = ORIENTED_EDGE('',*,*,#11360,.F.);
#11376 = ORIENTED_EDGE('',*,*,#10952,.T.);
#11377 = ORIENTED_EDGE('',*,*,#11378,.T.);
#11378 = EDGE_CURVE('',#10953,#11230,#11379,.T.);
#11379 = LINE('',#11380,#11381);
#11380 = CARTESIAN_POINT('',(-1.286236354394,2.88258356443,2.151));
#11381 = VECTOR('',#11382,1.);
#11382 = DIRECTION('',(-0.,-0.,-1.));
#11383 = ORIENTED_EDGE('',*,*,#11238,.F.);
#11384 = B_SPLINE_SURFACE_WITH_KNOTS('',3,1,(
    (#11385,#11386)
    ,(#11387,#11388)
    ,(#11389,#11390)
    ,(#11391,#11392
    )),.UNSPECIFIED.,.F.,.F.,.F.,(4,4),(2,2),(12.,13.),(0.,1.),
  .PIECEWISE_BEZIER_KNOTS.);
#11385 = CARTESIAN_POINT('',(-1.23849201637,2.899817295274,2.151));
#11386 = CARTESIAN_POINT('',(-1.23849201637,2.899817295274,2.15));
#11387 = CARTESIAN_POINT('',(-1.252922905215,2.88827406274,2.151));
#11388 = CARTESIAN_POINT('',(-1.252922905215,2.88827406274,2.15));
#11389 = CARTESIAN_POINT('',(-1.268820847303,2.882460047438,2.151));
#11390 = CARTESIAN_POINT('',(-1.268820847303,2.882460047438,2.15));
#11391 = CARTESIAN_POINT('',(-1.286236354394,2.88258356443,2.151));
#11392 = CARTESIAN_POINT('',(-1.286236354394,2.88258356443,2.15));
#11393 = ADVANCED_FACE('',(#11394),#11405,.F.);
#11394 = FACE_BOUND('',#11395,.F.);
#11395 = EDGE_LOOP('',(#11396,#11397,#11398,#11404));
#11396 = ORIENTED_EDGE('',*,*,#11378,.F.);
#11397 = ORIENTED_EDGE('',*,*,#10961,.T.);
#11398 = ORIENTED_EDGE('',*,*,#11399,.T.);
#11399 = EDGE_CURVE('',#10962,#11222,#11400,.T.);
#11400 = LINE('',#11401,#11402);
#11401 = CARTESIAN_POINT('',(-1.315408567501,2.918351079257,2.151));
#11402 = VECTOR('',#11403,1.);
#11403 = DIRECTION('',(-0.,-0.,-1.));
#11404 = ORIENTED_EDGE('',*,*,#11229,.F.);
#11405 = B_SPLINE_SURFACE_WITH_KNOTS('',3,1,(
    (#11406,#11407)
    ,(#11408,#11409)
    ,(#11410,#11411)
    ,(#11412,#11413
    )),.UNSPECIFIED.,.F.,.F.,.F.,(4,4),(2,2),(11.,12.),(0.,1.),
  .PIECEWISE_BEZIER_KNOTS.);
#11406 = CARTESIAN_POINT('',(-1.286236354394,2.88258356443,2.151));
#11407 = CARTESIAN_POINT('',(-1.286236354394,2.88258356443,2.15));
#11408 = CARTESIAN_POINT('',(-1.305835298194,2.882722567134,2.151));
#11409 = CARTESIAN_POINT('',(-1.305835298194,2.882722567134,2.15));
#11410 = CARTESIAN_POINT('',(-1.315576698093,2.894645194979,2.151));
#11411 = CARTESIAN_POINT('',(-1.315576698093,2.894645194979,2.15));
#11412 = CARTESIAN_POINT('',(-1.315408567501,2.918351079257,2.151));
#11413 = CARTESIAN_POINT('',(-1.315408567501,2.918351079257,2.15));
#11414 = ADVANCED_FACE('',(#11415),#11426,.F.);
#11415 = FACE_BOUND('',#11416,.T.);
#11416 = EDGE_LOOP('',(#11417,#11418,#11424,#11425));
#11417 = ORIENTED_EDGE('',*,*,#11221,.T.);
#11418 = ORIENTED_EDGE('',*,*,#11419,.F.);
#11419 = EDGE_CURVE('',#10971,#11213,#11420,.T.);
#11420 = LINE('',#11421,#11422);
#11421 = CARTESIAN_POINT('',(-1.272320902301,2.924076233745,2.151));
#11422 = VECTOR('',#11423,1.);
#11423 = DIRECTION('',(-0.,-0.,-1.));
#11424 = ORIENTED_EDGE('',*,*,#10970,.F.);
#11425 = ORIENTED_EDGE('',*,*,#11399,.T.);
#11426 = PLANE('',#11427);
#11427 = AXIS2_PLACEMENT_3D('',#11428,#11429,#11430);
#11428 = CARTESIAN_POINT('',(-1.272320902301,2.924076233745,2.151));
#11429 = DIRECTION('',(-0.131714611912,0.991287678229,0.));
#11430 = DIRECTION('',(-0.991287678229,-0.131714611912,0.));
#11431 = ADVANCED_FACE('',(#11432),#11443,.F.);
#11432 = FACE_BOUND('',#11433,.F.);
#11433 = EDGE_LOOP('',(#11434,#11435,#11436,#11442));
#11434 = ORIENTED_EDGE('',*,*,#11419,.F.);
#11435 = ORIENTED_EDGE('',*,*,#10978,.T.);
#11436 = ORIENTED_EDGE('',*,*,#11437,.T.);
#11437 = EDGE_CURVE('',#10979,#11204,#11438,.T.);
#11438 = LINE('',#11439,#11440);
#11439 = CARTESIAN_POINT('',(-1.223793073737,2.971146210507,2.151));
#11440 = VECTOR('',#11441,1.);
#11441 = DIRECTION('',(-0.,-0.,-1.));
#11442 = ORIENTED_EDGE('',*,*,#11212,.F.);
#11443 = B_SPLINE_SURFACE_WITH_KNOTS('',3,1,(
    (#11444,#11445)
    ,(#11446,#11447)
    ,(#11448,#11449)
    ,(#11450,#11451
    )),.UNSPECIFIED.,.F.,.F.,.F.,(4,4),(2,2),(9.,10.),(0.,1.),
  .PIECEWISE_BEZIER_KNOTS.);
#11444 = CARTESIAN_POINT('',(-1.272320902301,2.924076233745,2.151));
#11445 = CARTESIAN_POINT('',(-1.272320902301,2.924076233745,2.15));
#11446 = CARTESIAN_POINT('',(-1.240161481874,2.928319219146,2.151));
#11447 = CARTESIAN_POINT('',(-1.240161481874,2.928319219146,2.15));
#11448 = CARTESIAN_POINT('',(-1.223985539019,2.9440092114,2.151));
#11449 = CARTESIAN_POINT('',(-1.223985539019,2.9440092114,2.15));
#11450 = CARTESIAN_POINT('',(-1.223793073737,2.971146210507,2.151));
#11451 = CARTESIAN_POINT('',(-1.223793073737,2.971146210507,2.15));
#11452 = ADVANCED_FACE('',(#11453),#11464,.F.);
#11453 = FACE_BOUND('',#11454,.F.);
#11454 = EDGE_LOOP('',(#11455,#11456,#11457,#11463));
#11455 = ORIENTED_EDGE('',*,*,#11437,.F.);
#11456 = ORIENTED_EDGE('',*,*,#10987,.T.);
#11457 = ORIENTED_EDGE('',*,*,#11458,.T.);
#11458 = EDGE_CURVE('',#10988,#11195,#11459,.T.);
#11459 = LINE('',#11460,#11461);
#11460 = CARTESIAN_POINT('',(-1.236050842718,3.002114733761,2.151));
#11461 = VECTOR('',#11462,1.);
#11462 = DIRECTION('',(-0.,-0.,-1.));
#11463 = ORIENTED_EDGE('',*,*,#11203,.F.);
#11464 = B_SPLINE_SURFACE_WITH_KNOTS('',3,1,(
    (#11465,#11466)
    ,(#11467,#11468)
    ,(#11469,#11470)
    ,(#11471,#11472
    )),.UNSPECIFIED.,.F.,.F.,.F.,(4,4),(2,2),(8.,9.),(0.,1.),
  .PIECEWISE_BEZIER_KNOTS.);
#11465 = CARTESIAN_POINT('',(-1.223793073737,2.971146210507,2.151));
#11466 = CARTESIAN_POINT('',(-1.223793073737,2.971146210507,2.15));
#11467 = CARTESIAN_POINT('',(-1.223700896877,2.98414285759,2.151));
#11468 = CARTESIAN_POINT('',(-1.223700896877,2.98414285759,2.15));
#11469 = CARTESIAN_POINT('',(-1.227786819871,2.994465698675,2.151));
#11470 = CARTESIAN_POINT('',(-1.227786819871,2.994465698675,2.15));
#11471 = CARTESIAN_POINT('',(-1.236050842718,3.002114733761,2.151));
#11472 = CARTESIAN_POINT('',(-1.236050842718,3.002114733761,2.15));
#11473 = ADVANCED_FACE('',(#11474),#11485,.F.);
#11474 = FACE_BOUND('',#11475,.F.);
#11475 = EDGE_LOOP('',(#11476,#11477,#11478,#11484));
#11476 = ORIENTED_EDGE('',*,*,#11458,.F.);
#11477 = ORIENTED_EDGE('',*,*,#10996,.T.);
#11478 = ORIENTED_EDGE('',*,*,#11479,.T.);
#11479 = EDGE_CURVE('',#10997,#11186,#11480,.T.);
#11480 = LINE('',#11481,#11482);
#11481 = CARTESIAN_POINT('',(-1.269553063143,3.013789968198,2.151));
#11482 = VECTOR('',#11483,1.);
#11483 = DIRECTION('',(-0.,-0.,-1.));
#11484 = ORIENTED_EDGE('',*,*,#11194,.F.);
#11485 = B_SPLINE_SURFACE_WITH_KNOTS('',3,1,(
    (#11486,#11487)
    ,(#11488,#11489)
    ,(#11490,#11491)
    ,(#11492,#11493
    )),.UNSPECIFIED.,.F.,.F.,.F.,(4,4),(2,2),(7.,8.),(0.,1.),
  .PIECEWISE_BEZIER_KNOTS.);
#11486 = CARTESIAN_POINT('',(-1.236050842718,3.002114733761,2.151));
#11487 = CARTESIAN_POINT('',(-1.236050842718,3.002114733761,2.15));
#11488 = CARTESIAN_POINT('',(-1.244314865565,3.009763768847,2.151));
#11489 = CARTESIAN_POINT('',(-1.244314865565,3.009763768847,2.15));
#11490 = CARTESIAN_POINT('',(-1.255464697706,3.013690048482,2.151));
#11491 = CARTESIAN_POINT('',(-1.255464697706,3.013690048482,2.15));
#11492 = CARTESIAN_POINT('',(-1.269553063143,3.013789968198,2.151));
#11493 = CARTESIAN_POINT('',(-1.269553063143,3.013789968198,2.15));
#11494 = ADVANCED_FACE('',(#11495),#11506,.F.);
#11495 = FACE_BOUND('',#11496,.F.);
#11496 = EDGE_LOOP('',(#11497,#11498,#11499,#11505));
#11497 = ORIENTED_EDGE('',*,*,#11479,.F.);
#11498 = ORIENTED_EDGE('',*,*,#11005,.T.);
#11499 = ORIENTED_EDGE('',*,*,#11500,.T.);
#11500 = EDGE_CURVE('',#11006,#11178,#11501,.T.);
#11501 = LINE('',#11502,#11503);
#11502 = CARTESIAN_POINT('',(-1.314237199057,2.988216260776,2.151));
#11503 = VECTOR('',#11504,1.);
#11504 = DIRECTION('',(-0.,-0.,-1.));
#11505 = ORIENTED_EDGE('',*,*,#11185,.F.);
#11506 = B_SPLINE_SURFACE_WITH_KNOTS('',3,1,(
    (#11507,#11508)
    ,(#11509,#11510)
    ,(#11511,#11512)
    ,(#11513,#11514
    )),.UNSPECIFIED.,.F.,.F.,.F.,(4,4),(2,2),(6.,7.),(0.,1.),
  .PIECEWISE_BEZIER_KNOTS.);
#11507 = CARTESIAN_POINT('',(-1.269553063143,3.013789968198,2.151));
#11508 = CARTESIAN_POINT('',(-1.269553063143,3.013789968198,2.15));
#11509 = CARTESIAN_POINT('',(-1.289152006943,3.013928970902,2.151));
#11510 = CARTESIAN_POINT('',(-1.289152006943,3.013928970902,2.15));
#11511 = CARTESIAN_POINT('',(-1.304081376641,3.005404647566,2.151));
#11512 = CARTESIAN_POINT('',(-1.304081376641,3.005404647566,2.15));
#11513 = CARTESIAN_POINT('',(-1.314237199057,2.988216260776,2.151));
#11514 = CARTESIAN_POINT('',(-1.314237199057,2.988216260776,2.15));
#11515 = ADVANCED_FACE('',(#11516),#11527,.F.);
#11516 = FACE_BOUND('',#11517,.T.);
#11517 = EDGE_LOOP('',(#11518,#11519,#11525,#11526));
#11518 = ORIENTED_EDGE('',*,*,#11177,.T.);
#11519 = ORIENTED_EDGE('',*,*,#11520,.F.);
#11520 = EDGE_CURVE('',#11015,#11170,#11521,.T.);
#11521 = LINE('',#11522,#11523);
#11522 = CARTESIAN_POINT('',(-1.314913024705,2.988221053973,2.151));
#11523 = VECTOR('',#11524,1.);
#11524 = DIRECTION('',(-0.,-0.,-1.));
#11525 = ORIENTED_EDGE('',*,*,#11014,.F.);
#11526 = ORIENTED_EDGE('',*,*,#11500,.T.);
#11527 = PLANE('',#11528);
#11528 = AXIS2_PLACEMENT_3D('',#11529,#11530,#11531);
#11529 = CARTESIAN_POINT('',(-1.314913024705,2.988221053973,2.151));
#11530 = DIRECTION('',(-7.092178510045E-03,-0.999974850186,0.));
#11531 = DIRECTION('',(0.999974850186,-7.092178510045E-03,0.));
#11532 = ADVANCED_FACE('',(#11533),#11544,.F.);
#11533 = FACE_BOUND('',#11534,.T.);
#11534 = EDGE_LOOP('',(#11535,#11536,#11542,#11543));
#11535 = ORIENTED_EDGE('',*,*,#11169,.T.);
#11536 = ORIENTED_EDGE('',*,*,#11537,.F.);
#11537 = EDGE_CURVE('',#11023,#11162,#11538,.T.);
#11538 = LINE('',#11539,#11540);
#11539 = CARTESIAN_POINT('',(-1.314753743092,3.010679260131,2.151));
#11540 = VECTOR('',#11541,1.);
#11541 = DIRECTION('',(-0.,-0.,-1.));
#11542 = ORIENTED_EDGE('',*,*,#11022,.F.);
#11543 = ORIENTED_EDGE('',*,*,#11520,.T.);
#11544 = PLANE('',#11545);
#11545 = AXIS2_PLACEMENT_3D('',#11546,#11547,#11548);
#11546 = CARTESIAN_POINT('',(-1.314753743092,3.010679260131,2.151));
#11547 = DIRECTION('',(-0.999974850186,7.092178509949E-03,0.));
#11548 = DIRECTION('',(-7.092178509949E-03,-0.999974850186,0.));
#11549 = ADVANCED_FACE('',(#11550),#11561,.F.);
#11550 = FACE_BOUND('',#11551,.T.);
#11551 = EDGE_LOOP('',(#11552,#11553,#11559,#11560));
#11552 = ORIENTED_EDGE('',*,*,#11161,.T.);
#11553 = ORIENTED_EDGE('',*,*,#11554,.F.);
#11554 = EDGE_CURVE('',#11031,#11154,#11555,.T.);
#11555 = LINE('',#11556,#11557);
#11556 = CARTESIAN_POINT('',(-1.340227171374,3.010859926775,2.151));
#11557 = VECTOR('',#11558,1.);
#11558 = DIRECTION('',(-0.,-0.,-1.));
#11559 = ORIENTED_EDGE('',*,*,#11030,.F.);
#11560 = ORIENTED_EDGE('',*,*,#11537,.T.);
#11561 = PLANE('',#11562);
#11562 = AXIS2_PLACEMENT_3D('',#11563,#11564,#11565);
#11563 = CARTESIAN_POINT('',(-1.340227171374,3.010859926775,2.151));
#11564 = DIRECTION('',(-7.092178509968E-03,-0.999974850186,0.));
#11565 = DIRECTION('',(0.999974850186,-7.092178509968E-03,0.));
#11566 = ADVANCED_FACE('',(#11567),#11578,.F.);
#11567 = FACE_BOUND('',#11568,.T.);
#11568 = EDGE_LOOP('',(#11569,#11570,#11576,#11577));
#11569 = ORIENTED_EDGE('',*,*,#11153,.T.);
#11570 = ORIENTED_EDGE('',*,*,#11571,.F.);
#11571 = EDGE_CURVE('',#11039,#11145,#11572,.T.);
#11572 = LINE('',#11573,#11574);
#11573 = CARTESIAN_POINT('',(-1.340890107347,2.917388040959,2.151));
#11574 = VECTOR('',#11575,1.);
#11575 = DIRECTION('',(-0.,-0.,-1.));
#11576 = ORIENTED_EDGE('',*,*,#11038,.F.);
#11577 = ORIENTED_EDGE('',*,*,#11554,.T.);
#11578 = PLANE('',#11579);
#11579 = AXIS2_PLACEMENT_3D('',#11580,#11581,#11582);
#11580 = CARTESIAN_POINT('',(-1.340890107347,2.917388040959,2.151));
#11581 = DIRECTION('',(0.999974850186,-7.092178509963E-03,0.));
#11582 = DIRECTION('',(7.092178509963E-03,0.999974850186,0.));
#11583 = ADVANCED_FACE('',(#11584),#11590,.F.);
#11584 = FACE_BOUND('',#11585,.F.);
#11585 = EDGE_LOOP('',(#11586,#11587,#11588,#11589));
#11586 = ORIENTED_EDGE('',*,*,#11571,.F.);
#11587 = ORIENTED_EDGE('',*,*,#11046,.T.);
#11588 = ORIENTED_EDGE('',*,*,#11333,.T.);
#11589 = ORIENTED_EDGE('',*,*,#11144,.F.);
#11590 = B_SPLINE_SURFACE_WITH_KNOTS('',3,1,(
    (#11591,#11592)
    ,(#11593,#11594)
    ,(#11595,#11596)
    ,(#11597,#11598
    )),.UNSPECIFIED.,.F.,.F.,.F.,(4,4),(2,2),(1.,2.),(0.,1.),
  .PIECEWISE_BEZIER_KNOTS.);
#11591 = CARTESIAN_POINT('',(-1.340890107347,2.917388040959,2.151));
#11592 = CARTESIAN_POINT('',(-1.340890107347,2.917388040959,2.15));
#11593 = CARTESIAN_POINT('',(-1.341151152213,2.880581536421,2.151));
#11594 = CARTESIAN_POINT('',(-1.341151152213,2.880581536421,2.15));
#11595 = CARTESIAN_POINT('',(-1.323761456963,2.862158002922,2.151));
#11596 = CARTESIAN_POINT('',(-1.323761456963,2.862158002922,2.15));
#11597 = CARTESIAN_POINT('',(-1.288774483018,2.861909862817,2.151));
#11598 = CARTESIAN_POINT('',(-1.288774483018,2.861909862817,2.15));
#11599 = ADVANCED_FACE('',(#11600),#11616,.T.);
#11600 = FACE_BOUND('',#11601,.T.);
#11601 = EDGE_LOOP('',(#11602,#11603,#11609,#11610));
#11602 = ORIENTED_EDGE('',*,*,#11255,.F.);
#11603 = ORIENTED_EDGE('',*,*,#11604,.F.);
#11604 = EDGE_CURVE('',#11067,#11256,#11605,.T.);
#11605 = LINE('',#11606,#11607);
#11606 = CARTESIAN_POINT('',(-1.281238995898,2.942127748402,2.151));
#11607 = VECTOR('',#11608,1.);
#11608 = DIRECTION('',(-0.,-0.,-1.));
#11609 = ORIENTED_EDGE('',*,*,#11066,.T.);
#11610 = ORIENTED_EDGE('',*,*,#11611,.T.);
#11611 = EDGE_CURVE('',#11056,#11258,#11612,.T.);
#11612 = LINE('',#11613,#11614);
#11613 = CARTESIAN_POINT('',(-1.25653393535,2.95089467427,2.151));
#11614 = VECTOR('',#11615,1.);
#11615 = DIRECTION('',(-0.,-0.,-1.));
#11616 = B_SPLINE_SURFACE_WITH_KNOTS('',3,1,(
    (#11617,#11618)
    ,(#11619,#11620)
    ,(#11621,#11622)
    ,(#11623,#11624
    )),.UNSPECIFIED.,.F.,.F.,.F.,(4,4),(2,2),(0.,1.),(0.,1.),
  .PIECEWISE_BEZIER_KNOTS.);
#11617 = CARTESIAN_POINT('',(-1.281238995898,2.942127748402,2.151));
#11618 = CARTESIAN_POINT('',(-1.281238995898,2.942127748402,2.15));
#11619 = CARTESIAN_POINT('',(-1.269322268532,2.943706885226,2.151));
#11620 = CARTESIAN_POINT('',(-1.269322268532,2.943706885226,2.15));
#11621 = CARTESIAN_POINT('',(-1.261087739959,2.946559878397,2.151));
#11622 = CARTESIAN_POINT('',(-1.261087739959,2.946559878397,2.15));
#11623 = CARTESIAN_POINT('',(-1.25653393535,2.95089467427,2.151));
#11624 = CARTESIAN_POINT('',(-1.25653393535,2.95089467427,2.15));
#11625 = ADVANCED_FACE('',(#11626),#11637,.T.);
#11626 = FACE_BOUND('',#11627,.T.);
#11627 = EDGE_LOOP('',(#11628,#11629,#11630,#11631));
#11628 = ORIENTED_EDGE('',*,*,#11266,.F.);
#11629 = ORIENTED_EDGE('',*,*,#11611,.F.);
#11630 = ORIENTED_EDGE('',*,*,#11055,.T.);
#11631 = ORIENTED_EDGE('',*,*,#11632,.T.);
#11632 = EDGE_CURVE('',#11058,#11267,#11633,.T.);
#11633 = LINE('',#11634,#11635);
#11634 = CARTESIAN_POINT('',(-1.249645156435,2.969249994572,2.151));
#11635 = VECTOR('',#11636,1.);
#11636 = DIRECTION('',(-0.,-0.,-1.));
#11637 = B_SPLINE_SURFACE_WITH_KNOTS('',3,1,(
    (#11638,#11639)
    ,(#11640,#11641)
    ,(#11642,#11643)
    ,(#11644,#11645
    )),.UNSPECIFIED.,.F.,.F.,.F.,(4,4),(2,2),(1.,2.),(0.,1.),
  .PIECEWISE_BEZIER_KNOTS.);
#11638 = CARTESIAN_POINT('',(-1.25653393535,2.95089467427,2.151));
#11639 = CARTESIAN_POINT('',(-1.25653393535,2.95089467427,2.15));
#11640 = CARTESIAN_POINT('',(-1.252032117329,2.955229838849,2.151));
#11641 = CARTESIAN_POINT('',(-1.252032117329,2.955229838849,2.15));
#11642 = CARTESIAN_POINT('',(-1.249701199965,2.961348033145,2.151));
#11643 = CARTESIAN_POINT('',(-1.249701199965,2.961348033145,2.15));
#11644 = CARTESIAN_POINT('',(-1.249645156435,2.969249994572,2.151));
#11645 = CARTESIAN_POINT('',(-1.249645156435,2.969249994572,2.15));
#11646 = ADVANCED_FACE('',(#11647),#11658,.T.);
#11647 = FACE_BOUND('',#11648,.T.);
#11648 = EDGE_LOOP('',(#11649,#11650,#11651,#11652));
#11649 = ORIENTED_EDGE('',*,*,#11275,.F.);
#11650 = ORIENTED_EDGE('',*,*,#11632,.F.);
#11651 = ORIENTED_EDGE('',*,*,#11118,.T.);
#11652 = ORIENTED_EDGE('',*,*,#11653,.T.);
#11653 = EDGE_CURVE('',#11110,#11276,#11654,.T.);
#11654 = LINE('',#11655,#11656);
#11655 = CARTESIAN_POINT('',(-1.256907053353,2.986249978823,2.151));
#11656 = VECTOR('',#11657,1.);
#11657 = DIRECTION('',(-0.,-0.,-1.));
#11658 = B_SPLINE_SURFACE_WITH_KNOTS('',3,1,(
    (#11659,#11660)
    ,(#11661,#11662)
    ,(#11663,#11664)
    ,(#11665,#11666
    )),.UNSPECIFIED.,.F.,.F.,.F.,(4,4),(2,2),(2.,3.),(0.,1.),
  .PIECEWISE_BEZIER_KNOTS.);
#11659 = CARTESIAN_POINT('',(-1.249645156435,2.969249994572,2.151));
#11660 = CARTESIAN_POINT('',(-1.249645156435,2.969249994572,2.15));
#11661 = CARTESIAN_POINT('',(-1.249595749638,2.976216197407,2.151));
#11662 = CARTESIAN_POINT('',(-1.249595749638,2.976216197407,2.15));
#11663 = CARTESIAN_POINT('',(-1.251999298886,2.981848078197,2.151));
#11664 = CARTESIAN_POINT('',(-1.251999298886,2.981848078197,2.15));
#11665 = CARTESIAN_POINT('',(-1.256907053353,2.986249978823,2.151));
#11666 = CARTESIAN_POINT('',(-1.256907053353,2.986249978823,2.15));
#11667 = ADVANCED_FACE('',(#11668),#11679,.T.);
#11668 = FACE_BOUND('',#11669,.T.);
#11669 = EDGE_LOOP('',(#11670,#11671,#11672,#11673));
#11670 = ORIENTED_EDGE('',*,*,#11284,.F.);
#11671 = ORIENTED_EDGE('',*,*,#11653,.F.);
#11672 = ORIENTED_EDGE('',*,*,#11109,.T.);
#11673 = ORIENTED_EDGE('',*,*,#11674,.T.);
#11674 = EDGE_CURVE('',#11101,#11285,#11675,.T.);
#11675 = LINE('',#11676,#11677);
#11676 = CARTESIAN_POINT('',(-1.276303580251,2.992938185534,2.151));
#11677 = VECTOR('',#11678,1.);
#11678 = DIRECTION('',(-0.,-0.,-1.));
#11679 = B_SPLINE_SURFACE_WITH_KNOTS('',3,1,(
    (#11680,#11681)
    ,(#11682,#11683)
    ,(#11684,#11685)
    ,(#11686,#11687
    )),.UNSPECIFIED.,.F.,.F.,.F.,(4,4),(2,2),(3.,4.),(0.,1.),
  .PIECEWISE_BEZIER_KNOTS.);
#11680 = CARTESIAN_POINT('',(-1.256907053353,2.986249978823,2.151));
#11681 = CARTESIAN_POINT('',(-1.256907053353,2.986249978823,2.15));
#11682 = CARTESIAN_POINT('',(-1.261762821231,2.990651510741,2.151));
#11683 = CARTESIAN_POINT('',(-1.261762821231,2.990651510741,2.15));
#11684 = CARTESIAN_POINT('',(-1.268245659059,2.992881035881,2.151));
#11685 = CARTESIAN_POINT('',(-1.268245659059,2.992881035881,2.15));
#11686 = CARTESIAN_POINT('',(-1.276303580251,2.992938185534,2.151));
#11687 = CARTESIAN_POINT('',(-1.276303580251,2.992938185534,2.15));
#11688 = ADVANCED_FACE('',(#11689),#11700,.T.);
#11689 = FACE_BOUND('',#11690,.T.);
#11690 = EDGE_LOOP('',(#11691,#11692,#11693,#11694));
#11691 = ORIENTED_EDGE('',*,*,#11293,.F.);
#11692 = ORIENTED_EDGE('',*,*,#11674,.F.);
#11693 = ORIENTED_EDGE('',*,*,#11100,.T.);
#11694 = ORIENTED_EDGE('',*,*,#11695,.T.);
#11695 = EDGE_CURVE('',#11092,#11294,#11696,.T.);
#11696 = LINE('',#11697,#11698);
#11697 = CARTESIAN_POINT('',(-1.304044510538,2.981281395751,2.151));
#11698 = VECTOR('',#11699,1.);
#11699 = DIRECTION('',(-0.,-0.,-1.));
#11700 = B_SPLINE_SURFACE_WITH_KNOTS('',3,1,(
    (#11701,#11702)
    ,(#11703,#11704)
    ,(#11705,#11706)
    ,(#11707,#11708
    )),.UNSPECIFIED.,.F.,.F.,.F.,(4,4),(2,2),(4.,5.),(0.,1.),
  .PIECEWISE_BEZIER_KNOTS.);
#11701 = CARTESIAN_POINT('',(-1.276303580251,2.992938185534,2.151));
#11702 = CARTESIAN_POINT('',(-1.276303580251,2.992938185534,2.15));
#11703 = CARTESIAN_POINT('',(-1.287480696742,2.993017457633,2.151));
#11704 = CARTESIAN_POINT('',(-1.287480696742,2.993017457633,2.15));
#11705 = CARTESIAN_POINT('',(-1.296762331229,2.989132106844,2.151));
#11706 = CARTESIAN_POINT('',(-1.296762331229,2.989132106844,2.15));
#11707 = CARTESIAN_POINT('',(-1.304044510538,2.981281395751,2.151));
#11708 = CARTESIAN_POINT('',(-1.304044510538,2.981281395751,2.15));
#11709 = ADVANCED_FACE('',(#11710),#11721,.T.);
#11710 = FACE_BOUND('',#11711,.T.);
#11711 = EDGE_LOOP('',(#11712,#11713,#11714,#11715));
#11712 = ORIENTED_EDGE('',*,*,#11302,.F.);
#11713 = ORIENTED_EDGE('',*,*,#11695,.F.);
#11714 = ORIENTED_EDGE('',*,*,#11091,.T.);
#11715 = ORIENTED_EDGE('',*,*,#11716,.T.);
#11716 = EDGE_CURVE('',#11084,#11303,#11717,.T.);
#11717 = LINE('',#11718,#11719);
#11718 = CARTESIAN_POINT('',(-1.315171857327,2.951726468966,2.151));
#11719 = VECTOR('',#11720,1.);
#11720 = DIRECTION('',(-0.,-0.,-1.));
#11721 = B_SPLINE_SURFACE_WITH_KNOTS('',3,1,(
    (#11722,#11723)
    ,(#11724,#11725)
    ,(#11726,#11727)
    ,(#11728,#11729
    )),.UNSPECIFIED.,.F.,.F.,.F.,(4,4),(2,2),(5.,6.),(0.,1.),
  .PIECEWISE_BEZIER_KNOTS.);
#11722 = CARTESIAN_POINT('',(-1.304044510538,2.981281395751,2.151));
#11723 = CARTESIAN_POINT('',(-1.304044510538,2.981281395751,2.15));
#11724 = CARTESIAN_POINT('',(-1.31137793902,2.973535026544,2.151));
#11725 = CARTESIAN_POINT('',(-1.31137793902,2.973535026544,2.15));
#11726 = CARTESIAN_POINT('',(-1.315087054616,2.963683384282,2.151));
#11727 = CARTESIAN_POINT('',(-1.315087054616,2.963683384282,2.15));
#11728 = CARTESIAN_POINT('',(-1.315171857327,2.951726468966,2.151));
#11729 = CARTESIAN_POINT('',(-1.315171857327,2.951726468966,2.15));
#11730 = ADVANCED_FACE('',(#11731),#11742,.T.);
#11731 = FACE_BOUND('',#11732,.T.);
#11732 = EDGE_LOOP('',(#11733,#11734,#11735,#11736));
#11733 = ORIENTED_EDGE('',*,*,#11311,.F.);
#11734 = ORIENTED_EDGE('',*,*,#11716,.F.);
#11735 = ORIENTED_EDGE('',*,*,#11083,.T.);
#11736 = ORIENTED_EDGE('',*,*,#11737,.T.);
#11737 = EDGE_CURVE('',#11076,#11312,#11738,.T.);
#11738 = LINE('',#11739,#11740);
#11739 = CARTESIAN_POINT('',(-1.31527067092,2.937794063292,2.151));
#11740 = VECTOR('',#11741,1.);
#11741 = DIRECTION('',(-0.,-0.,-1.));
#11742 = PLANE('',#11743);
#11743 = AXIS2_PLACEMENT_3D('',#11744,#11745,#11746);
#11744 = CARTESIAN_POINT('',(-1.315171857327,2.951726468966,2.151));
#11745 = DIRECTION('',(0.999974850186,-7.09217850997E-03,0.));
#11746 = DIRECTION('',(7.09217850997E-03,0.999974850186,0.));
#11747 = ADVANCED_FACE('',(#11748),#11754,.T.);
#11748 = FACE_BOUND('',#11749,.T.);
#11749 = EDGE_LOOP('',(#11750,#11751,#11752,#11753));
#11750 = ORIENTED_EDGE('',*,*,#11319,.F.);
#11751 = ORIENTED_EDGE('',*,*,#11737,.F.);
#11752 = ORIENTED_EDGE('',*,*,#11075,.T.);
#11753 = ORIENTED_EDGE('',*,*,#11604,.T.);
#11754 = PLANE('',#11755);
#11755 = AXIS2_PLACEMENT_3D('',#11756,#11757,#11758);
#11756 = CARTESIAN_POINT('',(-1.31527067092,2.937794063292,2.151));
#11757 = DIRECTION('',(-0.126322577277,0.991989216912,0.));
#11758 = DIRECTION('',(-0.991989216912,-0.126322577277,0.));
#11759 = MANIFOLD_SOLID_BREP('',#11760);
#11760 = CLOSED_SHELL('',(#11761,#11807,#11838,#11875,#11912,#11949,
    #11986,#12023,#12060,#12097,#12134,#12171,#12208,#12239,#12276,
    #12313,#12350,#12387,#12424,#12461,#12498,#12526,#12555));
#11761 = ADVANCED_FACE('',(#11762),#11798,.F.);
#11762 = FACE_BOUND('',#11763,.F.);
#11763 = EDGE_LOOP('',(#11764,#11774,#11783,#11791));
#11764 = ORIENTED_EDGE('',*,*,#11765,.F.);
#11765 = EDGE_CURVE('',#11766,#11768,#11770,.T.);
#11766 = VERTEX_POINT('',#11767);
#11767 = CARTESIAN_POINT('',(-1.416770604504,2.994038406207,2.151));
#11768 = VERTEX_POINT('',#11769);
#11769 = CARTESIAN_POINT('',(-1.416770604504,2.994038406207,2.15));
#11770 = LINE('',#11771,#11772);
#11771 = CARTESIAN_POINT('',(-1.416770604504,2.994038406207,2.151));
#11772 = VECTOR('',#11773,1.);
#11773 = DIRECTION('',(-0.,-0.,-1.));
#11774 = ORIENTED_EDGE('',*,*,#11775,.T.);
#11775 = EDGE_CURVE('',#11766,#11776,#11778,.T.);
#11776 = VERTEX_POINT('',#11777);
#11777 = CARTESIAN_POINT('',(-1.374968965318,2.979704849164,2.151));
#11778 = B_SPLINE_CURVE_WITH_KNOTS('',3,(#11779,#11780,#11781,#11782),
  .UNSPECIFIED.,.F.,.F.,(4,4),(0.,1.),.PIECEWISE_BEZIER_KNOTS.);
#11779 = CARTESIAN_POINT('',(-1.416770604504,2.994038406207,2.151));
#11780 = CARTESIAN_POINT('',(-1.401798467064,2.993932218465,2.151));
#11781 = CARTESIAN_POINT('',(-1.387899245061,2.989154611922,2.151));
#11782 = CARTESIAN_POINT('',(-1.374968965318,2.979704849164,2.151));
#11783 = ORIENTED_EDGE('',*,*,#11784,.T.);
#11784 = EDGE_CURVE('',#11776,#11785,#11787,.T.);
#11785 = VERTEX_POINT('',#11786);
#11786 = CARTESIAN_POINT('',(-1.374968965318,2.979704849164,2.15));
#11787 = LINE('',#11788,#11789);
#11788 = CARTESIAN_POINT('',(-1.374968965318,2.979704849164,2.151));
#11789 = VECTOR('',#11790,1.);
#11790 = DIRECTION('',(-0.,-0.,-1.));
#11791 = ORIENTED_EDGE('',*,*,#11792,.F.);
#11792 = EDGE_CURVE('',#11768,#11785,#11793,.T.);
#11793 = B_SPLINE_CURVE_WITH_KNOTS('',3,(#11794,#11795,#11796,#11797),
  .UNSPECIFIED.,.F.,.F.,(4,4),(0.,1.),.PIECEWISE_BEZIER_KNOTS.);
#11794 = CARTESIAN_POINT('',(-1.416770604504,2.994038406207,2.15));
#11795 = CARTESIAN_POINT('',(-1.401798467064,2.993932218465,2.15));
#11796 = CARTESIAN_POINT('',(-1.387899245061,2.989154611922,2.15));
#11797 = CARTESIAN_POINT('',(-1.374968965318,2.979704849164,2.15));
#11798 = B_SPLINE_SURFACE_WITH_KNOTS('',3,1,(
    (#11799,#11800)
    ,(#11801,#11802)
    ,(#11803,#11804)
    ,(#11805,#11806
    )),.UNSPECIFIED.,.F.,.F.,.F.,(4,4),(2,2),(0.,1.),(0.,1.),
  .PIECEWISE_BEZIER_KNOTS.);
#11799 = CARTESIAN_POINT('',(-1.416770604504,2.994038406207,2.151));
#11800 = CARTESIAN_POINT('',(-1.416770604504,2.994038406207,2.15));
#11801 = CARTESIAN_POINT('',(-1.401798467064,2.993932218465,2.151));
#11802 = CARTESIAN_POINT('',(-1.401798467064,2.993932218465,2.15));
#11803 = CARTESIAN_POINT('',(-1.387899245061,2.989154611922,2.151));
#11804 = CARTESIAN_POINT('',(-1.387899245061,2.989154611922,2.15));
#11805 = CARTESIAN_POINT('',(-1.374968965318,2.979704849164,2.151));
#11806 = CARTESIAN_POINT('',(-1.374968965318,2.979704849164,2.15));
#11807 = ADVANCED_FACE('',(#11808),#11833,.F.);
#11808 = FACE_BOUND('',#11809,.T.);
#11809 = EDGE_LOOP('',(#11810,#11818,#11826,#11832));
#11810 = ORIENTED_EDGE('',*,*,#11811,.T.);
#11811 = EDGE_CURVE('',#11785,#11812,#11814,.T.);
#11812 = VERTEX_POINT('',#11813);
#11813 = CARTESIAN_POINT('',(-1.374782399354,3.006010062858,2.15));
#11814 = LINE('',#11815,#11816);
#11815 = CARTESIAN_POINT('',(-1.374782399354,3.006010062858,2.15));
#11816 = VECTOR('',#11817,1.);
#11817 = DIRECTION('',(7.092178509967E-03,0.999974850186,-0.));
#11818 = ORIENTED_EDGE('',*,*,#11819,.F.);
#11819 = EDGE_CURVE('',#11820,#11812,#11822,.T.);
#11820 = VERTEX_POINT('',#11821);
#11821 = CARTESIAN_POINT('',(-1.374782399354,3.006010062858,2.151));
#11822 = LINE('',#11823,#11824);
#11823 = CARTESIAN_POINT('',(-1.374782399354,3.006010062858,2.151));
#11824 = VECTOR('',#11825,1.);
#11825 = DIRECTION('',(-0.,-0.,-1.));
#11826 = ORIENTED_EDGE('',*,*,#11827,.F.);
#11827 = EDGE_CURVE('',#11776,#11820,#11828,.T.);
#11828 = LINE('',#11829,#11830);
#11829 = CARTESIAN_POINT('',(-1.374782399354,3.006010062858,2.151));
#11830 = VECTOR('',#11831,1.);
#11831 = DIRECTION('',(7.092178509967E-03,0.999974850186,-0.));
#11832 = ORIENTED_EDGE('',*,*,#11784,.T.);
#11833 = PLANE('',#11834);
#11834 = AXIS2_PLACEMENT_3D('',#11835,#11836,#11837);
#11835 = CARTESIAN_POINT('',(-1.374782399354,3.006010062858,2.151));
#11836 = DIRECTION('',(-0.999974850186,7.092178509967E-03,0.));
#11837 = DIRECTION('',(-7.092178509967E-03,-0.999974850186,0.));
#11838 = ADVANCED_FACE('',(#11839),#11866,.F.);
#11839 = FACE_BOUND('',#11840,.F.);
#11840 = EDGE_LOOP('',(#11841,#11842,#11851,#11859));
#11841 = ORIENTED_EDGE('',*,*,#11819,.F.);
#11842 = ORIENTED_EDGE('',*,*,#11843,.T.);
#11843 = EDGE_CURVE('',#11820,#11844,#11846,.T.);
#11844 = VERTEX_POINT('',#11845);
#11845 = CARTESIAN_POINT('',(-1.414127765289,3.014815343582,2.151));
#11846 = B_SPLINE_CURVE_WITH_KNOTS('',3,(#11847,#11848,#11849,#11850),
  .UNSPECIFIED.,.F.,.F.,(4,4),(19.,20.),.PIECEWISE_BEZIER_KNOTS.);
#11847 = CARTESIAN_POINT('',(-1.374782399354,3.006010062858,2.151));
#11848 = CARTESIAN_POINT('',(-1.38597168203,3.011704255204,2.151));
#11849 = CARTESIAN_POINT('',(-1.399051654673,3.014708418425,2.151));
#11850 = CARTESIAN_POINT('',(-1.414127765289,3.014815343582,2.151));
#11851 = ORIENTED_EDGE('',*,*,#11852,.T.);
#11852 = EDGE_CURVE('',#11844,#11853,#11855,.T.);
#11853 = VERTEX_POINT('',#11854);
#11854 = CARTESIAN_POINT('',(-1.414127765289,3.014815343582,2.15));
#11855 = LINE('',#11856,#11857);
#11856 = CARTESIAN_POINT('',(-1.414127765289,3.014815343582,2.151));
#11857 = VECTOR('',#11858,1.);
#11858 = DIRECTION('',(-0.,-0.,-1.));
#11859 = ORIENTED_EDGE('',*,*,#11860,.F.);
#11860 = EDGE_CURVE('',#11812,#11853,#11861,.T.);
#11861 = B_SPLINE_CURVE_WITH_KNOTS('',3,(#11862,#11863,#11864,#11865),
  .UNSPECIFIED.,.F.,.F.,(4,4),(19.,20.),.PIECEWISE_BEZIER_KNOTS.);
#11862 = CARTESIAN_POINT('',(-1.374782399354,3.006010062858,2.15));
#11863 = CARTESIAN_POINT('',(-1.38597168203,3.011704255204,2.15));
#11864 = CARTESIAN_POINT('',(-1.399051654673,3.014708418425,2.15));
#11865 = CARTESIAN_POINT('',(-1.414127765289,3.014815343582,2.15));
#11866 = B_SPLINE_SURFACE_WITH_KNOTS('',3,1,(
    (#11867,#11868)
    ,(#11869,#11870)
    ,(#11871,#11872)
    ,(#11873,#11874
    )),.UNSPECIFIED.,.F.,.F.,.F.,(4,4),(2,2),(19.,20.),(0.,1.),
  .PIECEWISE_BEZIER_KNOTS.);
#11867 = CARTESIAN_POINT('',(-1.374782399354,3.006010062858,2.151));
#11868 = CARTESIAN_POINT('',(-1.374782399354,3.006010062858,2.15));
#11869 = CARTESIAN_POINT('',(-1.38597168203,3.011704255204,2.151));
#11870 = CARTESIAN_POINT('',(-1.38597168203,3.011704255204,2.15));
#11871 = CARTESIAN_POINT('',(-1.399051654673,3.014708418425,2.151));
#11872 = CARTESIAN_POINT('',(-1.399051654673,3.014708418425,2.15));
#11873 = CARTESIAN_POINT('',(-1.414127765289,3.014815343582,2.151));
#11874 = CARTESIAN_POINT('',(-1.414127765289,3.014815343582,2.15));
#11875 = ADVANCED_FACE('',(#11876),#11903,.F.);
#11876 = FACE_BOUND('',#11877,.F.);
#11877 = EDGE_LOOP('',(#11878,#11879,#11888,#11896));
#11878 = ORIENTED_EDGE('',*,*,#11852,.F.);
#11879 = ORIENTED_EDGE('',*,*,#11880,.T.);
#11880 = EDGE_CURVE('',#11844,#11881,#11883,.T.);
#11881 = VERTEX_POINT('',#11882);
#11882 = CARTESIAN_POINT('',(-1.45652670124,3.003574448827,2.151));
#11883 = B_SPLINE_CURVE_WITH_KNOTS('',3,(#11884,#11885,#11886,#11887),
  .UNSPECIFIED.,.F.,.F.,(4,4),(18.,19.),.PIECEWISE_BEZIER_KNOTS.);
#11884 = CARTESIAN_POINT('',(-1.414127765289,3.014815343582,2.151));
#11885 = CARTESIAN_POINT('',(-1.431439299202,3.014938123158,2.151));
#11886 = CARTESIAN_POINT('',(-1.445606935578,3.011191404045,2.151));
#11887 = CARTESIAN_POINT('',(-1.45652670124,3.003574448827,2.151));
#11888 = ORIENTED_EDGE('',*,*,#11889,.T.);
#11889 = EDGE_CURVE('',#11881,#11890,#11892,.T.);
#11890 = VERTEX_POINT('',#11891);
#11891 = CARTESIAN_POINT('',(-1.45652670124,3.003574448827,2.15));
#11892 = LINE('',#11893,#11894);
#11893 = CARTESIAN_POINT('',(-1.45652670124,3.003574448827,2.151));
#11894 = VECTOR('',#11895,1.);
#11895 = DIRECTION('',(-0.,-0.,-1.));
#11896 = ORIENTED_EDGE('',*,*,#11897,.F.);
#11897 = EDGE_CURVE('',#11853,#11890,#11898,.T.);
#11898 = B_SPLINE_CURVE_WITH_KNOTS('',3,(#11899,#11900,#11901,#11902),
  .UNSPECIFIED.,.F.,.F.,(4,4),(18.,19.),.PIECEWISE_BEZIER_KNOTS.);
#11899 = CARTESIAN_POINT('',(-1.414127765289,3.014815343582,2.15));
#11900 = CARTESIAN_POINT('',(-1.431439299202,3.014938123158,2.15));
#11901 = CARTESIAN_POINT('',(-1.445606935578,3.011191404045,2.15));
#11902 = CARTESIAN_POINT('',(-1.45652670124,3.003574448827,2.15));
#11903 = B_SPLINE_SURFACE_WITH_KNOTS('',3,1,(
    (#11904,#11905)
    ,(#11906,#11907)
    ,(#11908,#11909)
    ,(#11910,#11911
    )),.UNSPECIFIED.,.F.,.F.,.F.,(4,4),(2,2),(18.,19.),(0.,1.),
  .PIECEWISE_BEZIER_KNOTS.);
#11904 = CARTESIAN_POINT('',(-1.414127765289,3.014815343582,2.151));
#11905 = CARTESIAN_POINT('',(-1.414127765289,3.014815343582,2.15));
#11906 = CARTESIAN_POINT('',(-1.431439299202,3.014938123158,2.151));
#11907 = CARTESIAN_POINT('',(-1.431439299202,3.014938123158,2.15));
#11908 = CARTESIAN_POINT('',(-1.445606935578,3.011191404045,2.151));
#11909 = CARTESIAN_POINT('',(-1.445606935578,3.011191404045,2.15));
#11910 = CARTESIAN_POINT('',(-1.45652670124,3.003574448827,2.151));
#11911 = CARTESIAN_POINT('',(-1.45652670124,3.003574448827,2.15));
#11912 = ADVANCED_FACE('',(#11913),#11940,.F.);
#11913 = FACE_BOUND('',#11914,.F.);
#11914 = EDGE_LOOP('',(#11915,#11916,#11925,#11933));
#11915 = ORIENTED_EDGE('',*,*,#11889,.F.);
#11916 = ORIENTED_EDGE('',*,*,#11917,.T.);
#11917 = EDGE_CURVE('',#11881,#11918,#11920,.T.);
#11918 = VERTEX_POINT('',#11919);
#11919 = CARTESIAN_POINT('',(-1.473125175856,2.972290692318,2.151));
#11920 = B_SPLINE_CURVE_WITH_KNOTS('',3,(#11921,#11922,#11923,#11924),
  .UNSPECIFIED.,.F.,.F.,(4,4),(17.,18.),.PIECEWISE_BEZIER_KNOTS.);
#11921 = CARTESIAN_POINT('',(-1.45652670124,3.003574448827,2.151));
#11922 = CARTESIAN_POINT('',(-1.467497716075,2.996061835492,2.151));
#11923 = CARTESIAN_POINT('',(-1.473030786752,2.985599258931,2.151));
#11924 = CARTESIAN_POINT('',(-1.473125175856,2.972290692318,2.151));
#11925 = ORIENTED_EDGE('',*,*,#11926,.T.);
#11926 = EDGE_CURVE('',#11918,#11927,#11929,.T.);
#11927 = VERTEX_POINT('',#11928);
#11928 = CARTESIAN_POINT('',(-1.473125175856,2.972290692318,2.15));
#11929 = LINE('',#11930,#11931);
#11930 = CARTESIAN_POINT('',(-1.473125175856,2.972290692318,2.151));
#11931 = VECTOR('',#11932,1.);
#11932 = DIRECTION('',(-0.,-0.,-1.));
#11933 = ORIENTED_EDGE('',*,*,#11934,.F.);
#11934 = EDGE_CURVE('',#11890,#11927,#11935,.T.);
#11935 = B_SPLINE_CURVE_WITH_KNOTS('',3,(#11936,#11937,#11938,#11939),
  .UNSPECIFIED.,.F.,.F.,(4,4),(17.,18.),.PIECEWISE_BEZIER_KNOTS.);
#11936 = CARTESIAN_POINT('',(-1.45652670124,3.003574448827,2.15));
#11937 = CARTESIAN_POINT('',(-1.467497716075,2.996061835492,2.15));
#11938 = CARTESIAN_POINT('',(-1.473030786752,2.985599258931,2.15));
#11939 = CARTESIAN_POINT('',(-1.473125175856,2.972290692318,2.15));
#11940 = B_SPLINE_SURFACE_WITH_KNOTS('',3,1,(
    (#11941,#11942)
    ,(#11943,#11944)
    ,(#11945,#11946)
    ,(#11947,#11948
    )),.UNSPECIFIED.,.F.,.F.,.F.,(4,4),(2,2),(17.,18.),(0.,1.),
  .PIECEWISE_BEZIER_KNOTS.);
#11941 = CARTESIAN_POINT('',(-1.45652670124,3.003574448827,2.151));
#11942 = CARTESIAN_POINT('',(-1.45652670124,3.003574448827,2.15));
#11943 = CARTESIAN_POINT('',(-1.467497716075,2.996061835492,2.151));
#11944 = CARTESIAN_POINT('',(-1.467497716075,2.996061835492,2.15));
#11945 = CARTESIAN_POINT('',(-1.473030786752,2.985599258931,2.151));
#11946 = CARTESIAN_POINT('',(-1.473030786752,2.985599258931,2.15));
#11947 = CARTESIAN_POINT('',(-1.473125175856,2.972290692318,2.151));
#11948 = CARTESIAN_POINT('',(-1.473125175856,2.972290692318,2.15));
#11949 = ADVANCED_FACE('',(#11950),#11977,.F.);
#11950 = FACE_BOUND('',#11951,.F.);
#11951 = EDGE_LOOP('',(#11952,#11953,#11962,#11970));
#11952 = ORIENTED_EDGE('',*,*,#11926,.F.);
#11953 = ORIENTED_EDGE('',*,*,#11954,.T.);
#11954 = EDGE_CURVE('',#11918,#11955,#11957,.T.);
#11955 = VERTEX_POINT('',#11956);
#11956 = CARTESIAN_POINT('',(-1.464769718206,2.94821242049,2.151));
#11957 = B_SPLINE_CURVE_WITH_KNOTS('',3,(#11958,#11959,#11960,#11961),
  .UNSPECIFIED.,.F.,.F.,(4,4),(16.,17.),.PIECEWISE_BEZIER_KNOTS.);
#11958 = CARTESIAN_POINT('',(-1.473125175856,2.972290692318,2.151));
#11959 = CARTESIAN_POINT('',(-1.473193018025,2.962725160065,2.151));
#11960 = CARTESIAN_POINT('',(-1.470390536612,2.954698946553,2.151));
#11961 = CARTESIAN_POINT('',(-1.464769718206,2.94821242049,2.151));
#11962 = ORIENTED_EDGE('',*,*,#11963,.T.);
#11963 = EDGE_CURVE('',#11955,#11964,#11966,.T.);
#11964 = VERTEX_POINT('',#11965);
#11965 = CARTESIAN_POINT('',(-1.464769718206,2.94821242049,2.15));
#11966 = LINE('',#11967,#11968);
#11967 = CARTESIAN_POINT('',(-1.464769718206,2.94821242049,2.151));
#11968 = VECTOR('',#11969,1.);
#11969 = DIRECTION('',(-0.,-0.,-1.));
#11970 = ORIENTED_EDGE('',*,*,#11971,.F.);
#11971 = EDGE_CURVE('',#11927,#11964,#11972,.T.);
#11972 = B_SPLINE_CURVE_WITH_KNOTS('',3,(#11973,#11974,#11975,#11976),
  .UNSPECIFIED.,.F.,.F.,(4,4),(16.,17.),.PIECEWISE_BEZIER_KNOTS.);
#11973 = CARTESIAN_POINT('',(-1.473125175856,2.972290692318,2.15));
#11974 = CARTESIAN_POINT('',(-1.473193018025,2.962725160065,2.15));
#11975 = CARTESIAN_POINT('',(-1.470390536612,2.954698946553,2.15));
#11976 = CARTESIAN_POINT('',(-1.464769718206,2.94821242049,2.15));
#11977 = B_SPLINE_SURFACE_WITH_KNOTS('',3,1,(
    (#11978,#11979)
    ,(#11980,#11981)
    ,(#11982,#11983)
    ,(#11984,#11985
    )),.UNSPECIFIED.,.F.,.F.,.F.,(4,4),(2,2),(16.,17.),(0.,1.),
  .PIECEWISE_BEZIER_KNOTS.);
#11978 = CARTESIAN_POINT('',(-1.473125175856,2.972290692318,2.151));
#11979 = CARTESIAN_POINT('',(-1.473125175856,2.972290692318,2.15));
#11980 = CARTESIAN_POINT('',(-1.473193018025,2.962725160065,2.151));
#11981 = CARTESIAN_POINT('',(-1.473193018025,2.962725160065,2.15));
#11982 = CARTESIAN_POINT('',(-1.470390536612,2.954698946553,2.151));
#11983 = CARTESIAN_POINT('',(-1.470390536612,2.954698946553,2.15));
#11984 = CARTESIAN_POINT('',(-1.464769718206,2.94821242049,2.151));
#11985 = CARTESIAN_POINT('',(-1.464769718206,2.94821242049,2.15));
#11986 = ADVANCED_FACE('',(#11987),#12014,.F.);
#11987 = FACE_BOUND('',#11988,.F.);
#11988 = EDGE_LOOP('',(#11989,#11990,#11999,#12007));
#11989 = ORIENTED_EDGE('',*,*,#11963,.F.);
#11990 = ORIENTED_EDGE('',*,*,#11991,.T.);
#11991 = EDGE_CURVE('',#11955,#11992,#11994,.T.);
#11992 = VERTEX_POINT('',#11993);
#11993 = CARTESIAN_POINT('',(-1.432047666474,2.929160252415,2.151));
#11994 = B_SPLINE_CURVE_WITH_KNOTS('',3,(#11995,#11996,#11997,#11998),
  .UNSPECIFIED.,.F.,.F.,(4,4),(15.,16.),.PIECEWISE_BEZIER_KNOTS.);
#11995 = CARTESIAN_POINT('',(-1.464769718206,2.94821242049,2.151));
#11996 = CARTESIAN_POINT('',(-1.459096913213,2.941725525719,2.151));
#11997 = CARTESIAN_POINT('',(-1.448224711971,2.935305733381,2.151));
#11998 = CARTESIAN_POINT('',(-1.432047666474,2.929160252415,2.151));
#11999 = ORIENTED_EDGE('',*,*,#12000,.T.);
#12000 = EDGE_CURVE('',#11992,#12001,#12003,.T.);
#12001 = VERTEX_POINT('',#12002);
#12002 = CARTESIAN_POINT('',(-1.432047666474,2.929160252415,2.15));
#12003 = LINE('',#12004,#12005);
#12004 = CARTESIAN_POINT('',(-1.432047666474,2.929160252415,2.151));
#12005 = VECTOR('',#12006,1.);
#12006 = DIRECTION('',(-0.,-0.,-1.));
#12007 = ORIENTED_EDGE('',*,*,#12008,.F.);
#12008 = EDGE_CURVE('',#11964,#12001,#12009,.T.);
#12009 = B_SPLINE_CURVE_WITH_KNOTS('',3,(#12010,#12011,#12012,#12013),
  .UNSPECIFIED.,.F.,.F.,(4,4),(15.,16.),.PIECEWISE_BEZIER_KNOTS.);
#12010 = CARTESIAN_POINT('',(-1.464769718206,2.94821242049,2.15));
#12011 = CARTESIAN_POINT('',(-1.459096913213,2.941725525719,2.15));
#12012 = CARTESIAN_POINT('',(-1.448224711971,2.935305733381,2.15));
#12013 = CARTESIAN_POINT('',(-1.432047666474,2.929160252415,2.15));
#12014 = B_SPLINE_SURFACE_WITH_KNOTS('',3,1,(
    (#12015,#12016)
    ,(#12017,#12018)
    ,(#12019,#12020)
    ,(#12021,#12022
    )),.UNSPECIFIED.,.F.,.F.,.F.,(4,4),(2,2),(15.,16.),(0.,1.),
  .PIECEWISE_BEZIER_KNOTS.);
#12015 = CARTESIAN_POINT('',(-1.464769718206,2.94821242049,2.151));
#12016 = CARTESIAN_POINT('',(-1.464769718206,2.94821242049,2.15));
#12017 = CARTESIAN_POINT('',(-1.459096913213,2.941725525719,2.151));
#12018 = CARTESIAN_POINT('',(-1.459096913213,2.941725525719,2.15));
#12019 = CARTESIAN_POINT('',(-1.448224711971,2.935305733381,2.151));
#12020 = CARTESIAN_POINT('',(-1.448224711971,2.935305733381,2.15));
#12021 = CARTESIAN_POINT('',(-1.432047666474,2.929160252415,2.151));
#12022 = CARTESIAN_POINT('',(-1.432047666474,2.929160252415,2.15));
#12023 = ADVANCED_FACE('',(#12024),#12051,.F.);
#12024 = FACE_BOUND('',#12025,.F.);
#12025 = EDGE_LOOP('',(#12026,#12027,#12036,#12044));
#12026 = ORIENTED_EDGE('',*,*,#12000,.F.);
#12027 = ORIENTED_EDGE('',*,*,#12028,.T.);
#12028 = EDGE_CURVE('',#11992,#12029,#12031,.T.);
#12029 = VERTEX_POINT('',#12030);
#12030 = CARTESIAN_POINT('',(-1.407390540214,2.916507966474,2.151));
#12031 = B_SPLINE_CURVE_WITH_KNOTS('',3,(#12032,#12033,#12034,#12035),
  .UNSPECIFIED.,.F.,.F.,(4,4),(14.,15.),.PIECEWISE_BEZIER_KNOTS.);
#12032 = CARTESIAN_POINT('',(-1.432047666474,2.929160252415,2.151));
#12033 = CARTESIAN_POINT('',(-1.419294361659,2.924078837905,2.151));
#12034 = CARTESIAN_POINT('',(-1.411109977298,2.919861655063,2.151));
#12035 = CARTESIAN_POINT('',(-1.407390540214,2.916507966474,2.151));
#12036 = ORIENTED_EDGE('',*,*,#12037,.T.);
#12037 = EDGE_CURVE('',#12029,#12038,#12040,.T.);
#12038 = VERTEX_POINT('',#12039);
#12039 = CARTESIAN_POINT('',(-1.407390540214,2.916507966474,2.15));
#12040 = LINE('',#12041,#12042);
#12041 = CARTESIAN_POINT('',(-1.407390540214,2.916507966474,2.151));
#12042 = VECTOR('',#12043,1.);
#12043 = DIRECTION('',(-0.,-0.,-1.));
#12044 = ORIENTED_EDGE('',*,*,#12045,.F.);
#12045 = EDGE_CURVE('',#12001,#12038,#12046,.T.);
#12046 = B_SPLINE_CURVE_WITH_KNOTS('',3,(#12047,#12048,#12049,#12050),
  .UNSPECIFIED.,.F.,.F.,(4,4),(14.,15.),.PIECEWISE_BEZIER_KNOTS.);
#12047 = CARTESIAN_POINT('',(-1.432047666474,2.929160252415,2.15));
#12048 = CARTESIAN_POINT('',(-1.419294361659,2.924078837905,2.15));
#12049 = CARTESIAN_POINT('',(-1.411109977298,2.919861655063,2.15));
#12050 = CARTESIAN_POINT('',(-1.407390540214,2.916507966474,2.15));
#12051 = B_SPLINE_SURFACE_WITH_KNOTS('',3,1,(
    (#12052,#12053)
    ,(#12054,#12055)
    ,(#12056,#12057)
    ,(#12058,#12059
    )),.UNSPECIFIED.,.F.,.F.,.F.,(4,4),(2,2),(14.,15.),(0.,1.),
  .PIECEWISE_BEZIER_KNOTS.);
#12052 = CARTESIAN_POINT('',(-1.432047666474,2.929160252415,2.151));
#12053 = CARTESIAN_POINT('',(-1.432047666474,2.929160252415,2.15));
#12054 = CARTESIAN_POINT('',(-1.419294361659,2.924078837905,2.151));
#12055 = CARTESIAN_POINT('',(-1.419294361659,2.924078837905,2.15));
#12056 = CARTESIAN_POINT('',(-1.411109977298,2.919861655063,2.151));
#12057 = CARTESIAN_POINT('',(-1.411109977298,2.919861655063,2.15));
#12058 = CARTESIAN_POINT('',(-1.407390540214,2.916507966474,2.151));
#12059 = CARTESIAN_POINT('',(-1.407390540214,2.916507966474,2.15));
#12060 = ADVANCED_FACE('',(#12061),#12088,.F.);
#12061 = FACE_BOUND('',#12062,.F.);
#12062 = EDGE_LOOP('',(#12063,#12064,#12073,#12081));
#12063 = ORIENTED_EDGE('',*,*,#12037,.F.);
#12064 = ORIENTED_EDGE('',*,*,#12065,.T.);
#12065 = EDGE_CURVE('',#12029,#12066,#12068,.T.);
#12066 = VERTEX_POINT('',#12067);
#12067 = CARTESIAN_POINT('',(-1.401923839196,2.902952001813,2.151));
#12068 = B_SPLINE_CURVE_WITH_KNOTS('',3,(#12069,#12070,#12071,#12072),
  .UNSPECIFIED.,.F.,.F.,(4,4),(13.,14.),.PIECEWISE_BEZIER_KNOTS.);
#12069 = CARTESIAN_POINT('',(-1.407390540214,2.916507966474,2.151));
#12070 = CARTESIAN_POINT('',(-1.403722352304,2.91325861977,2.151));
#12071 = CARTESIAN_POINT('',(-1.401882543963,2.908774499706,2.151));
#12072 = CARTESIAN_POINT('',(-1.401923839196,2.902952001813,2.151));
#12073 = ORIENTED_EDGE('',*,*,#12074,.T.);
#12074 = EDGE_CURVE('',#12066,#12075,#12077,.T.);
#12075 = VERTEX_POINT('',#12076);
#12076 = CARTESIAN_POINT('',(-1.401923839196,2.902952001813,2.15));
#12077 = LINE('',#12078,#12079);
#12078 = CARTESIAN_POINT('',(-1.401923839196,2.902952001813,2.151));
#12079 = VECTOR('',#12080,1.);
#12080 = DIRECTION('',(-0.,-0.,-1.));
#12081 = ORIENTED_EDGE('',*,*,#12082,.F.);
#12082 = EDGE_CURVE('',#12038,#12075,#12083,.T.);
#12083 = B_SPLINE_CURVE_WITH_KNOTS('',3,(#12084,#12085,#12086,#12087),
  .UNSPECIFIED.,.F.,.F.,(4,4),(13.,14.),.PIECEWISE_BEZIER_KNOTS.);
#12084 = CARTESIAN_POINT('',(-1.407390540214,2.916507966474,2.15));
#12085 = CARTESIAN_POINT('',(-1.403722352304,2.91325861977,2.15));
#12086 = CARTESIAN_POINT('',(-1.401882543963,2.908774499706,2.15));
#12087 = CARTESIAN_POINT('',(-1.401923839196,2.902952001813,2.15));
#12088 = B_SPLINE_SURFACE_WITH_KNOTS('',3,1,(
    (#12089,#12090)
    ,(#12091,#12092)
    ,(#12093,#12094)
    ,(#12095,#12096
    )),.UNSPECIFIED.,.F.,.F.,.F.,(4,4),(2,2),(13.,14.),(0.,1.),
  .PIECEWISE_BEZIER_KNOTS.);
#12089 = CARTESIAN_POINT('',(-1.407390540214,2.916507966474,2.151));
#12090 = CARTESIAN_POINT('',(-1.407390540214,2.916507966474,2.15));
#12091 = CARTESIAN_POINT('',(-1.403722352304,2.91325861977,2.151));
#12092 = CARTESIAN_POINT('',(-1.403722352304,2.91325861977,2.15));
#12093 = CARTESIAN_POINT('',(-1.401882543963,2.908774499706,2.151));
#12094 = CARTESIAN_POINT('',(-1.401882543963,2.908774499706,2.15));
#12095 = CARTESIAN_POINT('',(-1.401923839196,2.902952001813,2.151));
#12096 = CARTESIAN_POINT('',(-1.401923839196,2.902952001813,2.15));
#12097 = ADVANCED_FACE('',(#12098),#12125,.F.);
#12098 = FACE_BOUND('',#12099,.F.);
#12099 = EDGE_LOOP('',(#12100,#12101,#12110,#12118));
#12100 = ORIENTED_EDGE('',*,*,#12074,.F.);
#12101 = ORIENTED_EDGE('',*,*,#12102,.T.);
#12102 = EDGE_CURVE('',#12066,#12103,#12105,.T.);
#12103 = VERTEX_POINT('',#12104);
#12104 = CARTESIAN_POINT('',(-1.409770129281,2.888866587196,2.151));
#12105 = B_SPLINE_CURVE_WITH_KNOTS('',3,(#12106,#12107,#12108,#12109),
  .UNSPECIFIED.,.F.,.F.,(4,4),(12.,13.),.PIECEWISE_BEZIER_KNOTS.);
#12106 = CARTESIAN_POINT('',(-1.401923839196,2.902952001813,2.151));
#12107 = CARTESIAN_POINT('',(-1.401965134429,2.897129503921,2.151));
#12108 = CARTESIAN_POINT('',(-1.404598384931,2.892365173166,2.151));
#12109 = CARTESIAN_POINT('',(-1.409770129281,2.888866587196,2.151));
#12110 = ORIENTED_EDGE('',*,*,#12111,.T.);
#12111 = EDGE_CURVE('',#12103,#12112,#12114,.T.);
#12112 = VERTEX_POINT('',#12113);
#12113 = CARTESIAN_POINT('',(-1.409770129281,2.888866587196,2.15));
#12114 = LINE('',#12115,#12116);
#12115 = CARTESIAN_POINT('',(-1.409770129281,2.888866587196,2.151));
#12116 = VECTOR('',#12117,1.);
#12117 = DIRECTION('',(-0.,-0.,-1.));
#12118 = ORIENTED_EDGE('',*,*,#12119,.F.);
#12119 = EDGE_CURVE('',#12075,#12112,#12120,.T.);
#12120 = B_SPLINE_CURVE_WITH_KNOTS('',3,(#12121,#12122,#12123,#12124),
  .UNSPECIFIED.,.F.,.F.,(4,4),(12.,13.),.PIECEWISE_BEZIER_KNOTS.);
#12121 = CARTESIAN_POINT('',(-1.401923839196,2.902952001813,2.15));
#12122 = CARTESIAN_POINT('',(-1.401965134429,2.897129503921,2.15));
#12123 = CARTESIAN_POINT('',(-1.404598384931,2.892365173166,2.15));
#12124 = CARTESIAN_POINT('',(-1.409770129281,2.888866587196,2.15));
#12125 = B_SPLINE_SURFACE_WITH_KNOTS('',3,1,(
    (#12126,#12127)
    ,(#12128,#12129)
    ,(#12130,#12131)
    ,(#12132,#12133
    )),.UNSPECIFIED.,.F.,.F.,.F.,(4,4),(2,2),(12.,13.),(0.,1.),
  .PIECEWISE_BEZIER_KNOTS.);
#12126 = CARTESIAN_POINT('',(-1.401923839196,2.902952001813,2.151));
#12127 = CARTESIAN_POINT('',(-1.401923839196,2.902952001813,2.15));
#12128 = CARTESIAN_POINT('',(-1.401965134429,2.897129503921,2.151));
#12129 = CARTESIAN_POINT('',(-1.401965134429,2.897129503921,2.15));
#12130 = CARTESIAN_POINT('',(-1.404598384931,2.892365173166,2.151));
#12131 = CARTESIAN_POINT('',(-1.404598384931,2.892365173166,2.15));
#12132 = CARTESIAN_POINT('',(-1.409770129281,2.888866587196,2.151));
#12133 = CARTESIAN_POINT('',(-1.409770129281,2.888866587196,2.15));
#12134 = ADVANCED_FACE('',(#12135),#12162,.F.);
#12135 = FACE_BOUND('',#12136,.F.);
#12136 = EDGE_LOOP('',(#12137,#12138,#12147,#12155));
#12137 = ORIENTED_EDGE('',*,*,#12111,.F.);
#12138 = ORIENTED_EDGE('',*,*,#12139,.T.);
#12139 = EDGE_CURVE('',#12103,#12140,#12142,.T.);
#12140 = VERTEX_POINT('',#12141);
#12141 = CARTESIAN_POINT('',(-1.42987529795,2.88360230308,2.151));
#12142 = B_SPLINE_CURVE_WITH_KNOTS('',3,(#12143,#12144,#12145,#12146),
  .UNSPECIFIED.,.F.,.F.,(4,4),(11.,12.),.PIECEWISE_BEZIER_KNOTS.);
#12143 = CARTESIAN_POINT('',(-1.409770129281,2.888866587196,2.151));
#12144 = CARTESIAN_POINT('',(-1.414942611046,2.885264028049,2.151));
#12145 = CARTESIAN_POINT('',(-1.421661416994,2.883544047305,2.151));
#12146 = CARTESIAN_POINT('',(-1.42987529795,2.88360230308,2.151));
#12147 = ORIENTED_EDGE('',*,*,#12148,.T.);
#12148 = EDGE_CURVE('',#12140,#12149,#12151,.T.);
#12149 = VERTEX_POINT('',#12150);
#12150 = CARTESIAN_POINT('',(-1.42987529795,2.88360230308,2.15));
#12151 = LINE('',#12152,#12153);
#12152 = CARTESIAN_POINT('',(-1.42987529795,2.88360230308,2.151));
#12153 = VECTOR('',#12154,1.);
#12154 = DIRECTION('',(-0.,-0.,-1.));
#12155 = ORIENTED_EDGE('',*,*,#12156,.F.);
#12156 = EDGE_CURVE('',#12112,#12149,#12157,.T.);
#12157 = B_SPLINE_CURVE_WITH_KNOTS('',3,(#12158,#12159,#12160,#12161),
  .UNSPECIFIED.,.F.,.F.,(4,4),(11.,12.),.PIECEWISE_BEZIER_KNOTS.);
#12158 = CARTESIAN_POINT('',(-1.409770129281,2.888866587196,2.15));
#12159 = CARTESIAN_POINT('',(-1.414942611046,2.885264028049,2.15));
#12160 = CARTESIAN_POINT('',(-1.421661416994,2.883544047305,2.15));
#12161 = CARTESIAN_POINT('',(-1.42987529795,2.88360230308,2.15));
#12162 = B_SPLINE_SURFACE_WITH_KNOTS('',3,1,(
    (#12163,#12164)
    ,(#12165,#12166)
    ,(#12167,#12168)
    ,(#12169,#12170
    )),.UNSPECIFIED.,.F.,.F.,.F.,(4,4),(2,2),(11.,12.),(0.,1.),
  .PIECEWISE_BEZIER_KNOTS.);
#12163 = CARTESIAN_POINT('',(-1.409770129281,2.888866587196,2.151));
#12164 = CARTESIAN_POINT('',(-1.409770129281,2.888866587196,2.15));
#12165 = CARTESIAN_POINT('',(-1.414942611046,2.885264028049,2.151));
#12166 = CARTESIAN_POINT('',(-1.414942611046,2.885264028049,2.15));
#12167 = CARTESIAN_POINT('',(-1.421661416994,2.883544047305,2.151));
#12168 = CARTESIAN_POINT('',(-1.421661416994,2.883544047305,2.15));
#12169 = CARTESIAN_POINT('',(-1.42987529795,2.88360230308,2.151));
#12170 = CARTESIAN_POINT('',(-1.42987529795,2.88360230308,2.15));
#12171 = ADVANCED_FACE('',(#12172),#12199,.F.);
#12172 = FACE_BOUND('',#12173,.F.);
#12173 = EDGE_LOOP('',(#12174,#12175,#12184,#12192));
#12174 = ORIENTED_EDGE('',*,*,#12148,.F.);
#12175 = ORIENTED_EDGE('',*,*,#12176,.T.);
#12176 = EDGE_CURVE('',#12140,#12177,#12179,.T.);
#12177 = VERTEX_POINT('',#12178);
#12178 = CARTESIAN_POINT('',(-1.466711296762,2.894365376204,2.151));
#12179 = B_SPLINE_CURVE_WITH_KNOTS('',3,(#12180,#12181,#12182,#12183),
  .UNSPECIFIED.,.F.,.F.,(4,4),(10.,11.),.PIECEWISE_BEZIER_KNOTS.);
#12180 = CARTESIAN_POINT('',(-1.42987529795,2.88360230308,2.151));
#12181 = CARTESIAN_POINT('',(-1.443651743857,2.883700010551,2.151));
#12182 = CARTESIAN_POINT('',(-1.455895506597,2.887322113513,2.151));
#12183 = CARTESIAN_POINT('',(-1.466711296762,2.894365376204,2.151));
#12184 = ORIENTED_EDGE('',*,*,#12185,.T.);
#12185 = EDGE_CURVE('',#12177,#12186,#12188,.T.);
#12186 = VERTEX_POINT('',#12187);
#12187 = CARTESIAN_POINT('',(-1.466711296762,2.894365376204,2.15));
#12188 = LINE('',#12189,#12190);
#12189 = CARTESIAN_POINT('',(-1.466711296762,2.894365376204,2.151));
#12190 = VECTOR('',#12191,1.);
#12191 = DIRECTION('',(-0.,-0.,-1.));
#12192 = ORIENTED_EDGE('',*,*,#12193,.F.);
#12193 = EDGE_CURVE('',#12149,#12186,#12194,.T.);
#12194 = B_SPLINE_CURVE_WITH_KNOTS('',3,(#12195,#12196,#12197,#12198),
  .UNSPECIFIED.,.F.,.F.,(4,4),(10.,11.),.PIECEWISE_BEZIER_KNOTS.);
#12195 = CARTESIAN_POINT('',(-1.42987529795,2.88360230308,2.15));
#12196 = CARTESIAN_POINT('',(-1.443651743857,2.883700010551,2.15));
#12197 = CARTESIAN_POINT('',(-1.455895506597,2.887322113513,2.15));
#12198 = CARTESIAN_POINT('',(-1.466711296762,2.894365376204,2.15));
#12199 = B_SPLINE_SURFACE_WITH_KNOTS('',3,1,(
    (#12200,#12201)
    ,(#12202,#12203)
    ,(#12204,#12205)
    ,(#12206,#12207
    )),.UNSPECIFIED.,.F.,.F.,.F.,(4,4),(2,2),(10.,11.),(0.,1.),
  .PIECEWISE_BEZIER_KNOTS.);
#12200 = CARTESIAN_POINT('',(-1.42987529795,2.88360230308,2.151));
#12201 = CARTESIAN_POINT('',(-1.42987529795,2.88360230308,2.15));
#12202 = CARTESIAN_POINT('',(-1.443651743857,2.883700010551,2.151));
#12203 = CARTESIAN_POINT('',(-1.443651743857,2.883700010551,2.15));
#12204 = CARTESIAN_POINT('',(-1.455895506597,2.887322113513,2.151));
#12205 = CARTESIAN_POINT('',(-1.455895506597,2.887322113513,2.15));
#12206 = CARTESIAN_POINT('',(-1.466711296762,2.894365376204,2.151));
#12207 = CARTESIAN_POINT('',(-1.466711296762,2.894365376204,2.15));
#12208 = ADVANCED_FACE('',(#12209),#12234,.F.);
#12209 = FACE_BOUND('',#12210,.T.);
#12210 = EDGE_LOOP('',(#12211,#12219,#12227,#12233));
#12211 = ORIENTED_EDGE('',*,*,#12212,.T.);
#12212 = EDGE_CURVE('',#12186,#12213,#12215,.T.);
#12213 = VERTEX_POINT('',#12214);
#12214 = CARTESIAN_POINT('',(-1.466886801502,2.869619760159,2.15));
#12215 = LINE('',#12216,#12217);
#12216 = CARTESIAN_POINT('',(-1.466886801502,2.869619760159,2.15));
#12217 = VECTOR('',#12218,1.);
#12218 = DIRECTION('',(-7.092178509968E-03,-0.999974850186,-0.));
#12219 = ORIENTED_EDGE('',*,*,#12220,.F.);
#12220 = EDGE_CURVE('',#12221,#12213,#12223,.T.);
#12221 = VERTEX_POINT('',#12222);
#12222 = CARTESIAN_POINT('',(-1.466886801502,2.869619760159,2.151));
#12223 = LINE('',#12224,#12225);
#12224 = CARTESIAN_POINT('',(-1.466886801502,2.869619760159,2.151));
#12225 = VECTOR('',#12226,1.);
#12226 = DIRECTION('',(-0.,-0.,-1.));
#12227 = ORIENTED_EDGE('',*,*,#12228,.F.);
#12228 = EDGE_CURVE('',#12177,#12221,#12229,.T.);
#12229 = LINE('',#12230,#12231);
#12230 = CARTESIAN_POINT('',(-1.466886801502,2.869619760159,2.151));
#12231 = VECTOR('',#12232,1.);
#12232 = DIRECTION('',(-7.092178509968E-03,-0.999974850186,-0.));
#12233 = ORIENTED_EDGE('',*,*,#12185,.T.);
#12234 = PLANE('',#12235);
#12235 = AXIS2_PLACEMENT_3D('',#12236,#12237,#12238);
#12236 = CARTESIAN_POINT('',(-1.466886801502,2.869619760159,2.151));
#12237 = DIRECTION('',(0.999974850186,-7.092178509968E-03,0.));
#12238 = DIRECTION('',(7.092178509968E-03,0.999974850186,0.));
#12239 = ADVANCED_FACE('',(#12240),#12267,.F.);
#12240 = FACE_BOUND('',#12241,.F.);
#12241 = EDGE_LOOP('',(#12242,#12243,#12252,#12260));
#12242 = ORIENTED_EDGE('',*,*,#12220,.F.);
#12243 = ORIENTED_EDGE('',*,*,#12244,.T.);
#12244 = EDGE_CURVE('',#12221,#12245,#12247,.T.);
#12245 = VERTEX_POINT('',#12246);
#12246 = CARTESIAN_POINT('',(-1.43251739975,2.862929338881,2.151));
#12247 = B_SPLINE_CURVE_WITH_KNOTS('',3,(#12248,#12249,#12250,#12251),
  .UNSPECIFIED.,.F.,.F.,(4,4),(8.,9.),.PIECEWISE_BEZIER_KNOTS.);
#12248 = CARTESIAN_POINT('',(-1.466886801502,2.869619760159,2.151));
#12249 = CARTESIAN_POINT('',(-1.456312508907,2.865177670421,2.151));
#12250 = CARTESIAN_POINT('',(-1.444890207772,2.863017091252,2.151));
#12251 = CARTESIAN_POINT('',(-1.43251739975,2.862929338881,2.151));
#12252 = ORIENTED_EDGE('',*,*,#12253,.T.);
#12253 = EDGE_CURVE('',#12245,#12254,#12256,.T.);
#12254 = VERTEX_POINT('',#12255);
#12255 = CARTESIAN_POINT('',(-1.43251739975,2.862929338881,2.15));
#12256 = LINE('',#12257,#12258);
#12257 = CARTESIAN_POINT('',(-1.43251739975,2.862929338881,2.151));
#12258 = VECTOR('',#12259,1.);
#12259 = DIRECTION('',(-0.,-0.,-1.));
#12260 = ORIENTED_EDGE('',*,*,#12261,.F.);
#12261 = EDGE_CURVE('',#12213,#12254,#12262,.T.);
#12262 = B_SPLINE_CURVE_WITH_KNOTS('',3,(#12263,#12264,#12265,#12266),
  .UNSPECIFIED.,.F.,.F.,(4,4),(8.,9.),.PIECEWISE_BEZIER_KNOTS.);
#12263 = CARTESIAN_POINT('',(-1.466886801502,2.869619760159,2.15));
#12264 = CARTESIAN_POINT('',(-1.456312508907,2.865177670421,2.15));
#12265 = CARTESIAN_POINT('',(-1.444890207772,2.863017091252,2.15));
#12266 = CARTESIAN_POINT('',(-1.43251739975,2.862929338881,2.15));
#12267 = B_SPLINE_SURFACE_WITH_KNOTS('',3,1,(
    (#12268,#12269)
    ,(#12270,#12271)
    ,(#12272,#12273)
    ,(#12274,#12275
    )),.UNSPECIFIED.,.F.,.F.,.F.,(4,4),(2,2),(8.,9.),(0.,1.),
  .PIECEWISE_BEZIER_KNOTS.);
#12268 = CARTESIAN_POINT('',(-1.466886801502,2.869619760159,2.151));
#12269 = CARTESIAN_POINT('',(-1.466886801502,2.869619760159,2.15));
#12270 = CARTESIAN_POINT('',(-1.456312508907,2.865177670421,2.151));
#12271 = CARTESIAN_POINT('',(-1.456312508907,2.865177670421,2.15));
#12272 = CARTESIAN_POINT('',(-1.444890207772,2.863017091252,2.151));
#12273 = CARTESIAN_POINT('',(-1.444890207772,2.863017091252,2.15));
#12274 = CARTESIAN_POINT('',(-1.43251739975,2.862929338881,2.151));
#12275 = CARTESIAN_POINT('',(-1.43251739975,2.862929338881,2.15));
#12276 = ADVANCED_FACE('',(#12277),#12304,.F.);
#12277 = FACE_BOUND('',#12278,.F.);
#12278 = EDGE_LOOP('',(#12279,#12280,#12289,#12297));
#12279 = ORIENTED_EDGE('',*,*,#12253,.F.);
#12280 = ORIENTED_EDGE('',*,*,#12281,.T.);
#12281 = EDGE_CURVE('',#12245,#12282,#12284,.T.);
#12282 = VERTEX_POINT('',#12283);
#12283 = CARTESIAN_POINT('',(-1.392197927331,2.874184981935,2.151));
#12284 = B_SPLINE_CURVE_WITH_KNOTS('',3,(#12285,#12286,#12287,#12288),
  .UNSPECIFIED.,.F.,.F.,(4,4),(7.,8.),.PIECEWISE_BEZIER_KNOTS.);
#12285 = CARTESIAN_POINT('',(-1.43251739975,2.862929338881,2.151));
#12286 = CARTESIAN_POINT('',(-1.416609503721,2.862816514406,2.151));
#12287 = CARTESIAN_POINT('',(-1.403169679581,2.866568395423,2.151));
#12288 = CARTESIAN_POINT('',(-1.392197927331,2.874184981935,2.151));
#12289 = ORIENTED_EDGE('',*,*,#12290,.T.);
#12290 = EDGE_CURVE('',#12282,#12291,#12293,.T.);
#12291 = VERTEX_POINT('',#12292);
#12292 = CARTESIAN_POINT('',(-1.392197927331,2.874184981935,2.15));
#12293 = LINE('',#12294,#12295);
#12294 = CARTESIAN_POINT('',(-1.392197927331,2.874184981935,2.151));
#12295 = VECTOR('',#12296,1.);
#12296 = DIRECTION('',(-0.,-0.,-1.));
#12297 = ORIENTED_EDGE('',*,*,#12298,.F.);
#12298 = EDGE_CURVE('',#12254,#12291,#12299,.T.);
#12299 = B_SPLINE_CURVE_WITH_KNOTS('',3,(#12300,#12301,#12302,#12303),
  .UNSPECIFIED.,.F.,.F.,(4,4),(7.,8.),.PIECEWISE_BEZIER_KNOTS.);
#12300 = CARTESIAN_POINT('',(-1.43251739975,2.862929338881,2.15));
#12301 = CARTESIAN_POINT('',(-1.416609503721,2.862816514406,2.15));
#12302 = CARTESIAN_POINT('',(-1.403169679581,2.866568395423,2.15));
#12303 = CARTESIAN_POINT('',(-1.392197927331,2.874184981935,2.15));
#12304 = B_SPLINE_SURFACE_WITH_KNOTS('',3,1,(
    (#12305,#12306)
    ,(#12307,#12308)
    ,(#12309,#12310)
    ,(#12311,#12312
    )),.UNSPECIFIED.,.F.,.F.,.F.,(4,4),(2,2),(7.,8.),(0.,1.),
  .PIECEWISE_BEZIER_KNOTS.);
#12305 = CARTESIAN_POINT('',(-1.43251739975,2.862929338881,2.151));
#12306 = CARTESIAN_POINT('',(-1.43251739975,2.862929338881,2.15));
#12307 = CARTESIAN_POINT('',(-1.416609503721,2.862816514406,2.151));
#12308 = CARTESIAN_POINT('',(-1.416609503721,2.862816514406,2.15));
#12309 = CARTESIAN_POINT('',(-1.403169679581,2.866568395423,2.151));
#12310 = CARTESIAN_POINT('',(-1.403169679581,2.866568395423,2.15));
#12311 = CARTESIAN_POINT('',(-1.392197927331,2.874184981935,2.151));
#12312 = CARTESIAN_POINT('',(-1.392197927331,2.874184981935,2.15));
#12313 = ADVANCED_FACE('',(#12314),#12341,.F.);
#12314 = FACE_BOUND('',#12315,.F.);
#12315 = EDGE_LOOP('',(#12316,#12317,#12326,#12334));
#12316 = ORIENTED_EDGE('',*,*,#12290,.F.);
#12317 = ORIENTED_EDGE('',*,*,#12318,.T.);
#12318 = EDGE_CURVE('',#12282,#12319,#12321,.T.);
#12319 = VERTEX_POINT('',#12320);
#12320 = CARTESIAN_POINT('',(-1.375654388963,2.905053214443,2.151));
#12321 = B_SPLINE_CURVE_WITH_KNOTS('',3,(#12322,#12323,#12324,#12325),
  .UNSPECIFIED.,.F.,.F.,(4,4),(6.,7.),.PIECEWISE_BEZIER_KNOTS.);
#12322 = CARTESIAN_POINT('',(-1.392197927331,2.874184981935,2.151));
#12323 = CARTESIAN_POINT('',(-1.381277424255,2.881905910329,2.151));
#12324 = CARTESIAN_POINT('',(-1.375745828407,2.892160540538,2.151));
#12325 = CARTESIAN_POINT('',(-1.375654388963,2.905053214443,2.151));
#12326 = ORIENTED_EDGE('',*,*,#12327,.T.);
#12327 = EDGE_CURVE('',#12319,#12328,#12330,.T.);
#12328 = VERTEX_POINT('',#12329);
#12329 = CARTESIAN_POINT('',(-1.375654388963,2.905053214443,2.15));
#12330 = LINE('',#12331,#12332);
#12331 = CARTESIAN_POINT('',(-1.375654388963,2.905053214443,2.151));
#12332 = VECTOR('',#12333,1.);
#12333 = DIRECTION('',(-0.,-0.,-1.));
#12334 = ORIENTED_EDGE('',*,*,#12335,.F.);
#12335 = EDGE_CURVE('',#12291,#12328,#12336,.T.);
#12336 = B_SPLINE_CURVE_WITH_KNOTS('',3,(#12337,#12338,#12339,#12340),
  .UNSPECIFIED.,.F.,.F.,(4,4),(6.,7.),.PIECEWISE_BEZIER_KNOTS.);
#12337 = CARTESIAN_POINT('',(-1.392197927331,2.874184981935,2.15));
#12338 = CARTESIAN_POINT('',(-1.381277424255,2.881905910329,2.15));
#12339 = CARTESIAN_POINT('',(-1.375745828407,2.892160540538,2.15));
#12340 = CARTESIAN_POINT('',(-1.375654388963,2.905053214443,2.15));
#12341 = B_SPLINE_SURFACE_WITH_KNOTS('',3,1,(
    (#12342,#12343)
    ,(#12344,#12345)
    ,(#12346,#12347)
    ,(#12348,#12349
    )),.UNSPECIFIED.,.F.,.F.,.F.,(4,4),(2,2),(6.,7.),(0.,1.),
  .PIECEWISE_BEZIER_KNOTS.);
#12342 = CARTESIAN_POINT('',(-1.392197927331,2.874184981935,2.151));
#12343 = CARTESIAN_POINT('',(-1.392197927331,2.874184981935,2.15));
#12344 = CARTESIAN_POINT('',(-1.381277424255,2.881905910329,2.151));
#12345 = CARTESIAN_POINT('',(-1.381277424255,2.881905910329,2.15));
#12346 = CARTESIAN_POINT('',(-1.375745828407,2.892160540538,2.151));
#12347 = CARTESIAN_POINT('',(-1.375745828407,2.892160540538,2.15));
#12348 = CARTESIAN_POINT('',(-1.375654388963,2.905053214443,2.151));
#12349 = CARTESIAN_POINT('',(-1.375654388963,2.905053214443,2.15));
#12350 = ADVANCED_FACE('',(#12351),#12378,.F.);
#12351 = FACE_BOUND('',#12352,.F.);
#12352 = EDGE_LOOP('',(#12353,#12354,#12363,#12371));
#12353 = ORIENTED_EDGE('',*,*,#12327,.F.);
#12354 = ORIENTED_EDGE('',*,*,#12355,.T.);
#12355 = EDGE_CURVE('',#12319,#12356,#12358,.T.);
#12356 = VERTEX_POINT('',#12357);
#12357 = CARTESIAN_POINT('',(-1.382717556053,2.928082536819,2.151));
#12358 = B_SPLINE_CURVE_WITH_KNOTS('',3,(#12359,#12360,#12361,#12362),
  .UNSPECIFIED.,.F.,.F.,(4,4),(5.,6.),.PIECEWISE_BEZIER_KNOTS.);
#12359 = CARTESIAN_POINT('',(-1.375654388963,2.905053214443,2.151));
#12360 = CARTESIAN_POINT('',(-1.375590971283,2.913994907637,2.151));
#12361 = CARTESIAN_POINT('',(-1.377927785646,2.921705883252,2.151));
#12362 = CARTESIAN_POINT('',(-1.382717556053,2.928082536819,2.151));
#12363 = ORIENTED_EDGE('',*,*,#12364,.T.);
#12364 = EDGE_CURVE('',#12356,#12365,#12367,.T.);
#12365 = VERTEX_POINT('',#12366);
#12366 = CARTESIAN_POINT('',(-1.382717556053,2.928082536819,2.15));
#12367 = LINE('',#12368,#12369);
#12368 = CARTESIAN_POINT('',(-1.382717556053,2.928082536819,2.151));
#12369 = VECTOR('',#12370,1.);
#12370 = DIRECTION('',(-0.,-0.,-1.));
#12371 = ORIENTED_EDGE('',*,*,#12372,.F.);
#12372 = EDGE_CURVE('',#12328,#12365,#12373,.T.);
#12373 = B_SPLINE_CURVE_WITH_KNOTS('',3,(#12374,#12375,#12376,#12377),
  .UNSPECIFIED.,.F.,.F.,(4,4),(5.,6.),.PIECEWISE_BEZIER_KNOTS.);
#12374 = CARTESIAN_POINT('',(-1.375654388963,2.905053214443,2.15));
#12375 = CARTESIAN_POINT('',(-1.375590971283,2.913994907637,2.15));
#12376 = CARTESIAN_POINT('',(-1.377927785646,2.921705883252,2.15));
#12377 = CARTESIAN_POINT('',(-1.382717556053,2.928082536819,2.15));
#12378 = B_SPLINE_SURFACE_WITH_KNOTS('',3,1,(
    (#12379,#12380)
    ,(#12381,#12382)
    ,(#12383,#12384)
    ,(#12385,#12386
    )),.UNSPECIFIED.,.F.,.F.,.F.,(4,4),(2,2),(5.,6.),(0.,1.),
  .PIECEWISE_BEZIER_KNOTS.);
#12379 = CARTESIAN_POINT('',(-1.375654388963,2.905053214443,2.151));
#12380 = CARTESIAN_POINT('',(-1.375654388963,2.905053214443,2.15));
#12381 = CARTESIAN_POINT('',(-1.375590971283,2.913994907637,2.151));
#12382 = CARTESIAN_POINT('',(-1.375590971283,2.913994907637,2.15));
#12383 = CARTESIAN_POINT('',(-1.377927785646,2.921705883252,2.151));
#12384 = CARTESIAN_POINT('',(-1.377927785646,2.921705883252,2.15));
#12385 = CARTESIAN_POINT('',(-1.382717556053,2.928082536819,2.151));
#12386 = CARTESIAN_POINT('',(-1.382717556053,2.928082536819,2.15));
#12387 = ADVANCED_FACE('',(#12388),#12415,.F.);
#12388 = FACE_BOUND('',#12389,.F.);
#12389 = EDGE_LOOP('',(#12390,#12391,#12400,#12408));
#12390 = ORIENTED_EDGE('',*,*,#12364,.F.);
#12391 = ORIENTED_EDGE('',*,*,#12392,.T.);
#12392 = EDGE_CURVE('',#12356,#12393,#12395,.T.);
#12393 = VERTEX_POINT('',#12394);
#12394 = CARTESIAN_POINT('',(-1.413929047065,2.947539905086,2.151));
#12395 = B_SPLINE_CURVE_WITH_KNOTS('',3,(#12396,#12397,#12398,#12399),
  .UNSPECIFIED.,.F.,.F.,(4,4),(4.,5.),.PIECEWISE_BEZIER_KNOTS.);
#12396 = CARTESIAN_POINT('',(-1.382717556053,2.928082536819,2.151));
#12397 = CARTESIAN_POINT('',(-1.387455339872,2.934458821679,2.151));
#12398 = CARTESIAN_POINT('',(-1.397910910993,2.940979637536,2.151));
#12399 = CARTESIAN_POINT('',(-1.413929047065,2.947539905086,2.151));
#12400 = ORIENTED_EDGE('',*,*,#12401,.T.);
#12401 = EDGE_CURVE('',#12393,#12402,#12404,.T.);
#12402 = VERTEX_POINT('',#12403);
#12403 = CARTESIAN_POINT('',(-1.413929047065,2.947539905086,2.15));
#12404 = LINE('',#12405,#12406);
#12405 = CARTESIAN_POINT('',(-1.413929047065,2.947539905086,2.151));
#12406 = VECTOR('',#12407,1.);
#12407 = DIRECTION('',(-0.,-0.,-1.));
#12408 = ORIENTED_EDGE('',*,*,#12409,.F.);
#12409 = EDGE_CURVE('',#12365,#12402,#12410,.T.);
#12410 = B_SPLINE_CURVE_WITH_KNOTS('',3,(#12411,#12412,#12413,#12414),
  .UNSPECIFIED.,.F.,.F.,(4,4),(4.,5.),.PIECEWISE_BEZIER_KNOTS.);
#12411 = CARTESIAN_POINT('',(-1.382717556053,2.928082536819,2.15));
#12412 = CARTESIAN_POINT('',(-1.387455339872,2.934458821679,2.15));
#12413 = CARTESIAN_POINT('',(-1.397910910993,2.940979637536,2.15));
#12414 = CARTESIAN_POINT('',(-1.413929047065,2.947539905086,2.15));
#12415 = B_SPLINE_SURFACE_WITH_KNOTS('',3,1,(
    (#12416,#12417)
    ,(#12418,#12419)
    ,(#12420,#12421)
    ,(#12422,#12423
    )),.UNSPECIFIED.,.F.,.F.,.F.,(4,4),(2,2),(4.,5.),(0.,1.),
  .PIECEWISE_BEZIER_KNOTS.);
#12416 = CARTESIAN_POINT('',(-1.382717556053,2.928082536819,2.151));
#12417 = CARTESIAN_POINT('',(-1.382717556053,2.928082536819,2.15));
#12418 = CARTESIAN_POINT('',(-1.387455339872,2.934458821679,2.151));
#12419 = CARTESIAN_POINT('',(-1.387455339872,2.934458821679,2.15));
#12420 = CARTESIAN_POINT('',(-1.397910910993,2.940979637536,2.151));
#12421 = CARTESIAN_POINT('',(-1.397910910993,2.940979637536,2.15));
#12422 = CARTESIAN_POINT('',(-1.413929047065,2.947539905086,2.151));
#12423 = CARTESIAN_POINT('',(-1.413929047065,2.947539905086,2.15));
#12424 = ADVANCED_FACE('',(#12425),#12452,.F.);
#12425 = FACE_BOUND('',#12426,.F.);
#12426 = EDGE_LOOP('',(#12427,#12428,#12437,#12445));
#12427 = ORIENTED_EDGE('',*,*,#12401,.F.);
#12428 = ORIENTED_EDGE('',*,*,#12429,.T.);
#12429 = EDGE_CURVE('',#12393,#12430,#12432,.T.);
#12430 = VERTEX_POINT('',#12431);
#12431 = CARTESIAN_POINT('',(-1.440505990018,2.960725699085,2.151));
#12432 = B_SPLINE_CURVE_WITH_KNOTS('',3,(#12433,#12434,#12435,#12436),
  .UNSPECIFIED.,.F.,.F.,(4,4),(3.,4.),.PIECEWISE_BEZIER_KNOTS.);
#12433 = CARTESIAN_POINT('',(-1.413929047065,2.947539905086,2.151));
#12434 = CARTESIAN_POINT('',(-1.42730619094,2.952625744085,2.151));
#12435 = CARTESIAN_POINT('',(-1.436164926119,2.957055666477,2.151));
#12436 = CARTESIAN_POINT('',(-1.440505990018,2.960725699085,2.151));
#12437 = ORIENTED_EDGE('',*,*,#12438,.T.);
#12438 = EDGE_CURVE('',#12430,#12439,#12441,.T.);
#12439 = VERTEX_POINT('',#12440);
#12440 = CARTESIAN_POINT('',(-1.440505990018,2.960725699085,2.15));
#12441 = LINE('',#12442,#12443);
#12442 = CARTESIAN_POINT('',(-1.440505990018,2.960725699085,2.151));
#12443 = VECTOR('',#12444,1.);
#12444 = DIRECTION('',(-0.,-0.,-1.));
#12445 = ORIENTED_EDGE('',*,*,#12446,.F.);
#12446 = EDGE_CURVE('',#12402,#12439,#12447,.T.);
#12447 = B_SPLINE_CURVE_WITH_KNOTS('',3,(#12448,#12449,#12450,#12451),
  .UNSPECIFIED.,.F.,.F.,(4,4),(3.,4.),.PIECEWISE_BEZIER_KNOTS.);
#12448 = CARTESIAN_POINT('',(-1.413929047065,2.947539905086,2.15));
#12449 = CARTESIAN_POINT('',(-1.42730619094,2.952625744085,2.15));
#12450 = CARTESIAN_POINT('',(-1.436164926119,2.957055666477,2.15));
#12451 = CARTESIAN_POINT('',(-1.440505990018,2.960725699085,2.15));
#12452 = B_SPLINE_SURFACE_WITH_KNOTS('',3,1,(
    (#12453,#12454)
    ,(#12455,#12456)
    ,(#12457,#12458)
    ,(#12459,#12460
    )),.UNSPECIFIED.,.F.,.F.,.F.,(4,4),(2,2),(3.,4.),(0.,1.),
  .PIECEWISE_BEZIER_KNOTS.);
#12453 = CARTESIAN_POINT('',(-1.413929047065,2.947539905086,2.151));
#12454 = CARTESIAN_POINT('',(-1.413929047065,2.947539905086,2.15));
#12455 = CARTESIAN_POINT('',(-1.42730619094,2.952625744085,2.151));
#12456 = CARTESIAN_POINT('',(-1.42730619094,2.952625744085,2.15));
#12457 = CARTESIAN_POINT('',(-1.436164926119,2.957055666477,2.151));
#12458 = CARTESIAN_POINT('',(-1.436164926119,2.957055666477,2.15));
#12459 = CARTESIAN_POINT('',(-1.440505990018,2.960725699085,2.151));
#12460 = CARTESIAN_POINT('',(-1.440505990018,2.960725699085,2.15));
#12461 = ADVANCED_FACE('',(#12462),#12489,.F.);
#12462 = FACE_BOUND('',#12463,.F.);
#12463 = EDGE_LOOP('',(#12464,#12465,#12474,#12482));
#12464 = ORIENTED_EDGE('',*,*,#12438,.F.);
#12465 = ORIENTED_EDGE('',*,*,#12466,.T.);
#12466 = EDGE_CURVE('',#12430,#12467,#12469,.T.);
#12467 = VERTEX_POINT('',#12468);
#12468 = CARTESIAN_POINT('',(-1.446958223969,2.974600588717,2.151));
#12469 = B_SPLINE_CURVE_WITH_KNOTS('',3,(#12470,#12471,#12472,#12473),
  .UNSPECIFIED.,.F.,.F.,(4,4),(2.,3.),.PIECEWISE_BEZIER_KNOTS.);
#12470 = CARTESIAN_POINT('',(-1.440505990018,2.960725699085,2.151));
#12471 = CARTESIAN_POINT('',(-1.444847053918,2.964395731693,2.151));
#12472 = CARTESIAN_POINT('',(-1.446998044373,2.968986037177,2.151));
#12473 = CARTESIAN_POINT('',(-1.446958223969,2.974600588717,2.151));
#12474 = ORIENTED_EDGE('',*,*,#12475,.T.);
#12475 = EDGE_CURVE('',#12467,#12476,#12478,.T.);
#12476 = VERTEX_POINT('',#12477);
#12477 = CARTESIAN_POINT('',(-1.446958223969,2.974600588717,2.15));
#12478 = LINE('',#12479,#12480);
#12479 = CARTESIAN_POINT('',(-1.446958223969,2.974600588717,2.151));
#12480 = VECTOR('',#12481,1.);
#12481 = DIRECTION('',(-0.,-0.,-1.));
#12482 = ORIENTED_EDGE('',*,*,#12483,.F.);
#12483 = EDGE_CURVE('',#12439,#12476,#12484,.T.);
#12484 = B_SPLINE_CURVE_WITH_KNOTS('',3,(#12485,#12486,#12487,#12488),
  .UNSPECIFIED.,.F.,.F.,(4,4),(2.,3.),.PIECEWISE_BEZIER_KNOTS.);
#12485 = CARTESIAN_POINT('',(-1.440505990018,2.960725699085,2.15));
#12486 = CARTESIAN_POINT('',(-1.444847053918,2.964395731693,2.15));
#12487 = CARTESIAN_POINT('',(-1.446998044373,2.968986037177,2.15));
#12488 = CARTESIAN_POINT('',(-1.446958223969,2.974600588717,2.15));
#12489 = B_SPLINE_SURFACE_WITH_KNOTS('',3,1,(
    (#12490,#12491)
    ,(#12492,#12493)
    ,(#12494,#12495)
    ,(#12496,#12497
    )),.UNSPECIFIED.,.F.,.F.,.F.,(4,4),(2,2),(2.,3.),(0.,1.),
  .PIECEWISE_BEZIER_KNOTS.);
#12490 = CARTESIAN_POINT('',(-1.440505990018,2.960725699085,2.151));
#12491 = CARTESIAN_POINT('',(-1.440505990018,2.960725699085,2.15));
#12492 = CARTESIAN_POINT('',(-1.444847053918,2.964395731693,2.151));
#12493 = CARTESIAN_POINT('',(-1.444847053918,2.964395731693,2.15));
#12494 = CARTESIAN_POINT('',(-1.446998044373,2.968986037177,2.151));
#12495 = CARTESIAN_POINT('',(-1.446998044373,2.968986037177,2.15));
#12496 = CARTESIAN_POINT('',(-1.446958223969,2.974600588717,2.151));
#12497 = CARTESIAN_POINT('',(-1.446958223969,2.974600588717,2.15));
#12498 = ADVANCED_FACE('',(#12499),#12517,.F.);
#12499 = FACE_BOUND('',#12500,.F.);
#12500 = EDGE_LOOP('',(#12501,#12502,#12509,#12510));
#12501 = ORIENTED_EDGE('',*,*,#12475,.F.);
#12502 = ORIENTED_EDGE('',*,*,#12503,.T.);
#12503 = EDGE_CURVE('',#12467,#11766,#12504,.T.);
#12504 = B_SPLINE_CURVE_WITH_KNOTS('',3,(#12505,#12506,#12507,#12508),
  .UNSPECIFIED.,.F.,.F.,(4,4),(1.,2.),.PIECEWISE_BEZIER_KNOTS.);
#12505 = CARTESIAN_POINT('',(-1.446958223969,2.974600588717,2.151));
#12506 = CARTESIAN_POINT('',(-1.446865309695,2.987701208977,2.151));
#12507 = CARTESIAN_POINT('',(-1.436785441011,2.99418035857,2.151));
#12508 = CARTESIAN_POINT('',(-1.416770604504,2.994038406207,2.151));
#12509 = ORIENTED_EDGE('',*,*,#11765,.T.);
#12510 = ORIENTED_EDGE('',*,*,#12511,.F.);
#12511 = EDGE_CURVE('',#12476,#11768,#12512,.T.);
#12512 = B_SPLINE_CURVE_WITH_KNOTS('',3,(#12513,#12514,#12515,#12516),
  .UNSPECIFIED.,.F.,.F.,(4,4),(1.,2.),.PIECEWISE_BEZIER_KNOTS.);
#12513 = CARTESIAN_POINT('',(-1.446958223969,2.974600588717,2.15));
#12514 = CARTESIAN_POINT('',(-1.446865309695,2.987701208977,2.15));
#12515 = CARTESIAN_POINT('',(-1.436785441011,2.99418035857,2.15));
#12516 = CARTESIAN_POINT('',(-1.416770604504,2.994038406207,2.15));
#12517 = B_SPLINE_SURFACE_WITH_KNOTS('',3,1,(
    (#12518,#12519)
    ,(#12520,#12521)
    ,(#12522,#12523)
    ,(#12524,#12525
    )),.UNSPECIFIED.,.F.,.F.,.F.,(4,4),(2,2),(1.,2.),(0.,1.),
  .PIECEWISE_BEZIER_KNOTS.);
#12518 = CARTESIAN_POINT('',(-1.446958223969,2.974600588717,2.151));
#12519 = CARTESIAN_POINT('',(-1.446958223969,2.974600588717,2.15));
#12520 = CARTESIAN_POINT('',(-1.446865309695,2.987701208977,2.151));
#12521 = CARTESIAN_POINT('',(-1.446865309695,2.987701208977,2.15));
#12522 = CARTESIAN_POINT('',(-1.436785441011,2.99418035857,2.151));
#12523 = CARTESIAN_POINT('',(-1.436785441011,2.99418035857,2.15));
#12524 = CARTESIAN_POINT('',(-1.416770604504,2.994038406207,2.151));
#12525 = CARTESIAN_POINT('',(-1.416770604504,2.994038406207,2.15));
#12526 = ADVANCED_FACE('',(#12527),#12550,.F.);
#12527 = FACE_BOUND('',#12528,.T.);
#12528 = EDGE_LOOP('',(#12529,#12530,#12531,#12532,#12533,#12534,#12535,
    #12536,#12537,#12538,#12539,#12540,#12541,#12542,#12543,#12544,
    #12545,#12546,#12547,#12548,#12549));
#12529 = ORIENTED_EDGE('',*,*,#11775,.T.);
#12530 = ORIENTED_EDGE('',*,*,#11827,.T.);
#12531 = ORIENTED_EDGE('',*,*,#11843,.T.);
#12532 = ORIENTED_EDGE('',*,*,#11880,.T.);
#12533 = ORIENTED_EDGE('',*,*,#11917,.T.);
#12534 = ORIENTED_EDGE('',*,*,#11954,.T.);
#12535 = ORIENTED_EDGE('',*,*,#11991,.T.);
#12536 = ORIENTED_EDGE('',*,*,#12028,.T.);
#12537 = ORIENTED_EDGE('',*,*,#12065,.T.);
#12538 = ORIENTED_EDGE('',*,*,#12102,.T.);
#12539 = ORIENTED_EDGE('',*,*,#12139,.T.);
#12540 = ORIENTED_EDGE('',*,*,#12176,.T.);
#12541 = ORIENTED_EDGE('',*,*,#12228,.T.);
#12542 = ORIENTED_EDGE('',*,*,#12244,.T.);
#12543 = ORIENTED_EDGE('',*,*,#12281,.T.);
#12544 = ORIENTED_EDGE('',*,*,#12318,.T.);
#12545 = ORIENTED_EDGE('',*,*,#12355,.T.);
#12546 = ORIENTED_EDGE('',*,*,#12392,.T.);
#12547 = ORIENTED_EDGE('',*,*,#12429,.T.);
#12548 = ORIENTED_EDGE('',*,*,#12466,.T.);
#12549 = ORIENTED_EDGE('',*,*,#12503,.T.);
#12550 = PLANE('',#12551);
#12551 = AXIS2_PLACEMENT_3D('',#12552,#12553,#12554);
#12552 = CARTESIAN_POINT('',(-1.395104088275,2.990375468316,2.151));
#12553 = DIRECTION('',(0.,0.,-1.));
#12554 = DIRECTION('',(-1.,0.,-0.));
#12555 = ADVANCED_FACE('',(#12556),#12579,.T.);
#12556 = FACE_BOUND('',#12557,.T.);
#12557 = EDGE_LOOP('',(#12558,#12559,#12560,#12561,#12562,#12563,#12564,
    #12565,#12566,#12567,#12568,#12569,#12570,#12571,#12572,#12573,
    #12574,#12575,#12576,#12577,#12578));
#12558 = ORIENTED_EDGE('',*,*,#11792,.F.);
#12559 = ORIENTED_EDGE('',*,*,#12511,.F.);
#12560 = ORIENTED_EDGE('',*,*,#12483,.F.);
#12561 = ORIENTED_EDGE('',*,*,#12446,.F.);
#12562 = ORIENTED_EDGE('',*,*,#12409,.F.);
#12563 = ORIENTED_EDGE('',*,*,#12372,.F.);
#12564 = ORIENTED_EDGE('',*,*,#12335,.F.);
#12565 = ORIENTED_EDGE('',*,*,#12298,.F.);
#12566 = ORIENTED_EDGE('',*,*,#12261,.F.);
#12567 = ORIENTED_EDGE('',*,*,#12212,.F.);
#12568 = ORIENTED_EDGE('',*,*,#12193,.F.);
#12569 = ORIENTED_EDGE('',*,*,#12156,.F.);
#12570 = ORIENTED_EDGE('',*,*,#12119,.F.);
#12571 = ORIENTED_EDGE('',*,*,#12082,.F.);
#12572 = ORIENTED_EDGE('',*,*,#12045,.F.);
#12573 = ORIENTED_EDGE('',*,*,#12008,.F.);
#12574 = ORIENTED_EDGE('',*,*,#11971,.F.);
#12575 = ORIENTED_EDGE('',*,*,#11934,.F.);
#12576 = ORIENTED_EDGE('',*,*,#11897,.F.);
#12577 = ORIENTED_EDGE('',*,*,#11860,.F.);
#12578 = ORIENTED_EDGE('',*,*,#11811,.F.);
#12579 = PLANE('',#12580);
#12580 = AXIS2_PLACEMENT_3D('',#12581,#12582,#12583);
#12581 = CARTESIAN_POINT('',(-1.395104088275,2.990375468316,2.15));
#12582 = DIRECTION('',(0.,0.,-1.));
#12583 = DIRECTION('',(-1.,0.,-0.));
#12584 = MANIFOLD_SOLID_BREP('',#12585);
#12585 = CLOSED_SHELL('',(#12586,#12626,#12657,#12694,#12725,#12756,
    #12787,#12818,#12849,#12880,#12917,#12954,#12985,#13022,#13059,
    #13081,#13104));
#12586 = ADVANCED_FACE('',(#12587),#12621,.F.);
#12587 = FACE_BOUND('',#12588,.T.);
#12588 = EDGE_LOOP('',(#12589,#12599,#12607,#12615));
#12589 = ORIENTED_EDGE('',*,*,#12590,.T.);
#12590 = EDGE_CURVE('',#12591,#12593,#12595,.T.);
#12591 = VERTEX_POINT('',#12592);
#12592 = CARTESIAN_POINT('',(-1.626559736709,2.867632865399,2.15));
#12593 = VERTEX_POINT('',#12594);
#12594 = CARTESIAN_POINT('',(-1.600150549838,2.867445562021,2.15));
#12595 = LINE('',#12596,#12597);
#12596 = CARTESIAN_POINT('',(-1.600150549838,2.867445562021,2.15));
#12597 = VECTOR('',#12598,1.);
#12598 = DIRECTION('',(0.999974850186,-7.092178509974E-03,-0.));
#12599 = ORIENTED_EDGE('',*,*,#12600,.F.);
#12600 = EDGE_CURVE('',#12601,#12593,#12603,.T.);
#12601 = VERTEX_POINT('',#12602);
#12602 = CARTESIAN_POINT('',(-1.600150549838,2.867445562021,2.151));
#12603 = LINE('',#12604,#12605);
#12604 = CARTESIAN_POINT('',(-1.600150549838,2.867445562021,2.151));
#12605 = VECTOR('',#12606,1.);
#12606 = DIRECTION('',(-0.,-0.,-1.));
#12607 = ORIENTED_EDGE('',*,*,#12608,.F.);
#12608 = EDGE_CURVE('',#12609,#12601,#12611,.T.);
#12609 = VERTEX_POINT('',#12610);
#12610 = CARTESIAN_POINT('',(-1.626559736709,2.867632865399,2.151));
#12611 = LINE('',#12612,#12613);
#12612 = CARTESIAN_POINT('',(-1.600150549838,2.867445562021,2.151));
#12613 = VECTOR('',#12614,1.);
#12614 = DIRECTION('',(0.999974850186,-7.092178509974E-03,-0.));
#12615 = ORIENTED_EDGE('',*,*,#12616,.T.);
#12616 = EDGE_CURVE('',#12609,#12591,#12617,.T.);
#12617 = LINE('',#12618,#12619);
#12618 = CARTESIAN_POINT('',(-1.626559736709,2.867632865399,2.151));
#12619 = VECTOR('',#12620,1.);
#12620 = DIRECTION('',(-0.,-0.,-1.));
#12621 = PLANE('',#12622);
#12622 = AXIS2_PLACEMENT_3D('',#12623,#12624,#12625);
#12623 = CARTESIAN_POINT('',(-1.600150549838,2.867445562021,2.151));
#12624 = DIRECTION('',(7.092178509974E-03,0.999974850186,-0.));
#12625 = DIRECTION('',(-0.999974850186,7.092178509974E-03,0.));
#12626 = ADVANCED_FACE('',(#12627),#12652,.F.);
#12627 = FACE_BOUND('',#12628,.T.);
#12628 = EDGE_LOOP('',(#12629,#12637,#12645,#12651));
#12629 = ORIENTED_EDGE('',*,*,#12630,.T.);
#12630 = EDGE_CURVE('',#12593,#12631,#12633,.T.);
#12631 = VERTEX_POINT('',#12632);
#12632 = CARTESIAN_POINT('',(-1.559709022494,2.976544020092,2.15));
#12633 = LINE('',#12634,#12635);
#12634 = CARTESIAN_POINT('',(-1.559709022494,2.976544020092,2.15));
#12635 = VECTOR('',#12636,1.);
#12636 = DIRECTION('',(0.347576530354,0.937651617365,-0.));
#12637 = ORIENTED_EDGE('',*,*,#12638,.F.);
#12638 = EDGE_CURVE('',#12639,#12631,#12641,.T.);
#12639 = VERTEX_POINT('',#12640);
#12640 = CARTESIAN_POINT('',(-1.559709022494,2.976544020092,2.151));
#12641 = LINE('',#12642,#12643);
#12642 = CARTESIAN_POINT('',(-1.559709022494,2.976544020092,2.151));
#12643 = VECTOR('',#12644,1.);
#12644 = DIRECTION('',(-0.,-0.,-1.));
#12645 = ORIENTED_EDGE('',*,*,#12646,.F.);
#12646 = EDGE_CURVE('',#12601,#12639,#12647,.T.);
#12647 = LINE('',#12648,#12649);
#12648 = CARTESIAN_POINT('',(-1.559709022494,2.976544020092,2.151));
#12649 = VECTOR('',#12650,1.);
#12650 = DIRECTION('',(0.347576530354,0.937651617365,-0.));
#12651 = ORIENTED_EDGE('',*,*,#12600,.T.);
#12652 = PLANE('',#12653);
#12653 = AXIS2_PLACEMENT_3D('',#12654,#12655,#12656);
#12654 = CARTESIAN_POINT('',(-1.559709022494,2.976544020092,2.151));
#12655 = DIRECTION('',(-0.937651617365,0.347576530354,0.));
#12656 = DIRECTION('',(-0.347576530354,-0.937651617365,0.));
#12657 = ADVANCED_FACE('',(#12658),#12685,.F.);
#12658 = FACE_BOUND('',#12659,.F.);
#12659 = EDGE_LOOP('',(#12660,#12661,#12670,#12678));
#12660 = ORIENTED_EDGE('',*,*,#12638,.F.);
#12661 = ORIENTED_EDGE('',*,*,#12662,.T.);
#12662 = EDGE_CURVE('',#12639,#12663,#12665,.T.);
#12663 = VERTEX_POINT('',#12664);
#12664 = CARTESIAN_POINT('',(-1.556506499312,2.988270866609,2.151));
#12665 = B_SPLINE_CURVE_WITH_KNOTS('',3,(#12666,#12667,#12668,#12669),
  .UNSPECIFIED.,.F.,.F.,(4,4),(12.,13.),.PIECEWISE_BEZIER_KNOTS.);
#12666 = CARTESIAN_POINT('',(-1.559709022494,2.976544020092,2.151));
#12667 = CARTESIAN_POINT('',(-1.558113291515,2.981627644525,2.151));
#12668 = CARTESIAN_POINT('',(-1.557045537982,2.985571251089,2.151));
#12669 = CARTESIAN_POINT('',(-1.556506499312,2.988270866609,2.151));
#12670 = ORIENTED_EDGE('',*,*,#12671,.T.);
#12671 = EDGE_CURVE('',#12663,#12672,#12674,.T.);
#12672 = VERTEX_POINT('',#12673);
#12673 = CARTESIAN_POINT('',(-1.556506499312,2.988270866609,2.15));
#12674 = LINE('',#12675,#12676);
#12675 = CARTESIAN_POINT('',(-1.556506499312,2.988270866609,2.151));
#12676 = VECTOR('',#12677,1.);
#12677 = DIRECTION('',(-0.,-0.,-1.));
#12678 = ORIENTED_EDGE('',*,*,#12679,.F.);
#12679 = EDGE_CURVE('',#12631,#12672,#12680,.T.);
#12680 = B_SPLINE_CURVE_WITH_KNOTS('',3,(#12681,#12682,#12683,#12684),
  .UNSPECIFIED.,.F.,.F.,(4,4),(12.,13.),.PIECEWISE_BEZIER_KNOTS.);
#12681 = CARTESIAN_POINT('',(-1.559709022494,2.976544020092,2.15));
#12682 = CARTESIAN_POINT('',(-1.558113291515,2.981627644525,2.15));
#12683 = CARTESIAN_POINT('',(-1.557045537982,2.985571251089,2.15));
#12684 = CARTESIAN_POINT('',(-1.556506499312,2.988270866609,2.15));
#12685 = B_SPLINE_SURFACE_WITH_KNOTS('',3,1,(
    (#12686,#12687)
    ,(#12688,#12689)
    ,(#12690,#12691)
    ,(#12692,#12693
    )),.UNSPECIFIED.,.F.,.F.,.F.,(4,4),(2,2),(12.,13.),(0.,1.),
  .PIECEWISE_BEZIER_KNOTS.);
#12686 = CARTESIAN_POINT('',(-1.559709022494,2.976544020092,2.151));
#12687 = CARTESIAN_POINT('',(-1.559709022494,2.976544020092,2.15));
#12688 = CARTESIAN_POINT('',(-1.558113291515,2.981627644525,2.151));
#12689 = CARTESIAN_POINT('',(-1.558113291515,2.981627644525,2.15));
#12690 = CARTESIAN_POINT('',(-1.557045537982,2.985571251089,2.151));
#12691 = CARTESIAN_POINT('',(-1.557045537982,2.985571251089,2.15));
#12692 = CARTESIAN_POINT('',(-1.556506499312,2.988270866609,2.151));
#12693 = CARTESIAN_POINT('',(-1.556506499312,2.988270866609,2.15));
#12694 = ADVANCED_FACE('',(#12695),#12720,.F.);
#12695 = FACE_BOUND('',#12696,.T.);
#12696 = EDGE_LOOP('',(#12697,#12705,#12713,#12719));
#12697 = ORIENTED_EDGE('',*,*,#12698,.T.);
#12698 = EDGE_CURVE('',#12672,#12699,#12701,.T.);
#12699 = VERTEX_POINT('',#12700);
#12700 = CARTESIAN_POINT('',(-1.555830673665,2.988266073412,2.15));
#12701 = LINE('',#12702,#12703);
#12702 = CARTESIAN_POINT('',(-1.555830673665,2.988266073412,2.15));
#12703 = VECTOR('',#12704,1.);
#12704 = DIRECTION('',(0.999974850186,-7.092178510255E-03,-0.));
#12705 = ORIENTED_EDGE('',*,*,#12706,.F.);
#12706 = EDGE_CURVE('',#12707,#12699,#12709,.T.);
#12707 = VERTEX_POINT('',#12708);
#12708 = CARTESIAN_POINT('',(-1.555830673665,2.988266073412,2.151));
#12709 = LINE('',#12710,#12711);
#12710 = CARTESIAN_POINT('',(-1.555830673665,2.988266073412,2.151));
#12711 = VECTOR('',#12712,1.);
#12712 = DIRECTION('',(-0.,-0.,-1.));
#12713 = ORIENTED_EDGE('',*,*,#12714,.F.);
#12714 = EDGE_CURVE('',#12663,#12707,#12715,.T.);
#12715 = LINE('',#12716,#12717);
#12716 = CARTESIAN_POINT('',(-1.555830673665,2.988266073412,2.151));
#12717 = VECTOR('',#12718,1.);
#12718 = DIRECTION('',(0.999974850186,-7.092178510255E-03,-0.));
#12719 = ORIENTED_EDGE('',*,*,#12671,.T.);
#12720 = PLANE('',#12721);
#12721 = AXIS2_PLACEMENT_3D('',#12722,#12723,#12724);
#12722 = CARTESIAN_POINT('',(-1.555830673665,2.988266073412,2.151));
#12723 = DIRECTION('',(7.092178510255E-03,0.999974850186,-0.));
#12724 = DIRECTION('',(-0.999974850186,7.092178510255E-03,0.));
#12725 = ADVANCED_FACE('',(#12726),#12751,.F.);
#12726 = FACE_BOUND('',#12727,.T.);
#12727 = EDGE_LOOP('',(#12728,#12736,#12744,#12750));
#12728 = ORIENTED_EDGE('',*,*,#12729,.T.);
#12729 = EDGE_CURVE('',#12699,#12730,#12732,.T.);
#12730 = VERTEX_POINT('',#12731);
#12731 = CARTESIAN_POINT('',(-1.552796281075,2.97628703565,2.15));
#12732 = LINE('',#12733,#12734);
#12733 = CARTESIAN_POINT('',(-1.552796281075,2.97628703565,2.15));
#12734 = VECTOR('',#12735,1.);
#12735 = DIRECTION('',(0.245553034399,-0.969383158146,-0.));
#12736 = ORIENTED_EDGE('',*,*,#12737,.F.);
#12737 = EDGE_CURVE('',#12738,#12730,#12740,.T.);
#12738 = VERTEX_POINT('',#12739);
#12739 = CARTESIAN_POINT('',(-1.552796281075,2.97628703565,2.151));
#12740 = LINE('',#12741,#12742);
#12741 = CARTESIAN_POINT('',(-1.552796281075,2.97628703565,2.151));
#12742 = VECTOR('',#12743,1.);
#12743 = DIRECTION('',(-0.,-0.,-1.));
#12744 = ORIENTED_EDGE('',*,*,#12745,.F.);
#12745 = EDGE_CURVE('',#12707,#12738,#12746,.T.);
#12746 = LINE('',#12747,#12748);
#12747 = CARTESIAN_POINT('',(-1.552796281075,2.97628703565,2.151));
#12748 = VECTOR('',#12749,1.);
#12749 = DIRECTION('',(0.245553034399,-0.969383158146,-0.));
#12750 = ORIENTED_EDGE('',*,*,#12706,.T.);
#12751 = PLANE('',#12752);
#12752 = AXIS2_PLACEMENT_3D('',#12753,#12754,#12755);
#12753 = CARTESIAN_POINT('',(-1.552796281075,2.97628703565,2.151));
#12754 = DIRECTION('',(0.969383158146,0.245553034399,-0.));
#12755 = DIRECTION('',(-0.245553034399,0.969383158146,0.));
#12756 = ADVANCED_FACE('',(#12757),#12782,.F.);
#12757 = FACE_BOUND('',#12758,.T.);
#12758 = EDGE_LOOP('',(#12759,#12767,#12775,#12781));
#12759 = ORIENTED_EDGE('',*,*,#12760,.T.);
#12760 = EDGE_CURVE('',#12730,#12761,#12763,.T.);
#12761 = VERTEX_POINT('',#12762);
#12762 = CARTESIAN_POINT('',(-1.515620357213,2.866846043727,2.15));
#12763 = LINE('',#12764,#12765);
#12764 = CARTESIAN_POINT('',(-1.515620357213,2.866846043727,2.15));
#12765 = VECTOR('',#12766,1.);
#12766 = DIRECTION('',(0.321638936845,-0.946862394599,-0.));
#12767 = ORIENTED_EDGE('',*,*,#12768,.F.);
#12768 = EDGE_CURVE('',#12769,#12761,#12771,.T.);
#12769 = VERTEX_POINT('',#12770);
#12770 = CARTESIAN_POINT('',(-1.515620357213,2.866846043727,2.151));
#12771 = LINE('',#12772,#12773);
#12772 = CARTESIAN_POINT('',(-1.515620357213,2.866846043727,2.151));
#12773 = VECTOR('',#12774,1.);
#12774 = DIRECTION('',(-0.,-0.,-1.));
#12775 = ORIENTED_EDGE('',*,*,#12776,.F.);
#12776 = EDGE_CURVE('',#12738,#12769,#12777,.T.);
#12777 = LINE('',#12778,#12779);
#12778 = CARTESIAN_POINT('',(-1.515620357213,2.866846043727,2.151));
#12779 = VECTOR('',#12780,1.);
#12780 = DIRECTION('',(0.321638936845,-0.946862394599,-0.));
#12781 = ORIENTED_EDGE('',*,*,#12737,.T.);
#12782 = PLANE('',#12783);
#12783 = AXIS2_PLACEMENT_3D('',#12784,#12785,#12786);
#12784 = CARTESIAN_POINT('',(-1.515620357213,2.866846043727,2.151));
#12785 = DIRECTION('',(0.946862394599,0.321638936845,-0.));
#12786 = DIRECTION('',(-0.321638936845,0.946862394599,0.));
#12787 = ADVANCED_FACE('',(#12788),#12813,.F.);
#12788 = FACE_BOUND('',#12789,.T.);
#12789 = EDGE_LOOP('',(#12790,#12798,#12806,#12812));
#12790 = ORIENTED_EDGE('',*,*,#12791,.T.);
#12791 = EDGE_CURVE('',#12761,#12792,#12794,.T.);
#12792 = VERTEX_POINT('',#12793);
#12793 = CARTESIAN_POINT('',(-1.487131706808,2.866643992052,2.15));
#12794 = LINE('',#12795,#12796);
#12795 = CARTESIAN_POINT('',(-1.487131706808,2.866643992052,2.15));
#12796 = VECTOR('',#12797,1.);
#12797 = DIRECTION('',(0.999974850186,-7.092178509965E-03,-0.));
#12798 = ORIENTED_EDGE('',*,*,#12799,.F.);
#12799 = EDGE_CURVE('',#12800,#12792,#12802,.T.);
#12800 = VERTEX_POINT('',#12801);
#12801 = CARTESIAN_POINT('',(-1.487131706808,2.866643992052,2.151));
#12802 = LINE('',#12803,#12804);
#12803 = CARTESIAN_POINT('',(-1.487131706808,2.866643992052,2.151));
#12804 = VECTOR('',#12805,1.);
#12805 = DIRECTION('',(-0.,-0.,-1.));
#12806 = ORIENTED_EDGE('',*,*,#12807,.F.);
#12807 = EDGE_CURVE('',#12769,#12800,#12808,.T.);
#12808 = LINE('',#12809,#12810);
#12809 = CARTESIAN_POINT('',(-1.487131706808,2.866643992052,2.151));
#12810 = VECTOR('',#12811,1.);
#12811 = DIRECTION('',(0.999974850186,-7.092178509965E-03,-0.));
#12812 = ORIENTED_EDGE('',*,*,#12768,.T.);
#12813 = PLANE('',#12814);
#12814 = AXIS2_PLACEMENT_3D('',#12815,#12816,#12817);
#12815 = CARTESIAN_POINT('',(-1.487131706808,2.866643992052,2.151));
#12816 = DIRECTION('',(7.092178509965E-03,0.999974850186,-0.));
#12817 = DIRECTION('',(-0.999974850186,7.092178509965E-03,0.));
#12818 = ADVANCED_FACE('',(#12819),#12844,.F.);
#12819 = FACE_BOUND('',#12820,.T.);
#12820 = EDGE_LOOP('',(#12821,#12829,#12837,#12843));
#12821 = ORIENTED_EDGE('',*,*,#12822,.T.);
#12822 = EDGE_CURVE('',#12792,#12823,#12825,.T.);
#12823 = VERTEX_POINT('',#12824);
#12824 = CARTESIAN_POINT('',(-1.543081051283,3.011986703667,2.15));
#12825 = LINE('',#12826,#12827);
#12826 = CARTESIAN_POINT('',(-1.543081051283,3.011986703667,2.15));
#12827 = VECTOR('',#12828,1.);
#12828 = DIRECTION('',(-0.359249240323,0.933241653232,-0.));
#12829 = ORIENTED_EDGE('',*,*,#12830,.F.);
#12830 = EDGE_CURVE('',#12831,#12823,#12833,.T.);
#12831 = VERTEX_POINT('',#12832);
#12832 = CARTESIAN_POINT('',(-1.543081051283,3.011986703667,2.151));
#12833 = LINE('',#12834,#12835);
#12834 = CARTESIAN_POINT('',(-1.543081051283,3.011986703667,2.151));
#12835 = VECTOR('',#12836,1.);
#12836 = DIRECTION('',(-0.,-0.,-1.));
#12837 = ORIENTED_EDGE('',*,*,#12838,.F.);
#12838 = EDGE_CURVE('',#12800,#12831,#12839,.T.);
#12839 = LINE('',#12840,#12841);
#12840 = CARTESIAN_POINT('',(-1.543081051283,3.011986703667,2.151));
#12841 = VECTOR('',#12842,1.);
#12842 = DIRECTION('',(-0.359249240323,0.933241653232,-0.));
#12843 = ORIENTED_EDGE('',*,*,#12799,.T.);
#12844 = PLANE('',#12845);
#12845 = AXIS2_PLACEMENT_3D('',#12846,#12847,#12848);
#12846 = CARTESIAN_POINT('',(-1.543081051283,3.011986703667,2.151));
#12847 = DIRECTION('',(-0.933241653232,-0.359249240323,0.));
#12848 = DIRECTION('',(0.359249240323,-0.933241653232,0.));
#12849 = ADVANCED_FACE('',(#12850),#12875,.F.);
#12850 = FACE_BOUND('',#12851,.T.);
#12851 = EDGE_LOOP('',(#12852,#12860,#12868,#12874));
#12852 = ORIENTED_EDGE('',*,*,#12853,.T.);
#12853 = EDGE_CURVE('',#12823,#12854,#12856,.T.);
#12854 = VERTEX_POINT('',#12855);
#12855 = CARTESIAN_POINT('',(-1.531716631413,3.03831661844,2.15));
#12856 = LINE('',#12857,#12858);
#12857 = CARTESIAN_POINT('',(-1.531716631413,3.03831661844,2.15));
#12858 = VECTOR('',#12859,1.);
#12859 = DIRECTION('',(0.396279771914,0.918129806929,-0.));
#12860 = ORIENTED_EDGE('',*,*,#12861,.F.);
#12861 = EDGE_CURVE('',#12862,#12854,#12864,.T.);
#12862 = VERTEX_POINT('',#12863);
#12863 = CARTESIAN_POINT('',(-1.531716631413,3.03831661844,2.151));
#12864 = LINE('',#12865,#12866);
#12865 = CARTESIAN_POINT('',(-1.531716631413,3.03831661844,2.151));
#12866 = VECTOR('',#12867,1.);
#12867 = DIRECTION('',(-0.,-0.,-1.));
#12868 = ORIENTED_EDGE('',*,*,#12869,.F.);
#12869 = EDGE_CURVE('',#12831,#12862,#12870,.T.);
#12870 = LINE('',#12871,#12872);
#12871 = CARTESIAN_POINT('',(-1.531716631413,3.03831661844,2.151));
#12872 = VECTOR('',#12873,1.);
#12873 = DIRECTION('',(0.396279771914,0.918129806929,-0.));
#12874 = ORIENTED_EDGE('',*,*,#12830,.T.);
#12875 = PLANE('',#12876);
#12876 = AXIS2_PLACEMENT_3D('',#12877,#12878,#12879);
#12877 = CARTESIAN_POINT('',(-1.531716631413,3.03831661844,2.151));
#12878 = DIRECTION('',(-0.918129806929,0.396279771914,0.));
#12879 = DIRECTION('',(-0.396279771914,-0.918129806929,0.));
#12880 = ADVANCED_FACE('',(#12881),#12908,.F.);
#12881 = FACE_BOUND('',#12882,.F.);
#12882 = EDGE_LOOP('',(#12883,#12884,#12893,#12901));
#12883 = ORIENTED_EDGE('',*,*,#12861,.F.);
#12884 = ORIENTED_EDGE('',*,*,#12885,.T.);
#12885 = EDGE_CURVE('',#12862,#12886,#12888,.T.);
#12886 = VERTEX_POINT('',#12887);
#12887 = CARTESIAN_POINT('',(-1.505474093341,3.058614243108,2.151));
#12888 = B_SPLINE_CURVE_WITH_KNOTS('',3,(#12889,#12890,#12891,#12892),
  .UNSPECIFIED.,.F.,.F.,(4,4),(5.,6.),.PIECEWISE_BEZIER_KNOTS.);
#12889 = CARTESIAN_POINT('',(-1.531716631413,3.03831661844,2.151));
#12890 = CARTESIAN_POINT('',(-1.525848781345,3.052000151233,2.151));
#12891 = CARTESIAN_POINT('',(-1.517119089127,3.058696833574,2.151));
#12892 = CARTESIAN_POINT('',(-1.505474093341,3.058614243108,2.151));
#12893 = ORIENTED_EDGE('',*,*,#12894,.T.);
#12894 = EDGE_CURVE('',#12886,#12895,#12897,.T.);
#12895 = VERTEX_POINT('',#12896);
#12896 = CARTESIAN_POINT('',(-1.505474093341,3.058614243108,2.15));
#12897 = LINE('',#12898,#12899);
#12898 = CARTESIAN_POINT('',(-1.505474093341,3.058614243108,2.151));
#12899 = VECTOR('',#12900,1.);
#12900 = DIRECTION('',(-0.,-0.,-1.));
#12901 = ORIENTED_EDGE('',*,*,#12902,.F.);
#12902 = EDGE_CURVE('',#12854,#12895,#12903,.T.);
#12903 = B_SPLINE_CURVE_WITH_KNOTS('',3,(#12904,#12905,#12906,#12907),
  .UNSPECIFIED.,.F.,.F.,(4,4),(5.,6.),.PIECEWISE_BEZIER_KNOTS.);
#12904 = CARTESIAN_POINT('',(-1.531716631413,3.03831661844,2.15));
#12905 = CARTESIAN_POINT('',(-1.525848781345,3.052000151233,2.15));
#12906 = CARTESIAN_POINT('',(-1.517119089127,3.058696833574,2.15));
#12907 = CARTESIAN_POINT('',(-1.505474093341,3.058614243108,2.15));
#12908 = B_SPLINE_SURFACE_WITH_KNOTS('',3,1,(
    (#12909,#12910)
    ,(#12911,#12912)
    ,(#12913,#12914)
    ,(#12915,#12916
    )),.UNSPECIFIED.,.F.,.F.,.F.,(4,4),(2,2),(5.,6.),(0.,1.),
  .PIECEWISE_BEZIER_KNOTS.);
#12909 = CARTESIAN_POINT('',(-1.531716631413,3.03831661844,2.151));
#12910 = CARTESIAN_POINT('',(-1.531716631413,3.03831661844,2.15));
#12911 = CARTESIAN_POINT('',(-1.525848781345,3.052000151233,2.151));
#12912 = CARTESIAN_POINT('',(-1.525848781345,3.052000151233,2.15));
#12913 = CARTESIAN_POINT('',(-1.517119089127,3.058696833574,2.151));
#12914 = CARTESIAN_POINT('',(-1.517119089127,3.058696833574,2.15));
#12915 = CARTESIAN_POINT('',(-1.505474093341,3.058614243108,2.151));
#12916 = CARTESIAN_POINT('',(-1.505474093341,3.058614243108,2.15));
#12917 = ADVANCED_FACE('',(#12918),#12945,.F.);
#12918 = FACE_BOUND('',#12919,.F.);
#12919 = EDGE_LOOP('',(#12920,#12921,#12930,#12938));
#12920 = ORIENTED_EDGE('',*,*,#12894,.F.);
#12921 = ORIENTED_EDGE('',*,*,#12922,.T.);
#12922 = EDGE_CURVE('',#12886,#12923,#12925,.T.);
#12923 = VERTEX_POINT('',#12924);
#12924 = CARTESIAN_POINT('',(-1.491042469402,3.055600493493,2.151));
#12925 = B_SPLINE_CURVE_WITH_KNOTS('',3,(#12926,#12927,#12928,#12929),
  .UNSPECIFIED.,.F.,.F.,(4,4),(4.,5.),.PIECEWISE_BEZIER_KNOTS.);
#12926 = CARTESIAN_POINT('',(-1.505474093341,3.058614243108,2.151));
#12927 = CARTESIAN_POINT('',(-1.500795300392,3.058581059439,2.151));
#12928 = CARTESIAN_POINT('',(-1.496019170999,3.057611379765,2.151));
#12929 = CARTESIAN_POINT('',(-1.491042469402,3.055600493493,2.151));
#12930 = ORIENTED_EDGE('',*,*,#12931,.T.);
#12931 = EDGE_CURVE('',#12923,#12932,#12934,.T.);
#12932 = VERTEX_POINT('',#12933);
#12933 = CARTESIAN_POINT('',(-1.491042469402,3.055600493493,2.15));
#12934 = LINE('',#12935,#12936);
#12935 = CARTESIAN_POINT('',(-1.491042469402,3.055600493493,2.151));
#12936 = VECTOR('',#12937,1.);
#12937 = DIRECTION('',(-0.,-0.,-1.));
#12938 = ORIENTED_EDGE('',*,*,#12939,.F.);
#12939 = EDGE_CURVE('',#12895,#12932,#12940,.T.);
#12940 = B_SPLINE_CURVE_WITH_KNOTS('',3,(#12941,#12942,#12943,#12944),
  .UNSPECIFIED.,.F.,.F.,(4,4),(4.,5.),.PIECEWISE_BEZIER_KNOTS.);
#12941 = CARTESIAN_POINT('',(-1.505474093341,3.058614243108,2.15));
#12942 = CARTESIAN_POINT('',(-1.500795300392,3.058581059439,2.15));
#12943 = CARTESIAN_POINT('',(-1.496019170999,3.057611379765,2.15));
#12944 = CARTESIAN_POINT('',(-1.491042469402,3.055600493493,2.15));
#12945 = B_SPLINE_SURFACE_WITH_KNOTS('',3,1,(
    (#12946,#12947)
    ,(#12948,#12949)
    ,(#12950,#12951)
    ,(#12952,#12953
    )),.UNSPECIFIED.,.F.,.F.,.F.,(4,4),(2,2),(4.,5.),(0.,1.),
  .PIECEWISE_BEZIER_KNOTS.);
#12946 = CARTESIAN_POINT('',(-1.505474093341,3.058614243108,2.151));
#12947 = CARTESIAN_POINT('',(-1.505474093341,3.058614243108,2.15));
#12948 = CARTESIAN_POINT('',(-1.500795300392,3.058581059439,2.151));
#12949 = CARTESIAN_POINT('',(-1.500795300392,3.058581059439,2.15));
#12950 = CARTESIAN_POINT('',(-1.496019170999,3.057611379765,2.151));
#12951 = CARTESIAN_POINT('',(-1.496019170999,3.057611379765,2.15));
#12952 = CARTESIAN_POINT('',(-1.491042469402,3.055600493493,2.151));
#12953 = CARTESIAN_POINT('',(-1.491042469402,3.055600493493,2.15));
#12954 = ADVANCED_FACE('',(#12955),#12980,.F.);
#12955 = FACE_BOUND('',#12956,.T.);
#12956 = EDGE_LOOP('',(#12957,#12965,#12973,#12979));
#12957 = ORIENTED_EDGE('',*,*,#12958,.T.);
#12958 = EDGE_CURVE('',#12932,#12959,#12961,.T.);
#12959 = VERTEX_POINT('',#12960);
#12960 = CARTESIAN_POINT('',(-1.490881712959,3.078266646006,2.15));
#12961 = LINE('',#12962,#12963);
#12962 = CARTESIAN_POINT('',(-1.490881712959,3.078266646006,2.15));
#12963 = VECTOR('',#12964,1.);
#12964 = DIRECTION('',(7.092178509959E-03,0.999974850186,-0.));
#12965 = ORIENTED_EDGE('',*,*,#12966,.F.);
#12966 = EDGE_CURVE('',#12967,#12959,#12969,.T.);
#12967 = VERTEX_POINT('',#12968);
#12968 = CARTESIAN_POINT('',(-1.490881712959,3.078266646006,2.151));
#12969 = LINE('',#12970,#12971);
#12970 = CARTESIAN_POINT('',(-1.490881712959,3.078266646006,2.151));
#12971 = VECTOR('',#12972,1.);
#12972 = DIRECTION('',(-0.,-0.,-1.));
#12973 = ORIENTED_EDGE('',*,*,#12974,.F.);
#12974 = EDGE_CURVE('',#12923,#12967,#12975,.T.);
#12975 = LINE('',#12976,#12977);
#12976 = CARTESIAN_POINT('',(-1.490881712959,3.078266646006,2.151));
#12977 = VECTOR('',#12978,1.);
#12978 = DIRECTION('',(7.092178509959E-03,0.999974850186,-0.));
#12979 = ORIENTED_EDGE('',*,*,#12931,.T.);
#12980 = PLANE('',#12981);
#12981 = AXIS2_PLACEMENT_3D('',#12982,#12983,#12984);
#12982 = CARTESIAN_POINT('',(-1.490881712959,3.078266646006,2.151));
#12983 = DIRECTION('',(-0.999974850186,7.092178509959E-03,0.));
#12984 = DIRECTION('',(-7.092178509959E-03,-0.999974850186,0.));
#12985 = ADVANCED_FACE('',(#12986),#13013,.F.);
#12986 = FACE_BOUND('',#12987,.F.);
#12987 = EDGE_LOOP('',(#12988,#12989,#12998,#13006));
#12988 = ORIENTED_EDGE('',*,*,#12966,.F.);
#12989 = ORIENTED_EDGE('',*,*,#12990,.T.);
#12990 = EDGE_CURVE('',#12967,#12991,#12993,.T.);
#12991 = VERTEX_POINT('',#12992);
#12992 = CARTESIAN_POINT('',(-1.507294726574,3.08046262109,2.151));
#12993 = B_SPLINE_CURVE_WITH_KNOTS('',3,(#12994,#12995,#12996,#12997),
  .UNSPECIFIED.,.F.,.F.,(4,4),(2.,3.),.PIECEWISE_BEZIER_KNOTS.);
#12994 = CARTESIAN_POINT('',(-1.490881712959,3.078266646006,2.151));
#12995 = CARTESIAN_POINT('',(-1.49539495975,3.079650374849,2.151));
#12996 = CARTESIAN_POINT('',(-1.500900376209,3.080417270075,2.151));
#12997 = CARTESIAN_POINT('',(-1.507294726574,3.08046262109,2.151));
#12998 = ORIENTED_EDGE('',*,*,#12999,.T.);
#12999 = EDGE_CURVE('',#12991,#13000,#13002,.T.);
#13000 = VERTEX_POINT('',#13001);
#13001 = CARTESIAN_POINT('',(-1.507294726574,3.08046262109,2.15));
#13002 = LINE('',#13003,#13004);
#13003 = CARTESIAN_POINT('',(-1.507294726574,3.08046262109,2.151));
#13004 = VECTOR('',#13005,1.);
#13005 = DIRECTION('',(-0.,-0.,-1.));
#13006 = ORIENTED_EDGE('',*,*,#13007,.F.);
#13007 = EDGE_CURVE('',#12959,#13000,#13008,.T.);
#13008 = B_SPLINE_CURVE_WITH_KNOTS('',3,(#13009,#13010,#13011,#13012),
  .UNSPECIFIED.,.F.,.F.,(4,4),(2.,3.),.PIECEWISE_BEZIER_KNOTS.);
#13009 = CARTESIAN_POINT('',(-1.490881712959,3.078266646006,2.15));
#13010 = CARTESIAN_POINT('',(-1.49539495975,3.079650374849,2.15));
#13011 = CARTESIAN_POINT('',(-1.500900376209,3.080417270075,2.15));
#13012 = CARTESIAN_POINT('',(-1.507294726574,3.08046262109,2.15));
#13013 = B_SPLINE_SURFACE_WITH_KNOTS('',3,1,(
    (#13014,#13015)
    ,(#13016,#13017)
    ,(#13018,#13019)
    ,(#13020,#13021
    )),.UNSPECIFIED.,.F.,.F.,.F.,(4,4),(2,2),(2.,3.),(0.,1.),
  .PIECEWISE_BEZIER_KNOTS.);
#13014 = CARTESIAN_POINT('',(-1.490881712959,3.078266646006,2.151));
#13015 = CARTESIAN_POINT('',(-1.490881712959,3.078266646006,2.15));
#13016 = CARTESIAN_POINT('',(-1.49539495975,3.079650374849,2.151));
#13017 = CARTESIAN_POINT('',(-1.49539495975,3.079650374849,2.15));
#13018 = CARTESIAN_POINT('',(-1.500900376209,3.080417270075,2.151));
#13019 = CARTESIAN_POINT('',(-1.500900376209,3.080417270075,2.15));
#13020 = CARTESIAN_POINT('',(-1.507294726574,3.08046262109,2.151));
#13021 = CARTESIAN_POINT('',(-1.507294726574,3.08046262109,2.15));
#13022 = ADVANCED_FACE('',(#13023),#13050,.F.);
#13023 = FACE_BOUND('',#13024,.F.);
#13024 = EDGE_LOOP('',(#13025,#13026,#13035,#13043));
#13025 = ORIENTED_EDGE('',*,*,#12999,.F.);
#13026 = ORIENTED_EDGE('',*,*,#13027,.T.);
#13027 = EDGE_CURVE('',#12991,#13028,#13030,.T.);
#13028 = VERTEX_POINT('',#13029);
#13029 = CARTESIAN_POINT('',(-1.559454979588,3.034354212437,2.151));
#13030 = B_SPLINE_CURVE_WITH_KNOTS('',3,(#13031,#13032,#13033,#13034),
  .UNSPECIFIED.,.F.,.F.,(4,4),(1.,2.),.PIECEWISE_BEZIER_KNOTS.);
#13031 = CARTESIAN_POINT('',(-1.507294726574,3.08046262109,2.151));
#13032 = CARTESIAN_POINT('',(-1.529596972967,3.08062079658,2.151));
#13033 = CARTESIAN_POINT('',(-1.54696639511,3.065251204127,2.151));
#13034 = CARTESIAN_POINT('',(-1.559454979588,3.034354212437,2.151));
#13035 = ORIENTED_EDGE('',*,*,#13036,.T.);
#13036 = EDGE_CURVE('',#13028,#13037,#13039,.T.);
#13037 = VERTEX_POINT('',#13038);
#13038 = CARTESIAN_POINT('',(-1.559454979588,3.034354212437,2.15));
#13039 = LINE('',#13040,#13041);
#13040 = CARTESIAN_POINT('',(-1.559454979588,3.034354212437,2.151));
#13041 = VECTOR('',#13042,1.);
#13042 = DIRECTION('',(-0.,-0.,-1.));
#13043 = ORIENTED_EDGE('',*,*,#13044,.F.);
#13044 = EDGE_CURVE('',#13000,#13037,#13045,.T.);
#13045 = B_SPLINE_CURVE_WITH_KNOTS('',3,(#13046,#13047,#13048,#13049),
  .UNSPECIFIED.,.F.,.F.,(4,4),(1.,2.),.PIECEWISE_BEZIER_KNOTS.);
#13046 = CARTESIAN_POINT('',(-1.507294726574,3.08046262109,2.15));
#13047 = CARTESIAN_POINT('',(-1.529596972967,3.08062079658,2.15));
#13048 = CARTESIAN_POINT('',(-1.54696639511,3.065251204127,2.15));
#13049 = CARTESIAN_POINT('',(-1.559454979588,3.034354212437,2.15));
#13050 = B_SPLINE_SURFACE_WITH_KNOTS('',3,1,(
    (#13051,#13052)
    ,(#13053,#13054)
    ,(#13055,#13056)
    ,(#13057,#13058
    )),.UNSPECIFIED.,.F.,.F.,.F.,(4,4),(2,2),(1.,2.),(0.,1.),
  .PIECEWISE_BEZIER_KNOTS.);
#13051 = CARTESIAN_POINT('',(-1.507294726574,3.08046262109,2.151));
#13052 = CARTESIAN_POINT('',(-1.507294726574,3.08046262109,2.15));
#13053 = CARTESIAN_POINT('',(-1.529596972967,3.08062079658,2.151));
#13054 = CARTESIAN_POINT('',(-1.529596972967,3.08062079658,2.15));
#13055 = CARTESIAN_POINT('',(-1.54696639511,3.065251204127,2.151));
#13056 = CARTESIAN_POINT('',(-1.54696639511,3.065251204127,2.15));
#13057 = CARTESIAN_POINT('',(-1.559454979588,3.034354212437,2.151));
#13058 = CARTESIAN_POINT('',(-1.559454979588,3.034354212437,2.15));
#13059 = ADVANCED_FACE('',(#13060),#13076,.F.);
#13060 = FACE_BOUND('',#13061,.T.);
#13061 = EDGE_LOOP('',(#13062,#13068,#13069,#13075));
#13062 = ORIENTED_EDGE('',*,*,#13063,.T.);
#13063 = EDGE_CURVE('',#13037,#12591,#13064,.T.);
#13064 = LINE('',#13065,#13066);
#13065 = CARTESIAN_POINT('',(-1.626559736709,2.867632865399,2.15));
#13066 = VECTOR('',#13067,1.);
#13067 = DIRECTION('',(-0.373386312958,-0.927675946274,-0.));
#13068 = ORIENTED_EDGE('',*,*,#12616,.F.);
#13069 = ORIENTED_EDGE('',*,*,#13070,.F.);
#13070 = EDGE_CURVE('',#13028,#12609,#13071,.T.);
#13071 = LINE('',#13072,#13073);
#13072 = CARTESIAN_POINT('',(-1.626559736709,2.867632865399,2.151));
#13073 = VECTOR('',#13074,1.);
#13074 = DIRECTION('',(-0.373386312958,-0.927675946274,-0.));
#13075 = ORIENTED_EDGE('',*,*,#13036,.T.);
#13076 = PLANE('',#13077);
#13077 = AXIS2_PLACEMENT_3D('',#13078,#13079,#13080);
#13078 = CARTESIAN_POINT('',(-1.626559736709,2.867632865399,2.151));
#13079 = DIRECTION('',(0.927675946274,-0.373386312958,0.));
#13080 = DIRECTION('',(0.373386312958,0.927675946274,0.));
#13081 = ADVANCED_FACE('',(#13082),#13099,.T.);
#13082 = FACE_BOUND('',#13083,.T.);
#13083 = EDGE_LOOP('',(#13084,#13085,#13086,#13087,#13088,#13089,#13090,
    #13091,#13092,#13093,#13094,#13095,#13096,#13097,#13098));
#13084 = ORIENTED_EDGE('',*,*,#12608,.T.);
#13085 = ORIENTED_EDGE('',*,*,#12646,.T.);
#13086 = ORIENTED_EDGE('',*,*,#12662,.T.);
#13087 = ORIENTED_EDGE('',*,*,#12714,.T.);
#13088 = ORIENTED_EDGE('',*,*,#12745,.T.);
#13089 = ORIENTED_EDGE('',*,*,#12776,.T.);
#13090 = ORIENTED_EDGE('',*,*,#12807,.T.);
#13091 = ORIENTED_EDGE('',*,*,#12838,.T.);
#13092 = ORIENTED_EDGE('',*,*,#12869,.T.);
#13093 = ORIENTED_EDGE('',*,*,#12885,.T.);
#13094 = ORIENTED_EDGE('',*,*,#12922,.T.);
#13095 = ORIENTED_EDGE('',*,*,#12974,.T.);
#13096 = ORIENTED_EDGE('',*,*,#12990,.T.);
#13097 = ORIENTED_EDGE('',*,*,#13027,.T.);
#13098 = ORIENTED_EDGE('',*,*,#13070,.T.);
#13099 = PLANE('',#13100);
#13100 = AXIS2_PLACEMENT_3D('',#13101,#13102,#13103);
#13101 = CARTESIAN_POINT('',(-1.537054976299,3.069054104456,2.151));
#13102 = DIRECTION('',(0.,0.,1.));
#13103 = DIRECTION('',(1.,0.,-0.));
#13104 = ADVANCED_FACE('',(#13105),#13122,.F.);
#13105 = FACE_BOUND('',#13106,.T.);
#13106 = EDGE_LOOP('',(#13107,#13108,#13109,#13110,#13111,#13112,#13113,
    #13114,#13115,#13116,#13117,#13118,#13119,#13120,#13121));
#13107 = ORIENTED_EDGE('',*,*,#12590,.F.);
#13108 = ORIENTED_EDGE('',*,*,#13063,.F.);
#13109 = ORIENTED_EDGE('',*,*,#13044,.F.);
#13110 = ORIENTED_EDGE('',*,*,#13007,.F.);
#13111 = ORIENTED_EDGE('',*,*,#12958,.F.);
#13112 = ORIENTED_EDGE('',*,*,#12939,.F.);
#13113 = ORIENTED_EDGE('',*,*,#12902,.F.);
#13114 = ORIENTED_EDGE('',*,*,#12853,.F.);
#13115 = ORIENTED_EDGE('',*,*,#12822,.F.);
#13116 = ORIENTED_EDGE('',*,*,#12791,.F.);
#13117 = ORIENTED_EDGE('',*,*,#12760,.F.);
#13118 = ORIENTED_EDGE('',*,*,#12729,.F.);
#13119 = ORIENTED_EDGE('',*,*,#12698,.F.);
#13120 = ORIENTED_EDGE('',*,*,#12679,.F.);
#13121 = ORIENTED_EDGE('',*,*,#12630,.F.);
#13122 = PLANE('',#13123);
#13123 = AXIS2_PLACEMENT_3D('',#13124,#13125,#13126);
#13124 = CARTESIAN_POINT('',(-1.537054976299,3.069054104456,2.15));
#13125 = DIRECTION('',(0.,0.,1.));
#13126 = DIRECTION('',(1.,0.,-0.));
#13127 = MANIFOLD_SOLID_BREP('',#13128);
#13128 = CLOSED_SHELL('',(#13129,#13169,#13200,#13231,#13262,#13293,
    #13324,#13355,#13386,#13417,#13448,#13479,#13501,#13521));
#13129 = ADVANCED_FACE('',(#13130),#13164,.F.);
#13130 = FACE_BOUND('',#13131,.T.);
#13131 = EDGE_LOOP('',(#13132,#13142,#13150,#13158));
#13132 = ORIENTED_EDGE('',*,*,#13133,.T.);
#13133 = EDGE_CURVE('',#13134,#13136,#13138,.T.);
#13134 = VERTEX_POINT('',#13135);
#13135 = CARTESIAN_POINT('',(-1.762358268614,3.013853831168,2.15));
#13136 = VERTEX_POINT('',#13137);
#13137 = CARTESIAN_POINT('',(-1.762522712131,2.990667812773,2.15));
#13138 = LINE('',#13139,#13140);
#13139 = CARTESIAN_POINT('',(-1.762522712131,2.990667812773,2.15));
#13140 = VECTOR('',#13141,1.);
#13141 = DIRECTION('',(-7.092178509968E-03,-0.999974850186,-0.));
#13142 = ORIENTED_EDGE('',*,*,#13143,.F.);
#13143 = EDGE_CURVE('',#13144,#13136,#13146,.T.);
#13144 = VERTEX_POINT('',#13145);
#13145 = CARTESIAN_POINT('',(-1.762522712131,2.990667812773,2.151));
#13146 = LINE('',#13147,#13148);
#13147 = CARTESIAN_POINT('',(-1.762522712131,2.990667812773,2.151));
#13148 = VECTOR('',#13149,1.);
#13149 = DIRECTION('',(-0.,-0.,-1.));
#13150 = ORIENTED_EDGE('',*,*,#13151,.F.);
#13151 = EDGE_CURVE('',#13152,#13144,#13154,.T.);
#13152 = VERTEX_POINT('',#13153);
#13153 = CARTESIAN_POINT('',(-1.762358268614,3.013853831168,2.151));
#13154 = LINE('',#13155,#13156);
#13155 = CARTESIAN_POINT('',(-1.762522712131,2.990667812773,2.151));
#13156 = VECTOR('',#13157,1.);
#13157 = DIRECTION('',(-7.092178509968E-03,-0.999974850186,-0.));
#13158 = ORIENTED_EDGE('',*,*,#13159,.T.);
#13159 = EDGE_CURVE('',#13152,#13134,#13160,.T.);
#13160 = LINE('',#13161,#13162);
#13161 = CARTESIAN_POINT('',(-1.762358268614,3.013853831168,2.151));
#13162 = VECTOR('',#13163,1.);
#13163 = DIRECTION('',(-0.,-0.,-1.));
#13164 = PLANE('',#13165);
#13165 = AXIS2_PLACEMENT_3D('',#13166,#13167,#13168);
#13166 = CARTESIAN_POINT('',(-1.762522712131,2.990667812773,2.151));
#13167 = DIRECTION('',(0.999974850186,-7.092178509968E-03,0.));
#13168 = DIRECTION('',(7.092178509968E-03,0.999974850186,0.));
#13169 = ADVANCED_FACE('',(#13170),#13195,.F.);
#13170 = FACE_BOUND('',#13171,.T.);
#13171 = EDGE_LOOP('',(#13172,#13180,#13188,#13194));
#13172 = ORIENTED_EDGE('',*,*,#13173,.T.);
#13173 = EDGE_CURVE('',#13136,#13174,#13176,.T.);
#13174 = VERTEX_POINT('',#13175);
#13175 = CARTESIAN_POINT('',(-1.679396157392,2.99007824958,2.15));
#13176 = LINE('',#13177,#13178);
#13177 = CARTESIAN_POINT('',(-1.679396157392,2.99007824958,2.15));
#13178 = VECTOR('',#13179,1.);
#13179 = DIRECTION('',(0.999974850186,-7.092178509968E-03,-0.));
#13180 = ORIENTED_EDGE('',*,*,#13181,.F.);
#13181 = EDGE_CURVE('',#13182,#13174,#13184,.T.);
#13182 = VERTEX_POINT('',#13183);
#13183 = CARTESIAN_POINT('',(-1.679396157392,2.99007824958,2.151));
#13184 = LINE('',#13185,#13186);
#13185 = CARTESIAN_POINT('',(-1.679396157392,2.99007824958,2.151));
#13186 = VECTOR('',#13187,1.);
#13187 = DIRECTION('',(-0.,-0.,-1.));
#13188 = ORIENTED_EDGE('',*,*,#13189,.F.);
#13189 = EDGE_CURVE('',#13144,#13182,#13190,.T.);
#13190 = LINE('',#13191,#13192);
#13191 = CARTESIAN_POINT('',(-1.679396157392,2.99007824958,2.151));
#13192 = VECTOR('',#13193,1.);
#13193 = DIRECTION('',(0.999974850186,-7.092178509968E-03,-0.));
#13194 = ORIENTED_EDGE('',*,*,#13143,.T.);
#13195 = PLANE('',#13196);
#13196 = AXIS2_PLACEMENT_3D('',#13197,#13198,#13199);
#13197 = CARTESIAN_POINT('',(-1.679396157392,2.99007824958,2.151));
#13198 = DIRECTION('',(7.092178509968E-03,0.999974850186,-0.));
#13199 = DIRECTION('',(-0.999974850186,7.092178509968E-03,0.));
#13200 = ADVANCED_FACE('',(#13201),#13226,.F.);
#13201 = FACE_BOUND('',#13202,.T.);
#13202 = EDGE_LOOP('',(#13203,#13211,#13219,#13225));
#13203 = ORIENTED_EDGE('',*,*,#13204,.T.);
#13204 = EDGE_CURVE('',#13174,#13205,#13207,.T.);
#13205 = VERTEX_POINT('',#13206);
#13206 = CARTESIAN_POINT('',(-1.67988137638,2.921663899338,2.15));
#13207 = LINE('',#13208,#13209);
#13208 = CARTESIAN_POINT('',(-1.67988137638,2.921663899338,2.15));
#13209 = VECTOR('',#13210,1.);
#13210 = DIRECTION('',(-7.092178509963E-03,-0.999974850186,-0.));
#13211 = ORIENTED_EDGE('',*,*,#13212,.F.);
#13212 = EDGE_CURVE('',#13213,#13205,#13215,.T.);
#13213 = VERTEX_POINT('',#13214);
#13214 = CARTESIAN_POINT('',(-1.67988137638,2.921663899338,2.151));
#13215 = LINE('',#13216,#13217);
#13216 = CARTESIAN_POINT('',(-1.67988137638,2.921663899338,2.151));
#13217 = VECTOR('',#13218,1.);
#13218 = DIRECTION('',(-0.,-0.,-1.));
#13219 = ORIENTED_EDGE('',*,*,#13220,.F.);
#13220 = EDGE_CURVE('',#13182,#13213,#13221,.T.);
#13221 = LINE('',#13222,#13223);
#13222 = CARTESIAN_POINT('',(-1.67988137638,2.921663899338,2.151));
#13223 = VECTOR('',#13224,1.);
#13224 = DIRECTION('',(-7.092178509963E-03,-0.999974850186,-0.));
#13225 = ORIENTED_EDGE('',*,*,#13181,.T.);
#13226 = PLANE('',#13227);
#13227 = AXIS2_PLACEMENT_3D('',#13228,#13229,#13230);
#13228 = CARTESIAN_POINT('',(-1.67988137638,2.921663899338,2.151));
#13229 = DIRECTION('',(0.999974850186,-7.092178509963E-03,0.));
#13230 = DIRECTION('',(7.092178509963E-03,0.999974850186,0.));
#13231 = ADVANCED_FACE('',(#13232),#13257,.F.);
#13232 = FACE_BOUND('',#13233,.T.);
#13233 = EDGE_LOOP('',(#13234,#13242,#13250,#13256));
#13234 = ORIENTED_EDGE('',*,*,#13235,.T.);
#13235 = EDGE_CURVE('',#13205,#13236,#13238,.T.);
#13236 = VERTEX_POINT('',#13237);
#13237 = CARTESIAN_POINT('',(-1.752610613452,2.922179721043,2.15));
#13238 = LINE('',#13239,#13240);
#13239 = CARTESIAN_POINT('',(-1.752610613452,2.922179721043,2.15));
#13240 = VECTOR('',#13241,1.);
#13241 = DIRECTION('',(-0.999974850186,7.092178509966E-03,-0.));
#13242 = ORIENTED_EDGE('',*,*,#13243,.F.);
#13243 = EDGE_CURVE('',#13244,#13236,#13246,.T.);
#13244 = VERTEX_POINT('',#13245);
#13245 = CARTESIAN_POINT('',(-1.752610613452,2.922179721043,2.151));
#13246 = LINE('',#13247,#13248);
#13247 = CARTESIAN_POINT('',(-1.752610613452,2.922179721043,2.151));
#13248 = VECTOR('',#13249,1.);
#13249 = DIRECTION('',(-0.,-0.,-1.));
#13250 = ORIENTED_EDGE('',*,*,#13251,.F.);
#13251 = EDGE_CURVE('',#13213,#13244,#13252,.T.);
#13252 = LINE('',#13253,#13254);
#13253 = CARTESIAN_POINT('',(-1.752610613452,2.922179721043,2.151));
#13254 = VECTOR('',#13255,1.);
#13255 = DIRECTION('',(-0.999974850186,7.092178509966E-03,-0.));
#13256 = ORIENTED_EDGE('',*,*,#13212,.T.);
#13257 = PLANE('',#13258);
#13258 = AXIS2_PLACEMENT_3D('',#13259,#13260,#13261);
#13259 = CARTESIAN_POINT('',(-1.752610613452,2.922179721043,2.151));
#13260 = DIRECTION('',(-7.092178509966E-03,-0.999974850186,0.));
#13261 = DIRECTION('',(0.999974850186,-7.092178509966E-03,0.));
#13262 = ADVANCED_FACE('',(#13263),#13288,.F.);
#13263 = FACE_BOUND('',#13264,.T.);
#13264 = EDGE_LOOP('',(#13265,#13273,#13281,#13287));
#13265 = ORIENTED_EDGE('',*,*,#13266,.T.);
#13266 = EDGE_CURVE('',#13236,#13267,#13269,.T.);
#13267 = VERTEX_POINT('',#13268);
#13268 = CARTESIAN_POINT('',(-1.752775794384,2.898889729472,2.15));
#13269 = LINE('',#13270,#13271);
#13270 = CARTESIAN_POINT('',(-1.752775794384,2.898889729472,2.15));
#13271 = VECTOR('',#13272,1.);
#13272 = DIRECTION('',(-7.092178509961E-03,-0.999974850186,-0.));
#13273 = ORIENTED_EDGE('',*,*,#13274,.F.);
#13274 = EDGE_CURVE('',#13275,#13267,#13277,.T.);
#13275 = VERTEX_POINT('',#13276);
#13276 = CARTESIAN_POINT('',(-1.752775794384,2.898889729472,2.151));
#13277 = LINE('',#13278,#13279);
#13278 = CARTESIAN_POINT('',(-1.752775794384,2.898889729472,2.151));
#13279 = VECTOR('',#13280,1.);
#13280 = DIRECTION('',(-0.,-0.,-1.));
#13281 = ORIENTED_EDGE('',*,*,#13282,.F.);
#13282 = EDGE_CURVE('',#13244,#13275,#13283,.T.);
#13283 = LINE('',#13284,#13285);
#13284 = CARTESIAN_POINT('',(-1.752775794384,2.898889729472,2.151));
#13285 = VECTOR('',#13286,1.);
#13286 = DIRECTION('',(-7.092178509961E-03,-0.999974850186,-0.));
#13287 = ORIENTED_EDGE('',*,*,#13243,.T.);
#13288 = PLANE('',#13289);
#13289 = AXIS2_PLACEMENT_3D('',#13290,#13291,#13292);
#13290 = CARTESIAN_POINT('',(-1.752775794384,2.898889729472,2.151));
#13291 = DIRECTION('',(0.999974850186,-7.092178509961E-03,0.));
#13292 = DIRECTION('',(7.092178509961E-03,0.999974850186,0.));
#13293 = ADVANCED_FACE('',(#13294),#13319,.F.);
#13294 = FACE_BOUND('',#13295,.T.);
#13295 = EDGE_LOOP('',(#13296,#13304,#13312,#13318));
#13296 = ORIENTED_EDGE('',*,*,#13297,.T.);
#13297 = EDGE_CURVE('',#13267,#13298,#13300,.T.);
#13298 = VERTEX_POINT('',#13299);
#13299 = CARTESIAN_POINT('',(-1.680046557312,2.898373907767,2.15));
#13300 = LINE('',#13301,#13302);
#13301 = CARTESIAN_POINT('',(-1.680046557312,2.898373907767,2.15));
#13302 = VECTOR('',#13303,1.);
#13303 = DIRECTION('',(0.999974850186,-7.092178509966E-03,-0.));
#13304 = ORIENTED_EDGE('',*,*,#13305,.F.);
#13305 = EDGE_CURVE('',#13306,#13298,#13308,.T.);
#13306 = VERTEX_POINT('',#13307);
#13307 = CARTESIAN_POINT('',(-1.680046557312,2.898373907767,2.151));
#13308 = LINE('',#13309,#13310);
#13309 = CARTESIAN_POINT('',(-1.680046557312,2.898373907767,2.151));
#13310 = VECTOR('',#13311,1.);
#13311 = DIRECTION('',(-0.,-0.,-1.));
#13312 = ORIENTED_EDGE('',*,*,#13313,.F.);
#13313 = EDGE_CURVE('',#13275,#13306,#13314,.T.);
#13314 = LINE('',#13315,#13316);
#13315 = CARTESIAN_POINT('',(-1.680046557312,2.898373907767,2.151));
#13316 = VECTOR('',#13317,1.);
#13317 = DIRECTION('',(0.999974850186,-7.092178509966E-03,-0.));
#13318 = ORIENTED_EDGE('',*,*,#13274,.T.);
#13319 = PLANE('',#13320);
#13320 = AXIS2_PLACEMENT_3D('',#13321,#13322,#13323);
#13321 = CARTESIAN_POINT('',(-1.680046557312,2.898373907767,2.151));
#13322 = DIRECTION('',(7.092178509966E-03,0.999974850186,-0.));
#13323 = DIRECTION('',(-0.999974850186,7.092178509966E-03,0.));
#13324 = ADVANCED_FACE('',(#13325),#13350,.F.);
#13325 = FACE_BOUND('',#13326,.T.);
#13326 = EDGE_LOOP('',(#13327,#13335,#13343,#13349));
#13327 = ORIENTED_EDGE('',*,*,#13328,.T.);
#13328 = EDGE_CURVE('',#13298,#13329,#13331,.T.);
#13329 = VERTEX_POINT('',#13330);
#13330 = CARTESIAN_POINT('',(-1.680508179023,2.833286699177,2.15));
#13331 = LINE('',#13332,#13333);
#13332 = CARTESIAN_POINT('',(-1.680508179023,2.833286699177,2.15));
#13333 = VECTOR('',#13334,1.);
#13334 = DIRECTION('',(-7.092178509965E-03,-0.999974850186,-0.));
#13335 = ORIENTED_EDGE('',*,*,#13336,.F.);
#13336 = EDGE_CURVE('',#13337,#13329,#13339,.T.);
#13337 = VERTEX_POINT('',#13338);
#13338 = CARTESIAN_POINT('',(-1.680508179023,2.833286699177,2.151));
#13339 = LINE('',#13340,#13341);
#13340 = CARTESIAN_POINT('',(-1.680508179023,2.833286699177,2.151));
#13341 = VECTOR('',#13342,1.);
#13342 = DIRECTION('',(-0.,-0.,-1.));
#13343 = ORIENTED_EDGE('',*,*,#13344,.F.);
#13344 = EDGE_CURVE('',#13306,#13337,#13345,.T.);
#13345 = LINE('',#13346,#13347);
#13346 = CARTESIAN_POINT('',(-1.680508179023,2.833286699177,2.151));
#13347 = VECTOR('',#13348,1.);
#13348 = DIRECTION('',(-7.092178509965E-03,-0.999974850186,-0.));
#13349 = ORIENTED_EDGE('',*,*,#13305,.T.);
#13350 = PLANE('',#13351);
#13351 = AXIS2_PLACEMENT_3D('',#13352,#13353,#13354);
#13352 = CARTESIAN_POINT('',(-1.680508179023,2.833286699177,2.151));
#13353 = DIRECTION('',(0.999974850186,-7.092178509965E-03,0.));
#13354 = DIRECTION('',(7.092178509965E-03,0.999974850186,0.));
#13355 = ADVANCED_FACE('',(#13356),#13381,.F.);
#13356 = FACE_BOUND('',#13357,.T.);
#13357 = EDGE_LOOP('',(#13358,#13366,#13374,#13380));
#13358 = ORIENTED_EDGE('',*,*,#13359,.T.);
#13359 = EDGE_CURVE('',#13329,#13360,#13362,.T.);
#13360 = VERTEX_POINT('',#13361);
#13361 = CARTESIAN_POINT('',(-1.759007927401,2.833843447408,2.15));
#13362 = LINE('',#13363,#13364);
#13363 = CARTESIAN_POINT('',(-1.759007927401,2.833843447408,2.15));
#13364 = VECTOR('',#13365,1.);
#13365 = DIRECTION('',(-0.999974850186,7.092178509965E-03,-0.));
#13366 = ORIENTED_EDGE('',*,*,#13367,.F.);
#13367 = EDGE_CURVE('',#13368,#13360,#13370,.T.);
#13368 = VERTEX_POINT('',#13369);
#13369 = CARTESIAN_POINT('',(-1.759007927401,2.833843447408,2.151));
#13370 = LINE('',#13371,#13372);
#13371 = CARTESIAN_POINT('',(-1.759007927401,2.833843447408,2.151));
#13372 = VECTOR('',#13373,1.);
#13373 = DIRECTION('',(-0.,-0.,-1.));
#13374 = ORIENTED_EDGE('',*,*,#13375,.F.);
#13375 = EDGE_CURVE('',#13337,#13368,#13376,.T.);
#13376 = LINE('',#13377,#13378);
#13377 = CARTESIAN_POINT('',(-1.759007927401,2.833843447408,2.151));
#13378 = VECTOR('',#13379,1.);
#13379 = DIRECTION('',(-0.999974850186,7.092178509965E-03,-0.));
#13380 = ORIENTED_EDGE('',*,*,#13336,.T.);
#13381 = PLANE('',#13382);
#13382 = AXIS2_PLACEMENT_3D('',#13383,#13384,#13385);
#13383 = CARTESIAN_POINT('',(-1.759007927401,2.833843447408,2.151));
#13384 = DIRECTION('',(-7.092178509965E-03,-0.999974850186,0.));
#13385 = DIRECTION('',(0.999974850186,-7.092178509965E-03,0.));
#13386 = ADVANCED_FACE('',(#13387),#13412,.F.);
#13387 = FACE_BOUND('',#13388,.T.);
#13388 = EDGE_LOOP('',(#13389,#13397,#13405,#13411));
#13389 = ORIENTED_EDGE('',*,*,#13390,.T.);
#13390 = EDGE_CURVE('',#13360,#13391,#13393,.T.);
#13391 = VERTEX_POINT('',#13392);
#13392 = CARTESIAN_POINT('',(-1.759173845748,2.810449482659,2.15));
#13393 = LINE('',#13394,#13395);
#13394 = CARTESIAN_POINT('',(-1.759173845748,2.810449482659,2.15));
#13395 = VECTOR('',#13396,1.);
#13396 = DIRECTION('',(-7.092178509964E-03,-0.999974850186,-0.));
#13397 = ORIENTED_EDGE('',*,*,#13398,.F.);
#13398 = EDGE_CURVE('',#13399,#13391,#13401,.T.);
#13399 = VERTEX_POINT('',#13400);
#13400 = CARTESIAN_POINT('',(-1.759173845748,2.810449482659,2.151));
#13401 = LINE('',#13402,#13403);
#13402 = CARTESIAN_POINT('',(-1.759173845748,2.810449482659,2.151));
#13403 = VECTOR('',#13404,1.);
#13404 = DIRECTION('',(-0.,-0.,-1.));
#13405 = ORIENTED_EDGE('',*,*,#13406,.F.);
#13406 = EDGE_CURVE('',#13368,#13399,#13407,.T.);
#13407 = LINE('',#13408,#13409);
#13408 = CARTESIAN_POINT('',(-1.759173845748,2.810449482659,2.151));
#13409 = VECTOR('',#13410,1.);
#13410 = DIRECTION('',(-7.092178509964E-03,-0.999974850186,-0.));
#13411 = ORIENTED_EDGE('',*,*,#13367,.T.);
#13412 = PLANE('',#13413);
#13413 = AXIS2_PLACEMENT_3D('',#13414,#13415,#13416);
#13414 = CARTESIAN_POINT('',(-1.759173845748,2.810449482659,2.151));
#13415 = DIRECTION('',(0.999974850186,-7.092178509964E-03,0.));
#13416 = DIRECTION('',(7.092178509964E-03,0.999974850186,0.));
#13417 = ADVANCED_FACE('',(#13418),#13443,.F.);
#13418 = FACE_BOUND('',#13419,.T.);
#13419 = EDGE_LOOP('',(#13420,#13428,#13436,#13442));
#13420 = ORIENTED_EDGE('',*,*,#13421,.T.);
#13421 = EDGE_CURVE('',#13391,#13422,#13424,.T.);
#13422 = VERTEX_POINT('',#13423);
#13423 = CARTESIAN_POINT('',(-1.654420870263,2.809706537173,2.15));
#13424 = LINE('',#13425,#13426);
#13425 = CARTESIAN_POINT('',(-1.654420870263,2.809706537173,2.15));
#13426 = VECTOR('',#13427,1.);
#13427 = DIRECTION('',(0.999974850186,-7.092178509967E-03,-0.));
#13428 = ORIENTED_EDGE('',*,*,#13429,.F.);
#13429 = EDGE_CURVE('',#13430,#13422,#13432,.T.);
#13430 = VERTEX_POINT('',#13431);
#13431 = CARTESIAN_POINT('',(-1.654420870263,2.809706537173,2.151));
#13432 = LINE('',#13433,#13434);
#13433 = CARTESIAN_POINT('',(-1.654420870263,2.809706537173,2.151));
#13434 = VECTOR('',#13435,1.);
#13435 = DIRECTION('',(-0.,-0.,-1.));
#13436 = ORIENTED_EDGE('',*,*,#13437,.F.);
#13437 = EDGE_CURVE('',#13399,#13430,#13438,.T.);
#13438 = LINE('',#13439,#13440);
#13439 = CARTESIAN_POINT('',(-1.654420870263,2.809706537173,2.151));
#13440 = VECTOR('',#13441,1.);
#13441 = DIRECTION('',(0.999974850186,-7.092178509967E-03,-0.));
#13442 = ORIENTED_EDGE('',*,*,#13398,.T.);
#13443 = PLANE('',#13444);
#13444 = AXIS2_PLACEMENT_3D('',#13445,#13446,#13447);
#13445 = CARTESIAN_POINT('',(-1.654420870263,2.809706537173,2.151));
#13446 = DIRECTION('',(7.092178509967E-03,0.999974850186,-0.));
#13447 = DIRECTION('',(-0.999974850186,7.092178509967E-03,0.));
#13448 = ADVANCED_FACE('',(#13449),#13474,.F.);
#13449 = FACE_BOUND('',#13450,.T.);
#13450 = EDGE_LOOP('',(#13451,#13459,#13467,#13473));
#13451 = ORIENTED_EDGE('',*,*,#13452,.T.);
#13452 = EDGE_CURVE('',#13422,#13453,#13455,.T.);
#13453 = VERTEX_POINT('',#13454);
#13454 = CARTESIAN_POINT('',(-1.652978486768,3.013078070719,2.15));
#13455 = LINE('',#13456,#13457);
#13456 = CARTESIAN_POINT('',(-1.652978486768,3.013078070719,2.15));
#13457 = VECTOR('',#13458,1.);
#13458 = DIRECTION('',(7.092178509963E-03,0.999974850186,-0.));
#13459 = ORIENTED_EDGE('',*,*,#13460,.F.);
#13460 = EDGE_CURVE('',#13461,#13453,#13463,.T.);
#13461 = VERTEX_POINT('',#13462);
#13462 = CARTESIAN_POINT('',(-1.652978486768,3.013078070719,2.151));
#13463 = LINE('',#13464,#13465);
#13464 = CARTESIAN_POINT('',(-1.652978486768,3.013078070719,2.151));
#13465 = VECTOR('',#13466,1.);
#13466 = DIRECTION('',(-0.,-0.,-1.));
#13467 = ORIENTED_EDGE('',*,*,#13468,.F.);
#13468 = EDGE_CURVE('',#13430,#13461,#13469,.T.);
#13469 = LINE('',#13470,#13471);
#13470 = CARTESIAN_POINT('',(-1.652978486768,3.013078070719,2.151));
#13471 = VECTOR('',#13472,1.);
#13472 = DIRECTION('',(7.092178509963E-03,0.999974850186,-0.));
#13473 = ORIENTED_EDGE('',*,*,#13429,.T.);
#13474 = PLANE('',#13475);
#13475 = AXIS2_PLACEMENT_3D('',#13476,#13477,#13478);
#13476 = CARTESIAN_POINT('',(-1.652978486768,3.013078070719,2.151));
#13477 = DIRECTION('',(-0.999974850186,7.092178509963E-03,0.));
#13478 = DIRECTION('',(-7.092178509963E-03,-0.999974850186,0.));
#13479 = ADVANCED_FACE('',(#13480),#13496,.F.);
#13480 = FACE_BOUND('',#13481,.T.);
#13481 = EDGE_LOOP('',(#13482,#13488,#13489,#13495));
#13482 = ORIENTED_EDGE('',*,*,#13483,.T.);
#13483 = EDGE_CURVE('',#13453,#13134,#13484,.T.);
#13484 = LINE('',#13485,#13486);
#13485 = CARTESIAN_POINT('',(-1.762358268614,3.013853831168,2.15));
#13486 = VECTOR('',#13487,1.);
#13487 = DIRECTION('',(-0.999974850186,7.092178509962E-03,-0.));
#13488 = ORIENTED_EDGE('',*,*,#13159,.F.);
#13489 = ORIENTED_EDGE('',*,*,#13490,.F.);
#13490 = EDGE_CURVE('',#13461,#13152,#13491,.T.);
#13491 = LINE('',#13492,#13493);
#13492 = CARTESIAN_POINT('',(-1.762358268614,3.013853831168,2.151));
#13493 = VECTOR('',#13494,1.);
#13494 = DIRECTION('',(-0.999974850186,7.092178509962E-03,-0.));
#13495 = ORIENTED_EDGE('',*,*,#13460,.T.);
#13496 = PLANE('',#13497);
#13497 = AXIS2_PLACEMENT_3D('',#13498,#13499,#13500);
#13498 = CARTESIAN_POINT('',(-1.762358268614,3.013853831168,2.151));
#13499 = DIRECTION('',(-7.092178509962E-03,-0.999974850186,0.));
#13500 = DIRECTION('',(0.999974850186,-7.092178509962E-03,0.));
#13501 = ADVANCED_FACE('',(#13502),#13516,.F.);
#13502 = FACE_BOUND('',#13503,.T.);
#13503 = EDGE_LOOP('',(#13504,#13505,#13506,#13507,#13508,#13509,#13510,
    #13511,#13512,#13513,#13514,#13515));
#13504 = ORIENTED_EDGE('',*,*,#13151,.T.);
#13505 = ORIENTED_EDGE('',*,*,#13189,.T.);
#13506 = ORIENTED_EDGE('',*,*,#13220,.T.);
#13507 = ORIENTED_EDGE('',*,*,#13251,.T.);
#13508 = ORIENTED_EDGE('',*,*,#13282,.T.);
#13509 = ORIENTED_EDGE('',*,*,#13313,.T.);
#13510 = ORIENTED_EDGE('',*,*,#13344,.T.);
#13511 = ORIENTED_EDGE('',*,*,#13375,.T.);
#13512 = ORIENTED_EDGE('',*,*,#13406,.T.);
#13513 = ORIENTED_EDGE('',*,*,#13437,.T.);
#13514 = ORIENTED_EDGE('',*,*,#13468,.T.);
#13515 = ORIENTED_EDGE('',*,*,#13490,.T.);
#13516 = PLANE('',#13517);
#13517 = AXIS2_PLACEMENT_3D('',#13518,#13519,#13520);
#13518 = CARTESIAN_POINT('',(0.,0.,2.151));
#13519 = DIRECTION('',(0.,0.,-1.));
#13520 = DIRECTION('',(-1.,0.,-0.));
#13521 = ADVANCED_FACE('',(#13522),#13536,.T.);
#13522 = FACE_BOUND('',#13523,.T.);
#13523 = EDGE_LOOP('',(#13524,#13525,#13526,#13527,#13528,#13529,#13530,
    #13531,#13532,#13533,#13534,#13535));
#13524 = ORIENTED_EDGE('',*,*,#13133,.F.);
#13525 = ORIENTED_EDGE('',*,*,#13483,.F.);
#13526 = ORIENTED_EDGE('',*,*,#13452,.F.);
#13527 = ORIENTED_EDGE('',*,*,#13421,.F.);
#13528 = ORIENTED_EDGE('',*,*,#13390,.F.);
#13529 = ORIENTED_EDGE('',*,*,#13359,.F.);
#13530 = ORIENTED_EDGE('',*,*,#13328,.F.);
#13531 = ORIENTED_EDGE('',*,*,#13297,.F.);
#13532 = ORIENTED_EDGE('',*,*,#13266,.F.);
#13533 = ORIENTED_EDGE('',*,*,#13235,.F.);
#13534 = ORIENTED_EDGE('',*,*,#13204,.F.);
#13535 = ORIENTED_EDGE('',*,*,#13173,.F.);
#13536 = PLANE('',#13537);
#13537 = AXIS2_PLACEMENT_3D('',#13538,#13539,#13540);
#13538 = CARTESIAN_POINT('',(0.,0.,2.15));
#13539 = DIRECTION('',(0.,0.,-1.));
#13540 = DIRECTION('',(-1.,0.,-0.));
#13541 = MANIFOLD_SOLID_BREP('',#13542);
#13542 = CLOSED_SHELL('',(#13543,#13673,#13803,#13825,#13846,#13867,
    #13888,#13909,#13926,#13938,#13960,#13977,#13994,#14015,#14036,
    #14057));
#13543 = ADVANCED_FACE('',(#13544,#13606),#13668,.T.);
#13544 = FACE_BOUND('',#13545,.T.);
#13545 = EDGE_LOOP('',(#13546,#13556,#13565,#13574,#13583,#13592,#13600)
  );
#13546 = ORIENTED_EDGE('',*,*,#13547,.T.);
#13547 = EDGE_CURVE('',#13548,#13550,#13552,.T.);
#13548 = VERTEX_POINT('',#13549);
#13549 = CARTESIAN_POINT('',(-1.80077635739,3.014126305964,2.151));
#13550 = VERTEX_POINT('',#13551);
#13551 = CARTESIAN_POINT('',(-1.856713926433,3.014523035167,2.151));
#13552 = LINE('',#13553,#13554);
#13553 = CARTESIAN_POINT('',(-1.856713926433,3.014523035167,2.151));
#13554 = VECTOR('',#13555,1.);
#13555 = DIRECTION('',(-0.999974850186,7.092178509963E-03,-0.));
#13556 = ORIENTED_EDGE('',*,*,#13557,.T.);
#13557 = EDGE_CURVE('',#13550,#13558,#13560,.T.);
#13558 = VERTEX_POINT('',#13559);
#13559 = CARTESIAN_POINT('',(-1.935883605781,2.98659445136,2.151));
#13560 = B_SPLINE_CURVE_WITH_KNOTS('',3,(#13561,#13562,#13563,#13564),
  .UNSPECIFIED.,.F.,.F.,(4,4),(5.,6.),.PIECEWISE_BEZIER_KNOTS.);
#13561 = CARTESIAN_POINT('',(-1.856713926433,3.014523035167,2.151));
#13562 = CARTESIAN_POINT('',(-1.888893624609,3.014751265071,2.151));
#13563 = CARTESIAN_POINT('',(-1.915317929646,3.005476640666,2.151));
#13564 = CARTESIAN_POINT('',(-1.935883605781,2.98659445136,2.151));
#13565 = ORIENTED_EDGE('',*,*,#13566,.T.);
#13566 = EDGE_CURVE('',#13558,#13567,#13569,.T.);
#13567 = VERTEX_POINT('',#13568);
#13568 = CARTESIAN_POINT('',(-1.96709326834,2.911015542964,2.151));
#13569 = B_SPLINE_CURVE_WITH_KNOTS('',3,(#13570,#13571,#13572,#13573),
  .UNSPECIFIED.,.F.,.F.,(4,4),(4.,5.),.PIECEWISE_BEZIER_KNOTS.);
#13570 = CARTESIAN_POINT('',(-1.935883605781,2.98659445136,2.151));
#13571 = CARTESIAN_POINT('',(-1.956449281917,2.967712262054,2.151));
#13572 = CARTESIAN_POINT('',(-1.966869831633,2.942519415492,2.151));
#13573 = CARTESIAN_POINT('',(-1.96709326834,2.911015542964,2.151));
#13574 = ORIENTED_EDGE('',*,*,#13575,.T.);
#13575 = EDGE_CURVE('',#13567,#13576,#13578,.T.);
#13576 = VERTEX_POINT('',#13577);
#13577 = CARTESIAN_POINT('',(-1.936932947148,2.838640620973,2.151));
#13578 = B_SPLINE_CURVE_WITH_KNOTS('',3,(#13579,#13580,#13581,#13582),
  .UNSPECIFIED.,.F.,.F.,(4,4),(3.,4.),.PIECEWISE_BEZIER_KNOTS.);
#13579 = CARTESIAN_POINT('',(-1.96709326834,2.911015542964,2.151));
#13580 = CARTESIAN_POINT('',(-1.967307118654,2.880863321732,2.151));
#13581 = CARTESIAN_POINT('',(-1.957236103589,2.856772882558,2.151));
#13582 = CARTESIAN_POINT('',(-1.936932947148,2.838640620973,2.151));
#13583 = ORIENTED_EDGE('',*,*,#13584,.T.);
#13584 = EDGE_CURVE('',#13576,#13585,#13587,.T.);
#13585 = VERTEX_POINT('',#13586);
#13586 = CARTESIAN_POINT('',(-1.860235773461,2.811166249918,2.151));
#13587 = B_SPLINE_CURVE_WITH_KNOTS('',3,(#13588,#13589,#13590,#13591),
  .UNSPECIFIED.,.F.,.F.,(4,4),(2.,3.),.PIECEWISE_BEZIER_KNOTS.);
#13588 = CARTESIAN_POINT('',(-1.936932947148,2.838640620973,2.151));
#13589 = CARTESIAN_POINT('',(-1.916629790709,2.820508359389,2.151));
#13590 = CARTESIAN_POINT('',(-1.89106382034,2.811384893428,2.151));
#13591 = CARTESIAN_POINT('',(-1.860235773461,2.811166249918,2.151));
#13592 = ORIENTED_EDGE('',*,*,#13593,.T.);
#13593 = EDGE_CURVE('',#13585,#13594,#13596,.T.);
#13594 = VERTEX_POINT('',#13595);
#13595 = CARTESIAN_POINT('',(-1.802218740886,2.810754772418,2.151));
#13596 = LINE('',#13597,#13598);
#13597 = CARTESIAN_POINT('',(-1.802218740886,2.810754772418,2.151));
#13598 = VECTOR('',#13599,1.);
#13599 = DIRECTION('',(0.999974850186,-7.092178509966E-03,-0.));
#13600 = ORIENTED_EDGE('',*,*,#13601,.T.);
#13601 = EDGE_CURVE('',#13594,#13548,#13602,.T.);
#13602 = LINE('',#13603,#13604);
#13603 = CARTESIAN_POINT('',(-1.80077635739,3.014126305964,2.151));
#13604 = VECTOR('',#13605,1.);
#13605 = DIRECTION('',(7.092178509963E-03,0.999974850186,-0.));
#13606 = FACE_BOUND('',#13607,.T.);
#13607 = EDGE_LOOP('',(#13608,#13618,#13626,#13635,#13644,#13653,#13662)
  );
#13608 = ORIENTED_EDGE('',*,*,#13609,.F.);
#13609 = EDGE_CURVE('',#13610,#13612,#13614,.T.);
#13610 = VERTEX_POINT('',#13611);
#13611 = CARTESIAN_POINT('',(-1.828306049645,2.834334934422,2.151));
#13612 = VERTEX_POINT('',#13613);
#13613 = CARTESIAN_POINT('',(-1.827194028013,2.991126484825,2.151));
#13614 = LINE('',#13615,#13616);
#13615 = CARTESIAN_POINT('',(-1.828306049645,2.834334934422,2.151));
#13616 = VECTOR('',#13617,1.);
#13617 = DIRECTION('',(7.092178509964E-03,0.999974850186,0.));
#13618 = ORIENTED_EDGE('',*,*,#13619,.F.);
#13619 = EDGE_CURVE('',#13620,#13610,#13622,.T.);
#13620 = VERTEX_POINT('',#13621);
#13621 = CARTESIAN_POINT('',(-1.859030123347,2.834552840517,2.151));
#13622 = LINE('',#13623,#13624);
#13623 = CARTESIAN_POINT('',(-1.859030123347,2.834552840517,2.151));
#13624 = VECTOR('',#13625,1.);
#13625 = DIRECTION('',(0.999974850186,-7.092178509959E-03,0.));
#13626 = ORIENTED_EDGE('',*,*,#13627,.F.);
#13627 = EDGE_CURVE('',#13628,#13620,#13630,.T.);
#13628 = VERTEX_POINT('',#13629);
#13629 = CARTESIAN_POINT('',(-1.917587297234,2.85410017572,2.151));
#13630 = B_SPLINE_CURVE_WITH_KNOTS('',3,(#13631,#13632,#13633,#13634),
  .UNSPECIFIED.,.F.,.F.,(4,4),(5.,6.),.PIECEWISE_BEZIER_KNOTS.);
#13631 = CARTESIAN_POINT('',(-1.917587297234,2.85410017572,2.151));
#13632 = CARTESIAN_POINT('',(-1.902809835002,2.841206024664,2.151));
#13633 = CARTESIAN_POINT('',(-1.883255873509,2.834724658183,2.151));
#13634 = CARTESIAN_POINT('',(-1.859030123347,2.834552840517,2.151));
#13635 = ORIENTED_EDGE('',*,*,#13636,.F.);
#13636 = EDGE_CURVE('',#13637,#13628,#13639,.T.);
#13637 = VERTEX_POINT('',#13638);
#13638 = CARTESIAN_POINT('',(-1.939483228031,2.91154757155,2.151));
#13639 = B_SPLINE_CURVE_WITH_KNOTS('',3,(#13640,#13641,#13642,#13643),
  .UNSPECIFIED.,.F.,.F.,(4,4),(4.,5.),.PIECEWISE_BEZIER_KNOTS.);
#13640 = CARTESIAN_POINT('',(-1.939483228031,2.91154757155,2.151));
#13641 = CARTESIAN_POINT('',(-1.939663157261,2.886178116445,2.151));
#13642 = CARTESIAN_POINT('',(-1.932364759467,2.866994326777,2.151));
#13643 = CARTESIAN_POINT('',(-1.917587297234,2.85410017572,2.151));
#13644 = ORIENTED_EDGE('',*,*,#13645,.F.);
#13645 = EDGE_CURVE('',#13646,#13637,#13648,.T.);
#13646 = VERTEX_POINT('',#13647);
#13647 = CARTESIAN_POINT('',(-1.917333245047,2.970554189361,2.151));
#13648 = B_SPLINE_CURVE_WITH_KNOTS('',3,(#13649,#13650,#13651,#13652),
  .UNSPECIFIED.,.F.,.F.,(4,4),(3.,4.),.PIECEWISE_BEZIER_KNOTS.);
#13649 = CARTESIAN_POINT('',(-1.917333245047,2.970554189361,2.151));
#13650 = CARTESIAN_POINT('',(-1.931937054199,2.956620679887,2.151));
#13651 = CARTESIAN_POINT('',(-1.939303298802,2.936917026655,2.151));
#13652 = CARTESIAN_POINT('',(-1.939483228031,2.91154757155,2.151));
#13653 = ORIENTED_EDGE('',*,*,#13654,.F.);
#13654 = EDGE_CURVE('',#13655,#13646,#13657,.T.);
#13655 = VERTEX_POINT('',#13656);
#13656 = CARTESIAN_POINT('',(-1.856722410184,2.991335910649,2.151));
#13657 = B_SPLINE_CURVE_WITH_KNOTS('',3,(#13658,#13659,#13660,#13661),
  .UNSPECIFIED.,.F.,.F.,(4,4),(2.,3.),.PIECEWISE_BEZIER_KNOTS.);
#13658 = CARTESIAN_POINT('',(-1.856722410184,2.991335910649,2.151));
#13659 = CARTESIAN_POINT('',(-1.882559744584,2.991519158246,2.151));
#13660 = CARTESIAN_POINT('',(-1.902780685068,2.98459204072,2.151));
#13661 = CARTESIAN_POINT('',(-1.917333245047,2.970554189361,2.151));
#13662 = ORIENTED_EDGE('',*,*,#13663,.F.);
#13663 = EDGE_CURVE('',#13612,#13655,#13664,.T.);
#13664 = LINE('',#13665,#13666);
#13665 = CARTESIAN_POINT('',(-1.827194028013,2.991126484825,2.151));
#13666 = VECTOR('',#13667,1.);
#13667 = DIRECTION('',(-0.999974850186,7.092178509975E-03,0.));
#13668 = PLANE('',#13669);
#13669 = AXIS2_PLACEMENT_3D('',#13670,#13671,#13672);
#13670 = CARTESIAN_POINT('',(-1.902531194219,2.818185828668,2.151));
#13671 = DIRECTION('',(0.,0.,1.));
#13672 = DIRECTION('',(1.,0.,-0.));
#13673 = ADVANCED_FACE('',(#13674,#13736),#13798,.F.);
#13674 = FACE_BOUND('',#13675,.T.);
#13675 = EDGE_LOOP('',(#13676,#13686,#13694,#13702,#13711,#13720,#13729)
  );
#13676 = ORIENTED_EDGE('',*,*,#13677,.F.);
#13677 = EDGE_CURVE('',#13678,#13680,#13682,.T.);
#13678 = VERTEX_POINT('',#13679);
#13679 = CARTESIAN_POINT('',(-1.80077635739,3.014126305964,2.15));
#13680 = VERTEX_POINT('',#13681);
#13681 = CARTESIAN_POINT('',(-1.856713926433,3.014523035167,2.15));
#13682 = LINE('',#13683,#13684);
#13683 = CARTESIAN_POINT('',(-1.856713926433,3.014523035167,2.15));
#13684 = VECTOR('',#13685,1.);
#13685 = DIRECTION('',(-0.999974850186,7.092178509963E-03,-0.));
#13686 = ORIENTED_EDGE('',*,*,#13687,.F.);
#13687 = EDGE_CURVE('',#13688,#13678,#13690,.T.);
#13688 = VERTEX_POINT('',#13689);
#13689 = CARTESIAN_POINT('',(-1.802218740886,2.810754772418,2.15));
#13690 = LINE('',#13691,#13692);
#13691 = CARTESIAN_POINT('',(-1.80077635739,3.014126305964,2.15));
#13692 = VECTOR('',#13693,1.);
#13693 = DIRECTION('',(7.092178509963E-03,0.999974850186,-0.));
#13694 = ORIENTED_EDGE('',*,*,#13695,.F.);
#13695 = EDGE_CURVE('',#13696,#13688,#13698,.T.);
#13696 = VERTEX_POINT('',#13697);
#13697 = CARTESIAN_POINT('',(-1.860235773461,2.811166249918,2.15));
#13698 = LINE('',#13699,#13700);
#13699 = CARTESIAN_POINT('',(-1.802218740886,2.810754772418,2.15));
#13700 = VECTOR('',#13701,1.);
#13701 = DIRECTION('',(0.999974850186,-7.092178509966E-03,-0.));
#13702 = ORIENTED_EDGE('',*,*,#13703,.F.);
#13703 = EDGE_CURVE('',#13704,#13696,#13706,.T.);
#13704 = VERTEX_POINT('',#13705);
#13705 = CARTESIAN_POINT('',(-1.936932947148,2.838640620973,2.15));
#13706 = B_SPLINE_CURVE_WITH_KNOTS('',3,(#13707,#13708,#13709,#13710),
  .UNSPECIFIED.,.F.,.F.,(4,4),(2.,3.),.PIECEWISE_BEZIER_KNOTS.);
#13707 = CARTESIAN_POINT('',(-1.936932947148,2.838640620973,2.15));
#13708 = CARTESIAN_POINT('',(-1.916629790709,2.820508359389,2.15));
#13709 = CARTESIAN_POINT('',(-1.89106382034,2.811384893428,2.15));
#13710 = CARTESIAN_POINT('',(-1.860235773461,2.811166249918,2.15));
#13711 = ORIENTED_EDGE('',*,*,#13712,.F.);
#13712 = EDGE_CURVE('',#13713,#13704,#13715,.T.);
#13713 = VERTEX_POINT('',#13714);
#13714 = CARTESIAN_POINT('',(-1.96709326834,2.911015542964,2.15));
#13715 = B_SPLINE_CURVE_WITH_KNOTS('',3,(#13716,#13717,#13718,#13719),
  .UNSPECIFIED.,.F.,.F.,(4,4),(3.,4.),.PIECEWISE_BEZIER_KNOTS.);
#13716 = CARTESIAN_POINT('',(-1.96709326834,2.911015542964,2.15));
#13717 = CARTESIAN_POINT('',(-1.967307118654,2.880863321732,2.15));
#13718 = CARTESIAN_POINT('',(-1.957236103589,2.856772882558,2.15));
#13719 = CARTESIAN_POINT('',(-1.936932947148,2.838640620973,2.15));
#13720 = ORIENTED_EDGE('',*,*,#13721,.F.);
#13721 = EDGE_CURVE('',#13722,#13713,#13724,.T.);
#13722 = VERTEX_POINT('',#13723);
#13723 = CARTESIAN_POINT('',(-1.935883605781,2.98659445136,2.15));
#13724 = B_SPLINE_CURVE_WITH_KNOTS('',3,(#13725,#13726,#13727,#13728),
  .UNSPECIFIED.,.F.,.F.,(4,4),(4.,5.),.PIECEWISE_BEZIER_KNOTS.);
#13725 = CARTESIAN_POINT('',(-1.935883605781,2.98659445136,2.15));
#13726 = CARTESIAN_POINT('',(-1.956449281917,2.967712262054,2.15));
#13727 = CARTESIAN_POINT('',(-1.966869831633,2.942519415492,2.15));
#13728 = CARTESIAN_POINT('',(-1.96709326834,2.911015542964,2.15));
#13729 = ORIENTED_EDGE('',*,*,#13730,.F.);
#13730 = EDGE_CURVE('',#13680,#13722,#13731,.T.);
#13731 = B_SPLINE_CURVE_WITH_KNOTS('',3,(#13732,#13733,#13734,#13735),
  .UNSPECIFIED.,.F.,.F.,(4,4),(5.,6.),.PIECEWISE_BEZIER_KNOTS.);
#13732 = CARTESIAN_POINT('',(-1.856713926433,3.014523035167,2.15));
#13733 = CARTESIAN_POINT('',(-1.888893624609,3.014751265071,2.15));
#13734 = CARTESIAN_POINT('',(-1.915317929646,3.005476640666,2.15));
#13735 = CARTESIAN_POINT('',(-1.935883605781,2.98659445136,2.15));
#13736 = FACE_BOUND('',#13737,.T.);
#13737 = EDGE_LOOP('',(#13738,#13748,#13756,#13764,#13773,#13782,#13791)
  );
#13738 = ORIENTED_EDGE('',*,*,#13739,.T.);
#13739 = EDGE_CURVE('',#13740,#13742,#13744,.T.);
#13740 = VERTEX_POINT('',#13741);
#13741 = CARTESIAN_POINT('',(-1.859030123347,2.834552840517,2.15));
#13742 = VERTEX_POINT('',#13743);
#13743 = CARTESIAN_POINT('',(-1.828306049645,2.834334934422,2.15));
#13744 = LINE('',#13745,#13746);
#13745 = CARTESIAN_POINT('',(-1.859030123347,2.834552840517,2.15));
#13746 = VECTOR('',#13747,1.);
#13747 = DIRECTION('',(0.999974850186,-7.092178509959E-03,0.));
#13748 = ORIENTED_EDGE('',*,*,#13749,.T.);
#13749 = EDGE_CURVE('',#13742,#13750,#13752,.T.);
#13750 = VERTEX_POINT('',#13751);
#13751 = CARTESIAN_POINT('',(-1.827194028013,2.991126484825,2.15));
#13752 = LINE('',#13753,#13754);
#13753 = CARTESIAN_POINT('',(-1.828306049645,2.834334934422,2.15));
#13754 = VECTOR('',#13755,1.);
#13755 = DIRECTION('',(7.092178509964E-03,0.999974850186,0.));
#13756 = ORIENTED_EDGE('',*,*,#13757,.T.);
#13757 = EDGE_CURVE('',#13750,#13758,#13760,.T.);
#13758 = VERTEX_POINT('',#13759);
#13759 = CARTESIAN_POINT('',(-1.856722410184,2.991335910649,2.15));
#13760 = LINE('',#13761,#13762);
#13761 = CARTESIAN_POINT('',(-1.827194028013,2.991126484825,2.15));
#13762 = VECTOR('',#13763,1.);
#13763 = DIRECTION('',(-0.999974850186,7.092178509975E-03,0.));
#13764 = ORIENTED_EDGE('',*,*,#13765,.T.);
#13765 = EDGE_CURVE('',#13758,#13766,#13768,.T.);
#13766 = VERTEX_POINT('',#13767);
#13767 = CARTESIAN_POINT('',(-1.917333245047,2.970554189361,2.15));
#13768 = B_SPLINE_CURVE_WITH_KNOTS('',3,(#13769,#13770,#13771,#13772),
  .UNSPECIFIED.,.F.,.F.,(4,4),(2.,3.),.PIECEWISE_BEZIER_KNOTS.);
#13769 = CARTESIAN_POINT('',(-1.856722410184,2.991335910649,2.15));
#13770 = CARTESIAN_POINT('',(-1.882559744584,2.991519158246,2.15));
#13771 = CARTESIAN_POINT('',(-1.902780685068,2.98459204072,2.15));
#13772 = CARTESIAN_POINT('',(-1.917333245047,2.970554189361,2.15));
#13773 = ORIENTED_EDGE('',*,*,#13774,.T.);
#13774 = EDGE_CURVE('',#13766,#13775,#13777,.T.);
#13775 = VERTEX_POINT('',#13776);
#13776 = CARTESIAN_POINT('',(-1.939483228031,2.91154757155,2.15));
#13777 = B_SPLINE_CURVE_WITH_KNOTS('',3,(#13778,#13779,#13780,#13781),
  .UNSPECIFIED.,.F.,.F.,(4,4),(3.,4.),.PIECEWISE_BEZIER_KNOTS.);
#13778 = CARTESIAN_POINT('',(-1.917333245047,2.970554189361,2.15));
#13779 = CARTESIAN_POINT('',(-1.931937054199,2.956620679887,2.15));
#13780 = CARTESIAN_POINT('',(-1.939303298802,2.936917026655,2.15));
#13781 = CARTESIAN_POINT('',(-1.939483228031,2.91154757155,2.15));
#13782 = ORIENTED_EDGE('',*,*,#13783,.T.);
#13783 = EDGE_CURVE('',#13775,#13784,#13786,.T.);
#13784 = VERTEX_POINT('',#13785);
#13785 = CARTESIAN_POINT('',(-1.917587297234,2.85410017572,2.15));
#13786 = B_SPLINE_CURVE_WITH_KNOTS('',3,(#13787,#13788,#13789,#13790),
  .UNSPECIFIED.,.F.,.F.,(4,4),(4.,5.),.PIECEWISE_BEZIER_KNOTS.);
#13787 = CARTESIAN_POINT('',(-1.939483228031,2.91154757155,2.15));
#13788 = CARTESIAN_POINT('',(-1.939663157261,2.886178116445,2.15));
#13789 = CARTESIAN_POINT('',(-1.932364759467,2.866994326777,2.15));
#13790 = CARTESIAN_POINT('',(-1.917587297234,2.85410017572,2.15));
#13791 = ORIENTED_EDGE('',*,*,#13792,.T.);
#13792 = EDGE_CURVE('',#13784,#13740,#13793,.T.);
#13793 = B_SPLINE_CURVE_WITH_KNOTS('',3,(#13794,#13795,#13796,#13797),
  .UNSPECIFIED.,.F.,.F.,(4,4),(5.,6.),.PIECEWISE_BEZIER_KNOTS.);
#13794 = CARTESIAN_POINT('',(-1.917587297234,2.85410017572,2.15));
#13795 = CARTESIAN_POINT('',(-1.902809835002,2.841206024664,2.15));
#13796 = CARTESIAN_POINT('',(-1.883255873509,2.834724658183,2.15));
#13797 = CARTESIAN_POINT('',(-1.859030123347,2.834552840517,2.15));
#13798 = PLANE('',#13799);
#13799 = AXIS2_PLACEMENT_3D('',#13800,#13801,#13802);
#13800 = CARTESIAN_POINT('',(-1.902531194219,2.818185828668,2.15));
#13801 = DIRECTION('',(0.,0.,1.));
#13802 = DIRECTION('',(1.,0.,-0.));
#13803 = ADVANCED_FACE('',(#13804),#13820,.F.);
#13804 = FACE_BOUND('',#13805,.T.);
#13805 = EDGE_LOOP('',(#13806,#13807,#13813,#13814));
#13806 = ORIENTED_EDGE('',*,*,#13677,.T.);
#13807 = ORIENTED_EDGE('',*,*,#13808,.F.);
#13808 = EDGE_CURVE('',#13550,#13680,#13809,.T.);
#13809 = LINE('',#13810,#13811);
#13810 = CARTESIAN_POINT('',(-1.856713926433,3.014523035167,2.151));
#13811 = VECTOR('',#13812,1.);
#13812 = DIRECTION('',(-0.,-0.,-1.));
#13813 = ORIENTED_EDGE('',*,*,#13547,.F.);
#13814 = ORIENTED_EDGE('',*,*,#13815,.T.);
#13815 = EDGE_CURVE('',#13548,#13678,#13816,.T.);
#13816 = LINE('',#13817,#13818);
#13817 = CARTESIAN_POINT('',(-1.80077635739,3.014126305964,2.151));
#13818 = VECTOR('',#13819,1.);
#13819 = DIRECTION('',(-0.,-0.,-1.));
#13820 = PLANE('',#13821);
#13821 = AXIS2_PLACEMENT_3D('',#13822,#13823,#13824);
#13822 = CARTESIAN_POINT('',(-1.856713926433,3.014523035167,2.151));
#13823 = DIRECTION('',(-7.092178509963E-03,-0.999974850186,0.));
#13824 = DIRECTION('',(0.999974850186,-7.092178509963E-03,0.));
#13825 = ADVANCED_FACE('',(#13826),#13837,.F.);
#13826 = FACE_BOUND('',#13827,.F.);
#13827 = EDGE_LOOP('',(#13828,#13829,#13830,#13836));
#13828 = ORIENTED_EDGE('',*,*,#13808,.F.);
#13829 = ORIENTED_EDGE('',*,*,#13557,.T.);
#13830 = ORIENTED_EDGE('',*,*,#13831,.T.);
#13831 = EDGE_CURVE('',#13558,#13722,#13832,.T.);
#13832 = LINE('',#13833,#13834);
#13833 = CARTESIAN_POINT('',(-1.935883605781,2.98659445136,2.151));
#13834 = VECTOR('',#13835,1.);
#13835 = DIRECTION('',(-0.,-0.,-1.));
#13836 = ORIENTED_EDGE('',*,*,#13730,.F.);
#13837 = B_SPLINE_SURFACE_WITH_KNOTS('',3,1,(
    (#13838,#13839)
    ,(#13840,#13841)
    ,(#13842,#13843)
    ,(#13844,#13845
    )),.UNSPECIFIED.,.F.,.F.,.F.,(4,4),(2,2),(5.,6.),(0.,1.),
  .PIECEWISE_BEZIER_KNOTS.);
#13838 = CARTESIAN_POINT('',(-1.856713926433,3.014523035167,2.151));
#13839 = CARTESIAN_POINT('',(-1.856713926433,3.014523035167,2.15));
#13840 = CARTESIAN_POINT('',(-1.888893624609,3.014751265071,2.151));
#13841 = CARTESIAN_POINT('',(-1.888893624609,3.014751265071,2.15));
#13842 = CARTESIAN_POINT('',(-1.915317929646,3.005476640666,2.151));
#13843 = CARTESIAN_POINT('',(-1.915317929646,3.005476640666,2.15));
#13844 = CARTESIAN_POINT('',(-1.935883605781,2.98659445136,2.151));
#13845 = CARTESIAN_POINT('',(-1.935883605781,2.98659445136,2.15));
#13846 = ADVANCED_FACE('',(#13847),#13858,.F.);
#13847 = FACE_BOUND('',#13848,.F.);
#13848 = EDGE_LOOP('',(#13849,#13850,#13851,#13857));
#13849 = ORIENTED_EDGE('',*,*,#13831,.F.);
#13850 = ORIENTED_EDGE('',*,*,#13566,.T.);
#13851 = ORIENTED_EDGE('',*,*,#13852,.T.);
#13852 = EDGE_CURVE('',#13567,#13713,#13853,.T.);
#13853 = LINE('',#13854,#13855);
#13854 = CARTESIAN_POINT('',(-1.96709326834,2.911015542964,2.151));
#13855 = VECTOR('',#13856,1.);
#13856 = DIRECTION('',(-0.,-0.,-1.));
#13857 = ORIENTED_EDGE('',*,*,#13721,.F.);
#13858 = B_SPLINE_SURFACE_WITH_KNOTS('',3,1,(
    (#13859,#13860)
    ,(#13861,#13862)
    ,(#13863,#13864)
    ,(#13865,#13866
    )),.UNSPECIFIED.,.F.,.F.,.F.,(4,4),(2,2),(4.,5.),(0.,1.),
  .PIECEWISE_BEZIER_KNOTS.);
#13859 = CARTESIAN_POINT('',(-1.935883605781,2.98659445136,2.151));
#13860 = CARTESIAN_POINT('',(-1.935883605781,2.98659445136,2.15));
#13861 = CARTESIAN_POINT('',(-1.956449281917,2.967712262054,2.151));
#13862 = CARTESIAN_POINT('',(-1.956449281917,2.967712262054,2.15));
#13863 = CARTESIAN_POINT('',(-1.966869831633,2.942519415492,2.151));
#13864 = CARTESIAN_POINT('',(-1.966869831633,2.942519415492,2.15));
#13865 = CARTESIAN_POINT('',(-1.96709326834,2.911015542964,2.151));
#13866 = CARTESIAN_POINT('',(-1.96709326834,2.911015542964,2.15));
#13867 = ADVANCED_FACE('',(#13868),#13879,.F.);
#13868 = FACE_BOUND('',#13869,.F.);
#13869 = EDGE_LOOP('',(#13870,#13871,#13872,#13878));
#13870 = ORIENTED_EDGE('',*,*,#13852,.F.);
#13871 = ORIENTED_EDGE('',*,*,#13575,.T.);
#13872 = ORIENTED_EDGE('',*,*,#13873,.T.);
#13873 = EDGE_CURVE('',#13576,#13704,#13874,.T.);
#13874 = LINE('',#13875,#13876);
#13875 = CARTESIAN_POINT('',(-1.936932947148,2.838640620973,2.151));
#13876 = VECTOR('',#13877,1.);
#13877 = DIRECTION('',(-0.,-0.,-1.));
#13878 = ORIENTED_EDGE('',*,*,#13712,.F.);
#13879 = B_SPLINE_SURFACE_WITH_KNOTS('',3,1,(
    (#13880,#13881)
    ,(#13882,#13883)
    ,(#13884,#13885)
    ,(#13886,#13887
    )),.UNSPECIFIED.,.F.,.F.,.F.,(4,4),(2,2),(3.,4.),(0.,1.),
  .PIECEWISE_BEZIER_KNOTS.);
#13880 = CARTESIAN_POINT('',(-1.96709326834,2.911015542964,2.151));
#13881 = CARTESIAN_POINT('',(-1.96709326834,2.911015542964,2.15));
#13882 = CARTESIAN_POINT('',(-1.967307118654,2.880863321732,2.151));
#13883 = CARTESIAN_POINT('',(-1.967307118654,2.880863321732,2.15));
#13884 = CARTESIAN_POINT('',(-1.957236103589,2.856772882558,2.151));
#13885 = CARTESIAN_POINT('',(-1.957236103589,2.856772882558,2.15));
#13886 = CARTESIAN_POINT('',(-1.936932947148,2.838640620973,2.151));
#13887 = CARTESIAN_POINT('',(-1.936932947148,2.838640620973,2.15));
#13888 = ADVANCED_FACE('',(#13889),#13900,.F.);
#13889 = FACE_BOUND('',#13890,.F.);
#13890 = EDGE_LOOP('',(#13891,#13892,#13893,#13899));
#13891 = ORIENTED_EDGE('',*,*,#13873,.F.);
#13892 = ORIENTED_EDGE('',*,*,#13584,.T.);
#13893 = ORIENTED_EDGE('',*,*,#13894,.T.);
#13894 = EDGE_CURVE('',#13585,#13696,#13895,.T.);
#13895 = LINE('',#13896,#13897);
#13896 = CARTESIAN_POINT('',(-1.860235773461,2.811166249918,2.151));
#13897 = VECTOR('',#13898,1.);
#13898 = DIRECTION('',(-0.,-0.,-1.));
#13899 = ORIENTED_EDGE('',*,*,#13703,.F.);
#13900 = B_SPLINE_SURFACE_WITH_KNOTS('',3,1,(
    (#13901,#13902)
    ,(#13903,#13904)
    ,(#13905,#13906)
    ,(#13907,#13908
    )),.UNSPECIFIED.,.F.,.F.,.F.,(4,4),(2,2),(2.,3.),(0.,1.),
  .PIECEWISE_BEZIER_KNOTS.);
#13901 = CARTESIAN_POINT('',(-1.936932947148,2.838640620973,2.151));
#13902 = CARTESIAN_POINT('',(-1.936932947148,2.838640620973,2.15));
#13903 = CARTESIAN_POINT('',(-1.916629790709,2.820508359389,2.151));
#13904 = CARTESIAN_POINT('',(-1.916629790709,2.820508359389,2.15));
#13905 = CARTESIAN_POINT('',(-1.89106382034,2.811384893428,2.151));
#13906 = CARTESIAN_POINT('',(-1.89106382034,2.811384893428,2.15));
#13907 = CARTESIAN_POINT('',(-1.860235773461,2.811166249918,2.151));
#13908 = CARTESIAN_POINT('',(-1.860235773461,2.811166249918,2.15));
#13909 = ADVANCED_FACE('',(#13910),#13921,.F.);
#13910 = FACE_BOUND('',#13911,.T.);
#13911 = EDGE_LOOP('',(#13912,#13913,#13919,#13920));
#13912 = ORIENTED_EDGE('',*,*,#13695,.T.);
#13913 = ORIENTED_EDGE('',*,*,#13914,.F.);
#13914 = EDGE_CURVE('',#13594,#13688,#13915,.T.);
#13915 = LINE('',#13916,#13917);
#13916 = CARTESIAN_POINT('',(-1.802218740886,2.810754772418,2.151));
#13917 = VECTOR('',#13918,1.);
#13918 = DIRECTION('',(-0.,-0.,-1.));
#13919 = ORIENTED_EDGE('',*,*,#13593,.F.);
#13920 = ORIENTED_EDGE('',*,*,#13894,.T.);
#13921 = PLANE('',#13922);
#13922 = AXIS2_PLACEMENT_3D('',#13923,#13924,#13925);
#13923 = CARTESIAN_POINT('',(-1.802218740886,2.810754772418,2.151));
#13924 = DIRECTION('',(7.092178509966E-03,0.999974850186,-0.));
#13925 = DIRECTION('',(-0.999974850186,7.092178509966E-03,0.));
#13926 = ADVANCED_FACE('',(#13927),#13933,.F.);
#13927 = FACE_BOUND('',#13928,.T.);
#13928 = EDGE_LOOP('',(#13929,#13930,#13931,#13932));
#13929 = ORIENTED_EDGE('',*,*,#13687,.T.);
#13930 = ORIENTED_EDGE('',*,*,#13815,.F.);
#13931 = ORIENTED_EDGE('',*,*,#13601,.F.);
#13932 = ORIENTED_EDGE('',*,*,#13914,.T.);
#13933 = PLANE('',#13934);
#13934 = AXIS2_PLACEMENT_3D('',#13935,#13936,#13937);
#13935 = CARTESIAN_POINT('',(-1.80077635739,3.014126305964,2.151));
#13936 = DIRECTION('',(-0.999974850186,7.092178509963E-03,0.));
#13937 = DIRECTION('',(-7.092178509963E-03,-0.999974850186,0.));
#13938 = ADVANCED_FACE('',(#13939),#13955,.T.);
#13939 = FACE_BOUND('',#13940,.T.);
#13940 = EDGE_LOOP('',(#13941,#13942,#13948,#13949));
#13941 = ORIENTED_EDGE('',*,*,#13739,.F.);
#13942 = ORIENTED_EDGE('',*,*,#13943,.F.);
#13943 = EDGE_CURVE('',#13620,#13740,#13944,.T.);
#13944 = LINE('',#13945,#13946);
#13945 = CARTESIAN_POINT('',(-1.859030123347,2.834552840517,2.151));
#13946 = VECTOR('',#13947,1.);
#13947 = DIRECTION('',(-0.,-0.,-1.));
#13948 = ORIENTED_EDGE('',*,*,#13619,.T.);
#13949 = ORIENTED_EDGE('',*,*,#13950,.T.);
#13950 = EDGE_CURVE('',#13610,#13742,#13951,.T.);
#13951 = LINE('',#13952,#13953);
#13952 = CARTESIAN_POINT('',(-1.828306049645,2.834334934422,2.151));
#13953 = VECTOR('',#13954,1.);
#13954 = DIRECTION('',(-0.,-0.,-1.));
#13955 = PLANE('',#13956);
#13956 = AXIS2_PLACEMENT_3D('',#13957,#13958,#13959);
#13957 = CARTESIAN_POINT('',(-1.859030123347,2.834552840517,2.151));
#13958 = DIRECTION('',(7.092178509959E-03,0.999974850186,-0.));
#13959 = DIRECTION('',(-0.999974850186,7.092178509959E-03,0.));
#13960 = ADVANCED_FACE('',(#13961),#13972,.T.);
#13961 = FACE_BOUND('',#13962,.T.);
#13962 = EDGE_LOOP('',(#13963,#13964,#13965,#13966));
#13963 = ORIENTED_EDGE('',*,*,#13749,.F.);
#13964 = ORIENTED_EDGE('',*,*,#13950,.F.);
#13965 = ORIENTED_EDGE('',*,*,#13609,.T.);
#13966 = ORIENTED_EDGE('',*,*,#13967,.T.);
#13967 = EDGE_CURVE('',#13612,#13750,#13968,.T.);
#13968 = LINE('',#13969,#13970);
#13969 = CARTESIAN_POINT('',(-1.827194028013,2.991126484825,2.151));
#13970 = VECTOR('',#13971,1.);
#13971 = DIRECTION('',(-0.,-0.,-1.));
#13972 = PLANE('',#13973);
#13973 = AXIS2_PLACEMENT_3D('',#13974,#13975,#13976);
#13974 = CARTESIAN_POINT('',(-1.828306049645,2.834334934422,2.151));
#13975 = DIRECTION('',(-0.999974850186,7.092178509964E-03,0.));
#13976 = DIRECTION('',(-7.092178509964E-03,-0.999974850186,0.));
#13977 = ADVANCED_FACE('',(#13978),#13989,.T.);
#13978 = FACE_BOUND('',#13979,.T.);
#13979 = EDGE_LOOP('',(#13980,#13981,#13982,#13983));
#13980 = ORIENTED_EDGE('',*,*,#13757,.F.);
#13981 = ORIENTED_EDGE('',*,*,#13967,.F.);
#13982 = ORIENTED_EDGE('',*,*,#13663,.T.);
#13983 = ORIENTED_EDGE('',*,*,#13984,.T.);
#13984 = EDGE_CURVE('',#13655,#13758,#13985,.T.);
#13985 = LINE('',#13986,#13987);
#13986 = CARTESIAN_POINT('',(-1.856722410184,2.991335910649,2.151));
#13987 = VECTOR('',#13988,1.);
#13988 = DIRECTION('',(-0.,-0.,-1.));
#13989 = PLANE('',#13990);
#13990 = AXIS2_PLACEMENT_3D('',#13991,#13992,#13993);
#13991 = CARTESIAN_POINT('',(-1.827194028013,2.991126484825,2.151));
#13992 = DIRECTION('',(-7.092178509975E-03,-0.999974850186,0.));
#13993 = DIRECTION('',(0.999974850186,-7.092178509975E-03,0.));
#13994 = ADVANCED_FACE('',(#13995),#14006,.T.);
#13995 = FACE_BOUND('',#13996,.T.);
#13996 = EDGE_LOOP('',(#13997,#13998,#13999,#14000));
#13997 = ORIENTED_EDGE('',*,*,#13765,.F.);
#13998 = ORIENTED_EDGE('',*,*,#13984,.F.);
#13999 = ORIENTED_EDGE('',*,*,#13654,.T.);
#14000 = ORIENTED_EDGE('',*,*,#14001,.T.);
#14001 = EDGE_CURVE('',#13646,#13766,#14002,.T.);
#14002 = LINE('',#14003,#14004);
#14003 = CARTESIAN_POINT('',(-1.917333245047,2.970554189361,2.151));
#14004 = VECTOR('',#14005,1.);
#14005 = DIRECTION('',(-0.,-0.,-1.));
#14006 = B_SPLINE_SURFACE_WITH_KNOTS('',3,1,(
    (#14007,#14008)
    ,(#14009,#14010)
    ,(#14011,#14012)
    ,(#14013,#14014
    )),.UNSPECIFIED.,.F.,.F.,.F.,(4,4),(2,2),(2.,3.),(0.,1.),
  .PIECEWISE_BEZIER_KNOTS.);
#14007 = CARTESIAN_POINT('',(-1.856722410184,2.991335910649,2.151));
#14008 = CARTESIAN_POINT('',(-1.856722410184,2.991335910649,2.15));
#14009 = CARTESIAN_POINT('',(-1.882559744584,2.991519158246,2.151));
#14010 = CARTESIAN_POINT('',(-1.882559744584,2.991519158246,2.15));
#14011 = CARTESIAN_POINT('',(-1.902780685068,2.98459204072,2.151));
#14012 = CARTESIAN_POINT('',(-1.902780685068,2.98459204072,2.15));
#14013 = CARTESIAN_POINT('',(-1.917333245047,2.970554189361,2.151));
#14014 = CARTESIAN_POINT('',(-1.917333245047,2.970554189361,2.15));
#14015 = ADVANCED_FACE('',(#14016),#14027,.T.);
#14016 = FACE_BOUND('',#14017,.T.);
#14017 = EDGE_LOOP('',(#14018,#14019,#14020,#14021));
#14018 = ORIENTED_EDGE('',*,*,#13774,.F.);
#14019 = ORIENTED_EDGE('',*,*,#14001,.F.);
#14020 = ORIENTED_EDGE('',*,*,#13645,.T.);
#14021 = ORIENTED_EDGE('',*,*,#14022,.T.);
#14022 = EDGE_CURVE('',#13637,#13775,#14023,.T.);
#14023 = LINE('',#14024,#14025);
#14024 = CARTESIAN_POINT('',(-1.939483228031,2.91154757155,2.151));
#14025 = VECTOR('',#14026,1.);
#14026 = DIRECTION('',(-0.,-0.,-1.));
#14027 = B_SPLINE_SURFACE_WITH_KNOTS('',3,1,(
    (#14028,#14029)
    ,(#14030,#14031)
    ,(#14032,#14033)
    ,(#14034,#14035
    )),.UNSPECIFIED.,.F.,.F.,.F.,(4,4),(2,2),(3.,4.),(0.,1.),
  .PIECEWISE_BEZIER_KNOTS.);
#14028 = CARTESIAN_POINT('',(-1.917333245047,2.970554189361,2.151));
#14029 = CARTESIAN_POINT('',(-1.917333245047,2.970554189361,2.15));
#14030 = CARTESIAN_POINT('',(-1.931937054199,2.956620679887,2.151));
#14031 = CARTESIAN_POINT('',(-1.931937054199,2.956620679887,2.15));
#14032 = CARTESIAN_POINT('',(-1.939303298802,2.936917026655,2.151));
#14033 = CARTESIAN_POINT('',(-1.939303298802,2.936917026655,2.15));
#14034 = CARTESIAN_POINT('',(-1.939483228031,2.91154757155,2.151));
#14035 = CARTESIAN_POINT('',(-1.939483228031,2.91154757155,2.15));
#14036 = ADVANCED_FACE('',(#14037),#14048,.T.);
#14037 = FACE_BOUND('',#14038,.T.);
#14038 = EDGE_LOOP('',(#14039,#14040,#14041,#14042));
#14039 = ORIENTED_EDGE('',*,*,#13783,.F.);
#14040 = ORIENTED_EDGE('',*,*,#14022,.F.);
#14041 = ORIENTED_EDGE('',*,*,#13636,.T.);
#14042 = ORIENTED_EDGE('',*,*,#14043,.T.);
#14043 = EDGE_CURVE('',#13628,#13784,#14044,.T.);
#14044 = LINE('',#14045,#14046);
#14045 = CARTESIAN_POINT('',(-1.917587297234,2.85410017572,2.151));
#14046 = VECTOR('',#14047,1.);
#14047 = DIRECTION('',(-0.,-0.,-1.));
#14048 = B_SPLINE_SURFACE_WITH_KNOTS('',3,1,(
    (#14049,#14050)
    ,(#14051,#14052)
    ,(#14053,#14054)
    ,(#14055,#14056
    )),.UNSPECIFIED.,.F.,.F.,.F.,(4,4),(2,2),(4.,5.),(0.,1.),
  .PIECEWISE_BEZIER_KNOTS.);
#14049 = CARTESIAN_POINT('',(-1.939483228031,2.91154757155,2.151));
#14050 = CARTESIAN_POINT('',(-1.939483228031,2.91154757155,2.15));
#14051 = CARTESIAN_POINT('',(-1.939663157261,2.886178116445,2.151));
#14052 = CARTESIAN_POINT('',(-1.939663157261,2.886178116445,2.15));
#14053 = CARTESIAN_POINT('',(-1.932364759467,2.866994326777,2.151));
#14054 = CARTESIAN_POINT('',(-1.932364759467,2.866994326777,2.15));
#14055 = CARTESIAN_POINT('',(-1.917587297234,2.85410017572,2.151));
#14056 = CARTESIAN_POINT('',(-1.917587297234,2.85410017572,2.15));
#14057 = ADVANCED_FACE('',(#14058),#14064,.T.);
#14058 = FACE_BOUND('',#14059,.T.);
#14059 = EDGE_LOOP('',(#14060,#14061,#14062,#14063));
#14060 = ORIENTED_EDGE('',*,*,#13792,.F.);
#14061 = ORIENTED_EDGE('',*,*,#14043,.F.);
#14062 = ORIENTED_EDGE('',*,*,#13627,.T.);
#14063 = ORIENTED_EDGE('',*,*,#13943,.T.);
#14064 = B_SPLINE_SURFACE_WITH_KNOTS('',3,1,(
    (#14065,#14066)
    ,(#14067,#14068)
    ,(#14069,#14070)
    ,(#14071,#14072
    )),.UNSPECIFIED.,.F.,.F.,.F.,(4,4),(2,2),(5.,6.),(0.,1.),
  .PIECEWISE_BEZIER_KNOTS.);
#14065 = CARTESIAN_POINT('',(-1.917587297234,2.85410017572,2.151));
#14066 = CARTESIAN_POINT('',(-1.917587297234,2.85410017572,2.15));
#14067 = CARTESIAN_POINT('',(-1.902809835002,2.841206024664,2.151));
#14068 = CARTESIAN_POINT('',(-1.902809835002,2.841206024664,2.15));
#14069 = CARTESIAN_POINT('',(-1.883255873509,2.834724658183,2.151));
#14070 = CARTESIAN_POINT('',(-1.883255873509,2.834724658183,2.15));
#14071 = CARTESIAN_POINT('',(-1.859030123347,2.834552840517,2.151));
#14072 = CARTESIAN_POINT('',(-1.859030123347,2.834552840517,2.15));
#14073 = MANIFOLD_SOLID_BREP('',#14074);
#14074 = CLOSED_SHELL('',(#14075,#14199,#14323,#14345,#14362,#14379,
    #14396,#14413,#14430,#14447,#14459,#14481,#14498,#14519,#14536,
    #14557));
#14075 = ADVANCED_FACE('',(#14076,#14142),#14194,.F.);
#14076 = FACE_BOUND('',#14077,.T.);
#14077 = EDGE_LOOP('',(#14078,#14088,#14096,#14104,#14112,#14120,#14128,
    #14136));
#14078 = ORIENTED_EDGE('',*,*,#14079,.T.);
#14079 = EDGE_CURVE('',#14080,#14082,#14084,.T.);
#14080 = VERTEX_POINT('',#14081);
#14081 = CARTESIAN_POINT('',(-2.160627521809,3.016678498846,2.151));
#14082 = VERTEX_POINT('',#14083);
#14083 = CARTESIAN_POINT('',(-2.084609888694,2.812757591218,2.151));
#14084 = LINE('',#14085,#14086);
#14085 = CARTESIAN_POINT('',(-2.084609888694,2.812757591218,2.151));
#14086 = VECTOR('',#14087,1.);
#14087 = DIRECTION('',(0.349299057796,-0.937011295675,-0.));
#14088 = ORIENTED_EDGE('',*,*,#14089,.T.);
#14089 = EDGE_CURVE('',#14082,#14090,#14092,.T.);
#14090 = VERTEX_POINT('',#14091);
#14091 = CARTESIAN_POINT('',(-2.056537130994,2.812558489202,2.151));
#14092 = LINE('',#14093,#14094);
#14093 = CARTESIAN_POINT('',(-2.056537130994,2.812558489202,2.151));
#14094 = VECTOR('',#14095,1.);
#14095 = DIRECTION('',(0.999974850186,-7.092178509953E-03,-0.));
#14096 = ORIENTED_EDGE('',*,*,#14097,.T.);
#14097 = EDGE_CURVE('',#14090,#14098,#14100,.T.);
#14098 = VERTEX_POINT('',#14099);
#14099 = CARTESIAN_POINT('',(-1.977634730887,3.015380648666,2.151));
#14100 = LINE('',#14101,#14102);
#14101 = CARTESIAN_POINT('',(-1.977634730887,3.015380648666,2.151));
#14102 = VECTOR('',#14103,1.);
#14103 = DIRECTION('',(0.362554487504,0.931962576282,-0.));
#14104 = ORIENTED_EDGE('',*,*,#14105,.T.);
#14105 = EDGE_CURVE('',#14098,#14106,#14108,.T.);
#14106 = VERTEX_POINT('',#14107);
#14107 = CARTESIAN_POINT('',(-2.006643247175,3.015586387417,2.151));
#14108 = LINE('',#14109,#14110);
#14109 = CARTESIAN_POINT('',(-2.006643247175,3.015586387417,2.151));
#14110 = VECTOR('',#14111,1.);
#14111 = DIRECTION('',(-0.999974850186,7.092178509961E-03,-0.));
#14112 = ORIENTED_EDGE('',*,*,#14113,.T.);
#14113 = EDGE_CURVE('',#14106,#14114,#14116,.T.);
#14114 = VERTEX_POINT('',#14115);
#14115 = CARTESIAN_POINT('',(-2.026584721345,2.960099371901,2.151));
#14116 = LINE('',#14117,#14118);
#14117 = CARTESIAN_POINT('',(-2.026584721345,2.960099371901,2.151));
#14118 = VECTOR('',#14119,1.);
#14119 = DIRECTION('',(-0.338211162487,-0.941070246883,-0.));
#14120 = ORIENTED_EDGE('',*,*,#14121,.T.);
#14121 = EDGE_CURVE('',#14114,#14122,#14124,.T.);
#14122 = VERTEX_POINT('',#14123);
#14123 = CARTESIAN_POINT('',(-2.111270873735,2.960699996317,2.151));
#14124 = LINE('',#14125,#14126);
#14125 = CARTESIAN_POINT('',(-2.111270873735,2.960699996317,2.151));
#14126 = VECTOR('',#14127,1.);
#14127 = DIRECTION('',(-0.999974850186,7.092178509967E-03,-0.));
#14128 = ORIENTED_EDGE('',*,*,#14129,.T.);
#14129 = EDGE_CURVE('',#14122,#14130,#14132,.T.);
#14130 = VERTEX_POINT('',#14131);
#14131 = CARTESIAN_POINT('',(-2.131619005522,3.016472760096,2.151));
#14132 = LINE('',#14133,#14134);
#14133 = CARTESIAN_POINT('',(-2.131619005522,3.016472760096,2.151));
#14134 = VECTOR('',#14135,1.);
#14135 = DIRECTION('',(-0.342741495853,0.939429756299,-0.));
#14136 = ORIENTED_EDGE('',*,*,#14137,.T.);
#14137 = EDGE_CURVE('',#14130,#14080,#14138,.T.);
#14138 = LINE('',#14139,#14140);
#14139 = CARTESIAN_POINT('',(-2.160627521809,3.016678498846,2.151));
#14140 = VECTOR('',#14141,1.);
#14141 = DIRECTION('',(-0.999974850186,7.092178509971E-03,-0.));
#14142 = FACE_BOUND('',#14143,.T.);
#14143 = EDGE_LOOP('',(#14144,#14154,#14162,#14171,#14179,#14188));
#14144 = ORIENTED_EDGE('',*,*,#14145,.F.);
#14145 = EDGE_CURVE('',#14146,#14148,#14150,.T.);
#14146 = VERTEX_POINT('',#14147);
#14147 = CARTESIAN_POINT('',(-2.035065544167,2.937180293049,2.151));
#14148 = VERTEX_POINT('',#14149);
#14149 = CARTESIAN_POINT('',(-2.103323934644,2.937664405914,2.151));
#14150 = LINE('',#14151,#14152);
#14151 = CARTESIAN_POINT('',(-2.035065544167,2.937180293049,2.151));
#14152 = VECTOR('',#14153,1.);
#14153 = DIRECTION('',(-0.999974850186,7.092178509966E-03,0.));
#14154 = ORIENTED_EDGE('',*,*,#14155,.F.);
#14155 = EDGE_CURVE('',#14156,#14146,#14158,.T.);
#14156 = VERTEX_POINT('',#14157);
#14157 = CARTESIAN_POINT('',(-2.066077216632,2.852865794275,2.151));
#14158 = LINE('',#14159,#14160);
#14159 = CARTESIAN_POINT('',(-2.066077216632,2.852865794275,2.151));
#14160 = VECTOR('',#14161,1.);
#14161 = DIRECTION('',(0.345199932434,0.938529171975,0.));
#14162 = ORIENTED_EDGE('',*,*,#14163,.F.);
#14163 = EDGE_CURVE('',#14164,#14156,#14166,.T.);
#14164 = VERTEX_POINT('',#14165);
#14165 = CARTESIAN_POINT('',(-2.069505384123,2.838645066349,2.151));
#14166 = B_SPLINE_CURVE_WITH_KNOTS('',3,(#14167,#14168,#14169,#14170),
  .UNSPECIFIED.,.F.,.F.,(4,4),(3.,4.),.PIECEWISE_BEZIER_KNOTS.);
#14167 = CARTESIAN_POINT('',(-2.069505384123,2.838645066349,2.151));
#14168 = CARTESIAN_POINT('',(-2.068474131467,2.844772478331,2.151));
#14169 = CARTESIAN_POINT('',(-2.067348492029,2.849547501601,2.151));
#14170 = CARTESIAN_POINT('',(-2.066077216632,2.852865794275,2.151));
#14171 = ORIENTED_EDGE('',*,*,#14172,.F.);
#14172 = EDGE_CURVE('',#14173,#14164,#14175,.T.);
#14173 = VERTEX_POINT('',#14174);
#14174 = CARTESIAN_POINT('',(-2.070129223184,2.838649490839,2.151));
#14175 = LINE('',#14176,#14177);
#14176 = CARTESIAN_POINT('',(-2.070129223184,2.838649490839,2.151));
#14177 = VECTOR('',#14178,1.);
#14178 = DIRECTION('',(0.999974850186,-7.092178509924E-03,0.));
#14179 = ORIENTED_EDGE('',*,*,#14180,.F.);
#14180 = EDGE_CURVE('',#14181,#14173,#14183,.T.);
#14181 = VERTEX_POINT('',#14182);
#14182 = CARTESIAN_POINT('',(-2.073199379233,2.852916307194,2.151));
#14183 = B_SPLINE_CURVE_WITH_KNOTS('',3,(#14184,#14185,#14186,#14187),
  .UNSPECIFIED.,.F.,.F.,(4,4),(1.,2.),.PIECEWISE_BEZIER_KNOTS.);
#14184 = CARTESIAN_POINT('',(-2.073199379233,2.852916307194,2.151));
#14185 = CARTESIAN_POINT('',(-2.072231544258,2.850102025983,2.151));
#14186 = CARTESIAN_POINT('',(-2.071224996159,2.845415858884,2.151));
#14187 = CARTESIAN_POINT('',(-2.070129223184,2.838649490839,2.151));
#14188 = ORIENTED_EDGE('',*,*,#14189,.F.);
#14189 = EDGE_CURVE('',#14148,#14181,#14190,.T.);
#14190 = LINE('',#14191,#14192);
#14191 = CARTESIAN_POINT('',(-2.103323934644,2.937664405914,2.151));
#14192 = VECTOR('',#14193,1.);
#14193 = DIRECTION('',(0.334929697702,-0.942243120218,0.));
#14194 = PLANE('',#14195);
#14195 = AXIS2_PLACEMENT_3D('',#14196,#14197,#14198);
#14196 = CARTESIAN_POINT('',(0.,0.,2.151));
#14197 = DIRECTION('',(0.,0.,-1.));
#14198 = DIRECTION('',(-1.,0.,-0.));
#14199 = ADVANCED_FACE('',(#14200,#14266),#14318,.T.);
#14200 = FACE_BOUND('',#14201,.T.);
#14201 = EDGE_LOOP('',(#14202,#14212,#14220,#14228,#14236,#14244,#14252,
    #14260));
#14202 = ORIENTED_EDGE('',*,*,#14203,.F.);
#14203 = EDGE_CURVE('',#14204,#14206,#14208,.T.);
#14204 = VERTEX_POINT('',#14205);
#14205 = CARTESIAN_POINT('',(-2.160627521809,3.016678498846,2.15));
#14206 = VERTEX_POINT('',#14207);
#14207 = CARTESIAN_POINT('',(-2.084609888694,2.812757591218,2.15));
#14208 = LINE('',#14209,#14210);
#14209 = CARTESIAN_POINT('',(-2.084609888694,2.812757591218,2.15));
#14210 = VECTOR('',#14211,1.);
#14211 = DIRECTION('',(0.349299057796,-0.937011295675,-0.));
#14212 = ORIENTED_EDGE('',*,*,#14213,.F.);
#14213 = EDGE_CURVE('',#14214,#14204,#14216,.T.);
#14214 = VERTEX_POINT('',#14215);
#14215 = CARTESIAN_POINT('',(-2.131619005522,3.016472760096,2.15));
#14216 = LINE('',#14217,#14218);
#14217 = CARTESIAN_POINT('',(-2.160627521809,3.016678498846,2.15));
#14218 = VECTOR('',#14219,1.);
#14219 = DIRECTION('',(-0.999974850186,7.092178509971E-03,-0.));
#14220 = ORIENTED_EDGE('',*,*,#14221,.F.);
#14221 = EDGE_CURVE('',#14222,#14214,#14224,.T.);
#14222 = VERTEX_POINT('',#14223);
#14223 = CARTESIAN_POINT('',(-2.111270873735,2.960699996317,2.15));
#14224 = LINE('',#14225,#14226);
#14225 = CARTESIAN_POINT('',(-2.131619005522,3.016472760096,2.15));
#14226 = VECTOR('',#14227,1.);
#14227 = DIRECTION('',(-0.342741495853,0.939429756299,-0.));
#14228 = ORIENTED_EDGE('',*,*,#14229,.F.);
#14229 = EDGE_CURVE('',#14230,#14222,#14232,.T.);
#14230 = VERTEX_POINT('',#14231);
#14231 = CARTESIAN_POINT('',(-2.026584721345,2.960099371901,2.15));
#14232 = LINE('',#14233,#14234);
#14233 = CARTESIAN_POINT('',(-2.111270873735,2.960699996317,2.15));
#14234 = VECTOR('',#14235,1.);
#14235 = DIRECTION('',(-0.999974850186,7.092178509967E-03,-0.));
#14236 = ORIENTED_EDGE('',*,*,#14237,.F.);
#14237 = EDGE_CURVE('',#14238,#14230,#14240,.T.);
#14238 = VERTEX_POINT('',#14239);
#14239 = CARTESIAN_POINT('',(-2.006643247175,3.015586387417,2.15));
#14240 = LINE('',#14241,#14242);
#14241 = CARTESIAN_POINT('',(-2.026584721345,2.960099371901,2.15));
#14242 = VECTOR('',#14243,1.);
#14243 = DIRECTION('',(-0.338211162487,-0.941070246883,-0.));
#14244 = ORIENTED_EDGE('',*,*,#14245,.F.);
#14245 = EDGE_CURVE('',#14246,#14238,#14248,.T.);
#14246 = VERTEX_POINT('',#14247);
#14247 = CARTESIAN_POINT('',(-1.977634730887,3.015380648666,2.15));
#14248 = LINE('',#14249,#14250);
#14249 = CARTESIAN_POINT('',(-2.006643247175,3.015586387417,2.15));
#14250 = VECTOR('',#14251,1.);
#14251 = DIRECTION('',(-0.999974850186,7.092178509961E-03,-0.));
#14252 = ORIENTED_EDGE('',*,*,#14253,.F.);
#14253 = EDGE_CURVE('',#14254,#14246,#14256,.T.);
#14254 = VERTEX_POINT('',#14255);
#14255 = CARTESIAN_POINT('',(-2.056537130994,2.812558489202,2.15));
#14256 = LINE('',#14257,#14258);
#14257 = CARTESIAN_POINT('',(-1.977634730887,3.015380648666,2.15));
#14258 = VECTOR('',#14259,1.);
#14259 = DIRECTION('',(0.362554487504,0.931962576282,-0.));
#14260 = ORIENTED_EDGE('',*,*,#14261,.F.);
#14261 = EDGE_CURVE('',#14206,#14254,#14262,.T.);
#14262 = LINE('',#14263,#14264);
#14263 = CARTESIAN_POINT('',(-2.056537130994,2.812558489202,2.15));
#14264 = VECTOR('',#14265,1.);
#14265 = DIRECTION('',(0.999974850186,-7.092178509953E-03,-0.));
#14266 = FACE_BOUND('',#14267,.T.);
#14267 = EDGE_LOOP('',(#14268,#14278,#14286,#14294,#14303,#14311));
#14268 = ORIENTED_EDGE('',*,*,#14269,.T.);
#14269 = EDGE_CURVE('',#14270,#14272,#14274,.T.);
#14270 = VERTEX_POINT('',#14271);
#14271 = CARTESIAN_POINT('',(-2.066077216632,2.852865794275,2.15));
#14272 = VERTEX_POINT('',#14273);
#14273 = CARTESIAN_POINT('',(-2.035065544167,2.937180293049,2.15));
#14274 = LINE('',#14275,#14276);
#14275 = CARTESIAN_POINT('',(-2.066077216632,2.852865794275,2.15));
#14276 = VECTOR('',#14277,1.);
#14277 = DIRECTION('',(0.345199932434,0.938529171975,0.));
#14278 = ORIENTED_EDGE('',*,*,#14279,.T.);
#14279 = EDGE_CURVE('',#14272,#14280,#14282,.T.);
#14280 = VERTEX_POINT('',#14281);
#14281 = CARTESIAN_POINT('',(-2.103323934644,2.937664405914,2.15));
#14282 = LINE('',#14283,#14284);
#14283 = CARTESIAN_POINT('',(-2.035065544167,2.937180293049,2.15));
#14284 = VECTOR('',#14285,1.);
#14285 = DIRECTION('',(-0.999974850186,7.092178509966E-03,0.));
#14286 = ORIENTED_EDGE('',*,*,#14287,.T.);
#14287 = EDGE_CURVE('',#14280,#14288,#14290,.T.);
#14288 = VERTEX_POINT('',#14289);
#14289 = CARTESIAN_POINT('',(-2.073199379233,2.852916307194,2.15));
#14290 = LINE('',#14291,#14292);
#14291 = CARTESIAN_POINT('',(-2.103323934644,2.937664405914,2.15));
#14292 = VECTOR('',#14293,1.);
#14293 = DIRECTION('',(0.334929697702,-0.942243120218,0.));
#14294 = ORIENTED_EDGE('',*,*,#14295,.T.);
#14295 = EDGE_CURVE('',#14288,#14296,#14298,.T.);
#14296 = VERTEX_POINT('',#14297);
#14297 = CARTESIAN_POINT('',(-2.070129223184,2.838649490839,2.15));
#14298 = B_SPLINE_CURVE_WITH_KNOTS('',3,(#14299,#14300,#14301,#14302),
  .UNSPECIFIED.,.F.,.F.,(4,4),(1.,2.),.PIECEWISE_BEZIER_KNOTS.);
#14299 = CARTESIAN_POINT('',(-2.073199379233,2.852916307194,2.15));
#14300 = CARTESIAN_POINT('',(-2.072231544258,2.850102025983,2.15));
#14301 = CARTESIAN_POINT('',(-2.071224996159,2.845415858884,2.15));
#14302 = CARTESIAN_POINT('',(-2.070129223184,2.838649490839,2.15));
#14303 = ORIENTED_EDGE('',*,*,#14304,.T.);
#14304 = EDGE_CURVE('',#14296,#14305,#14307,.T.);
#14305 = VERTEX_POINT('',#14306);
#14306 = CARTESIAN_POINT('',(-2.069505384123,2.838645066349,2.15));
#14307 = LINE('',#14308,#14309);
#14308 = CARTESIAN_POINT('',(-2.070129223184,2.838649490839,2.15));
#14309 = VECTOR('',#14310,1.);
#14310 = DIRECTION('',(0.999974850186,-7.092178509924E-03,0.));
#14311 = ORIENTED_EDGE('',*,*,#14312,.T.);
#14312 = EDGE_CURVE('',#14305,#14270,#14313,.T.);
#14313 = B_SPLINE_CURVE_WITH_KNOTS('',3,(#14314,#14315,#14316,#14317),
  .UNSPECIFIED.,.F.,.F.,(4,4),(3.,4.),.PIECEWISE_BEZIER_KNOTS.);
#14314 = CARTESIAN_POINT('',(-2.069505384123,2.838645066349,2.15));
#14315 = CARTESIAN_POINT('',(-2.068474131467,2.844772478331,2.15));
#14316 = CARTESIAN_POINT('',(-2.067348492029,2.849547501601,2.15));
#14317 = CARTESIAN_POINT('',(-2.066077216632,2.852865794275,2.15));
#14318 = PLANE('',#14319);
#14319 = AXIS2_PLACEMENT_3D('',#14320,#14321,#14322);
#14320 = CARTESIAN_POINT('',(0.,0.,2.15));
#14321 = DIRECTION('',(0.,0.,-1.));
#14322 = DIRECTION('',(-1.,0.,-0.));
#14323 = ADVANCED_FACE('',(#14324),#14340,.F.);
#14324 = FACE_BOUND('',#14325,.T.);
#14325 = EDGE_LOOP('',(#14326,#14327,#14333,#14334));
#14326 = ORIENTED_EDGE('',*,*,#14203,.T.);
#14327 = ORIENTED_EDGE('',*,*,#14328,.F.);
#14328 = EDGE_CURVE('',#14082,#14206,#14329,.T.);
#14329 = LINE('',#14330,#14331);
#14330 = CARTESIAN_POINT('',(-2.084609888694,2.812757591218,2.151));
#14331 = VECTOR('',#14332,1.);
#14332 = DIRECTION('',(-0.,-0.,-1.));
#14333 = ORIENTED_EDGE('',*,*,#14079,.F.);
#14334 = ORIENTED_EDGE('',*,*,#14335,.T.);
#14335 = EDGE_CURVE('',#14080,#14204,#14336,.T.);
#14336 = LINE('',#14337,#14338);
#14337 = CARTESIAN_POINT('',(-2.160627521809,3.016678498846,2.151));
#14338 = VECTOR('',#14339,1.);
#14339 = DIRECTION('',(-0.,-0.,-1.));
#14340 = PLANE('',#14341);
#14341 = AXIS2_PLACEMENT_3D('',#14342,#14343,#14344);
#14342 = CARTESIAN_POINT('',(-2.084609888694,2.812757591218,2.151));
#14343 = DIRECTION('',(0.937011295675,0.349299057796,-0.));
#14344 = DIRECTION('',(-0.349299057796,0.937011295675,0.));
#14345 = ADVANCED_FACE('',(#14346),#14357,.F.);
#14346 = FACE_BOUND('',#14347,.T.);
#14347 = EDGE_LOOP('',(#14348,#14349,#14355,#14356));
#14348 = ORIENTED_EDGE('',*,*,#14261,.T.);
#14349 = ORIENTED_EDGE('',*,*,#14350,.F.);
#14350 = EDGE_CURVE('',#14090,#14254,#14351,.T.);
#14351 = LINE('',#14352,#14353);
#14352 = CARTESIAN_POINT('',(-2.056537130994,2.812558489202,2.151));
#14353 = VECTOR('',#14354,1.);
#14354 = DIRECTION('',(-0.,-0.,-1.));
#14355 = ORIENTED_EDGE('',*,*,#14089,.F.);
#14356 = ORIENTED_EDGE('',*,*,#14328,.T.);
#14357 = PLANE('',#14358);
#14358 = AXIS2_PLACEMENT_3D('',#14359,#14360,#14361);
#14359 = CARTESIAN_POINT('',(-2.056537130994,2.812558489202,2.151));
#14360 = DIRECTION('',(7.092178509953E-03,0.999974850186,-0.));
#14361 = DIRECTION('',(-0.999974850186,7.092178509953E-03,0.));
#14362 = ADVANCED_FACE('',(#14363),#14374,.F.);
#14363 = FACE_BOUND('',#14364,.T.);
#14364 = EDGE_LOOP('',(#14365,#14366,#14372,#14373));
#14365 = ORIENTED_EDGE('',*,*,#14253,.T.);
#14366 = ORIENTED_EDGE('',*,*,#14367,.F.);
#14367 = EDGE_CURVE('',#14098,#14246,#14368,.T.);
#14368 = LINE('',#14369,#14370);
#14369 = CARTESIAN_POINT('',(-1.977634730887,3.015380648666,2.151));
#14370 = VECTOR('',#14371,1.);
#14371 = DIRECTION('',(-0.,-0.,-1.));
#14372 = ORIENTED_EDGE('',*,*,#14097,.F.);
#14373 = ORIENTED_EDGE('',*,*,#14350,.T.);
#14374 = PLANE('',#14375);
#14375 = AXIS2_PLACEMENT_3D('',#14376,#14377,#14378);
#14376 = CARTESIAN_POINT('',(-1.977634730887,3.015380648666,2.151));
#14377 = DIRECTION('',(-0.931962576282,0.362554487504,0.));
#14378 = DIRECTION('',(-0.362554487504,-0.931962576282,0.));
#14379 = ADVANCED_FACE('',(#14380),#14391,.F.);
#14380 = FACE_BOUND('',#14381,.T.);
#14381 = EDGE_LOOP('',(#14382,#14383,#14389,#14390));
#14382 = ORIENTED_EDGE('',*,*,#14245,.T.);
#14383 = ORIENTED_EDGE('',*,*,#14384,.F.);
#14384 = EDGE_CURVE('',#14106,#14238,#14385,.T.);
#14385 = LINE('',#14386,#14387);
#14386 = CARTESIAN_POINT('',(-2.006643247175,3.015586387417,2.151));
#14387 = VECTOR('',#14388,1.);
#14388 = DIRECTION('',(-0.,-0.,-1.));
#14389 = ORIENTED_EDGE('',*,*,#14105,.F.);
#14390 = ORIENTED_EDGE('',*,*,#14367,.T.);
#14391 = PLANE('',#14392);
#14392 = AXIS2_PLACEMENT_3D('',#14393,#14394,#14395);
#14393 = CARTESIAN_POINT('',(-2.006643247175,3.015586387417,2.151));
#14394 = DIRECTION('',(-7.092178509961E-03,-0.999974850186,0.));
#14395 = DIRECTION('',(0.999974850186,-7.092178509961E-03,0.));
#14396 = ADVANCED_FACE('',(#14397),#14408,.F.);
#14397 = FACE_BOUND('',#14398,.T.);
#14398 = EDGE_LOOP('',(#14399,#14400,#14406,#14407));
#14399 = ORIENTED_EDGE('',*,*,#14237,.T.);
#14400 = ORIENTED_EDGE('',*,*,#14401,.F.);
#14401 = EDGE_CURVE('',#14114,#14230,#14402,.T.);
#14402 = LINE('',#14403,#14404);
#14403 = CARTESIAN_POINT('',(-2.026584721345,2.960099371901,2.151));
#14404 = VECTOR('',#14405,1.);
#14405 = DIRECTION('',(-0.,-0.,-1.));
#14406 = ORIENTED_EDGE('',*,*,#14113,.F.);
#14407 = ORIENTED_EDGE('',*,*,#14384,.T.);
#14408 = PLANE('',#14409);
#14409 = AXIS2_PLACEMENT_3D('',#14410,#14411,#14412);
#14410 = CARTESIAN_POINT('',(-2.026584721345,2.960099371901,2.151));
#14411 = DIRECTION('',(0.941070246883,-0.338211162487,0.));
#14412 = DIRECTION('',(0.338211162487,0.941070246883,0.));
#14413 = ADVANCED_FACE('',(#14414),#14425,.F.);
#14414 = FACE_BOUND('',#14415,.T.);
#14415 = EDGE_LOOP('',(#14416,#14417,#14423,#14424));
#14416 = ORIENTED_EDGE('',*,*,#14229,.T.);
#14417 = ORIENTED_EDGE('',*,*,#14418,.F.);
#14418 = EDGE_CURVE('',#14122,#14222,#14419,.T.);
#14419 = LINE('',#14420,#14421);
#14420 = CARTESIAN_POINT('',(-2.111270873735,2.960699996317,2.151));
#14421 = VECTOR('',#14422,1.);
#14422 = DIRECTION('',(-0.,-0.,-1.));
#14423 = ORIENTED_EDGE('',*,*,#14121,.F.);
#14424 = ORIENTED_EDGE('',*,*,#14401,.T.);
#14425 = PLANE('',#14426);
#14426 = AXIS2_PLACEMENT_3D('',#14427,#14428,#14429);
#14427 = CARTESIAN_POINT('',(-2.111270873735,2.960699996317,2.151));
#14428 = DIRECTION('',(-7.092178509967E-03,-0.999974850186,0.));
#14429 = DIRECTION('',(0.999974850186,-7.092178509967E-03,0.));
#14430 = ADVANCED_FACE('',(#14431),#14442,.F.);
#14431 = FACE_BOUND('',#14432,.T.);
#14432 = EDGE_LOOP('',(#14433,#14434,#14440,#14441));
#14433 = ORIENTED_EDGE('',*,*,#14221,.T.);
#14434 = ORIENTED_EDGE('',*,*,#14435,.F.);
#14435 = EDGE_CURVE('',#14130,#14214,#14436,.T.);
#14436 = LINE('',#14437,#14438);
#14437 = CARTESIAN_POINT('',(-2.131619005522,3.016472760096,2.151));
#14438 = VECTOR('',#14439,1.);
#14439 = DIRECTION('',(-0.,-0.,-1.));
#14440 = ORIENTED_EDGE('',*,*,#14129,.F.);
#14441 = ORIENTED_EDGE('',*,*,#14418,.T.);
#14442 = PLANE('',#14443);
#14443 = AXIS2_PLACEMENT_3D('',#14444,#14445,#14446);
#14444 = CARTESIAN_POINT('',(-2.131619005522,3.016472760096,2.151));
#14445 = DIRECTION('',(-0.939429756299,-0.342741495853,0.));
#14446 = DIRECTION('',(0.342741495853,-0.939429756299,0.));
#14447 = ADVANCED_FACE('',(#14448),#14454,.F.);
#14448 = FACE_BOUND('',#14449,.T.);
#14449 = EDGE_LOOP('',(#14450,#14451,#14452,#14453));
#14450 = ORIENTED_EDGE('',*,*,#14213,.T.);
#14451 = ORIENTED_EDGE('',*,*,#14335,.F.);
#14452 = ORIENTED_EDGE('',*,*,#14137,.F.);
#14453 = ORIENTED_EDGE('',*,*,#14435,.T.);
#14454 = PLANE('',#14455);
#14455 = AXIS2_PLACEMENT_3D('',#14456,#14457,#14458);
#14456 = CARTESIAN_POINT('',(-2.160627521809,3.016678498846,2.151));
#14457 = DIRECTION('',(-7.092178509971E-03,-0.999974850186,0.));
#14458 = DIRECTION('',(0.999974850186,-7.092178509971E-03,0.));
#14459 = ADVANCED_FACE('',(#14460),#14476,.T.);
#14460 = FACE_BOUND('',#14461,.T.);
#14461 = EDGE_LOOP('',(#14462,#14463,#14469,#14470));
#14462 = ORIENTED_EDGE('',*,*,#14279,.F.);
#14463 = ORIENTED_EDGE('',*,*,#14464,.F.);
#14464 = EDGE_CURVE('',#14146,#14272,#14465,.T.);
#14465 = LINE('',#14466,#14467);
#14466 = CARTESIAN_POINT('',(-2.035065544167,2.937180293049,2.151));
#14467 = VECTOR('',#14468,1.);
#14468 = DIRECTION('',(-0.,-0.,-1.));
#14469 = ORIENTED_EDGE('',*,*,#14145,.T.);
#14470 = ORIENTED_EDGE('',*,*,#14471,.T.);
#14471 = EDGE_CURVE('',#14148,#14280,#14472,.T.);
#14472 = LINE('',#14473,#14474);
#14473 = CARTESIAN_POINT('',(-2.103323934644,2.937664405914,2.151));
#14474 = VECTOR('',#14475,1.);
#14475 = DIRECTION('',(-0.,-0.,-1.));
#14476 = PLANE('',#14477);
#14477 = AXIS2_PLACEMENT_3D('',#14478,#14479,#14480);
#14478 = CARTESIAN_POINT('',(-2.035065544167,2.937180293049,2.151));
#14479 = DIRECTION('',(-7.092178509966E-03,-0.999974850186,0.));
#14480 = DIRECTION('',(0.999974850186,-7.092178509966E-03,0.));
#14481 = ADVANCED_FACE('',(#14482),#14493,.T.);
#14482 = FACE_BOUND('',#14483,.T.);
#14483 = EDGE_LOOP('',(#14484,#14485,#14486,#14487));
#14484 = ORIENTED_EDGE('',*,*,#14287,.F.);
#14485 = ORIENTED_EDGE('',*,*,#14471,.F.);
#14486 = ORIENTED_EDGE('',*,*,#14189,.T.);
#14487 = ORIENTED_EDGE('',*,*,#14488,.T.);
#14488 = EDGE_CURVE('',#14181,#14288,#14489,.T.);
#14489 = LINE('',#14490,#14491);
#14490 = CARTESIAN_POINT('',(-2.073199379233,2.852916307194,2.151));
#14491 = VECTOR('',#14492,1.);
#14492 = DIRECTION('',(-0.,-0.,-1.));
#14493 = PLANE('',#14494);
#14494 = AXIS2_PLACEMENT_3D('',#14495,#14496,#14497);
#14495 = CARTESIAN_POINT('',(-2.103323934644,2.937664405914,2.151));
#14496 = DIRECTION('',(0.942243120218,0.334929697702,-0.));
#14497 = DIRECTION('',(-0.334929697702,0.942243120218,0.));
#14498 = ADVANCED_FACE('',(#14499),#14510,.T.);
#14499 = FACE_BOUND('',#14500,.T.);
#14500 = EDGE_LOOP('',(#14501,#14502,#14503,#14504));
#14501 = ORIENTED_EDGE('',*,*,#14295,.F.);
#14502 = ORIENTED_EDGE('',*,*,#14488,.F.);
#14503 = ORIENTED_EDGE('',*,*,#14180,.T.);
#14504 = ORIENTED_EDGE('',*,*,#14505,.T.);
#14505 = EDGE_CURVE('',#14173,#14296,#14506,.T.);
#14506 = LINE('',#14507,#14508);
#14507 = CARTESIAN_POINT('',(-2.070129223184,2.838649490839,2.151));
#14508 = VECTOR('',#14509,1.);
#14509 = DIRECTION('',(-0.,-0.,-1.));
#14510 = B_SPLINE_SURFACE_WITH_KNOTS('',3,1,(
    (#14511,#14512)
    ,(#14513,#14514)
    ,(#14515,#14516)
    ,(#14517,#14518
    )),.UNSPECIFIED.,.F.,.F.,.F.,(4,4),(2,2),(1.,2.),(0.,1.),
  .PIECEWISE_BEZIER_KNOTS.);
#14511 = CARTESIAN_POINT('',(-2.073199379233,2.852916307194,2.151));
#14512 = CARTESIAN_POINT('',(-2.073199379233,2.852916307194,2.15));
#14513 = CARTESIAN_POINT('',(-2.072231544258,2.850102025983,2.151));
#14514 = CARTESIAN_POINT('',(-2.072231544258,2.850102025983,2.15));
#14515 = CARTESIAN_POINT('',(-2.071224996159,2.845415858884,2.151));
#14516 = CARTESIAN_POINT('',(-2.071224996159,2.845415858884,2.15));
#14517 = CARTESIAN_POINT('',(-2.070129223184,2.838649490839,2.151));
#14518 = CARTESIAN_POINT('',(-2.070129223184,2.838649490839,2.15));
#14519 = ADVANCED_FACE('',(#14520),#14531,.T.);
#14520 = FACE_BOUND('',#14521,.T.);
#14521 = EDGE_LOOP('',(#14522,#14523,#14524,#14525));
#14522 = ORIENTED_EDGE('',*,*,#14304,.F.);
#14523 = ORIENTED_EDGE('',*,*,#14505,.F.);
#14524 = ORIENTED_EDGE('',*,*,#14172,.T.);
#14525 = ORIENTED_EDGE('',*,*,#14526,.T.);
#14526 = EDGE_CURVE('',#14164,#14305,#14527,.T.);
#14527 = LINE('',#14528,#14529);
#14528 = CARTESIAN_POINT('',(-2.069505384123,2.838645066349,2.151));
#14529 = VECTOR('',#14530,1.);
#14530 = DIRECTION('',(-0.,-0.,-1.));
#14531 = PLANE('',#14532);
#14532 = AXIS2_PLACEMENT_3D('',#14533,#14534,#14535);
#14533 = CARTESIAN_POINT('',(-2.070129223184,2.838649490839,2.151));
#14534 = DIRECTION('',(7.092178509924E-03,0.999974850186,-0.));
#14535 = DIRECTION('',(-0.999974850186,7.092178509924E-03,0.));
#14536 = ADVANCED_FACE('',(#14537),#14548,.T.);
#14537 = FACE_BOUND('',#14538,.T.);
#14538 = EDGE_LOOP('',(#14539,#14540,#14541,#14542));
#14539 = ORIENTED_EDGE('',*,*,#14312,.F.);
#14540 = ORIENTED_EDGE('',*,*,#14526,.F.);
#14541 = ORIENTED_EDGE('',*,*,#14163,.T.);
#14542 = ORIENTED_EDGE('',*,*,#14543,.T.);
#14543 = EDGE_CURVE('',#14156,#14270,#14544,.T.);
#14544 = LINE('',#14545,#14546);
#14545 = CARTESIAN_POINT('',(-2.066077216632,2.852865794275,2.151));
#14546 = VECTOR('',#14547,1.);
#14547 = DIRECTION('',(-0.,-0.,-1.));
#14548 = B_SPLINE_SURFACE_WITH_KNOTS('',3,1,(
    (#14549,#14550)
    ,(#14551,#14552)
    ,(#14553,#14554)
    ,(#14555,#14556
    )),.UNSPECIFIED.,.F.,.F.,.F.,(4,4),(2,2),(3.,4.),(0.,1.),
  .PIECEWISE_BEZIER_KNOTS.);
#14549 = CARTESIAN_POINT('',(-2.069505384123,2.838645066349,2.151));
#14550 = CARTESIAN_POINT('',(-2.069505384123,2.838645066349,2.15));
#14551 = CARTESIAN_POINT('',(-2.068474131467,2.844772478331,2.151));
#14552 = CARTESIAN_POINT('',(-2.068474131467,2.844772478331,2.15));
#14553 = CARTESIAN_POINT('',(-2.067348492029,2.849547501601,2.151));
#14554 = CARTESIAN_POINT('',(-2.067348492029,2.849547501601,2.15));
#14555 = CARTESIAN_POINT('',(-2.066077216632,2.852865794275,2.151));
#14556 = CARTESIAN_POINT('',(-2.066077216632,2.852865794275,2.15));
#14557 = ADVANCED_FACE('',(#14558),#14564,.T.);
#14558 = FACE_BOUND('',#14559,.T.);
#14559 = EDGE_LOOP('',(#14560,#14561,#14562,#14563));
#14560 = ORIENTED_EDGE('',*,*,#14269,.F.);
#14561 = ORIENTED_EDGE('',*,*,#14543,.F.);
#14562 = ORIENTED_EDGE('',*,*,#14155,.T.);
#14563 = ORIENTED_EDGE('',*,*,#14464,.T.);
#14564 = PLANE('',#14565);
#14565 = AXIS2_PLACEMENT_3D('',#14566,#14567,#14568);
#14566 = CARTESIAN_POINT('',(-2.066077216632,2.852865794275,2.151));
#14567 = DIRECTION('',(-0.938529171975,0.345199932434,0.));
#14568 = DIRECTION('',(-0.345199932434,-0.938529171975,0.));
#14569 = MANIFOLD_SOLID_BREP('',#14570);
#14570 = CLOSED_SHELL('',(#14571,#14896,#15221,#15247,#15268,#15289,
    #15310,#15331,#15352,#15373,#15394,#15415,#15436,#15457,#15478,
    #15495,#15512,#15529,#15546,#15567,#15588,#15609,#15630,#15651,
    #15672,#15693,#15710,#15731,#15752,#15769,#15790,#15811,#15832,
    #15849,#15870,#15886,#15918));
#14571 = ADVANCED_FACE('',(#14572,#14866),#14891,.F.);
#14572 = FACE_BOUND('',#14573,.T.);
#14573 = EDGE_LOOP('',(#14574,#14585,#14594,#14603,#14612,#14621,#14630,
    #14639,#14648,#14657,#14666,#14675,#14684,#14693,#14701,#14709,
    #14717,#14726,#14735,#14744,#14753,#14762,#14771,#14780,#14789,
    #14798,#14807,#14815,#14824,#14833,#14842,#14850,#14859));
#14574 = ORIENTED_EDGE('',*,*,#14575,.T.);
#14575 = EDGE_CURVE('',#14576,#14578,#14580,.T.);
#14576 = VERTEX_POINT('',#14577);
#14577 = CARTESIAN_POINT('',(-0.924629172955,2.806174423341,2.151));
#14578 = VERTEX_POINT('',#14579);
#14579 = CARTESIAN_POINT('',(-0.782823507163,2.615739653145,2.151));
#14580 = B_SPLINE_CURVE_WITH_KNOTS('',3,(#14581,#14582,#14583,#14584),
  .UNSPECIFIED.,.F.,.F.,(4,4),(35.,36.),.PIECEWISE_BEZIER_KNOTS.);
#14581 = CARTESIAN_POINT('',(-0.924629172955,2.806174423341,2.151));
#14582 = CARTESIAN_POINT('',(-0.923798555771,2.719407175202,2.151));
#14583 = CARTESIAN_POINT('',(-0.865058065372,2.642351302629,2.151));
#14584 = CARTESIAN_POINT('',(-0.782823507163,2.615739653145,2.151));
#14585 = ORIENTED_EDGE('',*,*,#14586,.T.);
#14586 = EDGE_CURVE('',#14578,#14587,#14589,.T.);
#14587 = VERTEX_POINT('',#14588);
#14588 = CARTESIAN_POINT('',(-0.705552302411,2.500955757321,2.151));
#14589 = B_SPLINE_CURVE_WITH_KNOTS('',3,(#14590,#14591,#14592,#14593),
  .UNSPECIFIED.,.F.,.F.,(4,4),(0.,1.),.PIECEWISE_BEZIER_KNOTS.);
#14590 = CARTESIAN_POINT('',(-0.782823507163,2.615739653145,2.151));
#14591 = CARTESIAN_POINT('',(-0.767225726353,2.572248321984,2.151));
#14592 = CARTESIAN_POINT('',(-0.740029529366,2.533012804086,2.151));
#14593 = CARTESIAN_POINT('',(-0.705552302411,2.500955757321,2.151));
#14594 = ORIENTED_EDGE('',*,*,#14595,.T.);
#14595 = EDGE_CURVE('',#14587,#14596,#14598,.T.);
#14596 = VERTEX_POINT('',#14597);
#14597 = CARTESIAN_POINT('',(-0.509436285478,2.424371604435,2.151));
#14598 = B_SPLINE_CURVE_WITH_KNOTS('',3,(#14599,#14600,#14601,#14602),
  .UNSPECIFIED.,.F.,.F.,(4,4),(1.,2.),.PIECEWISE_BEZIER_KNOTS.);
#14599 = CARTESIAN_POINT('',(-0.705552302411,2.500955757321,2.151));
#14600 = CARTESIAN_POINT('',(-0.650944604483,2.452849678808,2.151));
#14601 = CARTESIAN_POINT('',(-0.581733825691,2.424884364392,2.151));
#14602 = CARTESIAN_POINT('',(-0.509436285478,2.424371604435,2.151));
#14603 = ORIENTED_EDGE('',*,*,#14604,.T.);
#14604 = EDGE_CURVE('',#14596,#14605,#14607,.T.);
#14605 = VERTEX_POINT('',#14606);
#14606 = CARTESIAN_POINT('',(-0.33552223619,2.479533063285,2.151));
#14607 = B_SPLINE_CURVE_WITH_KNOTS('',3,(#14608,#14609,#14610,#14611),
  .UNSPECIFIED.,.F.,.F.,(4,4),(2.,3.),.PIECEWISE_BEZIER_KNOTS.);
#14608 = CARTESIAN_POINT('',(-0.509436285478,2.424371604435,2.151));
#14609 = CARTESIAN_POINT('',(-0.445814455607,2.423920375712,2.151));
#14610 = CARTESIAN_POINT('',(-0.386386894331,2.443743223423,2.151));
#14611 = CARTESIAN_POINT('',(-0.33552223619,2.479533063285,2.151));
#14612 = ORIENTED_EDGE('',*,*,#14613,.T.);
#14613 = EDGE_CURVE('',#14605,#14614,#14616,.T.);
#14614 = VERTEX_POINT('',#14615);
#14615 = CARTESIAN_POINT('',(-0.271449177547,2.542703671327,2.151));
#14616 = B_SPLINE_CURVE_WITH_KNOTS('',3,(#14617,#14618,#14619,#14620),
  .UNSPECIFIED.,.F.,.F.,(4,4),(3.,4.),.PIECEWISE_BEZIER_KNOTS.);
#14617 = CARTESIAN_POINT('',(-0.33552223619,2.479533063285,2.151));
#14618 = CARTESIAN_POINT('',(-0.310817999067,2.496710138609,2.151));
#14619 = CARTESIAN_POINT('',(-0.290420865336,2.518255827923,2.151));
#14620 = CARTESIAN_POINT('',(-0.271449177547,2.542703671327,2.151));
#14621 = ORIENTED_EDGE('',*,*,#14622,.T.);
#14622 = EDGE_CURVE('',#14614,#14623,#14625,.T.);
#14623 = VERTEX_POINT('',#14624);
#14624 = CARTESIAN_POINT('',(-0.238212830459,2.539575902976,2.151));
#14625 = B_SPLINE_CURVE_WITH_KNOTS('',3,(#14626,#14627,#14628,#14629),
  .UNSPECIFIED.,.F.,.F.,(4,4),(4.,5.),.PIECEWISE_BEZIER_KNOTS.);
#14626 = CARTESIAN_POINT('',(-0.271449177547,2.542703671327,2.151));
#14627 = CARTESIAN_POINT('',(-0.259891837383,2.541175673493,2.151));
#14628 = CARTESIAN_POINT('',(-0.249780425862,2.53965794449,2.151));
#14629 = CARTESIAN_POINT('',(-0.238212830459,2.539575902976,2.151));
#14630 = ORIENTED_EDGE('',*,*,#14631,.T.);
#14631 = EDGE_CURVE('',#14623,#14632,#14634,.T.);
#14632 = VERTEX_POINT('',#14633);
#14633 = CARTESIAN_POINT('',(-7.143623839083E-02,2.607802196437,2.151));
#14634 = B_SPLINE_CURVE_WITH_KNOTS('',3,(#14635,#14636,#14637,#14638),
  .UNSPECIFIED.,.F.,.F.,(4,4),(5.,6.),.PIECEWISE_BEZIER_KNOTS.);
#14635 = CARTESIAN_POINT('',(-0.238212830459,2.539575902976,2.151));
#14636 = CARTESIAN_POINT('',(-0.176036943118,2.539134929393,2.151));
#14637 = CARTESIAN_POINT('',(-0.116578630051,2.5632956272,2.151));
#14638 = CARTESIAN_POINT('',(-7.143623839083E-02,2.607802196437,2.151));
#14639 = ORIENTED_EDGE('',*,*,#14640,.T.);
#14640 = EDGE_CURVE('',#14632,#14641,#14643,.T.);
#14641 = VERTEX_POINT('',#14642);
#14642 = CARTESIAN_POINT('',(-2.307419414587E-03,2.772158574184,2.151));
#14643 = B_SPLINE_CURVE_WITH_KNOTS('',3,(#14644,#14645,#14646,#14647),
  .UNSPECIFIED.,.F.,.F.,(4,4),(6.,7.),.PIECEWISE_BEZIER_KNOTS.);
#14644 = CARTESIAN_POINT('',(-7.143623839083E-02,2.607802196437,2.151));
#14645 = CARTESIAN_POINT('',(-2.775002046465E-02,2.650873050532,2.151));
#14646 = CARTESIAN_POINT('',(-2.748392899219E-03,2.709982700634,2.151));
#14647 = CARTESIAN_POINT('',(-2.307419414587E-03,2.772158574184,2.151));
#14648 = ORIENTED_EDGE('',*,*,#14649,.T.);
#14649 = EDGE_CURVE('',#14641,#14650,#14652,.T.);
#14650 = VERTEX_POINT('',#14651);
#14651 = CARTESIAN_POINT('',(-6.191953396488E-02,2.930197897099,2.151));
#14652 = B_SPLINE_CURVE_WITH_KNOTS('',3,(#14653,#14654,#14655,#14656),
  .UNSPECIFIED.,.F.,.F.,(4,4),(7.,8.),.PIECEWISE_BEZIER_KNOTS.);
#14653 = CARTESIAN_POINT('',(-2.307419414587E-03,2.772158574184,2.151));
#14654 = CARTESIAN_POINT('',(-1.897211449107E-03,2.829996606355,2.151));
#14655 = CARTESIAN_POINT('',(-2.318652058958E-02,2.886542537772,2.151));
#14656 = CARTESIAN_POINT('',(-6.191953396488E-02,2.930197897099,2.151));
#14657 = ORIENTED_EDGE('',*,*,#14658,.T.);
#14658 = EDGE_CURVE('',#14650,#14659,#14661,.T.);
#14659 = VERTEX_POINT('',#14660);
#14660 = CARTESIAN_POINT('',(-0.177103348825,3.000423940602,2.151));
#14661 = B_SPLINE_CURVE_WITH_KNOTS('',3,(#14662,#14663,#14664,#14665),
  .UNSPECIFIED.,.F.,.F.,(4,4),(8.,9.),.PIECEWISE_BEZIER_KNOTS.);
#14662 = CARTESIAN_POINT('',(-6.191953396488E-02,2.930197897099,2.151));
#14663 = CARTESIAN_POINT('',(-9.348432396414E-02,2.965126352826,2.151));
#14664 = CARTESIAN_POINT('',(-0.132360923682,2.988538434085,2.151));
#14665 = CARTESIAN_POINT('',(-0.177103348825,3.000423940602,2.151));
#14666 = ORIENTED_EDGE('',*,*,#14667,.T.);
#14667 = EDGE_CURVE('',#14659,#14668,#14670,.T.);
#14668 = VERTEX_POINT('',#14669);
#14669 = CARTESIAN_POINT('',(-0.313771335557,3.099722828276,2.151));
#14670 = B_SPLINE_CURVE_WITH_KNOTS('',3,(#14671,#14672,#14673,#14674),
  .UNSPECIFIED.,.F.,.F.,(4,4),(9.,10.),.PIECEWISE_BEZIER_KNOTS.);
#14671 = CARTESIAN_POINT('',(-0.177103348825,3.000423940602,2.151));
#14672 = CARTESIAN_POINT('',(-0.195490504073,3.058395290382,2.151));
#14673 = CARTESIAN_POINT('',(-0.250149478106,3.099271599358,2.151));
#14674 = CARTESIAN_POINT('',(-0.313771335557,3.099722828276,2.151));
#14675 = ORIENTED_EDGE('',*,*,#14676,.T.);
#14676 = EDGE_CURVE('',#14668,#14677,#14679,.T.);
#14677 = VERTEX_POINT('',#14678);
#14678 = CARTESIAN_POINT('',(-0.459391935898,2.956153267764,2.151));
#14679 = B_SPLINE_CURVE_WITH_KNOTS('',3,(#14680,#14681,#14682,#14683),
  .UNSPECIFIED.,.F.,.F.,(4,4),(10.,11.),.PIECEWISE_BEZIER_KNOTS.);
#14680 = CARTESIAN_POINT('',(-0.313771335557,3.099722828276,2.151));
#14681 = CARTESIAN_POINT('',(-0.393298629791,3.100286864229,2.151));
#14682 = CARTESIAN_POINT('',(-0.458827899945,3.035680561999,2.151));
#14683 = CARTESIAN_POINT('',(-0.459391935898,2.956153267764,2.151));
#14684 = ORIENTED_EDGE('',*,*,#14685,.T.);
#14685 = EDGE_CURVE('',#14677,#14686,#14688,.T.);
#14686 = VERTEX_POINT('',#14687);
#14687 = CARTESIAN_POINT('',(-0.459494487889,2.941693759721,2.151));
#14688 = B_SPLINE_CURVE_WITH_KNOTS('',3,(#14689,#14690,#14691,#14692),
  .UNSPECIFIED.,.F.,.F.,(4,4),(11.,12.),.PIECEWISE_BEZIER_KNOTS.);
#14689 = CARTESIAN_POINT('',(-0.459391935898,2.956153267764,2.151));
#14690 = CARTESIAN_POINT('',(-0.459422701417,2.951815426383,2.151));
#14691 = CARTESIAN_POINT('',(-0.459453466936,2.947477585001,2.151));
#14692 = CARTESIAN_POINT('',(-0.459494487889,2.941693759721,2.151));
#14693 = ORIENTED_EDGE('',*,*,#14694,.T.);
#14694 = EDGE_CURVE('',#14686,#14695,#14697,.T.);
#14695 = VERTEX_POINT('',#14696);
#14696 = CARTESIAN_POINT('',(-0.662686485183,2.8361291336,2.151));
#14697 = LINE('',#14698,#14699);
#14698 = CARTESIAN_POINT('',(-0.459494487889,2.941693759721,2.151));
#14699 = VECTOR('',#14700,1.);
#14700 = DIRECTION('',(-0.887386942263,-0.461025394856,0.));
#14701 = ORIENTED_EDGE('',*,*,#14702,.T.);
#14702 = EDGE_CURVE('',#14695,#14703,#14705,.T.);
#14703 = VERTEX_POINT('',#14704);
#14704 = CARTESIAN_POINT('',(-0.618405557985,2.75917581341,2.151));
#14705 = LINE('',#14706,#14707);
#14706 = CARTESIAN_POINT('',(-0.662686485183,2.8361291336,2.151));
#14707 = VECTOR('',#14708,1.);
#14708 = DIRECTION('',(0.498748469261,-0.866746770637,0.));
#14709 = ORIENTED_EDGE('',*,*,#14710,.T.);
#14710 = EDGE_CURVE('',#14703,#14711,#14713,.T.);
#14711 = VERTEX_POINT('',#14712);
#14712 = CARTESIAN_POINT('',(-0.42393029179,2.859018173063,2.151));
#14713 = LINE('',#14714,#14715);
#14714 = CARTESIAN_POINT('',(-0.618405557985,2.75917581341,2.151));
#14715 = VECTOR('',#14716,1.);
#14716 = DIRECTION('',(0.88961035806,0.456720276353,0.));
#14717 = ORIENTED_EDGE('',*,*,#14718,.T.);
#14718 = EDGE_CURVE('',#14711,#14719,#14721,.T.);
#14719 = VERTEX_POINT('',#14720);
#14720 = CARTESIAN_POINT('',(-0.315832658202,2.809086711299,2.151));
#14721 = B_SPLINE_CURVE_WITH_KNOTS('',3,(#14722,#14723,#14724,#14725),
  .UNSPECIFIED.,.F.,.F.,(4,4),(15.,16.),.PIECEWISE_BEZIER_KNOTS.);
#14722 = CARTESIAN_POINT('',(-0.42393029179,2.859018173063,2.151));
#14723 = CARTESIAN_POINT('',(-0.398118547566,2.828468607151,2.151));
#14724 = CARTESIAN_POINT('',(-0.35921118233,2.809394367273,2.151));
#14725 = CARTESIAN_POINT('',(-0.315832658202,2.809086711299,2.151));
#14726 = ORIENTED_EDGE('',*,*,#14727,.T.);
#14727 = EDGE_CURVE('',#14719,#14728,#14730,.T.);
#14728 = VERTEX_POINT('',#14729);
#14729 = CARTESIAN_POINT('',(-0.179236444935,2.903555481216,2.151));
#14730 = B_SPLINE_CURVE_WITH_KNOTS('',3,(#14731,#14732,#14733,#14734),
  .UNSPECIFIED.,.F.,.F.,(4,4),(16.,17.),.PIECEWISE_BEZIER_KNOTS.);
#14731 = CARTESIAN_POINT('',(-0.315832658202,2.809086711299,2.151));
#14732 = CARTESIAN_POINT('',(-0.253656757071,2.808645737619,2.151));
#14733 = CARTESIAN_POINT('',(-0.199869448363,2.848752906855,2.151));
#14734 = CARTESIAN_POINT('',(-0.179236444935,2.903555481216,2.151));
#14735 = ORIENTED_EDGE('',*,*,#14736,.T.);
#14736 = EDGE_CURVE('',#14728,#14737,#14739,.T.);
#14737 = VERTEX_POINT('',#14738);
#14738 = CARTESIAN_POINT('',(-9.342287507766E-02,2.769912684244,2.151));
#14739 = B_SPLINE_CURVE_WITH_KNOTS('',3,(#14740,#14741,#14742,#14743),
  .UNSPECIFIED.,.F.,.F.,(4,4),(17.,18.),.PIECEWISE_BEZIER_KNOTS.);
#14740 = CARTESIAN_POINT('',(-0.179236444935,2.903555481216,2.151));
#14741 = CARTESIAN_POINT('',(-0.128792250011,2.880061330863,2.151));
#14742 = CARTESIAN_POINT('',(-9.300241187393E-02,2.829196672735,2.151));
#14743 = CARTESIAN_POINT('',(-9.342287507766E-02,2.769912684244,2.151));
#14744 = ORIENTED_EDGE('',*,*,#14745,.T.);
#14745 = EDGE_CURVE('',#14737,#14746,#14748,.T.);
#14746 = VERTEX_POINT('',#14747);
#14747 = CARTESIAN_POINT('',(-0.239043475417,2.626343123732,2.151));
#14748 = B_SPLINE_CURVE_WITH_KNOTS('',3,(#14749,#14750,#14751,#14752),
  .UNSPECIFIED.,.F.,.F.,(4,4),(18.,19.),.PIECEWISE_BEZIER_KNOTS.);
#14749 = CARTESIAN_POINT('',(-9.342287507766E-02,2.769912684244,2.151));
#14750 = CARTESIAN_POINT('',(-9.398691103019E-02,2.690385390009,2.151));
#14751 = CARTESIAN_POINT('',(-0.159516181183,2.625779087779,2.151));
#14752 = CARTESIAN_POINT('',(-0.239043475417,2.626343123732,2.151));
#14753 = ORIENTED_EDGE('',*,*,#14754,.T.);
#14754 = EDGE_CURVE('',#14746,#14755,#14757,.T.);
#14755 = VERTEX_POINT('',#14756);
#14756 = CARTESIAN_POINT('',(-0.315525029025,2.648575911272,2.151));
#14757 = B_SPLINE_CURVE_WITH_KNOTS('',3,(#14758,#14759,#14760,#14761),
  .UNSPECIFIED.,.F.,.F.,(4,4),(19.,20.),.PIECEWISE_BEZIER_KNOTS.);
#14758 = CARTESIAN_POINT('',(-0.239043475417,2.626343123732,2.151));
#14759 = CARTESIAN_POINT('',(-0.266516535183,2.626537972476,2.151));
#14760 = CARTESIAN_POINT('',(-0.293928063715,2.635408531562,2.151));
#14761 = CARTESIAN_POINT('',(-0.315525029025,2.648575911272,2.151));
#14762 = ORIENTED_EDGE('',*,*,#14763,.T.);
#14763 = EDGE_CURVE('',#14755,#14764,#14766,.T.);
#14764 = VERTEX_POINT('',#14765);
#14765 = CARTESIAN_POINT('',(-0.510266902271,2.511138907734,2.151));
#14766 = B_SPLINE_CURVE_WITH_KNOTS('',3,(#14767,#14768,#14769,#14770),
  .UNSPECIFIED.,.F.,.F.,(4,4),(20.,21.),.PIECEWISE_BEZIER_KNOTS.);
#14767 = CARTESIAN_POINT('',(-0.315525029025,2.648575911272,2.151));
#14768 = CARTESIAN_POINT('',(-0.343572351815,2.567797592003,2.151));
#14769 = CARTESIAN_POINT('',(-0.419172012634,2.510492830266,2.151));
#14770 = CARTESIAN_POINT('',(-0.510266902271,2.511138907734,2.151));
#14771 = ORIENTED_EDGE('',*,*,#14772,.T.);
#14772 = EDGE_CURVE('',#14764,#14773,#14775,.T.);
#14773 = VERTEX_POINT('',#14774);
#14774 = CARTESIAN_POINT('',(-0.711418114976,2.693318486146,2.151));
#14775 = B_SPLINE_CURVE_WITH_KNOTS('',3,(#14776,#14777,#14778,#14779),
  .UNSPECIFIED.,.F.,.F.,(4,4),(21.,22.),.PIECEWISE_BEZIER_KNOTS.);
#14776 = CARTESIAN_POINT('',(-0.510266902271,2.511138907734,2.151));
#14777 = CARTESIAN_POINT('',(-0.61437537121,2.51187728215,2.151));
#14778 = CARTESIAN_POINT('',(-0.700568383513,2.592019888333,2.151));
#14779 = CARTESIAN_POINT('',(-0.711418114976,2.693318486146,2.151));
#14780 = ORIENTED_EDGE('',*,*,#14781,.T.);
#14781 = EDGE_CURVE('',#14773,#14782,#14784,.T.);
#14782 = VERTEX_POINT('',#14783);
#14783 = CARTESIAN_POINT('',(-0.722985710378,2.693400527661,2.151));
#14784 = B_SPLINE_CURVE_WITH_KNOTS('',3,(#14785,#14786,#14787,#14788),
  .UNSPECIFIED.,.F.,.F.,(4,4),(22.,23.),.PIECEWISE_BEZIER_KNOTS.);
#14785 = CARTESIAN_POINT('',(-0.711418114976,2.693318486146,2.151));
#14786 = CARTESIAN_POINT('',(-0.715755956357,2.693349251665,2.151));
#14787 = CARTESIAN_POINT('',(-0.718647868997,2.693369762142,2.151));
#14788 = CARTESIAN_POINT('',(-0.722985710378,2.693400527661,2.151));
#14789 = ORIENTED_EDGE('',*,*,#14790,.T.);
#14790 = EDGE_CURVE('',#14782,#14791,#14793,.T.);
#14791 = VERTEX_POINT('',#14792);
#14792 = CARTESIAN_POINT('',(-0.834969956625,2.806984584816,2.151));
#14793 = B_SPLINE_CURVE_WITH_KNOTS('',3,(#14794,#14795,#14796,#14797),
  .UNSPECIFIED.,.F.,.F.,(4,4),(23.,24.),.PIECEWISE_BEZIER_KNOTS.);
#14794 = CARTESIAN_POINT('',(-0.722985710378,2.693400527661,2.151));
#14795 = CARTESIAN_POINT('',(-0.78516158393,2.693841501145,2.151));
#14796 = CARTESIAN_POINT('',(-0.835410930109,2.744808711264,2.151));
#14797 = CARTESIAN_POINT('',(-0.834969956625,2.806984584816,2.151));
#14798 = ORIENTED_EDGE('',*,*,#14799,.T.);
#14799 = EDGE_CURVE('',#14791,#14800,#14802,.T.);
#14800 = VERTEX_POINT('',#14801);
#14801 = CARTESIAN_POINT('',(-0.730061582232,2.919030362101,2.151));
#14802 = B_SPLINE_CURVE_WITH_KNOTS('',3,(#14803,#14804,#14805,#14806),
  .UNSPECIFIED.,.F.,.F.,(4,4),(24.,25.),.PIECEWISE_BEZIER_KNOTS.);
#14803 = CARTESIAN_POINT('',(-0.834969956625,2.806984584816,2.151));
#14804 = CARTESIAN_POINT('',(-0.834549493421,2.866268573307,2.151));
#14805 = CARTESIAN_POINT('',(-0.78937636382,2.915112984118,2.151));
#14806 = CARTESIAN_POINT('',(-0.730061582232,2.919030362101,2.151));
#14807 = ORIENTED_EDGE('',*,*,#14808,.T.);
#14808 = EDGE_CURVE('',#14800,#14809,#14811,.T.);
#14809 = VERTEX_POINT('',#14810);
#14810 = CARTESIAN_POINT('',(-0.66499379604,2.918568878139,2.151));
#14811 = LINE('',#14812,#14813);
#14812 = CARTESIAN_POINT('',(-0.730061582232,2.919030362101,2.151));
#14813 = VECTOR('',#14814,1.);
#14814 = DIRECTION('',(0.999974850186,-7.092178509965E-03,0.));
#14815 = ORIENTED_EDGE('',*,*,#14816,.T.);
#14816 = EDGE_CURVE('',#14809,#14817,#14819,.T.);
#14817 = VERTEX_POINT('',#14818);
#14818 = CARTESIAN_POINT('',(-0.65632836832,2.917061418361,2.151));
#14819 = B_SPLINE_CURVE_WITH_KNOTS('',3,(#14820,#14821,#14822,#14823),
  .UNSPECIFIED.,.F.,.F.,(4,4),(26.,27.),.PIECEWISE_BEZIER_KNOTS.);
#14820 = CARTESIAN_POINT('',(-0.66499379604,2.918568878139,2.151));
#14821 = CARTESIAN_POINT('',(-0.6621018834,2.918548367663,2.151));
#14822 = CARTESIAN_POINT('',(-0.659220225802,2.917081928446,2.151));
#14823 = CARTESIAN_POINT('',(-0.65632836832,2.917061418361,2.151));
#14824 = ORIENTED_EDGE('',*,*,#14825,.T.);
#14825 = EDGE_CURVE('',#14817,#14826,#14828,.T.);
#14826 = VERTEX_POINT('',#14827);
#14827 = CARTESIAN_POINT('',(-0.611186004435,2.961567960212,2.151));
#14828 = B_SPLINE_CURVE_WITH_KNOTS('',3,(#14829,#14830,#14831,#14832),
  .UNSPECIFIED.,.F.,.F.,(4,4),(27.,28.),.PIECEWISE_BEZIER_KNOTS.);
#14829 = CARTESIAN_POINT('',(-0.65632836832,2.917061418361,2.151));
#14830 = CARTESIAN_POINT('',(-0.631747193616,2.916887079897,2.151));
#14831 = CARTESIAN_POINT('',(-0.611360342507,2.936986840667,2.151));
#14832 = CARTESIAN_POINT('',(-0.611186004435,2.961567960212,2.151));
#14833 = ORIENTED_EDGE('',*,*,#14834,.T.);
#14834 = EDGE_CURVE('',#14826,#14835,#14837,.T.);
#14835 = VERTEX_POINT('',#14836);
#14836 = CARTESIAN_POINT('',(-0.652800688805,3.006689814013,2.151));
#14837 = B_SPLINE_CURVE_WITH_KNOTS('',3,(#14838,#14839,#14840,#14841),
  .UNSPECIFIED.,.F.,.F.,(4,4),(28.,29.),.PIECEWISE_BEZIER_KNOTS.);
#14838 = CARTESIAN_POINT('',(-0.611186004435,2.961567960212,2.151));
#14839 = CARTESIAN_POINT('',(-0.611021921405,2.984703151017,2.151));
#14840 = CARTESIAN_POINT('',(-0.629675697884,3.005079801852,2.151));
#14841 = CARTESIAN_POINT('',(-0.652800688805,3.006689814013,2.151));
#14842 = ORIENTED_EDGE('',*,*,#14843,.T.);
#14843 = EDGE_CURVE('',#14835,#14844,#14846,.T.);
#14844 = VERTEX_POINT('',#14845);
#14845 = CARTESIAN_POINT('',(-0.738111753162,3.007294870528,2.151));
#14846 = LINE('',#14847,#14848);
#14847 = CARTESIAN_POINT('',(-0.652800688805,3.006689814013,2.151));
#14848 = VECTOR('',#14849,1.);
#14849 = DIRECTION('',(-0.999974850186,7.092178509963E-03,0.));
#14850 = ORIENTED_EDGE('',*,*,#14851,.T.);
#14851 = EDGE_CURVE('',#14844,#14852,#14854,.T.);
#14852 = VERTEX_POINT('',#14853);
#14853 = CARTESIAN_POINT('',(-0.870154738247,2.9431603073,2.151));
#14854 = B_SPLINE_CURVE_WITH_KNOTS('',3,(#14855,#14856,#14857,#14858),
  .UNSPECIFIED.,.F.,.F.,(4,4),(33.,34.),.PIECEWISE_BEZIER_KNOTS.);
#14855 = CARTESIAN_POINT('',(-0.738111753162,3.007294870528,2.151));
#14856 = CARTESIAN_POINT('',(-0.788750796829,3.003315961116,2.151));
#14857 = CARTESIAN_POINT('',(-0.835185317019,2.980508881603,2.151));
#14858 = CARTESIAN_POINT('',(-0.870154738247,2.9431603073,2.151));
#14859 = ORIENTED_EDGE('',*,*,#14860,.T.);
#14860 = EDGE_CURVE('',#14852,#14576,#14861,.T.);
#14861 = B_SPLINE_CURVE_WITH_KNOTS('',3,(#14862,#14863,#14864,#14865),
  .UNSPECIFIED.,.F.,.F.,(4,4),(34.,35.),.PIECEWISE_BEZIER_KNOTS.);
#14862 = CARTESIAN_POINT('',(-0.870154738247,2.9431603073,2.151));
#14863 = CARTESIAN_POINT('',(-0.905124214634,2.905811733389,2.151));
#14864 = CARTESIAN_POINT('',(-0.924270240985,2.856782701491,2.151));
#14865 = CARTESIAN_POINT('',(-0.924629172955,2.806174423341,2.151));
#14866 = FACE_BOUND('',#14867,.T.);
#14867 = EDGE_LOOP('',(#14868,#14882));
#14868 = ORIENTED_EDGE('',*,*,#14869,.F.);
#14869 = EDGE_CURVE('',#14870,#14872,#14874,.T.);
#14870 = VERTEX_POINT('',#14871);
#14871 = CARTESIAN_POINT('',(-0.312940690402,3.0129556351,2.151));
#14872 = VERTEX_POINT('',#14873);
#14873 = CARTESIAN_POINT('',(-0.313740596248,2.90017142824,2.151));
#14874 = B_SPLINE_CURVE_WITH_KNOTS('',3,(#14875,#14876,#14877,#14878,
    #14879,#14880,#14881),.UNSPECIFIED.,.F.,.F.,(4,3,4),(0.,1.,2.),
  .PIECEWISE_BEZIER_KNOTS.);
#14875 = CARTESIAN_POINT('',(-0.312940690402,3.0129556351,2.151));
#14876 = CARTESIAN_POINT('',(-0.344751591548,3.013181249363,2.151));
#14877 = CARTESIAN_POINT('',(-0.36951736015,2.987328429223,2.151));
#14878 = CARTESIAN_POINT('',(-0.369732719176,2.956963484397,2.151));
#14879 = CARTESIAN_POINT('',(-0.369958333635,2.925152555672,2.151));
#14880 = CARTESIAN_POINT('',(-0.344105568654,2.900386787461,2.151));
#14881 = CARTESIAN_POINT('',(-0.313740596248,2.90017142824,2.151));
#14882 = ORIENTED_EDGE('',*,*,#14883,.F.);
#14883 = EDGE_CURVE('',#14872,#14870,#14884,.T.);
#14884 = B_SPLINE_CURVE_WITH_KNOTS('',3,(#14885,#14886,#14887,#14888,
    #14889,#14890),.UNSPECIFIED.,.F.,.F.,(4,2,4),(2.,3.,4.),
  .UNSPECIFIED.);
#14885 = CARTESIAN_POINT('',(-0.313740596248,2.90017142824,2.151));
#14886 = CARTESIAN_POINT('',(-0.283375623843,2.899956069019,2.151));
#14887 = CARTESIAN_POINT('',(-0.257174181934,2.924352650217,2.151));
#14888 = CARTESIAN_POINT('',(-0.256722953016,2.987974507668,2.151));
#14889 = CARTESIAN_POINT('',(-0.282575717998,3.012740275879,2.151));
#14890 = CARTESIAN_POINT('',(-0.312940690402,3.0129556351,2.151));
#14891 = PLANE('',#14892);
#14892 = AXIS2_PLACEMENT_3D('',#14893,#14894,#14895);
#14893 = CARTESIAN_POINT('',(-0.884252817943,2.688398688747,2.151));
#14894 = DIRECTION('',(0.,0.,-1.));
#14895 = DIRECTION('',(-1.,0.,-0.));
#14896 = ADVANCED_FACE('',(#14897,#15191),#15216,.T.);
#14897 = FACE_BOUND('',#14898,.T.);
#14898 = EDGE_LOOP('',(#14899,#14910,#14919,#14928,#14936,#14945,#14954,
    #14963,#14971,#14980,#14989,#14998,#15007,#15016,#15025,#15034,
    #15043,#15052,#15061,#15069,#15077,#15085,#15094,#15103,#15112,
    #15121,#15130,#15139,#15148,#15157,#15166,#15175,#15184));
#14899 = ORIENTED_EDGE('',*,*,#14900,.F.);
#14900 = EDGE_CURVE('',#14901,#14903,#14905,.T.);
#14901 = VERTEX_POINT('',#14902);
#14902 = CARTESIAN_POINT('',(-0.924629172955,2.806174423341,2.15));
#14903 = VERTEX_POINT('',#14904);
#14904 = CARTESIAN_POINT('',(-0.782823507163,2.615739653145,2.15));
#14905 = B_SPLINE_CURVE_WITH_KNOTS('',3,(#14906,#14907,#14908,#14909),
  .UNSPECIFIED.,.F.,.F.,(4,4),(35.,36.),.PIECEWISE_BEZIER_KNOTS.);
#14906 = CARTESIAN_POINT('',(-0.924629172955,2.806174423341,2.15));
#14907 = CARTESIAN_POINT('',(-0.923798555771,2.719407175202,2.15));
#14908 = CARTESIAN_POINT('',(-0.865058065372,2.642351302629,2.15));
#14909 = CARTESIAN_POINT('',(-0.782823507163,2.615739653145,2.15));
#14910 = ORIENTED_EDGE('',*,*,#14911,.F.);
#14911 = EDGE_CURVE('',#14912,#14901,#14914,.T.);
#14912 = VERTEX_POINT('',#14913);
#14913 = CARTESIAN_POINT('',(-0.870154738247,2.9431603073,2.15));
#14914 = B_SPLINE_CURVE_WITH_KNOTS('',3,(#14915,#14916,#14917,#14918),
  .UNSPECIFIED.,.F.,.F.,(4,4),(34.,35.),.PIECEWISE_BEZIER_KNOTS.);
#14915 = CARTESIAN_POINT('',(-0.870154738247,2.9431603073,2.15));
#14916 = CARTESIAN_POINT('',(-0.905124214634,2.905811733389,2.15));
#14917 = CARTESIAN_POINT('',(-0.924270240985,2.856782701491,2.15));
#14918 = CARTESIAN_POINT('',(-0.924629172955,2.806174423341,2.15));
#14919 = ORIENTED_EDGE('',*,*,#14920,.F.);
#14920 = EDGE_CURVE('',#14921,#14912,#14923,.T.);
#14921 = VERTEX_POINT('',#14922);
#14922 = CARTESIAN_POINT('',(-0.738111753162,3.007294870528,2.15));
#14923 = B_SPLINE_CURVE_WITH_KNOTS('',3,(#14924,#14925,#14926,#14927),
  .UNSPECIFIED.,.F.,.F.,(4,4),(33.,34.),.PIECEWISE_BEZIER_KNOTS.);
#14924 = CARTESIAN_POINT('',(-0.738111753162,3.007294870528,2.15));
#14925 = CARTESIAN_POINT('',(-0.788750796829,3.003315961116,2.15));
#14926 = CARTESIAN_POINT('',(-0.835185317019,2.980508881603,2.15));
#14927 = CARTESIAN_POINT('',(-0.870154738247,2.9431603073,2.15));
#14928 = ORIENTED_EDGE('',*,*,#14929,.F.);
#14929 = EDGE_CURVE('',#14930,#14921,#14932,.T.);
#14930 = VERTEX_POINT('',#14931);
#14931 = CARTESIAN_POINT('',(-0.652800688805,3.006689814013,2.15));
#14932 = LINE('',#14933,#14934);
#14933 = CARTESIAN_POINT('',(-0.73377391178,3.007264105009,2.15));
#14934 = VECTOR('',#14935,1.);
#14935 = DIRECTION('',(-0.999974850186,7.092178509999E-03,0.));
#14936 = ORIENTED_EDGE('',*,*,#14937,.F.);
#14937 = EDGE_CURVE('',#14938,#14930,#14940,.T.);
#14938 = VERTEX_POINT('',#14939);
#14939 = CARTESIAN_POINT('',(-0.611186004435,2.961567960212,2.15));
#14940 = B_SPLINE_CURVE_WITH_KNOTS('',3,(#14941,#14942,#14943,#14944),
  .UNSPECIFIED.,.F.,.F.,(4,4),(28.,29.),.PIECEWISE_BEZIER_KNOTS.);
#14941 = CARTESIAN_POINT('',(-0.611186004435,2.961567960212,2.15));
#14942 = CARTESIAN_POINT('',(-0.611021921405,2.984703151017,2.15));
#14943 = CARTESIAN_POINT('',(-0.629675697884,3.005079801852,2.15));
#14944 = CARTESIAN_POINT('',(-0.652800688805,3.006689814013,2.15));
#14945 = ORIENTED_EDGE('',*,*,#14946,.F.);
#14946 = EDGE_CURVE('',#14947,#14938,#14949,.T.);
#14947 = VERTEX_POINT('',#14948);
#14948 = CARTESIAN_POINT('',(-0.65632836832,2.917061418361,2.15));
#14949 = B_SPLINE_CURVE_WITH_KNOTS('',3,(#14950,#14951,#14952,#14953),
  .UNSPECIFIED.,.F.,.F.,(4,4),(27.,28.),.PIECEWISE_BEZIER_KNOTS.);
#14950 = CARTESIAN_POINT('',(-0.65632836832,2.917061418361,2.15));
#14951 = CARTESIAN_POINT('',(-0.631747193616,2.916887079897,2.15));
#14952 = CARTESIAN_POINT('',(-0.611360342507,2.936986840667,2.15));
#14953 = CARTESIAN_POINT('',(-0.611186004435,2.961567960212,2.15));
#14954 = ORIENTED_EDGE('',*,*,#14955,.F.);
#14955 = EDGE_CURVE('',#14956,#14947,#14958,.T.);
#14956 = VERTEX_POINT('',#14957);
#14957 = CARTESIAN_POINT('',(-0.66499379604,2.918568878139,2.15));
#14958 = B_SPLINE_CURVE_WITH_KNOTS('',3,(#14959,#14960,#14961,#14962),
  .UNSPECIFIED.,.F.,.F.,(4,4),(26.,27.),.PIECEWISE_BEZIER_KNOTS.);
#14959 = CARTESIAN_POINT('',(-0.66499379604,2.918568878139,2.15));
#14960 = CARTESIAN_POINT('',(-0.6621018834,2.918548367663,2.15));
#14961 = CARTESIAN_POINT('',(-0.659220225802,2.917081928446,2.15));
#14962 = CARTESIAN_POINT('',(-0.65632836832,2.917061418361,2.15));
#14963 = ORIENTED_EDGE('',*,*,#14964,.F.);
#14964 = EDGE_CURVE('',#14965,#14956,#14967,.T.);
#14965 = VERTEX_POINT('',#14966);
#14966 = CARTESIAN_POINT('',(-0.730061582232,2.919030362101,2.15));
#14967 = LINE('',#14968,#14969);
#14968 = CARTESIAN_POINT('',(-0.730061582232,2.919030362101,2.15));
#14969 = VECTOR('',#14970,1.);
#14970 = DIRECTION('',(0.999974850186,-7.092178509965E-03,0.));
#14971 = ORIENTED_EDGE('',*,*,#14972,.F.);
#14972 = EDGE_CURVE('',#14973,#14965,#14975,.T.);
#14973 = VERTEX_POINT('',#14974);
#14974 = CARTESIAN_POINT('',(-0.834969956625,2.806984584816,2.15));
#14975 = B_SPLINE_CURVE_WITH_KNOTS('',3,(#14976,#14977,#14978,#14979),
  .UNSPECIFIED.,.F.,.F.,(4,4),(24.,25.),.PIECEWISE_BEZIER_KNOTS.);
#14976 = CARTESIAN_POINT('',(-0.834969956625,2.806984584816,2.15));
#14977 = CARTESIAN_POINT('',(-0.834549493421,2.866268573307,2.15));
#14978 = CARTESIAN_POINT('',(-0.78937636382,2.915112984118,2.15));
#14979 = CARTESIAN_POINT('',(-0.730061582232,2.919030362101,2.15));
#14980 = ORIENTED_EDGE('',*,*,#14981,.F.);
#14981 = EDGE_CURVE('',#14982,#14973,#14984,.T.);
#14982 = VERTEX_POINT('',#14983);
#14983 = CARTESIAN_POINT('',(-0.722985710378,2.693400527661,2.15));
#14984 = B_SPLINE_CURVE_WITH_KNOTS('',3,(#14985,#14986,#14987,#14988),
  .UNSPECIFIED.,.F.,.F.,(4,4),(23.,24.),.PIECEWISE_BEZIER_KNOTS.);
#14985 = CARTESIAN_POINT('',(-0.722985710378,2.693400527661,2.15));
#14986 = CARTESIAN_POINT('',(-0.78516158393,2.693841501145,2.15));
#14987 = CARTESIAN_POINT('',(-0.835410930109,2.744808711264,2.15));
#14988 = CARTESIAN_POINT('',(-0.834969956625,2.806984584816,2.15));
#14989 = ORIENTED_EDGE('',*,*,#14990,.F.);
#14990 = EDGE_CURVE('',#14991,#14982,#14993,.T.);
#14991 = VERTEX_POINT('',#14992);
#14992 = CARTESIAN_POINT('',(-0.711418114976,2.693318486146,2.15));
#14993 = B_SPLINE_CURVE_WITH_KNOTS('',3,(#14994,#14995,#14996,#14997),
  .UNSPECIFIED.,.F.,.F.,(4,4),(22.,23.),.PIECEWISE_BEZIER_KNOTS.);
#14994 = CARTESIAN_POINT('',(-0.711418114976,2.693318486146,2.15));
#14995 = CARTESIAN_POINT('',(-0.715755956357,2.693349251665,2.15));
#14996 = CARTESIAN_POINT('',(-0.718647868997,2.693369762142,2.15));
#14997 = CARTESIAN_POINT('',(-0.722985710378,2.693400527661,2.15));
#14998 = ORIENTED_EDGE('',*,*,#14999,.F.);
#14999 = EDGE_CURVE('',#15000,#14991,#15002,.T.);
#15000 = VERTEX_POINT('',#15001);
#15001 = CARTESIAN_POINT('',(-0.510266902271,2.511138907734,2.15));
#15002 = B_SPLINE_CURVE_WITH_KNOTS('',3,(#15003,#15004,#15005,#15006),
  .UNSPECIFIED.,.F.,.F.,(4,4),(21.,22.),.PIECEWISE_BEZIER_KNOTS.);
#15003 = CARTESIAN_POINT('',(-0.510266902271,2.511138907734,2.15));
#15004 = CARTESIAN_POINT('',(-0.61437537121,2.51187728215,2.15));
#15005 = CARTESIAN_POINT('',(-0.700568383513,2.592019888333,2.15));
#15006 = CARTESIAN_POINT('',(-0.711418114976,2.693318486146,2.15));
#15007 = ORIENTED_EDGE('',*,*,#15008,.F.);
#15008 = EDGE_CURVE('',#15009,#15000,#15011,.T.);
#15009 = VERTEX_POINT('',#15010);
#15010 = CARTESIAN_POINT('',(-0.315525029025,2.648575911272,2.15));
#15011 = B_SPLINE_CURVE_WITH_KNOTS('',3,(#15012,#15013,#15014,#15015),
  .UNSPECIFIED.,.F.,.F.,(4,4),(20.,21.),.PIECEWISE_BEZIER_KNOTS.);
#15012 = CARTESIAN_POINT('',(-0.315525029025,2.648575911272,2.15));
#15013 = CARTESIAN_POINT('',(-0.343572351815,2.567797592003,2.15));
#15014 = CARTESIAN_POINT('',(-0.419172012634,2.510492830266,2.15));
#15015 = CARTESIAN_POINT('',(-0.510266902271,2.511138907734,2.15));
#15016 = ORIENTED_EDGE('',*,*,#15017,.F.);
#15017 = EDGE_CURVE('',#15018,#15009,#15020,.T.);
#15018 = VERTEX_POINT('',#15019);
#15019 = CARTESIAN_POINT('',(-0.239043475417,2.626343123732,2.15));
#15020 = B_SPLINE_CURVE_WITH_KNOTS('',3,(#15021,#15022,#15023,#15024),
  .UNSPECIFIED.,.F.,.F.,(4,4),(19.,20.),.PIECEWISE_BEZIER_KNOTS.);
#15021 = CARTESIAN_POINT('',(-0.239043475417,2.626343123732,2.15));
#15022 = CARTESIAN_POINT('',(-0.266516535183,2.626537972476,2.15));
#15023 = CARTESIAN_POINT('',(-0.293928063715,2.635408531562,2.15));
#15024 = CARTESIAN_POINT('',(-0.315525029025,2.648575911272,2.15));
#15025 = ORIENTED_EDGE('',*,*,#15026,.F.);
#15026 = EDGE_CURVE('',#15027,#15018,#15029,.T.);
#15027 = VERTEX_POINT('',#15028);
#15028 = CARTESIAN_POINT('',(-9.342287507766E-02,2.769912684244,2.15));
#15029 = B_SPLINE_CURVE_WITH_KNOTS('',3,(#15030,#15031,#15032,#15033),
  .UNSPECIFIED.,.F.,.F.,(4,4),(18.,19.),.PIECEWISE_BEZIER_KNOTS.);
#15030 = CARTESIAN_POINT('',(-9.342287507766E-02,2.769912684244,2.15));
#15031 = CARTESIAN_POINT('',(-9.398691103019E-02,2.690385390009,2.15));
#15032 = CARTESIAN_POINT('',(-0.159516181183,2.625779087779,2.15));
#15033 = CARTESIAN_POINT('',(-0.239043475417,2.626343123732,2.15));
#15034 = ORIENTED_EDGE('',*,*,#15035,.F.);
#15035 = EDGE_CURVE('',#15036,#15027,#15038,.T.);
#15036 = VERTEX_POINT('',#15037);
#15037 = CARTESIAN_POINT('',(-0.179236444935,2.903555481216,2.15));
#15038 = B_SPLINE_CURVE_WITH_KNOTS('',3,(#15039,#15040,#15041,#15042),
  .UNSPECIFIED.,.F.,.F.,(4,4),(17.,18.),.PIECEWISE_BEZIER_KNOTS.);
#15039 = CARTESIAN_POINT('',(-0.179236444935,2.903555481216,2.15));
#15040 = CARTESIAN_POINT('',(-0.128792250011,2.880061330863,2.15));
#15041 = CARTESIAN_POINT('',(-9.300241187393E-02,2.829196672735,2.15));
#15042 = CARTESIAN_POINT('',(-9.342287507766E-02,2.769912684244,2.15));
#15043 = ORIENTED_EDGE('',*,*,#15044,.F.);
#15044 = EDGE_CURVE('',#15045,#15036,#15047,.T.);
#15045 = VERTEX_POINT('',#15046);
#15046 = CARTESIAN_POINT('',(-0.315832658202,2.809086711299,2.15));
#15047 = B_SPLINE_CURVE_WITH_KNOTS('',3,(#15048,#15049,#15050,#15051),
  .UNSPECIFIED.,.F.,.F.,(4,4),(16.,17.),.PIECEWISE_BEZIER_KNOTS.);
#15048 = CARTESIAN_POINT('',(-0.315832658202,2.809086711299,2.15));
#15049 = CARTESIAN_POINT('',(-0.253656757071,2.808645737619,2.15));
#15050 = CARTESIAN_POINT('',(-0.199869448363,2.848752906855,2.15));
#15051 = CARTESIAN_POINT('',(-0.179236444935,2.903555481216,2.15));
#15052 = ORIENTED_EDGE('',*,*,#15053,.F.);
#15053 = EDGE_CURVE('',#15054,#15045,#15056,.T.);
#15054 = VERTEX_POINT('',#15055);
#15055 = CARTESIAN_POINT('',(-0.42393029179,2.859018173063,2.15));
#15056 = B_SPLINE_CURVE_WITH_KNOTS('',3,(#15057,#15058,#15059,#15060),
  .UNSPECIFIED.,.F.,.F.,(4,4),(15.,16.),.PIECEWISE_BEZIER_KNOTS.);
#15057 = CARTESIAN_POINT('',(-0.42393029179,2.859018173063,2.15));
#15058 = CARTESIAN_POINT('',(-0.398118547566,2.828468607151,2.15));
#15059 = CARTESIAN_POINT('',(-0.35921118233,2.809394367273,2.15));
#15060 = CARTESIAN_POINT('',(-0.315832658202,2.809086711299,2.15));
#15061 = ORIENTED_EDGE('',*,*,#15062,.F.);
#15062 = EDGE_CURVE('',#15063,#15054,#15065,.T.);
#15063 = VERTEX_POINT('',#15064);
#15064 = CARTESIAN_POINT('',(-0.618405557985,2.75917581341,2.15));
#15065 = LINE('',#15066,#15067);
#15066 = CARTESIAN_POINT('',(-0.618405557985,2.75917581341,2.15));
#15067 = VECTOR('',#15068,1.);
#15068 = DIRECTION('',(0.88961035806,0.456720276353,0.));
#15069 = ORIENTED_EDGE('',*,*,#15070,.F.);
#15070 = EDGE_CURVE('',#15071,#15063,#15073,.T.);
#15071 = VERTEX_POINT('',#15072);
#15072 = CARTESIAN_POINT('',(-0.662686485183,2.8361291336,2.15));
#15073 = LINE('',#15074,#15075);
#15074 = CARTESIAN_POINT('',(-0.662686485183,2.8361291336,2.15));
#15075 = VECTOR('',#15076,1.);
#15076 = DIRECTION('',(0.498748469261,-0.866746770637,0.));
#15077 = ORIENTED_EDGE('',*,*,#15078,.F.);
#15078 = EDGE_CURVE('',#15079,#15071,#15081,.T.);
#15079 = VERTEX_POINT('',#15080);
#15080 = CARTESIAN_POINT('',(-0.459494487889,2.941693759721,2.15));
#15081 = LINE('',#15082,#15083);
#15082 = CARTESIAN_POINT('',(-0.459494487889,2.941693759721,2.15));
#15083 = VECTOR('',#15084,1.);
#15084 = DIRECTION('',(-0.887386942263,-0.461025394856,0.));
#15085 = ORIENTED_EDGE('',*,*,#15086,.F.);
#15086 = EDGE_CURVE('',#15087,#15079,#15089,.T.);
#15087 = VERTEX_POINT('',#15088);
#15088 = CARTESIAN_POINT('',(-0.459391935898,2.956153267764,2.15));
#15089 = B_SPLINE_CURVE_WITH_KNOTS('',3,(#15090,#15091,#15092,#15093),
  .UNSPECIFIED.,.F.,.F.,(4,4),(11.,12.),.PIECEWISE_BEZIER_KNOTS.);
#15090 = CARTESIAN_POINT('',(-0.459391935898,2.956153267764,2.15));
#15091 = CARTESIAN_POINT('',(-0.459422701417,2.951815426383,2.15));
#15092 = CARTESIAN_POINT('',(-0.459453466936,2.947477585001,2.15));
#15093 = CARTESIAN_POINT('',(-0.459494487889,2.941693759721,2.15));
#15094 = ORIENTED_EDGE('',*,*,#15095,.F.);
#15095 = EDGE_CURVE('',#15096,#15087,#15098,.T.);
#15096 = VERTEX_POINT('',#15097);
#15097 = CARTESIAN_POINT('',(-0.313771335557,3.099722828276,2.15));
#15098 = B_SPLINE_CURVE_WITH_KNOTS('',3,(#15099,#15100,#15101,#15102),
  .UNSPECIFIED.,.F.,.F.,(4,4),(10.,11.),.PIECEWISE_BEZIER_KNOTS.);
#15099 = CARTESIAN_POINT('',(-0.313771335557,3.099722828276,2.15));
#15100 = CARTESIAN_POINT('',(-0.393298629791,3.100286864229,2.15));
#15101 = CARTESIAN_POINT('',(-0.458827899945,3.035680561999,2.15));
#15102 = CARTESIAN_POINT('',(-0.459391935898,2.956153267764,2.15));
#15103 = ORIENTED_EDGE('',*,*,#15104,.F.);
#15104 = EDGE_CURVE('',#15105,#15096,#15107,.T.);
#15105 = VERTEX_POINT('',#15106);
#15106 = CARTESIAN_POINT('',(-0.177103348825,3.000423940602,2.15));
#15107 = B_SPLINE_CURVE_WITH_KNOTS('',3,(#15108,#15109,#15110,#15111),
  .UNSPECIFIED.,.F.,.F.,(4,4),(9.,10.),.PIECEWISE_BEZIER_KNOTS.);
#15108 = CARTESIAN_POINT('',(-0.177103348825,3.000423940602,2.15));
#15109 = CARTESIAN_POINT('',(-0.195490504073,3.058395290382,2.15));
#15110 = CARTESIAN_POINT('',(-0.250149478106,3.099271599358,2.15));
#15111 = CARTESIAN_POINT('',(-0.313771335557,3.099722828276,2.15));
#15112 = ORIENTED_EDGE('',*,*,#15113,.F.);
#15113 = EDGE_CURVE('',#15114,#15105,#15116,.T.);
#15114 = VERTEX_POINT('',#15115);
#15115 = CARTESIAN_POINT('',(-6.191953396488E-02,2.930197897099,2.15));
#15116 = B_SPLINE_CURVE_WITH_KNOTS('',3,(#15117,#15118,#15119,#15120),
  .UNSPECIFIED.,.F.,.F.,(4,4),(8.,9.),.PIECEWISE_BEZIER_KNOTS.);
#15117 = CARTESIAN_POINT('',(-6.191953396488E-02,2.930197897099,2.15));
#15118 = CARTESIAN_POINT('',(-9.348432396414E-02,2.965126352826,2.15));
#15119 = CARTESIAN_POINT('',(-0.132360923682,2.988538434085,2.15));
#15120 = CARTESIAN_POINT('',(-0.177103348825,3.000423940602,2.15));
#15121 = ORIENTED_EDGE('',*,*,#15122,.F.);
#15122 = EDGE_CURVE('',#15123,#15114,#15125,.T.);
#15123 = VERTEX_POINT('',#15124);
#15124 = CARTESIAN_POINT('',(-2.307419414587E-03,2.772158574184,2.15));
#15125 = B_SPLINE_CURVE_WITH_KNOTS('',3,(#15126,#15127,#15128,#15129),
  .UNSPECIFIED.,.F.,.F.,(4,4),(7.,8.),.PIECEWISE_BEZIER_KNOTS.);
#15126 = CARTESIAN_POINT('',(-2.307419414587E-03,2.772158574184,2.15));
#15127 = CARTESIAN_POINT('',(-1.897211449107E-03,2.829996606355,2.15));
#15128 = CARTESIAN_POINT('',(-2.318652058958E-02,2.886542537772,2.15));
#15129 = CARTESIAN_POINT('',(-6.191953396488E-02,2.930197897099,2.15));
#15130 = ORIENTED_EDGE('',*,*,#15131,.F.);
#15131 = EDGE_CURVE('',#15132,#15123,#15134,.T.);
#15132 = VERTEX_POINT('',#15133);
#15133 = CARTESIAN_POINT('',(-7.143623839083E-02,2.607802196437,2.15));
#15134 = B_SPLINE_CURVE_WITH_KNOTS('',3,(#15135,#15136,#15137,#15138),
  .UNSPECIFIED.,.F.,.F.,(4,4),(6.,7.),.PIECEWISE_BEZIER_KNOTS.);
#15135 = CARTESIAN_POINT('',(-7.143623839083E-02,2.607802196437,2.15));
#15136 = CARTESIAN_POINT('',(-2.775002046465E-02,2.650873050532,2.15));
#15137 = CARTESIAN_POINT('',(-2.748392899219E-03,2.709982700634,2.15));
#15138 = CARTESIAN_POINT('',(-2.307419414587E-03,2.772158574184,2.15));
#15139 = ORIENTED_EDGE('',*,*,#15140,.F.);
#15140 = EDGE_CURVE('',#15141,#15132,#15143,.T.);
#15141 = VERTEX_POINT('',#15142);
#15142 = CARTESIAN_POINT('',(-0.238212830459,2.539575902976,2.15));
#15143 = B_SPLINE_CURVE_WITH_KNOTS('',3,(#15144,#15145,#15146,#15147),
  .UNSPECIFIED.,.F.,.F.,(4,4),(5.,6.),.PIECEWISE_BEZIER_KNOTS.);
#15144 = CARTESIAN_POINT('',(-0.238212830459,2.539575902976,2.15));
#15145 = CARTESIAN_POINT('',(-0.176036943118,2.539134929393,2.15));
#15146 = CARTESIAN_POINT('',(-0.116578630051,2.5632956272,2.15));
#15147 = CARTESIAN_POINT('',(-7.143623839083E-02,2.607802196437,2.15));
#15148 = ORIENTED_EDGE('',*,*,#15149,.F.);
#15149 = EDGE_CURVE('',#15150,#15141,#15152,.T.);
#15150 = VERTEX_POINT('',#15151);
#15151 = CARTESIAN_POINT('',(-0.271449177547,2.542703671327,2.15));
#15152 = B_SPLINE_CURVE_WITH_KNOTS('',3,(#15153,#15154,#15155,#15156),
  .UNSPECIFIED.,.F.,.F.,(4,4),(4.,5.),.PIECEWISE_BEZIER_KNOTS.);
#15153 = CARTESIAN_POINT('',(-0.271449177547,2.542703671327,2.15));
#15154 = CARTESIAN_POINT('',(-0.259891837383,2.541175673493,2.15));
#15155 = CARTESIAN_POINT('',(-0.249780425862,2.53965794449,2.15));
#15156 = CARTESIAN_POINT('',(-0.238212830459,2.539575902976,2.15));
#15157 = ORIENTED_EDGE('',*,*,#15158,.F.);
#15158 = EDGE_CURVE('',#15159,#15150,#15161,.T.);
#15159 = VERTEX_POINT('',#15160);
#15160 = CARTESIAN_POINT('',(-0.33552223619,2.479533063285,2.15));
#15161 = B_SPLINE_CURVE_WITH_KNOTS('',3,(#15162,#15163,#15164,#15165),
  .UNSPECIFIED.,.F.,.F.,(4,4),(3.,4.),.PIECEWISE_BEZIER_KNOTS.);
#15162 = CARTESIAN_POINT('',(-0.33552223619,2.479533063285,2.15));
#15163 = CARTESIAN_POINT('',(-0.310817999067,2.496710138609,2.15));
#15164 = CARTESIAN_POINT('',(-0.290420865336,2.518255827923,2.15));
#15165 = CARTESIAN_POINT('',(-0.271449177547,2.542703671327,2.15));
#15166 = ORIENTED_EDGE('',*,*,#15167,.F.);
#15167 = EDGE_CURVE('',#15168,#15159,#15170,.T.);
#15168 = VERTEX_POINT('',#15169);
#15169 = CARTESIAN_POINT('',(-0.509436285478,2.424371604435,2.15));
#15170 = B_SPLINE_CURVE_WITH_KNOTS('',3,(#15171,#15172,#15173,#15174),
  .UNSPECIFIED.,.F.,.F.,(4,4),(2.,3.),.PIECEWISE_BEZIER_KNOTS.);
#15171 = CARTESIAN_POINT('',(-0.509436285478,2.424371604435,2.15));
#15172 = CARTESIAN_POINT('',(-0.445814455607,2.423920375712,2.15));
#15173 = CARTESIAN_POINT('',(-0.386386894331,2.443743223423,2.15));
#15174 = CARTESIAN_POINT('',(-0.33552223619,2.479533063285,2.15));
#15175 = ORIENTED_EDGE('',*,*,#15176,.F.);
#15176 = EDGE_CURVE('',#15177,#15168,#15179,.T.);
#15177 = VERTEX_POINT('',#15178);
#15178 = CARTESIAN_POINT('',(-0.705552302411,2.500955757321,2.15));
#15179 = B_SPLINE_CURVE_WITH_KNOTS('',3,(#15180,#15181,#15182,#15183),
  .UNSPECIFIED.,.F.,.F.,(4,4),(1.,2.),.PIECEWISE_BEZIER_KNOTS.);
#15180 = CARTESIAN_POINT('',(-0.705552302411,2.500955757321,2.15));
#15181 = CARTESIAN_POINT('',(-0.650944604483,2.452849678808,2.15));
#15182 = CARTESIAN_POINT('',(-0.581733825691,2.424884364392,2.15));
#15183 = CARTESIAN_POINT('',(-0.509436285478,2.424371604435,2.15));
#15184 = ORIENTED_EDGE('',*,*,#15185,.F.);
#15185 = EDGE_CURVE('',#14903,#15177,#15186,.T.);
#15186 = B_SPLINE_CURVE_WITH_KNOTS('',3,(#15187,#15188,#15189,#15190),
  .UNSPECIFIED.,.F.,.F.,(4,4),(0.,1.),.PIECEWISE_BEZIER_KNOTS.);
#15187 = CARTESIAN_POINT('',(-0.782823507163,2.615739653145,2.15));
#15188 = CARTESIAN_POINT('',(-0.767225726353,2.572248321984,2.15));
#15189 = CARTESIAN_POINT('',(-0.740029529366,2.533012804086,2.15));
#15190 = CARTESIAN_POINT('',(-0.705552302411,2.500955757321,2.15));
#15191 = FACE_BOUND('',#15192,.T.);
#15192 = EDGE_LOOP('',(#15193,#15206));
#15193 = ORIENTED_EDGE('',*,*,#15194,.T.);
#15194 = EDGE_CURVE('',#15195,#15197,#15199,.T.);
#15195 = VERTEX_POINT('',#15196);
#15196 = CARTESIAN_POINT('',(-0.313740596248,2.90017142824,2.15));
#15197 = VERTEX_POINT('',#15198);
#15198 = CARTESIAN_POINT('',(-0.312940690402,3.0129556351,2.15));
#15199 = B_SPLINE_CURVE_WITH_KNOTS('',3,(#15200,#15201,#15202,#15203,
    #15204,#15205),.UNSPECIFIED.,.F.,.F.,(4,2,4),(2.,3.,4.),
  .UNSPECIFIED.);
#15200 = CARTESIAN_POINT('',(-0.313740596248,2.90017142824,2.15));
#15201 = CARTESIAN_POINT('',(-0.283375623843,2.899956069019,2.15));
#15202 = CARTESIAN_POINT('',(-0.257174181934,2.924352650217,2.15));
#15203 = CARTESIAN_POINT('',(-0.256722953016,2.987974507668,2.15));
#15204 = CARTESIAN_POINT('',(-0.282575717998,3.012740275879,2.15));
#15205 = CARTESIAN_POINT('',(-0.312940690402,3.0129556351,2.15));
#15206 = ORIENTED_EDGE('',*,*,#15207,.T.);
#15207 = EDGE_CURVE('',#15197,#15195,#15208,.T.);
#15208 = B_SPLINE_CURVE_WITH_KNOTS('',3,(#15209,#15210,#15211,#15212,
    #15213,#15214,#15215),.UNSPECIFIED.,.F.,.F.,(4,3,4),(0.,1.,2.),
  .PIECEWISE_BEZIER_KNOTS.);
#15209 = CARTESIAN_POINT('',(-0.312940690402,3.0129556351,2.15));
#15210 = CARTESIAN_POINT('',(-0.344751591548,3.013181249363,2.15));
#15211 = CARTESIAN_POINT('',(-0.36951736015,2.987328429223,2.15));
#15212 = CARTESIAN_POINT('',(-0.369732719176,2.956963484397,2.15));
#15213 = CARTESIAN_POINT('',(-0.369958333635,2.925152555672,2.15));
#15214 = CARTESIAN_POINT('',(-0.344105568654,2.900386787461,2.15));
#15215 = CARTESIAN_POINT('',(-0.313740596248,2.90017142824,2.15));
#15216 = PLANE('',#15217);
#15217 = AXIS2_PLACEMENT_3D('',#15218,#15219,#15220);
#15218 = CARTESIAN_POINT('',(-0.884252817943,2.688398688747,2.15));
#15219 = DIRECTION('',(0.,0.,-1.));
#15220 = DIRECTION('',(-1.,0.,-0.));
#15221 = ADVANCED_FACE('',(#15222),#15238,.F.);
#15222 = FACE_BOUND('',#15223,.F.);
#15223 = EDGE_LOOP('',(#15224,#15230,#15231,#15237));
#15224 = ORIENTED_EDGE('',*,*,#15225,.F.);
#15225 = EDGE_CURVE('',#14576,#14901,#15226,.T.);
#15226 = LINE('',#15227,#15228);
#15227 = CARTESIAN_POINT('',(-0.924629172955,2.806174423341,2.151));
#15228 = VECTOR('',#15229,1.);
#15229 = DIRECTION('',(-0.,-0.,-1.));
#15230 = ORIENTED_EDGE('',*,*,#14575,.T.);
#15231 = ORIENTED_EDGE('',*,*,#15232,.T.);
#15232 = EDGE_CURVE('',#14578,#14903,#15233,.T.);
#15233 = LINE('',#15234,#15235);
#15234 = CARTESIAN_POINT('',(-0.782823507163,2.615739653145,2.151));
#15235 = VECTOR('',#15236,1.);
#15236 = DIRECTION('',(-0.,-0.,-1.));
#15237 = ORIENTED_EDGE('',*,*,#14900,.F.);
#15238 = B_SPLINE_SURFACE_WITH_KNOTS('',3,1,(
    (#15239,#15240)
    ,(#15241,#15242)
    ,(#15243,#15244)
    ,(#15245,#15246
    )),.UNSPECIFIED.,.F.,.F.,.F.,(4,4),(2,2),(35.,36.),(0.,1.),
  .PIECEWISE_BEZIER_KNOTS.);
#15239 = CARTESIAN_POINT('',(-0.924629172955,2.806174423341,2.151));
#15240 = CARTESIAN_POINT('',(-0.924629172955,2.806174423341,2.15));
#15241 = CARTESIAN_POINT('',(-0.923798555771,2.719407175202,2.151));
#15242 = CARTESIAN_POINT('',(-0.923798555771,2.719407175202,2.15));
#15243 = CARTESIAN_POINT('',(-0.865058065372,2.642351302629,2.151));
#15244 = CARTESIAN_POINT('',(-0.865058065372,2.642351302629,2.15));
#15245 = CARTESIAN_POINT('',(-0.782823507163,2.615739653145,2.151));
#15246 = CARTESIAN_POINT('',(-0.782823507163,2.615739653145,2.15));
#15247 = ADVANCED_FACE('',(#15248),#15259,.F.);
#15248 = FACE_BOUND('',#15249,.F.);
#15249 = EDGE_LOOP('',(#15250,#15251,#15252,#15258));
#15250 = ORIENTED_EDGE('',*,*,#15232,.F.);
#15251 = ORIENTED_EDGE('',*,*,#14586,.T.);
#15252 = ORIENTED_EDGE('',*,*,#15253,.T.);
#15253 = EDGE_CURVE('',#14587,#15177,#15254,.T.);
#15254 = LINE('',#15255,#15256);
#15255 = CARTESIAN_POINT('',(-0.705552302411,2.500955757321,2.151));
#15256 = VECTOR('',#15257,1.);
#15257 = DIRECTION('',(-0.,-0.,-1.));
#15258 = ORIENTED_EDGE('',*,*,#15185,.F.);
#15259 = B_SPLINE_SURFACE_WITH_KNOTS('',3,1,(
    (#15260,#15261)
    ,(#15262,#15263)
    ,(#15264,#15265)
    ,(#15266,#15267
    )),.UNSPECIFIED.,.F.,.F.,.F.,(4,4),(2,2),(0.,1.),(0.,1.),
  .PIECEWISE_BEZIER_KNOTS.);
#15260 = CARTESIAN_POINT('',(-0.782823507163,2.615739653145,2.151));
#15261 = CARTESIAN_POINT('',(-0.782823507163,2.615739653145,2.15));
#15262 = CARTESIAN_POINT('',(-0.767225726353,2.572248321984,2.151));
#15263 = CARTESIAN_POINT('',(-0.767225726353,2.572248321984,2.15));
#15264 = CARTESIAN_POINT('',(-0.740029529366,2.533012804086,2.151));
#15265 = CARTESIAN_POINT('',(-0.740029529366,2.533012804086,2.15));
#15266 = CARTESIAN_POINT('',(-0.705552302411,2.500955757321,2.151));
#15267 = CARTESIAN_POINT('',(-0.705552302411,2.500955757321,2.15));
#15268 = ADVANCED_FACE('',(#15269),#15280,.F.);
#15269 = FACE_BOUND('',#15270,.F.);
#15270 = EDGE_LOOP('',(#15271,#15272,#15273,#15279));
#15271 = ORIENTED_EDGE('',*,*,#15253,.F.);
#15272 = ORIENTED_EDGE('',*,*,#14595,.T.);
#15273 = ORIENTED_EDGE('',*,*,#15274,.T.);
#15274 = EDGE_CURVE('',#14596,#15168,#15275,.T.);
#15275 = LINE('',#15276,#15277);
#15276 = CARTESIAN_POINT('',(-0.509436285478,2.424371604435,2.151));
#15277 = VECTOR('',#15278,1.);
#15278 = DIRECTION('',(-0.,-0.,-1.));
#15279 = ORIENTED_EDGE('',*,*,#15176,.F.);
#15280 = B_SPLINE_SURFACE_WITH_KNOTS('',3,1,(
    (#15281,#15282)
    ,(#15283,#15284)
    ,(#15285,#15286)
    ,(#15287,#15288
    )),.UNSPECIFIED.,.F.,.F.,.F.,(4,4),(2,2),(1.,2.),(0.,1.),
  .PIECEWISE_BEZIER_KNOTS.);
#15281 = CARTESIAN_POINT('',(-0.705552302411,2.500955757321,2.151));
#15282 = CARTESIAN_POINT('',(-0.705552302411,2.500955757321,2.15));
#15283 = CARTESIAN_POINT('',(-0.650944604483,2.452849678808,2.151));
#15284 = CARTESIAN_POINT('',(-0.650944604483,2.452849678808,2.15));
#15285 = CARTESIAN_POINT('',(-0.581733825691,2.424884364392,2.151));
#15286 = CARTESIAN_POINT('',(-0.581733825691,2.424884364392,2.15));
#15287 = CARTESIAN_POINT('',(-0.509436285478,2.424371604435,2.151));
#15288 = CARTESIAN_POINT('',(-0.509436285478,2.424371604435,2.15));
#15289 = ADVANCED_FACE('',(#15290),#15301,.F.);
#15290 = FACE_BOUND('',#15291,.F.);
#15291 = EDGE_LOOP('',(#15292,#15293,#15294,#15300));
#15292 = ORIENTED_EDGE('',*,*,#15274,.F.);
#15293 = ORIENTED_EDGE('',*,*,#14604,.T.);
#15294 = ORIENTED_EDGE('',*,*,#15295,.T.);
#15295 = EDGE_CURVE('',#14605,#15159,#15296,.T.);
#15296 = LINE('',#15297,#15298);
#15297 = CARTESIAN_POINT('',(-0.33552223619,2.479533063285,2.151));
#15298 = VECTOR('',#15299,1.);
#15299 = DIRECTION('',(-0.,-0.,-1.));
#15300 = ORIENTED_EDGE('',*,*,#15167,.F.);
#15301 = B_SPLINE_SURFACE_WITH_KNOTS('',3,1,(
    (#15302,#15303)
    ,(#15304,#15305)
    ,(#15306,#15307)
    ,(#15308,#15309
    )),.UNSPECIFIED.,.F.,.F.,.F.,(4,4),(2,2),(2.,3.),(0.,1.),
  .PIECEWISE_BEZIER_KNOTS.);
#15302 = CARTESIAN_POINT('',(-0.509436285478,2.424371604435,2.151));
#15303 = CARTESIAN_POINT('',(-0.509436285478,2.424371604435,2.15));
#15304 = CARTESIAN_POINT('',(-0.445814455607,2.423920375712,2.151));
#15305 = CARTESIAN_POINT('',(-0.445814455607,2.423920375712,2.15));
#15306 = CARTESIAN_POINT('',(-0.386386894331,2.443743223423,2.151));
#15307 = CARTESIAN_POINT('',(-0.386386894331,2.443743223423,2.15));
#15308 = CARTESIAN_POINT('',(-0.33552223619,2.479533063285,2.151));
#15309 = CARTESIAN_POINT('',(-0.33552223619,2.479533063285,2.15));
#15310 = ADVANCED_FACE('',(#15311),#15322,.F.);
#15311 = FACE_BOUND('',#15312,.F.);
#15312 = EDGE_LOOP('',(#15313,#15314,#15315,#15321));
#15313 = ORIENTED_EDGE('',*,*,#15295,.F.);
#15314 = ORIENTED_EDGE('',*,*,#14613,.T.);
#15315 = ORIENTED_EDGE('',*,*,#15316,.T.);
#15316 = EDGE_CURVE('',#14614,#15150,#15317,.T.);
#15317 = LINE('',#15318,#15319);
#15318 = CARTESIAN_POINT('',(-0.271449177547,2.542703671327,2.151));
#15319 = VECTOR('',#15320,1.);
#15320 = DIRECTION('',(-0.,-0.,-1.));
#15321 = ORIENTED_EDGE('',*,*,#15158,.F.);
#15322 = B_SPLINE_SURFACE_WITH_KNOTS('',3,1,(
    (#15323,#15324)
    ,(#15325,#15326)
    ,(#15327,#15328)
    ,(#15329,#15330
    )),.UNSPECIFIED.,.F.,.F.,.F.,(4,4),(2,2),(3.,4.),(0.,1.),
  .PIECEWISE_BEZIER_KNOTS.);
#15323 = CARTESIAN_POINT('',(-0.33552223619,2.479533063285,2.151));
#15324 = CARTESIAN_POINT('',(-0.33552223619,2.479533063285,2.15));
#15325 = CARTESIAN_POINT('',(-0.310817999067,2.496710138609,2.151));
#15326 = CARTESIAN_POINT('',(-0.310817999067,2.496710138609,2.15));
#15327 = CARTESIAN_POINT('',(-0.290420865336,2.518255827923,2.151));
#15328 = CARTESIAN_POINT('',(-0.290420865336,2.518255827923,2.15));
#15329 = CARTESIAN_POINT('',(-0.271449177547,2.542703671327,2.151));
#15330 = CARTESIAN_POINT('',(-0.271449177547,2.542703671327,2.15));
#15331 = ADVANCED_FACE('',(#15332),#15343,.F.);
#15332 = FACE_BOUND('',#15333,.F.);
#15333 = EDGE_LOOP('',(#15334,#15335,#15336,#15342));
#15334 = ORIENTED_EDGE('',*,*,#15316,.F.);
#15335 = ORIENTED_EDGE('',*,*,#14622,.T.);
#15336 = ORIENTED_EDGE('',*,*,#15337,.T.);
#15337 = EDGE_CURVE('',#14623,#15141,#15338,.T.);
#15338 = LINE('',#15339,#15340);
#15339 = CARTESIAN_POINT('',(-0.238212830459,2.539575902976,2.151));
#15340 = VECTOR('',#15341,1.);
#15341 = DIRECTION('',(-0.,-0.,-1.));
#15342 = ORIENTED_EDGE('',*,*,#15149,.F.);
#15343 = B_SPLINE_SURFACE_WITH_KNOTS('',3,1,(
    (#15344,#15345)
    ,(#15346,#15347)
    ,(#15348,#15349)
    ,(#15350,#15351
    )),.UNSPECIFIED.,.F.,.F.,.F.,(4,4),(2,2),(4.,5.),(0.,1.),
  .PIECEWISE_BEZIER_KNOTS.);
#15344 = CARTESIAN_POINT('',(-0.271449177547,2.542703671327,2.151));
#15345 = CARTESIAN_POINT('',(-0.271449177547,2.542703671327,2.15));
#15346 = CARTESIAN_POINT('',(-0.259891837383,2.541175673493,2.151));
#15347 = CARTESIAN_POINT('',(-0.259891837383,2.541175673493,2.15));
#15348 = CARTESIAN_POINT('',(-0.249780425862,2.53965794449,2.151));
#15349 = CARTESIAN_POINT('',(-0.249780425862,2.53965794449,2.15));
#15350 = CARTESIAN_POINT('',(-0.238212830459,2.539575902976,2.151));
#15351 = CARTESIAN_POINT('',(-0.238212830459,2.539575902976,2.15));
#15352 = ADVANCED_FACE('',(#15353),#15364,.F.);
#15353 = FACE_BOUND('',#15354,.F.);
#15354 = EDGE_LOOP('',(#15355,#15356,#15357,#15363));
#15355 = ORIENTED_EDGE('',*,*,#15337,.F.);
#15356 = ORIENTED_EDGE('',*,*,#14631,.T.);
#15357 = ORIENTED_EDGE('',*,*,#15358,.T.);
#15358 = EDGE_CURVE('',#14632,#15132,#15359,.T.);
#15359 = LINE('',#15360,#15361);
#15360 = CARTESIAN_POINT('',(-7.143623839083E-02,2.607802196437,2.151));
#15361 = VECTOR('',#15362,1.);
#15362 = DIRECTION('',(-0.,-0.,-1.));
#15363 = ORIENTED_EDGE('',*,*,#15140,.F.);
#15364 = B_SPLINE_SURFACE_WITH_KNOTS('',3,1,(
    (#15365,#15366)
    ,(#15367,#15368)
    ,(#15369,#15370)
    ,(#15371,#15372
    )),.UNSPECIFIED.,.F.,.F.,.F.,(4,4),(2,2),(5.,6.),(0.,1.),
  .PIECEWISE_BEZIER_KNOTS.);
#15365 = CARTESIAN_POINT('',(-0.238212830459,2.539575902976,2.151));
#15366 = CARTESIAN_POINT('',(-0.238212830459,2.539575902976,2.15));
#15367 = CARTESIAN_POINT('',(-0.176036943118,2.539134929393,2.151));
#15368 = CARTESIAN_POINT('',(-0.176036943118,2.539134929393,2.15));
#15369 = CARTESIAN_POINT('',(-0.116578630051,2.5632956272,2.151));
#15370 = CARTESIAN_POINT('',(-0.116578630051,2.5632956272,2.15));
#15371 = CARTESIAN_POINT('',(-7.143623839083E-02,2.607802196437,2.151));
#15372 = CARTESIAN_POINT('',(-7.143623839083E-02,2.607802196437,2.15));
#15373 = ADVANCED_FACE('',(#15374),#15385,.F.);
#15374 = FACE_BOUND('',#15375,.F.);
#15375 = EDGE_LOOP('',(#15376,#15377,#15378,#15384));
#15376 = ORIENTED_EDGE('',*,*,#15358,.F.);
#15377 = ORIENTED_EDGE('',*,*,#14640,.T.);
#15378 = ORIENTED_EDGE('',*,*,#15379,.T.);
#15379 = EDGE_CURVE('',#14641,#15123,#15380,.T.);
#15380 = LINE('',#15381,#15382);
#15381 = CARTESIAN_POINT('',(-2.307419414587E-03,2.772158574184,2.151));
#15382 = VECTOR('',#15383,1.);
#15383 = DIRECTION('',(-0.,-0.,-1.));
#15384 = ORIENTED_EDGE('',*,*,#15131,.F.);
#15385 = B_SPLINE_SURFACE_WITH_KNOTS('',3,1,(
    (#15386,#15387)
    ,(#15388,#15389)
    ,(#15390,#15391)
    ,(#15392,#15393
    )),.UNSPECIFIED.,.F.,.F.,.F.,(4,4),(2,2),(6.,7.),(0.,1.),
  .PIECEWISE_BEZIER_KNOTS.);
#15386 = CARTESIAN_POINT('',(-7.143623839083E-02,2.607802196437,2.151));
#15387 = CARTESIAN_POINT('',(-7.143623839083E-02,2.607802196437,2.15));
#15388 = CARTESIAN_POINT('',(-2.775002046465E-02,2.650873050532,2.151));
#15389 = CARTESIAN_POINT('',(-2.775002046465E-02,2.650873050532,2.15));
#15390 = CARTESIAN_POINT('',(-2.748392899219E-03,2.709982700634,2.151));
#15391 = CARTESIAN_POINT('',(-2.748392899219E-03,2.709982700634,2.15));
#15392 = CARTESIAN_POINT('',(-2.307419414587E-03,2.772158574184,2.151));
#15393 = CARTESIAN_POINT('',(-2.307419414587E-03,2.772158574184,2.15));
#15394 = ADVANCED_FACE('',(#15395),#15406,.F.);
#15395 = FACE_BOUND('',#15396,.F.);
#15396 = EDGE_LOOP('',(#15397,#15398,#15399,#15405));
#15397 = ORIENTED_EDGE('',*,*,#15379,.F.);
#15398 = ORIENTED_EDGE('',*,*,#14649,.T.);
#15399 = ORIENTED_EDGE('',*,*,#15400,.T.);
#15400 = EDGE_CURVE('',#14650,#15114,#15401,.T.);
#15401 = LINE('',#15402,#15403);
#15402 = CARTESIAN_POINT('',(-6.191953396488E-02,2.930197897099,2.151));
#15403 = VECTOR('',#15404,1.);
#15404 = DIRECTION('',(-0.,-0.,-1.));
#15405 = ORIENTED_EDGE('',*,*,#15122,.F.);
#15406 = B_SPLINE_SURFACE_WITH_KNOTS('',3,1,(
    (#15407,#15408)
    ,(#15409,#15410)
    ,(#15411,#15412)
    ,(#15413,#15414
    )),.UNSPECIFIED.,.F.,.F.,.F.,(4,4),(2,2),(7.,8.),(0.,1.),
  .PIECEWISE_BEZIER_KNOTS.);
#15407 = CARTESIAN_POINT('',(-2.307419414587E-03,2.772158574184,2.151));
#15408 = CARTESIAN_POINT('',(-2.307419414587E-03,2.772158574184,2.15));
#15409 = CARTESIAN_POINT('',(-1.897211449107E-03,2.829996606355,2.151));
#15410 = CARTESIAN_POINT('',(-1.897211449107E-03,2.829996606355,2.15));
#15411 = CARTESIAN_POINT('',(-2.318652058958E-02,2.886542537772,2.151));
#15412 = CARTESIAN_POINT('',(-2.318652058958E-02,2.886542537772,2.15));
#15413 = CARTESIAN_POINT('',(-6.191953396488E-02,2.930197897099,2.151));
#15414 = CARTESIAN_POINT('',(-6.191953396488E-02,2.930197897099,2.15));
#15415 = ADVANCED_FACE('',(#15416),#15427,.F.);
#15416 = FACE_BOUND('',#15417,.F.);
#15417 = EDGE_LOOP('',(#15418,#15419,#15420,#15426));
#15418 = ORIENTED_EDGE('',*,*,#15400,.F.);
#15419 = ORIENTED_EDGE('',*,*,#14658,.T.);
#15420 = ORIENTED_EDGE('',*,*,#15421,.T.);
#15421 = EDGE_CURVE('',#14659,#15105,#15422,.T.);
#15422 = LINE('',#15423,#15424);
#15423 = CARTESIAN_POINT('',(-0.177103348825,3.000423940602,2.151));
#15424 = VECTOR('',#15425,1.);
#15425 = DIRECTION('',(-0.,-0.,-1.));
#15426 = ORIENTED_EDGE('',*,*,#15113,.F.);
#15427 = B_SPLINE_SURFACE_WITH_KNOTS('',3,1,(
    (#15428,#15429)
    ,(#15430,#15431)
    ,(#15432,#15433)
    ,(#15434,#15435
    )),.UNSPECIFIED.,.F.,.F.,.F.,(4,4),(2,2),(8.,9.),(0.,1.),
  .PIECEWISE_BEZIER_KNOTS.);
#15428 = CARTESIAN_POINT('',(-6.191953396488E-02,2.930197897099,2.151));
#15429 = CARTESIAN_POINT('',(-6.191953396488E-02,2.930197897099,2.15));
#15430 = CARTESIAN_POINT('',(-9.348432396414E-02,2.965126352826,2.151));
#15431 = CARTESIAN_POINT('',(-9.348432396414E-02,2.965126352826,2.15));
#15432 = CARTESIAN_POINT('',(-0.132360923682,2.988538434085,2.151));
#15433 = CARTESIAN_POINT('',(-0.132360923682,2.988538434085,2.15));
#15434 = CARTESIAN_POINT('',(-0.177103348825,3.000423940602,2.151));
#15435 = CARTESIAN_POINT('',(-0.177103348825,3.000423940602,2.15));
#15436 = ADVANCED_FACE('',(#15437),#15448,.F.);
#15437 = FACE_BOUND('',#15438,.F.);
#15438 = EDGE_LOOP('',(#15439,#15440,#15441,#15447));
#15439 = ORIENTED_EDGE('',*,*,#15421,.F.);
#15440 = ORIENTED_EDGE('',*,*,#14667,.T.);
#15441 = ORIENTED_EDGE('',*,*,#15442,.T.);
#15442 = EDGE_CURVE('',#14668,#15096,#15443,.T.);
#15443 = LINE('',#15444,#15445);
#15444 = CARTESIAN_POINT('',(-0.313771335557,3.099722828276,2.151));
#15445 = VECTOR('',#15446,1.);
#15446 = DIRECTION('',(-0.,-0.,-1.));
#15447 = ORIENTED_EDGE('',*,*,#15104,.F.);
#15448 = B_SPLINE_SURFACE_WITH_KNOTS('',3,1,(
    (#15449,#15450)
    ,(#15451,#15452)
    ,(#15453,#15454)
    ,(#15455,#15456
    )),.UNSPECIFIED.,.F.,.F.,.F.,(4,4),(2,2),(9.,10.),(0.,1.),
  .PIECEWISE_BEZIER_KNOTS.);
#15449 = CARTESIAN_POINT('',(-0.177103348825,3.000423940602,2.151));
#15450 = CARTESIAN_POINT('',(-0.177103348825,3.000423940602,2.15));
#15451 = CARTESIAN_POINT('',(-0.195490504073,3.058395290382,2.151));
#15452 = CARTESIAN_POINT('',(-0.195490504073,3.058395290382,2.15));
#15453 = CARTESIAN_POINT('',(-0.250149478106,3.099271599358,2.151));
#15454 = CARTESIAN_POINT('',(-0.250149478106,3.099271599358,2.15));
#15455 = CARTESIAN_POINT('',(-0.313771335557,3.099722828276,2.151));
#15456 = CARTESIAN_POINT('',(-0.313771335557,3.099722828276,2.15));
#15457 = ADVANCED_FACE('',(#15458),#15469,.F.);
#15458 = FACE_BOUND('',#15459,.F.);
#15459 = EDGE_LOOP('',(#15460,#15461,#15462,#15468));
#15460 = ORIENTED_EDGE('',*,*,#15442,.F.);
#15461 = ORIENTED_EDGE('',*,*,#14676,.T.);
#15462 = ORIENTED_EDGE('',*,*,#15463,.T.);
#15463 = EDGE_CURVE('',#14677,#15087,#15464,.T.);
#15464 = LINE('',#15465,#15466);
#15465 = CARTESIAN_POINT('',(-0.459391935898,2.956153267764,2.151));
#15466 = VECTOR('',#15467,1.);
#15467 = DIRECTION('',(-0.,-0.,-1.));
#15468 = ORIENTED_EDGE('',*,*,#15095,.F.);
#15469 = B_SPLINE_SURFACE_WITH_KNOTS('',3,1,(
    (#15470,#15471)
    ,(#15472,#15473)
    ,(#15474,#15475)
    ,(#15476,#15477
    )),.UNSPECIFIED.,.F.,.F.,.F.,(4,4),(2,2),(10.,11.),(0.,1.),
  .PIECEWISE_BEZIER_KNOTS.);
#15470 = CARTESIAN_POINT('',(-0.313771335557,3.099722828276,2.151));
#15471 = CARTESIAN_POINT('',(-0.313771335557,3.099722828276,2.15));
#15472 = CARTESIAN_POINT('',(-0.393298629791,3.100286864229,2.151));
#15473 = CARTESIAN_POINT('',(-0.393298629791,3.100286864229,2.15));
#15474 = CARTESIAN_POINT('',(-0.458827899945,3.035680561999,2.151));
#15475 = CARTESIAN_POINT('',(-0.458827899945,3.035680561999,2.15));
#15476 = CARTESIAN_POINT('',(-0.459391935898,2.956153267764,2.151));
#15477 = CARTESIAN_POINT('',(-0.459391935898,2.956153267764,2.15));
#15478 = ADVANCED_FACE('',(#15479),#15490,.F.);
#15479 = FACE_BOUND('',#15480,.T.);
#15480 = EDGE_LOOP('',(#15481,#15482,#15488,#15489));
#15481 = ORIENTED_EDGE('',*,*,#15086,.T.);
#15482 = ORIENTED_EDGE('',*,*,#15483,.F.);
#15483 = EDGE_CURVE('',#14686,#15079,#15484,.T.);
#15484 = LINE('',#15485,#15486);
#15485 = CARTESIAN_POINT('',(-0.459494487889,2.941693759721,2.151));
#15486 = VECTOR('',#15487,1.);
#15487 = DIRECTION('',(-0.,-0.,-1.));
#15488 = ORIENTED_EDGE('',*,*,#14685,.F.);
#15489 = ORIENTED_EDGE('',*,*,#15463,.T.);
#15490 = PLANE('',#15491);
#15491 = AXIS2_PLACEMENT_3D('',#15492,#15493,#15494);
#15492 = CARTESIAN_POINT('',(-0.459391935898,2.956153267764,2.151));
#15493 = DIRECTION('',(0.999974850186,-7.092178509964E-03,0.));
#15494 = DIRECTION('',(7.092178509964E-03,0.999974850186,0.));
#15495 = ADVANCED_FACE('',(#15496),#15507,.F.);
#15496 = FACE_BOUND('',#15497,.T.);
#15497 = EDGE_LOOP('',(#15498,#15499,#15505,#15506));
#15498 = ORIENTED_EDGE('',*,*,#15078,.T.);
#15499 = ORIENTED_EDGE('',*,*,#15500,.F.);
#15500 = EDGE_CURVE('',#14695,#15071,#15501,.T.);
#15501 = LINE('',#15502,#15503);
#15502 = CARTESIAN_POINT('',(-0.662686485183,2.8361291336,2.151));
#15503 = VECTOR('',#15504,1.);
#15504 = DIRECTION('',(-0.,-0.,-1.));
#15505 = ORIENTED_EDGE('',*,*,#14694,.F.);
#15506 = ORIENTED_EDGE('',*,*,#15483,.T.);
#15507 = PLANE('',#15508);
#15508 = AXIS2_PLACEMENT_3D('',#15509,#15510,#15511);
#15509 = CARTESIAN_POINT('',(-0.459494487889,2.941693759721,2.151));
#15510 = DIRECTION('',(0.461025394856,-0.887386942263,0.));
#15511 = DIRECTION('',(0.887386942263,0.461025394856,0.));
#15512 = ADVANCED_FACE('',(#15513),#15524,.F.);
#15513 = FACE_BOUND('',#15514,.T.);
#15514 = EDGE_LOOP('',(#15515,#15516,#15522,#15523));
#15515 = ORIENTED_EDGE('',*,*,#15070,.T.);
#15516 = ORIENTED_EDGE('',*,*,#15517,.F.);
#15517 = EDGE_CURVE('',#14703,#15063,#15518,.T.);
#15518 = LINE('',#15519,#15520);
#15519 = CARTESIAN_POINT('',(-0.618405557985,2.75917581341,2.151));
#15520 = VECTOR('',#15521,1.);
#15521 = DIRECTION('',(-0.,-0.,-1.));
#15522 = ORIENTED_EDGE('',*,*,#14702,.F.);
#15523 = ORIENTED_EDGE('',*,*,#15500,.T.);
#15524 = PLANE('',#15525);
#15525 = AXIS2_PLACEMENT_3D('',#15526,#15527,#15528);
#15526 = CARTESIAN_POINT('',(-0.662686485183,2.8361291336,2.151));
#15527 = DIRECTION('',(0.866746770637,0.498748469261,-0.));
#15528 = DIRECTION('',(-0.498748469261,0.866746770637,0.));
#15529 = ADVANCED_FACE('',(#15530),#15541,.F.);
#15530 = FACE_BOUND('',#15531,.T.);
#15531 = EDGE_LOOP('',(#15532,#15533,#15539,#15540));
#15532 = ORIENTED_EDGE('',*,*,#15062,.T.);
#15533 = ORIENTED_EDGE('',*,*,#15534,.F.);
#15534 = EDGE_CURVE('',#14711,#15054,#15535,.T.);
#15535 = LINE('',#15536,#15537);
#15536 = CARTESIAN_POINT('',(-0.42393029179,2.859018173063,2.151));
#15537 = VECTOR('',#15538,1.);
#15538 = DIRECTION('',(-0.,-0.,-1.));
#15539 = ORIENTED_EDGE('',*,*,#14710,.F.);
#15540 = ORIENTED_EDGE('',*,*,#15517,.T.);
#15541 = PLANE('',#15542);
#15542 = AXIS2_PLACEMENT_3D('',#15543,#15544,#15545);
#15543 = CARTESIAN_POINT('',(-0.618405557985,2.75917581341,2.151));
#15544 = DIRECTION('',(-0.456720276353,0.88961035806,0.));
#15545 = DIRECTION('',(-0.88961035806,-0.456720276353,0.));
#15546 = ADVANCED_FACE('',(#15547),#15558,.F.);
#15547 = FACE_BOUND('',#15548,.F.);
#15548 = EDGE_LOOP('',(#15549,#15550,#15551,#15557));
#15549 = ORIENTED_EDGE('',*,*,#15534,.F.);
#15550 = ORIENTED_EDGE('',*,*,#14718,.T.);
#15551 = ORIENTED_EDGE('',*,*,#15552,.T.);
#15552 = EDGE_CURVE('',#14719,#15045,#15553,.T.);
#15553 = LINE('',#15554,#15555);
#15554 = CARTESIAN_POINT('',(-0.315832658202,2.809086711299,2.151));
#15555 = VECTOR('',#15556,1.);
#15556 = DIRECTION('',(-0.,-0.,-1.));
#15557 = ORIENTED_EDGE('',*,*,#15053,.F.);
#15558 = B_SPLINE_SURFACE_WITH_KNOTS('',3,1,(
    (#15559,#15560)
    ,(#15561,#15562)
    ,(#15563,#15564)
    ,(#15565,#15566
    )),.UNSPECIFIED.,.F.,.F.,.F.,(4,4),(2,2),(15.,16.),(0.,1.),
  .PIECEWISE_BEZIER_KNOTS.);
#15559 = CARTESIAN_POINT('',(-0.42393029179,2.859018173063,2.151));
#15560 = CARTESIAN_POINT('',(-0.42393029179,2.859018173063,2.15));
#15561 = CARTESIAN_POINT('',(-0.398118547566,2.828468607151,2.151));
#15562 = CARTESIAN_POINT('',(-0.398118547566,2.828468607151,2.15));
#15563 = CARTESIAN_POINT('',(-0.35921118233,2.809394367273,2.151));
#15564 = CARTESIAN_POINT('',(-0.35921118233,2.809394367273,2.15));
#15565 = CARTESIAN_POINT('',(-0.315832658202,2.809086711299,2.151));
#15566 = CARTESIAN_POINT('',(-0.315832658202,2.809086711299,2.15));
#15567 = ADVANCED_FACE('',(#15568),#15579,.F.);
#15568 = FACE_BOUND('',#15569,.F.);
#15569 = EDGE_LOOP('',(#15570,#15571,#15572,#15578));
#15570 = ORIENTED_EDGE('',*,*,#15552,.F.);
#15571 = ORIENTED_EDGE('',*,*,#14727,.T.);
#15572 = ORIENTED_EDGE('',*,*,#15573,.T.);
#15573 = EDGE_CURVE('',#14728,#15036,#15574,.T.);
#15574 = LINE('',#15575,#15576);
#15575 = CARTESIAN_POINT('',(-0.179236444935,2.903555481216,2.151));
#15576 = VECTOR('',#15577,1.);
#15577 = DIRECTION('',(-0.,-0.,-1.));
#15578 = ORIENTED_EDGE('',*,*,#15044,.F.);
#15579 = B_SPLINE_SURFACE_WITH_KNOTS('',3,1,(
    (#15580,#15581)
    ,(#15582,#15583)
    ,(#15584,#15585)
    ,(#15586,#15587
    )),.UNSPECIFIED.,.F.,.F.,.F.,(4,4),(2,2),(16.,17.),(0.,1.),
  .PIECEWISE_BEZIER_KNOTS.);
#15580 = CARTESIAN_POINT('',(-0.315832658202,2.809086711299,2.151));
#15581 = CARTESIAN_POINT('',(-0.315832658202,2.809086711299,2.15));
#15582 = CARTESIAN_POINT('',(-0.253656757071,2.808645737619,2.151));
#15583 = CARTESIAN_POINT('',(-0.253656757071,2.808645737619,2.15));
#15584 = CARTESIAN_POINT('',(-0.199869448363,2.848752906855,2.151));
#15585 = CARTESIAN_POINT('',(-0.199869448363,2.848752906855,2.15));
#15586 = CARTESIAN_POINT('',(-0.179236444935,2.903555481216,2.151));
#15587 = CARTESIAN_POINT('',(-0.179236444935,2.903555481216,2.15));
#15588 = ADVANCED_FACE('',(#15589),#15600,.F.);
#15589 = FACE_BOUND('',#15590,.F.);
#15590 = EDGE_LOOP('',(#15591,#15592,#15593,#15599));
#15591 = ORIENTED_EDGE('',*,*,#15573,.F.);
#15592 = ORIENTED_EDGE('',*,*,#14736,.T.);
#15593 = ORIENTED_EDGE('',*,*,#15594,.T.);
#15594 = EDGE_CURVE('',#14737,#15027,#15595,.T.);
#15595 = LINE('',#15596,#15597);
#15596 = CARTESIAN_POINT('',(-9.342287507766E-02,2.769912684244,2.151));
#15597 = VECTOR('',#15598,1.);
#15598 = DIRECTION('',(-0.,-0.,-1.));
#15599 = ORIENTED_EDGE('',*,*,#15035,.F.);
#15600 = B_SPLINE_SURFACE_WITH_KNOTS('',3,1,(
    (#15601,#15602)
    ,(#15603,#15604)
    ,(#15605,#15606)
    ,(#15607,#15608
    )),.UNSPECIFIED.,.F.,.F.,.F.,(4,4),(2,2),(17.,18.),(0.,1.),
  .PIECEWISE_BEZIER_KNOTS.);
#15601 = CARTESIAN_POINT('',(-0.179236444935,2.903555481216,2.151));
#15602 = CARTESIAN_POINT('',(-0.179236444935,2.903555481216,2.15));
#15603 = CARTESIAN_POINT('',(-0.128792250011,2.880061330863,2.151));
#15604 = CARTESIAN_POINT('',(-0.128792250011,2.880061330863,2.15));
#15605 = CARTESIAN_POINT('',(-9.300241187393E-02,2.829196672735,2.151));
#15606 = CARTESIAN_POINT('',(-9.300241187393E-02,2.829196672735,2.15));
#15607 = CARTESIAN_POINT('',(-9.342287507766E-02,2.769912684244,2.151));
#15608 = CARTESIAN_POINT('',(-9.342287507766E-02,2.769912684244,2.15));
#15609 = ADVANCED_FACE('',(#15610),#15621,.F.);
#15610 = FACE_BOUND('',#15611,.F.);
#15611 = EDGE_LOOP('',(#15612,#15613,#15614,#15620));
#15612 = ORIENTED_EDGE('',*,*,#15594,.F.);
#15613 = ORIENTED_EDGE('',*,*,#14745,.T.);
#15614 = ORIENTED_EDGE('',*,*,#15615,.T.);
#15615 = EDGE_CURVE('',#14746,#15018,#15616,.T.);
#15616 = LINE('',#15617,#15618);
#15617 = CARTESIAN_POINT('',(-0.239043475417,2.626343123732,2.151));
#15618 = VECTOR('',#15619,1.);
#15619 = DIRECTION('',(-0.,-0.,-1.));
#15620 = ORIENTED_EDGE('',*,*,#15026,.F.);
#15621 = B_SPLINE_SURFACE_WITH_KNOTS('',3,1,(
    (#15622,#15623)
    ,(#15624,#15625)
    ,(#15626,#15627)
    ,(#15628,#15629
    )),.UNSPECIFIED.,.F.,.F.,.F.,(4,4),(2,2),(18.,19.),(0.,1.),
  .PIECEWISE_BEZIER_KNOTS.);
#15622 = CARTESIAN_POINT('',(-9.342287507766E-02,2.769912684244,2.151));
#15623 = CARTESIAN_POINT('',(-9.342287507766E-02,2.769912684244,2.15));
#15624 = CARTESIAN_POINT('',(-9.398691103019E-02,2.690385390009,2.151));
#15625 = CARTESIAN_POINT('',(-9.398691103019E-02,2.690385390009,2.15));
#15626 = CARTESIAN_POINT('',(-0.159516181183,2.625779087779,2.151));
#15627 = CARTESIAN_POINT('',(-0.159516181183,2.625779087779,2.15));
#15628 = CARTESIAN_POINT('',(-0.239043475417,2.626343123732,2.151));
#15629 = CARTESIAN_POINT('',(-0.239043475417,2.626343123732,2.15));
#15630 = ADVANCED_FACE('',(#15631),#15642,.F.);
#15631 = FACE_BOUND('',#15632,.F.);
#15632 = EDGE_LOOP('',(#15633,#15634,#15635,#15641));
#15633 = ORIENTED_EDGE('',*,*,#15615,.F.);
#15634 = ORIENTED_EDGE('',*,*,#14754,.T.);
#15635 = ORIENTED_EDGE('',*,*,#15636,.T.);
#15636 = EDGE_CURVE('',#14755,#15009,#15637,.T.);
#15637 = LINE('',#15638,#15639);
#15638 = CARTESIAN_POINT('',(-0.315525029025,2.648575911272,2.151));
#15639 = VECTOR('',#15640,1.);
#15640 = DIRECTION('',(-0.,-0.,-1.));
#15641 = ORIENTED_EDGE('',*,*,#15017,.F.);
#15642 = B_SPLINE_SURFACE_WITH_KNOTS('',3,1,(
    (#15643,#15644)
    ,(#15645,#15646)
    ,(#15647,#15648)
    ,(#15649,#15650
    )),.UNSPECIFIED.,.F.,.F.,.F.,(4,4),(2,2),(19.,20.),(0.,1.),
  .PIECEWISE_BEZIER_KNOTS.);
#15643 = CARTESIAN_POINT('',(-0.239043475417,2.626343123732,2.151));
#15644 = CARTESIAN_POINT('',(-0.239043475417,2.626343123732,2.15));
#15645 = CARTESIAN_POINT('',(-0.266516535183,2.626537972476,2.151));
#15646 = CARTESIAN_POINT('',(-0.266516535183,2.626537972476,2.15));
#15647 = CARTESIAN_POINT('',(-0.293928063715,2.635408531562,2.151));
#15648 = CARTESIAN_POINT('',(-0.293928063715,2.635408531562,2.15));
#15649 = CARTESIAN_POINT('',(-0.315525029025,2.648575911272,2.151));
#15650 = CARTESIAN_POINT('',(-0.315525029025,2.648575911272,2.15));
#15651 = ADVANCED_FACE('',(#15652),#15663,.F.);
#15652 = FACE_BOUND('',#15653,.F.);
#15653 = EDGE_LOOP('',(#15654,#15655,#15656,#15662));
#15654 = ORIENTED_EDGE('',*,*,#15636,.F.);
#15655 = ORIENTED_EDGE('',*,*,#14763,.T.);
#15656 = ORIENTED_EDGE('',*,*,#15657,.T.);
#15657 = EDGE_CURVE('',#14764,#15000,#15658,.T.);
#15658 = LINE('',#15659,#15660);
#15659 = CARTESIAN_POINT('',(-0.510266902271,2.511138907734,2.151));
#15660 = VECTOR('',#15661,1.);
#15661 = DIRECTION('',(-0.,-0.,-1.));
#15662 = ORIENTED_EDGE('',*,*,#15008,.F.);
#15663 = B_SPLINE_SURFACE_WITH_KNOTS('',3,1,(
    (#15664,#15665)
    ,(#15666,#15667)
    ,(#15668,#15669)
    ,(#15670,#15671
    )),.UNSPECIFIED.,.F.,.F.,.F.,(4,4),(2,2),(20.,21.),(0.,1.),
  .PIECEWISE_BEZIER_KNOTS.);
#15664 = CARTESIAN_POINT('',(-0.315525029025,2.648575911272,2.151));
#15665 = CARTESIAN_POINT('',(-0.315525029025,2.648575911272,2.15));
#15666 = CARTESIAN_POINT('',(-0.343572351815,2.567797592003,2.151));
#15667 = CARTESIAN_POINT('',(-0.343572351815,2.567797592003,2.15));
#15668 = CARTESIAN_POINT('',(-0.419172012634,2.510492830266,2.151));
#15669 = CARTESIAN_POINT('',(-0.419172012634,2.510492830266,2.15));
#15670 = CARTESIAN_POINT('',(-0.510266902271,2.511138907734,2.151));
#15671 = CARTESIAN_POINT('',(-0.510266902271,2.511138907734,2.15));
#15672 = ADVANCED_FACE('',(#15673),#15684,.F.);
#15673 = FACE_BOUND('',#15674,.F.);
#15674 = EDGE_LOOP('',(#15675,#15676,#15677,#15683));
#15675 = ORIENTED_EDGE('',*,*,#15657,.F.);
#15676 = ORIENTED_EDGE('',*,*,#14772,.T.);
#15677 = ORIENTED_EDGE('',*,*,#15678,.T.);
#15678 = EDGE_CURVE('',#14773,#14991,#15679,.T.);
#15679 = LINE('',#15680,#15681);
#15680 = CARTESIAN_POINT('',(-0.711418114976,2.693318486146,2.151));
#15681 = VECTOR('',#15682,1.);
#15682 = DIRECTION('',(-0.,-0.,-1.));
#15683 = ORIENTED_EDGE('',*,*,#14999,.F.);
#15684 = B_SPLINE_SURFACE_WITH_KNOTS('',3,1,(
    (#15685,#15686)
    ,(#15687,#15688)
    ,(#15689,#15690)
    ,(#15691,#15692
    )),.UNSPECIFIED.,.F.,.F.,.F.,(4,4),(2,2),(21.,22.),(0.,1.),
  .PIECEWISE_BEZIER_KNOTS.);
#15685 = CARTESIAN_POINT('',(-0.510266902271,2.511138907734,2.151));
#15686 = CARTESIAN_POINT('',(-0.510266902271,2.511138907734,2.15));
#15687 = CARTESIAN_POINT('',(-0.61437537121,2.51187728215,2.151));
#15688 = CARTESIAN_POINT('',(-0.61437537121,2.51187728215,2.15));
#15689 = CARTESIAN_POINT('',(-0.700568383513,2.592019888333,2.151));
#15690 = CARTESIAN_POINT('',(-0.700568383513,2.592019888333,2.15));
#15691 = CARTESIAN_POINT('',(-0.711418114976,2.693318486146,2.151));
#15692 = CARTESIAN_POINT('',(-0.711418114976,2.693318486146,2.15));
#15693 = ADVANCED_FACE('',(#15694),#15705,.F.);
#15694 = FACE_BOUND('',#15695,.T.);
#15695 = EDGE_LOOP('',(#15696,#15697,#15703,#15704));
#15696 = ORIENTED_EDGE('',*,*,#14990,.T.);
#15697 = ORIENTED_EDGE('',*,*,#15698,.F.);
#15698 = EDGE_CURVE('',#14782,#14982,#15699,.T.);
#15699 = LINE('',#15700,#15701);
#15700 = CARTESIAN_POINT('',(-0.722985710378,2.693400527661,2.151));
#15701 = VECTOR('',#15702,1.);
#15702 = DIRECTION('',(-0.,-0.,-1.));
#15703 = ORIENTED_EDGE('',*,*,#14781,.F.);
#15704 = ORIENTED_EDGE('',*,*,#15678,.T.);
#15705 = PLANE('',#15706);
#15706 = AXIS2_PLACEMENT_3D('',#15707,#15708,#15709);
#15707 = CARTESIAN_POINT('',(-0.711418114976,2.693318486146,2.151));
#15708 = DIRECTION('',(-7.092178509976E-03,-0.999974850186,0.));
#15709 = DIRECTION('',(0.999974850186,-7.092178509976E-03,0.));
#15710 = ADVANCED_FACE('',(#15711),#15722,.F.);
#15711 = FACE_BOUND('',#15712,.F.);
#15712 = EDGE_LOOP('',(#15713,#15714,#15715,#15721));
#15713 = ORIENTED_EDGE('',*,*,#15698,.F.);
#15714 = ORIENTED_EDGE('',*,*,#14790,.T.);
#15715 = ORIENTED_EDGE('',*,*,#15716,.T.);
#15716 = EDGE_CURVE('',#14791,#14973,#15717,.T.);
#15717 = LINE('',#15718,#15719);
#15718 = CARTESIAN_POINT('',(-0.834969956625,2.806984584816,2.151));
#15719 = VECTOR('',#15720,1.);
#15720 = DIRECTION('',(-0.,-0.,-1.));
#15721 = ORIENTED_EDGE('',*,*,#14981,.F.);
#15722 = B_SPLINE_SURFACE_WITH_KNOTS('',3,1,(
    (#15723,#15724)
    ,(#15725,#15726)
    ,(#15727,#15728)
    ,(#15729,#15730
    )),.UNSPECIFIED.,.F.,.F.,.F.,(4,4),(2,2),(23.,24.),(0.,1.),
  .PIECEWISE_BEZIER_KNOTS.);
#15723 = CARTESIAN_POINT('',(-0.722985710378,2.693400527661,2.151));
#15724 = CARTESIAN_POINT('',(-0.722985710378,2.693400527661,2.15));
#15725 = CARTESIAN_POINT('',(-0.78516158393,2.693841501145,2.151));
#15726 = CARTESIAN_POINT('',(-0.78516158393,2.693841501145,2.15));
#15727 = CARTESIAN_POINT('',(-0.835410930109,2.744808711264,2.151));
#15728 = CARTESIAN_POINT('',(-0.835410930109,2.744808711264,2.15));
#15729 = CARTESIAN_POINT('',(-0.834969956625,2.806984584816,2.151));
#15730 = CARTESIAN_POINT('',(-0.834969956625,2.806984584816,2.15));
#15731 = ADVANCED_FACE('',(#15732),#15743,.F.);
#15732 = FACE_BOUND('',#15733,.F.);
#15733 = EDGE_LOOP('',(#15734,#15735,#15736,#15742));
#15734 = ORIENTED_EDGE('',*,*,#15716,.F.);
#15735 = ORIENTED_EDGE('',*,*,#14799,.T.);
#15736 = ORIENTED_EDGE('',*,*,#15737,.T.);
#15737 = EDGE_CURVE('',#14800,#14965,#15738,.T.);
#15738 = LINE('',#15739,#15740);
#15739 = CARTESIAN_POINT('',(-0.730061582232,2.919030362101,2.151));
#15740 = VECTOR('',#15741,1.);
#15741 = DIRECTION('',(-0.,-0.,-1.));
#15742 = ORIENTED_EDGE('',*,*,#14972,.F.);
#15743 = B_SPLINE_SURFACE_WITH_KNOTS('',3,1,(
    (#15744,#15745)
    ,(#15746,#15747)
    ,(#15748,#15749)
    ,(#15750,#15751
    )),.UNSPECIFIED.,.F.,.F.,.F.,(4,4),(2,2),(24.,25.),(0.,1.),
  .PIECEWISE_BEZIER_KNOTS.);
#15744 = CARTESIAN_POINT('',(-0.834969956625,2.806984584816,2.151));
#15745 = CARTESIAN_POINT('',(-0.834969956625,2.806984584816,2.15));
#15746 = CARTESIAN_POINT('',(-0.834549493421,2.866268573307,2.151));
#15747 = CARTESIAN_POINT('',(-0.834549493421,2.866268573307,2.15));
#15748 = CARTESIAN_POINT('',(-0.78937636382,2.915112984118,2.151));
#15749 = CARTESIAN_POINT('',(-0.78937636382,2.915112984118,2.15));
#15750 = CARTESIAN_POINT('',(-0.730061582232,2.919030362101,2.151));
#15751 = CARTESIAN_POINT('',(-0.730061582232,2.919030362101,2.15));
#15752 = ADVANCED_FACE('',(#15753),#15764,.F.);
#15753 = FACE_BOUND('',#15754,.T.);
#15754 = EDGE_LOOP('',(#15755,#15756,#15762,#15763));
#15755 = ORIENTED_EDGE('',*,*,#14964,.T.);
#15756 = ORIENTED_EDGE('',*,*,#15757,.F.);
#15757 = EDGE_CURVE('',#14809,#14956,#15758,.T.);
#15758 = LINE('',#15759,#15760);
#15759 = CARTESIAN_POINT('',(-0.66499379604,2.918568878139,2.151));
#15760 = VECTOR('',#15761,1.);
#15761 = DIRECTION('',(-0.,-0.,-1.));
#15762 = ORIENTED_EDGE('',*,*,#14808,.F.);
#15763 = ORIENTED_EDGE('',*,*,#15737,.T.);
#15764 = PLANE('',#15765);
#15765 = AXIS2_PLACEMENT_3D('',#15766,#15767,#15768);
#15766 = CARTESIAN_POINT('',(-0.730061582232,2.919030362101,2.151));
#15767 = DIRECTION('',(7.092178509965E-03,0.999974850186,-0.));
#15768 = DIRECTION('',(-0.999974850186,7.092178509965E-03,0.));
#15769 = ADVANCED_FACE('',(#15770),#15781,.F.);
#15770 = FACE_BOUND('',#15771,.F.);
#15771 = EDGE_LOOP('',(#15772,#15773,#15774,#15780));
#15772 = ORIENTED_EDGE('',*,*,#15757,.F.);
#15773 = ORIENTED_EDGE('',*,*,#14816,.T.);
#15774 = ORIENTED_EDGE('',*,*,#15775,.T.);
#15775 = EDGE_CURVE('',#14817,#14947,#15776,.T.);
#15776 = LINE('',#15777,#15778);
#15777 = CARTESIAN_POINT('',(-0.65632836832,2.917061418361,2.151));
#15778 = VECTOR('',#15779,1.);
#15779 = DIRECTION('',(-0.,-0.,-1.));
#15780 = ORIENTED_EDGE('',*,*,#14955,.F.);
#15781 = B_SPLINE_SURFACE_WITH_KNOTS('',3,1,(
    (#15782,#15783)
    ,(#15784,#15785)
    ,(#15786,#15787)
    ,(#15788,#15789
    )),.UNSPECIFIED.,.F.,.F.,.F.,(4,4),(2,2),(26.,27.),(0.,1.),
  .PIECEWISE_BEZIER_KNOTS.);
#15782 = CARTESIAN_POINT('',(-0.66499379604,2.918568878139,2.151));
#15783 = CARTESIAN_POINT('',(-0.66499379604,2.918568878139,2.15));
#15784 = CARTESIAN_POINT('',(-0.6621018834,2.918548367663,2.151));
#15785 = CARTESIAN_POINT('',(-0.6621018834,2.918548367663,2.15));
#15786 = CARTESIAN_POINT('',(-0.659220225802,2.917081928446,2.151));
#15787 = CARTESIAN_POINT('',(-0.659220225802,2.917081928446,2.15));
#15788 = CARTESIAN_POINT('',(-0.65632836832,2.917061418361,2.151));
#15789 = CARTESIAN_POINT('',(-0.65632836832,2.917061418361,2.15));
#15790 = ADVANCED_FACE('',(#15791),#15802,.F.);
#15791 = FACE_BOUND('',#15792,.F.);
#15792 = EDGE_LOOP('',(#15793,#15794,#15795,#15801));
#15793 = ORIENTED_EDGE('',*,*,#15775,.F.);
#15794 = ORIENTED_EDGE('',*,*,#14825,.T.);
#15795 = ORIENTED_EDGE('',*,*,#15796,.T.);
#15796 = EDGE_CURVE('',#14826,#14938,#15797,.T.);
#15797 = LINE('',#15798,#15799);
#15798 = CARTESIAN_POINT('',(-0.611186004435,2.961567960212,2.151));
#15799 = VECTOR('',#15800,1.);
#15800 = DIRECTION('',(-0.,-0.,-1.));
#15801 = ORIENTED_EDGE('',*,*,#14946,.F.);
#15802 = B_SPLINE_SURFACE_WITH_KNOTS('',3,1,(
    (#15803,#15804)
    ,(#15805,#15806)
    ,(#15807,#15808)
    ,(#15809,#15810
    )),.UNSPECIFIED.,.F.,.F.,.F.,(4,4),(2,2),(27.,28.),(0.,1.),
  .PIECEWISE_BEZIER_KNOTS.);
#15803 = CARTESIAN_POINT('',(-0.65632836832,2.917061418361,2.151));
#15804 = CARTESIAN_POINT('',(-0.65632836832,2.917061418361,2.15));
#15805 = CARTESIAN_POINT('',(-0.631747193616,2.916887079897,2.151));
#15806 = CARTESIAN_POINT('',(-0.631747193616,2.916887079897,2.15));
#15807 = CARTESIAN_POINT('',(-0.611360342507,2.936986840667,2.151));
#15808 = CARTESIAN_POINT('',(-0.611360342507,2.936986840667,2.15));
#15809 = CARTESIAN_POINT('',(-0.611186004435,2.961567960212,2.151));
#15810 = CARTESIAN_POINT('',(-0.611186004435,2.961567960212,2.15));
#15811 = ADVANCED_FACE('',(#15812),#15823,.F.);
#15812 = FACE_BOUND('',#15813,.F.);
#15813 = EDGE_LOOP('',(#15814,#15815,#15816,#15822));
#15814 = ORIENTED_EDGE('',*,*,#15796,.F.);
#15815 = ORIENTED_EDGE('',*,*,#14834,.T.);
#15816 = ORIENTED_EDGE('',*,*,#15817,.T.);
#15817 = EDGE_CURVE('',#14835,#14930,#15818,.T.);
#15818 = LINE('',#15819,#15820);
#15819 = CARTESIAN_POINT('',(-0.652800688805,3.006689814013,2.151));
#15820 = VECTOR('',#15821,1.);
#15821 = DIRECTION('',(-0.,-0.,-1.));
#15822 = ORIENTED_EDGE('',*,*,#14937,.F.);
#15823 = B_SPLINE_SURFACE_WITH_KNOTS('',3,1,(
    (#15824,#15825)
    ,(#15826,#15827)
    ,(#15828,#15829)
    ,(#15830,#15831
    )),.UNSPECIFIED.,.F.,.F.,.F.,(4,4),(2,2),(28.,29.),(0.,1.),
  .PIECEWISE_BEZIER_KNOTS.);
#15824 = CARTESIAN_POINT('',(-0.611186004435,2.961567960212,2.151));
#15825 = CARTESIAN_POINT('',(-0.611186004435,2.961567960212,2.15));
#15826 = CARTESIAN_POINT('',(-0.611021921405,2.984703151017,2.151));
#15827 = CARTESIAN_POINT('',(-0.611021921405,2.984703151017,2.15));
#15828 = CARTESIAN_POINT('',(-0.629675697884,3.005079801852,2.151));
#15829 = CARTESIAN_POINT('',(-0.629675697884,3.005079801852,2.15));
#15830 = CARTESIAN_POINT('',(-0.652800688805,3.006689814013,2.151));
#15831 = CARTESIAN_POINT('',(-0.652800688805,3.006689814013,2.15));
#15832 = ADVANCED_FACE('',(#15833),#15844,.F.);
#15833 = FACE_BOUND('',#15834,.T.);
#15834 = EDGE_LOOP('',(#15835,#15836,#15842,#15843));
#15835 = ORIENTED_EDGE('',*,*,#14929,.T.);
#15836 = ORIENTED_EDGE('',*,*,#15837,.F.);
#15837 = EDGE_CURVE('',#14844,#14921,#15838,.T.);
#15838 = LINE('',#15839,#15840);
#15839 = CARTESIAN_POINT('',(-0.738111753162,3.007294870528,2.151));
#15840 = VECTOR('',#15841,1.);
#15841 = DIRECTION('',(-0.,-0.,-1.));
#15842 = ORIENTED_EDGE('',*,*,#14843,.F.);
#15843 = ORIENTED_EDGE('',*,*,#15817,.T.);
#15844 = PLANE('',#15845);
#15845 = AXIS2_PLACEMENT_3D('',#15846,#15847,#15848);
#15846 = CARTESIAN_POINT('',(-0.73377391178,3.007264105009,2.151));
#15847 = DIRECTION('',(-7.092178509999E-03,-0.999974850186,0.));
#15848 = DIRECTION('',(0.999974850186,-7.092178509999E-03,0.));
#15849 = ADVANCED_FACE('',(#15850),#15861,.F.);
#15850 = FACE_BOUND('',#15851,.F.);
#15851 = EDGE_LOOP('',(#15852,#15853,#15854,#15860));
#15852 = ORIENTED_EDGE('',*,*,#15837,.F.);
#15853 = ORIENTED_EDGE('',*,*,#14851,.T.);
#15854 = ORIENTED_EDGE('',*,*,#15855,.T.);
#15855 = EDGE_CURVE('',#14852,#14912,#15856,.T.);
#15856 = LINE('',#15857,#15858);
#15857 = CARTESIAN_POINT('',(-0.870154738247,2.9431603073,2.151));
#15858 = VECTOR('',#15859,1.);
#15859 = DIRECTION('',(-0.,-0.,-1.));
#15860 = ORIENTED_EDGE('',*,*,#14920,.F.);
#15861 = B_SPLINE_SURFACE_WITH_KNOTS('',3,1,(
    (#15862,#15863)
    ,(#15864,#15865)
    ,(#15866,#15867)
    ,(#15868,#15869
    )),.UNSPECIFIED.,.F.,.F.,.F.,(4,4),(2,2),(33.,34.),(0.,1.),
  .PIECEWISE_BEZIER_KNOTS.);
#15862 = CARTESIAN_POINT('',(-0.738111753162,3.007294870528,2.151));
#15863 = CARTESIAN_POINT('',(-0.738111753162,3.007294870528,2.15));
#15864 = CARTESIAN_POINT('',(-0.788750796829,3.003315961116,2.151));
#15865 = CARTESIAN_POINT('',(-0.788750796829,3.003315961116,2.15));
#15866 = CARTESIAN_POINT('',(-0.835185317019,2.980508881603,2.151));
#15867 = CARTESIAN_POINT('',(-0.835185317019,2.980508881603,2.15));
#15868 = CARTESIAN_POINT('',(-0.870154738247,2.9431603073,2.151));
#15869 = CARTESIAN_POINT('',(-0.870154738247,2.9431603073,2.15));
#15870 = ADVANCED_FACE('',(#15871),#15877,.F.);
#15871 = FACE_BOUND('',#15872,.F.);
#15872 = EDGE_LOOP('',(#15873,#15874,#15875,#15876));
#15873 = ORIENTED_EDGE('',*,*,#15855,.F.);
#15874 = ORIENTED_EDGE('',*,*,#14860,.T.);
#15875 = ORIENTED_EDGE('',*,*,#15225,.T.);
#15876 = ORIENTED_EDGE('',*,*,#14911,.F.);
#15877 = B_SPLINE_SURFACE_WITH_KNOTS('',3,1,(
    (#15878,#15879)
    ,(#15880,#15881)
    ,(#15882,#15883)
    ,(#15884,#15885
    )),.UNSPECIFIED.,.F.,.F.,.F.,(4,4),(2,2),(34.,35.),(0.,1.),
  .PIECEWISE_BEZIER_KNOTS.);
#15878 = CARTESIAN_POINT('',(-0.870154738247,2.9431603073,2.151));
#15879 = CARTESIAN_POINT('',(-0.870154738247,2.9431603073,2.15));
#15880 = CARTESIAN_POINT('',(-0.905124214634,2.905811733389,2.151));
#15881 = CARTESIAN_POINT('',(-0.905124214634,2.905811733389,2.15));
#15882 = CARTESIAN_POINT('',(-0.924270240985,2.856782701491,2.151));
#15883 = CARTESIAN_POINT('',(-0.924270240985,2.856782701491,2.15));
#15884 = CARTESIAN_POINT('',(-0.924629172955,2.806174423341,2.151));
#15885 = CARTESIAN_POINT('',(-0.924629172955,2.806174423341,2.15));
#15886 = ADVANCED_FACE('',(#15887),#15903,.T.);
#15887 = FACE_BOUND('',#15888,.T.);
#15888 = EDGE_LOOP('',(#15889,#15890,#15896,#15897));
#15889 = ORIENTED_EDGE('',*,*,#15207,.F.);
#15890 = ORIENTED_EDGE('',*,*,#15891,.F.);
#15891 = EDGE_CURVE('',#14870,#15197,#15892,.T.);
#15892 = LINE('',#15893,#15894);
#15893 = CARTESIAN_POINT('',(-0.312940690402,3.0129556351,2.151));
#15894 = VECTOR('',#15895,1.);
#15895 = DIRECTION('',(-0.,-0.,-1.));
#15896 = ORIENTED_EDGE('',*,*,#14869,.T.);
#15897 = ORIENTED_EDGE('',*,*,#15898,.T.);
#15898 = EDGE_CURVE('',#14872,#15195,#15899,.T.);
#15899 = LINE('',#15900,#15901);
#15900 = CARTESIAN_POINT('',(-0.313740596248,2.90017142824,2.151));
#15901 = VECTOR('',#15902,1.);
#15902 = DIRECTION('',(-0.,-0.,-1.));
#15903 = B_SPLINE_SURFACE_WITH_KNOTS('',3,1,(
    (#15904,#15905)
    ,(#15906,#15907)
    ,(#15908,#15909)
    ,(#15910,#15911)
    ,(#15912,#15913)
    ,(#15914,#15915)
    ,(#15916,#15917
  )),.UNSPECIFIED.,.F.,.F.,.F.,(4,3,4),(2,2),(0.,1.,2.),(0.,1.),
  .PIECEWISE_BEZIER_KNOTS.);
#15904 = CARTESIAN_POINT('',(-0.312940690402,3.0129556351,2.151));
#15905 = CARTESIAN_POINT('',(-0.312940690402,3.0129556351,2.15));
#15906 = CARTESIAN_POINT('',(-0.344751591548,3.013181249363,2.151));
#15907 = CARTESIAN_POINT('',(-0.344751591548,3.013181249363,2.15));
#15908 = CARTESIAN_POINT('',(-0.36951736015,2.987328429223,2.151));
#15909 = CARTESIAN_POINT('',(-0.36951736015,2.987328429223,2.15));
#15910 = CARTESIAN_POINT('',(-0.369732719176,2.956963484397,2.151));
#15911 = CARTESIAN_POINT('',(-0.369732719176,2.956963484397,2.15));
#15912 = CARTESIAN_POINT('',(-0.369958333635,2.925152555672,2.151));
#15913 = CARTESIAN_POINT('',(-0.369958333635,2.925152555672,2.15));
#15914 = CARTESIAN_POINT('',(-0.344105568654,2.900386787461,2.151));
#15915 = CARTESIAN_POINT('',(-0.344105568654,2.900386787461,2.15));
#15916 = CARTESIAN_POINT('',(-0.313740596248,2.90017142824,2.151));
#15917 = CARTESIAN_POINT('',(-0.313740596248,2.90017142824,2.15));
#15918 = ADVANCED_FACE('',(#15919),#15925,.T.);
#15919 = FACE_BOUND('',#15920,.T.);
#15920 = EDGE_LOOP('',(#15921,#15922,#15923,#15924));
#15921 = ORIENTED_EDGE('',*,*,#15194,.F.);
#15922 = ORIENTED_EDGE('',*,*,#15898,.F.);
#15923 = ORIENTED_EDGE('',*,*,#14883,.T.);
#15924 = ORIENTED_EDGE('',*,*,#15891,.T.);
#15925 = B_SPLINE_SURFACE_WITH_KNOTS('',3,1,(
    (#15926,#15927)
    ,(#15928,#15929)
    ,(#15930,#15931)
    ,(#15932,#15933)
    ,(#15934,#15935)
    ,(#15936,#15937
  )),.UNSPECIFIED.,.F.,.F.,.F.,(4,2,4),(2,2),(2.,3.,4.),(0.,1.),
  .UNSPECIFIED.);
#15926 = CARTESIAN_POINT('',(-0.313740596248,2.90017142824,2.151));
#15927 = CARTESIAN_POINT('',(-0.313740596248,2.90017142824,2.15));
#15928 = CARTESIAN_POINT('',(-0.283375623843,2.899956069019,2.151));
#15929 = CARTESIAN_POINT('',(-0.283375623843,2.899956069019,2.15));
#15930 = CARTESIAN_POINT('',(-0.257174181934,2.924352650217,2.151));
#15931 = CARTESIAN_POINT('',(-0.257174181934,2.924352650217,2.15));
#15932 = CARTESIAN_POINT('',(-0.256722953016,2.987974507668,2.151));
#15933 = CARTESIAN_POINT('',(-0.256722953016,2.987974507668,2.15));
#15934 = CARTESIAN_POINT('',(-0.282575717998,3.012740275879,2.151));
#15935 = CARTESIAN_POINT('',(-0.282575717998,3.012740275879,2.15));
#15936 = CARTESIAN_POINT('',(-0.312940690402,3.0129556351,2.151));
#15937 = CARTESIAN_POINT('',(-0.312940690402,3.0129556351,2.15));
#15938 = ( GEOMETRIC_REPRESENTATION_CONTEXT(3) 
GLOBAL_UNCERTAINTY_ASSIGNED_CONTEXT((#15942)) 
GLOBAL_UNIT_ASSIGNED_CONTEXT((#15939,#15940,#15941)) 
REPRESENTATION_CONTEXT('Context #1',
  '3D Context with UNIT and UNCERTAINTY') );
#15939 = ( LENGTH_UNIT() NAMED_UNIT(*) SI_UNIT(.MILLI.,.METRE.) );
#15940 = ( NAMED_UNIT(*) PLANE_ANGLE_UNIT() SI_UNIT($,.RADIAN.) );
#15941 = ( NAMED_UNIT(*) SI_UNIT($,.STERADIAN.) SOLID_ANGLE_UNIT() );
#15942 = UNCERTAINTY_MEASURE_WITH_UNIT(LENGTH_MEASURE(1.E-07),#15939,
  'distance_accuracy_value','confusion accuracy');
#15943 = CONTEXT_DEPENDENT_SHAPE_REPRESENTATION(#15944,#15946);
#15944 = ( REPRESENTATION_RELATIONSHIP('','',#59,#36) 
REPRESENTATION_RELATIONSHIP_WITH_TRANSFORMATION(#15945) 
SHAPE_REPRESENTATION_RELATIONSHIP() );
#15945 = ITEM_DEFINED_TRANSFORMATION('','',#11,#37);
#15946 = PRODUCT_DEFINITION_SHAPE('Placement','Placement of an item',
  #15947);
#15947 = NEXT_ASSEMBLY_USAGE_OCCURRENCE('1','=>[0:1:1:3]','',#31,#54,$);
#15948 = PRODUCT_RELATED_PRODUCT_CATEGORY('part',$,(#56));
#15949 = SHAPE_DEFINITION_REPRESENTATION(#15950,#15956);
#15950 = PRODUCT_DEFINITION_SHAPE('','',#15951);
#15951 = PRODUCT_DEFINITION('design','',#15952,#15955);
#15952 = PRODUCT_DEFINITION_FORMATION('','',#15953);
#15953 = PRODUCT('4positionStick_PCB','4positionStick_PCB','',(#15954));
#15954 = PRODUCT_CONTEXT('',#2,'mechanical');
#15955 = PRODUCT_DEFINITION_CONTEXT('part definition',#2,'design');
#15956 = ADVANCED_BREP_SHAPE_REPRESENTATION('',(#11,#15957),#16715);
#15957 = MANIFOLD_SOLID_BREP('',#15958);
#15958 = CLOSED_SHELL('',(#15959,#16001,#16032,#16063,#16247,#16431,
    #16448,#16465,#16482,#16499,#16511,#16528,#16545,#16562,#16579,
    #16596,#16613,#16630,#16647,#16664,#16681,#16698));
#15959 = ADVANCED_FACE('',(#15960),#15996,.T.);
#15960 = FACE_BOUND('',#15961,.T.);
#15961 = EDGE_LOOP('',(#15962,#15972,#15981,#15989));
#15962 = ORIENTED_EDGE('',*,*,#15963,.T.);
#15963 = EDGE_CURVE('',#15964,#15966,#15968,.T.);
#15964 = VERTEX_POINT('',#15965);
#15965 = CARTESIAN_POINT('',(139.25,-71.75,0.));
#15966 = VERTEX_POINT('',#15967);
#15967 = CARTESIAN_POINT('',(139.25,-71.75,1.51));
#15968 = LINE('',#15969,#15970);
#15969 = CARTESIAN_POINT('',(139.25,-71.75,0.));
#15970 = VECTOR('',#15971,1.);
#15971 = DIRECTION('',(0.,0.,1.));
#15972 = ORIENTED_EDGE('',*,*,#15973,.T.);
#15973 = EDGE_CURVE('',#15966,#15974,#15976,.T.);
#15974 = VERTEX_POINT('',#15975);
#15975 = CARTESIAN_POINT('',(141.25,-73.75,1.51));
#15976 = CIRCLE('',#15977,1.99999850585);
#15977 = AXIS2_PLACEMENT_3D('',#15978,#15979,#15980);
#15978 = CARTESIAN_POINT('',(139.25000149415,-73.74999850585,1.51));
#15979 = DIRECTION('',(0.,0.,-1.));
#15980 = DIRECTION('',(-7.470757349539E-07,1.,0.));
#15981 = ORIENTED_EDGE('',*,*,#15982,.F.);
#15982 = EDGE_CURVE('',#15983,#15974,#15985,.T.);
#15983 = VERTEX_POINT('',#15984);
#15984 = CARTESIAN_POINT('',(141.25,-73.75,0.));
#15985 = LINE('',#15986,#15987);
#15986 = CARTESIAN_POINT('',(141.25,-73.75,0.));
#15987 = VECTOR('',#15988,1.);
#15988 = DIRECTION('',(0.,0.,1.));
#15989 = ORIENTED_EDGE('',*,*,#15990,.F.);
#15990 = EDGE_CURVE('',#15964,#15983,#15991,.T.);
#15991 = CIRCLE('',#15992,1.99999850585);
#15992 = AXIS2_PLACEMENT_3D('',#15993,#15994,#15995);
#15993 = CARTESIAN_POINT('',(139.25000149415,-73.74999850585,0.));
#15994 = DIRECTION('',(0.,0.,-1.));
#15995 = DIRECTION('',(-7.470757349539E-07,1.,0.));
#15996 = CYLINDRICAL_SURFACE('',#15997,1.99999850585);
#15997 = AXIS2_PLACEMENT_3D('',#15998,#15999,#16000);
#15998 = CARTESIAN_POINT('',(139.25000149415,-73.74999850585,0.));
#15999 = DIRECTION('',(0.,0.,-1.));
#16000 = DIRECTION('',(-7.470757349539E-07,1.,0.));
#16001 = ADVANCED_FACE('',(#16002),#16027,.T.);
#16002 = FACE_BOUND('',#16003,.T.);
#16003 = EDGE_LOOP('',(#16004,#16014,#16020,#16021));
#16004 = ORIENTED_EDGE('',*,*,#16005,.T.);
#16005 = EDGE_CURVE('',#16006,#16008,#16010,.T.);
#16006 = VERTEX_POINT('',#16007);
#16007 = CARTESIAN_POINT('',(123.25,-71.75,0.));
#16008 = VERTEX_POINT('',#16009);
#16009 = CARTESIAN_POINT('',(123.25,-71.75,1.51));
#16010 = LINE('',#16011,#16012);
#16011 = CARTESIAN_POINT('',(123.25,-71.75,0.));
#16012 = VECTOR('',#16013,1.);
#16013 = DIRECTION('',(0.,0.,1.));
#16014 = ORIENTED_EDGE('',*,*,#16015,.T.);
#16015 = EDGE_CURVE('',#16008,#15966,#16016,.T.);
#16016 = LINE('',#16017,#16018);
#16017 = CARTESIAN_POINT('',(123.25,-71.75,1.51));
#16018 = VECTOR('',#16019,1.);
#16019 = DIRECTION('',(1.,0.,0.));
#16020 = ORIENTED_EDGE('',*,*,#15963,.F.);
#16021 = ORIENTED_EDGE('',*,*,#16022,.F.);
#16022 = EDGE_CURVE('',#16006,#15964,#16023,.T.);
#16023 = LINE('',#16024,#16025);
#16024 = CARTESIAN_POINT('',(123.25,-71.75,0.));
#16025 = VECTOR('',#16026,1.);
#16026 = DIRECTION('',(1.,0.,0.));
#16027 = PLANE('',#16028);
#16028 = AXIS2_PLACEMENT_3D('',#16029,#16030,#16031);
#16029 = CARTESIAN_POINT('',(123.25,-71.75,0.));
#16030 = DIRECTION('',(0.,1.,0.));
#16031 = DIRECTION('',(1.,0.,0.));
#16032 = ADVANCED_FACE('',(#16033),#16058,.T.);
#16033 = FACE_BOUND('',#16034,.T.);
#16034 = EDGE_LOOP('',(#16035,#16036,#16044,#16052));
#16035 = ORIENTED_EDGE('',*,*,#15982,.T.);
#16036 = ORIENTED_EDGE('',*,*,#16037,.T.);
#16037 = EDGE_CURVE('',#15974,#16038,#16040,.T.);
#16038 = VERTEX_POINT('',#16039);
#16039 = CARTESIAN_POINT('',(141.25,-84.75,1.51));
#16040 = LINE('',#16041,#16042);
#16041 = CARTESIAN_POINT('',(141.25,-73.75,1.51));
#16042 = VECTOR('',#16043,1.);
#16043 = DIRECTION('',(0.,-1.,0.));
#16044 = ORIENTED_EDGE('',*,*,#16045,.F.);
#16045 = EDGE_CURVE('',#16046,#16038,#16048,.T.);
#16046 = VERTEX_POINT('',#16047);
#16047 = CARTESIAN_POINT('',(141.25,-84.75,0.));
#16048 = LINE('',#16049,#16050);
#16049 = CARTESIAN_POINT('',(141.25,-84.75,0.));
#16050 = VECTOR('',#16051,1.);
#16051 = DIRECTION('',(0.,0.,1.));
#16052 = ORIENTED_EDGE('',*,*,#16053,.F.);
#16053 = EDGE_CURVE('',#15983,#16046,#16054,.T.);
#16054 = LINE('',#16055,#16056);
#16055 = CARTESIAN_POINT('',(141.25,-73.75,0.));
#16056 = VECTOR('',#16057,1.);
#16057 = DIRECTION('',(0.,-1.,0.));
#16058 = PLANE('',#16059);
#16059 = AXIS2_PLACEMENT_3D('',#16060,#16061,#16062);
#16060 = CARTESIAN_POINT('',(141.25,-73.75,0.));
#16061 = DIRECTION('',(1.,0.,-0.));
#16062 = DIRECTION('',(0.,-1.,0.));
#16063 = ADVANCED_FACE('',(#16064,#16110,#16121,#16132,#16143,#16154,
    #16165,#16176,#16187,#16198,#16209,#16220,#16231),#16242,.F.);
#16064 = FACE_BOUND('',#16065,.F.);
#16065 = EDGE_LOOP('',(#16066,#16067,#16068,#16077,#16085,#16094,#16102,
    #16109));
#16066 = ORIENTED_EDGE('',*,*,#15990,.F.);
#16067 = ORIENTED_EDGE('',*,*,#16022,.F.);
#16068 = ORIENTED_EDGE('',*,*,#16069,.F.);
#16069 = EDGE_CURVE('',#16070,#16006,#16072,.T.);
#16070 = VERTEX_POINT('',#16071);
#16071 = CARTESIAN_POINT('',(121.25,-73.75,0.));
#16072 = CIRCLE('',#16073,1.99999850585);
#16073 = AXIS2_PLACEMENT_3D('',#16074,#16075,#16076);
#16074 = CARTESIAN_POINT('',(123.24999850585,-73.74999850585,0.));
#16075 = DIRECTION('',(0.,0.,-1.));
#16076 = DIRECTION('',(-1.,-7.470757491648E-07,-0.));
#16077 = ORIENTED_EDGE('',*,*,#16078,.F.);
#16078 = EDGE_CURVE('',#16079,#16070,#16081,.T.);
#16079 = VERTEX_POINT('',#16080);
#16080 = CARTESIAN_POINT('',(121.25,-84.75,0.));
#16081 = LINE('',#16082,#16083);
#16082 = CARTESIAN_POINT('',(121.25,-84.75,0.));
#16083 = VECTOR('',#16084,1.);
#16084 = DIRECTION('',(0.,1.,0.));
#16085 = ORIENTED_EDGE('',*,*,#16086,.F.);
#16086 = EDGE_CURVE('',#16087,#16079,#16089,.T.);
#16087 = VERTEX_POINT('',#16088);
#16088 = CARTESIAN_POINT('',(123.25,-86.75,0.));
#16089 = CIRCLE('',#16090,1.99999850585);
#16090 = AXIS2_PLACEMENT_3D('',#16091,#16092,#16093);
#16091 = CARTESIAN_POINT('',(123.24999850585,-84.75000149415,0.));
#16092 = DIRECTION('',(0.,0.,-1.));
#16093 = DIRECTION('',(7.470757491648E-07,-1.,0.));
#16094 = ORIENTED_EDGE('',*,*,#16095,.F.);
#16095 = EDGE_CURVE('',#16096,#16087,#16098,.T.);
#16096 = VERTEX_POINT('',#16097);
#16097 = CARTESIAN_POINT('',(139.25,-86.75,0.));
#16098 = LINE('',#16099,#16100);
#16099 = CARTESIAN_POINT('',(139.25,-86.75,0.));
#16100 = VECTOR('',#16101,1.);
#16101 = DIRECTION('',(-1.,0.,0.));
#16102 = ORIENTED_EDGE('',*,*,#16103,.F.);
#16103 = EDGE_CURVE('',#16046,#16096,#16104,.T.);
#16104 = CIRCLE('',#16105,1.99999850585);
#16105 = AXIS2_PLACEMENT_3D('',#16106,#16107,#16108);
#16106 = CARTESIAN_POINT('',(139.25000149415,-84.75000149415,0.));
#16107 = DIRECTION('',(0.,0.,-1.));
#16108 = DIRECTION('',(1.,7.470757349539E-07,0.));
#16109 = ORIENTED_EDGE('',*,*,#16053,.F.);
#16110 = FACE_BOUND('',#16111,.F.);
#16111 = EDGE_LOOP('',(#16112));
#16112 = ORIENTED_EDGE('',*,*,#16113,.T.);
#16113 = EDGE_CURVE('',#16114,#16114,#16116,.T.);
#16114 = VERTEX_POINT('',#16115);
#16115 = CARTESIAN_POINT('',(123.25,-85.85,0.));
#16116 = CIRCLE('',#16117,1.1);
#16117 = AXIS2_PLACEMENT_3D('',#16118,#16119,#16120);
#16118 = CARTESIAN_POINT('',(123.25,-84.75,0.));
#16119 = DIRECTION('',(-0.,0.,-1.));
#16120 = DIRECTION('',(-0.,-1.,0.));
#16121 = FACE_BOUND('',#16122,.F.);
#16122 = EDGE_LOOP('',(#16123));
#16123 = ORIENTED_EDGE('',*,*,#16124,.T.);
#16124 = EDGE_CURVE('',#16125,#16125,#16127,.T.);
#16125 = VERTEX_POINT('',#16126);
#16126 = CARTESIAN_POINT('',(126.25,-85.9,0.));
#16127 = CIRCLE('',#16128,0.4);
#16128 = AXIS2_PLACEMENT_3D('',#16129,#16130,#16131);
#16129 = CARTESIAN_POINT('',(126.25,-85.5,0.));
#16130 = DIRECTION('',(-0.,0.,-1.));
#16131 = DIRECTION('',(-0.,-1.,0.));
#16132 = FACE_BOUND('',#16133,.F.);
#16133 = EDGE_LOOP('',(#16134));
#16134 = ORIENTED_EDGE('',*,*,#16135,.T.);
#16135 = EDGE_CURVE('',#16136,#16136,#16138,.T.);
#16136 = VERTEX_POINT('',#16137);
#16137 = CARTESIAN_POINT('',(128.25,-85.9,0.));
#16138 = CIRCLE('',#16139,0.4);
#16139 = AXIS2_PLACEMENT_3D('',#16140,#16141,#16142);
#16140 = CARTESIAN_POINT('',(128.25,-85.5,0.));
#16141 = DIRECTION('',(-0.,0.,-1.));
#16142 = DIRECTION('',(-0.,-1.,0.));
#16143 = FACE_BOUND('',#16144,.F.);
#16144 = EDGE_LOOP('',(#16145));
#16145 = ORIENTED_EDGE('',*,*,#16146,.T.);
#16146 = EDGE_CURVE('',#16147,#16147,#16149,.T.);
#16147 = VERTEX_POINT('',#16148);
#16148 = CARTESIAN_POINT('',(130.25,-85.9,0.));
#16149 = CIRCLE('',#16150,0.4);
#16150 = AXIS2_PLACEMENT_3D('',#16151,#16152,#16153);
#16151 = CARTESIAN_POINT('',(130.25,-85.5,0.));
#16152 = DIRECTION('',(-0.,0.,-1.));
#16153 = DIRECTION('',(-0.,-1.,0.));
#16154 = FACE_BOUND('',#16155,.F.);
#16155 = EDGE_LOOP('',(#16156));
#16156 = ORIENTED_EDGE('',*,*,#16157,.T.);
#16157 = EDGE_CURVE('',#16158,#16158,#16160,.T.);
#16158 = VERTEX_POINT('',#16159);
#16159 = CARTESIAN_POINT('',(132.25,-85.9,0.));
#16160 = CIRCLE('',#16161,0.4);
#16161 = AXIS2_PLACEMENT_3D('',#16162,#16163,#16164);
#16162 = CARTESIAN_POINT('',(132.25,-85.5,0.));
#16163 = DIRECTION('',(-0.,0.,-1.));
#16164 = DIRECTION('',(-0.,-1.,0.));
#16165 = FACE_BOUND('',#16166,.F.);
#16166 = EDGE_LOOP('',(#16167));
#16167 = ORIENTED_EDGE('',*,*,#16168,.T.);
#16168 = EDGE_CURVE('',#16169,#16169,#16171,.T.);
#16169 = VERTEX_POINT('',#16170);
#16170 = CARTESIAN_POINT('',(134.25,-85.9,0.));
#16171 = CIRCLE('',#16172,0.4);
#16172 = AXIS2_PLACEMENT_3D('',#16173,#16174,#16175);
#16173 = CARTESIAN_POINT('',(134.25,-85.5,0.));
#16174 = DIRECTION('',(-0.,0.,-1.));
#16175 = DIRECTION('',(-0.,-1.,0.));
#16176 = FACE_BOUND('',#16177,.F.);
#16177 = EDGE_LOOP('',(#16178));
#16178 = ORIENTED_EDGE('',*,*,#16179,.T.);
#16179 = EDGE_CURVE('',#16180,#16180,#16182,.T.);
#16180 = VERTEX_POINT('',#16181);
#16181 = CARTESIAN_POINT('',(136.25,-85.9,0.));
#16182 = CIRCLE('',#16183,0.4);
#16183 = AXIS2_PLACEMENT_3D('',#16184,#16185,#16186);
#16184 = CARTESIAN_POINT('',(136.25,-85.5,0.));
#16185 = DIRECTION('',(-0.,0.,-1.));
#16186 = DIRECTION('',(-0.,-1.,0.));
#16187 = FACE_BOUND('',#16188,.F.);
#16188 = EDGE_LOOP('',(#16189));
#16189 = ORIENTED_EDGE('',*,*,#16190,.T.);
#16190 = EDGE_CURVE('',#16191,#16191,#16193,.T.);
#16191 = VERTEX_POINT('',#16192);
#16192 = CARTESIAN_POINT('',(139.25,-85.85,0.));
#16193 = CIRCLE('',#16194,1.1);
#16194 = AXIS2_PLACEMENT_3D('',#16195,#16196,#16197);
#16195 = CARTESIAN_POINT('',(139.25,-84.75,0.));
#16196 = DIRECTION('',(-0.,0.,-1.));
#16197 = DIRECTION('',(-0.,-1.,0.));
#16198 = FACE_BOUND('',#16199,.F.);
#16199 = EDGE_LOOP('',(#16200));
#16200 = ORIENTED_EDGE('',*,*,#16201,.T.);
#16201 = EDGE_CURVE('',#16202,#16202,#16204,.T.);
#16202 = VERTEX_POINT('',#16203);
#16203 = CARTESIAN_POINT('',(132.593503,-81.193503,0.));
#16204 = CIRCLE('',#16205,0.6);
#16205 = AXIS2_PLACEMENT_3D('',#16206,#16207,#16208);
#16206 = CARTESIAN_POINT('',(132.593503,-80.593503,0.));
#16207 = DIRECTION('',(-0.,0.,-1.));
#16208 = DIRECTION('',(-0.,-1.,0.));
#16209 = FACE_BOUND('',#16210,.F.);
#16210 = EDGE_LOOP('',(#16211));
#16211 = ORIENTED_EDGE('',*,*,#16212,.T.);
#16212 = EDGE_CURVE('',#16213,#16213,#16215,.T.);
#16213 = VERTEX_POINT('',#16214);
#16214 = CARTESIAN_POINT('',(129.906497,-78.356497,0.));
#16215 = CIRCLE('',#16216,0.45);
#16216 = AXIS2_PLACEMENT_3D('',#16217,#16218,#16219);
#16217 = CARTESIAN_POINT('',(129.906497,-77.906497,0.));
#16218 = DIRECTION('',(-0.,0.,-1.));
#16219 = DIRECTION('',(-0.,-1.,0.));
#16220 = FACE_BOUND('',#16221,.F.);
#16221 = EDGE_LOOP('',(#16222));
#16222 = ORIENTED_EDGE('',*,*,#16223,.T.);
#16223 = EDGE_CURVE('',#16224,#16224,#16226,.T.);
#16224 = VERTEX_POINT('',#16225);
#16225 = CARTESIAN_POINT('',(123.25,-74.85,0.));
#16226 = CIRCLE('',#16227,1.1);
#16227 = AXIS2_PLACEMENT_3D('',#16228,#16229,#16230);
#16228 = CARTESIAN_POINT('',(123.25,-73.75,0.));
#16229 = DIRECTION('',(-0.,0.,-1.));
#16230 = DIRECTION('',(-0.,-1.,0.));
#16231 = FACE_BOUND('',#16232,.F.);
#16232 = EDGE_LOOP('',(#16233));
#16233 = ORIENTED_EDGE('',*,*,#16234,.T.);
#16234 = EDGE_CURVE('',#16235,#16235,#16237,.T.);
#16235 = VERTEX_POINT('',#16236);
#16236 = CARTESIAN_POINT('',(139.25,-74.85,0.));
#16237 = CIRCLE('',#16238,1.1);
#16238 = AXIS2_PLACEMENT_3D('',#16239,#16240,#16241);
#16239 = CARTESIAN_POINT('',(139.25,-73.75,0.));
#16240 = DIRECTION('',(-0.,0.,-1.));
#16241 = DIRECTION('',(-0.,-1.,0.));
#16242 = PLANE('',#16243);
#16243 = AXIS2_PLACEMENT_3D('',#16244,#16245,#16246);
#16244 = CARTESIAN_POINT('',(0.,0.,0.));
#16245 = DIRECTION('',(0.,0.,1.));
#16246 = DIRECTION('',(1.,0.,-0.));
#16247 = ADVANCED_FACE('',(#16248,#16294,#16305,#16316,#16327,#16338,
    #16349,#16360,#16371,#16382,#16393,#16404,#16415),#16426,.T.);
#16248 = FACE_BOUND('',#16249,.T.);
#16249 = EDGE_LOOP('',(#16250,#16251,#16252,#16261,#16269,#16278,#16286,
    #16293));
#16250 = ORIENTED_EDGE('',*,*,#15973,.F.);
#16251 = ORIENTED_EDGE('',*,*,#16015,.F.);
#16252 = ORIENTED_EDGE('',*,*,#16253,.F.);
#16253 = EDGE_CURVE('',#16254,#16008,#16256,.T.);
#16254 = VERTEX_POINT('',#16255);
#16255 = CARTESIAN_POINT('',(121.25,-73.75,1.51));
#16256 = CIRCLE('',#16257,1.99999850585);
#16257 = AXIS2_PLACEMENT_3D('',#16258,#16259,#16260);
#16258 = CARTESIAN_POINT('',(123.24999850585,-73.74999850585,1.51));
#16259 = DIRECTION('',(0.,0.,-1.));
#16260 = DIRECTION('',(-1.,-7.470757491648E-07,-0.));
#16261 = ORIENTED_EDGE('',*,*,#16262,.F.);
#16262 = EDGE_CURVE('',#16263,#16254,#16265,.T.);
#16263 = VERTEX_POINT('',#16264);
#16264 = CARTESIAN_POINT('',(121.25,-84.75,1.51));
#16265 = LINE('',#16266,#16267);
#16266 = CARTESIAN_POINT('',(121.25,-84.75,1.51));
#16267 = VECTOR('',#16268,1.);
#16268 = DIRECTION('',(0.,1.,0.));
#16269 = ORIENTED_EDGE('',*,*,#16270,.F.);
#16270 = EDGE_CURVE('',#16271,#16263,#16273,.T.);
#16271 = VERTEX_POINT('',#16272);
#16272 = CARTESIAN_POINT('',(123.25,-86.75,1.51));
#16273 = CIRCLE('',#16274,1.99999850585);
#16274 = AXIS2_PLACEMENT_3D('',#16275,#16276,#16277);
#16275 = CARTESIAN_POINT('',(123.24999850585,-84.75000149415,1.51));
#16276 = DIRECTION('',(0.,0.,-1.));
#16277 = DIRECTION('',(7.470757491648E-07,-1.,0.));
#16278 = ORIENTED_EDGE('',*,*,#16279,.F.);
#16279 = EDGE_CURVE('',#16280,#16271,#16282,.T.);
#16280 = VERTEX_POINT('',#16281);
#16281 = CARTESIAN_POINT('',(139.25,-86.75,1.51));
#16282 = LINE('',#16283,#16284);
#16283 = CARTESIAN_POINT('',(139.25,-86.75,1.51));
#16284 = VECTOR('',#16285,1.);
#16285 = DIRECTION('',(-1.,0.,0.));
#16286 = ORIENTED_EDGE('',*,*,#16287,.F.);
#16287 = EDGE_CURVE('',#16038,#16280,#16288,.T.);
#16288 = CIRCLE('',#16289,1.99999850585);
#16289 = AXIS2_PLACEMENT_3D('',#16290,#16291,#16292);
#16290 = CARTESIAN_POINT('',(139.25000149415,-84.75000149415,1.51));
#16291 = DIRECTION('',(0.,0.,-1.));
#16292 = DIRECTION('',(1.,7.470757349539E-07,0.));
#16293 = ORIENTED_EDGE('',*,*,#16037,.F.);
#16294 = FACE_BOUND('',#16295,.T.);
#16295 = EDGE_LOOP('',(#16296));
#16296 = ORIENTED_EDGE('',*,*,#16297,.T.);
#16297 = EDGE_CURVE('',#16298,#16298,#16300,.T.);
#16298 = VERTEX_POINT('',#16299);
#16299 = CARTESIAN_POINT('',(123.25,-85.85,1.51));
#16300 = CIRCLE('',#16301,1.1);
#16301 = AXIS2_PLACEMENT_3D('',#16302,#16303,#16304);
#16302 = CARTESIAN_POINT('',(123.25,-84.75,1.51));
#16303 = DIRECTION('',(-0.,0.,-1.));
#16304 = DIRECTION('',(-0.,-1.,0.));
#16305 = FACE_BOUND('',#16306,.T.);
#16306 = EDGE_LOOP('',(#16307));
#16307 = ORIENTED_EDGE('',*,*,#16308,.T.);
#16308 = EDGE_CURVE('',#16309,#16309,#16311,.T.);
#16309 = VERTEX_POINT('',#16310);
#16310 = CARTESIAN_POINT('',(126.25,-85.9,1.51));
#16311 = CIRCLE('',#16312,0.4);
#16312 = AXIS2_PLACEMENT_3D('',#16313,#16314,#16315);
#16313 = CARTESIAN_POINT('',(126.25,-85.5,1.51));
#16314 = DIRECTION('',(-0.,0.,-1.));
#16315 = DIRECTION('',(-0.,-1.,0.));
#16316 = FACE_BOUND('',#16317,.T.);
#16317 = EDGE_LOOP('',(#16318));
#16318 = ORIENTED_EDGE('',*,*,#16319,.T.);
#16319 = EDGE_CURVE('',#16320,#16320,#16322,.T.);
#16320 = VERTEX_POINT('',#16321);
#16321 = CARTESIAN_POINT('',(128.25,-85.9,1.51));
#16322 = CIRCLE('',#16323,0.4);
#16323 = AXIS2_PLACEMENT_3D('',#16324,#16325,#16326);
#16324 = CARTESIAN_POINT('',(128.25,-85.5,1.51));
#16325 = DIRECTION('',(-0.,0.,-1.));
#16326 = DIRECTION('',(-0.,-1.,0.));
#16327 = FACE_BOUND('',#16328,.T.);
#16328 = EDGE_LOOP('',(#16329));
#16329 = ORIENTED_EDGE('',*,*,#16330,.T.);
#16330 = EDGE_CURVE('',#16331,#16331,#16333,.T.);
#16331 = VERTEX_POINT('',#16332);
#16332 = CARTESIAN_POINT('',(130.25,-85.9,1.51));
#16333 = CIRCLE('',#16334,0.4);
#16334 = AXIS2_PLACEMENT_3D('',#16335,#16336,#16337);
#16335 = CARTESIAN_POINT('',(130.25,-85.5,1.51));
#16336 = DIRECTION('',(-0.,0.,-1.));
#16337 = DIRECTION('',(-0.,-1.,0.));
#16338 = FACE_BOUND('',#16339,.T.);
#16339 = EDGE_LOOP('',(#16340));
#16340 = ORIENTED_EDGE('',*,*,#16341,.T.);
#16341 = EDGE_CURVE('',#16342,#16342,#16344,.T.);
#16342 = VERTEX_POINT('',#16343);
#16343 = CARTESIAN_POINT('',(132.25,-85.9,1.51));
#16344 = CIRCLE('',#16345,0.4);
#16345 = AXIS2_PLACEMENT_3D('',#16346,#16347,#16348);
#16346 = CARTESIAN_POINT('',(132.25,-85.5,1.51));
#16347 = DIRECTION('',(-0.,0.,-1.));
#16348 = DIRECTION('',(-0.,-1.,0.));
#16349 = FACE_BOUND('',#16350,.T.);
#16350 = EDGE_LOOP('',(#16351));
#16351 = ORIENTED_EDGE('',*,*,#16352,.T.);
#16352 = EDGE_CURVE('',#16353,#16353,#16355,.T.);
#16353 = VERTEX_POINT('',#16354);
#16354 = CARTESIAN_POINT('',(134.25,-85.9,1.51));
#16355 = CIRCLE('',#16356,0.4);
#16356 = AXIS2_PLACEMENT_3D('',#16357,#16358,#16359);
#16357 = CARTESIAN_POINT('',(134.25,-85.5,1.51));
#16358 = DIRECTION('',(-0.,0.,-1.));
#16359 = DIRECTION('',(-0.,-1.,0.));
#16360 = FACE_BOUND('',#16361,.T.);
#16361 = EDGE_LOOP('',(#16362));
#16362 = ORIENTED_EDGE('',*,*,#16363,.T.);
#16363 = EDGE_CURVE('',#16364,#16364,#16366,.T.);
#16364 = VERTEX_POINT('',#16365);
#16365 = CARTESIAN_POINT('',(136.25,-85.9,1.51));
#16366 = CIRCLE('',#16367,0.4);
#16367 = AXIS2_PLACEMENT_3D('',#16368,#16369,#16370);
#16368 = CARTESIAN_POINT('',(136.25,-85.5,1.51));
#16369 = DIRECTION('',(-0.,0.,-1.));
#16370 = DIRECTION('',(-0.,-1.,0.));
#16371 = FACE_BOUND('',#16372,.T.);
#16372 = EDGE_LOOP('',(#16373));
#16373 = ORIENTED_EDGE('',*,*,#16374,.T.);
#16374 = EDGE_CURVE('',#16375,#16375,#16377,.T.);
#16375 = VERTEX_POINT('',#16376);
#16376 = CARTESIAN_POINT('',(139.25,-85.85,1.51));
#16377 = CIRCLE('',#16378,1.1);
#16378 = AXIS2_PLACEMENT_3D('',#16379,#16380,#16381);
#16379 = CARTESIAN_POINT('',(139.25,-84.75,1.51));
#16380 = DIRECTION('',(-0.,0.,-1.));
#16381 = DIRECTION('',(-0.,-1.,0.));
#16382 = FACE_BOUND('',#16383,.T.);
#16383 = EDGE_LOOP('',(#16384));
#16384 = ORIENTED_EDGE('',*,*,#16385,.T.);
#16385 = EDGE_CURVE('',#16386,#16386,#16388,.T.);
#16386 = VERTEX_POINT('',#16387);
#16387 = CARTESIAN_POINT('',(132.593503,-81.193503,1.51));
#16388 = CIRCLE('',#16389,0.6);
#16389 = AXIS2_PLACEMENT_3D('',#16390,#16391,#16392);
#16390 = CARTESIAN_POINT('',(132.593503,-80.593503,1.51));
#16391 = DIRECTION('',(-0.,0.,-1.));
#16392 = DIRECTION('',(-0.,-1.,0.));
#16393 = FACE_BOUND('',#16394,.T.);
#16394 = EDGE_LOOP('',(#16395));
#16395 = ORIENTED_EDGE('',*,*,#16396,.T.);
#16396 = EDGE_CURVE('',#16397,#16397,#16399,.T.);
#16397 = VERTEX_POINT('',#16398);
#16398 = CARTESIAN_POINT('',(129.906497,-78.356497,1.51));
#16399 = CIRCLE('',#16400,0.45);
#16400 = AXIS2_PLACEMENT_3D('',#16401,#16402,#16403);
#16401 = CARTESIAN_POINT('',(129.906497,-77.906497,1.51));
#16402 = DIRECTION('',(-0.,0.,-1.));
#16403 = DIRECTION('',(-0.,-1.,0.));
#16404 = FACE_BOUND('',#16405,.T.);
#16405 = EDGE_LOOP('',(#16406));
#16406 = ORIENTED_EDGE('',*,*,#16407,.T.);
#16407 = EDGE_CURVE('',#16408,#16408,#16410,.T.);
#16408 = VERTEX_POINT('',#16409);
#16409 = CARTESIAN_POINT('',(123.25,-74.85,1.51));
#16410 = CIRCLE('',#16411,1.1);
#16411 = AXIS2_PLACEMENT_3D('',#16412,#16413,#16414);
#16412 = CARTESIAN_POINT('',(123.25,-73.75,1.51));
#16413 = DIRECTION('',(-0.,0.,-1.));
#16414 = DIRECTION('',(-0.,-1.,0.));
#16415 = FACE_BOUND('',#16416,.T.);
#16416 = EDGE_LOOP('',(#16417));
#16417 = ORIENTED_EDGE('',*,*,#16418,.T.);
#16418 = EDGE_CURVE('',#16419,#16419,#16421,.T.);
#16419 = VERTEX_POINT('',#16420);
#16420 = CARTESIAN_POINT('',(139.25,-74.85,1.51));
#16421 = CIRCLE('',#16422,1.1);
#16422 = AXIS2_PLACEMENT_3D('',#16423,#16424,#16425);
#16423 = CARTESIAN_POINT('',(139.25,-73.75,1.51));
#16424 = DIRECTION('',(-0.,0.,-1.));
#16425 = DIRECTION('',(-0.,-1.,0.));
#16426 = PLANE('',#16427);
#16427 = AXIS2_PLACEMENT_3D('',#16428,#16429,#16430);
#16428 = CARTESIAN_POINT('',(0.,0.,1.51));
#16429 = DIRECTION('',(0.,0.,1.));
#16430 = DIRECTION('',(1.,0.,-0.));
#16431 = ADVANCED_FACE('',(#16432),#16443,.T.);
#16432 = FACE_BOUND('',#16433,.T.);
#16433 = EDGE_LOOP('',(#16434,#16440,#16441,#16442));
#16434 = ORIENTED_EDGE('',*,*,#16435,.T.);
#16435 = EDGE_CURVE('',#16070,#16254,#16436,.T.);
#16436 = LINE('',#16437,#16438);
#16437 = CARTESIAN_POINT('',(121.25,-73.75,0.));
#16438 = VECTOR('',#16439,1.);
#16439 = DIRECTION('',(0.,0.,1.));
#16440 = ORIENTED_EDGE('',*,*,#16253,.T.);
#16441 = ORIENTED_EDGE('',*,*,#16005,.F.);
#16442 = ORIENTED_EDGE('',*,*,#16069,.F.);
#16443 = CYLINDRICAL_SURFACE('',#16444,1.99999850585);
#16444 = AXIS2_PLACEMENT_3D('',#16445,#16446,#16447);
#16445 = CARTESIAN_POINT('',(123.24999850585,-73.74999850585,0.));
#16446 = DIRECTION('',(0.,0.,-1.));
#16447 = DIRECTION('',(-1.,-7.470757491648E-07,-0.));
#16448 = ADVANCED_FACE('',(#16449),#16460,.T.);
#16449 = FACE_BOUND('',#16450,.T.);
#16450 = EDGE_LOOP('',(#16451,#16452,#16453,#16459));
#16451 = ORIENTED_EDGE('',*,*,#16045,.T.);
#16452 = ORIENTED_EDGE('',*,*,#16287,.T.);
#16453 = ORIENTED_EDGE('',*,*,#16454,.F.);
#16454 = EDGE_CURVE('',#16096,#16280,#16455,.T.);
#16455 = LINE('',#16456,#16457);
#16456 = CARTESIAN_POINT('',(139.25,-86.75,0.));
#16457 = VECTOR('',#16458,1.);
#16458 = DIRECTION('',(0.,0.,1.));
#16459 = ORIENTED_EDGE('',*,*,#16103,.F.);
#16460 = CYLINDRICAL_SURFACE('',#16461,1.99999850585);
#16461 = AXIS2_PLACEMENT_3D('',#16462,#16463,#16464);
#16462 = CARTESIAN_POINT('',(139.25000149415,-84.75000149415,0.));
#16463 = DIRECTION('',(0.,0.,-1.));
#16464 = DIRECTION('',(1.,7.470757349539E-07,0.));
#16465 = ADVANCED_FACE('',(#16466),#16477,.T.);
#16466 = FACE_BOUND('',#16467,.T.);
#16467 = EDGE_LOOP('',(#16468,#16474,#16475,#16476));
#16468 = ORIENTED_EDGE('',*,*,#16469,.T.);
#16469 = EDGE_CURVE('',#16079,#16263,#16470,.T.);
#16470 = LINE('',#16471,#16472);
#16471 = CARTESIAN_POINT('',(121.25,-84.75,0.));
#16472 = VECTOR('',#16473,1.);
#16473 = DIRECTION('',(0.,0.,1.));
#16474 = ORIENTED_EDGE('',*,*,#16262,.T.);
#16475 = ORIENTED_EDGE('',*,*,#16435,.F.);
#16476 = ORIENTED_EDGE('',*,*,#16078,.F.);
#16477 = PLANE('',#16478);
#16478 = AXIS2_PLACEMENT_3D('',#16479,#16480,#16481);
#16479 = CARTESIAN_POINT('',(121.25,-84.75,0.));
#16480 = DIRECTION('',(-1.,0.,0.));
#16481 = DIRECTION('',(0.,1.,0.));
#16482 = ADVANCED_FACE('',(#16483),#16494,.T.);
#16483 = FACE_BOUND('',#16484,.T.);
#16484 = EDGE_LOOP('',(#16485,#16486,#16487,#16493));
#16485 = ORIENTED_EDGE('',*,*,#16454,.T.);
#16486 = ORIENTED_EDGE('',*,*,#16279,.T.);
#16487 = ORIENTED_EDGE('',*,*,#16488,.F.);
#16488 = EDGE_CURVE('',#16087,#16271,#16489,.T.);
#16489 = LINE('',#16490,#16491);
#16490 = CARTESIAN_POINT('',(123.25,-86.75,0.));
#16491 = VECTOR('',#16492,1.);
#16492 = DIRECTION('',(0.,0.,1.));
#16493 = ORIENTED_EDGE('',*,*,#16095,.F.);
#16494 = PLANE('',#16495);
#16495 = AXIS2_PLACEMENT_3D('',#16496,#16497,#16498);
#16496 = CARTESIAN_POINT('',(139.25,-86.75,0.));
#16497 = DIRECTION('',(0.,-1.,0.));
#16498 = DIRECTION('',(-1.,0.,0.));
#16499 = ADVANCED_FACE('',(#16500),#16506,.T.);
#16500 = FACE_BOUND('',#16501,.T.);
#16501 = EDGE_LOOP('',(#16502,#16503,#16504,#16505));
#16502 = ORIENTED_EDGE('',*,*,#16488,.T.);
#16503 = ORIENTED_EDGE('',*,*,#16270,.T.);
#16504 = ORIENTED_EDGE('',*,*,#16469,.F.);
#16505 = ORIENTED_EDGE('',*,*,#16086,.F.);
#16506 = CYLINDRICAL_SURFACE('',#16507,1.99999850585);
#16507 = AXIS2_PLACEMENT_3D('',#16508,#16509,#16510);
#16508 = CARTESIAN_POINT('',(123.24999850585,-84.75000149415,0.));
#16509 = DIRECTION('',(0.,0.,-1.));
#16510 = DIRECTION('',(7.470757491648E-07,-1.,0.));
#16511 = ADVANCED_FACE('',(#16512),#16523,.F.);
#16512 = FACE_BOUND('',#16513,.T.);
#16513 = EDGE_LOOP('',(#16514,#16515,#16521,#16522));
#16514 = ORIENTED_EDGE('',*,*,#16113,.T.);
#16515 = ORIENTED_EDGE('',*,*,#16516,.T.);
#16516 = EDGE_CURVE('',#16114,#16298,#16517,.T.);
#16517 = LINE('',#16518,#16519);
#16518 = CARTESIAN_POINT('',(123.25,-85.85,-4.6E-02));
#16519 = VECTOR('',#16520,1.);
#16520 = DIRECTION('',(0.,0.,1.));
#16521 = ORIENTED_EDGE('',*,*,#16297,.F.);
#16522 = ORIENTED_EDGE('',*,*,#16516,.F.);
#16523 = CYLINDRICAL_SURFACE('',#16524,1.1);
#16524 = AXIS2_PLACEMENT_3D('',#16525,#16526,#16527);
#16525 = CARTESIAN_POINT('',(123.25,-84.75,-4.6E-02));
#16526 = DIRECTION('',(-0.,-0.,-1.));
#16527 = DIRECTION('',(-0.,-1.,0.));
#16528 = ADVANCED_FACE('',(#16529),#16540,.F.);
#16529 = FACE_BOUND('',#16530,.T.);
#16530 = EDGE_LOOP('',(#16531,#16532,#16538,#16539));
#16531 = ORIENTED_EDGE('',*,*,#16124,.T.);
#16532 = ORIENTED_EDGE('',*,*,#16533,.T.);
#16533 = EDGE_CURVE('',#16125,#16309,#16534,.T.);
#16534 = LINE('',#16535,#16536);
#16535 = CARTESIAN_POINT('',(126.25,-85.9,-4.6E-02));
#16536 = VECTOR('',#16537,1.);
#16537 = DIRECTION('',(0.,0.,1.));
#16538 = ORIENTED_EDGE('',*,*,#16308,.F.);
#16539 = ORIENTED_EDGE('',*,*,#16533,.F.);
#16540 = CYLINDRICAL_SURFACE('',#16541,0.4);
#16541 = AXIS2_PLACEMENT_3D('',#16542,#16543,#16544);
#16542 = CARTESIAN_POINT('',(126.25,-85.5,-4.6E-02));
#16543 = DIRECTION('',(-0.,-0.,-1.));
#16544 = DIRECTION('',(-0.,-1.,0.));
#16545 = ADVANCED_FACE('',(#16546),#16557,.F.);
#16546 = FACE_BOUND('',#16547,.T.);
#16547 = EDGE_LOOP('',(#16548,#16549,#16555,#16556));
#16548 = ORIENTED_EDGE('',*,*,#16135,.T.);
#16549 = ORIENTED_EDGE('',*,*,#16550,.T.);
#16550 = EDGE_CURVE('',#16136,#16320,#16551,.T.);
#16551 = LINE('',#16552,#16553);
#16552 = CARTESIAN_POINT('',(128.25,-85.9,-4.6E-02));
#16553 = VECTOR('',#16554,1.);
#16554 = DIRECTION('',(0.,0.,1.));
#16555 = ORIENTED_EDGE('',*,*,#16319,.F.);
#16556 = ORIENTED_EDGE('',*,*,#16550,.F.);
#16557 = CYLINDRICAL_SURFACE('',#16558,0.4);
#16558 = AXIS2_PLACEMENT_3D('',#16559,#16560,#16561);
#16559 = CARTESIAN_POINT('',(128.25,-85.5,-4.6E-02));
#16560 = DIRECTION('',(-0.,-0.,-1.));
#16561 = DIRECTION('',(-0.,-1.,0.));
#16562 = ADVANCED_FACE('',(#16563),#16574,.F.);
#16563 = FACE_BOUND('',#16564,.T.);
#16564 = EDGE_LOOP('',(#16565,#16566,#16572,#16573));
#16565 = ORIENTED_EDGE('',*,*,#16146,.T.);
#16566 = ORIENTED_EDGE('',*,*,#16567,.T.);
#16567 = EDGE_CURVE('',#16147,#16331,#16568,.T.);
#16568 = LINE('',#16569,#16570);
#16569 = CARTESIAN_POINT('',(130.25,-85.9,-4.6E-02));
#16570 = VECTOR('',#16571,1.);
#16571 = DIRECTION('',(0.,0.,1.));
#16572 = ORIENTED_EDGE('',*,*,#16330,.F.);
#16573 = ORIENTED_EDGE('',*,*,#16567,.F.);
#16574 = CYLINDRICAL_SURFACE('',#16575,0.4);
#16575 = AXIS2_PLACEMENT_3D('',#16576,#16577,#16578);
#16576 = CARTESIAN_POINT('',(130.25,-85.5,-4.6E-02));
#16577 = DIRECTION('',(-0.,-0.,-1.));
#16578 = DIRECTION('',(-0.,-1.,0.));
#16579 = ADVANCED_FACE('',(#16580),#16591,.F.);
#16580 = FACE_BOUND('',#16581,.T.);
#16581 = EDGE_LOOP('',(#16582,#16583,#16589,#16590));
#16582 = ORIENTED_EDGE('',*,*,#16157,.T.);
#16583 = ORIENTED_EDGE('',*,*,#16584,.T.);
#16584 = EDGE_CURVE('',#16158,#16342,#16585,.T.);
#16585 = LINE('',#16586,#16587);
#16586 = CARTESIAN_POINT('',(132.25,-85.9,-4.6E-02));
#16587 = VECTOR('',#16588,1.);
#16588 = DIRECTION('',(0.,0.,1.));
#16589 = ORIENTED_EDGE('',*,*,#16341,.F.);
#16590 = ORIENTED_EDGE('',*,*,#16584,.F.);
#16591 = CYLINDRICAL_SURFACE('',#16592,0.4);
#16592 = AXIS2_PLACEMENT_3D('',#16593,#16594,#16595);
#16593 = CARTESIAN_POINT('',(132.25,-85.5,-4.6E-02));
#16594 = DIRECTION('',(-0.,-0.,-1.));
#16595 = DIRECTION('',(-0.,-1.,0.));
#16596 = ADVANCED_FACE('',(#16597),#16608,.F.);
#16597 = FACE_BOUND('',#16598,.T.);
#16598 = EDGE_LOOP('',(#16599,#16600,#16606,#16607));
#16599 = ORIENTED_EDGE('',*,*,#16168,.T.);
#16600 = ORIENTED_EDGE('',*,*,#16601,.T.);
#16601 = EDGE_CURVE('',#16169,#16353,#16602,.T.);
#16602 = LINE('',#16603,#16604);
#16603 = CARTESIAN_POINT('',(134.25,-85.9,-4.6E-02));
#16604 = VECTOR('',#16605,1.);
#16605 = DIRECTION('',(0.,0.,1.));
#16606 = ORIENTED_EDGE('',*,*,#16352,.F.);
#16607 = ORIENTED_EDGE('',*,*,#16601,.F.);
#16608 = CYLINDRICAL_SURFACE('',#16609,0.4);
#16609 = AXIS2_PLACEMENT_3D('',#16610,#16611,#16612);
#16610 = CARTESIAN_POINT('',(134.25,-85.5,-4.6E-02));
#16611 = DIRECTION('',(-0.,-0.,-1.));
#16612 = DIRECTION('',(-0.,-1.,0.));
#16613 = ADVANCED_FACE('',(#16614),#16625,.F.);
#16614 = FACE_BOUND('',#16615,.T.);
#16615 = EDGE_LOOP('',(#16616,#16617,#16623,#16624));
#16616 = ORIENTED_EDGE('',*,*,#16179,.T.);
#16617 = ORIENTED_EDGE('',*,*,#16618,.T.);
#16618 = EDGE_CURVE('',#16180,#16364,#16619,.T.);
#16619 = LINE('',#16620,#16621);
#16620 = CARTESIAN_POINT('',(136.25,-85.9,-4.6E-02));
#16621 = VECTOR('',#16622,1.);
#16622 = DIRECTION('',(0.,0.,1.));
#16623 = ORIENTED_EDGE('',*,*,#16363,.F.);
#16624 = ORIENTED_EDGE('',*,*,#16618,.F.);
#16625 = CYLINDRICAL_SURFACE('',#16626,0.4);
#16626 = AXIS2_PLACEMENT_3D('',#16627,#16628,#16629);
#16627 = CARTESIAN_POINT('',(136.25,-85.5,-4.6E-02));
#16628 = DIRECTION('',(-0.,-0.,-1.));
#16629 = DIRECTION('',(-0.,-1.,0.));
#16630 = ADVANCED_FACE('',(#16631),#16642,.F.);
#16631 = FACE_BOUND('',#16632,.T.);
#16632 = EDGE_LOOP('',(#16633,#16634,#16640,#16641));
#16633 = ORIENTED_EDGE('',*,*,#16190,.T.);
#16634 = ORIENTED_EDGE('',*,*,#16635,.T.);
#16635 = EDGE_CURVE('',#16191,#16375,#16636,.T.);
#16636 = LINE('',#16637,#16638);
#16637 = CARTESIAN_POINT('',(139.25,-85.85,-4.6E-02));
#16638 = VECTOR('',#16639,1.);
#16639 = DIRECTION('',(0.,0.,1.));
#16640 = ORIENTED_EDGE('',*,*,#16374,.F.);
#16641 = ORIENTED_EDGE('',*,*,#16635,.F.);
#16642 = CYLINDRICAL_SURFACE('',#16643,1.1);
#16643 = AXIS2_PLACEMENT_3D('',#16644,#16645,#16646);
#16644 = CARTESIAN_POINT('',(139.25,-84.75,-4.6E-02));
#16645 = DIRECTION('',(-0.,-0.,-1.));
#16646 = DIRECTION('',(-0.,-1.,0.));
#16647 = ADVANCED_FACE('',(#16648),#16659,.F.);
#16648 = FACE_BOUND('',#16649,.T.);
#16649 = EDGE_LOOP('',(#16650,#16651,#16657,#16658));
#16650 = ORIENTED_EDGE('',*,*,#16201,.T.);
#16651 = ORIENTED_EDGE('',*,*,#16652,.T.);
#16652 = EDGE_CURVE('',#16202,#16386,#16653,.T.);
#16653 = LINE('',#16654,#16655);
#16654 = CARTESIAN_POINT('',(132.593503,-81.193503,-4.6E-02));
#16655 = VECTOR('',#16656,1.);
#16656 = DIRECTION('',(0.,0.,1.));
#16657 = ORIENTED_EDGE('',*,*,#16385,.F.);
#16658 = ORIENTED_EDGE('',*,*,#16652,.F.);
#16659 = CYLINDRICAL_SURFACE('',#16660,0.6);
#16660 = AXIS2_PLACEMENT_3D('',#16661,#16662,#16663);
#16661 = CARTESIAN_POINT('',(132.593503,-80.593503,-4.6E-02));
#16662 = DIRECTION('',(-0.,-0.,-1.));
#16663 = DIRECTION('',(-0.,-1.,0.));
#16664 = ADVANCED_FACE('',(#16665),#16676,.F.);
#16665 = FACE_BOUND('',#16666,.T.);
#16666 = EDGE_LOOP('',(#16667,#16668,#16674,#16675));
#16667 = ORIENTED_EDGE('',*,*,#16212,.T.);
#16668 = ORIENTED_EDGE('',*,*,#16669,.T.);
#16669 = EDGE_CURVE('',#16213,#16397,#16670,.T.);
#16670 = LINE('',#16671,#16672);
#16671 = CARTESIAN_POINT('',(129.906497,-78.356497,-4.6E-02));
#16672 = VECTOR('',#16673,1.);
#16673 = DIRECTION('',(0.,0.,1.));
#16674 = ORIENTED_EDGE('',*,*,#16396,.F.);
#16675 = ORIENTED_EDGE('',*,*,#16669,.F.);
#16676 = CYLINDRICAL_SURFACE('',#16677,0.45);
#16677 = AXIS2_PLACEMENT_3D('',#16678,#16679,#16680);
#16678 = CARTESIAN_POINT('',(129.906497,-77.906497,-4.6E-02));
#16679 = DIRECTION('',(-0.,-0.,-1.));
#16680 = DIRECTION('',(-0.,-1.,0.));
#16681 = ADVANCED_FACE('',(#16682),#16693,.F.);
#16682 = FACE_BOUND('',#16683,.T.);
#16683 = EDGE_LOOP('',(#16684,#16685,#16691,#16692));
#16684 = ORIENTED_EDGE('',*,*,#16223,.T.);
#16685 = ORIENTED_EDGE('',*,*,#16686,.T.);
#16686 = EDGE_CURVE('',#16224,#16408,#16687,.T.);
#16687 = LINE('',#16688,#16689);
#16688 = CARTESIAN_POINT('',(123.25,-74.85,-4.6E-02));
#16689 = VECTOR('',#16690,1.);
#16690 = DIRECTION('',(0.,0.,1.));
#16691 = ORIENTED_EDGE('',*,*,#16407,.F.);
#16692 = ORIENTED_EDGE('',*,*,#16686,.F.);
#16693 = CYLINDRICAL_SURFACE('',#16694,1.1);
#16694 = AXIS2_PLACEMENT_3D('',#16695,#16696,#16697);
#16695 = CARTESIAN_POINT('',(123.25,-73.75,-4.6E-02));
#16696 = DIRECTION('',(-0.,-0.,-1.));
#16697 = DIRECTION('',(-0.,-1.,0.));
#16698 = ADVANCED_FACE('',(#16699),#16710,.F.);
#16699 = FACE_BOUND('',#16700,.T.);
#16700 = EDGE_LOOP('',(#16701,#16702,#16708,#16709));
#16701 = ORIENTED_EDGE('',*,*,#16234,.T.);
#16702 = ORIENTED_EDGE('',*,*,#16703,.T.);
#16703 = EDGE_CURVE('',#16235,#16419,#16704,.T.);
#16704 = LINE('',#16705,#16706);
#16705 = CARTESIAN_POINT('',(139.25,-74.85,-4.6E-02));
#16706 = VECTOR('',#16707,1.);
#16707 = DIRECTION('',(0.,0.,1.));
#16708 = ORIENTED_EDGE('',*,*,#16418,.F.);
#16709 = ORIENTED_EDGE('',*,*,#16703,.F.);
#16710 = CYLINDRICAL_SURFACE('',#16711,1.1);
#16711 = AXIS2_PLACEMENT_3D('',#16712,#16713,#16714);
#16712 = CARTESIAN_POINT('',(139.25,-73.75,-4.6E-02));
#16713 = DIRECTION('',(-0.,-0.,-1.));
#16714 = DIRECTION('',(-0.,-1.,0.));
#16715 = ( GEOMETRIC_REPRESENTATION_CONTEXT(3) 
GLOBAL_UNCERTAINTY_ASSIGNED_CONTEXT((#16719)) 
GLOBAL_UNIT_ASSIGNED_CONTEXT((#16716,#16717,#16718)) 
REPRESENTATION_CONTEXT('Context #1',
  '3D Context with UNIT and UNCERTAINTY') );
#16716 = ( LENGTH_UNIT() NAMED_UNIT(*) SI_UNIT(.MILLI.,.METRE.) );
#16717 = ( NAMED_UNIT(*) PLANE_ANGLE_UNIT() SI_UNIT($,.RADIAN.) );
#16718 = ( NAMED_UNIT(*) SI_UNIT($,.STERADIAN.) SOLID_ANGLE_UNIT() );
#16719 = UNCERTAINTY_MEASURE_WITH_UNIT(LENGTH_MEASURE(1.E-07),#16716,
  'distance_accuracy_value','confusion accuracy');
#16720 = CONTEXT_DEPENDENT_SHAPE_REPRESENTATION(#16721,#16723);
#16721 = ( REPRESENTATION_RELATIONSHIP('','',#15956,#10) 
REPRESENTATION_RELATIONSHIP_WITH_TRANSFORMATION(#16722) 
SHAPE_REPRESENTATION_RELATIONSHIP() );
#16722 = ITEM_DEFINED_TRANSFORMATION('','',#11,#19);
#16723 = PRODUCT_DEFINITION_SHAPE('Placement','Placement of an item',
  #16724);
#16724 = NEXT_ASSEMBLY_USAGE_OCCURRENCE('3','=>[0:1:1:4]','',#5,#15951,$
  );
#16725 = PRODUCT_RELATED_PRODUCT_CATEGORY('part',$,(#15953));
#16726 = MECHANICAL_DESIGN_GEOMETRIC_PRESENTATION_REPRESENTATION('',(
    #16727,#16735,#16743,#16750,#16757,#16764,#16771,#16778,#16785,
    #16792,#16799,#16806,#16813,#16820,#16827,#16834,#16841,#16848,
    #16855,#16862,#16869,#16876,#16883,#16890,#16897,#16904,#16911,
    #16918,#16925,#16932,#16939,#16946,#16953,#16960,#16967,#16974,
    #16981,#16988,#16995,#17002,#17009,#17016,#17023,#17030,#17037,
    #17044,#17051,#17058,#17065,#17072,#17079,#17086,#17093,#17100,
    #17107,#17114,#17121,#17128,#17135,#17142,#17149,#17156,#17163,
    #17170,#17177,#17184,#17191,#17198,#17205,#17212,#17219,#17226,
    #17233,#17241,#17248,#17255,#17262,#17269,#17276,#17283,#17290,
    #17297,#17304,#17311,#17318,#17325,#17332,#17339,#17346,#17353,
    #17360,#17367,#17374,#17381,#17388,#17395,#17402,#17409,#17416,
    #17423,#17430,#17437,#17444,#17451,#17458,#17465,#17472,#17479,
    #17486,#17493,#17500,#17507,#17514,#17521,#17528,#17535,#17542,
    #17549,#17556,#17563,#17570,#17577,#17584,#17591,#17598,#17605,
    #17612,#17619,#17626,#17633,#17640,#17647,#17654,#17661,#17668,
    #17675,#17682,#17689,#17696,#17703,#17710,#17717,#17724,#17731,
    #17738,#17745,#17752,#17759,#17766,#17773,#17780,#17787,#17794,
    #17801,#17808,#17815,#17822,#17829,#17836,#17843,#17850,#17857,
    #17864,#17871,#17878,#17885,#17892,#17899,#17906,#17913,#17920,
    #17927,#17934,#17941,#17948,#17955,#17962,#17969,#17976,#17983,
    #17990,#17997,#18004,#18011,#18018,#18025,#18032,#18039,#18046,
    #18053,#18060,#18067,#18074,#18081,#18088,#18095,#18102,#18109,
    #18116,#18123,#18130,#18137,#18144,#18151,#18158,#18165,#18172,
    #18179,#18186,#18193,#18200,#18207,#18214,#18221,#18228,#18235,
    #18242,#18249,#18256,#18263,#18270,#18277,#18284,#18291,#18298,
    #18305,#18312,#18319,#18326,#18333,#18340,#18347,#18354,#18361,
    #18368,#18375,#18382,#18389,#18396,#18403,#18410,#18417,#18424,
    #18431,#18438,#18445,#18452,#18459,#18466,#18473,#18480,#18487,
    #18494,#18501,#18508,#18515,#18522,#18529,#18536,#18543,#18550,
    #18557,#18564,#18571,#18578,#18585,#18592,#18599,#18606,#18613,
    #18620,#18627,#18634,#18641,#18648,#18655,#18662,#18669,#18676,
    #18683,#18690,#18697,#18704,#18711,#18718,#18725,#18732,#18739,
    #18746,#18753,#18760,#18767,#18774,#18781,#18788,#18795,#18802,
    #18809,#18816,#18823,#18830,#18837,#18844,#18851,#18858,#18865,
    #18872,#18879,#18886,#18893,#18900,#18907,#18914,#18921,#18928),
  #15938);
#16727 = STYLED_ITEM('color',(#16728),#60);
#16728 = PRESENTATION_STYLE_ASSIGNMENT((#16729));
#16729 = SURFACE_STYLE_USAGE(.BOTH.,#16730);
#16730 = SURFACE_SIDE_STYLE('',(#16731));
#16731 = SURFACE_STYLE_FILL_AREA(#16732);
#16732 = FILL_AREA_STYLE('',(#16733));
#16733 = FILL_AREA_STYLE_COLOUR('',#16734);
#16734 = DRAUGHTING_PRE_DEFINED_COLOUR('white');
#16735 = OVER_RIDING_STYLED_ITEM('overriding color',(#16736),#62,#16727
  );
#16736 = PRESENTATION_STYLE_ASSIGNMENT((#16737));
#16737 = SURFACE_STYLE_USAGE(.BOTH.,#16738);
#16738 = SURFACE_SIDE_STYLE('',(#16739));
#16739 = SURFACE_STYLE_FILL_AREA(#16740);
#16740 = FILL_AREA_STYLE('',(#16741));
#16741 = FILL_AREA_STYLE_COLOUR('',#16742);
#16742 = COLOUR_RGB('',0.439215679954,0.439215679954,0.439215679954);
#16743 = OVER_RIDING_STYLED_ITEM('overriding color',(#16744),#113,#16727
  );
#16744 = PRESENTATION_STYLE_ASSIGNMENT((#16745));
#16745 = SURFACE_STYLE_USAGE(.BOTH.,#16746);
#16746 = SURFACE_SIDE_STYLE('',(#16747));
#16747 = SURFACE_STYLE_FILL_AREA(#16748);
#16748 = FILL_AREA_STYLE('',(#16749));
#16749 = FILL_AREA_STYLE_COLOUR('',#16742);
#16750 = OVER_RIDING_STYLED_ITEM('overriding color',(#16751),#157,#16727
  );
#16751 = PRESENTATION_STYLE_ASSIGNMENT((#16752));
#16752 = SURFACE_STYLE_USAGE(.BOTH.,#16753);
#16753 = SURFACE_SIDE_STYLE('',(#16754));
#16754 = SURFACE_STYLE_FILL_AREA(#16755);
#16755 = FILL_AREA_STYLE('',(#16756));
#16756 = FILL_AREA_STYLE_COLOUR('',#16742);
#16757 = OVER_RIDING_STYLED_ITEM('overriding color',(#16758),#189,#16727
  );
#16758 = PRESENTATION_STYLE_ASSIGNMENT((#16759));
#16759 = SURFACE_STYLE_USAGE(.BOTH.,#16760);
#16760 = SURFACE_SIDE_STYLE('',(#16761));
#16761 = SURFACE_STYLE_FILL_AREA(#16762);
#16762 = FILL_AREA_STYLE('',(#16763));
#16763 = FILL_AREA_STYLE_COLOUR('',#16742);
#16764 = OVER_RIDING_STYLED_ITEM('overriding color',(#16765),#221,#16727
  );
#16765 = PRESENTATION_STYLE_ASSIGNMENT((#16766));
#16766 = SURFACE_STYLE_USAGE(.BOTH.,#16767);
#16767 = SURFACE_SIDE_STYLE('',(#16768));
#16768 = SURFACE_STYLE_FILL_AREA(#16769);
#16769 = FILL_AREA_STYLE('',(#16770));
#16770 = FILL_AREA_STYLE_COLOUR('',#16742);
#16771 = OVER_RIDING_STYLED_ITEM('overriding color',(#16772),#263,#16727
  );
#16772 = PRESENTATION_STYLE_ASSIGNMENT((#16773));
#16773 = SURFACE_STYLE_USAGE(.BOTH.,#16774);
#16774 = SURFACE_SIDE_STYLE('',(#16775));
#16775 = SURFACE_STYLE_FILL_AREA(#16776);
#16776 = FILL_AREA_STYLE('',(#16777));
#16777 = FILL_AREA_STYLE_COLOUR('',#16742);
#16778 = OVER_RIDING_STYLED_ITEM('overriding color',(#16779),#305,#16727
  );
#16779 = PRESENTATION_STYLE_ASSIGNMENT((#16780));
#16780 = SURFACE_STYLE_USAGE(.BOTH.,#16781);
#16781 = SURFACE_SIDE_STYLE('',(#16782));
#16782 = SURFACE_STYLE_FILL_AREA(#16783);
#16783 = FILL_AREA_STYLE('',(#16784));
#16784 = FILL_AREA_STYLE_COLOUR('',#16742);
#16785 = OVER_RIDING_STYLED_ITEM('overriding color',(#16786),#377,#16727
  );
#16786 = PRESENTATION_STYLE_ASSIGNMENT((#16787));
#16787 = SURFACE_STYLE_USAGE(.BOTH.,#16788);
#16788 = SURFACE_SIDE_STYLE('',(#16789));
#16789 = SURFACE_STYLE_FILL_AREA(#16790);
#16790 = FILL_AREA_STYLE('',(#16791));
#16791 = FILL_AREA_STYLE_COLOUR('',#16742);
#16792 = OVER_RIDING_STYLED_ITEM('overriding color',(#16793),#449,#16727
  );
#16793 = PRESENTATION_STYLE_ASSIGNMENT((#16794));
#16794 = SURFACE_STYLE_USAGE(.BOTH.,#16795);
#16795 = SURFACE_SIDE_STYLE('',(#16796));
#16796 = SURFACE_STYLE_FILL_AREA(#16797);
#16797 = FILL_AREA_STYLE('',(#16798));
#16798 = FILL_AREA_STYLE_COLOUR('',#16742);
#16799 = OVER_RIDING_STYLED_ITEM('overriding color',(#16800),#521,#16727
  );
#16800 = PRESENTATION_STYLE_ASSIGNMENT((#16801));
#16801 = SURFACE_STYLE_USAGE(.BOTH.,#16802);
#16802 = SURFACE_SIDE_STYLE('',(#16803));
#16803 = SURFACE_STYLE_FILL_AREA(#16804);
#16804 = FILL_AREA_STYLE('',(#16805));
#16805 = FILL_AREA_STYLE_COLOUR('',#16742);
#16806 = OVER_RIDING_STYLED_ITEM('overriding color',(#16807),#1591,
  #16727);
#16807 = PRESENTATION_STYLE_ASSIGNMENT((#16808));
#16808 = SURFACE_STYLE_USAGE(.BOTH.,#16809);
#16809 = SURFACE_SIDE_STYLE('',(#16810));
#16810 = SURFACE_STYLE_FILL_AREA(#16811);
#16811 = FILL_AREA_STYLE('',(#16812));
#16812 = FILL_AREA_STYLE_COLOUR('',#16742);
#16813 = OVER_RIDING_STYLED_ITEM('overriding color',(#16814),#1647,
  #16727);
#16814 = PRESENTATION_STYLE_ASSIGNMENT((#16815));
#16815 = SURFACE_STYLE_USAGE(.BOTH.,#16816);
#16816 = SURFACE_SIDE_STYLE('',(#16817));
#16817 = SURFACE_STYLE_FILL_AREA(#16818);
#16818 = FILL_AREA_STYLE('',(#16819));
#16819 = FILL_AREA_STYLE_COLOUR('',#16742);
#16820 = OVER_RIDING_STYLED_ITEM('overriding color',(#16821),#1687,
  #16727);
#16821 = PRESENTATION_STYLE_ASSIGNMENT((#16822));
#16822 = SURFACE_STYLE_USAGE(.BOTH.,#16823);
#16823 = SURFACE_SIDE_STYLE('',(#16824));
#16824 = SURFACE_STYLE_FILL_AREA(#16825);
#16825 = FILL_AREA_STYLE('',(#16826));
#16826 = FILL_AREA_STYLE_COLOUR('',#16742);
#16827 = OVER_RIDING_STYLED_ITEM('overriding color',(#16828),#1750,
  #16727);
#16828 = PRESENTATION_STYLE_ASSIGNMENT((#16829));
#16829 = SURFACE_STYLE_USAGE(.BOTH.,#16830);
#16830 = SURFACE_SIDE_STYLE('',(#16831));
#16831 = SURFACE_STYLE_FILL_AREA(#16832);
#16832 = FILL_AREA_STYLE('',(#16833));
#16833 = FILL_AREA_STYLE_COLOUR('',#16742);
#16834 = OVER_RIDING_STYLED_ITEM('overriding color',(#16835),#1813,
  #16727);
#16835 = PRESENTATION_STYLE_ASSIGNMENT((#16836));
#16836 = SURFACE_STYLE_USAGE(.BOTH.,#16837);
#16837 = SURFACE_SIDE_STYLE('',(#16838));
#16838 = SURFACE_STYLE_FILL_AREA(#16839);
#16839 = FILL_AREA_STYLE('',(#16840));
#16840 = FILL_AREA_STYLE_COLOUR('',#16742);
#16841 = OVER_RIDING_STYLED_ITEM('overriding color',(#16842),#1844,
  #16727);
#16842 = PRESENTATION_STYLE_ASSIGNMENT((#16843));
#16843 = SURFACE_STYLE_USAGE(.BOTH.,#16844);
#16844 = SURFACE_SIDE_STYLE('',(#16845));
#16845 = SURFACE_STYLE_FILL_AREA(#16846);
#16846 = FILL_AREA_STYLE('',(#16847));
#16847 = FILL_AREA_STYLE_COLOUR('',#16742);
#16848 = OVER_RIDING_STYLED_ITEM('overriding color',(#16849),#1875,
  #16727);
#16849 = PRESENTATION_STYLE_ASSIGNMENT((#16850));
#16850 = SURFACE_STYLE_USAGE(.BOTH.,#16851);
#16851 = SURFACE_SIDE_STYLE('',(#16852));
#16852 = SURFACE_STYLE_FILL_AREA(#16853);
#16853 = FILL_AREA_STYLE('',(#16854));
#16854 = FILL_AREA_STYLE_COLOUR('',#16742);
#16855 = OVER_RIDING_STYLED_ITEM('overriding color',(#16856),#1929,
  #16727);
#16856 = PRESENTATION_STYLE_ASSIGNMENT((#16857));
#16857 = SURFACE_STYLE_USAGE(.BOTH.,#16858);
#16858 = SURFACE_SIDE_STYLE('',(#16859));
#16859 = SURFACE_STYLE_FILL_AREA(#16860);
#16860 = FILL_AREA_STYLE('',(#16861));
#16861 = FILL_AREA_STYLE_COLOUR('',#16742);
#16862 = OVER_RIDING_STYLED_ITEM('overriding color',(#16863),#2120,
  #16727);
#16863 = PRESENTATION_STYLE_ASSIGNMENT((#16864));
#16864 = SURFACE_STYLE_USAGE(.BOTH.,#16865);
#16865 = SURFACE_SIDE_STYLE('',(#16866));
#16866 = SURFACE_STYLE_FILL_AREA(#16867);
#16867 = FILL_AREA_STYLE('',(#16868));
#16868 = FILL_AREA_STYLE_COLOUR('',#16742);
#16869 = OVER_RIDING_STYLED_ITEM('overriding color',(#16870),#2137,
  #16727);
#16870 = PRESENTATION_STYLE_ASSIGNMENT((#16871));
#16871 = SURFACE_STYLE_USAGE(.BOTH.,#16872);
#16872 = SURFACE_SIDE_STYLE('',(#16873));
#16873 = SURFACE_STYLE_FILL_AREA(#16874);
#16874 = FILL_AREA_STYLE('',(#16875));
#16875 = FILL_AREA_STYLE_COLOUR('',#16742);
#16876 = OVER_RIDING_STYLED_ITEM('overriding color',(#16877),#2161,
  #16727);
#16877 = PRESENTATION_STYLE_ASSIGNMENT((#16878));
#16878 = SURFACE_STYLE_USAGE(.BOTH.,#16879);
#16879 = SURFACE_SIDE_STYLE('',(#16880));
#16880 = SURFACE_STYLE_FILL_AREA(#16881);
#16881 = FILL_AREA_STYLE('',(#16882));
#16882 = FILL_AREA_STYLE_COLOUR('',#16742);
#16883 = OVER_RIDING_STYLED_ITEM('overriding color',(#16884),#2208,
  #16727);
#16884 = PRESENTATION_STYLE_ASSIGNMENT((#16885));
#16885 = SURFACE_STYLE_USAGE(.BOTH.,#16886);
#16886 = SURFACE_SIDE_STYLE('',(#16887));
#16887 = SURFACE_STYLE_FILL_AREA(#16888);
#16888 = FILL_AREA_STYLE('',(#16889));
#16889 = FILL_AREA_STYLE_COLOUR('',#16742);
#16890 = OVER_RIDING_STYLED_ITEM('overriding color',(#16891),#2232,
  #16727);
#16891 = PRESENTATION_STYLE_ASSIGNMENT((#16892));
#16892 = SURFACE_STYLE_USAGE(.BOTH.,#16893);
#16893 = SURFACE_SIDE_STYLE('',(#16894));
#16894 = SURFACE_STYLE_FILL_AREA(#16895);
#16895 = FILL_AREA_STYLE('',(#16896));
#16896 = FILL_AREA_STYLE_COLOUR('',#16742);
#16897 = OVER_RIDING_STYLED_ITEM('overriding color',(#16898),#2416,
  #16727);
#16898 = PRESENTATION_STYLE_ASSIGNMENT((#16899));
#16899 = SURFACE_STYLE_USAGE(.BOTH.,#16900);
#16900 = SURFACE_SIDE_STYLE('',(#16901));
#16901 = SURFACE_STYLE_FILL_AREA(#16902);
#16902 = FILL_AREA_STYLE('',(#16903));
#16903 = FILL_AREA_STYLE_COLOUR('',#16742);
#16904 = OVER_RIDING_STYLED_ITEM('overriding color',(#16905),#2433,
  #16727);
#16905 = PRESENTATION_STYLE_ASSIGNMENT((#16906));
#16906 = SURFACE_STYLE_USAGE(.BOTH.,#16907);
#16907 = SURFACE_SIDE_STYLE('',(#16908));
#16908 = SURFACE_STYLE_FILL_AREA(#16909);
#16909 = FILL_AREA_STYLE('',(#16910));
#16910 = FILL_AREA_STYLE_COLOUR('',#16742);
#16911 = OVER_RIDING_STYLED_ITEM('overriding color',(#16912),#2450,
  #16727);
#16912 = PRESENTATION_STYLE_ASSIGNMENT((#16913));
#16913 = SURFACE_STYLE_USAGE(.BOTH.,#16914);
#16914 = SURFACE_SIDE_STYLE('',(#16915));
#16915 = SURFACE_STYLE_FILL_AREA(#16916);
#16916 = FILL_AREA_STYLE('',(#16917));
#16917 = FILL_AREA_STYLE_COLOUR('',#16742);
#16918 = OVER_RIDING_STYLED_ITEM('overriding color',(#16919),#2467,
  #16727);
#16919 = PRESENTATION_STYLE_ASSIGNMENT((#16920));
#16920 = SURFACE_STYLE_USAGE(.BOTH.,#16921);
#16921 = SURFACE_SIDE_STYLE('',(#16922));
#16922 = SURFACE_STYLE_FILL_AREA(#16923);
#16923 = FILL_AREA_STYLE('',(#16924));
#16924 = FILL_AREA_STYLE_COLOUR('',#16742);
#16925 = OVER_RIDING_STYLED_ITEM('overriding color',(#16926),#2484,
  #16727);
#16926 = PRESENTATION_STYLE_ASSIGNMENT((#16927));
#16927 = SURFACE_STYLE_USAGE(.BOTH.,#16928);
#16928 = SURFACE_SIDE_STYLE('',(#16929));
#16929 = SURFACE_STYLE_FILL_AREA(#16930);
#16930 = FILL_AREA_STYLE('',(#16931));
#16931 = FILL_AREA_STYLE_COLOUR('',#16742);
#16932 = OVER_RIDING_STYLED_ITEM('overriding color',(#16933),#2501,
  #16727);
#16933 = PRESENTATION_STYLE_ASSIGNMENT((#16934));
#16934 = SURFACE_STYLE_USAGE(.BOTH.,#16935);
#16935 = SURFACE_SIDE_STYLE('',(#16936));
#16936 = SURFACE_STYLE_FILL_AREA(#16937);
#16937 = FILL_AREA_STYLE('',(#16938));
#16938 = FILL_AREA_STYLE_COLOUR('',#16742);
#16939 = OVER_RIDING_STYLED_ITEM('overriding color',(#16940),#2525,
  #16727);
#16940 = PRESENTATION_STYLE_ASSIGNMENT((#16941));
#16941 = SURFACE_STYLE_USAGE(.BOTH.,#16942);
#16942 = SURFACE_SIDE_STYLE('',(#16943));
#16943 = SURFACE_STYLE_FILL_AREA(#16944);
#16944 = FILL_AREA_STYLE('',(#16945));
#16945 = FILL_AREA_STYLE_COLOUR('',#16742);
#16946 = OVER_RIDING_STYLED_ITEM('overriding color',(#16947),#2542,
  #16727);
#16947 = PRESENTATION_STYLE_ASSIGNMENT((#16948));
#16948 = SURFACE_STYLE_USAGE(.BOTH.,#16949);
#16949 = SURFACE_SIDE_STYLE('',(#16950));
#16950 = SURFACE_STYLE_FILL_AREA(#16951);
#16951 = FILL_AREA_STYLE('',(#16952));
#16952 = FILL_AREA_STYLE_COLOUR('',#16742);
#16953 = OVER_RIDING_STYLED_ITEM('overriding color',(#16954),#2559,
  #16727);
#16954 = PRESENTATION_STYLE_ASSIGNMENT((#16955));
#16955 = SURFACE_STYLE_USAGE(.BOTH.,#16956);
#16956 = SURFACE_SIDE_STYLE('',(#16957));
#16957 = SURFACE_STYLE_FILL_AREA(#16958);
#16958 = FILL_AREA_STYLE('',(#16959));
#16959 = FILL_AREA_STYLE_COLOUR('',#16742);
#16960 = OVER_RIDING_STYLED_ITEM('overriding color',(#16961),#2576,
  #16727);
#16961 = PRESENTATION_STYLE_ASSIGNMENT((#16962));
#16962 = SURFACE_STYLE_USAGE(.BOTH.,#16963);
#16963 = SURFACE_SIDE_STYLE('',(#16964));
#16964 = SURFACE_STYLE_FILL_AREA(#16965);
#16965 = FILL_AREA_STYLE('',(#16966));
#16966 = FILL_AREA_STYLE_COLOUR('',#16742);
#16967 = OVER_RIDING_STYLED_ITEM('overriding color',(#16968),#2625,
  #16727);
#16968 = PRESENTATION_STYLE_ASSIGNMENT((#16969));
#16969 = SURFACE_STYLE_USAGE(.BOTH.,#16970);
#16970 = SURFACE_SIDE_STYLE('',(#16971));
#16971 = SURFACE_STYLE_FILL_AREA(#16972);
#16972 = FILL_AREA_STYLE('',(#16973));
#16973 = FILL_AREA_STYLE_COLOUR('',#16742);
#16974 = OVER_RIDING_STYLED_ITEM('overriding color',(#16975),#3311,
  #16727);
#16975 = PRESENTATION_STYLE_ASSIGNMENT((#16976));
#16976 = SURFACE_STYLE_USAGE(.BOTH.,#16977);
#16977 = SURFACE_SIDE_STYLE('',(#16978));
#16978 = SURFACE_STYLE_FILL_AREA(#16979);
#16979 = FILL_AREA_STYLE('',(#16980));
#16980 = FILL_AREA_STYLE_COLOUR('',#16742);
#16981 = OVER_RIDING_STYLED_ITEM('overriding color',(#16982),#4469,
  #16727);
#16982 = PRESENTATION_STYLE_ASSIGNMENT((#16983));
#16983 = SURFACE_STYLE_USAGE(.BOTH.,#16984);
#16984 = SURFACE_SIDE_STYLE('',(#16985));
#16985 = SURFACE_STYLE_FILL_AREA(#16986);
#16986 = FILL_AREA_STYLE('',(#16987));
#16987 = FILL_AREA_STYLE_COLOUR('',#16742);
#16988 = OVER_RIDING_STYLED_ITEM('overriding color',(#16989),#4486,
  #16727);
#16989 = PRESENTATION_STYLE_ASSIGNMENT((#16990));
#16990 = SURFACE_STYLE_USAGE(.BOTH.,#16991);
#16991 = SURFACE_SIDE_STYLE('',(#16992));
#16992 = SURFACE_STYLE_FILL_AREA(#16993);
#16993 = FILL_AREA_STYLE('',(#16994));
#16994 = FILL_AREA_STYLE_COLOUR('',#16742);
#16995 = OVER_RIDING_STYLED_ITEM('overriding color',(#16996),#4503,
  #16727);
#16996 = PRESENTATION_STYLE_ASSIGNMENT((#16997));
#16997 = SURFACE_STYLE_USAGE(.BOTH.,#16998);
#16998 = SURFACE_SIDE_STYLE('',(#16999));
#16999 = SURFACE_STYLE_FILL_AREA(#17000);
#17000 = FILL_AREA_STYLE('',(#17001));
#17001 = FILL_AREA_STYLE_COLOUR('',#16742);
#17002 = OVER_RIDING_STYLED_ITEM('overriding color',(#17003),#4515,
  #16727);
#17003 = PRESENTATION_STYLE_ASSIGNMENT((#17004));
#17004 = SURFACE_STYLE_USAGE(.BOTH.,#17005);
#17005 = SURFACE_SIDE_STYLE('',(#17006));
#17006 = SURFACE_STYLE_FILL_AREA(#17007);
#17007 = FILL_AREA_STYLE('',(#17008));
#17008 = FILL_AREA_STYLE_COLOUR('',#16742);
#17009 = OVER_RIDING_STYLED_ITEM('overriding color',(#17010),#4537,
  #16727);
#17010 = PRESENTATION_STYLE_ASSIGNMENT((#17011));
#17011 = SURFACE_STYLE_USAGE(.BOTH.,#17012);
#17012 = SURFACE_SIDE_STYLE('',(#17013));
#17013 = SURFACE_STYLE_FILL_AREA(#17014);
#17014 = FILL_AREA_STYLE('',(#17015));
#17015 = FILL_AREA_STYLE_COLOUR('',#16742);
#17016 = OVER_RIDING_STYLED_ITEM('overriding color',(#17017),#4549,
  #16727);
#17017 = PRESENTATION_STYLE_ASSIGNMENT((#17018));
#17018 = SURFACE_STYLE_USAGE(.BOTH.,#17019);
#17019 = SURFACE_SIDE_STYLE('',(#17020));
#17020 = SURFACE_STYLE_FILL_AREA(#17021);
#17021 = FILL_AREA_STYLE('',(#17022));
#17022 = FILL_AREA_STYLE_COLOUR('',#16742);
#17023 = OVER_RIDING_STYLED_ITEM('overriding color',(#17024),#4561,
  #16727);
#17024 = PRESENTATION_STYLE_ASSIGNMENT((#17025));
#17025 = SURFACE_STYLE_USAGE(.BOTH.,#17026);
#17026 = SURFACE_SIDE_STYLE('',(#17027));
#17027 = SURFACE_STYLE_FILL_AREA(#17028);
#17028 = FILL_AREA_STYLE('',(#17029));
#17029 = FILL_AREA_STYLE_COLOUR('',#16742);
#17030 = OVER_RIDING_STYLED_ITEM('overriding color',(#17031),#4573,
  #16727);
#17031 = PRESENTATION_STYLE_ASSIGNMENT((#17032));
#17032 = SURFACE_STYLE_USAGE(.BOTH.,#17033);
#17033 = SURFACE_SIDE_STYLE('',(#17034));
#17034 = SURFACE_STYLE_FILL_AREA(#17035);
#17035 = FILL_AREA_STYLE('',(#17036));
#17036 = FILL_AREA_STYLE_COLOUR('',#16742);
#17037 = OVER_RIDING_STYLED_ITEM('overriding color',(#17038),#4590,
  #16727);
#17038 = PRESENTATION_STYLE_ASSIGNMENT((#17039));
#17039 = SURFACE_STYLE_USAGE(.BOTH.,#17040);
#17040 = SURFACE_SIDE_STYLE('',(#17041));
#17041 = SURFACE_STYLE_FILL_AREA(#17042);
#17042 = FILL_AREA_STYLE('',(#17043));
#17043 = FILL_AREA_STYLE_COLOUR('',#16742);
#17044 = OVER_RIDING_STYLED_ITEM('overriding color',(#17045),#4602,
  #16727);
#17045 = PRESENTATION_STYLE_ASSIGNMENT((#17046));
#17046 = SURFACE_STYLE_USAGE(.BOTH.,#17047);
#17047 = SURFACE_SIDE_STYLE('',(#17048));
#17048 = SURFACE_STYLE_FILL_AREA(#17049);
#17049 = FILL_AREA_STYLE('',(#17050));
#17050 = FILL_AREA_STYLE_COLOUR('',#16742);
#17051 = OVER_RIDING_STYLED_ITEM('overriding color',(#17052),#4619,
  #16727);
#17052 = PRESENTATION_STYLE_ASSIGNMENT((#17053));
#17053 = SURFACE_STYLE_USAGE(.BOTH.,#17054);
#17054 = SURFACE_SIDE_STYLE('',(#17055));
#17055 = SURFACE_STYLE_FILL_AREA(#17056);
#17056 = FILL_AREA_STYLE('',(#17057));
#17057 = FILL_AREA_STYLE_COLOUR('',#16742);
#17058 = OVER_RIDING_STYLED_ITEM('overriding color',(#17059),#4631,
  #16727);
#17059 = PRESENTATION_STYLE_ASSIGNMENT((#17060));
#17060 = SURFACE_STYLE_USAGE(.BOTH.,#17061);
#17061 = SURFACE_SIDE_STYLE('',(#17062));
#17062 = SURFACE_STYLE_FILL_AREA(#17063);
#17063 = FILL_AREA_STYLE('',(#17064));
#17064 = FILL_AREA_STYLE_COLOUR('',#16742);
#17065 = OVER_RIDING_STYLED_ITEM('overriding color',(#17066),#4648,
  #16727);
#17066 = PRESENTATION_STYLE_ASSIGNMENT((#17067));
#17067 = SURFACE_STYLE_USAGE(.BOTH.,#17068);
#17068 = SURFACE_SIDE_STYLE('',(#17069));
#17069 = SURFACE_STYLE_FILL_AREA(#17070);
#17070 = FILL_AREA_STYLE('',(#17071));
#17071 = FILL_AREA_STYLE_COLOUR('',#16742);
#17072 = OVER_RIDING_STYLED_ITEM('overriding color',(#17073),#4660,
  #16727);
#17073 = PRESENTATION_STYLE_ASSIGNMENT((#17074));
#17074 = SURFACE_STYLE_USAGE(.BOTH.,#17075);
#17075 = SURFACE_SIDE_STYLE('',(#17076));
#17076 = SURFACE_STYLE_FILL_AREA(#17077);
#17077 = FILL_AREA_STYLE('',(#17078));
#17078 = FILL_AREA_STYLE_COLOUR('',#16742);
#17079 = OVER_RIDING_STYLED_ITEM('overriding color',(#17080),#4677,
  #16727);
#17080 = PRESENTATION_STYLE_ASSIGNMENT((#17081));
#17081 = SURFACE_STYLE_USAGE(.BOTH.,#17082);
#17082 = SURFACE_SIDE_STYLE('',(#17083));
#17083 = SURFACE_STYLE_FILL_AREA(#17084);
#17084 = FILL_AREA_STYLE('',(#17085));
#17085 = FILL_AREA_STYLE_COLOUR('',#16742);
#17086 = OVER_RIDING_STYLED_ITEM('overriding color',(#17087),#4689,
  #16727);
#17087 = PRESENTATION_STYLE_ASSIGNMENT((#17088));
#17088 = SURFACE_STYLE_USAGE(.BOTH.,#17089);
#17089 = SURFACE_SIDE_STYLE('',(#17090));
#17090 = SURFACE_STYLE_FILL_AREA(#17091);
#17091 = FILL_AREA_STYLE('',(#17092));
#17092 = FILL_AREA_STYLE_COLOUR('',#16742);
#17093 = OVER_RIDING_STYLED_ITEM('overriding color',(#17094),#6694,
  #16727);
#17094 = PRESENTATION_STYLE_ASSIGNMENT((#17095));
#17095 = SURFACE_STYLE_USAGE(.BOTH.,#17096);
#17096 = SURFACE_SIDE_STYLE('',(#17097));
#17097 = SURFACE_STYLE_FILL_AREA(#17098);
#17098 = FILL_AREA_STYLE('',(#17099));
#17099 = FILL_AREA_STYLE_COLOUR('',#16742);
#17100 = OVER_RIDING_STYLED_ITEM('overriding color',(#17101),#6708,
  #16727);
#17101 = PRESENTATION_STYLE_ASSIGNMENT((#17102));
#17102 = SURFACE_STYLE_USAGE(.BOTH.,#17103);
#17103 = SURFACE_SIDE_STYLE('',(#17104));
#17104 = SURFACE_STYLE_FILL_AREA(#17105);
#17105 = FILL_AREA_STYLE('',(#17106));
#17106 = FILL_AREA_STYLE_COLOUR('',#16742);
#17107 = OVER_RIDING_STYLED_ITEM('overriding color',(#17108),#7206,
  #16727);
#17108 = PRESENTATION_STYLE_ASSIGNMENT((#17109));
#17109 = SURFACE_STYLE_USAGE(.BOTH.,#17110);
#17110 = SURFACE_SIDE_STYLE('',(#17111));
#17111 = SURFACE_STYLE_FILL_AREA(#17112);
#17112 = FILL_AREA_STYLE('',(#17113));
#17113 = FILL_AREA_STYLE_COLOUR('',#16742);
#17114 = OVER_RIDING_STYLED_ITEM('overriding color',(#17115),#7281,
  #16727);
#17115 = PRESENTATION_STYLE_ASSIGNMENT((#17116));
#17116 = SURFACE_STYLE_USAGE(.BOTH.,#17117);
#17117 = SURFACE_SIDE_STYLE('',(#17118));
#17118 = SURFACE_STYLE_FILL_AREA(#17119);
#17119 = FILL_AREA_STYLE('',(#17120));
#17120 = FILL_AREA_STYLE_COLOUR('',#16742);
#17121 = OVER_RIDING_STYLED_ITEM('overriding color',(#17122),#7313,
  #16727);
#17122 = PRESENTATION_STYLE_ASSIGNMENT((#17123));
#17123 = SURFACE_STYLE_USAGE(.BOTH.,#17124);
#17124 = SURFACE_SIDE_STYLE('',(#17125));
#17125 = SURFACE_STYLE_FILL_AREA(#17126);
#17126 = FILL_AREA_STYLE('',(#17127));
#17127 = FILL_AREA_STYLE_COLOUR('',#16742);
#17128 = OVER_RIDING_STYLED_ITEM('overriding color',(#17129),#7337,
  #16727);
#17129 = PRESENTATION_STYLE_ASSIGNMENT((#17130));
#17130 = SURFACE_STYLE_USAGE(.BOTH.,#17131);
#17131 = SURFACE_SIDE_STYLE('',(#17132));
#17132 = SURFACE_STYLE_FILL_AREA(#17133);
#17133 = FILL_AREA_STYLE('',(#17134));
#17134 = FILL_AREA_STYLE_COLOUR('',#16742);
#17135 = OVER_RIDING_STYLED_ITEM('overriding color',(#17136),#7355,
  #16727);
#17136 = PRESENTATION_STYLE_ASSIGNMENT((#17137));
#17137 = SURFACE_STYLE_USAGE(.BOTH.,#17138);
#17138 = SURFACE_SIDE_STYLE('',(#17139));
#17139 = SURFACE_STYLE_FILL_AREA(#17140);
#17140 = FILL_AREA_STYLE('',(#17141));
#17141 = FILL_AREA_STYLE_COLOUR('',#16742);
#17142 = OVER_RIDING_STYLED_ITEM('overriding color',(#17143),#7379,
  #16727);
#17143 = PRESENTATION_STYLE_ASSIGNMENT((#17144));
#17144 = SURFACE_STYLE_USAGE(.BOTH.,#17145);
#17145 = SURFACE_SIDE_STYLE('',(#17146));
#17146 = SURFACE_STYLE_FILL_AREA(#17147);
#17147 = FILL_AREA_STYLE('',(#17148));
#17148 = FILL_AREA_STYLE_COLOUR('',#16742);
#17149 = OVER_RIDING_STYLED_ITEM('overriding color',(#17150),#7404,
  #16727);
#17150 = PRESENTATION_STYLE_ASSIGNMENT((#17151));
#17151 = SURFACE_STYLE_USAGE(.BOTH.,#17152);
#17152 = SURFACE_SIDE_STYLE('',(#17153));
#17153 = SURFACE_STYLE_FILL_AREA(#17154);
#17154 = FILL_AREA_STYLE('',(#17155));
#17155 = FILL_AREA_STYLE_COLOUR('',#16742);
#17156 = OVER_RIDING_STYLED_ITEM('overriding color',(#17157),#7428,
  #16727);
#17157 = PRESENTATION_STYLE_ASSIGNMENT((#17158));
#17158 = SURFACE_STYLE_USAGE(.BOTH.,#17159);
#17159 = SURFACE_SIDE_STYLE('',(#17160));
#17160 = SURFACE_STYLE_FILL_AREA(#17161);
#17161 = FILL_AREA_STYLE('',(#17162));
#17162 = FILL_AREA_STYLE_COLOUR('',#16742);
#17163 = OVER_RIDING_STYLED_ITEM('overriding color',(#17164),#7453,
  #16727);
#17164 = PRESENTATION_STYLE_ASSIGNMENT((#17165));
#17165 = SURFACE_STYLE_USAGE(.BOTH.,#17166);
#17166 = SURFACE_SIDE_STYLE('',(#17167));
#17167 = SURFACE_STYLE_FILL_AREA(#17168);
#17168 = FILL_AREA_STYLE('',(#17169));
#17169 = FILL_AREA_STYLE_COLOUR('',#16742);
#17170 = OVER_RIDING_STYLED_ITEM('overriding color',(#17171),#7470,
  #16727);
#17171 = PRESENTATION_STYLE_ASSIGNMENT((#17172));
#17172 = SURFACE_STYLE_USAGE(.BOTH.,#17173);
#17173 = SURFACE_SIDE_STYLE('',(#17174));
#17174 = SURFACE_STYLE_FILL_AREA(#17175);
#17175 = FILL_AREA_STYLE('',(#17176));
#17176 = FILL_AREA_STYLE_COLOUR('',#16742);
#17177 = OVER_RIDING_STYLED_ITEM('overriding color',(#17178),#7497,
  #16727);
#17178 = PRESENTATION_STYLE_ASSIGNMENT((#17179));
#17179 = SURFACE_STYLE_USAGE(.BOTH.,#17180);
#17180 = SURFACE_SIDE_STYLE('',(#17181));
#17181 = SURFACE_STYLE_FILL_AREA(#17182);
#17182 = FILL_AREA_STYLE('',(#17183));
#17183 = FILL_AREA_STYLE_COLOUR('',#16742);
#17184 = OVER_RIDING_STYLED_ITEM('overriding color',(#17185),#8204,
  #16727);
#17185 = PRESENTATION_STYLE_ASSIGNMENT((#17186));
#17186 = SURFACE_STYLE_USAGE(.BOTH.,#17187);
#17187 = SURFACE_SIDE_STYLE('',(#17188));
#17188 = SURFACE_STYLE_FILL_AREA(#17189);
#17189 = FILL_AREA_STYLE('',(#17190));
#17190 = FILL_AREA_STYLE_COLOUR('',#16742);
#17191 = OVER_RIDING_STYLED_ITEM('overriding color',(#17192),#8222,
  #16727);
#17192 = PRESENTATION_STYLE_ASSIGNMENT((#17193));
#17193 = SURFACE_STYLE_USAGE(.BOTH.,#17194);
#17194 = SURFACE_SIDE_STYLE('',(#17195));
#17195 = SURFACE_STYLE_FILL_AREA(#17196);
#17196 = FILL_AREA_STYLE('',(#17197));
#17197 = FILL_AREA_STYLE_COLOUR('',#16742);
#17198 = OVER_RIDING_STYLED_ITEM('overriding color',(#17199),#8238,
  #16727);
#17199 = PRESENTATION_STYLE_ASSIGNMENT((#17200));
#17200 = SURFACE_STYLE_USAGE(.BOTH.,#17201);
#17201 = SURFACE_SIDE_STYLE('',(#17202));
#17202 = SURFACE_STYLE_FILL_AREA(#17203);
#17203 = FILL_AREA_STYLE('',(#17204));
#17204 = FILL_AREA_STYLE_COLOUR('',#16742);
#17205 = OVER_RIDING_STYLED_ITEM('overriding color',(#17206),#8256,
  #16727);
#17206 = PRESENTATION_STYLE_ASSIGNMENT((#17207));
#17207 = SURFACE_STYLE_USAGE(.BOTH.,#17208);
#17208 = SURFACE_SIDE_STYLE('',(#17209));
#17209 = SURFACE_STYLE_FILL_AREA(#17210);
#17210 = FILL_AREA_STYLE('',(#17211));
#17211 = FILL_AREA_STYLE_COLOUR('',#16742);
#17212 = OVER_RIDING_STYLED_ITEM('overriding color',(#17213),#8272,
  #16727);
#17213 = PRESENTATION_STYLE_ASSIGNMENT((#17214));
#17214 = SURFACE_STYLE_USAGE(.BOTH.,#17215);
#17215 = SURFACE_SIDE_STYLE('',(#17216));
#17216 = SURFACE_STYLE_FILL_AREA(#17217);
#17217 = FILL_AREA_STYLE('',(#17218));
#17218 = FILL_AREA_STYLE_COLOUR('',#16742);
#17219 = OVER_RIDING_STYLED_ITEM('overriding color',(#17220),#8284,
  #16727);
#17220 = PRESENTATION_STYLE_ASSIGNMENT((#17221));
#17221 = SURFACE_STYLE_USAGE(.BOTH.,#17222);
#17222 = SURFACE_SIDE_STYLE('',(#17223));
#17223 = SURFACE_STYLE_FILL_AREA(#17224);
#17224 = FILL_AREA_STYLE('',(#17225));
#17225 = FILL_AREA_STYLE_COLOUR('',#16742);
#17226 = STYLED_ITEM('color',(#17227),#8303);
#17227 = PRESENTATION_STYLE_ASSIGNMENT((#17228));
#17228 = SURFACE_STYLE_USAGE(.BOTH.,#17229);
#17229 = SURFACE_SIDE_STYLE('',(#17230));
#17230 = SURFACE_STYLE_FILL_AREA(#17231);
#17231 = FILL_AREA_STYLE('',(#17232));
#17232 = FILL_AREA_STYLE_COLOUR('',#16734);
#17233 = OVER_RIDING_STYLED_ITEM('overriding color',(#17234),#8305,
  #17226);
#17234 = PRESENTATION_STYLE_ASSIGNMENT((#17235));
#17235 = SURFACE_STYLE_USAGE(.BOTH.,#17236);
#17236 = SURFACE_SIDE_STYLE('',(#17237));
#17237 = SURFACE_STYLE_FILL_AREA(#17238);
#17238 = FILL_AREA_STYLE('',(#17239));
#17239 = FILL_AREA_STYLE_COLOUR('',#17240);
#17240 = DRAUGHTING_PRE_DEFINED_COLOUR('black');
#17241 = OVER_RIDING_STYLED_ITEM('overriding color',(#17242),#8345,
  #17226);
#17242 = PRESENTATION_STYLE_ASSIGNMENT((#17243));
#17243 = SURFACE_STYLE_USAGE(.BOTH.,#17244);
#17244 = SURFACE_SIDE_STYLE('',(#17245));
#17245 = SURFACE_STYLE_FILL_AREA(#17246);
#17246 = FILL_AREA_STYLE('',(#17247));
#17247 = FILL_AREA_STYLE_COLOUR('',#17240);
#17248 = OVER_RIDING_STYLED_ITEM('overriding color',(#17249),#8376,
  #17226);
#17249 = PRESENTATION_STYLE_ASSIGNMENT((#17250));
#17250 = SURFACE_STYLE_USAGE(.BOTH.,#17251);
#17251 = SURFACE_SIDE_STYLE('',(#17252));
#17252 = SURFACE_STYLE_FILL_AREA(#17253);
#17253 = FILL_AREA_STYLE('',(#17254));
#17254 = FILL_AREA_STYLE_COLOUR('',#17240);
#17255 = OVER_RIDING_STYLED_ITEM('overriding color',(#17256),#8407,
  #17226);
#17256 = PRESENTATION_STYLE_ASSIGNMENT((#17257));
#17257 = SURFACE_STYLE_USAGE(.BOTH.,#17258);
#17258 = SURFACE_SIDE_STYLE('',(#17259));
#17259 = SURFACE_STYLE_FILL_AREA(#17260);
#17260 = FILL_AREA_STYLE('',(#17261));
#17261 = FILL_AREA_STYLE_COLOUR('',#17240);
#17262 = OVER_RIDING_STYLED_ITEM('overriding color',(#17263),#8438,
  #17226);
#17263 = PRESENTATION_STYLE_ASSIGNMENT((#17264));
#17264 = SURFACE_STYLE_USAGE(.BOTH.,#17265);
#17265 = SURFACE_SIDE_STYLE('',(#17266));
#17266 = SURFACE_STYLE_FILL_AREA(#17267);
#17267 = FILL_AREA_STYLE('',(#17268));
#17268 = FILL_AREA_STYLE_COLOUR('',#17240);
#17269 = OVER_RIDING_STYLED_ITEM('overriding color',(#17270),#8469,
  #17226);
#17270 = PRESENTATION_STYLE_ASSIGNMENT((#17271));
#17271 = SURFACE_STYLE_USAGE(.BOTH.,#17272);
#17272 = SURFACE_SIDE_STYLE('',(#17273));
#17273 = SURFACE_STYLE_FILL_AREA(#17274);
#17274 = FILL_AREA_STYLE('',(#17275));
#17275 = FILL_AREA_STYLE_COLOUR('',#17240);
#17276 = OVER_RIDING_STYLED_ITEM('overriding color',(#17277),#8491,
  #17226);
#17277 = PRESENTATION_STYLE_ASSIGNMENT((#17278));
#17278 = SURFACE_STYLE_USAGE(.BOTH.,#17279);
#17279 = SURFACE_SIDE_STYLE('',(#17280));
#17280 = SURFACE_STYLE_FILL_AREA(#17281);
#17281 = FILL_AREA_STYLE('',(#17282));
#17282 = FILL_AREA_STYLE_COLOUR('',#17240);
#17283 = OVER_RIDING_STYLED_ITEM('overriding color',(#17284),#8505,
  #17226);
#17284 = PRESENTATION_STYLE_ASSIGNMENT((#17285));
#17285 = SURFACE_STYLE_USAGE(.BOTH.,#17286);
#17286 = SURFACE_SIDE_STYLE('',(#17287));
#17287 = SURFACE_STYLE_FILL_AREA(#17288);
#17288 = FILL_AREA_STYLE('',(#17289));
#17289 = FILL_AREA_STYLE_COLOUR('',#17240);
#17290 = STYLED_ITEM('color',(#17291),#8519);
#17291 = PRESENTATION_STYLE_ASSIGNMENT((#17292));
#17292 = SURFACE_STYLE_USAGE(.BOTH.,#17293);
#17293 = SURFACE_SIDE_STYLE('',(#17294));
#17294 = SURFACE_STYLE_FILL_AREA(#17295);
#17295 = FILL_AREA_STYLE('',(#17296));
#17296 = FILL_AREA_STYLE_COLOUR('',#16734);
#17297 = OVER_RIDING_STYLED_ITEM('overriding color',(#17298),#8521,
  #17290);
#17298 = PRESENTATION_STYLE_ASSIGNMENT((#17299));
#17299 = SURFACE_STYLE_USAGE(.BOTH.,#17300);
#17300 = SURFACE_SIDE_STYLE('',(#17301));
#17301 = SURFACE_STYLE_FILL_AREA(#17302);
#17302 = FILL_AREA_STYLE('',(#17303));
#17303 = FILL_AREA_STYLE_COLOUR('',#17240);
#17304 = OVER_RIDING_STYLED_ITEM('overriding color',(#17305),#8567,
  #17290);
#17305 = PRESENTATION_STYLE_ASSIGNMENT((#17306));
#17306 = SURFACE_STYLE_USAGE(.BOTH.,#17307);
#17307 = SURFACE_SIDE_STYLE('',(#17308));
#17308 = SURFACE_STYLE_FILL_AREA(#17309);
#17309 = FILL_AREA_STYLE('',(#17310));
#17310 = FILL_AREA_STYLE_COLOUR('',#17240);
#17311 = OVER_RIDING_STYLED_ITEM('overriding color',(#17312),#8598,
  #17290);
#17312 = PRESENTATION_STYLE_ASSIGNMENT((#17313));
#17313 = SURFACE_STYLE_USAGE(.BOTH.,#17314);
#17314 = SURFACE_SIDE_STYLE('',(#17315));
#17315 = SURFACE_STYLE_FILL_AREA(#17316);
#17316 = FILL_AREA_STYLE('',(#17317));
#17317 = FILL_AREA_STYLE_COLOUR('',#17240);
#17318 = OVER_RIDING_STYLED_ITEM('overriding color',(#17319),#8635,
  #17290);
#17319 = PRESENTATION_STYLE_ASSIGNMENT((#17320));
#17320 = SURFACE_STYLE_USAGE(.BOTH.,#17321);
#17321 = SURFACE_SIDE_STYLE('',(#17322));
#17322 = SURFACE_STYLE_FILL_AREA(#17323);
#17323 = FILL_AREA_STYLE('',(#17324));
#17324 = FILL_AREA_STYLE_COLOUR('',#17240);
#17325 = OVER_RIDING_STYLED_ITEM('overriding color',(#17326),#8672,
  #17290);
#17326 = PRESENTATION_STYLE_ASSIGNMENT((#17327));
#17327 = SURFACE_STYLE_USAGE(.BOTH.,#17328);
#17328 = SURFACE_SIDE_STYLE('',(#17329));
#17329 = SURFACE_STYLE_FILL_AREA(#17330);
#17330 = FILL_AREA_STYLE('',(#17331));
#17331 = FILL_AREA_STYLE_COLOUR('',#17240);
#17332 = OVER_RIDING_STYLED_ITEM('overriding color',(#17333),#8709,
  #17290);
#17333 = PRESENTATION_STYLE_ASSIGNMENT((#17334));
#17334 = SURFACE_STYLE_USAGE(.BOTH.,#17335);
#17335 = SURFACE_SIDE_STYLE('',(#17336));
#17336 = SURFACE_STYLE_FILL_AREA(#17337);
#17337 = FILL_AREA_STYLE('',(#17338));
#17338 = FILL_AREA_STYLE_COLOUR('',#17240);
#17339 = OVER_RIDING_STYLED_ITEM('overriding color',(#17340),#8746,
  #17290);
#17340 = PRESENTATION_STYLE_ASSIGNMENT((#17341));
#17341 = SURFACE_STYLE_USAGE(.BOTH.,#17342);
#17342 = SURFACE_SIDE_STYLE('',(#17343));
#17343 = SURFACE_STYLE_FILL_AREA(#17344);
#17344 = FILL_AREA_STYLE('',(#17345));
#17345 = FILL_AREA_STYLE_COLOUR('',#17240);
#17346 = OVER_RIDING_STYLED_ITEM('overriding color',(#17347),#8783,
  #17290);
#17347 = PRESENTATION_STYLE_ASSIGNMENT((#17348));
#17348 = SURFACE_STYLE_USAGE(.BOTH.,#17349);
#17349 = SURFACE_SIDE_STYLE('',(#17350));
#17350 = SURFACE_STYLE_FILL_AREA(#17351);
#17351 = FILL_AREA_STYLE('',(#17352));
#17352 = FILL_AREA_STYLE_COLOUR('',#17240);
#17353 = OVER_RIDING_STYLED_ITEM('overriding color',(#17354),#8820,
  #17290);
#17354 = PRESENTATION_STYLE_ASSIGNMENT((#17355));
#17355 = SURFACE_STYLE_USAGE(.BOTH.,#17356);
#17356 = SURFACE_SIDE_STYLE('',(#17357));
#17357 = SURFACE_STYLE_FILL_AREA(#17358);
#17358 = FILL_AREA_STYLE('',(#17359));
#17359 = FILL_AREA_STYLE_COLOUR('',#17240);
#17360 = OVER_RIDING_STYLED_ITEM('overriding color',(#17361),#8851,
  #17290);
#17361 = PRESENTATION_STYLE_ASSIGNMENT((#17362));
#17362 = SURFACE_STYLE_USAGE(.BOTH.,#17363);
#17363 = SURFACE_SIDE_STYLE('',(#17364));
#17364 = SURFACE_STYLE_FILL_AREA(#17365);
#17365 = FILL_AREA_STYLE('',(#17366));
#17366 = FILL_AREA_STYLE_COLOUR('',#17240);
#17367 = OVER_RIDING_STYLED_ITEM('overriding color',(#17368),#8888,
  #17290);
#17368 = PRESENTATION_STYLE_ASSIGNMENT((#17369));
#17369 = SURFACE_STYLE_USAGE(.BOTH.,#17370);
#17370 = SURFACE_SIDE_STYLE('',(#17371));
#17371 = SURFACE_STYLE_FILL_AREA(#17372);
#17372 = FILL_AREA_STYLE('',(#17373));
#17373 = FILL_AREA_STYLE_COLOUR('',#17240);
#17374 = OVER_RIDING_STYLED_ITEM('overriding color',(#17375),#8925,
  #17290);
#17375 = PRESENTATION_STYLE_ASSIGNMENT((#17376));
#17376 = SURFACE_STYLE_USAGE(.BOTH.,#17377);
#17377 = SURFACE_SIDE_STYLE('',(#17378));
#17378 = SURFACE_STYLE_FILL_AREA(#17379);
#17379 = FILL_AREA_STYLE('',(#17380));
#17380 = FILL_AREA_STYLE_COLOUR('',#17240);
#17381 = OVER_RIDING_STYLED_ITEM('overriding color',(#17382),#8962,
  #17290);
#17382 = PRESENTATION_STYLE_ASSIGNMENT((#17383));
#17383 = SURFACE_STYLE_USAGE(.BOTH.,#17384);
#17384 = SURFACE_SIDE_STYLE('',(#17385));
#17385 = SURFACE_STYLE_FILL_AREA(#17386);
#17386 = FILL_AREA_STYLE('',(#17387));
#17387 = FILL_AREA_STYLE_COLOUR('',#17240);
#17388 = OVER_RIDING_STYLED_ITEM('overriding color',(#17389),#8999,
  #17290);
#17389 = PRESENTATION_STYLE_ASSIGNMENT((#17390));
#17390 = SURFACE_STYLE_USAGE(.BOTH.,#17391);
#17391 = SURFACE_SIDE_STYLE('',(#17392));
#17392 = SURFACE_STYLE_FILL_AREA(#17393);
#17393 = FILL_AREA_STYLE('',(#17394));
#17394 = FILL_AREA_STYLE_COLOUR('',#17240);
#17395 = OVER_RIDING_STYLED_ITEM('overriding color',(#17396),#9027,
  #17290);
#17396 = PRESENTATION_STYLE_ASSIGNMENT((#17397));
#17397 = SURFACE_STYLE_USAGE(.BOTH.,#17398);
#17398 = SURFACE_SIDE_STYLE('',(#17399));
#17399 = SURFACE_STYLE_FILL_AREA(#17400);
#17400 = FILL_AREA_STYLE('',(#17401));
#17401 = FILL_AREA_STYLE_COLOUR('',#17240);
#17402 = OVER_RIDING_STYLED_ITEM('overriding color',(#17403),#9049,
  #17290);
#17403 = PRESENTATION_STYLE_ASSIGNMENT((#17404));
#17404 = SURFACE_STYLE_USAGE(.BOTH.,#17405);
#17405 = SURFACE_SIDE_STYLE('',(#17406));
#17406 = SURFACE_STYLE_FILL_AREA(#17407);
#17407 = FILL_AREA_STYLE('',(#17408));
#17408 = FILL_AREA_STYLE_COLOUR('',#17240);
#17409 = STYLED_ITEM('color',(#17410),#9071);
#17410 = PRESENTATION_STYLE_ASSIGNMENT((#17411));
#17411 = SURFACE_STYLE_USAGE(.BOTH.,#17412);
#17412 = SURFACE_SIDE_STYLE('',(#17413));
#17413 = SURFACE_STYLE_FILL_AREA(#17414);
#17414 = FILL_AREA_STYLE('',(#17415));
#17415 = FILL_AREA_STYLE_COLOUR('',#16734);
#17416 = OVER_RIDING_STYLED_ITEM('overriding color',(#17417),#9073,
  #17409);
#17417 = PRESENTATION_STYLE_ASSIGNMENT((#17418));
#17418 = SURFACE_STYLE_USAGE(.BOTH.,#17419);
#17419 = SURFACE_SIDE_STYLE('',(#17420));
#17420 = SURFACE_STYLE_FILL_AREA(#17421);
#17421 = FILL_AREA_STYLE('',(#17422));
#17422 = FILL_AREA_STYLE_COLOUR('',#17240);
#17423 = OVER_RIDING_STYLED_ITEM('overriding color',(#17424),#9113,
  #17409);
#17424 = PRESENTATION_STYLE_ASSIGNMENT((#17425));
#17425 = SURFACE_STYLE_USAGE(.BOTH.,#17426);
#17426 = SURFACE_SIDE_STYLE('',(#17427));
#17427 = SURFACE_STYLE_FILL_AREA(#17428);
#17428 = FILL_AREA_STYLE('',(#17429));
#17429 = FILL_AREA_STYLE_COLOUR('',#17240);
#17430 = OVER_RIDING_STYLED_ITEM('overriding color',(#17431),#9144,
  #17409);
#17431 = PRESENTATION_STYLE_ASSIGNMENT((#17432));
#17432 = SURFACE_STYLE_USAGE(.BOTH.,#17433);
#17433 = SURFACE_SIDE_STYLE('',(#17434));
#17434 = SURFACE_STYLE_FILL_AREA(#17435);
#17435 = FILL_AREA_STYLE('',(#17436));
#17436 = FILL_AREA_STYLE_COLOUR('',#17240);
#17437 = OVER_RIDING_STYLED_ITEM('overriding color',(#17438),#9175,
  #17409);
#17438 = PRESENTATION_STYLE_ASSIGNMENT((#17439));
#17439 = SURFACE_STYLE_USAGE(.BOTH.,#17440);
#17440 = SURFACE_SIDE_STYLE('',(#17441));
#17441 = SURFACE_STYLE_FILL_AREA(#17442);
#17442 = FILL_AREA_STYLE('',(#17443));
#17443 = FILL_AREA_STYLE_COLOUR('',#17240);
#17444 = OVER_RIDING_STYLED_ITEM('overriding color',(#17445),#9206,
  #17409);
#17445 = PRESENTATION_STYLE_ASSIGNMENT((#17446));
#17446 = SURFACE_STYLE_USAGE(.BOTH.,#17447);
#17447 = SURFACE_SIDE_STYLE('',(#17448));
#17448 = SURFACE_STYLE_FILL_AREA(#17449);
#17449 = FILL_AREA_STYLE('',(#17450));
#17450 = FILL_AREA_STYLE_COLOUR('',#17240);
#17451 = OVER_RIDING_STYLED_ITEM('overriding color',(#17452),#9237,
  #17409);
#17452 = PRESENTATION_STYLE_ASSIGNMENT((#17453));
#17453 = SURFACE_STYLE_USAGE(.BOTH.,#17454);
#17454 = SURFACE_SIDE_STYLE('',(#17455));
#17455 = SURFACE_STYLE_FILL_AREA(#17456);
#17456 = FILL_AREA_STYLE('',(#17457));
#17457 = FILL_AREA_STYLE_COLOUR('',#17240);
#17458 = OVER_RIDING_STYLED_ITEM('overriding color',(#17459),#9268,
  #17409);
#17459 = PRESENTATION_STYLE_ASSIGNMENT((#17460));
#17460 = SURFACE_STYLE_USAGE(.BOTH.,#17461);
#17461 = SURFACE_SIDE_STYLE('',(#17462));
#17462 = SURFACE_STYLE_FILL_AREA(#17463);
#17463 = FILL_AREA_STYLE('',(#17464));
#17464 = FILL_AREA_STYLE_COLOUR('',#17240);
#17465 = OVER_RIDING_STYLED_ITEM('overriding color',(#17466),#9299,
  #17409);
#17466 = PRESENTATION_STYLE_ASSIGNMENT((#17467));
#17467 = SURFACE_STYLE_USAGE(.BOTH.,#17468);
#17468 = SURFACE_SIDE_STYLE('',(#17469));
#17469 = SURFACE_STYLE_FILL_AREA(#17470);
#17470 = FILL_AREA_STYLE('',(#17471));
#17471 = FILL_AREA_STYLE_COLOUR('',#17240);
#17472 = OVER_RIDING_STYLED_ITEM('overriding color',(#17473),#9330,
  #17409);
#17473 = PRESENTATION_STYLE_ASSIGNMENT((#17474));
#17474 = SURFACE_STYLE_USAGE(.BOTH.,#17475);
#17475 = SURFACE_SIDE_STYLE('',(#17476));
#17476 = SURFACE_STYLE_FILL_AREA(#17477);
#17477 = FILL_AREA_STYLE('',(#17478));
#17478 = FILL_AREA_STYLE_COLOUR('',#17240);
#17479 = OVER_RIDING_STYLED_ITEM('overriding color',(#17480),#9361,
  #17409);
#17480 = PRESENTATION_STYLE_ASSIGNMENT((#17481));
#17481 = SURFACE_STYLE_USAGE(.BOTH.,#17482);
#17482 = SURFACE_SIDE_STYLE('',(#17483));
#17483 = SURFACE_STYLE_FILL_AREA(#17484);
#17484 = FILL_AREA_STYLE('',(#17485));
#17485 = FILL_AREA_STYLE_COLOUR('',#17240);
#17486 = OVER_RIDING_STYLED_ITEM('overriding color',(#17487),#9392,
  #17409);
#17487 = PRESENTATION_STYLE_ASSIGNMENT((#17488));
#17488 = SURFACE_STYLE_USAGE(.BOTH.,#17489);
#17489 = SURFACE_SIDE_STYLE('',(#17490));
#17490 = SURFACE_STYLE_FILL_AREA(#17491);
#17491 = FILL_AREA_STYLE('',(#17492));
#17492 = FILL_AREA_STYLE_COLOUR('',#17240);
#17493 = OVER_RIDING_STYLED_ITEM('overriding color',(#17494),#9423,
  #17409);
#17494 = PRESENTATION_STYLE_ASSIGNMENT((#17495));
#17495 = SURFACE_STYLE_USAGE(.BOTH.,#17496);
#17496 = SURFACE_SIDE_STYLE('',(#17497));
#17497 = SURFACE_STYLE_FILL_AREA(#17498);
#17498 = FILL_AREA_STYLE('',(#17499));
#17499 = FILL_AREA_STYLE_COLOUR('',#17240);
#17500 = OVER_RIDING_STYLED_ITEM('overriding color',(#17501),#9445,
  #17409);
#17501 = PRESENTATION_STYLE_ASSIGNMENT((#17502));
#17502 = SURFACE_STYLE_USAGE(.BOTH.,#17503);
#17503 = SURFACE_SIDE_STYLE('',(#17504));
#17504 = SURFACE_STYLE_FILL_AREA(#17505);
#17505 = FILL_AREA_STYLE('',(#17506));
#17506 = FILL_AREA_STYLE_COLOUR('',#17240);
#17507 = OVER_RIDING_STYLED_ITEM('overriding color',(#17508),#9465,
  #17409);
#17508 = PRESENTATION_STYLE_ASSIGNMENT((#17509));
#17509 = SURFACE_STYLE_USAGE(.BOTH.,#17510);
#17510 = SURFACE_SIDE_STYLE('',(#17511));
#17511 = SURFACE_STYLE_FILL_AREA(#17512);
#17512 = FILL_AREA_STYLE('',(#17513));
#17513 = FILL_AREA_STYLE_COLOUR('',#17240);
#17514 = STYLED_ITEM('color',(#17515),#9485);
#17515 = PRESENTATION_STYLE_ASSIGNMENT((#17516));
#17516 = SURFACE_STYLE_USAGE(.BOTH.,#17517);
#17517 = SURFACE_SIDE_STYLE('',(#17518));
#17518 = SURFACE_STYLE_FILL_AREA(#17519);
#17519 = FILL_AREA_STYLE('',(#17520));
#17520 = FILL_AREA_STYLE_COLOUR('',#16734);
#17521 = OVER_RIDING_STYLED_ITEM('overriding color',(#17522),#9487,
  #17514);
#17522 = PRESENTATION_STYLE_ASSIGNMENT((#17523));
#17523 = SURFACE_STYLE_USAGE(.BOTH.,#17524);
#17524 = SURFACE_SIDE_STYLE('',(#17525));
#17525 = SURFACE_STYLE_FILL_AREA(#17526);
#17526 = FILL_AREA_STYLE('',(#17527));
#17527 = FILL_AREA_STYLE_COLOUR('',#17240);
#17528 = OVER_RIDING_STYLED_ITEM('overriding color',(#17529),#9617,
  #17514);
#17529 = PRESENTATION_STYLE_ASSIGNMENT((#17530));
#17530 = SURFACE_STYLE_USAGE(.BOTH.,#17531);
#17531 = SURFACE_SIDE_STYLE('',(#17532));
#17532 = SURFACE_STYLE_FILL_AREA(#17533);
#17533 = FILL_AREA_STYLE('',(#17534));
#17534 = FILL_AREA_STYLE_COLOUR('',#17240);
#17535 = OVER_RIDING_STYLED_ITEM('overriding color',(#17536),#9747,
  #17514);
#17536 = PRESENTATION_STYLE_ASSIGNMENT((#17537));
#17537 = SURFACE_STYLE_USAGE(.BOTH.,#17538);
#17538 = SURFACE_SIDE_STYLE('',(#17539));
#17539 = SURFACE_STYLE_FILL_AREA(#17540);
#17540 = FILL_AREA_STYLE('',(#17541));
#17541 = FILL_AREA_STYLE_COLOUR('',#17240);
#17542 = OVER_RIDING_STYLED_ITEM('overriding color',(#17543),#9769,
  #17514);
#17543 = PRESENTATION_STYLE_ASSIGNMENT((#17544));
#17544 = SURFACE_STYLE_USAGE(.BOTH.,#17545);
#17545 = SURFACE_SIDE_STYLE('',(#17546));
#17546 = SURFACE_STYLE_FILL_AREA(#17547);
#17547 = FILL_AREA_STYLE('',(#17548));
#17548 = FILL_AREA_STYLE_COLOUR('',#17240);
#17549 = OVER_RIDING_STYLED_ITEM('overriding color',(#17550),#9790,
  #17514);
#17550 = PRESENTATION_STYLE_ASSIGNMENT((#17551));
#17551 = SURFACE_STYLE_USAGE(.BOTH.,#17552);
#17552 = SURFACE_SIDE_STYLE('',(#17553));
#17553 = SURFACE_STYLE_FILL_AREA(#17554);
#17554 = FILL_AREA_STYLE('',(#17555));
#17555 = FILL_AREA_STYLE_COLOUR('',#17240);
#17556 = OVER_RIDING_STYLED_ITEM('overriding color',(#17557),#9811,
  #17514);
#17557 = PRESENTATION_STYLE_ASSIGNMENT((#17558));
#17558 = SURFACE_STYLE_USAGE(.BOTH.,#17559);
#17559 = SURFACE_SIDE_STYLE('',(#17560));
#17560 = SURFACE_STYLE_FILL_AREA(#17561);
#17561 = FILL_AREA_STYLE('',(#17562));
#17562 = FILL_AREA_STYLE_COLOUR('',#17240);
#17563 = OVER_RIDING_STYLED_ITEM('overriding color',(#17564),#9832,
  #17514);
#17564 = PRESENTATION_STYLE_ASSIGNMENT((#17565));
#17565 = SURFACE_STYLE_USAGE(.BOTH.,#17566);
#17566 = SURFACE_SIDE_STYLE('',(#17567));
#17567 = SURFACE_STYLE_FILL_AREA(#17568);
#17568 = FILL_AREA_STYLE('',(#17569));
#17569 = FILL_AREA_STYLE_COLOUR('',#17240);
#17570 = OVER_RIDING_STYLED_ITEM('overriding color',(#17571),#9853,
  #17514);
#17571 = PRESENTATION_STYLE_ASSIGNMENT((#17572));
#17572 = SURFACE_STYLE_USAGE(.BOTH.,#17573);
#17573 = SURFACE_SIDE_STYLE('',(#17574));
#17574 = SURFACE_STYLE_FILL_AREA(#17575);
#17575 = FILL_AREA_STYLE('',(#17576));
#17576 = FILL_AREA_STYLE_COLOUR('',#17240);
#17577 = OVER_RIDING_STYLED_ITEM('overriding color',(#17578),#9870,
  #17514);
#17578 = PRESENTATION_STYLE_ASSIGNMENT((#17579));
#17579 = SURFACE_STYLE_USAGE(.BOTH.,#17580);
#17580 = SURFACE_SIDE_STYLE('',(#17581));
#17581 = SURFACE_STYLE_FILL_AREA(#17582);
#17582 = FILL_AREA_STYLE('',(#17583));
#17583 = FILL_AREA_STYLE_COLOUR('',#17240);
#17584 = OVER_RIDING_STYLED_ITEM('overriding color',(#17585),#9882,
  #17514);
#17585 = PRESENTATION_STYLE_ASSIGNMENT((#17586));
#17586 = SURFACE_STYLE_USAGE(.BOTH.,#17587);
#17587 = SURFACE_SIDE_STYLE('',(#17588));
#17588 = SURFACE_STYLE_FILL_AREA(#17589);
#17589 = FILL_AREA_STYLE('',(#17590));
#17590 = FILL_AREA_STYLE_COLOUR('',#17240);
#17591 = OVER_RIDING_STYLED_ITEM('overriding color',(#17592),#9904,
  #17514);
#17592 = PRESENTATION_STYLE_ASSIGNMENT((#17593));
#17593 = SURFACE_STYLE_USAGE(.BOTH.,#17594);
#17594 = SURFACE_SIDE_STYLE('',(#17595));
#17595 = SURFACE_STYLE_FILL_AREA(#17596);
#17596 = FILL_AREA_STYLE('',(#17597));
#17597 = FILL_AREA_STYLE_COLOUR('',#17240);
#17598 = OVER_RIDING_STYLED_ITEM('overriding color',(#17599),#9921,
  #17514);
#17599 = PRESENTATION_STYLE_ASSIGNMENT((#17600));
#17600 = SURFACE_STYLE_USAGE(.BOTH.,#17601);
#17601 = SURFACE_SIDE_STYLE('',(#17602));
#17602 = SURFACE_STYLE_FILL_AREA(#17603);
#17603 = FILL_AREA_STYLE('',(#17604));
#17604 = FILL_AREA_STYLE_COLOUR('',#17240);
#17605 = OVER_RIDING_STYLED_ITEM('overriding color',(#17606),#9938,
  #17514);
#17606 = PRESENTATION_STYLE_ASSIGNMENT((#17607));
#17607 = SURFACE_STYLE_USAGE(.BOTH.,#17608);
#17608 = SURFACE_SIDE_STYLE('',(#17609));
#17609 = SURFACE_STYLE_FILL_AREA(#17610);
#17610 = FILL_AREA_STYLE('',(#17611));
#17611 = FILL_AREA_STYLE_COLOUR('',#17240);
#17612 = OVER_RIDING_STYLED_ITEM('overriding color',(#17613),#9959,
  #17514);
#17613 = PRESENTATION_STYLE_ASSIGNMENT((#17614));
#17614 = SURFACE_STYLE_USAGE(.BOTH.,#17615);
#17615 = SURFACE_SIDE_STYLE('',(#17616));
#17616 = SURFACE_STYLE_FILL_AREA(#17617);
#17617 = FILL_AREA_STYLE('',(#17618));
#17618 = FILL_AREA_STYLE_COLOUR('',#17240);
#17619 = OVER_RIDING_STYLED_ITEM('overriding color',(#17620),#9980,
  #17514);
#17620 = PRESENTATION_STYLE_ASSIGNMENT((#17621));
#17621 = SURFACE_STYLE_USAGE(.BOTH.,#17622);
#17622 = SURFACE_SIDE_STYLE('',(#17623));
#17623 = SURFACE_STYLE_FILL_AREA(#17624);
#17624 = FILL_AREA_STYLE('',(#17625));
#17625 = FILL_AREA_STYLE_COLOUR('',#17240);
#17626 = OVER_RIDING_STYLED_ITEM('overriding color',(#17627),#10001,
  #17514);
#17627 = PRESENTATION_STYLE_ASSIGNMENT((#17628));
#17628 = SURFACE_STYLE_USAGE(.BOTH.,#17629);
#17629 = SURFACE_SIDE_STYLE('',(#17630));
#17630 = SURFACE_STYLE_FILL_AREA(#17631);
#17631 = FILL_AREA_STYLE('',(#17632));
#17632 = FILL_AREA_STYLE_COLOUR('',#17240);
#17633 = STYLED_ITEM('color',(#17634),#10017);
#17634 = PRESENTATION_STYLE_ASSIGNMENT((#17635));
#17635 = SURFACE_STYLE_USAGE(.BOTH.,#17636);
#17636 = SURFACE_SIDE_STYLE('',(#17637));
#17637 = SURFACE_STYLE_FILL_AREA(#17638);
#17638 = FILL_AREA_STYLE('',(#17639));
#17639 = FILL_AREA_STYLE_COLOUR('',#16734);
#17640 = OVER_RIDING_STYLED_ITEM('overriding color',(#17641),#10019,
  #17633);
#17641 = PRESENTATION_STYLE_ASSIGNMENT((#17642));
#17642 = SURFACE_STYLE_USAGE(.BOTH.,#17643);
#17643 = SURFACE_SIDE_STYLE('',(#17644));
#17644 = SURFACE_STYLE_FILL_AREA(#17645);
#17645 = FILL_AREA_STYLE('',(#17646));
#17646 = FILL_AREA_STYLE_COLOUR('',#17240);
#17647 = OVER_RIDING_STYLED_ITEM('overriding color',(#17648),#10143,
  #17633);
#17648 = PRESENTATION_STYLE_ASSIGNMENT((#17649));
#17649 = SURFACE_STYLE_USAGE(.BOTH.,#17650);
#17650 = SURFACE_SIDE_STYLE('',(#17651));
#17651 = SURFACE_STYLE_FILL_AREA(#17652);
#17652 = FILL_AREA_STYLE('',(#17653));
#17653 = FILL_AREA_STYLE_COLOUR('',#17240);
#17654 = OVER_RIDING_STYLED_ITEM('overriding color',(#17655),#10267,
  #17633);
#17655 = PRESENTATION_STYLE_ASSIGNMENT((#17656));
#17656 = SURFACE_STYLE_USAGE(.BOTH.,#17657);
#17657 = SURFACE_SIDE_STYLE('',(#17658));
#17658 = SURFACE_STYLE_FILL_AREA(#17659);
#17659 = FILL_AREA_STYLE('',(#17660));
#17660 = FILL_AREA_STYLE_COLOUR('',#17240);
#17661 = OVER_RIDING_STYLED_ITEM('overriding color',(#17662),#10289,
  #17633);
#17662 = PRESENTATION_STYLE_ASSIGNMENT((#17663));
#17663 = SURFACE_STYLE_USAGE(.BOTH.,#17664);
#17664 = SURFACE_SIDE_STYLE('',(#17665));
#17665 = SURFACE_STYLE_FILL_AREA(#17666);
#17666 = FILL_AREA_STYLE('',(#17667));
#17667 = FILL_AREA_STYLE_COLOUR('',#17240);
#17668 = OVER_RIDING_STYLED_ITEM('overriding color',(#17669),#10306,
  #17633);
#17669 = PRESENTATION_STYLE_ASSIGNMENT((#17670));
#17670 = SURFACE_STYLE_USAGE(.BOTH.,#17671);
#17671 = SURFACE_SIDE_STYLE('',(#17672));
#17672 = SURFACE_STYLE_FILL_AREA(#17673);
#17673 = FILL_AREA_STYLE('',(#17674));
#17674 = FILL_AREA_STYLE_COLOUR('',#17240);
#17675 = OVER_RIDING_STYLED_ITEM('overriding color',(#17676),#10323,
  #17633);
#17676 = PRESENTATION_STYLE_ASSIGNMENT((#17677));
#17677 = SURFACE_STYLE_USAGE(.BOTH.,#17678);
#17678 = SURFACE_SIDE_STYLE('',(#17679));
#17679 = SURFACE_STYLE_FILL_AREA(#17680);
#17680 = FILL_AREA_STYLE('',(#17681));
#17681 = FILL_AREA_STYLE_COLOUR('',#17240);
#17682 = OVER_RIDING_STYLED_ITEM('overriding color',(#17683),#10340,
  #17633);
#17683 = PRESENTATION_STYLE_ASSIGNMENT((#17684));
#17684 = SURFACE_STYLE_USAGE(.BOTH.,#17685);
#17685 = SURFACE_SIDE_STYLE('',(#17686));
#17686 = SURFACE_STYLE_FILL_AREA(#17687);
#17687 = FILL_AREA_STYLE('',(#17688));
#17688 = FILL_AREA_STYLE_COLOUR('',#17240);
#17689 = OVER_RIDING_STYLED_ITEM('overriding color',(#17690),#10357,
  #17633);
#17690 = PRESENTATION_STYLE_ASSIGNMENT((#17691));
#17691 = SURFACE_STYLE_USAGE(.BOTH.,#17692);
#17692 = SURFACE_SIDE_STYLE('',(#17693));
#17693 = SURFACE_STYLE_FILL_AREA(#17694);
#17694 = FILL_AREA_STYLE('',(#17695));
#17695 = FILL_AREA_STYLE_COLOUR('',#17240);
#17696 = OVER_RIDING_STYLED_ITEM('overriding color',(#17697),#10374,
  #17633);
#17697 = PRESENTATION_STYLE_ASSIGNMENT((#17698));
#17698 = SURFACE_STYLE_USAGE(.BOTH.,#17699);
#17699 = SURFACE_SIDE_STYLE('',(#17700));
#17700 = SURFACE_STYLE_FILL_AREA(#17701);
#17701 = FILL_AREA_STYLE('',(#17702));
#17702 = FILL_AREA_STYLE_COLOUR('',#17240);
#17703 = OVER_RIDING_STYLED_ITEM('overriding color',(#17704),#10391,
  #17633);
#17704 = PRESENTATION_STYLE_ASSIGNMENT((#17705));
#17705 = SURFACE_STYLE_USAGE(.BOTH.,#17706);
#17706 = SURFACE_SIDE_STYLE('',(#17707));
#17707 = SURFACE_STYLE_FILL_AREA(#17708);
#17708 = FILL_AREA_STYLE('',(#17709));
#17709 = FILL_AREA_STYLE_COLOUR('',#17240);
#17710 = OVER_RIDING_STYLED_ITEM('overriding color',(#17711),#10403,
  #17633);
#17711 = PRESENTATION_STYLE_ASSIGNMENT((#17712));
#17712 = SURFACE_STYLE_USAGE(.BOTH.,#17713);
#17713 = SURFACE_SIDE_STYLE('',(#17714));
#17714 = SURFACE_STYLE_FILL_AREA(#17715);
#17715 = FILL_AREA_STYLE('',(#17716));
#17716 = FILL_AREA_STYLE_COLOUR('',#17240);
#17717 = OVER_RIDING_STYLED_ITEM('overriding color',(#17718),#10425,
  #17633);
#17718 = PRESENTATION_STYLE_ASSIGNMENT((#17719));
#17719 = SURFACE_STYLE_USAGE(.BOTH.,#17720);
#17720 = SURFACE_SIDE_STYLE('',(#17721));
#17721 = SURFACE_STYLE_FILL_AREA(#17722);
#17722 = FILL_AREA_STYLE('',(#17723));
#17723 = FILL_AREA_STYLE_COLOUR('',#17240);
#17724 = OVER_RIDING_STYLED_ITEM('overriding color',(#17725),#10442,
  #17633);
#17725 = PRESENTATION_STYLE_ASSIGNMENT((#17726));
#17726 = SURFACE_STYLE_USAGE(.BOTH.,#17727);
#17727 = SURFACE_SIDE_STYLE('',(#17728));
#17728 = SURFACE_STYLE_FILL_AREA(#17729);
#17729 = FILL_AREA_STYLE('',(#17730));
#17730 = FILL_AREA_STYLE_COLOUR('',#17240);
#17731 = OVER_RIDING_STYLED_ITEM('overriding color',(#17732),#10463,
  #17633);
#17732 = PRESENTATION_STYLE_ASSIGNMENT((#17733));
#17733 = SURFACE_STYLE_USAGE(.BOTH.,#17734);
#17734 = SURFACE_SIDE_STYLE('',(#17735));
#17735 = SURFACE_STYLE_FILL_AREA(#17736);
#17736 = FILL_AREA_STYLE('',(#17737));
#17737 = FILL_AREA_STYLE_COLOUR('',#17240);
#17738 = OVER_RIDING_STYLED_ITEM('overriding color',(#17739),#10480,
  #17633);
#17739 = PRESENTATION_STYLE_ASSIGNMENT((#17740));
#17740 = SURFACE_STYLE_USAGE(.BOTH.,#17741);
#17741 = SURFACE_SIDE_STYLE('',(#17742));
#17742 = SURFACE_STYLE_FILL_AREA(#17743);
#17743 = FILL_AREA_STYLE('',(#17744));
#17744 = FILL_AREA_STYLE_COLOUR('',#17240);
#17745 = OVER_RIDING_STYLED_ITEM('overriding color',(#17746),#10501,
  #17633);
#17746 = PRESENTATION_STYLE_ASSIGNMENT((#17747));
#17747 = SURFACE_STYLE_USAGE(.BOTH.,#17748);
#17748 = SURFACE_SIDE_STYLE('',(#17749));
#17749 = SURFACE_STYLE_FILL_AREA(#17750);
#17750 = FILL_AREA_STYLE('',(#17751));
#17751 = FILL_AREA_STYLE_COLOUR('',#17240);
#17752 = STYLED_ITEM('color',(#17753),#10513);
#17753 = PRESENTATION_STYLE_ASSIGNMENT((#17754));
#17754 = SURFACE_STYLE_USAGE(.BOTH.,#17755);
#17755 = SURFACE_SIDE_STYLE('',(#17756));
#17756 = SURFACE_STYLE_FILL_AREA(#17757);
#17757 = FILL_AREA_STYLE('',(#17758));
#17758 = FILL_AREA_STYLE_COLOUR('',#16734);
#17759 = OVER_RIDING_STYLED_ITEM('overriding color',(#17760),#10515,
  #17752);
#17760 = PRESENTATION_STYLE_ASSIGNMENT((#17761));
#17761 = SURFACE_STYLE_USAGE(.BOTH.,#17762);
#17762 = SURFACE_SIDE_STYLE('',(#17763));
#17763 = SURFACE_STYLE_FILL_AREA(#17764);
#17764 = FILL_AREA_STYLE('',(#17765));
#17765 = FILL_AREA_STYLE_COLOUR('',#17240);
#17766 = OVER_RIDING_STYLED_ITEM('overriding color',(#17767),#10555,
  #17752);
#17767 = PRESENTATION_STYLE_ASSIGNMENT((#17768));
#17768 = SURFACE_STYLE_USAGE(.BOTH.,#17769);
#17769 = SURFACE_SIDE_STYLE('',(#17770));
#17770 = SURFACE_STYLE_FILL_AREA(#17771);
#17771 = FILL_AREA_STYLE('',(#17772));
#17772 = FILL_AREA_STYLE_COLOUR('',#17240);
#17773 = OVER_RIDING_STYLED_ITEM('overriding color',(#17774),#10586,
  #17752);
#17774 = PRESENTATION_STYLE_ASSIGNMENT((#17775));
#17775 = SURFACE_STYLE_USAGE(.BOTH.,#17776);
#17776 = SURFACE_SIDE_STYLE('',(#17777));
#17777 = SURFACE_STYLE_FILL_AREA(#17778);
#17778 = FILL_AREA_STYLE('',(#17779));
#17779 = FILL_AREA_STYLE_COLOUR('',#17240);
#17780 = OVER_RIDING_STYLED_ITEM('overriding color',(#17781),#10617,
  #17752);
#17781 = PRESENTATION_STYLE_ASSIGNMENT((#17782));
#17782 = SURFACE_STYLE_USAGE(.BOTH.,#17783);
#17783 = SURFACE_SIDE_STYLE('',(#17784));
#17784 = SURFACE_STYLE_FILL_AREA(#17785);
#17785 = FILL_AREA_STYLE('',(#17786));
#17786 = FILL_AREA_STYLE_COLOUR('',#17240);
#17787 = OVER_RIDING_STYLED_ITEM('overriding color',(#17788),#10648,
  #17752);
#17788 = PRESENTATION_STYLE_ASSIGNMENT((#17789));
#17789 = SURFACE_STYLE_USAGE(.BOTH.,#17790);
#17790 = SURFACE_SIDE_STYLE('',(#17791));
#17791 = SURFACE_STYLE_FILL_AREA(#17792);
#17792 = FILL_AREA_STYLE('',(#17793));
#17793 = FILL_AREA_STYLE_COLOUR('',#17240);
#17794 = OVER_RIDING_STYLED_ITEM('overriding color',(#17795),#10679,
  #17752);
#17795 = PRESENTATION_STYLE_ASSIGNMENT((#17796));
#17796 = SURFACE_STYLE_USAGE(.BOTH.,#17797);
#17797 = SURFACE_SIDE_STYLE('',(#17798));
#17798 = SURFACE_STYLE_FILL_AREA(#17799);
#17799 = FILL_AREA_STYLE('',(#17800));
#17800 = FILL_AREA_STYLE_COLOUR('',#17240);
#17801 = OVER_RIDING_STYLED_ITEM('overriding color',(#17802),#10710,
  #17752);
#17802 = PRESENTATION_STYLE_ASSIGNMENT((#17803));
#17803 = SURFACE_STYLE_USAGE(.BOTH.,#17804);
#17804 = SURFACE_SIDE_STYLE('',(#17805));
#17805 = SURFACE_STYLE_FILL_AREA(#17806);
#17806 = FILL_AREA_STYLE('',(#17807));
#17807 = FILL_AREA_STYLE_COLOUR('',#17240);
#17808 = OVER_RIDING_STYLED_ITEM('overriding color',(#17809),#10741,
  #17752);
#17809 = PRESENTATION_STYLE_ASSIGNMENT((#17810));
#17810 = SURFACE_STYLE_USAGE(.BOTH.,#17811);
#17811 = SURFACE_SIDE_STYLE('',(#17812));
#17812 = SURFACE_STYLE_FILL_AREA(#17813);
#17813 = FILL_AREA_STYLE('',(#17814));
#17814 = FILL_AREA_STYLE_COLOUR('',#17240);
#17815 = OVER_RIDING_STYLED_ITEM('overriding color',(#17816),#10772,
  #17752);
#17816 = PRESENTATION_STYLE_ASSIGNMENT((#17817));
#17817 = SURFACE_STYLE_USAGE(.BOTH.,#17818);
#17818 = SURFACE_SIDE_STYLE('',(#17819));
#17819 = SURFACE_STYLE_FILL_AREA(#17820);
#17820 = FILL_AREA_STYLE('',(#17821));
#17821 = FILL_AREA_STYLE_COLOUR('',#17240);
#17822 = OVER_RIDING_STYLED_ITEM('overriding color',(#17823),#10803,
  #17752);
#17823 = PRESENTATION_STYLE_ASSIGNMENT((#17824));
#17824 = SURFACE_STYLE_USAGE(.BOTH.,#17825);
#17825 = SURFACE_SIDE_STYLE('',(#17826));
#17826 = SURFACE_STYLE_FILL_AREA(#17827);
#17827 = FILL_AREA_STYLE('',(#17828));
#17828 = FILL_AREA_STYLE_COLOUR('',#17240);
#17829 = OVER_RIDING_STYLED_ITEM('overriding color',(#17830),#10834,
  #17752);
#17830 = PRESENTATION_STYLE_ASSIGNMENT((#17831));
#17831 = SURFACE_STYLE_USAGE(.BOTH.,#17832);
#17832 = SURFACE_SIDE_STYLE('',(#17833));
#17833 = SURFACE_STYLE_FILL_AREA(#17834);
#17834 = FILL_AREA_STYLE('',(#17835));
#17835 = FILL_AREA_STYLE_COLOUR('',#17240);
#17836 = OVER_RIDING_STYLED_ITEM('overriding color',(#17837),#10865,
  #17752);
#17837 = PRESENTATION_STYLE_ASSIGNMENT((#17838));
#17838 = SURFACE_STYLE_USAGE(.BOTH.,#17839);
#17839 = SURFACE_SIDE_STYLE('',(#17840));
#17840 = SURFACE_STYLE_FILL_AREA(#17841);
#17841 = FILL_AREA_STYLE('',(#17842));
#17842 = FILL_AREA_STYLE_COLOUR('',#17240);
#17843 = OVER_RIDING_STYLED_ITEM('overriding color',(#17844),#10887,
  #17752);
#17844 = PRESENTATION_STYLE_ASSIGNMENT((#17845));
#17845 = SURFACE_STYLE_USAGE(.BOTH.,#17846);
#17846 = SURFACE_SIDE_STYLE('',(#17847));
#17847 = SURFACE_STYLE_FILL_AREA(#17848);
#17848 = FILL_AREA_STYLE('',(#17849));
#17849 = FILL_AREA_STYLE_COLOUR('',#17240);
#17850 = OVER_RIDING_STYLED_ITEM('overriding color',(#17851),#10907,
  #17752);
#17851 = PRESENTATION_STYLE_ASSIGNMENT((#17852));
#17852 = SURFACE_STYLE_USAGE(.BOTH.,#17853);
#17853 = SURFACE_SIDE_STYLE('',(#17854));
#17854 = SURFACE_STYLE_FILL_AREA(#17855);
#17855 = FILL_AREA_STYLE('',(#17856));
#17856 = FILL_AREA_STYLE_COLOUR('',#17240);
#17857 = STYLED_ITEM('color',(#17858),#10927);
#17858 = PRESENTATION_STYLE_ASSIGNMENT((#17859));
#17859 = SURFACE_STYLE_USAGE(.BOTH.,#17860);
#17860 = SURFACE_SIDE_STYLE('',(#17861));
#17861 = SURFACE_STYLE_FILL_AREA(#17862);
#17862 = FILL_AREA_STYLE('',(#17863));
#17863 = FILL_AREA_STYLE_COLOUR('',#16734);
#17864 = OVER_RIDING_STYLED_ITEM('overriding color',(#17865),#10929,
  #17857);
#17865 = PRESENTATION_STYLE_ASSIGNMENT((#17866));
#17866 = SURFACE_STYLE_USAGE(.BOTH.,#17867);
#17867 = SURFACE_SIDE_STYLE('',(#17868));
#17868 = SURFACE_STYLE_FILL_AREA(#17869);
#17869 = FILL_AREA_STYLE('',(#17870));
#17870 = FILL_AREA_STYLE_COLOUR('',#17240);
#17871 = OVER_RIDING_STYLED_ITEM('overriding color',(#17872),#11129,
  #17857);
#17872 = PRESENTATION_STYLE_ASSIGNMENT((#17873));
#17873 = SURFACE_STYLE_USAGE(.BOTH.,#17874);
#17874 = SURFACE_SIDE_STYLE('',(#17875));
#17875 = SURFACE_STYLE_FILL_AREA(#17876);
#17876 = FILL_AREA_STYLE('',(#17877));
#17877 = FILL_AREA_STYLE_COLOUR('',#17240);
#17878 = OVER_RIDING_STYLED_ITEM('overriding color',(#17879),#11329,
  #17857);
#17879 = PRESENTATION_STYLE_ASSIGNMENT((#17880));
#17880 = SURFACE_STYLE_USAGE(.BOTH.,#17881);
#17881 = SURFACE_SIDE_STYLE('',(#17882));
#17882 = SURFACE_STYLE_FILL_AREA(#17883);
#17883 = FILL_AREA_STYLE('',(#17884));
#17884 = FILL_AREA_STYLE_COLOUR('',#17240);
#17885 = OVER_RIDING_STYLED_ITEM('overriding color',(#17886),#11355,
  #17857);
#17886 = PRESENTATION_STYLE_ASSIGNMENT((#17887));
#17887 = SURFACE_STYLE_USAGE(.BOTH.,#17888);
#17888 = SURFACE_SIDE_STYLE('',(#17889));
#17889 = SURFACE_STYLE_FILL_AREA(#17890);
#17890 = FILL_AREA_STYLE('',(#17891));
#17891 = FILL_AREA_STYLE_COLOUR('',#17240);
#17892 = OVER_RIDING_STYLED_ITEM('overriding color',(#17893),#11372,
  #17857);
#17893 = PRESENTATION_STYLE_ASSIGNMENT((#17894));
#17894 = SURFACE_STYLE_USAGE(.BOTH.,#17895);
#17895 = SURFACE_SIDE_STYLE('',(#17896));
#17896 = SURFACE_STYLE_FILL_AREA(#17897);
#17897 = FILL_AREA_STYLE('',(#17898));
#17898 = FILL_AREA_STYLE_COLOUR('',#17240);
#17899 = OVER_RIDING_STYLED_ITEM('overriding color',(#17900),#11393,
  #17857);
#17900 = PRESENTATION_STYLE_ASSIGNMENT((#17901));
#17901 = SURFACE_STYLE_USAGE(.BOTH.,#17902);
#17902 = SURFACE_SIDE_STYLE('',(#17903));
#17903 = SURFACE_STYLE_FILL_AREA(#17904);
#17904 = FILL_AREA_STYLE('',(#17905));
#17905 = FILL_AREA_STYLE_COLOUR('',#17240);
#17906 = OVER_RIDING_STYLED_ITEM('overriding color',(#17907),#11414,
  #17857);
#17907 = PRESENTATION_STYLE_ASSIGNMENT((#17908));
#17908 = SURFACE_STYLE_USAGE(.BOTH.,#17909);
#17909 = SURFACE_SIDE_STYLE('',(#17910));
#17910 = SURFACE_STYLE_FILL_AREA(#17911);
#17911 = FILL_AREA_STYLE('',(#17912));
#17912 = FILL_AREA_STYLE_COLOUR('',#17240);
#17913 = OVER_RIDING_STYLED_ITEM('overriding color',(#17914),#11431,
  #17857);
#17914 = PRESENTATION_STYLE_ASSIGNMENT((#17915));
#17915 = SURFACE_STYLE_USAGE(.BOTH.,#17916);
#17916 = SURFACE_SIDE_STYLE('',(#17917));
#17917 = SURFACE_STYLE_FILL_AREA(#17918);
#17918 = FILL_AREA_STYLE('',(#17919));
#17919 = FILL_AREA_STYLE_COLOUR('',#17240);
#17920 = OVER_RIDING_STYLED_ITEM('overriding color',(#17921),#11452,
  #17857);
#17921 = PRESENTATION_STYLE_ASSIGNMENT((#17922));
#17922 = SURFACE_STYLE_USAGE(.BOTH.,#17923);
#17923 = SURFACE_SIDE_STYLE('',(#17924));
#17924 = SURFACE_STYLE_FILL_AREA(#17925);
#17925 = FILL_AREA_STYLE('',(#17926));
#17926 = FILL_AREA_STYLE_COLOUR('',#17240);
#17927 = OVER_RIDING_STYLED_ITEM('overriding color',(#17928),#11473,
  #17857);
#17928 = PRESENTATION_STYLE_ASSIGNMENT((#17929));
#17929 = SURFACE_STYLE_USAGE(.BOTH.,#17930);
#17930 = SURFACE_SIDE_STYLE('',(#17931));
#17931 = SURFACE_STYLE_FILL_AREA(#17932);
#17932 = FILL_AREA_STYLE('',(#17933));
#17933 = FILL_AREA_STYLE_COLOUR('',#17240);
#17934 = OVER_RIDING_STYLED_ITEM('overriding color',(#17935),#11494,
  #17857);
#17935 = PRESENTATION_STYLE_ASSIGNMENT((#17936));
#17936 = SURFACE_STYLE_USAGE(.BOTH.,#17937);
#17937 = SURFACE_SIDE_STYLE('',(#17938));
#17938 = SURFACE_STYLE_FILL_AREA(#17939);
#17939 = FILL_AREA_STYLE('',(#17940));
#17940 = FILL_AREA_STYLE_COLOUR('',#17240);
#17941 = OVER_RIDING_STYLED_ITEM('overriding color',(#17942),#11515,
  #17857);
#17942 = PRESENTATION_STYLE_ASSIGNMENT((#17943));
#17943 = SURFACE_STYLE_USAGE(.BOTH.,#17944);
#17944 = SURFACE_SIDE_STYLE('',(#17945));
#17945 = SURFACE_STYLE_FILL_AREA(#17946);
#17946 = FILL_AREA_STYLE('',(#17947));
#17947 = FILL_AREA_STYLE_COLOUR('',#17240);
#17948 = OVER_RIDING_STYLED_ITEM('overriding color',(#17949),#11532,
  #17857);
#17949 = PRESENTATION_STYLE_ASSIGNMENT((#17950));
#17950 = SURFACE_STYLE_USAGE(.BOTH.,#17951);
#17951 = SURFACE_SIDE_STYLE('',(#17952));
#17952 = SURFACE_STYLE_FILL_AREA(#17953);
#17953 = FILL_AREA_STYLE('',(#17954));
#17954 = FILL_AREA_STYLE_COLOUR('',#17240);
#17955 = OVER_RIDING_STYLED_ITEM('overriding color',(#17956),#11549,
  #17857);
#17956 = PRESENTATION_STYLE_ASSIGNMENT((#17957));
#17957 = SURFACE_STYLE_USAGE(.BOTH.,#17958);
#17958 = SURFACE_SIDE_STYLE('',(#17959));
#17959 = SURFACE_STYLE_FILL_AREA(#17960);
#17960 = FILL_AREA_STYLE('',(#17961));
#17961 = FILL_AREA_STYLE_COLOUR('',#17240);
#17962 = OVER_RIDING_STYLED_ITEM('overriding color',(#17963),#11566,
  #17857);
#17963 = PRESENTATION_STYLE_ASSIGNMENT((#17964));
#17964 = SURFACE_STYLE_USAGE(.BOTH.,#17965);
#17965 = SURFACE_SIDE_STYLE('',(#17966));
#17966 = SURFACE_STYLE_FILL_AREA(#17967);
#17967 = FILL_AREA_STYLE('',(#17968));
#17968 = FILL_AREA_STYLE_COLOUR('',#17240);
#17969 = OVER_RIDING_STYLED_ITEM('overriding color',(#17970),#11583,
  #17857);
#17970 = PRESENTATION_STYLE_ASSIGNMENT((#17971));
#17971 = SURFACE_STYLE_USAGE(.BOTH.,#17972);
#17972 = SURFACE_SIDE_STYLE('',(#17973));
#17973 = SURFACE_STYLE_FILL_AREA(#17974);
#17974 = FILL_AREA_STYLE('',(#17975));
#17975 = FILL_AREA_STYLE_COLOUR('',#17240);
#17976 = OVER_RIDING_STYLED_ITEM('overriding color',(#17977),#11599,
  #17857);
#17977 = PRESENTATION_STYLE_ASSIGNMENT((#17978));
#17978 = SURFACE_STYLE_USAGE(.BOTH.,#17979);
#17979 = SURFACE_SIDE_STYLE('',(#17980));
#17980 = SURFACE_STYLE_FILL_AREA(#17981);
#17981 = FILL_AREA_STYLE('',(#17982));
#17982 = FILL_AREA_STYLE_COLOUR('',#17240);
#17983 = OVER_RIDING_STYLED_ITEM('overriding color',(#17984),#11625,
  #17857);
#17984 = PRESENTATION_STYLE_ASSIGNMENT((#17985));
#17985 = SURFACE_STYLE_USAGE(.BOTH.,#17986);
#17986 = SURFACE_SIDE_STYLE('',(#17987));
#17987 = SURFACE_STYLE_FILL_AREA(#17988);
#17988 = FILL_AREA_STYLE('',(#17989));
#17989 = FILL_AREA_STYLE_COLOUR('',#17240);
#17990 = OVER_RIDING_STYLED_ITEM('overriding color',(#17991),#11646,
  #17857);
#17991 = PRESENTATION_STYLE_ASSIGNMENT((#17992));
#17992 = SURFACE_STYLE_USAGE(.BOTH.,#17993);
#17993 = SURFACE_SIDE_STYLE('',(#17994));
#17994 = SURFACE_STYLE_FILL_AREA(#17995);
#17995 = FILL_AREA_STYLE('',(#17996));
#17996 = FILL_AREA_STYLE_COLOUR('',#17240);
#17997 = OVER_RIDING_STYLED_ITEM('overriding color',(#17998),#11667,
  #17857);
#17998 = PRESENTATION_STYLE_ASSIGNMENT((#17999));
#17999 = SURFACE_STYLE_USAGE(.BOTH.,#18000);
#18000 = SURFACE_SIDE_STYLE('',(#18001));
#18001 = SURFACE_STYLE_FILL_AREA(#18002);
#18002 = FILL_AREA_STYLE('',(#18003));
#18003 = FILL_AREA_STYLE_COLOUR('',#17240);
#18004 = OVER_RIDING_STYLED_ITEM('overriding color',(#18005),#11688,
  #17857);
#18005 = PRESENTATION_STYLE_ASSIGNMENT((#18006));
#18006 = SURFACE_STYLE_USAGE(.BOTH.,#18007);
#18007 = SURFACE_SIDE_STYLE('',(#18008));
#18008 = SURFACE_STYLE_FILL_AREA(#18009);
#18009 = FILL_AREA_STYLE('',(#18010));
#18010 = FILL_AREA_STYLE_COLOUR('',#17240);
#18011 = OVER_RIDING_STYLED_ITEM('overriding color',(#18012),#11709,
  #17857);
#18012 = PRESENTATION_STYLE_ASSIGNMENT((#18013));
#18013 = SURFACE_STYLE_USAGE(.BOTH.,#18014);
#18014 = SURFACE_SIDE_STYLE('',(#18015));
#18015 = SURFACE_STYLE_FILL_AREA(#18016);
#18016 = FILL_AREA_STYLE('',(#18017));
#18017 = FILL_AREA_STYLE_COLOUR('',#17240);
#18018 = OVER_RIDING_STYLED_ITEM('overriding color',(#18019),#11730,
  #17857);
#18019 = PRESENTATION_STYLE_ASSIGNMENT((#18020));
#18020 = SURFACE_STYLE_USAGE(.BOTH.,#18021);
#18021 = SURFACE_SIDE_STYLE('',(#18022));
#18022 = SURFACE_STYLE_FILL_AREA(#18023);
#18023 = FILL_AREA_STYLE('',(#18024));
#18024 = FILL_AREA_STYLE_COLOUR('',#17240);
#18025 = OVER_RIDING_STYLED_ITEM('overriding color',(#18026),#11747,
  #17857);
#18026 = PRESENTATION_STYLE_ASSIGNMENT((#18027));
#18027 = SURFACE_STYLE_USAGE(.BOTH.,#18028);
#18028 = SURFACE_SIDE_STYLE('',(#18029));
#18029 = SURFACE_STYLE_FILL_AREA(#18030);
#18030 = FILL_AREA_STYLE('',(#18031));
#18031 = FILL_AREA_STYLE_COLOUR('',#17240);
#18032 = STYLED_ITEM('color',(#18033),#11759);
#18033 = PRESENTATION_STYLE_ASSIGNMENT((#18034));
#18034 = SURFACE_STYLE_USAGE(.BOTH.,#18035);
#18035 = SURFACE_SIDE_STYLE('',(#18036));
#18036 = SURFACE_STYLE_FILL_AREA(#18037);
#18037 = FILL_AREA_STYLE('',(#18038));
#18038 = FILL_AREA_STYLE_COLOUR('',#16734);
#18039 = OVER_RIDING_STYLED_ITEM('overriding color',(#18040),#11761,
  #18032);
#18040 = PRESENTATION_STYLE_ASSIGNMENT((#18041));
#18041 = SURFACE_STYLE_USAGE(.BOTH.,#18042);
#18042 = SURFACE_SIDE_STYLE('',(#18043));
#18043 = SURFACE_STYLE_FILL_AREA(#18044);
#18044 = FILL_AREA_STYLE('',(#18045));
#18045 = FILL_AREA_STYLE_COLOUR('',#17240);
#18046 = OVER_RIDING_STYLED_ITEM('overriding color',(#18047),#11807,
  #18032);
#18047 = PRESENTATION_STYLE_ASSIGNMENT((#18048));
#18048 = SURFACE_STYLE_USAGE(.BOTH.,#18049);
#18049 = SURFACE_SIDE_STYLE('',(#18050));
#18050 = SURFACE_STYLE_FILL_AREA(#18051);
#18051 = FILL_AREA_STYLE('',(#18052));
#18052 = FILL_AREA_STYLE_COLOUR('',#17240);
#18053 = OVER_RIDING_STYLED_ITEM('overriding color',(#18054),#11838,
  #18032);
#18054 = PRESENTATION_STYLE_ASSIGNMENT((#18055));
#18055 = SURFACE_STYLE_USAGE(.BOTH.,#18056);
#18056 = SURFACE_SIDE_STYLE('',(#18057));
#18057 = SURFACE_STYLE_FILL_AREA(#18058);
#18058 = FILL_AREA_STYLE('',(#18059));
#18059 = FILL_AREA_STYLE_COLOUR('',#17240);
#18060 = OVER_RIDING_STYLED_ITEM('overriding color',(#18061),#11875,
  #18032);
#18061 = PRESENTATION_STYLE_ASSIGNMENT((#18062));
#18062 = SURFACE_STYLE_USAGE(.BOTH.,#18063);
#18063 = SURFACE_SIDE_STYLE('',(#18064));
#18064 = SURFACE_STYLE_FILL_AREA(#18065);
#18065 = FILL_AREA_STYLE('',(#18066));
#18066 = FILL_AREA_STYLE_COLOUR('',#17240);
#18067 = OVER_RIDING_STYLED_ITEM('overriding color',(#18068),#11912,
  #18032);
#18068 = PRESENTATION_STYLE_ASSIGNMENT((#18069));
#18069 = SURFACE_STYLE_USAGE(.BOTH.,#18070);
#18070 = SURFACE_SIDE_STYLE('',(#18071));
#18071 = SURFACE_STYLE_FILL_AREA(#18072);
#18072 = FILL_AREA_STYLE('',(#18073));
#18073 = FILL_AREA_STYLE_COLOUR('',#17240);
#18074 = OVER_RIDING_STYLED_ITEM('overriding color',(#18075),#11949,
  #18032);
#18075 = PRESENTATION_STYLE_ASSIGNMENT((#18076));
#18076 = SURFACE_STYLE_USAGE(.BOTH.,#18077);
#18077 = SURFACE_SIDE_STYLE('',(#18078));
#18078 = SURFACE_STYLE_FILL_AREA(#18079);
#18079 = FILL_AREA_STYLE('',(#18080));
#18080 = FILL_AREA_STYLE_COLOUR('',#17240);
#18081 = OVER_RIDING_STYLED_ITEM('overriding color',(#18082),#11986,
  #18032);
#18082 = PRESENTATION_STYLE_ASSIGNMENT((#18083));
#18083 = SURFACE_STYLE_USAGE(.BOTH.,#18084);
#18084 = SURFACE_SIDE_STYLE('',(#18085));
#18085 = SURFACE_STYLE_FILL_AREA(#18086);
#18086 = FILL_AREA_STYLE('',(#18087));
#18087 = FILL_AREA_STYLE_COLOUR('',#17240);
#18088 = OVER_RIDING_STYLED_ITEM('overriding color',(#18089),#12023,
  #18032);
#18089 = PRESENTATION_STYLE_ASSIGNMENT((#18090));
#18090 = SURFACE_STYLE_USAGE(.BOTH.,#18091);
#18091 = SURFACE_SIDE_STYLE('',(#18092));
#18092 = SURFACE_STYLE_FILL_AREA(#18093);
#18093 = FILL_AREA_STYLE('',(#18094));
#18094 = FILL_AREA_STYLE_COLOUR('',#17240);
#18095 = OVER_RIDING_STYLED_ITEM('overriding color',(#18096),#12060,
  #18032);
#18096 = PRESENTATION_STYLE_ASSIGNMENT((#18097));
#18097 = SURFACE_STYLE_USAGE(.BOTH.,#18098);
#18098 = SURFACE_SIDE_STYLE('',(#18099));
#18099 = SURFACE_STYLE_FILL_AREA(#18100);
#18100 = FILL_AREA_STYLE('',(#18101));
#18101 = FILL_AREA_STYLE_COLOUR('',#17240);
#18102 = OVER_RIDING_STYLED_ITEM('overriding color',(#18103),#12097,
  #18032);
#18103 = PRESENTATION_STYLE_ASSIGNMENT((#18104));
#18104 = SURFACE_STYLE_USAGE(.BOTH.,#18105);
#18105 = SURFACE_SIDE_STYLE('',(#18106));
#18106 = SURFACE_STYLE_FILL_AREA(#18107);
#18107 = FILL_AREA_STYLE('',(#18108));
#18108 = FILL_AREA_STYLE_COLOUR('',#17240);
#18109 = OVER_RIDING_STYLED_ITEM('overriding color',(#18110),#12134,
  #18032);
#18110 = PRESENTATION_STYLE_ASSIGNMENT((#18111));
#18111 = SURFACE_STYLE_USAGE(.BOTH.,#18112);
#18112 = SURFACE_SIDE_STYLE('',(#18113));
#18113 = SURFACE_STYLE_FILL_AREA(#18114);
#18114 = FILL_AREA_STYLE('',(#18115));
#18115 = FILL_AREA_STYLE_COLOUR('',#17240);
#18116 = OVER_RIDING_STYLED_ITEM('overriding color',(#18117),#12171,
  #18032);
#18117 = PRESENTATION_STYLE_ASSIGNMENT((#18118));
#18118 = SURFACE_STYLE_USAGE(.BOTH.,#18119);
#18119 = SURFACE_SIDE_STYLE('',(#18120));
#18120 = SURFACE_STYLE_FILL_AREA(#18121);
#18121 = FILL_AREA_STYLE('',(#18122));
#18122 = FILL_AREA_STYLE_COLOUR('',#17240);
#18123 = OVER_RIDING_STYLED_ITEM('overriding color',(#18124),#12208,
  #18032);
#18124 = PRESENTATION_STYLE_ASSIGNMENT((#18125));
#18125 = SURFACE_STYLE_USAGE(.BOTH.,#18126);
#18126 = SURFACE_SIDE_STYLE('',(#18127));
#18127 = SURFACE_STYLE_FILL_AREA(#18128);
#18128 = FILL_AREA_STYLE('',(#18129));
#18129 = FILL_AREA_STYLE_COLOUR('',#17240);
#18130 = OVER_RIDING_STYLED_ITEM('overriding color',(#18131),#12239,
  #18032);
#18131 = PRESENTATION_STYLE_ASSIGNMENT((#18132));
#18132 = SURFACE_STYLE_USAGE(.BOTH.,#18133);
#18133 = SURFACE_SIDE_STYLE('',(#18134));
#18134 = SURFACE_STYLE_FILL_AREA(#18135);
#18135 = FILL_AREA_STYLE('',(#18136));
#18136 = FILL_AREA_STYLE_COLOUR('',#17240);
#18137 = OVER_RIDING_STYLED_ITEM('overriding color',(#18138),#12276,
  #18032);
#18138 = PRESENTATION_STYLE_ASSIGNMENT((#18139));
#18139 = SURFACE_STYLE_USAGE(.BOTH.,#18140);
#18140 = SURFACE_SIDE_STYLE('',(#18141));
#18141 = SURFACE_STYLE_FILL_AREA(#18142);
#18142 = FILL_AREA_STYLE('',(#18143));
#18143 = FILL_AREA_STYLE_COLOUR('',#17240);
#18144 = OVER_RIDING_STYLED_ITEM('overriding color',(#18145),#12313,
  #18032);
#18145 = PRESENTATION_STYLE_ASSIGNMENT((#18146));
#18146 = SURFACE_STYLE_USAGE(.BOTH.,#18147);
#18147 = SURFACE_SIDE_STYLE('',(#18148));
#18148 = SURFACE_STYLE_FILL_AREA(#18149);
#18149 = FILL_AREA_STYLE('',(#18150));
#18150 = FILL_AREA_STYLE_COLOUR('',#17240);
#18151 = OVER_RIDING_STYLED_ITEM('overriding color',(#18152),#12350,
  #18032);
#18152 = PRESENTATION_STYLE_ASSIGNMENT((#18153));
#18153 = SURFACE_STYLE_USAGE(.BOTH.,#18154);
#18154 = SURFACE_SIDE_STYLE('',(#18155));
#18155 = SURFACE_STYLE_FILL_AREA(#18156);
#18156 = FILL_AREA_STYLE('',(#18157));
#18157 = FILL_AREA_STYLE_COLOUR('',#17240);
#18158 = OVER_RIDING_STYLED_ITEM('overriding color',(#18159),#12387,
  #18032);
#18159 = PRESENTATION_STYLE_ASSIGNMENT((#18160));
#18160 = SURFACE_STYLE_USAGE(.BOTH.,#18161);
#18161 = SURFACE_SIDE_STYLE('',(#18162));
#18162 = SURFACE_STYLE_FILL_AREA(#18163);
#18163 = FILL_AREA_STYLE('',(#18164));
#18164 = FILL_AREA_STYLE_COLOUR('',#17240);
#18165 = OVER_RIDING_STYLED_ITEM('overriding color',(#18166),#12424,
  #18032);
#18166 = PRESENTATION_STYLE_ASSIGNMENT((#18167));
#18167 = SURFACE_STYLE_USAGE(.BOTH.,#18168);
#18168 = SURFACE_SIDE_STYLE('',(#18169));
#18169 = SURFACE_STYLE_FILL_AREA(#18170);
#18170 = FILL_AREA_STYLE('',(#18171));
#18171 = FILL_AREA_STYLE_COLOUR('',#17240);
#18172 = OVER_RIDING_STYLED_ITEM('overriding color',(#18173),#12461,
  #18032);
#18173 = PRESENTATION_STYLE_ASSIGNMENT((#18174));
#18174 = SURFACE_STYLE_USAGE(.BOTH.,#18175);
#18175 = SURFACE_SIDE_STYLE('',(#18176));
#18176 = SURFACE_STYLE_FILL_AREA(#18177);
#18177 = FILL_AREA_STYLE('',(#18178));
#18178 = FILL_AREA_STYLE_COLOUR('',#17240);
#18179 = OVER_RIDING_STYLED_ITEM('overriding color',(#18180),#12498,
  #18032);
#18180 = PRESENTATION_STYLE_ASSIGNMENT((#18181));
#18181 = SURFACE_STYLE_USAGE(.BOTH.,#18182);
#18182 = SURFACE_SIDE_STYLE('',(#18183));
#18183 = SURFACE_STYLE_FILL_AREA(#18184);
#18184 = FILL_AREA_STYLE('',(#18185));
#18185 = FILL_AREA_STYLE_COLOUR('',#17240);
#18186 = OVER_RIDING_STYLED_ITEM('overriding color',(#18187),#12526,
  #18032);
#18187 = PRESENTATION_STYLE_ASSIGNMENT((#18188));
#18188 = SURFACE_STYLE_USAGE(.BOTH.,#18189);
#18189 = SURFACE_SIDE_STYLE('',(#18190));
#18190 = SURFACE_STYLE_FILL_AREA(#18191);
#18191 = FILL_AREA_STYLE('',(#18192));
#18192 = FILL_AREA_STYLE_COLOUR('',#17240);
#18193 = OVER_RIDING_STYLED_ITEM('overriding color',(#18194),#12555,
  #18032);
#18194 = PRESENTATION_STYLE_ASSIGNMENT((#18195));
#18195 = SURFACE_STYLE_USAGE(.BOTH.,#18196);
#18196 = SURFACE_SIDE_STYLE('',(#18197));
#18197 = SURFACE_STYLE_FILL_AREA(#18198);
#18198 = FILL_AREA_STYLE('',(#18199));
#18199 = FILL_AREA_STYLE_COLOUR('',#17240);
#18200 = STYLED_ITEM('color',(#18201),#12584);
#18201 = PRESENTATION_STYLE_ASSIGNMENT((#18202));
#18202 = SURFACE_STYLE_USAGE(.BOTH.,#18203);
#18203 = SURFACE_SIDE_STYLE('',(#18204));
#18204 = SURFACE_STYLE_FILL_AREA(#18205);
#18205 = FILL_AREA_STYLE('',(#18206));
#18206 = FILL_AREA_STYLE_COLOUR('',#16734);
#18207 = OVER_RIDING_STYLED_ITEM('overriding color',(#18208),#12586,
  #18200);
#18208 = PRESENTATION_STYLE_ASSIGNMENT((#18209));
#18209 = SURFACE_STYLE_USAGE(.BOTH.,#18210);
#18210 = SURFACE_SIDE_STYLE('',(#18211));
#18211 = SURFACE_STYLE_FILL_AREA(#18212);
#18212 = FILL_AREA_STYLE('',(#18213));
#18213 = FILL_AREA_STYLE_COLOUR('',#17240);
#18214 = OVER_RIDING_STYLED_ITEM('overriding color',(#18215),#12626,
  #18200);
#18215 = PRESENTATION_STYLE_ASSIGNMENT((#18216));
#18216 = SURFACE_STYLE_USAGE(.BOTH.,#18217);
#18217 = SURFACE_SIDE_STYLE('',(#18218));
#18218 = SURFACE_STYLE_FILL_AREA(#18219);
#18219 = FILL_AREA_STYLE('',(#18220));
#18220 = FILL_AREA_STYLE_COLOUR('',#17240);
#18221 = OVER_RIDING_STYLED_ITEM('overriding color',(#18222),#12657,
  #18200);
#18222 = PRESENTATION_STYLE_ASSIGNMENT((#18223));
#18223 = SURFACE_STYLE_USAGE(.BOTH.,#18224);
#18224 = SURFACE_SIDE_STYLE('',(#18225));
#18225 = SURFACE_STYLE_FILL_AREA(#18226);
#18226 = FILL_AREA_STYLE('',(#18227));
#18227 = FILL_AREA_STYLE_COLOUR('',#17240);
#18228 = OVER_RIDING_STYLED_ITEM('overriding color',(#18229),#12694,
  #18200);
#18229 = PRESENTATION_STYLE_ASSIGNMENT((#18230));
#18230 = SURFACE_STYLE_USAGE(.BOTH.,#18231);
#18231 = SURFACE_SIDE_STYLE('',(#18232));
#18232 = SURFACE_STYLE_FILL_AREA(#18233);
#18233 = FILL_AREA_STYLE('',(#18234));
#18234 = FILL_AREA_STYLE_COLOUR('',#17240);
#18235 = OVER_RIDING_STYLED_ITEM('overriding color',(#18236),#12725,
  #18200);
#18236 = PRESENTATION_STYLE_ASSIGNMENT((#18237));
#18237 = SURFACE_STYLE_USAGE(.BOTH.,#18238);
#18238 = SURFACE_SIDE_STYLE('',(#18239));
#18239 = SURFACE_STYLE_FILL_AREA(#18240);
#18240 = FILL_AREA_STYLE('',(#18241));
#18241 = FILL_AREA_STYLE_COLOUR('',#17240);
#18242 = OVER_RIDING_STYLED_ITEM('overriding color',(#18243),#12756,
  #18200);
#18243 = PRESENTATION_STYLE_ASSIGNMENT((#18244));
#18244 = SURFACE_STYLE_USAGE(.BOTH.,#18245);
#18245 = SURFACE_SIDE_STYLE('',(#18246));
#18246 = SURFACE_STYLE_FILL_AREA(#18247);
#18247 = FILL_AREA_STYLE('',(#18248));
#18248 = FILL_AREA_STYLE_COLOUR('',#17240);
#18249 = OVER_RIDING_STYLED_ITEM('overriding color',(#18250),#12787,
  #18200);
#18250 = PRESENTATION_STYLE_ASSIGNMENT((#18251));
#18251 = SURFACE_STYLE_USAGE(.BOTH.,#18252);
#18252 = SURFACE_SIDE_STYLE('',(#18253));
#18253 = SURFACE_STYLE_FILL_AREA(#18254);
#18254 = FILL_AREA_STYLE('',(#18255));
#18255 = FILL_AREA_STYLE_COLOUR('',#17240);
#18256 = OVER_RIDING_STYLED_ITEM('overriding color',(#18257),#12818,
  #18200);
#18257 = PRESENTATION_STYLE_ASSIGNMENT((#18258));
#18258 = SURFACE_STYLE_USAGE(.BOTH.,#18259);
#18259 = SURFACE_SIDE_STYLE('',(#18260));
#18260 = SURFACE_STYLE_FILL_AREA(#18261);
#18261 = FILL_AREA_STYLE('',(#18262));
#18262 = FILL_AREA_STYLE_COLOUR('',#17240);
#18263 = OVER_RIDING_STYLED_ITEM('overriding color',(#18264),#12849,
  #18200);
#18264 = PRESENTATION_STYLE_ASSIGNMENT((#18265));
#18265 = SURFACE_STYLE_USAGE(.BOTH.,#18266);
#18266 = SURFACE_SIDE_STYLE('',(#18267));
#18267 = SURFACE_STYLE_FILL_AREA(#18268);
#18268 = FILL_AREA_STYLE('',(#18269));
#18269 = FILL_AREA_STYLE_COLOUR('',#17240);
#18270 = OVER_RIDING_STYLED_ITEM('overriding color',(#18271),#12880,
  #18200);
#18271 = PRESENTATION_STYLE_ASSIGNMENT((#18272));
#18272 = SURFACE_STYLE_USAGE(.BOTH.,#18273);
#18273 = SURFACE_SIDE_STYLE('',(#18274));
#18274 = SURFACE_STYLE_FILL_AREA(#18275);
#18275 = FILL_AREA_STYLE('',(#18276));
#18276 = FILL_AREA_STYLE_COLOUR('',#17240);
#18277 = OVER_RIDING_STYLED_ITEM('overriding color',(#18278),#12917,
  #18200);
#18278 = PRESENTATION_STYLE_ASSIGNMENT((#18279));
#18279 = SURFACE_STYLE_USAGE(.BOTH.,#18280);
#18280 = SURFACE_SIDE_STYLE('',(#18281));
#18281 = SURFACE_STYLE_FILL_AREA(#18282);
#18282 = FILL_AREA_STYLE('',(#18283));
#18283 = FILL_AREA_STYLE_COLOUR('',#17240);
#18284 = OVER_RIDING_STYLED_ITEM('overriding color',(#18285),#12954,
  #18200);
#18285 = PRESENTATION_STYLE_ASSIGNMENT((#18286));
#18286 = SURFACE_STYLE_USAGE(.BOTH.,#18287);
#18287 = SURFACE_SIDE_STYLE('',(#18288));
#18288 = SURFACE_STYLE_FILL_AREA(#18289);
#18289 = FILL_AREA_STYLE('',(#18290));
#18290 = FILL_AREA_STYLE_COLOUR('',#17240);
#18291 = OVER_RIDING_STYLED_ITEM('overriding color',(#18292),#12985,
  #18200);
#18292 = PRESENTATION_STYLE_ASSIGNMENT((#18293));
#18293 = SURFACE_STYLE_USAGE(.BOTH.,#18294);
#18294 = SURFACE_SIDE_STYLE('',(#18295));
#18295 = SURFACE_STYLE_FILL_AREA(#18296);
#18296 = FILL_AREA_STYLE('',(#18297));
#18297 = FILL_AREA_STYLE_COLOUR('',#17240);
#18298 = OVER_RIDING_STYLED_ITEM('overriding color',(#18299),#13022,
  #18200);
#18299 = PRESENTATION_STYLE_ASSIGNMENT((#18300));
#18300 = SURFACE_STYLE_USAGE(.BOTH.,#18301);
#18301 = SURFACE_SIDE_STYLE('',(#18302));
#18302 = SURFACE_STYLE_FILL_AREA(#18303);
#18303 = FILL_AREA_STYLE('',(#18304));
#18304 = FILL_AREA_STYLE_COLOUR('',#17240);
#18305 = OVER_RIDING_STYLED_ITEM('overriding color',(#18306),#13059,
  #18200);
#18306 = PRESENTATION_STYLE_ASSIGNMENT((#18307));
#18307 = SURFACE_STYLE_USAGE(.BOTH.,#18308);
#18308 = SURFACE_SIDE_STYLE('',(#18309));
#18309 = SURFACE_STYLE_FILL_AREA(#18310);
#18310 = FILL_AREA_STYLE('',(#18311));
#18311 = FILL_AREA_STYLE_COLOUR('',#17240);
#18312 = OVER_RIDING_STYLED_ITEM('overriding color',(#18313),#13081,
  #18200);
#18313 = PRESENTATION_STYLE_ASSIGNMENT((#18314));
#18314 = SURFACE_STYLE_USAGE(.BOTH.,#18315);
#18315 = SURFACE_SIDE_STYLE('',(#18316));
#18316 = SURFACE_STYLE_FILL_AREA(#18317);
#18317 = FILL_AREA_STYLE('',(#18318));
#18318 = FILL_AREA_STYLE_COLOUR('',#17240);
#18319 = OVER_RIDING_STYLED_ITEM('overriding color',(#18320),#13104,
  #18200);
#18320 = PRESENTATION_STYLE_ASSIGNMENT((#18321));
#18321 = SURFACE_STYLE_USAGE(.BOTH.,#18322);
#18322 = SURFACE_SIDE_STYLE('',(#18323));
#18323 = SURFACE_STYLE_FILL_AREA(#18324);
#18324 = FILL_AREA_STYLE('',(#18325));
#18325 = FILL_AREA_STYLE_COLOUR('',#17240);
#18326 = STYLED_ITEM('color',(#18327),#13127);
#18327 = PRESENTATION_STYLE_ASSIGNMENT((#18328));
#18328 = SURFACE_STYLE_USAGE(.BOTH.,#18329);
#18329 = SURFACE_SIDE_STYLE('',(#18330));
#18330 = SURFACE_STYLE_FILL_AREA(#18331);
#18331 = FILL_AREA_STYLE('',(#18332));
#18332 = FILL_AREA_STYLE_COLOUR('',#16734);
#18333 = OVER_RIDING_STYLED_ITEM('overriding color',(#18334),#13129,
  #18326);
#18334 = PRESENTATION_STYLE_ASSIGNMENT((#18335));
#18335 = SURFACE_STYLE_USAGE(.BOTH.,#18336);
#18336 = SURFACE_SIDE_STYLE('',(#18337));
#18337 = SURFACE_STYLE_FILL_AREA(#18338);
#18338 = FILL_AREA_STYLE('',(#18339));
#18339 = FILL_AREA_STYLE_COLOUR('',#17240);
#18340 = OVER_RIDING_STYLED_ITEM('overriding color',(#18341),#13169,
  #18326);
#18341 = PRESENTATION_STYLE_ASSIGNMENT((#18342));
#18342 = SURFACE_STYLE_USAGE(.BOTH.,#18343);
#18343 = SURFACE_SIDE_STYLE('',(#18344));
#18344 = SURFACE_STYLE_FILL_AREA(#18345);
#18345 = FILL_AREA_STYLE('',(#18346));
#18346 = FILL_AREA_STYLE_COLOUR('',#17240);
#18347 = OVER_RIDING_STYLED_ITEM('overriding color',(#18348),#13200,
  #18326);
#18348 = PRESENTATION_STYLE_ASSIGNMENT((#18349));
#18349 = SURFACE_STYLE_USAGE(.BOTH.,#18350);
#18350 = SURFACE_SIDE_STYLE('',(#18351));
#18351 = SURFACE_STYLE_FILL_AREA(#18352);
#18352 = FILL_AREA_STYLE('',(#18353));
#18353 = FILL_AREA_STYLE_COLOUR('',#17240);
#18354 = OVER_RIDING_STYLED_ITEM('overriding color',(#18355),#13231,
  #18326);
#18355 = PRESENTATION_STYLE_ASSIGNMENT((#18356));
#18356 = SURFACE_STYLE_USAGE(.BOTH.,#18357);
#18357 = SURFACE_SIDE_STYLE('',(#18358));
#18358 = SURFACE_STYLE_FILL_AREA(#18359);
#18359 = FILL_AREA_STYLE('',(#18360));
#18360 = FILL_AREA_STYLE_COLOUR('',#17240);
#18361 = OVER_RIDING_STYLED_ITEM('overriding color',(#18362),#13262,
  #18326);
#18362 = PRESENTATION_STYLE_ASSIGNMENT((#18363));
#18363 = SURFACE_STYLE_USAGE(.BOTH.,#18364);
#18364 = SURFACE_SIDE_STYLE('',(#18365));
#18365 = SURFACE_STYLE_FILL_AREA(#18366);
#18366 = FILL_AREA_STYLE('',(#18367));
#18367 = FILL_AREA_STYLE_COLOUR('',#17240);
#18368 = OVER_RIDING_STYLED_ITEM('overriding color',(#18369),#13293,
  #18326);
#18369 = PRESENTATION_STYLE_ASSIGNMENT((#18370));
#18370 = SURFACE_STYLE_USAGE(.BOTH.,#18371);
#18371 = SURFACE_SIDE_STYLE('',(#18372));
#18372 = SURFACE_STYLE_FILL_AREA(#18373);
#18373 = FILL_AREA_STYLE('',(#18374));
#18374 = FILL_AREA_STYLE_COLOUR('',#17240);
#18375 = OVER_RIDING_STYLED_ITEM('overriding color',(#18376),#13324,
  #18326);
#18376 = PRESENTATION_STYLE_ASSIGNMENT((#18377));
#18377 = SURFACE_STYLE_USAGE(.BOTH.,#18378);
#18378 = SURFACE_SIDE_STYLE('',(#18379));
#18379 = SURFACE_STYLE_FILL_AREA(#18380);
#18380 = FILL_AREA_STYLE('',(#18381));
#18381 = FILL_AREA_STYLE_COLOUR('',#17240);
#18382 = OVER_RIDING_STYLED_ITEM('overriding color',(#18383),#13355,
  #18326);
#18383 = PRESENTATION_STYLE_ASSIGNMENT((#18384));
#18384 = SURFACE_STYLE_USAGE(.BOTH.,#18385);
#18385 = SURFACE_SIDE_STYLE('',(#18386));
#18386 = SURFACE_STYLE_FILL_AREA(#18387);
#18387 = FILL_AREA_STYLE('',(#18388));
#18388 = FILL_AREA_STYLE_COLOUR('',#17240);
#18389 = OVER_RIDING_STYLED_ITEM('overriding color',(#18390),#13386,
  #18326);
#18390 = PRESENTATION_STYLE_ASSIGNMENT((#18391));
#18391 = SURFACE_STYLE_USAGE(.BOTH.,#18392);
#18392 = SURFACE_SIDE_STYLE('',(#18393));
#18393 = SURFACE_STYLE_FILL_AREA(#18394);
#18394 = FILL_AREA_STYLE('',(#18395));
#18395 = FILL_AREA_STYLE_COLOUR('',#17240);
#18396 = OVER_RIDING_STYLED_ITEM('overriding color',(#18397),#13417,
  #18326);
#18397 = PRESENTATION_STYLE_ASSIGNMENT((#18398));
#18398 = SURFACE_STYLE_USAGE(.BOTH.,#18399);
#18399 = SURFACE_SIDE_STYLE('',(#18400));
#18400 = SURFACE_STYLE_FILL_AREA(#18401);
#18401 = FILL_AREA_STYLE('',(#18402));
#18402 = FILL_AREA_STYLE_COLOUR('',#17240);
#18403 = OVER_RIDING_STYLED_ITEM('overriding color',(#18404),#13448,
  #18326);
#18404 = PRESENTATION_STYLE_ASSIGNMENT((#18405));
#18405 = SURFACE_STYLE_USAGE(.BOTH.,#18406);
#18406 = SURFACE_SIDE_STYLE('',(#18407));
#18407 = SURFACE_STYLE_FILL_AREA(#18408);
#18408 = FILL_AREA_STYLE('',(#18409));
#18409 = FILL_AREA_STYLE_COLOUR('',#17240);
#18410 = OVER_RIDING_STYLED_ITEM('overriding color',(#18411),#13479,
  #18326);
#18411 = PRESENTATION_STYLE_ASSIGNMENT((#18412));
#18412 = SURFACE_STYLE_USAGE(.BOTH.,#18413);
#18413 = SURFACE_SIDE_STYLE('',(#18414));
#18414 = SURFACE_STYLE_FILL_AREA(#18415);
#18415 = FILL_AREA_STYLE('',(#18416));
#18416 = FILL_AREA_STYLE_COLOUR('',#17240);
#18417 = OVER_RIDING_STYLED_ITEM('overriding color',(#18418),#13501,
  #18326);
#18418 = PRESENTATION_STYLE_ASSIGNMENT((#18419));
#18419 = SURFACE_STYLE_USAGE(.BOTH.,#18420);
#18420 = SURFACE_SIDE_STYLE('',(#18421));
#18421 = SURFACE_STYLE_FILL_AREA(#18422);
#18422 = FILL_AREA_STYLE('',(#18423));
#18423 = FILL_AREA_STYLE_COLOUR('',#17240);
#18424 = OVER_RIDING_STYLED_ITEM('overriding color',(#18425),#13521,
  #18326);
#18425 = PRESENTATION_STYLE_ASSIGNMENT((#18426));
#18426 = SURFACE_STYLE_USAGE(.BOTH.,#18427);
#18427 = SURFACE_SIDE_STYLE('',(#18428));
#18428 = SURFACE_STYLE_FILL_AREA(#18429);
#18429 = FILL_AREA_STYLE('',(#18430));
#18430 = FILL_AREA_STYLE_COLOUR('',#17240);
#18431 = STYLED_ITEM('color',(#18432),#13541);
#18432 = PRESENTATION_STYLE_ASSIGNMENT((#18433));
#18433 = SURFACE_STYLE_USAGE(.BOTH.,#18434);
#18434 = SURFACE_SIDE_STYLE('',(#18435));
#18435 = SURFACE_STYLE_FILL_AREA(#18436);
#18436 = FILL_AREA_STYLE('',(#18437));
#18437 = FILL_AREA_STYLE_COLOUR('',#16734);
#18438 = OVER_RIDING_STYLED_ITEM('overriding color',(#18439),#13543,
  #18431);
#18439 = PRESENTATION_STYLE_ASSIGNMENT((#18440));
#18440 = SURFACE_STYLE_USAGE(.BOTH.,#18441);
#18441 = SURFACE_SIDE_STYLE('',(#18442));
#18442 = SURFACE_STYLE_FILL_AREA(#18443);
#18443 = FILL_AREA_STYLE('',(#18444));
#18444 = FILL_AREA_STYLE_COLOUR('',#17240);
#18445 = OVER_RIDING_STYLED_ITEM('overriding color',(#18446),#13673,
  #18431);
#18446 = PRESENTATION_STYLE_ASSIGNMENT((#18447));
#18447 = SURFACE_STYLE_USAGE(.BOTH.,#18448);
#18448 = SURFACE_SIDE_STYLE('',(#18449));
#18449 = SURFACE_STYLE_FILL_AREA(#18450);
#18450 = FILL_AREA_STYLE('',(#18451));
#18451 = FILL_AREA_STYLE_COLOUR('',#17240);
#18452 = OVER_RIDING_STYLED_ITEM('overriding color',(#18453),#13803,
  #18431);
#18453 = PRESENTATION_STYLE_ASSIGNMENT((#18454));
#18454 = SURFACE_STYLE_USAGE(.BOTH.,#18455);
#18455 = SURFACE_SIDE_STYLE('',(#18456));
#18456 = SURFACE_STYLE_FILL_AREA(#18457);
#18457 = FILL_AREA_STYLE('',(#18458));
#18458 = FILL_AREA_STYLE_COLOUR('',#17240);
#18459 = OVER_RIDING_STYLED_ITEM('overriding color',(#18460),#13825,
  #18431);
#18460 = PRESENTATION_STYLE_ASSIGNMENT((#18461));
#18461 = SURFACE_STYLE_USAGE(.BOTH.,#18462);
#18462 = SURFACE_SIDE_STYLE('',(#18463));
#18463 = SURFACE_STYLE_FILL_AREA(#18464);
#18464 = FILL_AREA_STYLE('',(#18465));
#18465 = FILL_AREA_STYLE_COLOUR('',#17240);
#18466 = OVER_RIDING_STYLED_ITEM('overriding color',(#18467),#13846,
  #18431);
#18467 = PRESENTATION_STYLE_ASSIGNMENT((#18468));
#18468 = SURFACE_STYLE_USAGE(.BOTH.,#18469);
#18469 = SURFACE_SIDE_STYLE('',(#18470));
#18470 = SURFACE_STYLE_FILL_AREA(#18471);
#18471 = FILL_AREA_STYLE('',(#18472));
#18472 = FILL_AREA_STYLE_COLOUR('',#17240);
#18473 = OVER_RIDING_STYLED_ITEM('overriding color',(#18474),#13867,
  #18431);
#18474 = PRESENTATION_STYLE_ASSIGNMENT((#18475));
#18475 = SURFACE_STYLE_USAGE(.BOTH.,#18476);
#18476 = SURFACE_SIDE_STYLE('',(#18477));
#18477 = SURFACE_STYLE_FILL_AREA(#18478);
#18478 = FILL_AREA_STYLE('',(#18479));
#18479 = FILL_AREA_STYLE_COLOUR('',#17240);
#18480 = OVER_RIDING_STYLED_ITEM('overriding color',(#18481),#13888,
  #18431);
#18481 = PRESENTATION_STYLE_ASSIGNMENT((#18482));
#18482 = SURFACE_STYLE_USAGE(.BOTH.,#18483);
#18483 = SURFACE_SIDE_STYLE('',(#18484));
#18484 = SURFACE_STYLE_FILL_AREA(#18485);
#18485 = FILL_AREA_STYLE('',(#18486));
#18486 = FILL_AREA_STYLE_COLOUR('',#17240);
#18487 = OVER_RIDING_STYLED_ITEM('overriding color',(#18488),#13909,
  #18431);
#18488 = PRESENTATION_STYLE_ASSIGNMENT((#18489));
#18489 = SURFACE_STYLE_USAGE(.BOTH.,#18490);
#18490 = SURFACE_SIDE_STYLE('',(#18491));
#18491 = SURFACE_STYLE_FILL_AREA(#18492);
#18492 = FILL_AREA_STYLE('',(#18493));
#18493 = FILL_AREA_STYLE_COLOUR('',#17240);
#18494 = OVER_RIDING_STYLED_ITEM('overriding color',(#18495),#13926,
  #18431);
#18495 = PRESENTATION_STYLE_ASSIGNMENT((#18496));
#18496 = SURFACE_STYLE_USAGE(.BOTH.,#18497);
#18497 = SURFACE_SIDE_STYLE('',(#18498));
#18498 = SURFACE_STYLE_FILL_AREA(#18499);
#18499 = FILL_AREA_STYLE('',(#18500));
#18500 = FILL_AREA_STYLE_COLOUR('',#17240);
#18501 = OVER_RIDING_STYLED_ITEM('overriding color',(#18502),#13938,
  #18431);
#18502 = PRESENTATION_STYLE_ASSIGNMENT((#18503));
#18503 = SURFACE_STYLE_USAGE(.BOTH.,#18504);
#18504 = SURFACE_SIDE_STYLE('',(#18505));
#18505 = SURFACE_STYLE_FILL_AREA(#18506);
#18506 = FILL_AREA_STYLE('',(#18507));
#18507 = FILL_AREA_STYLE_COLOUR('',#17240);
#18508 = OVER_RIDING_STYLED_ITEM('overriding color',(#18509),#13960,
  #18431);
#18509 = PRESENTATION_STYLE_ASSIGNMENT((#18510));
#18510 = SURFACE_STYLE_USAGE(.BOTH.,#18511);
#18511 = SURFACE_SIDE_STYLE('',(#18512));
#18512 = SURFACE_STYLE_FILL_AREA(#18513);
#18513 = FILL_AREA_STYLE('',(#18514));
#18514 = FILL_AREA_STYLE_COLOUR('',#17240);
#18515 = OVER_RIDING_STYLED_ITEM('overriding color',(#18516),#13977,
  #18431);
#18516 = PRESENTATION_STYLE_ASSIGNMENT((#18517));
#18517 = SURFACE_STYLE_USAGE(.BOTH.,#18518);
#18518 = SURFACE_SIDE_STYLE('',(#18519));
#18519 = SURFACE_STYLE_FILL_AREA(#18520);
#18520 = FILL_AREA_STYLE('',(#18521));
#18521 = FILL_AREA_STYLE_COLOUR('',#17240);
#18522 = OVER_RIDING_STYLED_ITEM('overriding color',(#18523),#13994,
  #18431);
#18523 = PRESENTATION_STYLE_ASSIGNMENT((#18524));
#18524 = SURFACE_STYLE_USAGE(.BOTH.,#18525);
#18525 = SURFACE_SIDE_STYLE('',(#18526));
#18526 = SURFACE_STYLE_FILL_AREA(#18527);
#18527 = FILL_AREA_STYLE('',(#18528));
#18528 = FILL_AREA_STYLE_COLOUR('',#17240);
#18529 = OVER_RIDING_STYLED_ITEM('overriding color',(#18530),#14015,
  #18431);
#18530 = PRESENTATION_STYLE_ASSIGNMENT((#18531));
#18531 = SURFACE_STYLE_USAGE(.BOTH.,#18532);
#18532 = SURFACE_SIDE_STYLE('',(#18533));
#18533 = SURFACE_STYLE_FILL_AREA(#18534);
#18534 = FILL_AREA_STYLE('',(#18535));
#18535 = FILL_AREA_STYLE_COLOUR('',#17240);
#18536 = OVER_RIDING_STYLED_ITEM('overriding color',(#18537),#14036,
  #18431);
#18537 = PRESENTATION_STYLE_ASSIGNMENT((#18538));
#18538 = SURFACE_STYLE_USAGE(.BOTH.,#18539);
#18539 = SURFACE_SIDE_STYLE('',(#18540));
#18540 = SURFACE_STYLE_FILL_AREA(#18541);
#18541 = FILL_AREA_STYLE('',(#18542));
#18542 = FILL_AREA_STYLE_COLOUR('',#17240);
#18543 = OVER_RIDING_STYLED_ITEM('overriding color',(#18544),#14057,
  #18431);
#18544 = PRESENTATION_STYLE_ASSIGNMENT((#18545));
#18545 = SURFACE_STYLE_USAGE(.BOTH.,#18546);
#18546 = SURFACE_SIDE_STYLE('',(#18547));
#18547 = SURFACE_STYLE_FILL_AREA(#18548);
#18548 = FILL_AREA_STYLE('',(#18549));
#18549 = FILL_AREA_STYLE_COLOUR('',#17240);
#18550 = STYLED_ITEM('color',(#18551),#14073);
#18551 = PRESENTATION_STYLE_ASSIGNMENT((#18552));
#18552 = SURFACE_STYLE_USAGE(.BOTH.,#18553);
#18553 = SURFACE_SIDE_STYLE('',(#18554));
#18554 = SURFACE_STYLE_FILL_AREA(#18555);
#18555 = FILL_AREA_STYLE('',(#18556));
#18556 = FILL_AREA_STYLE_COLOUR('',#16734);
#18557 = OVER_RIDING_STYLED_ITEM('overriding color',(#18558),#14075,
  #18550);
#18558 = PRESENTATION_STYLE_ASSIGNMENT((#18559));
#18559 = SURFACE_STYLE_USAGE(.BOTH.,#18560);
#18560 = SURFACE_SIDE_STYLE('',(#18561));
#18561 = SURFACE_STYLE_FILL_AREA(#18562);
#18562 = FILL_AREA_STYLE('',(#18563));
#18563 = FILL_AREA_STYLE_COLOUR('',#17240);
#18564 = OVER_RIDING_STYLED_ITEM('overriding color',(#18565),#14199,
  #18550);
#18565 = PRESENTATION_STYLE_ASSIGNMENT((#18566));
#18566 = SURFACE_STYLE_USAGE(.BOTH.,#18567);
#18567 = SURFACE_SIDE_STYLE('',(#18568));
#18568 = SURFACE_STYLE_FILL_AREA(#18569);
#18569 = FILL_AREA_STYLE('',(#18570));
#18570 = FILL_AREA_STYLE_COLOUR('',#17240);
#18571 = OVER_RIDING_STYLED_ITEM('overriding color',(#18572),#14323,
  #18550);
#18572 = PRESENTATION_STYLE_ASSIGNMENT((#18573));
#18573 = SURFACE_STYLE_USAGE(.BOTH.,#18574);
#18574 = SURFACE_SIDE_STYLE('',(#18575));
#18575 = SURFACE_STYLE_FILL_AREA(#18576);
#18576 = FILL_AREA_STYLE('',(#18577));
#18577 = FILL_AREA_STYLE_COLOUR('',#17240);
#18578 = OVER_RIDING_STYLED_ITEM('overriding color',(#18579),#14345,
  #18550);
#18579 = PRESENTATION_STYLE_ASSIGNMENT((#18580));
#18580 = SURFACE_STYLE_USAGE(.BOTH.,#18581);
#18581 = SURFACE_SIDE_STYLE('',(#18582));
#18582 = SURFACE_STYLE_FILL_AREA(#18583);
#18583 = FILL_AREA_STYLE('',(#18584));
#18584 = FILL_AREA_STYLE_COLOUR('',#17240);
#18585 = OVER_RIDING_STYLED_ITEM('overriding color',(#18586),#14362,
  #18550);
#18586 = PRESENTATION_STYLE_ASSIGNMENT((#18587));
#18587 = SURFACE_STYLE_USAGE(.BOTH.,#18588);
#18588 = SURFACE_SIDE_STYLE('',(#18589));
#18589 = SURFACE_STYLE_FILL_AREA(#18590);
#18590 = FILL_AREA_STYLE('',(#18591));
#18591 = FILL_AREA_STYLE_COLOUR('',#17240);
#18592 = OVER_RIDING_STYLED_ITEM('overriding color',(#18593),#14379,
  #18550);
#18593 = PRESENTATION_STYLE_ASSIGNMENT((#18594));
#18594 = SURFACE_STYLE_USAGE(.BOTH.,#18595);
#18595 = SURFACE_SIDE_STYLE('',(#18596));
#18596 = SURFACE_STYLE_FILL_AREA(#18597);
#18597 = FILL_AREA_STYLE('',(#18598));
#18598 = FILL_AREA_STYLE_COLOUR('',#17240);
#18599 = OVER_RIDING_STYLED_ITEM('overriding color',(#18600),#14396,
  #18550);
#18600 = PRESENTATION_STYLE_ASSIGNMENT((#18601));
#18601 = SURFACE_STYLE_USAGE(.BOTH.,#18602);
#18602 = SURFACE_SIDE_STYLE('',(#18603));
#18603 = SURFACE_STYLE_FILL_AREA(#18604);
#18604 = FILL_AREA_STYLE('',(#18605));
#18605 = FILL_AREA_STYLE_COLOUR('',#17240);
#18606 = OVER_RIDING_STYLED_ITEM('overriding color',(#18607),#14413,
  #18550);
#18607 = PRESENTATION_STYLE_ASSIGNMENT((#18608));
#18608 = SURFACE_STYLE_USAGE(.BOTH.,#18609);
#18609 = SURFACE_SIDE_STYLE('',(#18610));
#18610 = SURFACE_STYLE_FILL_AREA(#18611);
#18611 = FILL_AREA_STYLE('',(#18612));
#18612 = FILL_AREA_STYLE_COLOUR('',#17240);
#18613 = OVER_RIDING_STYLED_ITEM('overriding color',(#18614),#14430,
  #18550);
#18614 = PRESENTATION_STYLE_ASSIGNMENT((#18615));
#18615 = SURFACE_STYLE_USAGE(.BOTH.,#18616);
#18616 = SURFACE_SIDE_STYLE('',(#18617));
#18617 = SURFACE_STYLE_FILL_AREA(#18618);
#18618 = FILL_AREA_STYLE('',(#18619));
#18619 = FILL_AREA_STYLE_COLOUR('',#17240);
#18620 = OVER_RIDING_STYLED_ITEM('overriding color',(#18621),#14447,
  #18550);
#18621 = PRESENTATION_STYLE_ASSIGNMENT((#18622));
#18622 = SURFACE_STYLE_USAGE(.BOTH.,#18623);
#18623 = SURFACE_SIDE_STYLE('',(#18624));
#18624 = SURFACE_STYLE_FILL_AREA(#18625);
#18625 = FILL_AREA_STYLE('',(#18626));
#18626 = FILL_AREA_STYLE_COLOUR('',#17240);
#18627 = OVER_RIDING_STYLED_ITEM('overriding color',(#18628),#14459,
  #18550);
#18628 = PRESENTATION_STYLE_ASSIGNMENT((#18629));
#18629 = SURFACE_STYLE_USAGE(.BOTH.,#18630);
#18630 = SURFACE_SIDE_STYLE('',(#18631));
#18631 = SURFACE_STYLE_FILL_AREA(#18632);
#18632 = FILL_AREA_STYLE('',(#18633));
#18633 = FILL_AREA_STYLE_COLOUR('',#17240);
#18634 = OVER_RIDING_STYLED_ITEM('overriding color',(#18635),#14481,
  #18550);
#18635 = PRESENTATION_STYLE_ASSIGNMENT((#18636));
#18636 = SURFACE_STYLE_USAGE(.BOTH.,#18637);
#18637 = SURFACE_SIDE_STYLE('',(#18638));
#18638 = SURFACE_STYLE_FILL_AREA(#18639);
#18639 = FILL_AREA_STYLE('',(#18640));
#18640 = FILL_AREA_STYLE_COLOUR('',#17240);
#18641 = OVER_RIDING_STYLED_ITEM('overriding color',(#18642),#14498,
  #18550);
#18642 = PRESENTATION_STYLE_ASSIGNMENT((#18643));
#18643 = SURFACE_STYLE_USAGE(.BOTH.,#18644);
#18644 = SURFACE_SIDE_STYLE('',(#18645));
#18645 = SURFACE_STYLE_FILL_AREA(#18646);
#18646 = FILL_AREA_STYLE('',(#18647));
#18647 = FILL_AREA_STYLE_COLOUR('',#17240);
#18648 = OVER_RIDING_STYLED_ITEM('overriding color',(#18649),#14519,
  #18550);
#18649 = PRESENTATION_STYLE_ASSIGNMENT((#18650));
#18650 = SURFACE_STYLE_USAGE(.BOTH.,#18651);
#18651 = SURFACE_SIDE_STYLE('',(#18652));
#18652 = SURFACE_STYLE_FILL_AREA(#18653);
#18653 = FILL_AREA_STYLE('',(#18654));
#18654 = FILL_AREA_STYLE_COLOUR('',#17240);
#18655 = OVER_RIDING_STYLED_ITEM('overriding color',(#18656),#14536,
  #18550);
#18656 = PRESENTATION_STYLE_ASSIGNMENT((#18657));
#18657 = SURFACE_STYLE_USAGE(.BOTH.,#18658);
#18658 = SURFACE_SIDE_STYLE('',(#18659));
#18659 = SURFACE_STYLE_FILL_AREA(#18660);
#18660 = FILL_AREA_STYLE('',(#18661));
#18661 = FILL_AREA_STYLE_COLOUR('',#17240);
#18662 = OVER_RIDING_STYLED_ITEM('overriding color',(#18663),#14557,
  #18550);
#18663 = PRESENTATION_STYLE_ASSIGNMENT((#18664));
#18664 = SURFACE_STYLE_USAGE(.BOTH.,#18665);
#18665 = SURFACE_SIDE_STYLE('',(#18666));
#18666 = SURFACE_STYLE_FILL_AREA(#18667);
#18667 = FILL_AREA_STYLE('',(#18668));
#18668 = FILL_AREA_STYLE_COLOUR('',#17240);
#18669 = STYLED_ITEM('color',(#18670),#14569);
#18670 = PRESENTATION_STYLE_ASSIGNMENT((#18671));
#18671 = SURFACE_STYLE_USAGE(.BOTH.,#18672);
#18672 = SURFACE_SIDE_STYLE('',(#18673));
#18673 = SURFACE_STYLE_FILL_AREA(#18674);
#18674 = FILL_AREA_STYLE('',(#18675));
#18675 = FILL_AREA_STYLE_COLOUR('',#16734);
#18676 = OVER_RIDING_STYLED_ITEM('overriding color',(#18677),#14571,
  #18669);
#18677 = PRESENTATION_STYLE_ASSIGNMENT((#18678));
#18678 = SURFACE_STYLE_USAGE(.BOTH.,#18679);
#18679 = SURFACE_SIDE_STYLE('',(#18680));
#18680 = SURFACE_STYLE_FILL_AREA(#18681);
#18681 = FILL_AREA_STYLE('',(#18682));
#18682 = FILL_AREA_STYLE_COLOUR('',#17240);
#18683 = OVER_RIDING_STYLED_ITEM('overriding color',(#18684),#14896,
  #18669);
#18684 = PRESENTATION_STYLE_ASSIGNMENT((#18685));
#18685 = SURFACE_STYLE_USAGE(.BOTH.,#18686);
#18686 = SURFACE_SIDE_STYLE('',(#18687));
#18687 = SURFACE_STYLE_FILL_AREA(#18688);
#18688 = FILL_AREA_STYLE('',(#18689));
#18689 = FILL_AREA_STYLE_COLOUR('',#17240);
#18690 = OVER_RIDING_STYLED_ITEM('overriding color',(#18691),#15221,
  #18669);
#18691 = PRESENTATION_STYLE_ASSIGNMENT((#18692));
#18692 = SURFACE_STYLE_USAGE(.BOTH.,#18693);
#18693 = SURFACE_SIDE_STYLE('',(#18694));
#18694 = SURFACE_STYLE_FILL_AREA(#18695);
#18695 = FILL_AREA_STYLE('',(#18696));
#18696 = FILL_AREA_STYLE_COLOUR('',#17240);
#18697 = OVER_RIDING_STYLED_ITEM('overriding color',(#18698),#15247,
  #18669);
#18698 = PRESENTATION_STYLE_ASSIGNMENT((#18699));
#18699 = SURFACE_STYLE_USAGE(.BOTH.,#18700);
#18700 = SURFACE_SIDE_STYLE('',(#18701));
#18701 = SURFACE_STYLE_FILL_AREA(#18702);
#18702 = FILL_AREA_STYLE('',(#18703));
#18703 = FILL_AREA_STYLE_COLOUR('',#17240);
#18704 = OVER_RIDING_STYLED_ITEM('overriding color',(#18705),#15268,
  #18669);
#18705 = PRESENTATION_STYLE_ASSIGNMENT((#18706));
#18706 = SURFACE_STYLE_USAGE(.BOTH.,#18707);
#18707 = SURFACE_SIDE_STYLE('',(#18708));
#18708 = SURFACE_STYLE_FILL_AREA(#18709);
#18709 = FILL_AREA_STYLE('',(#18710));
#18710 = FILL_AREA_STYLE_COLOUR('',#17240);
#18711 = OVER_RIDING_STYLED_ITEM('overriding color',(#18712),#15289,
  #18669);
#18712 = PRESENTATION_STYLE_ASSIGNMENT((#18713));
#18713 = SURFACE_STYLE_USAGE(.BOTH.,#18714);
#18714 = SURFACE_SIDE_STYLE('',(#18715));
#18715 = SURFACE_STYLE_FILL_AREA(#18716);
#18716 = FILL_AREA_STYLE('',(#18717));
#18717 = FILL_AREA_STYLE_COLOUR('',#17240);
#18718 = OVER_RIDING_STYLED_ITEM('overriding color',(#18719),#15310,
  #18669);
#18719 = PRESENTATION_STYLE_ASSIGNMENT((#18720));
#18720 = SURFACE_STYLE_USAGE(.BOTH.,#18721);
#18721 = SURFACE_SIDE_STYLE('',(#18722));
#18722 = SURFACE_STYLE_FILL_AREA(#18723);
#18723 = FILL_AREA_STYLE('',(#18724));
#18724 = FILL_AREA_STYLE_COLOUR('',#17240);
#18725 = OVER_RIDING_STYLED_ITEM('overriding color',(#18726),#15331,
  #18669);
#18726 = PRESENTATION_STYLE_ASSIGNMENT((#18727));
#18727 = SURFACE_STYLE_USAGE(.BOTH.,#18728);
#18728 = SURFACE_SIDE_STYLE('',(#18729));
#18729 = SURFACE_STYLE_FILL_AREA(#18730);
#18730 = FILL_AREA_STYLE('',(#18731));
#18731 = FILL_AREA_STYLE_COLOUR('',#17240);
#18732 = OVER_RIDING_STYLED_ITEM('overriding color',(#18733),#15352,
  #18669);
#18733 = PRESENTATION_STYLE_ASSIGNMENT((#18734));
#18734 = SURFACE_STYLE_USAGE(.BOTH.,#18735);
#18735 = SURFACE_SIDE_STYLE('',(#18736));
#18736 = SURFACE_STYLE_FILL_AREA(#18737);
#18737 = FILL_AREA_STYLE('',(#18738));
#18738 = FILL_AREA_STYLE_COLOUR('',#17240);
#18739 = OVER_RIDING_STYLED_ITEM('overriding color',(#18740),#15373,
  #18669);
#18740 = PRESENTATION_STYLE_ASSIGNMENT((#18741));
#18741 = SURFACE_STYLE_USAGE(.BOTH.,#18742);
#18742 = SURFACE_SIDE_STYLE('',(#18743));
#18743 = SURFACE_STYLE_FILL_AREA(#18744);
#18744 = FILL_AREA_STYLE('',(#18745));
#18745 = FILL_AREA_STYLE_COLOUR('',#17240);
#18746 = OVER_RIDING_STYLED_ITEM('overriding color',(#18747),#15394,
  #18669);
#18747 = PRESENTATION_STYLE_ASSIGNMENT((#18748));
#18748 = SURFACE_STYLE_USAGE(.BOTH.,#18749);
#18749 = SURFACE_SIDE_STYLE('',(#18750));
#18750 = SURFACE_STYLE_FILL_AREA(#18751);
#18751 = FILL_AREA_STYLE('',(#18752));
#18752 = FILL_AREA_STYLE_COLOUR('',#17240);
#18753 = OVER_RIDING_STYLED_ITEM('overriding color',(#18754),#15415,
  #18669);
#18754 = PRESENTATION_STYLE_ASSIGNMENT((#18755));
#18755 = SURFACE_STYLE_USAGE(.BOTH.,#18756);
#18756 = SURFACE_SIDE_STYLE('',(#18757));
#18757 = SURFACE_STYLE_FILL_AREA(#18758);
#18758 = FILL_AREA_STYLE('',(#18759));
#18759 = FILL_AREA_STYLE_COLOUR('',#17240);
#18760 = OVER_RIDING_STYLED_ITEM('overriding color',(#18761),#15436,
  #18669);
#18761 = PRESENTATION_STYLE_ASSIGNMENT((#18762));
#18762 = SURFACE_STYLE_USAGE(.BOTH.,#18763);
#18763 = SURFACE_SIDE_STYLE('',(#18764));
#18764 = SURFACE_STYLE_FILL_AREA(#18765);
#18765 = FILL_AREA_STYLE('',(#18766));
#18766 = FILL_AREA_STYLE_COLOUR('',#17240);
#18767 = OVER_RIDING_STYLED_ITEM('overriding color',(#18768),#15457,
  #18669);
#18768 = PRESENTATION_STYLE_ASSIGNMENT((#18769));
#18769 = SURFACE_STYLE_USAGE(.BOTH.,#18770);
#18770 = SURFACE_SIDE_STYLE('',(#18771));
#18771 = SURFACE_STYLE_FILL_AREA(#18772);
#18772 = FILL_AREA_STYLE('',(#18773));
#18773 = FILL_AREA_STYLE_COLOUR('',#17240);
#18774 = OVER_RIDING_STYLED_ITEM('overriding color',(#18775),#15478,
  #18669);
#18775 = PRESENTATION_STYLE_ASSIGNMENT((#18776));
#18776 = SURFACE_STYLE_USAGE(.BOTH.,#18777);
#18777 = SURFACE_SIDE_STYLE('',(#18778));
#18778 = SURFACE_STYLE_FILL_AREA(#18779);
#18779 = FILL_AREA_STYLE('',(#18780));
#18780 = FILL_AREA_STYLE_COLOUR('',#17240);
#18781 = OVER_RIDING_STYLED_ITEM('overriding color',(#18782),#15495,
  #18669);
#18782 = PRESENTATION_STYLE_ASSIGNMENT((#18783));
#18783 = SURFACE_STYLE_USAGE(.BOTH.,#18784);
#18784 = SURFACE_SIDE_STYLE('',(#18785));
#18785 = SURFACE_STYLE_FILL_AREA(#18786);
#18786 = FILL_AREA_STYLE('',(#18787));
#18787 = FILL_AREA_STYLE_COLOUR('',#17240);
#18788 = OVER_RIDING_STYLED_ITEM('overriding color',(#18789),#15512,
  #18669);
#18789 = PRESENTATION_STYLE_ASSIGNMENT((#18790));
#18790 = SURFACE_STYLE_USAGE(.BOTH.,#18791);
#18791 = SURFACE_SIDE_STYLE('',(#18792));
#18792 = SURFACE_STYLE_FILL_AREA(#18793);
#18793 = FILL_AREA_STYLE('',(#18794));
#18794 = FILL_AREA_STYLE_COLOUR('',#17240);
#18795 = OVER_RIDING_STYLED_ITEM('overriding color',(#18796),#15529,
  #18669);
#18796 = PRESENTATION_STYLE_ASSIGNMENT((#18797));
#18797 = SURFACE_STYLE_USAGE(.BOTH.,#18798);
#18798 = SURFACE_SIDE_STYLE('',(#18799));
#18799 = SURFACE_STYLE_FILL_AREA(#18800);
#18800 = FILL_AREA_STYLE('',(#18801));
#18801 = FILL_AREA_STYLE_COLOUR('',#17240);
#18802 = OVER_RIDING_STYLED_ITEM('overriding color',(#18803),#15546,
  #18669);
#18803 = PRESENTATION_STYLE_ASSIGNMENT((#18804));
#18804 = SURFACE_STYLE_USAGE(.BOTH.,#18805);
#18805 = SURFACE_SIDE_STYLE('',(#18806));
#18806 = SURFACE_STYLE_FILL_AREA(#18807);
#18807 = FILL_AREA_STYLE('',(#18808));
#18808 = FILL_AREA_STYLE_COLOUR('',#17240);
#18809 = OVER_RIDING_STYLED_ITEM('overriding color',(#18810),#15567,
  #18669);
#18810 = PRESENTATION_STYLE_ASSIGNMENT((#18811));
#18811 = SURFACE_STYLE_USAGE(.BOTH.,#18812);
#18812 = SURFACE_SIDE_STYLE('',(#18813));
#18813 = SURFACE_STYLE_FILL_AREA(#18814);
#18814 = FILL_AREA_STYLE('',(#18815));
#18815 = FILL_AREA_STYLE_COLOUR('',#17240);
#18816 = OVER_RIDING_STYLED_ITEM('overriding color',(#18817),#15588,
  #18669);
#18817 = PRESENTATION_STYLE_ASSIGNMENT((#18818));
#18818 = SURFACE_STYLE_USAGE(.BOTH.,#18819);
#18819 = SURFACE_SIDE_STYLE('',(#18820));
#18820 = SURFACE_STYLE_FILL_AREA(#18821);
#18821 = FILL_AREA_STYLE('',(#18822));
#18822 = FILL_AREA_STYLE_COLOUR('',#17240);
#18823 = OVER_RIDING_STYLED_ITEM('overriding color',(#18824),#15609,
  #18669);
#18824 = PRESENTATION_STYLE_ASSIGNMENT((#18825));
#18825 = SURFACE_STYLE_USAGE(.BOTH.,#18826);
#18826 = SURFACE_SIDE_STYLE('',(#18827));
#18827 = SURFACE_STYLE_FILL_AREA(#18828);
#18828 = FILL_AREA_STYLE('',(#18829));
#18829 = FILL_AREA_STYLE_COLOUR('',#17240);
#18830 = OVER_RIDING_STYLED_ITEM('overriding color',(#18831),#15630,
  #18669);
#18831 = PRESENTATION_STYLE_ASSIGNMENT((#18832));
#18832 = SURFACE_STYLE_USAGE(.BOTH.,#18833);
#18833 = SURFACE_SIDE_STYLE('',(#18834));
#18834 = SURFACE_STYLE_FILL_AREA(#18835);
#18835 = FILL_AREA_STYLE('',(#18836));
#18836 = FILL_AREA_STYLE_COLOUR('',#17240);
#18837 = OVER_RIDING_STYLED_ITEM('overriding color',(#18838),#15651,
  #18669);
#18838 = PRESENTATION_STYLE_ASSIGNMENT((#18839));
#18839 = SURFACE_STYLE_USAGE(.BOTH.,#18840);
#18840 = SURFACE_SIDE_STYLE('',(#18841));
#18841 = SURFACE_STYLE_FILL_AREA(#18842);
#18842 = FILL_AREA_STYLE('',(#18843));
#18843 = FILL_AREA_STYLE_COLOUR('',#17240);
#18844 = OVER_RIDING_STYLED_ITEM('overriding color',(#18845),#15672,
  #18669);
#18845 = PRESENTATION_STYLE_ASSIGNMENT((#18846));
#18846 = SURFACE_STYLE_USAGE(.BOTH.,#18847);
#18847 = SURFACE_SIDE_STYLE('',(#18848));
#18848 = SURFACE_STYLE_FILL_AREA(#18849);
#18849 = FILL_AREA_STYLE('',(#18850));
#18850 = FILL_AREA_STYLE_COLOUR('',#17240);
#18851 = OVER_RIDING_STYLED_ITEM('overriding color',(#18852),#15693,
  #18669);
#18852 = PRESENTATION_STYLE_ASSIGNMENT((#18853));
#18853 = SURFACE_STYLE_USAGE(.BOTH.,#18854);
#18854 = SURFACE_SIDE_STYLE('',(#18855));
#18855 = SURFACE_STYLE_FILL_AREA(#18856);
#18856 = FILL_AREA_STYLE('',(#18857));
#18857 = FILL_AREA_STYLE_COLOUR('',#17240);
#18858 = OVER_RIDING_STYLED_ITEM('overriding color',(#18859),#15710,
  #18669);
#18859 = PRESENTATION_STYLE_ASSIGNMENT((#18860));
#18860 = SURFACE_STYLE_USAGE(.BOTH.,#18861);
#18861 = SURFACE_SIDE_STYLE('',(#18862));
#18862 = SURFACE_STYLE_FILL_AREA(#18863);
#18863 = FILL_AREA_STYLE('',(#18864));
#18864 = FILL_AREA_STYLE_COLOUR('',#17240);
#18865 = OVER_RIDING_STYLED_ITEM('overriding color',(#18866),#15731,
  #18669);
#18866 = PRESENTATION_STYLE_ASSIGNMENT((#18867));
#18867 = SURFACE_STYLE_USAGE(.BOTH.,#18868);
#18868 = SURFACE_SIDE_STYLE('',(#18869));
#18869 = SURFACE_STYLE_FILL_AREA(#18870);
#18870 = FILL_AREA_STYLE('',(#18871));
#18871 = FILL_AREA_STYLE_COLOUR('',#17240);
#18872 = OVER_RIDING_STYLED_ITEM('overriding color',(#18873),#15752,
  #18669);
#18873 = PRESENTATION_STYLE_ASSIGNMENT((#18874));
#18874 = SURFACE_STYLE_USAGE(.BOTH.,#18875);
#18875 = SURFACE_SIDE_STYLE('',(#18876));
#18876 = SURFACE_STYLE_FILL_AREA(#18877);
#18877 = FILL_AREA_STYLE('',(#18878));
#18878 = FILL_AREA_STYLE_COLOUR('',#17240);
#18879 = OVER_RIDING_STYLED_ITEM('overriding color',(#18880),#15769,
  #18669);
#18880 = PRESENTATION_STYLE_ASSIGNMENT((#18881));
#18881 = SURFACE_STYLE_USAGE(.BOTH.,#18882);
#18882 = SURFACE_SIDE_STYLE('',(#18883));
#18883 = SURFACE_STYLE_FILL_AREA(#18884);
#18884 = FILL_AREA_STYLE('',(#18885));
#18885 = FILL_AREA_STYLE_COLOUR('',#17240);
#18886 = OVER_RIDING_STYLED_ITEM('overriding color',(#18887),#15790,
  #18669);
#18887 = PRESENTATION_STYLE_ASSIGNMENT((#18888));
#18888 = SURFACE_STYLE_USAGE(.BOTH.,#18889);
#18889 = SURFACE_SIDE_STYLE('',(#18890));
#18890 = SURFACE_STYLE_FILL_AREA(#18891);
#18891 = FILL_AREA_STYLE('',(#18892));
#18892 = FILL_AREA_STYLE_COLOUR('',#17240);
#18893 = OVER_RIDING_STYLED_ITEM('overriding color',(#18894),#15811,
  #18669);
#18894 = PRESENTATION_STYLE_ASSIGNMENT((#18895));
#18895 = SURFACE_STYLE_USAGE(.BOTH.,#18896);
#18896 = SURFACE_SIDE_STYLE('',(#18897));
#18897 = SURFACE_STYLE_FILL_AREA(#18898);
#18898 = FILL_AREA_STYLE('',(#18899));
#18899 = FILL_AREA_STYLE_COLOUR('',#17240);
#18900 = OVER_RIDING_STYLED_ITEM('overriding color',(#18901),#15832,
  #18669);
#18901 = PRESENTATION_STYLE_ASSIGNMENT((#18902));
#18902 = SURFACE_STYLE_USAGE(.BOTH.,#18903);
#18903 = SURFACE_SIDE_STYLE('',(#18904));
#18904 = SURFACE_STYLE_FILL_AREA(#18905);
#18905 = FILL_AREA_STYLE('',(#18906));
#18906 = FILL_AREA_STYLE_COLOUR('',#17240);
#18907 = OVER_RIDING_STYLED_ITEM('overriding color',(#18908),#15849,
  #18669);
#18908 = PRESENTATION_STYLE_ASSIGNMENT((#18909));
#18909 = SURFACE_STYLE_USAGE(.BOTH.,#18910);
#18910 = SURFACE_SIDE_STYLE('',(#18911));
#18911 = SURFACE_STYLE_FILL_AREA(#18912);
#18912 = FILL_AREA_STYLE('',(#18913));
#18913 = FILL_AREA_STYLE_COLOUR('',#17240);
#18914 = OVER_RIDING_STYLED_ITEM('overriding color',(#18915),#15870,
  #18669);
#18915 = PRESENTATION_STYLE_ASSIGNMENT((#18916));
#18916 = SURFACE_STYLE_USAGE(.BOTH.,#18917);
#18917 = SURFACE_SIDE_STYLE('',(#18918));
#18918 = SURFACE_STYLE_FILL_AREA(#18919);
#18919 = FILL_AREA_STYLE('',(#18920));
#18920 = FILL_AREA_STYLE_COLOUR('',#17240);
#18921 = OVER_RIDING_STYLED_ITEM('overriding color',(#18922),#15886,
  #18669);
#18922 = PRESENTATION_STYLE_ASSIGNMENT((#18923));
#18923 = SURFACE_STYLE_USAGE(.BOTH.,#18924);
#18924 = SURFACE_SIDE_STYLE('',(#18925));
#18925 = SURFACE_STYLE_FILL_AREA(#18926);
#18926 = FILL_AREA_STYLE('',(#18927));
#18927 = FILL_AREA_STYLE_COLOUR('',#17240);
#18928 = OVER_RIDING_STYLED_ITEM('overriding color',(#18929),#15918,
  #18669);
#18929 = PRESENTATION_STYLE_ASSIGNMENT((#18930));
#18930 = SURFACE_STYLE_USAGE(.BOTH.,#18931);
#18931 = SURFACE_SIDE_STYLE('',(#18932));
#18932 = SURFACE_STYLE_FILL_AREA(#18933);
#18933 = FILL_AREA_STYLE('',(#18934));
#18934 = FILL_AREA_STYLE_COLOUR('',#17240);
#18935 = MECHANICAL_DESIGN_GEOMETRIC_PRESENTATION_REPRESENTATION('',(
    #18936),#16715);
#18936 = STYLED_ITEM('color',(#18937),#15957);
#18937 = PRESENTATION_STYLE_ASSIGNMENT((#18938));
#18938 = SURFACE_STYLE_USAGE(.BOTH.,#18939);
#18939 = SURFACE_SIDE_STYLE('',(#18940));
#18940 = SURFACE_STYLE_FILL_AREA(#18941);
#18941 = FILL_AREA_STYLE('',(#18942));
#18942 = FILL_AREA_STYLE_COLOUR('',#18943);
#18943 = COLOUR_RGB('',0.313304153717,0.484529207832,0.410020903123);
ENDSEC;
END-ISO-10303-21;
