ISO-10303-21;
HEADER;

/* File generated by Shapr3D Version 26.143.0.11521 */

FILE_DESCRIPTION(('HOOPS Exchange Step'),'2;1');

FILE_NAME('/Users/yohannbelair/Library/Containers/com.shapr3d.shapr/Data/tmp/export/temp_export',
'2026-08-25T20:50:20+02:00',
('yohannbelair'),
('Shapr3D Limited'),
'HOOPS Exchange 2026.3',
'Shapr3D',
'Authorized');

FILE_SCHEMA( ('AP242_MANAGED_MODEL_BASED_3D_ENGINEERING_MIM_LF {1 0 10303 442 1 1 4}') );

ENDSEC;

DATA;
#3=(NAMED_UNIT(*)PLANE_ANGLE_UNIT()SI_UNIT($,.RADIAN.));
#4=PLANE_ANGLE_MEASURE_WITH_UNIT(PLANE_ANGLE_MEASURE(0.0174532925),#3);
#5=(CONVERSION_BASED_UNIT('DEGREE',#4)NAMED_UNIT(#6)PLANE_ANGLE_UNIT());
#6=DIMENSIONAL_EXPONENTS(0.,0.,0.,0.,0.,0.,0.);
#7=(NAMED_UNIT(*)SI_UNIT($,.STERADIAN.)SOLID_ANGLE_UNIT());
#8=(LENGTH_UNIT()NAMED_UNIT(*)SI_UNIT(.MILLI.,.METRE.));
#9=UNCERTAINTY_MEASURE_WITH_UNIT(LENGTH_MEASURE(1.000000E-03),#8,'DISTANCE_ACCURACY_VALUE','Maximum Tolerance applied to model');
#10=(GEOMETRIC_REPRESENTATION_CONTEXT(3)GLOBAL_UNCERTAINTY_ASSIGNED_CONTEXT((#9))GLOBAL_UNIT_ASSIGNED_CONTEXT((#8,#5,#7))REPRESENTATION_CONTEXT('','root'));
#12=CARTESIAN_POINT('',(0.,0.,0.));
#13=DIRECTION('',(0.,0.,1.));
#14=DIRECTION('',(1.,0.,0.));
#15=AXIS2_PLACEMENT_3D('TS3D_PRODUCT_CSYS',#12,#13,#14);
#26=(NAMED_UNIT(*)PLANE_ANGLE_UNIT()SI_UNIT($,.RADIAN.));
#27=PLANE_ANGLE_MEASURE_WITH_UNIT(PLANE_ANGLE_MEASURE(0.0174532925),#26);
#28=(CONVERSION_BASED_UNIT('DEGREE',#27)NAMED_UNIT(#29)PLANE_ANGLE_UNIT());
#29=DIMENSIONAL_EXPONENTS(0.,0.,0.,0.,0.,0.,0.);
#30=(NAMED_UNIT(*)SI_UNIT($,.STERADIAN.)SOLID_ANGLE_UNIT());
#31=(LENGTH_UNIT()NAMED_UNIT(*)SI_UNIT(.MILLI.,.METRE.));
#32=UNCERTAINTY_MEASURE_WITH_UNIT(LENGTH_MEASURE(1.000000E-05),#31,'DISTANCE_ACCURACY_VALUE','Maximum Tolerance applied to model');
#33=(GEOMETRIC_REPRESENTATION_CONTEXT(3)GLOBAL_UNCERTAINTY_ASSIGNED_CONTEXT((#32))GLOBAL_UNIT_ASSIGNED_CONTEXT((#31,#28,#30))REPRESENTATION_CONTEXT('','FinalTop'));
#45=CARTESIAN_POINT('',(0.,0.,0.));
#46=DIRECTION('',(0.,0.,1.));
#47=DIRECTION('',(1.,0.,-0.));
#48=AXIS2_PLACEMENT_3D('',#45,#46,#47);
#49=ITEM_DEFINED_TRANSFORMATION('','',#48,#15);
#50=(REPRESENTATION_RELATIONSHIP('','',#35,#16)REPRESENTATION_RELATIONSHIP_WITH_TRANSFORMATION(#49)SHAPE_REPRESENTATION_RELATIONSHIP());
#51=NEXT_ASSEMBLY_USAGE_OCCURRENCE('FinalTop_1','FinalTop','FinalTop',#25,#44,$);
#52=PRODUCT_DEFINITION_SHAPE('','',#51);
#53=CONTEXT_DEPENDENT_SHAPE_REPRESENTATION(#50,#52);
#55=CARTESIAN_POINT('',(-4.217673224,1.918025191,131.520770373));
#56=DIRECTION('',(-0.64278761,-0.,0.766044443));
#57=DIRECTION('',(0.766044443,-0.,0.64278761));
#58=AXIS2_PLACEMENT_3D('',#55,#56,#57);
#59=PLANE('',#58);
#60=CARTESIAN_POINT('',(-3.758046558,2.219320351,131.906442939));
#61=VERTEX_POINT('',#60);
#62=CARTESIAN_POINT('',(-3.758046558,1.61673003,131.906442939));
#63=VERTEX_POINT('',#62);
#64=CARTESIAN_POINT('',(-3.758046558,2.219320351,131.906442939));
#65=DIRECTION('',(0.,-1.,0.));
#66=VECTOR('',#65,0.60259032);
#67=LINE('',#64,#66);
#68=EDGE_CURVE('',#61,#63,#67,.T.);
#69=ORIENTED_EDGE('',*,*,#68,.T.);
#70=CARTESIAN_POINT('',(-4.217673224,1.61673003,131.520770373));
#71=VERTEX_POINT('',#70);
#72=CARTESIAN_POINT('',(-4.217673224,1.61673003,131.520770373));
#73=DIRECTION('',(0.766044443,0.,0.64278761));
#74=VECTOR('',#73,0.6);
#75=LINE('',#72,#74);
#76=EDGE_CURVE('',#71,#63,#75,.T.);
#77=ORIENTED_EDGE('',*,*,#76,.F.);
#78=CARTESIAN_POINT('',(-4.217673224,2.219320351,131.520770373));
#79=VERTEX_POINT('',#78);
#80=CARTESIAN_POINT('',(-4.217673224,2.219320351,131.520770373));
#81=DIRECTION('',(0.,-1.,0.));
#82=VECTOR('',#81,0.60259032);
#83=LINE('',#80,#82);
#84=EDGE_CURVE('',#79,#71,#83,.T.);
#85=ORIENTED_EDGE('',*,*,#84,.F.);
#86=CARTESIAN_POINT('',(-4.217673224,2.219320351,131.520770373));
#87=DIRECTION('',(0.766044443,0.,0.64278761));
#88=VECTOR('',#87,0.6);
#89=LINE('',#86,#88);
#90=EDGE_CURVE('',#79,#61,#89,.T.);
#91=ORIENTED_EDGE('',*,*,#90,.T.);
#92=EDGE_LOOP('',(#69,#77,#85,#91));
#93=FACE_BOUND('',#92,.T.);
#94=ADVANCED_FACE('',(#93),#59,.F.);
#95=CARTESIAN_POINT('',(-5.502372114,1.401324441,133.05181489));
#96=DIRECTION('',(0.243475303,-0.925486608,-0.290162567));
#97=DIRECTION('',(-0.,0.29916532,-0.954201295));
#98=AXIS2_PLACEMENT_3D('',#95,#96,#97);
#99=PLANE('',#98);
#100=CARTESIAN_POINT('',(-6.327444338,0.583328531,134.968531974));
#101=VERTEX_POINT('',#100);
#102=CARTESIAN_POINT('',(-6.327444338,0.583328531,134.968531974));
#103=DIRECTION('',(0.594891324,0.378780331,-0.708963873));
#104=VECTOR('',#103,4.319104473);
#105=LINE('',#102,#104);
#106=EDGE_CURVE('',#101,#61,#105,.T.);
#107=ORIENTED_EDGE('',*,*,#106,.T.);
#108=ORIENTED_EDGE('',*,*,#90,.F.);
#109=CARTESIAN_POINT('',(-6.787071004,0.583328531,134.582859408));
#110=VERTEX_POINT('',#109);
#111=CARTESIAN_POINT('',(-6.787071004,0.583328531,134.582859408));
#112=DIRECTION('',(0.594891324,0.378780331,-0.708963873));
#113=VECTOR('',#112,4.319104473);
#114=LINE('',#111,#113);
#115=EDGE_CURVE('',#110,#79,#114,.T.);
#116=ORIENTED_EDGE('',*,*,#115,.F.);
#117=CARTESIAN_POINT('',(-6.787071004,0.583328531,134.582859408));
#118=DIRECTION('',(0.766044443,0.,0.64278761));
#119=VECTOR('',#118,0.6);
#120=LINE('',#117,#119);
#121=EDGE_CURVE('',#110,#101,#120,.T.);
#122=ORIENTED_EDGE('',*,*,#121,.T.);
#123=EDGE_LOOP('',(#107,#108,#116,#122));
#124=FACE_BOUND('',#123,.T.);
#125=ADVANCED_FACE('',(#124),#99,.F.);
#126=CARTESIAN_POINT('',(-6.787071004,0.298393289,134.582859408));
#127=DIRECTION('',(0.64278761,0.,-0.766044443));
#128=DIRECTION('',(-0.766044443,0.,-0.64278761));
#129=AXIS2_PLACEMENT_3D('',#126,#127,#128);
#130=PLANE('',#129);
#131=CARTESIAN_POINT('',(-6.327444338,0.013458047,134.968531974));
#132=VERTEX_POINT('',#131);
#133=CARTESIAN_POINT('',(-6.327444338,0.013458047,134.968531974));
#134=DIRECTION('',(-0.,1.,-0.));
#135=VECTOR('',#134,0.569870484);
#136=LINE('',#133,#135);
#137=EDGE_CURVE('',#132,#101,#136,.T.);
#138=ORIENTED_EDGE('',*,*,#137,.T.);
#139=ORIENTED_EDGE('',*,*,#121,.F.);
#140=CARTESIAN_POINT('',(-6.787071004,0.013458047,134.582859408));
#141=VERTEX_POINT('',#140);
#142=CARTESIAN_POINT('',(-6.787071004,0.013458047,134.582859408));
#143=DIRECTION('',(-0.,1.,-0.));
#144=VECTOR('',#143,0.569870484);
#145=LINE('',#142,#144);
#146=EDGE_CURVE('',#141,#110,#145,.T.);
#147=ORIENTED_EDGE('',*,*,#146,.F.);
#148=CARTESIAN_POINT('',(-6.787071004,0.013458047,134.582859408));
#149=DIRECTION('',(0.766044443,0.,0.64278761));
#150=VECTOR('',#149,0.6);
#151=LINE('',#148,#150);
#152=EDGE_CURVE('',#141,#132,#151,.T.);
#153=ORIENTED_EDGE('',*,*,#152,.T.);
#154=EDGE_LOOP('',(#138,#139,#147,#153));
#155=FACE_BOUND('',#154,.T.);
#156=ADVANCED_FACE('',(#155),#130,.F.);
#157=CARTESIAN_POINT('',(-5.502372114,-0.754094782,133.05181489));
#158=DIRECTION('',(0.230445562,0.93352602,-0.274634326));
#159=DIRECTION('',(0.,0.282230499,0.959346624));
#160=AXIS2_PLACEMENT_3D('',#157,#158,#159);
#161=PLANE('',#160);
#162=CARTESIAN_POINT('',(-3.758046558,-1.521647611,131.906442939));
#163=VERTEX_POINT('',#162);
#164=CARTESIAN_POINT('',(-3.758046558,-1.521647611,131.906442939));
#165=DIRECTION('',(-0.600058959,0.358509652,0.71512242));
#166=VECTOR('',#165,4.281908872);
#167=LINE('',#164,#166);
#168=EDGE_CURVE('',#163,#132,#167,.T.);
#169=ORIENTED_EDGE('',*,*,#168,.T.);
#170=ORIENTED_EDGE('',*,*,#152,.F.);
#171=CARTESIAN_POINT('',(-4.217673224,-1.521647611,131.520770373));
#172=VERTEX_POINT('',#171);
#173=CARTESIAN_POINT('',(-4.217673224,-1.521647611,131.520770373));
#174=DIRECTION('',(-0.600058959,0.358509652,0.71512242));
#175=VECTOR('',#174,4.281908872);
#176=LINE('',#173,#175);
#177=EDGE_CURVE('',#172,#141,#176,.T.);
#178=ORIENTED_EDGE('',*,*,#177,.F.);
#179=CARTESIAN_POINT('',(-4.217673224,-1.521647611,131.520770373));
#180=DIRECTION('',(0.766044443,0.,0.64278761));
#181=VECTOR('',#180,0.6);
#182=LINE('',#179,#181);
#183=EDGE_CURVE('',#172,#163,#182,.T.);
#184=ORIENTED_EDGE('',*,*,#183,.T.);
#185=EDGE_LOOP('',(#169,#170,#178,#184));
#186=FACE_BOUND('',#185,.T.);
#187=ADVANCED_FACE('',(#186),#161,.F.);
#188=CARTESIAN_POINT('',(-4.217673224,-1.240802349,131.520770373));
#189=DIRECTION('',(-0.64278761,0.,0.766044443));
#190=DIRECTION('',(0.766044443,-0.,0.64278761));
#191=AXIS2_PLACEMENT_3D('',#188,#189,#190);
#192=PLANE('',#191);
#193=CARTESIAN_POINT('',(-3.758046558,-0.959957086,131.906442939));
#194=VERTEX_POINT('',#193);
#195=CARTESIAN_POINT('',(-3.758046558,-0.959957086,131.906442939));
#196=DIRECTION('',(-0.,-1.,0.));
#197=VECTOR('',#196,0.561690525);
#198=LINE('',#195,#197);
#199=EDGE_CURVE('',#194,#163,#198,.T.);
#200=ORIENTED_EDGE('',*,*,#199,.T.);
#201=ORIENTED_EDGE('',*,*,#183,.F.);
#202=CARTESIAN_POINT('',(-4.217673224,-0.959957086,131.520770373));
#203=VERTEX_POINT('',#202);
#204=CARTESIAN_POINT('',(-4.217673224,-0.959957086,131.520770373));
#205=DIRECTION('',(-0.,-1.,0.));
#206=VECTOR('',#205,0.561690525);
#207=LINE('',#204,#206);
#208=EDGE_CURVE('',#203,#172,#207,.T.);
#209=ORIENTED_EDGE('',*,*,#208,.F.);
#210=CARTESIAN_POINT('',(-4.217673224,-0.959957086,131.520770373));
#211=DIRECTION('',(0.766044443,0.,0.64278761));
#212=VECTOR('',#211,0.6);
#213=LINE('',#210,#212);
#214=EDGE_CURVE('',#203,#194,#213,.T.);
#215=ORIENTED_EDGE('',*,*,#214,.T.);
#216=EDGE_LOOP('',(#200,#201,#209,#215));
#217=FACE_BOUND('',#216,.T.);
#218=ADVANCED_FACE('',(#217),#192,.F.);
#219=CARTESIAN_POINT('',(-4.606763474,-0.740461517,131.984470077));
#220=DIRECTION('',(-0.219121728,-0.940102141,0.261139107));
#221=DIRECTION('',(0.,-0.267643505,-0.963518009));
#222=AXIS2_PLACEMENT_3D('',#219,#220,#221);
#223=PLANE('',#222);
#224=CARTESIAN_POINT('',(-4.536227059,-0.520965948,132.833842346));
#225=VERTEX_POINT('',#224);
#226=CARTESIAN_POINT('',(-4.536227059,-0.520965948,132.833842346));
#227=DIRECTION('',(0.604286008,-0.340892893,-0.720160021));
#228=VECTOR('',#227,1.287768525);
#229=LINE('',#226,#228);
#230=EDGE_CURVE('',#225,#194,#229,.T.);
#231=ORIENTED_EDGE('',*,*,#230,.T.);
#232=ORIENTED_EDGE('',*,*,#214,.F.);
#233=CARTESIAN_POINT('',(-4.995853724,-0.520965948,132.448169781));
#234=VERTEX_POINT('',#233);
#235=CARTESIAN_POINT('',(-4.995853724,-0.520965948,132.448169781));
#236=DIRECTION('',(0.604286008,-0.340892893,-0.720160021));
#237=VECTOR('',#236,1.287768525);
#238=LINE('',#235,#237);
#239=EDGE_CURVE('',#234,#203,#238,.T.);
#240=ORIENTED_EDGE('',*,*,#239,.F.);
#241=CARTESIAN_POINT('',(-4.995853724,-0.520965948,132.448169781));
#242=DIRECTION('',(0.766044443,0.,0.64278761));
#243=VECTOR('',#242,0.6);
#244=LINE('',#241,#243);
#245=EDGE_CURVE('',#234,#225,#244,.T.);
#246=ORIENTED_EDGE('',*,*,#245,.T.);
#247=EDGE_LOOP('',(#231,#232,#240,#246));
#248=FACE_BOUND('',#247,.T.);
#249=ADVANCED_FACE('',(#248),#223,.F.);
#250=CARTESIAN_POINT('',(-4.995853724,0.314753207,132.448169781));
#251=DIRECTION('',(-0.64278761,-0.,0.766044443));
#252=DIRECTION('',(0.766044443,-0.,0.64278761));
#253=AXIS2_PLACEMENT_3D('',#250,#251,#252);
#254=PLANE('',#253);
#255=CARTESIAN_POINT('',(-4.536227059,1.150472362,132.833842346));
#256=VERTEX_POINT('',#255);
#257=CARTESIAN_POINT('',(-4.536227059,1.150472362,132.833842346));
#258=DIRECTION('',(0.,-1.,0.));
#259=VECTOR('',#258,1.671438309);
#260=LINE('',#257,#259);
#261=EDGE_CURVE('',#256,#225,#260,.T.);
#262=ORIENTED_EDGE('',*,*,#261,.T.);
#263=ORIENTED_EDGE('',*,*,#245,.F.);
#264=CARTESIAN_POINT('',(-4.995853724,1.150472362,132.448169781));
#265=VERTEX_POINT('',#264);
#266=CARTESIAN_POINT('',(-4.995853724,1.150472362,132.448169781));
#267=DIRECTION('',(0.,-1.,0.));
#268=VECTOR('',#267,1.671438309);
#269=LINE('',#266,#268);
#270=EDGE_CURVE('',#265,#234,#269,.T.);
#271=ORIENTED_EDGE('',*,*,#270,.F.);
#272=CARTESIAN_POINT('',(-4.995853724,1.150472362,132.448169781));
#273=DIRECTION('',(0.766044443,0.,0.64278761));
#274=VECTOR('',#273,0.6);
#275=LINE('',#272,#274);
#276=EDGE_CURVE('',#265,#256,#275,.T.);
#277=ORIENTED_EDGE('',*,*,#276,.T.);
#278=EDGE_LOOP('',(#262,#263,#271,#277));
#279=FACE_BOUND('',#278,.T.);
#280=ADVANCED_FACE('',(#279),#254,.F.);
#281=CARTESIAN_POINT('',(-5.98435328,0.569695266,133.626217677));
#282=CARTESIAN_POINT('',(-5.524726614,0.569695266,134.011890243));
#283=CARTESIAN_POINT('',(-6.308595155,0.378829553,134.012634096));
#284=CARTESIAN_POINT('',(-5.848968489,0.378829553,134.398306662));
#285=CARTESIAN_POINT('',(-6.51716155,0.28612335,134.261193847));
#286=CARTESIAN_POINT('',(-6.057534884,0.28612335,134.646866413));
#287=B_SPLINE_SURFACE_WITH_KNOTS('',2,1,((#281,#282),(#283,#284),(#285,#286)),.UNSPECIFIED.,.F.,.F.,.U.,(3,3),(2,2),(0.,0.462635024),(0.,1.),.UNSPECIFIED.);
#288=CARTESIAN_POINT('',(-5.524726614,0.569695266,134.011890243));
#289=VERTEX_POINT('',#288);
#290=CARTESIAN_POINT('',(-6.057534885,0.28612335,134.646866414));
#291=VERTEX_POINT('',#290);
#292=CARTESIAN_POINT('',(-5.524726614,0.569695266,134.011890243));
#293=CARTESIAN_POINT('',(-5.848968489,0.378829553,134.398306662));
#294=CARTESIAN_POINT('',(-6.057534885,0.28612335,134.646866414));
#295=B_SPLINE_CURVE_WITH_KNOTS('',2,(#292,#293,#294),.UNSPECIFIED.,.F.,.F.,(3,3),(0.,0.462635024),.UNSPECIFIED.);
#296=EDGE_CURVE('',#289,#291,#295,.T.);
#297=ORIENTED_EDGE('',*,*,#296,.T.);
#298=CARTESIAN_POINT('',(-6.517161551,0.28612335,134.261193848));
#299=VERTEX_POINT('',#298);
#300=CARTESIAN_POINT('',(-6.517161551,0.28612335,134.261193848));
#301=DIRECTION('',(0.766044443,0.,0.64278761));
#302=VECTOR('',#301,0.6);
#303=LINE('',#300,#302);
#304=EDGE_CURVE('',#299,#291,#303,.T.);
#305=ORIENTED_EDGE('',*,*,#304,.F.);
#306=CARTESIAN_POINT('',(-5.98435328,0.569695266,133.626217677));
#307=VERTEX_POINT('',#306);
#308=CARTESIAN_POINT('',(-5.98435328,0.569695266,133.626217677));
#309=CARTESIAN_POINT('',(-6.308595155,0.378829553,134.012634097));
#310=CARTESIAN_POINT('',(-6.517161551,0.28612335,134.261193848));
#311=B_SPLINE_CURVE_WITH_KNOTS('',2,(#308,#309,#310),.UNSPECIFIED.,.F.,.F.,(3,3),(0.,0.462635024),.UNSPECIFIED.);
#312=EDGE_CURVE('',#307,#299,#311,.T.);
#313=ORIENTED_EDGE('',*,*,#312,.F.);
#314=CARTESIAN_POINT('',(-5.98435328,0.569695266,133.626217677));
#315=DIRECTION('',(0.766044443,0.,0.64278761));
#316=VECTOR('',#315,0.6);
#317=LINE('',#314,#316);
#318=EDGE_CURVE('',#307,#289,#317,.T.);
#319=ORIENTED_EDGE('',*,*,#318,.T.);
#320=EDGE_LOOP('',(#297,#305,#313,#319));
#321=FACE_BOUND('',#320,.T.);
#322=ADVANCED_FACE('',(#321),#287,.F.);
#323=CARTESIAN_POINT('',(-5.628563546,0.778284223,133.202203984));
#324=DIRECTION('',(-0.226671648,0.935759638,0.270136751));
#325=DIRECTION('',(-0.,-0.277355985,0.960767223));
#326=AXIS2_PLACEMENT_3D('',#323,#324,#325);
#327=PLANE('',#326);
#328=CARTESIAN_POINT('',(-4.813147147,0.98687318,133.163862856));
#329=VERTEX_POINT('',#328);
#330=CARTESIAN_POINT('',(-4.813147147,0.98687318,133.163862856));
#331=DIRECTION('',(-0.601494701,-0.352638484,0.716833471));
#332=VECTOR('',#331,1.18301868);
#333=LINE('',#330,#332);
#334=EDGE_CURVE('',#329,#289,#333,.T.);
#335=ORIENTED_EDGE('',*,*,#334,.T.);
#336=ORIENTED_EDGE('',*,*,#318,.F.);
#337=CARTESIAN_POINT('',(-5.272773813,0.98687318,132.77819029));
#338=VERTEX_POINT('',#337);
#339=CARTESIAN_POINT('',(-5.272773813,0.98687318,132.77819029));
#340=DIRECTION('',(-0.601494701,-0.352638484,0.716833471));
#341=VECTOR('',#340,1.18301868);
#342=LINE('',#339,#341);
#343=EDGE_CURVE('',#338,#307,#342,.T.);
#344=ORIENTED_EDGE('',*,*,#343,.F.);
#345=CARTESIAN_POINT('',(-5.272773813,0.98687318,132.77819029));
#346=DIRECTION('',(0.766044443,0.,0.64278761));
#347=VECTOR('',#346,0.6);
#348=LINE('',#345,#347);
#349=EDGE_CURVE('',#338,#329,#348,.T.);
#350=ORIENTED_EDGE('',*,*,#349,.T.);
#351=EDGE_LOOP('',(#335,#336,#344,#350));
#352=FACE_BOUND('',#351,.T.);
#353=ADVANCED_FACE('',(#352),#327,.F.);
#354=CARTESIAN_POINT('',(-5.272773813,0.309299901,132.77819029));
#355=DIRECTION('',(0.64278761,0.,-0.766044443));
#356=DIRECTION('',(-0.766044443,0.,-0.64278761));
#357=AXIS2_PLACEMENT_3D('',#354,#355,#356);
#358=PLANE('',#357);
#359=CARTESIAN_POINT('',(-4.813147147,-0.368273378,133.163862856));
#360=VERTEX_POINT('',#359);
#361=CARTESIAN_POINT('',(-4.813147147,-0.368273378,133.163862856));
#362=DIRECTION('',(-0.,1.,-0.));
#363=VECTOR('',#362,1.355146558);
#364=LINE('',#361,#363);
#365=EDGE_CURVE('',#360,#329,#364,.T.);
#366=ORIENTED_EDGE('',*,*,#365,.T.);
#367=ORIENTED_EDGE('',*,*,#349,.F.);
#368=CARTESIAN_POINT('',(-5.272773813,-0.368273378,132.77819029));
#369=VERTEX_POINT('',#368);
#370=CARTESIAN_POINT('',(-5.272773813,-0.368273378,132.77819029));
#371=DIRECTION('',(-0.,1.,-0.));
#372=VECTOR('',#371,1.355146558);
#373=LINE('',#370,#372);
#374=EDGE_CURVE('',#369,#338,#373,.T.);
#375=ORIENTED_EDGE('',*,*,#374,.F.);
#376=CARTESIAN_POINT('',(-5.272773813,-0.368273378,132.77819029));
#377=DIRECTION('',(0.766044443,0.,0.64278761));
#378=VECTOR('',#377,0.6);
#379=LINE('',#376,#378);
#380=EDGE_CURVE('',#369,#360,#379,.T.);
#381=ORIENTED_EDGE('',*,*,#380,.T.);
#382=EDGE_LOOP('',(#366,#367,#375,#381));
#383=FACE_BOUND('',#382,.T.);
#384=ADVANCED_FACE('',(#383),#358,.F.);
#385=CARTESIAN_POINT('',(-5.649595452,-0.148777809,133.227268832));
#386=DIRECTION('',(-0.225390931,-0.936508063,0.268610452));
#387=DIRECTION('',(0.,-0.275704775,-0.961242361));
#388=AXIS2_PLACEMENT_3D('',#385,#386,#387);
#389=PLANE('',#388);
#390=CARTESIAN_POINT('',(-5.566790425,0.07071776,134.06201994));
#391=VERTEX_POINT('',#390);
#392=CARTESIAN_POINT('',(-5.566790425,0.07071776,134.06201994));
#393=DIRECTION('',(0.60197578,-0.350646042,-0.717406798));
#394=VECTOR('',#393,1.251949503);
#395=LINE('',#392,#394);
#396=EDGE_CURVE('',#391,#360,#395,.T.);
#397=ORIENTED_EDGE('',*,*,#396,.T.);
#398=ORIENTED_EDGE('',*,*,#380,.F.);
#399=CARTESIAN_POINT('',(-6.026417091,0.07071776,133.676347374));
#400=VERTEX_POINT('',#399);
#401=CARTESIAN_POINT('',(-6.026417091,0.07071776,133.676347374));
#402=DIRECTION('',(0.60197578,-0.350646042,-0.717406798));
#403=VECTOR('',#402,1.251949503);
#404=LINE('',#401,#403);
#405=EDGE_CURVE('',#400,#369,#404,.T.);
#406=ORIENTED_EDGE('',*,*,#405,.F.);
#407=CARTESIAN_POINT('',(-6.026417091,0.07071776,133.676347374));
#408=DIRECTION('',(0.766044443,0.,0.64278761));
#409=VECTOR('',#408,0.6);
#410=LINE('',#407,#409);
#411=EDGE_CURVE('',#400,#391,#410,.T.);
#412=ORIENTED_EDGE('',*,*,#411,.T.);
#413=EDGE_LOOP('',(#397,#398,#406,#412));
#414=FACE_BOUND('',#413,.T.);
#415=ADVANCED_FACE('',(#414),#389,.F.);
#416=CARTESIAN_POINT('',(-6.517161551,0.28612335,134.261193848));
#417=CARTESIAN_POINT('',(-6.057534885,0.28612335,134.646866414));
#418=CARTESIAN_POINT('',(-6.270036662,0.209777065,133.966681874));
#419=CARTESIAN_POINT('',(-5.810409996,0.209777065,134.352354439));
#420=CARTESIAN_POINT('',(-6.026417091,0.07071776,133.676347374));
#421=CARTESIAN_POINT('',(-5.566790425,0.07071776,134.06201994));
#422=B_SPLINE_SURFACE_WITH_KNOTS('',2,1,((#416,#417),(#418,#419),(#420,#421)),.UNSPECIFIED.,.F.,.F.,.U.,(3,3),(2,2),(0.462635024,1.),(0.,1.),.UNSPECIFIED.);
#423=CARTESIAN_POINT('',(-6.057534885,0.28612335,134.646866414));
#424=CARTESIAN_POINT('',(-5.810409996,0.209777065,134.352354439));
#425=CARTESIAN_POINT('',(-5.566790425,0.07071776,134.06201994));
#426=B_SPLINE_CURVE_WITH_KNOTS('',2,(#423,#424,#425),.UNSPECIFIED.,.F.,.F.,(3,3),(0.462635024,1.),.UNSPECIFIED.);
#427=EDGE_CURVE('',#291,#391,#426,.T.);
#428=ORIENTED_EDGE('',*,*,#427,.T.);
#429=ORIENTED_EDGE('',*,*,#411,.F.);
#430=CARTESIAN_POINT('',(-6.517161551,0.28612335,134.261193848));
#431=CARTESIAN_POINT('',(-6.270036662,0.209777065,133.966681874));
#432=CARTESIAN_POINT('',(-6.026417091,0.07071776,133.676347374));
#433=B_SPLINE_CURVE_WITH_KNOTS('',2,(#430,#431,#432),.UNSPECIFIED.,.F.,.F.,(3,3),(0.462635024,1.),.UNSPECIFIED.);
#434=EDGE_CURVE('',#299,#400,#433,.T.);
#435=ORIENTED_EDGE('',*,*,#434,.F.);
#436=ORIENTED_EDGE('',*,*,#304,.T.);
#437=EDGE_LOOP('',(#428,#429,#435,#436));
#438=FACE_BOUND('',#437,.T.);
#439=ADVANCED_FACE('',(#438),#422,.F.);
#440=CARTESIAN_POINT('',(-4.606763474,1.383601196,131.984470077));
#441=DIRECTION('',(-0.231018871,0.933183003,0.275317569));
#442=DIRECTION('',(0.,-0.282972173,0.959128119));
#443=AXIS2_PLACEMENT_3D('',#440,#441,#442);
#444=PLANE('',#443);
#445=CARTESIAN_POINT('',(-3.758046558,1.61673003,131.906442939));
#446=DIRECTION('',(-0.599838472,-0.359401562,0.714859654));
#447=VECTOR('',#446,1.297316757);
#448=LINE('',#445,#447);
#449=EDGE_CURVE('',#63,#256,#448,.T.);
#450=ORIENTED_EDGE('',*,*,#449,.T.);
#451=ORIENTED_EDGE('',*,*,#276,.F.);
#452=CARTESIAN_POINT('',(-4.217673224,1.61673003,131.520770373));
#453=DIRECTION('',(-0.599838472,-0.359401562,0.714859654));
#454=VECTOR('',#453,1.297316757);
#455=LINE('',#452,#454);
#456=EDGE_CURVE('',#71,#265,#455,.T.);
#457=ORIENTED_EDGE('',*,*,#456,.F.);
#458=ORIENTED_EDGE('',*,*,#76,.T.);
#459=EDGE_LOOP('',(#450,#451,#457,#458));
#460=FACE_BOUND('',#459,.T.);
#461=ADVANCED_FACE('',(#460),#444,.F.);
#462=CARTESIAN_POINT('',(62.286304926,0.,52.264415491));
#463=DIRECTION('',(0.766044443,0.,0.64278761));
#464=DIRECTION('',(-0.,1.,-0.));
#465=AXIS2_PLACEMENT_3D('',#462,#463,#464);
#466=PLANE('',#465);
#467=ORIENTED_EDGE('',*,*,#312,.T.);
#468=ORIENTED_EDGE('',*,*,#434,.T.);
#469=ORIENTED_EDGE('',*,*,#405,.T.);
#470=ORIENTED_EDGE('',*,*,#374,.T.);
#471=ORIENTED_EDGE('',*,*,#343,.T.);
#472=EDGE_LOOP('',(#467,#468,#469,#470,#471));
#473=FACE_BOUND('',#472,.T.);
#474=ORIENTED_EDGE('',*,*,#84,.T.);
#475=ORIENTED_EDGE('',*,*,#456,.T.);
#476=ORIENTED_EDGE('',*,*,#270,.T.);
#477=ORIENTED_EDGE('',*,*,#239,.T.);
#478=ORIENTED_EDGE('',*,*,#208,.T.);
#479=ORIENTED_EDGE('',*,*,#177,.T.);
#480=ORIENTED_EDGE('',*,*,#146,.T.);
#481=ORIENTED_EDGE('',*,*,#115,.T.);
#482=EDGE_LOOP('',(#474,#475,#476,#477,#478,#479,#480,#481));
#483=FACE_BOUND('',#482,.T.);
#484=ADVANCED_FACE('',(#473,#483),#466,.F.);
#485=CARTESIAN_POINT('',(62.745931592,0.,52.650088057));
#486=DIRECTION('',(0.766044443,0.,0.64278761));
#487=DIRECTION('',(-0.,1.,-0.));
#488=AXIS2_PLACEMENT_3D('',#485,#486,#487);
#489=PLANE('',#488);
#490=ORIENTED_EDGE('',*,*,#296,.F.);
#491=ORIENTED_EDGE('',*,*,#334,.F.);
#492=ORIENTED_EDGE('',*,*,#365,.F.);
#493=ORIENTED_EDGE('',*,*,#396,.F.);
#494=ORIENTED_EDGE('',*,*,#427,.F.);
#495=EDGE_LOOP('',(#490,#491,#492,#493,#494));
#496=FACE_BOUND('',#495,.T.);
#497=ORIENTED_EDGE('',*,*,#68,.F.);
#498=ORIENTED_EDGE('',*,*,#106,.F.);
#499=ORIENTED_EDGE('',*,*,#137,.F.);
#500=ORIENTED_EDGE('',*,*,#168,.F.);
#501=ORIENTED_EDGE('',*,*,#199,.F.);
#502=ORIENTED_EDGE('',*,*,#230,.F.);
#503=ORIENTED_EDGE('',*,*,#261,.F.);
#504=ORIENTED_EDGE('',*,*,#449,.F.);
#505=EDGE_LOOP('',(#497,#498,#499,#500,#501,#502,#503,#504));
#506=FACE_BOUND('',#505,.T.);
#507=ADVANCED_FACE('',(#496,#506),#489,.T.);
#508=DRAUGHTING_PRE_DEFINED_COLOUR('white');
#509=FILL_AREA_STYLE_COLOUR('',#508);
#510=FILL_AREA_STYLE('',(#509));
#511=SURFACE_STYLE_FILL_AREA(#510);
#512=SURFACE_SIDE_STYLE('',(#511));
#513=SURFACE_STYLE_USAGE(.BOTH.,#512);
#514=PRESENTATION_STYLE_ASSIGNMENT((#513));
#515=OVER_RIDING_STYLED_ITEM('',(#514),#507,#54);
#516=CLOSED_SHELL('',(#94,#125,#156,#187,#218,#249,#280,#322,#353,#384,#415,#439,#461,#484,#507));
#517=MANIFOLD_SOLID_BREP('Corps 19',#516);
#518=COLOUR_RGB('',0.627451003,0.627451003,0.643137276);
#519=FILL_AREA_STYLE_COLOUR('',#518);
#520=FILL_AREA_STYLE('',(#519));
#521=SURFACE_STYLE_FILL_AREA(#520);
#522=SURFACE_SIDE_STYLE('',(#521));
#523=SURFACE_STYLE_USAGE(.BOTH.,#522);
#524=PRESENTATION_STYLE_ASSIGNMENT((#523));
#54=STYLED_ITEM('',(#524),#517);
#526=CARTESIAN_POINT('',(-5.502372114,-1.963365402,133.05181489));
#527=DIRECTION('',(0.,-1.,0.));
#528=DIRECTION('',(1.,0.,0.));
#529=AXIS2_PLACEMENT_3D('',#526,#527,#528);
#530=PLANE('',#529);
#531=CARTESIAN_POINT('',(-6.327444338,-1.963365402,134.968531974));
#532=VERTEX_POINT('',#531);
#533=CARTESIAN_POINT('',(-3.758046558,-1.963365402,131.906442939));
#534=VERTEX_POINT('',#533);
#535=CARTESIAN_POINT('',(-6.327444338,-1.963365402,134.968531974));
#536=DIRECTION('',(0.64278761,0.,-0.766044443));
#537=VECTOR('',#536,3.997273347);
#538=LINE('',#535,#537);
#539=EDGE_CURVE('',#532,#534,#538,.T.);
#540=ORIENTED_EDGE('',*,*,#539,.T.);
#541=CARTESIAN_POINT('',(-4.217673224,-1.963365402,131.520770373));
#542=VERTEX_POINT('',#541);
#543=CARTESIAN_POINT('',(-4.217673224,-1.963365402,131.520770373));
#544=DIRECTION('',(0.766044443,0.,0.64278761));
#545=VECTOR('',#544,0.6);
#546=LINE('',#543,#545);
#547=EDGE_CURVE('',#542,#534,#546,.T.);
#548=ORIENTED_EDGE('',*,*,#547,.F.);
#549=CARTESIAN_POINT('',(-6.787071004,-1.963365402,134.582859408));
#550=VERTEX_POINT('',#549);
#551=CARTESIAN_POINT('',(-6.787071004,-1.963365402,134.582859408));
#552=DIRECTION('',(0.64278761,0.,-0.766044443));
#553=VECTOR('',#552,3.997273347);
#554=LINE('',#551,#553);
#555=EDGE_CURVE('',#550,#542,#554,.T.);
#556=ORIENTED_EDGE('',*,*,#555,.F.);
#557=CARTESIAN_POINT('',(-6.787071004,-1.963365402,134.582859408));
#558=DIRECTION('',(0.766044443,0.,0.64278761));
#559=VECTOR('',#558,0.6);
#560=LINE('',#557,#559);
#561=EDGE_CURVE('',#550,#532,#560,.T.);
#562=ORIENTED_EDGE('',*,*,#561,.T.);
#563=EDGE_LOOP('',(#540,#548,#556,#562));
#564=FACE_BOUND('',#563,.T.);
#565=ADVANCED_FACE('',(#564),#530,.F.);
#566=CARTESIAN_POINT('',(-6.787071004,-2.227850747,134.582859408));
#567=DIRECTION('',(0.64278761,0.,-0.766044443));
#568=DIRECTION('',(-0.766044443,0.,-0.64278761));
#569=AXIS2_PLACEMENT_3D('',#566,#567,#568);
#570=PLANE('',#569);
#571=CARTESIAN_POINT('',(-6.327444338,-2.492336091,134.968531974));
#572=VERTEX_POINT('',#571);
#573=CARTESIAN_POINT('',(-6.327444338,-2.492336091,134.968531974));
#574=DIRECTION('',(-0.,1.,0.));
#575=VECTOR('',#574,0.528970688);
#576=LINE('',#573,#575);
#577=EDGE_CURVE('',#572,#532,#576,.T.);
#578=ORIENTED_EDGE('',*,*,#577,.T.);
#579=ORIENTED_EDGE('',*,*,#561,.F.);
#580=CARTESIAN_POINT('',(-6.787071004,-2.492336091,134.582859408));
#581=VERTEX_POINT('',#580);
#582=CARTESIAN_POINT('',(-6.787071004,-2.492336091,134.582859408));
#583=DIRECTION('',(-0.,1.,0.));
#584=VECTOR('',#583,0.528970688);
#585=LINE('',#582,#584);
#586=EDGE_CURVE('',#581,#550,#585,.T.);
#587=ORIENTED_EDGE('',*,*,#586,.F.);
#588=CARTESIAN_POINT('',(-6.787071004,-2.492336091,134.582859408));
#589=DIRECTION('',(0.766044443,0.,0.64278761));
#590=VECTOR('',#589,0.6);
#591=LINE('',#588,#590);
#592=EDGE_CURVE('',#581,#572,#591,.T.);
#593=ORIENTED_EDGE('',*,*,#592,.T.);
#594=EDGE_LOOP('',(#578,#579,#587,#593));
#595=FACE_BOUND('',#594,.T.);
#596=ADVANCED_FACE('',(#595),#570,.F.);
#597=CARTESIAN_POINT('',(-6.259520709,-2.492336091,133.954149449));
#598=DIRECTION('',(-0.,1.,-0.));
#599=DIRECTION('',(-1.,-0.,0.));
#600=AXIS2_PLACEMENT_3D('',#597,#598,#599);
#601=PLANE('',#600);
#602=CARTESIAN_POINT('',(-5.272343749,-2.492336091,133.711112056));
#603=VERTEX_POINT('',#602);
#604=CARTESIAN_POINT('',(-5.272343749,-2.492336091,133.711112056));
#605=DIRECTION('',(-0.64278761,-0.,0.766044443));
#606=VECTOR('',#605,1.641445126);
#607=LINE('',#604,#606);
#608=EDGE_CURVE('',#603,#572,#607,.T.);
#609=ORIENTED_EDGE('',*,*,#608,.T.);
#610=ORIENTED_EDGE('',*,*,#592,.F.);
#611=CARTESIAN_POINT('',(-5.731970415,-2.492336091,133.32543949));
#612=VERTEX_POINT('',#611);
#613=CARTESIAN_POINT('',(-5.731970415,-2.492336091,133.32543949));
#614=DIRECTION('',(-0.64278761,-0.,0.766044443));
#615=VECTOR('',#614,1.641445126);
#616=LINE('',#613,#615);
#617=EDGE_CURVE('',#612,#581,#616,.T.);
#618=ORIENTED_EDGE('',*,*,#617,.F.);
#619=CARTESIAN_POINT('',(-5.731970415,-2.492336091,133.32543949));
#620=DIRECTION('',(0.766044443,0.,0.64278761));
#621=VECTOR('',#620,0.6);
#622=LINE('',#619,#621);
#623=EDGE_CURVE('',#612,#603,#622,.T.);
#624=ORIENTED_EDGE('',*,*,#623,.T.);
#625=EDGE_LOOP('',(#609,#610,#618,#624));
#626=FACE_BOUND('',#625,.T.);
#627=ADVANCED_FACE('',(#626),#601,.F.);
#628=CARTESIAN_POINT('',(-5.731970415,-3.531190897,133.32543949));
#629=DIRECTION('',(0.64278761,-0.,-0.766044443));
#630=DIRECTION('',(-0.766044443,0.,-0.64278761));
#631=AXIS2_PLACEMENT_3D('',#628,#629,#630);
#632=PLANE('',#631);
#633=CARTESIAN_POINT('',(-5.272343749,-4.570045702,133.711112056));
#634=VERTEX_POINT('',#633);
#635=CARTESIAN_POINT('',(-5.272343749,-4.570045702,133.711112056));
#636=DIRECTION('',(0.,1.,-0.));
#637=VECTOR('',#636,2.077709611);
#638=LINE('',#635,#637);
#639=EDGE_CURVE('',#634,#603,#638,.T.);
#640=ORIENTED_EDGE('',*,*,#639,.T.);
#641=ORIENTED_EDGE('',*,*,#623,.F.);
#642=CARTESIAN_POINT('',(-5.731970415,-4.570045702,133.32543949));
#643=VERTEX_POINT('',#642);
#644=CARTESIAN_POINT('',(-5.731970415,-4.570045702,133.32543949));
#645=DIRECTION('',(0.,1.,-0.));
#646=VECTOR('',#645,2.077709611);
#647=LINE('',#644,#646);
#648=EDGE_CURVE('',#643,#612,#647,.T.);
#649=ORIENTED_EDGE('',*,*,#648,.F.);
#650=CARTESIAN_POINT('',(-5.731970415,-4.570045702,133.32543949));
#651=DIRECTION('',(0.766044443,0.,0.64278761));
#652=VECTOR('',#651,0.6);
#653=LINE('',#650,#652);
#654=EDGE_CURVE('',#643,#634,#653,.T.);
#655=ORIENTED_EDGE('',*,*,#654,.T.);
#656=EDGE_LOOP('',(#640,#641,#649,#655));
#657=FACE_BOUND('',#656,.T.);
#658=ADVANCED_FACE('',(#657),#632,.F.);
#659=CARTESIAN_POINT('',(-6.259520709,-4.570045702,133.954149449));
#660=DIRECTION('',(0.,-1.,0.));
#661=DIRECTION('',(0.,-0.,-1.));
#662=AXIS2_PLACEMENT_3D('',#659,#660,#661);
#663=PLANE('',#662);
#664=CARTESIAN_POINT('',(-6.327444338,-4.570045702,134.968531974));
#665=VERTEX_POINT('',#664);
#666=CARTESIAN_POINT('',(-6.327444338,-4.570045702,134.968531974));
#667=DIRECTION('',(0.64278761,-0.,-0.766044443));
#668=VECTOR('',#667,1.641445126);
#669=LINE('',#666,#668);
#670=EDGE_CURVE('',#665,#634,#669,.T.);
#671=ORIENTED_EDGE('',*,*,#670,.T.);
#672=ORIENTED_EDGE('',*,*,#654,.F.);
#673=CARTESIAN_POINT('',(-6.787071004,-4.570045702,134.582859408));
#674=VERTEX_POINT('',#673);
#675=CARTESIAN_POINT('',(-6.787071004,-4.570045702,134.582859408));
#676=DIRECTION('',(0.64278761,-0.,-0.766044443));
#677=VECTOR('',#676,1.641445126);
#678=LINE('',#675,#677);
#679=EDGE_CURVE('',#674,#643,#678,.T.);
#680=ORIENTED_EDGE('',*,*,#679,.F.);
#681=CARTESIAN_POINT('',(-6.787071004,-4.570045702,134.582859408));
#682=DIRECTION('',(0.766044443,0.,0.64278761));
#683=VECTOR('',#682,0.6);
#684=LINE('',#681,#683);
#685=EDGE_CURVE('',#674,#665,#684,.T.);
#686=ORIENTED_EDGE('',*,*,#685,.T.);
#687=EDGE_LOOP('',(#671,#672,#680,#686));
#688=FACE_BOUND('',#687,.T.);
#689=ADVANCED_FACE('',(#688),#663,.F.);
#690=CARTESIAN_POINT('',(-6.787071004,-4.834531047,134.582859408));
#691=DIRECTION('',(0.64278761,0.,-0.766044443));
#692=DIRECTION('',(-0.766044443,0.,-0.64278761));
#693=AXIS2_PLACEMENT_3D('',#690,#691,#692);
#694=PLANE('',#693);
#695=CARTESIAN_POINT('',(-6.327444338,-5.099016391,134.968531974));
#696=VERTEX_POINT('',#695);
#697=CARTESIAN_POINT('',(-6.327444338,-5.099016391,134.968531974));
#698=DIRECTION('',(-0.,1.,-0.));
#699=VECTOR('',#698,0.528970688);
#700=LINE('',#697,#699);
#701=EDGE_CURVE('',#696,#665,#700,.T.);
#702=ORIENTED_EDGE('',*,*,#701,.T.);
#703=ORIENTED_EDGE('',*,*,#685,.F.);
#704=CARTESIAN_POINT('',(-6.787071004,-5.099016391,134.582859408));
#705=VERTEX_POINT('',#704);
#706=CARTESIAN_POINT('',(-6.787071004,-5.099016391,134.582859408));
#707=DIRECTION('',(-0.,1.,-0.));
#708=VECTOR('',#707,0.528970688);
#709=LINE('',#706,#708);
#710=EDGE_CURVE('',#705,#674,#709,.T.);
#711=ORIENTED_EDGE('',*,*,#710,.F.);
#712=CARTESIAN_POINT('',(-6.787071004,-5.099016391,134.582859408));
#713=DIRECTION('',(0.766044443,0.,0.64278761));
#714=VECTOR('',#713,0.6);
#715=LINE('',#712,#714);
#716=EDGE_CURVE('',#705,#696,#715,.T.);
#717=ORIENTED_EDGE('',*,*,#716,.T.);
#718=EDGE_LOOP('',(#702,#703,#711,#717));
#719=FACE_BOUND('',#718,.T.);
#720=ADVANCED_FACE('',(#719),#694,.F.);
#721=CARTESIAN_POINT('',(-5.502372114,-5.099016391,133.05181489));
#722=DIRECTION('',(-0.,1.,-0.));
#723=DIRECTION('',(-1.,-0.,0.));
#724=AXIS2_PLACEMENT_3D('',#721,#722,#723);
#725=PLANE('',#724);
#726=CARTESIAN_POINT('',(-3.758046558,-5.099016391,131.906442939));
#727=VERTEX_POINT('',#726);
#728=CARTESIAN_POINT('',(-3.758046558,-5.099016391,131.906442939));
#729=DIRECTION('',(-0.64278761,0.,0.766044443));
#730=VECTOR('',#729,3.997273347);
#731=LINE('',#728,#730);
#732=EDGE_CURVE('',#727,#696,#731,.T.);
#733=ORIENTED_EDGE('',*,*,#732,.T.);
#734=ORIENTED_EDGE('',*,*,#716,.F.);
#735=CARTESIAN_POINT('',(-4.217673224,-5.099016391,131.520770373));
#736=VERTEX_POINT('',#735);
#737=CARTESIAN_POINT('',(-4.217673224,-5.099016391,131.520770373));
#738=DIRECTION('',(-0.64278761,0.,0.766044443));
#739=VECTOR('',#738,3.997273347);
#740=LINE('',#737,#739);
#741=EDGE_CURVE('',#736,#705,#740,.T.);
#742=ORIENTED_EDGE('',*,*,#741,.F.);
#743=CARTESIAN_POINT('',(-4.217673224,-5.099016391,131.520770373));
#744=DIRECTION('',(0.766044443,0.,0.64278761));
#745=VECTOR('',#744,0.6);
#746=LINE('',#743,#745);
#747=EDGE_CURVE('',#736,#727,#746,.T.);
#748=ORIENTED_EDGE('',*,*,#747,.T.);
#749=EDGE_LOOP('',(#733,#734,#742,#748));
#750=FACE_BOUND('',#749,.T.);
#751=ADVANCED_FACE('',(#750),#725,.F.);
#752=CARTESIAN_POINT('',(-4.217673224,-4.834531047,131.520770373));
#753=DIRECTION('',(-0.64278761,-0.,0.766044443));
#754=DIRECTION('',(0.766044443,-0.,0.64278761));
#755=AXIS2_PLACEMENT_3D('',#752,#753,#754);
#756=PLANE('',#755);
#757=CARTESIAN_POINT('',(-3.758046558,-4.570045702,131.906442939));
#758=VERTEX_POINT('',#757);
#759=CARTESIAN_POINT('',(-3.758046558,-4.570045702,131.906442939));
#760=DIRECTION('',(0.,-1.,0.));
#761=VECTOR('',#760,0.528970688);
#762=LINE('',#759,#761);
#763=EDGE_CURVE('',#758,#727,#762,.T.);
#764=ORIENTED_EDGE('',*,*,#763,.T.);
#765=ORIENTED_EDGE('',*,*,#747,.F.);
#766=CARTESIAN_POINT('',(-4.217673224,-4.570045702,131.520770373));
#767=VERTEX_POINT('',#766);
#768=CARTESIAN_POINT('',(-4.217673224,-4.570045702,131.520770373));
#769=DIRECTION('',(0.,-1.,0.));
#770=VECTOR('',#769,0.528970688);
#771=LINE('',#768,#770);
#772=EDGE_CURVE('',#767,#736,#771,.T.);
#773=ORIENTED_EDGE('',*,*,#772,.F.);
#774=CARTESIAN_POINT('',(-4.217673224,-4.570045702,131.520770373));
#775=DIRECTION('',(0.766044443,0.,0.64278761));
#776=VECTOR('',#775,0.6);
#777=LINE('',#774,#776);
#778=EDGE_CURVE('',#767,#758,#777,.T.);
#779=ORIENTED_EDGE('',*,*,#778,.T.);
#780=EDGE_LOOP('',(#764,#765,#773,#779));
#781=FACE_BOUND('',#780,.T.);
#782=ADVANCED_FACE('',(#781),#756,.F.);
#783=CARTESIAN_POINT('',(-4.823216834,-4.570045702,132.242429146));
#784=DIRECTION('',(0.,-1.,0.));
#785=DIRECTION('',(1.,0.,0.));
#786=AXIS2_PLACEMENT_3D('',#783,#784,#785);
#787=PLANE('',#786);
#788=CARTESIAN_POINT('',(-4.969133779,-4.570045702,133.349760485));
#789=VERTEX_POINT('',#788);
#790=CARTESIAN_POINT('',(-4.969133779,-4.570045702,133.349760485));
#791=DIRECTION('',(0.64278761,0.,-0.766044443));
#792=VECTOR('',#791,1.884117246);
#793=LINE('',#790,#792);
#794=EDGE_CURVE('',#789,#758,#793,.T.);
#795=ORIENTED_EDGE('',*,*,#794,.T.);
#796=ORIENTED_EDGE('',*,*,#778,.F.);
#797=CARTESIAN_POINT('',(-5.428760445,-4.570045702,132.964087919));
#798=VERTEX_POINT('',#797);
#799=CARTESIAN_POINT('',(-5.428760445,-4.570045702,132.964087919));
#800=DIRECTION('',(0.64278761,0.,-0.766044443));
#801=VECTOR('',#800,1.884117246);
#802=LINE('',#799,#801);
#803=EDGE_CURVE('',#798,#767,#802,.T.);
#804=ORIENTED_EDGE('',*,*,#803,.F.);
#805=CARTESIAN_POINT('',(-5.428760445,-4.570045702,132.964087919));
#806=DIRECTION('',(0.766044443,0.,0.64278761));
#807=VECTOR('',#806,0.6);
#808=LINE('',#805,#807);
#809=EDGE_CURVE('',#798,#789,#808,.T.);
#810=ORIENTED_EDGE('',*,*,#809,.T.);
#811=EDGE_LOOP('',(#795,#796,#804,#810));
#812=FACE_BOUND('',#811,.T.);
#813=ADVANCED_FACE('',(#812),#787,.F.);
#814=CARTESIAN_POINT('',(-5.428760445,-3.531190897,132.964087919));
#815=DIRECTION('',(-0.64278761,-0.,0.766044443));
#816=DIRECTION('',(0.766044443,0.,0.64278761));
#817=AXIS2_PLACEMENT_3D('',#814,#815,#816);
#818=PLANE('',#817);
#819=CARTESIAN_POINT('',(-4.969133779,-2.492336091,133.349760485));
#820=VERTEX_POINT('',#819);
#821=CARTESIAN_POINT('',(-4.969133779,-2.492336091,133.349760485));
#822=DIRECTION('',(0.,-1.,-0.));
#823=VECTOR('',#822,2.077709611);
#824=LINE('',#821,#823);
#825=EDGE_CURVE('',#820,#789,#824,.T.);
#826=ORIENTED_EDGE('',*,*,#825,.T.);
#827=ORIENTED_EDGE('',*,*,#809,.F.);
#828=CARTESIAN_POINT('',(-5.428760445,-2.492336091,132.964087919));
#829=VERTEX_POINT('',#828);
#830=CARTESIAN_POINT('',(-5.428760445,-2.492336091,132.964087919));
#831=DIRECTION('',(0.,-1.,-0.));
#832=VECTOR('',#831,2.077709611);
#833=LINE('',#830,#832);
#834=EDGE_CURVE('',#829,#798,#833,.T.);
#835=ORIENTED_EDGE('',*,*,#834,.F.);
#836=CARTESIAN_POINT('',(-5.428760445,-2.492336091,132.964087919));
#837=DIRECTION('',(0.766044443,0.,0.64278761));
#838=VECTOR('',#837,0.6);
#839=LINE('',#836,#838);
#840=EDGE_CURVE('',#829,#820,#839,.T.);
#841=ORIENTED_EDGE('',*,*,#840,.T.);
#842=EDGE_LOOP('',(#826,#827,#835,#841));
#843=FACE_BOUND('',#842,.T.);
#844=ADVANCED_FACE('',(#843),#818,.F.);
#845=CARTESIAN_POINT('',(-4.823216834,-2.492336091,132.242429146));
#846=DIRECTION('',(-0.,1.,-0.));
#847=DIRECTION('',(-1.,-0.,0.));
#848=AXIS2_PLACEMENT_3D('',#845,#846,#847);
#849=PLANE('',#848);
#850=CARTESIAN_POINT('',(-3.758046558,-2.492336091,131.906442939));
#851=VERTEX_POINT('',#850);
#852=CARTESIAN_POINT('',(-3.758046558,-2.492336091,131.906442939));
#853=DIRECTION('',(-0.64278761,0.,0.766044443));
#854=VECTOR('',#853,1.884117246);
#855=LINE('',#852,#854);
#856=EDGE_CURVE('',#851,#820,#855,.T.);
#857=ORIENTED_EDGE('',*,*,#856,.T.);
#858=ORIENTED_EDGE('',*,*,#840,.F.);
#859=CARTESIAN_POINT('',(-4.217673224,-2.492336091,131.520770373));
#860=VERTEX_POINT('',#859);
#861=CARTESIAN_POINT('',(-4.217673224,-2.492336091,131.520770373));
#862=DIRECTION('',(-0.64278761,0.,0.766044443));
#863=VECTOR('',#862,1.884117246);
#864=LINE('',#861,#863);
#865=EDGE_CURVE('',#860,#829,#864,.T.);
#866=ORIENTED_EDGE('',*,*,#865,.F.);
#867=CARTESIAN_POINT('',(-4.217673224,-2.492336091,131.520770373));
#868=DIRECTION('',(0.766044443,0.,0.64278761));
#869=VECTOR('',#868,0.6);
#870=LINE('',#867,#869);
#871=EDGE_CURVE('',#860,#851,#870,.T.);
#872=ORIENTED_EDGE('',*,*,#871,.T.);
#873=EDGE_LOOP('',(#857,#858,#866,#872));
#874=FACE_BOUND('',#873,.T.);
#875=ADVANCED_FACE('',(#874),#849,.F.);
#876=CARTESIAN_POINT('',(-4.217673224,-2.227850747,131.520770373));
#877=DIRECTION('',(-0.64278761,-0.,0.766044443));
#878=DIRECTION('',(0.766044443,0.,0.64278761));
#879=AXIS2_PLACEMENT_3D('',#876,#877,#878);
#880=PLANE('',#879);
#881=CARTESIAN_POINT('',(-3.758046558,-1.963365402,131.906442939));
#882=DIRECTION('',(0.,-1.,-0.));
#883=VECTOR('',#882,0.528970688);
#884=LINE('',#881,#883);
#885=EDGE_CURVE('',#534,#851,#884,.T.);
#886=ORIENTED_EDGE('',*,*,#885,.T.);
#887=ORIENTED_EDGE('',*,*,#871,.F.);
#888=CARTESIAN_POINT('',(-4.217673224,-1.963365402,131.520770373));
#889=DIRECTION('',(0.,-1.,-0.));
#890=VECTOR('',#889,0.528970688);
#891=LINE('',#888,#890);
#892=EDGE_CURVE('',#542,#860,#891,.T.);
#893=ORIENTED_EDGE('',*,*,#892,.F.);
#894=ORIENTED_EDGE('',*,*,#547,.T.);
#895=EDGE_LOOP('',(#886,#887,#893,#894));
#896=FACE_BOUND('',#895,.T.);
#897=ADVANCED_FACE('',(#896),#880,.F.);
#898=CARTESIAN_POINT('',(62.286304926,0.,52.264415491));
#899=DIRECTION('',(0.766044443,0.,0.64278761));
#900=DIRECTION('',(-0.,1.,-0.));
#901=AXIS2_PLACEMENT_3D('',#898,#899,#900);
#902=PLANE('',#901);
#903=ORIENTED_EDGE('',*,*,#555,.T.);
#904=ORIENTED_EDGE('',*,*,#892,.T.);
#905=ORIENTED_EDGE('',*,*,#865,.T.);
#906=ORIENTED_EDGE('',*,*,#834,.T.);
#907=ORIENTED_EDGE('',*,*,#803,.T.);
#908=ORIENTED_EDGE('',*,*,#772,.T.);
#909=ORIENTED_EDGE('',*,*,#741,.T.);
#910=ORIENTED_EDGE('',*,*,#710,.T.);
#911=ORIENTED_EDGE('',*,*,#679,.T.);
#912=ORIENTED_EDGE('',*,*,#648,.T.);
#913=ORIENTED_EDGE('',*,*,#617,.T.);
#914=ORIENTED_EDGE('',*,*,#586,.T.);
#915=EDGE_LOOP('',(#903,#904,#905,#906,#907,#908,#909,#910,#911,#912,#913,#914));
#916=FACE_BOUND('',#915,.T.);
#917=ADVANCED_FACE('',(#916),#902,.F.);
#918=CARTESIAN_POINT('',(62.745931592,0.,52.650088057));
#919=DIRECTION('',(0.766044443,0.,0.64278761));
#920=DIRECTION('',(-0.,1.,-0.));
#921=AXIS2_PLACEMENT_3D('',#918,#919,#920);
#922=PLANE('',#921);
#923=ORIENTED_EDGE('',*,*,#539,.F.);
#924=ORIENTED_EDGE('',*,*,#577,.F.);
#925=ORIENTED_EDGE('',*,*,#608,.F.);
#926=ORIENTED_EDGE('',*,*,#639,.F.);
#927=ORIENTED_EDGE('',*,*,#670,.F.);
#928=ORIENTED_EDGE('',*,*,#701,.F.);
#929=ORIENTED_EDGE('',*,*,#732,.F.);
#930=ORIENTED_EDGE('',*,*,#763,.F.);
#931=ORIENTED_EDGE('',*,*,#794,.F.);
#932=ORIENTED_EDGE('',*,*,#825,.F.);
#933=ORIENTED_EDGE('',*,*,#856,.F.);
#934=ORIENTED_EDGE('',*,*,#885,.F.);
#935=EDGE_LOOP('',(#923,#924,#925,#926,#927,#928,#929,#930,#931,#932,#933,#934));
#936=FACE_BOUND('',#935,.T.);
#937=ADVANCED_FACE('',(#936),#922,.T.);
#938=OVER_RIDING_STYLED_ITEM('',(#514),#937,#525);
#939=CLOSED_SHELL('',(#565,#596,#627,#658,#689,#720,#751,#782,#813,#844,#875,#897,#917,#937));
#940=MANIFOLD_SOLID_BREP('Corps 18',#939);
#525=STYLED_ITEM('',(#524),#940);
#942=CARTESIAN_POINT('',(-6.635466019,5.095939301,134.402183623));
#943=DIRECTION('',(0.,-1.,0.));
#944=DIRECTION('',(1.,0.,0.));
#945=AXIS2_PLACEMENT_3D('',#942,#943,#944);
#946=PLANE('',#945);
#947=CARTESIAN_POINT('',(-6.327444338,5.095939301,134.968531974));
#948=VERTEX_POINT('',#947);
#949=CARTESIAN_POINT('',(-6.024234368,5.095939301,134.607180403));
#950=VERTEX_POINT('',#949);
#951=CARTESIAN_POINT('',(-6.327444338,5.095939301,134.968531974));
#952=DIRECTION('',(0.64278761,0.,-0.766044443));
#953=VECTOR('',#952,0.471710975);
#954=LINE('',#951,#953);
#955=EDGE_CURVE('',#948,#950,#954,.T.);
#956=ORIENTED_EDGE('',*,*,#955,.T.);
#957=CARTESIAN_POINT('',(-6.483861034,5.095939301,134.221507837));
#958=VERTEX_POINT('',#957);
#959=CARTESIAN_POINT('',(-6.483861034,5.095939301,134.221507837));
#960=DIRECTION('',(0.766044443,0.,0.64278761));
#961=VECTOR('',#960,0.6);
#962=LINE('',#959,#961);
#963=EDGE_CURVE('',#958,#950,#962,.T.);
#964=ORIENTED_EDGE('',*,*,#963,.F.);
#965=CARTESIAN_POINT('',(-6.787071004,5.095939301,134.582859408));
#966=VERTEX_POINT('',#965);
#967=CARTESIAN_POINT('',(-6.787071004,5.095939301,134.582859408));
#968=DIRECTION('',(0.64278761,0.,-0.766044443));
#969=VECTOR('',#968,0.471710975);
#970=LINE('',#967,#969);
#971=EDGE_CURVE('',#966,#958,#970,.T.);
#972=ORIENTED_EDGE('',*,*,#971,.F.);
#973=CARTESIAN_POINT('',(-6.787071004,5.095939301,134.582859408));
#974=DIRECTION('',(0.766044443,0.,0.64278761));
#975=VECTOR('',#974,0.6);
#976=LINE('',#973,#975);
#977=EDGE_CURVE('',#966,#948,#976,.T.);
#978=ORIENTED_EDGE('',*,*,#977,.T.);
#979=EDGE_LOOP('',(#956,#964,#972,#978));
#980=FACE_BOUND('',#979,.T.);
#981=ADVANCED_FACE('',(#980),#946,.F.);
#982=CARTESIAN_POINT('',(-6.787071004,3.511753889,134.582859408));
#983=DIRECTION('',(0.64278761,0.,-0.766044443));
#984=DIRECTION('',(-0.766044443,0.,-0.64278761));
#985=AXIS2_PLACEMENT_3D('',#982,#983,#984);
#986=PLANE('',#985);
#987=CARTESIAN_POINT('',(-6.327444338,1.927568476,134.968531974));
#988=VERTEX_POINT('',#987);
#989=CARTESIAN_POINT('',(-6.327444338,1.927568476,134.968531974));
#990=DIRECTION('',(-0.,1.,0.));
#991=VECTOR('',#990,3.168370825);
#992=LINE('',#989,#991);
#993=EDGE_CURVE('',#988,#948,#992,.T.);
#994=ORIENTED_EDGE('',*,*,#993,.T.);
#995=ORIENTED_EDGE('',*,*,#977,.F.);
#996=CARTESIAN_POINT('',(-6.787071004,1.927568476,134.582859408));
#997=VERTEX_POINT('',#996);
#998=CARTESIAN_POINT('',(-6.787071004,1.927568476,134.582859408));
#999=DIRECTION('',(-0.,1.,0.));
#1000=VECTOR('',#999,3.168370825);
#1001=LINE('',#998,#1000);
#1002=EDGE_CURVE('',#997,#966,#1001,.T.);
#1003=ORIENTED_EDGE('',*,*,#1002,.F.);
#1004=CARTESIAN_POINT('',(-6.787071004,1.927568476,134.582859408));
#1005=DIRECTION('',(0.766044443,0.,0.64278761));
#1006=VECTOR('',#1005,0.6);
#1007=LINE('',#1004,#1006);
#1008=EDGE_CURVE('',#997,#988,#1007,.T.);
#1009=ORIENTED_EDGE('',*,*,#1008,.T.);
#1010=EDGE_LOOP('',(#994,#995,#1003,#1009));
#1011=FACE_BOUND('',#1010,.T.);
#1012=ADVANCED_FACE('',(#1011),#986,.F.);
#1013=CARTESIAN_POINT('',(-6.635466019,1.927568476,134.402183623));
#1014=DIRECTION('',(-0.,1.,-0.));
#1015=DIRECTION('',(-1.,-0.,0.));
#1016=AXIS2_PLACEMENT_3D('',#1013,#1014,#1015);
#1017=PLANE('',#1016);
#1018=CARTESIAN_POINT('',(-6.024234368,1.927568476,134.607180403));
#1019=VERTEX_POINT('',#1018);
#1020=CARTESIAN_POINT('',(-6.024234368,1.927568476,134.607180403));
#1021=DIRECTION('',(-0.64278761,-0.,0.766044443));
#1022=VECTOR('',#1021,0.471710975);
#1023=LINE('',#1020,#1022);
#1024=EDGE_CURVE('',#1019,#988,#1023,.T.);
#1025=ORIENTED_EDGE('',*,*,#1024,.T.);
#1026=ORIENTED_EDGE('',*,*,#1008,.F.);
#1027=CARTESIAN_POINT('',(-6.483861034,1.927568476,134.221507837));
#1028=VERTEX_POINT('',#1027);
#1029=CARTESIAN_POINT('',(-6.483861034,1.927568476,134.221507837));
#1030=DIRECTION('',(-0.64278761,-0.,0.766044443));
#1031=VECTOR('',#1030,0.471710975);
#1032=LINE('',#1029,#1031);
#1033=EDGE_CURVE('',#1028,#997,#1032,.T.);
#1034=ORIENTED_EDGE('',*,*,#1033,.F.);
#1035=CARTESIAN_POINT('',(-6.483861034,1.927568476,134.221507837));
#1036=DIRECTION('',(0.766044443,0.,0.64278761));
#1037=VECTOR('',#1036,0.6);
#1038=LINE('',#1035,#1037);
#1039=EDGE_CURVE('',#1028,#1019,#1038,.T.);
#1040=ORIENTED_EDGE('',*,*,#1039,.T.);
#1041=EDGE_LOOP('',(#1025,#1026,#1034,#1040));
#1042=FACE_BOUND('',#1041,.T.);
#1043=ADVANCED_FACE('',(#1042),#1017,.F.);
#1044=CARTESIAN_POINT('',(-6.483861034,2.586055184,134.221507837));
#1045=DIRECTION('',(-0.64278761,-0.,0.766044443));
#1046=DIRECTION('',(0.766044443,-0.,0.64278761));
#1047=AXIS2_PLACEMENT_3D('',#1044,#1045,#1046);
#1048=PLANE('',#1047);
#1049=CARTESIAN_POINT('',(-6.024234368,3.244541891,134.607180403));
#1050=VERTEX_POINT('',#1049);
#1051=CARTESIAN_POINT('',(-6.024234368,3.244541891,134.607180403));
#1052=DIRECTION('',(0.,-1.,-0.));
#1053=VECTOR('',#1052,1.316973415);
#1054=LINE('',#1051,#1053);
#1055=EDGE_CURVE('',#1050,#1019,#1054,.T.);
#1056=ORIENTED_EDGE('',*,*,#1055,.T.);
#1057=ORIENTED_EDGE('',*,*,#1039,.F.);
#1058=CARTESIAN_POINT('',(-6.483861034,3.244541891,134.221507837));
#1059=VERTEX_POINT('',#1058);
#1060=CARTESIAN_POINT('',(-6.483861034,3.244541891,134.221507837));
#1061=DIRECTION('',(0.,-1.,-0.));
#1062=VECTOR('',#1061,1.316973415);
#1063=LINE('',#1060,#1062);
#1064=EDGE_CURVE('',#1059,#1028,#1063,.T.);
#1065=ORIENTED_EDGE('',*,*,#1064,.F.);
#1066=CARTESIAN_POINT('',(-6.483861034,3.244541891,134.221507837));
#1067=DIRECTION('',(0.766044443,0.,0.64278761));
#1068=VECTOR('',#1067,0.6);
#1069=LINE('',#1066,#1068);
#1070=EDGE_CURVE('',#1059,#1050,#1069,.T.);
#1071=ORIENTED_EDGE('',*,*,#1070,.T.);
#1072=EDGE_LOOP('',(#1056,#1057,#1065,#1071));
#1073=FACE_BOUND('',#1072,.T.);
#1074=ADVANCED_FACE('',(#1073),#1048,.F.);
#1075=CARTESIAN_POINT('',(-5.350767129,3.244541891,132.871139105));
#1076=DIRECTION('',(-0.,1.,-0.));
#1077=DIRECTION('',(-1.,-0.,0.));
#1078=AXIS2_PLACEMENT_3D('',#1075,#1076,#1077);
#1079=PLANE('',#1078);
#1080=CARTESIAN_POINT('',(-3.758046558,3.244541891,131.906442939));
#1081=VERTEX_POINT('',#1080);
#1082=CARTESIAN_POINT('',(-3.758046558,3.244541891,131.906442939));
#1083=DIRECTION('',(-0.64278761,-0.,0.766044443));
#1084=VECTOR('',#1083,3.525562372);
#1085=LINE('',#1082,#1084);
#1086=EDGE_CURVE('',#1081,#1050,#1085,.T.);
#1087=ORIENTED_EDGE('',*,*,#1086,.T.);
#1088=ORIENTED_EDGE('',*,*,#1070,.F.);
#1089=CARTESIAN_POINT('',(-4.217673224,3.244541891,131.520770373));
#1090=VERTEX_POINT('',#1089);
#1091=CARTESIAN_POINT('',(-4.217673224,3.244541891,131.520770373));
#1092=DIRECTION('',(-0.64278761,-0.,0.766044443));
#1093=VECTOR('',#1092,3.525562372);
#1094=LINE('',#1091,#1093);
#1095=EDGE_CURVE('',#1090,#1059,#1094,.T.);
#1096=ORIENTED_EDGE('',*,*,#1095,.F.);
#1097=CARTESIAN_POINT('',(-4.217673224,3.244541891,131.520770373));
#1098=DIRECTION('',(0.766044443,0.,0.64278761));
#1099=VECTOR('',#1098,0.6);
#1100=LINE('',#1097,#1099);
#1101=EDGE_CURVE('',#1090,#1081,#1100,.T.);
#1102=ORIENTED_EDGE('',*,*,#1101,.T.);
#1103=EDGE_LOOP('',(#1087,#1088,#1096,#1102));
#1104=FACE_BOUND('',#1103,.T.);
#1105=ADVANCED_FACE('',(#1104),#1079,.F.);
#1106=CARTESIAN_POINT('',(-4.217673224,3.509027236,131.520770373));
#1107=DIRECTION('',(-0.64278761,-0.,0.766044443));
#1108=DIRECTION('',(0.766044443,-0.,0.64278761));
#1109=AXIS2_PLACEMENT_3D('',#1106,#1107,#1108);
#1110=PLANE('',#1109);
#1111=CARTESIAN_POINT('',(-3.758046558,3.77351258,131.906442939));
#1112=VERTEX_POINT('',#1111);
#1113=CARTESIAN_POINT('',(-3.758046558,3.77351258,131.906442939));
#1114=DIRECTION('',(0.,-1.,0.));
#1115=VECTOR('',#1114,0.528970688);
#1116=LINE('',#1113,#1115);
#1117=EDGE_CURVE('',#1112,#1081,#1116,.T.);
#1118=ORIENTED_EDGE('',*,*,#1117,.T.);
#1119=ORIENTED_EDGE('',*,*,#1101,.F.);
#1120=CARTESIAN_POINT('',(-4.217673224,3.77351258,131.520770373));
#1121=VERTEX_POINT('',#1120);
#1122=CARTESIAN_POINT('',(-4.217673224,3.77351258,131.520770373));
#1123=DIRECTION('',(0.,-1.,0.));
#1124=VECTOR('',#1123,0.528970688);
#1125=LINE('',#1122,#1124);
#1126=EDGE_CURVE('',#1121,#1090,#1125,.T.);
#1127=ORIENTED_EDGE('',*,*,#1126,.F.);
#1128=CARTESIAN_POINT('',(-4.217673224,3.77351258,131.520770373));
#1129=DIRECTION('',(0.766044443,0.,0.64278761));
#1130=VECTOR('',#1129,0.6);
#1131=LINE('',#1128,#1130);
#1132=EDGE_CURVE('',#1121,#1112,#1131,.T.);
#1133=ORIENTED_EDGE('',*,*,#1132,.T.);
#1134=EDGE_LOOP('',(#1118,#1119,#1127,#1133));
#1135=FACE_BOUND('',#1134,.T.);
#1136=ADVANCED_FACE('',(#1135),#1110,.F.);
#1137=CARTESIAN_POINT('',(-5.350767129,3.77351258,132.871139105));
#1138=DIRECTION('',(0.,-1.,0.));
#1139=DIRECTION('',(1.,0.,0.));
#1140=AXIS2_PLACEMENT_3D('',#1137,#1138,#1139);
#1141=PLANE('',#1140);
#1142=CARTESIAN_POINT('',(-6.024234368,3.77351258,134.607180403));
#1143=VERTEX_POINT('',#1142);
#1144=CARTESIAN_POINT('',(-6.024234368,3.77351258,134.607180403));
#1145=DIRECTION('',(0.64278761,0.,-0.766044443));
#1146=VECTOR('',#1145,3.525562372);
#1147=LINE('',#1144,#1146);
#1148=EDGE_CURVE('',#1143,#1112,#1147,.T.);
#1149=ORIENTED_EDGE('',*,*,#1148,.T.);
#1150=ORIENTED_EDGE('',*,*,#1132,.F.);
#1151=CARTESIAN_POINT('',(-6.483861034,3.77351258,134.221507837));
#1152=VERTEX_POINT('',#1151);
#1153=CARTESIAN_POINT('',(-6.483861034,3.77351258,134.221507837));
#1154=DIRECTION('',(0.64278761,0.,-0.766044443));
#1155=VECTOR('',#1154,3.525562372);
#1156=LINE('',#1153,#1155);
#1157=EDGE_CURVE('',#1152,#1121,#1156,.T.);
#1158=ORIENTED_EDGE('',*,*,#1157,.F.);
#1159=CARTESIAN_POINT('',(-6.483861034,3.77351258,134.221507837));
#1160=DIRECTION('',(0.766044443,0.,0.64278761));
#1161=VECTOR('',#1160,0.6);
#1162=LINE('',#1159,#1161);
#1163=EDGE_CURVE('',#1152,#1143,#1162,.T.);
#1164=ORIENTED_EDGE('',*,*,#1163,.T.);
#1165=EDGE_LOOP('',(#1149,#1150,#1158,#1164));
#1166=FACE_BOUND('',#1165,.T.);
#1167=ADVANCED_FACE('',(#1166),#1141,.F.);
#1168=CARTESIAN_POINT('',(-6.483861034,4.43472594,134.221507837));
#1169=DIRECTION('',(-0.64278761,-0.,0.766044443));
#1170=DIRECTION('',(0.766044443,-0.,0.64278761));
#1171=AXIS2_PLACEMENT_3D('',#1168,#1169,#1170);
#1172=PLANE('',#1171);
#1173=CARTESIAN_POINT('',(-6.024234368,5.095939301,134.607180403));
#1174=DIRECTION('',(0.,-1.,0.));
#1175=VECTOR('',#1174,1.322426721);
#1176=LINE('',#1173,#1175);
#1177=EDGE_CURVE('',#950,#1143,#1176,.T.);
#1178=ORIENTED_EDGE('',*,*,#1177,.T.);
#1179=ORIENTED_EDGE('',*,*,#1163,.F.);
#1180=CARTESIAN_POINT('',(-6.483861034,5.095939301,134.221507837));
#1181=DIRECTION('',(0.,-1.,0.));
#1182=VECTOR('',#1181,1.322426721);
#1183=LINE('',#1180,#1182);
#1184=EDGE_CURVE('',#958,#1152,#1183,.T.);
#1185=ORIENTED_EDGE('',*,*,#1184,.F.);
#1186=ORIENTED_EDGE('',*,*,#963,.T.);
#1187=EDGE_LOOP('',(#1178,#1179,#1185,#1186));
#1188=FACE_BOUND('',#1187,.T.);
#1189=ADVANCED_FACE('',(#1188),#1172,.F.);
#1190=CARTESIAN_POINT('',(62.286304926,0.,52.264415491));
#1191=DIRECTION('',(0.766044443,0.,0.64278761));
#1192=DIRECTION('',(-0.,1.,-0.));
#1193=AXIS2_PLACEMENT_3D('',#1190,#1191,#1192);
#1194=PLANE('',#1193);
#1195=ORIENTED_EDGE('',*,*,#971,.T.);
#1196=ORIENTED_EDGE('',*,*,#1184,.T.);
#1197=ORIENTED_EDGE('',*,*,#1157,.T.);
#1198=ORIENTED_EDGE('',*,*,#1126,.T.);
#1199=ORIENTED_EDGE('',*,*,#1095,.T.);
#1200=ORIENTED_EDGE('',*,*,#1064,.T.);
#1201=ORIENTED_EDGE('',*,*,#1033,.T.);
#1202=ORIENTED_EDGE('',*,*,#1002,.T.);
#1203=EDGE_LOOP('',(#1195,#1196,#1197,#1198,#1199,#1200,#1201,#1202));
#1204=FACE_BOUND('',#1203,.T.);
#1205=ADVANCED_FACE('',(#1204),#1194,.F.);
#1206=CARTESIAN_POINT('',(62.745931592,0.,52.650088057));
#1207=DIRECTION('',(0.766044443,0.,0.64278761));
#1208=DIRECTION('',(-0.,1.,-0.));
#1209=AXIS2_PLACEMENT_3D('',#1206,#1207,#1208);
#1210=PLANE('',#1209);
#1211=ORIENTED_EDGE('',*,*,#955,.F.);
#1212=ORIENTED_EDGE('',*,*,#993,.F.);
#1213=ORIENTED_EDGE('',*,*,#1024,.F.);
#1214=ORIENTED_EDGE('',*,*,#1055,.F.);
#1215=ORIENTED_EDGE('',*,*,#1086,.F.);
#1216=ORIENTED_EDGE('',*,*,#1117,.F.);
#1217=ORIENTED_EDGE('',*,*,#1148,.F.);
#1218=ORIENTED_EDGE('',*,*,#1177,.F.);
#1219=EDGE_LOOP('',(#1211,#1212,#1213,#1214,#1215,#1216,#1217,#1218));
#1220=FACE_BOUND('',#1219,.T.);
#1221=ADVANCED_FACE('',(#1220),#1210,.T.);
#1222=OVER_RIDING_STYLED_ITEM('',(#514),#1221,#941);
#1223=CLOSED_SHELL('',(#981,#1012,#1043,#1074,#1105,#1136,#1167,#1189,#1205,#1221));
#1224=MANIFOLD_SOLID_BREP('Corps 17',#1223);
#941=STYLED_ITEM('',(#524),#1224);
#1226=CARTESIAN_POINT('',(3.817169668,-12.891956374,121.945217491));
#1227=CARTESIAN_POINT('',(4.276796334,-12.891956374,122.330890057));
#1228=CARTESIAN_POINT('',(3.848717526,-12.597477846,121.907620218));
#1229=CARTESIAN_POINT('',(4.308344192,-12.597477846,122.293292784));
#1230=CARTESIAN_POINT('',(3.937226795,-12.398432175,121.802138979));
#1231=CARTESIAN_POINT('',(4.39685346,-12.398432175,122.187811545));
#1232=CARTESIAN_POINT('',(4.025736063,-12.199386503,121.69665774));
#1233=CARTESIAN_POINT('',(4.485362729,-12.199386503,122.082330306));
#1234=CARTESIAN_POINT('',(4.185228013,-12.078050443,121.506582636));
#1235=CARTESIAN_POINT('',(4.644854679,-12.078050443,121.892255202));
#1236=CARTESIAN_POINT('',(4.344719962,-11.956714383,121.316507532));
#1237=CARTESIAN_POINT('',(4.804346628,-11.956714383,121.702180098));
#1238=CARTESIAN_POINT('',(4.53575977,-11.956714383,121.088835155));
#1239=CARTESIAN_POINT('',(4.995386436,-11.956714383,121.474507721));
#1240=CARTESIAN_POINT('',(4.863506963,-11.956714383,120.698241261));
#1241=CARTESIAN_POINT('',(5.323133629,-11.956714383,121.083913826));
#1242=CARTESIAN_POINT('',(5.090476276,-12.281186094,120.427749767));
#1243=CARTESIAN_POINT('',(5.550102942,-12.281186094,120.813422333));
#1244=CARTESIAN_POINT('',(5.317445588,-12.605657805,120.157258273));
#1245=CARTESIAN_POINT('',(5.777072254,-12.605657805,120.542930839));
#1246=CARTESIAN_POINT('',(5.317445588,-13.453646898,120.157258273));
#1247=CARTESIAN_POINT('',(5.777072254,-13.453646898,120.542930839));
#1248=B_SPLINE_SURFACE_WITH_KNOTS('',2,1,((#1226,#1227),(#1228,#1229),(#1230,#1231),(#1232,#1233),(#1234,#1235),(#1236,#1237),(#1238,#1239),(#1240,#1241),(#1242,#1243),(#1244,#1245),(#1246,#1247)),.UNSPECIFIED.,.F.,.F.,.U.,(3,2,2,2,2,3),(2,2),(0.100027082,0.23996581,0.379904537,0.519843265,0.759921632,1.),(0.,1.),.UNSPECIFIED.);
#1249=CARTESIAN_POINT('',(4.276796334,-12.891956374,122.330890057));
#1250=VERTEX_POINT('',#1249);
#1251=CARTESIAN_POINT('',(5.777072254,-13.453646898,120.542930839));
#1252=VERTEX_POINT('',#1251);
#1253=CARTESIAN_POINT('',(4.276796334,-12.891956374,122.330890057));
#1254=CARTESIAN_POINT('',(4.308344192,-12.597477846,122.293292784));
#1255=CARTESIAN_POINT('',(4.39685346,-12.398432175,122.187811545));
#1256=CARTESIAN_POINT('',(4.485362729,-12.199386503,122.082330306));
#1257=CARTESIAN_POINT('',(4.644854679,-12.078050443,121.892255202));
#1258=CARTESIAN_POINT('',(4.804346628,-11.956714383,121.702180098));
#1259=CARTESIAN_POINT('',(4.995386436,-11.956714383,121.474507721));
#1260=CARTESIAN_POINT('',(5.323133629,-11.956714383,121.083913826));
#1261=CARTESIAN_POINT('',(5.550102942,-12.281186094,120.813422333));
#1262=CARTESIAN_POINT('',(5.777072254,-12.605657805,120.542930839));
#1263=CARTESIAN_POINT('',(5.777072254,-13.453646898,120.542930839));
#1264=B_SPLINE_CURVE_WITH_KNOTS('',2,(#1253,#1254,#1255,#1256,#1257,#1258,#1259,#1260,#1261,#1262,#1263),.UNSPECIFIED.,.F.,.F.,(3,2,2,2,2,3),(0.100027082,0.23996581,0.379904537,0.519843265,0.759921632,1.),.UNSPECIFIED.);
#1265=EDGE_CURVE('',#1250,#1252,#1264,.T.);
#1266=ORIENTED_EDGE('',*,*,#1265,.T.);
#1267=CARTESIAN_POINT('',(5.317445588,-13.453646898,120.157258273));
#1268=VERTEX_POINT('',#1267);
#1269=CARTESIAN_POINT('',(5.317445588,-13.453646898,120.157258273));
#1270=DIRECTION('',(0.766044443,0.,0.64278761));
#1271=VECTOR('',#1270,0.6);
#1272=LINE('',#1269,#1271);
#1273=EDGE_CURVE('',#1268,#1252,#1272,.T.);
#1274=ORIENTED_EDGE('',*,*,#1273,.F.);
#1275=CARTESIAN_POINT('',(3.817169668,-12.891956374,121.945217491));
#1276=VERTEX_POINT('',#1275);
#1277=CARTESIAN_POINT('',(3.817169668,-12.891956374,121.945217491));
#1278=CARTESIAN_POINT('',(3.848717526,-12.597477846,121.907620218));
#1279=CARTESIAN_POINT('',(3.937226795,-12.398432175,121.802138979));
#1280=CARTESIAN_POINT('',(4.025736063,-12.199386503,121.69665774));
#1281=CARTESIAN_POINT('',(4.185228013,-12.078050443,121.506582636));
#1282=CARTESIAN_POINT('',(4.344719962,-11.956714383,121.316507532));
#1283=CARTESIAN_POINT('',(4.53575977,-11.956714383,121.088835155));
#1284=CARTESIAN_POINT('',(4.863506963,-11.956714383,120.698241261));
#1285=CARTESIAN_POINT('',(5.090476276,-12.281186094,120.427749767));
#1286=CARTESIAN_POINT('',(5.317445588,-12.605657805,120.157258273));
#1287=CARTESIAN_POINT('',(5.317445588,-13.453646898,120.157258273));
#1288=B_SPLINE_CURVE_WITH_KNOTS('',2,(#1277,#1278,#1279,#1280,#1281,#1282,#1283,#1284,#1285,#1286,#1287),.UNSPECIFIED.,.F.,.F.,(3,2,2,2,2,3),(0.100027082,0.23996581,0.379904537,0.519843265,0.759921632,1.),.UNSPECIFIED.);
#1289=EDGE_CURVE('',#1276,#1268,#1288,.T.);
#1290=ORIENTED_EDGE('',*,*,#1289,.F.);
#1291=CARTESIAN_POINT('',(3.817169668,-12.891956374,121.945217491));
#1292=DIRECTION('',(0.766044443,0.,0.64278761));
#1293=VECTOR('',#1292,0.6);
#1294=LINE('',#1291,#1293);
#1295=EDGE_CURVE('',#1276,#1250,#1294,.T.);
#1296=ORIENTED_EDGE('',*,*,#1295,.T.);
#1297=EDGE_LOOP('',(#1266,#1274,#1290,#1296));
#1298=FACE_BOUND('',#1297,.T.);
#1299=ADVANCED_FACE('',(#1298),#1248,.F.);
#1300=CARTESIAN_POINT('',(3.792632445,-13.5,121.974459815));
#1301=CARTESIAN_POINT('',(4.252259111,-13.5,122.360132381));
#1302=CARTESIAN_POINT('',(3.792632445,-13.101908657,121.974459815));
#1303=CARTESIAN_POINT('',(4.252259111,-13.101908657,122.360132381));
#1304=CARTESIAN_POINT('',(3.817169668,-12.891956374,121.945217491));
#1305=CARTESIAN_POINT('',(4.276796334,-12.891956374,122.330890057));
#1306=B_SPLINE_SURFACE_WITH_KNOTS('',2,1,((#1300,#1301),(#1302,#1303),(#1304,#1305)),.UNSPECIFIED.,.F.,.F.,.U.,(3,3),(2,2),(0.,0.100027082),(0.,1.),.UNSPECIFIED.);
#1307=CARTESIAN_POINT('',(4.252259111,-13.5,122.360132381));
#1308=VERTEX_POINT('',#1307);
#1309=CARTESIAN_POINT('',(4.252259111,-13.5,122.360132381));
#1310=CARTESIAN_POINT('',(4.252259111,-13.101908657,122.360132381));
#1311=CARTESIAN_POINT('',(4.276796334,-12.891956374,122.330890057));
#1312=B_SPLINE_CURVE_WITH_KNOTS('',2,(#1309,#1310,#1311),.UNSPECIFIED.,.F.,.F.,(3,3),(0.,0.100027082),.UNSPECIFIED.);
#1313=EDGE_CURVE('',#1308,#1250,#1312,.T.);
#1314=ORIENTED_EDGE('',*,*,#1313,.T.);
#1315=ORIENTED_EDGE('',*,*,#1295,.F.);
#1316=CARTESIAN_POINT('',(3.792632445,-13.5,121.974459815));
#1317=VERTEX_POINT('',#1316);
#1318=CARTESIAN_POINT('',(3.792632445,-13.5,121.974459815));
#1319=CARTESIAN_POINT('',(3.792632445,-13.101908657,121.974459815));
#1320=CARTESIAN_POINT('',(3.817169668,-12.891956374,121.945217491));
#1321=B_SPLINE_CURVE_WITH_KNOTS('',2,(#1318,#1319,#1320),.UNSPECIFIED.,.F.,.F.,(3,3),(0.,0.100027082),.UNSPECIFIED.);
#1322=EDGE_CURVE('',#1317,#1276,#1321,.T.);
#1323=ORIENTED_EDGE('',*,*,#1322,.F.);
#1324=CARTESIAN_POINT('',(3.792632445,-13.5,121.974459815));
#1325=DIRECTION('',(0.766044443,0.,0.64278761));
#1326=VECTOR('',#1325,0.6);
#1327=LINE('',#1324,#1326);
#1328=EDGE_CURVE('',#1317,#1308,#1327,.T.);
#1329=ORIENTED_EDGE('',*,*,#1328,.T.);
#1330=EDGE_LOOP('',(#1314,#1315,#1323,#1329));
#1331=FACE_BOUND('',#1330,.T.);
#1332=ADVANCED_FACE('',(#1331),#1306,.F.);
#1333=CARTESIAN_POINT('',(3.792632445,-14.253919564,121.974459815));
#1334=DIRECTION('',(0.64278761,0.,-0.766044443));
#1335=DIRECTION('',(-0.766044443,0.,-0.64278761));
#1336=AXIS2_PLACEMENT_3D('',#1333,#1334,#1335);
#1337=PLANE('',#1336);
#1338=CARTESIAN_POINT('',(4.252259111,-15.007839127,122.360132381));
#1339=VERTEX_POINT('',#1338);
#1340=CARTESIAN_POINT('',(4.252259111,-15.007839127,122.360132381));
#1341=DIRECTION('',(-0.,1.,-0.));
#1342=VECTOR('',#1341,1.507839127);
#1343=LINE('',#1340,#1342);
#1344=EDGE_CURVE('',#1339,#1308,#1343,.T.);
#1345=ORIENTED_EDGE('',*,*,#1344,.T.);
#1346=ORIENTED_EDGE('',*,*,#1328,.F.);
#1347=CARTESIAN_POINT('',(3.792632445,-15.007839127,121.974459815));
#1348=VERTEX_POINT('',#1347);
#1349=CARTESIAN_POINT('',(3.792632445,-15.007839127,121.974459815));
#1350=DIRECTION('',(-0.,1.,-0.));
#1351=VECTOR('',#1350,1.507839127);
#1352=LINE('',#1349,#1351);
#1353=EDGE_CURVE('',#1348,#1317,#1352,.T.);
#1354=ORIENTED_EDGE('',*,*,#1353,.F.);
#1355=CARTESIAN_POINT('',(3.792632445,-15.007839127,121.974459815));
#1356=DIRECTION('',(0.766044443,0.,0.64278761));
#1357=VECTOR('',#1356,0.6);
#1358=LINE('',#1355,#1357);
#1359=EDGE_CURVE('',#1348,#1339,#1358,.T.);
#1360=ORIENTED_EDGE('',*,*,#1359,.T.);
#1361=EDGE_LOOP('',(#1345,#1346,#1354,#1360));
#1362=FACE_BOUND('',#1361,.T.);
#1363=ADVANCED_FACE('',(#1362),#1337,.F.);
#1364=CARTESIAN_POINT('',(5.077331335,-15.007839127,120.443415297));
#1365=DIRECTION('',(-0.,1.,-0.));
#1366=DIRECTION('',(-1.,-0.,0.));
#1367=AXIS2_PLACEMENT_3D('',#1364,#1365,#1366);
#1368=PLANE('',#1367);
#1369=CARTESIAN_POINT('',(6.821656891,-15.007839127,119.298043346));
#1370=VERTEX_POINT('',#1369);
#1371=CARTESIAN_POINT('',(6.821656891,-15.007839127,119.298043346));
#1372=DIRECTION('',(-0.64278761,-0.,0.766044443));
#1373=VECTOR('',#1372,3.997273347);
#1374=LINE('',#1371,#1373);
#1375=EDGE_CURVE('',#1370,#1339,#1374,.T.);
#1376=ORIENTED_EDGE('',*,*,#1375,.T.);
#1377=ORIENTED_EDGE('',*,*,#1359,.F.);
#1378=CARTESIAN_POINT('',(6.362030225,-15.007839127,118.91237078));
#1379=VERTEX_POINT('',#1378);
#1380=CARTESIAN_POINT('',(6.362030225,-15.007839127,118.91237078));
#1381=DIRECTION('',(-0.64278761,-0.,0.766044443));
#1382=VECTOR('',#1381,3.997273347);
#1383=LINE('',#1380,#1382);
#1384=EDGE_CURVE('',#1379,#1348,#1383,.T.);
#1385=ORIENTED_EDGE('',*,*,#1384,.F.);
#1386=CARTESIAN_POINT('',(6.362030225,-15.007839127,118.91237078));
#1387=DIRECTION('',(0.766044443,0.,0.64278761));
#1388=VECTOR('',#1387,0.6);
#1389=LINE('',#1386,#1388);
#1390=EDGE_CURVE('',#1379,#1370,#1389,.T.);
#1391=ORIENTED_EDGE('',*,*,#1390,.T.);
#1392=EDGE_LOOP('',(#1376,#1377,#1385,#1391));
#1393=FACE_BOUND('',#1392,.T.);
#1394=ADVANCED_FACE('',(#1393),#1368,.F.);
#1395=CARTESIAN_POINT('',(6.362030225,-14.743353783,118.91237078));
#1396=DIRECTION('',(-0.64278761,-0.,0.766044443));
#1397=DIRECTION('',(0.766044443,0.,0.64278761));
#1398=AXIS2_PLACEMENT_3D('',#1395,#1396,#1397);
#1399=PLANE('',#1398);
#1400=CARTESIAN_POINT('',(6.821656891,-14.478868439,119.298043346));
#1401=VERTEX_POINT('',#1400);
#1402=CARTESIAN_POINT('',(6.821656891,-14.478868439,119.298043346));
#1403=DIRECTION('',(0.,-1.,-0.));
#1404=VECTOR('',#1403,0.528970688);
#1405=LINE('',#1402,#1404);
#1406=EDGE_CURVE('',#1401,#1370,#1405,.T.);
#1407=ORIENTED_EDGE('',*,*,#1406,.T.);
#1408=ORIENTED_EDGE('',*,*,#1390,.F.);
#1409=CARTESIAN_POINT('',(6.362030225,-14.478868439,118.91237078));
#1410=VERTEX_POINT('',#1409);
#1411=CARTESIAN_POINT('',(6.362030225,-14.478868439,118.91237078));
#1412=DIRECTION('',(0.,-1.,-0.));
#1413=VECTOR('',#1412,0.528970688);
#1414=LINE('',#1411,#1413);
#1415=EDGE_CURVE('',#1410,#1379,#1414,.T.);
#1416=ORIENTED_EDGE('',*,*,#1415,.F.);
#1417=CARTESIAN_POINT('',(6.362030225,-14.478868439,118.91237078));
#1418=DIRECTION('',(0.766044443,0.,0.64278761));
#1419=VECTOR('',#1418,0.6);
#1420=LINE('',#1417,#1419);
#1421=EDGE_CURVE('',#1410,#1401,#1420,.T.);
#1422=ORIENTED_EDGE('',*,*,#1421,.T.);
#1423=EDGE_LOOP('',(#1407,#1408,#1416,#1422));
#1424=FACE_BOUND('',#1423,.T.);
#1425=ADVANCED_FACE('',(#1424),#1399,.F.);
#1426=CARTESIAN_POINT('',(5.839737907,-14.478868439,119.534814526));
#1427=DIRECTION('',(0.,-1.,0.));
#1428=DIRECTION('',(1.,0.,0.));
#1429=AXIS2_PLACEMENT_3D('',#1426,#1427,#1428);
#1430=PLANE('',#1429);
#1431=CARTESIAN_POINT('',(5.777072254,-14.478868439,120.542930839));
#1432=VERTEX_POINT('',#1431);
#1433=CARTESIAN_POINT('',(5.777072254,-14.478868439,120.542930839));
#1434=DIRECTION('',(0.64278761,-0.,-0.766044443));
#1435=VECTOR('',#1434,1.625085208);
#1436=LINE('',#1433,#1435);
#1437=EDGE_CURVE('',#1432,#1401,#1436,.T.);
#1438=ORIENTED_EDGE('',*,*,#1437,.T.);
#1439=ORIENTED_EDGE('',*,*,#1421,.F.);
#1440=CARTESIAN_POINT('',(5.317445588,-14.478868439,120.157258273));
#1441=VERTEX_POINT('',#1440);
#1442=CARTESIAN_POINT('',(5.317445588,-14.478868439,120.157258273));
#1443=DIRECTION('',(0.64278761,-0.,-0.766044443));
#1444=VECTOR('',#1443,1.625085208);
#1445=LINE('',#1442,#1444);
#1446=EDGE_CURVE('',#1441,#1410,#1445,.T.);
#1447=ORIENTED_EDGE('',*,*,#1446,.F.);
#1448=CARTESIAN_POINT('',(5.317445588,-14.478868439,120.157258273));
#1449=DIRECTION('',(0.766044443,0.,0.64278761));
#1450=VECTOR('',#1449,0.6);
#1451=LINE('',#1448,#1450);
#1452=EDGE_CURVE('',#1441,#1432,#1451,.T.);
#1453=ORIENTED_EDGE('',*,*,#1452,.T.);
#1454=EDGE_LOOP('',(#1438,#1439,#1447,#1453));
#1455=FACE_BOUND('',#1454,.T.);
#1456=ADVANCED_FACE('',(#1455),#1430,.F.);
#1457=CARTESIAN_POINT('',(5.014235618,-13.445466939,120.518609844));
#1458=CARTESIAN_POINT('',(5.473862284,-13.445466939,120.90428241));
#1459=CARTESIAN_POINT('',(5.014235618,-12.932856169,120.518609844));
#1460=CARTESIAN_POINT('',(5.473862284,-12.932856169,120.90428241));
#1461=CARTESIAN_POINT('',(4.891549503,-12.717450579,120.664821462));
#1462=CARTESIAN_POINT('',(5.351176169,-12.717450579,121.050494028));
#1463=CARTESIAN_POINT('',(4.768863388,-12.50204499,120.811033081));
#1464=CARTESIAN_POINT('',(5.228490054,-12.50204499,121.196705646));
#1465=CARTESIAN_POINT('',(4.546275723,-12.50204499,121.076302731));
#1466=CARTESIAN_POINT('',(5.005902389,-12.50204499,121.461975297));
#1467=CARTESIAN_POINT('',(4.385031114,-12.50204499,121.268466572));
#1468=CARTESIAN_POINT('',(4.84465778,-12.50204499,121.654139138));
#1469=CARTESIAN_POINT('',(4.270231964,-12.628834356,121.405278872));
#1470=CARTESIAN_POINT('',(4.72985863,-12.628834356,121.790951438));
#1471=CARTESIAN_POINT('',(4.155432813,-12.755623722,121.542091172));
#1472=CARTESIAN_POINT('',(4.615059479,-12.755623722,121.927763738));
#1473=CARTESIAN_POINT('',(4.118626979,-12.962849352,121.585954658));
#1474=CARTESIAN_POINT('',(4.578253645,-12.962849352,121.971627223));
#1475=B_SPLINE_SURFACE_WITH_KNOTS('',2,1,((#1457,#1458),(#1459,#1460),(#1461,#1462),(#1463,#1464),(#1465,#1466),(#1467,#1468),(#1469,#1470),(#1471,#1472),(#1473,#1474)),.UNSPECIFIED.,.F.,.F.,.U.,(3,2,2,2,3),(2,2),(0.,0.255455455,0.510910911,0.695965257,0.881019602),(0.,1.),.UNSPECIFIED.);
#1476=CARTESIAN_POINT('',(5.473862284,-13.445466939,120.90428241));
#1477=VERTEX_POINT('',#1476);
#1478=CARTESIAN_POINT('',(4.578253645,-12.962849352,121.971627223));
#1479=VERTEX_POINT('',#1478);
#1480=CARTESIAN_POINT('',(5.473862284,-13.445466939,120.90428241));
#1481=CARTESIAN_POINT('',(5.473862284,-12.932856169,120.90428241));
#1482=CARTESIAN_POINT('',(5.351176169,-12.717450579,121.050494028));
#1483=CARTESIAN_POINT('',(5.228490054,-12.50204499,121.196705646));
#1484=CARTESIAN_POINT('',(5.005902389,-12.50204499,121.461975297));
#1485=CARTESIAN_POINT('',(4.84465778,-12.50204499,121.654139138));
#1486=CARTESIAN_POINT('',(4.72985863,-12.628834356,121.790951438));
#1487=CARTESIAN_POINT('',(4.615059479,-12.755623722,121.927763738));
#1488=CARTESIAN_POINT('',(4.578253645,-12.962849352,121.971627223));
#1489=B_SPLINE_CURVE_WITH_KNOTS('',2,(#1480,#1481,#1482,#1483,#1484,#1485,#1486,#1487,#1488),.UNSPECIFIED.,.F.,.F.,(3,2,2,2,3),(0.,0.255455455,0.510910911,0.695965257,0.881019602),.UNSPECIFIED.);
#1490=EDGE_CURVE('',#1477,#1479,#1489,.T.);
#1491=ORIENTED_EDGE('',*,*,#1490,.T.);
#1492=CARTESIAN_POINT('',(4.118626979,-12.962849352,121.585954658));
#1493=VERTEX_POINT('',#1492);
#1494=CARTESIAN_POINT('',(4.118626979,-12.962849352,121.585954658));
#1495=DIRECTION('',(0.766044443,0.,0.64278761));
#1496=VECTOR('',#1495,0.6);
#1497=LINE('',#1494,#1496);
#1498=EDGE_CURVE('',#1493,#1479,#1497,.T.);
#1499=ORIENTED_EDGE('',*,*,#1498,.F.);
#1500=CARTESIAN_POINT('',(5.014235618,-13.445466939,120.518609844));
#1501=VERTEX_POINT('',#1500);
#1502=CARTESIAN_POINT('',(5.014235618,-13.445466939,120.518609844));
#1503=CARTESIAN_POINT('',(5.014235618,-12.932856169,120.518609844));
#1504=CARTESIAN_POINT('',(4.891549503,-12.717450579,120.664821462));
#1505=CARTESIAN_POINT('',(4.768863388,-12.50204499,120.811033081));
#1506=CARTESIAN_POINT('',(4.546275723,-12.50204499,121.076302731));
#1507=CARTESIAN_POINT('',(4.385031114,-12.50204499,121.268466572));
#1508=CARTESIAN_POINT('',(4.270231964,-12.628834356,121.405278872));
#1509=CARTESIAN_POINT('',(4.155432813,-12.755623722,121.542091172));
#1510=CARTESIAN_POINT('',(4.118626979,-12.962849352,121.585954658));
#1511=B_SPLINE_CURVE_WITH_KNOTS('',2,(#1502,#1503,#1504,#1505,#1506,#1507,#1508,#1509,#1510),.UNSPECIFIED.,.F.,.F.,(3,2,2,2,3),(0.,0.255455455,0.510910911,0.695965257,0.881019602),.UNSPECIFIED.);
#1512=EDGE_CURVE('',#1501,#1493,#1511,.T.);
#1513=ORIENTED_EDGE('',*,*,#1512,.F.);
#1514=CARTESIAN_POINT('',(5.014235618,-13.445466939,120.518609844));
#1515=DIRECTION('',(0.766044443,0.,0.64278761));
#1516=VECTOR('',#1515,0.6);
#1517=LINE('',#1514,#1516);
#1518=EDGE_CURVE('',#1501,#1477,#1517,.T.);
#1519=ORIENTED_EDGE('',*,*,#1518,.T.);
#1520=EDGE_LOOP('',(#1491,#1499,#1513,#1519));
#1521=FACE_BOUND('',#1520,.T.);
#1522=ADVANCED_FACE('',(#1521),#1475,.F.);
#1523=CARTESIAN_POINT('',(5.014235618,-13.962167689,120.518609844));
#1524=DIRECTION('',(0.64278761,0.,-0.766044443));
#1525=DIRECTION('',(-0.766044443,0.,-0.64278761));
#1526=AXIS2_PLACEMENT_3D('',#1523,#1524,#1525);
#1527=PLANE('',#1526);
#1528=CARTESIAN_POINT('',(5.473862284,-14.478868439,120.90428241));
#1529=VERTEX_POINT('',#1528);
#1530=CARTESIAN_POINT('',(5.473862284,-14.478868439,120.90428241));
#1531=DIRECTION('',(-0.,1.,-0.));
#1532=VECTOR('',#1531,1.0334015);
#1533=LINE('',#1530,#1532);
#1534=EDGE_CURVE('',#1529,#1477,#1533,.T.);
#1535=ORIENTED_EDGE('',*,*,#1534,.T.);
#1536=ORIENTED_EDGE('',*,*,#1518,.F.);
#1537=CARTESIAN_POINT('',(5.014235618,-14.478868439,120.518609844));
#1538=VERTEX_POINT('',#1537);
#1539=CARTESIAN_POINT('',(5.014235618,-14.478868439,120.518609844));
#1540=DIRECTION('',(-0.,1.,-0.));
#1541=VECTOR('',#1540,1.0334015);
#1542=LINE('',#1539,#1541);
#1543=EDGE_CURVE('',#1538,#1501,#1542,.T.);
#1544=ORIENTED_EDGE('',*,*,#1543,.F.);
#1545=CARTESIAN_POINT('',(5.014235618,-14.478868439,120.518609844));
#1546=DIRECTION('',(0.766044443,0.,0.64278761));
#1547=VECTOR('',#1546,0.6);
#1548=LINE('',#1545,#1547);
#1549=EDGE_CURVE('',#1538,#1529,#1548,.T.);
#1550=ORIENTED_EDGE('',*,*,#1549,.T.);
#1551=EDGE_LOOP('',(#1535,#1536,#1544,#1550));
#1552=FACE_BOUND('',#1551,.T.);
#1553=ADVANCED_FACE('',(#1552),#1527,.F.);
#1554=CARTESIAN_POINT('',(4.555039017,-14.478868439,121.065859044));
#1555=DIRECTION('',(0.,-1.,0.));
#1556=DIRECTION('',(1.,0.,0.));
#1557=AXIS2_PLACEMENT_3D('',#1554,#1555,#1556);
#1558=PLANE('',#1557);
#1559=CARTESIAN_POINT('',(4.555469081,-14.478868439,121.99878081));
#1560=VERTEX_POINT('',#1559);
#1561=CARTESIAN_POINT('',(4.555469081,-14.478868439,121.99878081));
#1562=DIRECTION('',(0.64278761,0.,-0.766044443));
#1563=VECTOR('',#1562,1.42876619);
#1564=LINE('',#1561,#1563);
#1565=EDGE_CURVE('',#1560,#1529,#1564,.T.);
#1566=ORIENTED_EDGE('',*,*,#1565,.T.);
#1567=ORIENTED_EDGE('',*,*,#1549,.F.);
#1568=CARTESIAN_POINT('',(4.095842415,-14.478868439,121.613108244));
#1569=VERTEX_POINT('',#1568);
#1570=CARTESIAN_POINT('',(4.095842415,-14.478868439,121.613108244));
#1571=DIRECTION('',(0.64278761,0.,-0.766044443));
#1572=VECTOR('',#1571,1.42876619);
#1573=LINE('',#1570,#1572);
#1574=EDGE_CURVE('',#1569,#1538,#1573,.T.);
#1575=ORIENTED_EDGE('',*,*,#1574,.F.);
#1576=CARTESIAN_POINT('',(4.095842415,-14.478868439,121.613108244));
#1577=DIRECTION('',(0.766044443,0.,0.64278761));
#1578=VECTOR('',#1577,0.6);
#1579=LINE('',#1576,#1578);
#1580=EDGE_CURVE('',#1569,#1560,#1579,.T.);
#1581=ORIENTED_EDGE('',*,*,#1580,.T.);
#1582=EDGE_LOOP('',(#1566,#1567,#1575,#1581));
#1583=FACE_BOUND('',#1582,.T.);
#1584=ADVANCED_FACE('',(#1583),#1558,.F.);
#1585=CARTESIAN_POINT('',(4.095842415,-13.967620995,121.613108244));
#1586=DIRECTION('',(-0.64278761,-0.,0.766044443));
#1587=DIRECTION('',(0.766044443,-0.,0.64278761));
#1588=AXIS2_PLACEMENT_3D('',#1585,#1586,#1587);
#1589=PLANE('',#1588);
#1590=CARTESIAN_POINT('',(4.555469081,-13.456373551,121.99878081));
#1591=VERTEX_POINT('',#1590);
#1592=CARTESIAN_POINT('',(4.555469081,-13.456373551,121.99878081));
#1593=DIRECTION('',(0.,-1.,0.));
#1594=VECTOR('',#1593,1.022494888);
#1595=LINE('',#1592,#1594);
#1596=EDGE_CURVE('',#1591,#1560,#1595,.T.);
#1597=ORIENTED_EDGE('',*,*,#1596,.T.);
#1598=ORIENTED_EDGE('',*,*,#1580,.F.);
#1599=CARTESIAN_POINT('',(4.095842415,-13.456373551,121.613108244));
#1600=VERTEX_POINT('',#1599);
#1601=CARTESIAN_POINT('',(4.095842415,-13.456373551,121.613108244));
#1602=DIRECTION('',(0.,-1.,0.));
#1603=VECTOR('',#1602,1.022494888);
#1604=LINE('',#1601,#1603);
#1605=EDGE_CURVE('',#1600,#1569,#1604,.T.);
#1606=ORIENTED_EDGE('',*,*,#1605,.F.);
#1607=CARTESIAN_POINT('',(4.095842415,-13.456373551,121.613108244));
#1608=DIRECTION('',(0.766044443,0.,0.64278761));
#1609=VECTOR('',#1608,0.6);
#1610=LINE('',#1607,#1609);
#1611=EDGE_CURVE('',#1600,#1591,#1610,.T.);
#1612=ORIENTED_EDGE('',*,*,#1611,.T.);
#1613=EDGE_LOOP('',(#1597,#1598,#1606,#1612));
#1614=FACE_BOUND('',#1613,.T.);
#1615=ADVANCED_FACE('',(#1614),#1589,.F.);
#1616=CARTESIAN_POINT('',(4.118626979,-12.962849352,121.585954658));
#1617=CARTESIAN_POINT('',(4.578253645,-12.962849352,121.971627223));
#1618=CARTESIAN_POINT('',(4.095842415,-13.096455351,121.613108244));
#1619=CARTESIAN_POINT('',(4.555469081,-13.096455351,121.99878081));
#1620=CARTESIAN_POINT('',(4.095842415,-13.456373551,121.613108244));
#1621=CARTESIAN_POINT('',(4.555469081,-13.456373551,121.99878081));
#1622=B_SPLINE_SURFACE_WITH_KNOTS('',2,1,((#1616,#1617),(#1618,#1619),(#1620,#1621)),.UNSPECIFIED.,.F.,.F.,.U.,(3,3),(2,2),(0.881019602,1.),(0.,1.),.UNSPECIFIED.);
#1623=CARTESIAN_POINT('',(4.578253645,-12.962849352,121.971627223));
#1624=CARTESIAN_POINT('',(4.555469081,-13.096455351,121.99878081));
#1625=CARTESIAN_POINT('',(4.555469081,-13.456373551,121.99878081));
#1626=B_SPLINE_CURVE_WITH_KNOTS('',2,(#1623,#1624,#1625),.UNSPECIFIED.,.F.,.F.,(3,3),(0.881019602,1.),.UNSPECIFIED.);
#1627=EDGE_CURVE('',#1479,#1591,#1626,.T.);
#1628=ORIENTED_EDGE('',*,*,#1627,.T.);
#1629=ORIENTED_EDGE('',*,*,#1611,.F.);
#1630=CARTESIAN_POINT('',(4.118626979,-12.962849352,121.585954658));
#1631=CARTESIAN_POINT('',(4.095842415,-13.096455351,121.613108244));
#1632=CARTESIAN_POINT('',(4.095842415,-13.456373551,121.613108244));
#1633=B_SPLINE_CURVE_WITH_KNOTS('',2,(#1630,#1631,#1632),.UNSPECIFIED.,.F.,.F.,(3,3),(0.881019602,1.),.UNSPECIFIED.);
#1634=EDGE_CURVE('',#1493,#1600,#1633,.T.);
#1635=ORIENTED_EDGE('',*,*,#1634,.F.);
#1636=ORIENTED_EDGE('',*,*,#1498,.T.);
#1637=EDGE_LOOP('',(#1628,#1629,#1635,#1636));
#1638=FACE_BOUND('',#1637,.T.);
#1639=ADVANCED_FACE('',(#1638),#1622,.F.);
#1640=CARTESIAN_POINT('',(5.317445588,-13.966257669,120.157258273));
#1641=DIRECTION('',(-0.64278761,-0.,0.766044443));
#1642=DIRECTION('',(0.766044443,-0.,0.64278761));
#1643=AXIS2_PLACEMENT_3D('',#1640,#1641,#1642);
#1644=PLANE('',#1643);
#1645=CARTESIAN_POINT('',(5.777072254,-13.453646898,120.542930839));
#1646=DIRECTION('',(0.,-1.,0.));
#1647=VECTOR('',#1646,1.025221541);
#1648=LINE('',#1645,#1647);
#1649=EDGE_CURVE('',#1252,#1432,#1648,.T.);
#1650=ORIENTED_EDGE('',*,*,#1649,.T.);
#1651=ORIENTED_EDGE('',*,*,#1452,.F.);
#1652=CARTESIAN_POINT('',(5.317445588,-13.453646898,120.157258273));
#1653=DIRECTION('',(0.,-1.,0.));
#1654=VECTOR('',#1653,1.025221541);
#1655=LINE('',#1652,#1654);
#1656=EDGE_CURVE('',#1268,#1441,#1655,.T.);
#1657=ORIENTED_EDGE('',*,*,#1656,.F.);
#1658=ORIENTED_EDGE('',*,*,#1273,.T.);
#1659=EDGE_LOOP('',(#1650,#1651,#1657,#1658));
#1660=FACE_BOUND('',#1659,.T.);
#1661=ADVANCED_FACE('',(#1660),#1644,.F.);
#1662=CARTESIAN_POINT('',(62.286304926,0.,52.264415491));
#1663=DIRECTION('',(0.766044443,0.,0.64278761));
#1664=DIRECTION('',(-0.,1.,-0.));
#1665=AXIS2_PLACEMENT_3D('',#1662,#1663,#1664);
#1666=PLANE('',#1665);
#1667=ORIENTED_EDGE('',*,*,#1512,.T.);
#1668=ORIENTED_EDGE('',*,*,#1634,.T.);
#1669=ORIENTED_EDGE('',*,*,#1605,.T.);
#1670=ORIENTED_EDGE('',*,*,#1574,.T.);
#1671=ORIENTED_EDGE('',*,*,#1543,.T.);
#1672=EDGE_LOOP('',(#1667,#1668,#1669,#1670,#1671));
#1673=FACE_BOUND('',#1672,.T.);
#1674=ORIENTED_EDGE('',*,*,#1289,.T.);
#1675=ORIENTED_EDGE('',*,*,#1656,.T.);
#1676=ORIENTED_EDGE('',*,*,#1446,.T.);
#1677=ORIENTED_EDGE('',*,*,#1415,.T.);
#1678=ORIENTED_EDGE('',*,*,#1384,.T.);
#1679=ORIENTED_EDGE('',*,*,#1353,.T.);
#1680=ORIENTED_EDGE('',*,*,#1322,.T.);
#1681=EDGE_LOOP('',(#1674,#1675,#1676,#1677,#1678,#1679,#1680));
#1682=FACE_BOUND('',#1681,.T.);
#1683=ADVANCED_FACE('',(#1673,#1682),#1666,.F.);
#1684=CARTESIAN_POINT('',(62.745931592,0.,52.650088057));
#1685=DIRECTION('',(0.766044443,0.,0.64278761));
#1686=DIRECTION('',(-0.,1.,-0.));
#1687=AXIS2_PLACEMENT_3D('',#1684,#1685,#1686);
#1688=PLANE('',#1687);
#1689=ORIENTED_EDGE('',*,*,#1490,.F.);
#1690=ORIENTED_EDGE('',*,*,#1534,.F.);
#1691=ORIENTED_EDGE('',*,*,#1565,.F.);
#1692=ORIENTED_EDGE('',*,*,#1596,.F.);
#1693=ORIENTED_EDGE('',*,*,#1627,.F.);
#1694=EDGE_LOOP('',(#1689,#1690,#1691,#1692,#1693));
#1695=FACE_BOUND('',#1694,.T.);
#1696=ORIENTED_EDGE('',*,*,#1265,.F.);
#1697=ORIENTED_EDGE('',*,*,#1313,.F.);
#1698=ORIENTED_EDGE('',*,*,#1344,.F.);
#1699=ORIENTED_EDGE('',*,*,#1375,.F.);
#1700=ORIENTED_EDGE('',*,*,#1406,.F.);
#1701=ORIENTED_EDGE('',*,*,#1437,.F.);
#1702=ORIENTED_EDGE('',*,*,#1649,.F.);
#1703=EDGE_LOOP('',(#1696,#1697,#1698,#1699,#1700,#1701,#1702));
#1704=FACE_BOUND('',#1703,.T.);
#1705=ADVANCED_FACE('',(#1695,#1704),#1688,.T.);
#1706=OVER_RIDING_STYLED_ITEM('',(#514),#1705,#1225);
#1707=CLOSED_SHELL('',(#1299,#1332,#1363,#1394,#1425,#1456,#1522,#1553,#1584,#1615,#1639,#1661,#1683,#1705));
#1708=MANIFOLD_SOLID_BREP('Corps 19',#1707);
#1709=COLOUR_RGB('',0.627451003,0.627451003,0.627451003);
#1710=FILL_AREA_STYLE_COLOUR('',#1709);
#1711=FILL_AREA_STYLE('',(#1710));
#1712=SURFACE_STYLE_FILL_AREA(#1711);
#1713=SURFACE_SIDE_STYLE('',(#1712));
#1714=SURFACE_STYLE_USAGE(.BOTH.,#1713);
#1715=PRESENTATION_STYLE_ASSIGNMENT((#1714));
#1225=STYLED_ITEM('',(#1715),#1708);
#1717=CARTESIAN_POINT('',(3.94423743,-5.003749148,121.793784029));
#1718=DIRECTION('',(0.,-1.,0.));
#1719=DIRECTION('',(1.,0.,0.));
#1720=AXIS2_PLACEMENT_3D('',#1717,#1718,#1719);
#1721=PLANE('',#1720);
#1722=CARTESIAN_POINT('',(4.252259111,-5.003749148,122.360132381));
#1723=VERTEX_POINT('',#1722);
#1724=CARTESIAN_POINT('',(4.555469081,-5.003749148,121.99878081));
#1725=VERTEX_POINT('',#1724);
#1726=CARTESIAN_POINT('',(4.252259111,-5.003749148,122.360132381));
#1727=DIRECTION('',(0.64278761,-0.,-0.766044443));
#1728=VECTOR('',#1727,0.471710975);
#1729=LINE('',#1726,#1728);
#1730=EDGE_CURVE('',#1723,#1725,#1729,.T.);
#1731=ORIENTED_EDGE('',*,*,#1730,.T.);
#1732=CARTESIAN_POINT('',(4.095842415,-5.003749148,121.613108244));
#1733=VERTEX_POINT('',#1732);
#1734=CARTESIAN_POINT('',(4.095842415,-5.003749148,121.613108244));
#1735=DIRECTION('',(0.766044443,0.,0.64278761));
#1736=VECTOR('',#1735,0.6);
#1737=LINE('',#1734,#1736);
#1738=EDGE_CURVE('',#1733,#1725,#1737,.T.);
#1739=ORIENTED_EDGE('',*,*,#1738,.F.);
#1740=CARTESIAN_POINT('',(3.792632445,-5.003749148,121.974459815));
#1741=VERTEX_POINT('',#1740);
#1742=CARTESIAN_POINT('',(3.792632445,-5.003749148,121.974459815));
#1743=DIRECTION('',(0.64278761,-0.,-0.766044443));
#1744=VECTOR('',#1743,0.471710975);
#1745=LINE('',#1742,#1744);
#1746=EDGE_CURVE('',#1741,#1733,#1745,.T.);
#1747=ORIENTED_EDGE('',*,*,#1746,.F.);
#1748=CARTESIAN_POINT('',(3.792632445,-5.003749148,121.974459815));
#1749=DIRECTION('',(0.766044443,0.,0.64278761));
#1750=VECTOR('',#1749,0.6);
#1751=LINE('',#1748,#1750);
#1752=EDGE_CURVE('',#1741,#1723,#1751,.T.);
#1753=ORIENTED_EDGE('',*,*,#1752,.T.);
#1754=EDGE_LOOP('',(#1731,#1739,#1747,#1753));
#1755=FACE_BOUND('',#1754,.T.);
#1756=ADVANCED_FACE('',(#1755),#1721,.F.);
#1757=CARTESIAN_POINT('',(3.792632445,-6.58793456,121.974459815));
#1758=DIRECTION('',(0.64278761,-0.,-0.766044443));
#1759=DIRECTION('',(-0.766044443,0.,-0.64278761));
#1760=AXIS2_PLACEMENT_3D('',#1757,#1758,#1759);
#1761=PLANE('',#1760);
#1762=CARTESIAN_POINT('',(4.252259111,-8.172119973,122.360132381));
#1763=VERTEX_POINT('',#1762);
#1764=CARTESIAN_POINT('',(4.252259111,-8.172119973,122.360132381));
#1765=DIRECTION('',(-0.,1.,-0.));
#1766=VECTOR('',#1765,3.168370825);
#1767=LINE('',#1764,#1766);
#1768=EDGE_CURVE('',#1763,#1723,#1767,.T.);
#1769=ORIENTED_EDGE('',*,*,#1768,.T.);
#1770=ORIENTED_EDGE('',*,*,#1752,.F.);
#1771=CARTESIAN_POINT('',(3.792632445,-8.172119973,121.974459815));
#1772=VERTEX_POINT('',#1771);
#1773=CARTESIAN_POINT('',(3.792632445,-8.172119973,121.974459815));
#1774=DIRECTION('',(-0.,1.,-0.));
#1775=VECTOR('',#1774,3.168370825);
#1776=LINE('',#1773,#1775);
#1777=EDGE_CURVE('',#1772,#1741,#1776,.T.);
#1778=ORIENTED_EDGE('',*,*,#1777,.F.);
#1779=CARTESIAN_POINT('',(3.792632445,-8.172119973,121.974459815));
#1780=DIRECTION('',(0.766044443,0.,0.64278761));
#1781=VECTOR('',#1780,0.6);
#1782=LINE('',#1779,#1781);
#1783=EDGE_CURVE('',#1772,#1763,#1782,.T.);
#1784=ORIENTED_EDGE('',*,*,#1783,.T.);
#1785=EDGE_LOOP('',(#1769,#1770,#1778,#1784));
#1786=FACE_BOUND('',#1785,.T.);
#1787=ADVANCED_FACE('',(#1786),#1761,.F.);
#1788=CARTESIAN_POINT('',(3.94423743,-8.172119973,121.793784029));
#1789=DIRECTION('',(-0.,1.,-0.));
#1790=DIRECTION('',(-1.,-0.,0.));
#1791=AXIS2_PLACEMENT_3D('',#1788,#1789,#1790);
#1792=PLANE('',#1791);
#1793=CARTESIAN_POINT('',(4.555469081,-8.172119973,121.99878081));
#1794=VERTEX_POINT('',#1793);
#1795=CARTESIAN_POINT('',(4.555469081,-8.172119973,121.99878081));
#1796=DIRECTION('',(-0.64278761,-0.,0.766044443));
#1797=VECTOR('',#1796,0.471710975);
#1798=LINE('',#1795,#1797);
#1799=EDGE_CURVE('',#1794,#1763,#1798,.T.);
#1800=ORIENTED_EDGE('',*,*,#1799,.T.);
#1801=ORIENTED_EDGE('',*,*,#1783,.F.);
#1802=CARTESIAN_POINT('',(4.095842415,-8.172119973,121.613108244));
#1803=VERTEX_POINT('',#1802);
#1804=CARTESIAN_POINT('',(4.095842415,-8.172119973,121.613108244));
#1805=DIRECTION('',(-0.64278761,-0.,0.766044443));
#1806=VECTOR('',#1805,0.471710975);
#1807=LINE('',#1804,#1806);
#1808=EDGE_CURVE('',#1803,#1772,#1807,.T.);
#1809=ORIENTED_EDGE('',*,*,#1808,.F.);
#1810=CARTESIAN_POINT('',(4.095842415,-8.172119973,121.613108244));
#1811=DIRECTION('',(0.766044443,0.,0.64278761));
#1812=VECTOR('',#1811,0.6);
#1813=LINE('',#1810,#1812);
#1814=EDGE_CURVE('',#1803,#1794,#1813,.T.);
#1815=ORIENTED_EDGE('',*,*,#1814,.T.);
#1816=EDGE_LOOP('',(#1800,#1801,#1809,#1815));
#1817=FACE_BOUND('',#1816,.T.);
#1818=ADVANCED_FACE('',(#1817),#1792,.F.);
#1819=CARTESIAN_POINT('',(4.095842415,-7.513633265,121.613108244));
#1820=DIRECTION('',(-0.64278761,-0.,0.766044443));
#1821=DIRECTION('',(0.766044443,-0.,0.64278761));
#1822=AXIS2_PLACEMENT_3D('',#1819,#1820,#1821);
#1823=PLANE('',#1822);
#1824=CARTESIAN_POINT('',(4.555469081,-6.855146558,121.99878081));
#1825=VERTEX_POINT('',#1824);
#1826=CARTESIAN_POINT('',(4.555469081,-6.855146558,121.99878081));
#1827=DIRECTION('',(0.,-1.,0.));
#1828=VECTOR('',#1827,1.316973415);
#1829=LINE('',#1826,#1828);
#1830=EDGE_CURVE('',#1825,#1794,#1829,.T.);
#1831=ORIENTED_EDGE('',*,*,#1830,.T.);
#1832=ORIENTED_EDGE('',*,*,#1814,.F.);
#1833=CARTESIAN_POINT('',(4.095842415,-6.855146558,121.613108244));
#1834=VERTEX_POINT('',#1833);
#1835=CARTESIAN_POINT('',(4.095842415,-6.855146558,121.613108244));
#1836=DIRECTION('',(0.,-1.,0.));
#1837=VECTOR('',#1836,1.316973415);
#1838=LINE('',#1835,#1837);
#1839=EDGE_CURVE('',#1834,#1803,#1838,.T.);
#1840=ORIENTED_EDGE('',*,*,#1839,.F.);
#1841=CARTESIAN_POINT('',(4.095842415,-6.855146558,121.613108244));
#1842=DIRECTION('',(0.766044443,0.,0.64278761));
#1843=VECTOR('',#1842,0.6);
#1844=LINE('',#1841,#1843);
#1845=EDGE_CURVE('',#1834,#1825,#1844,.T.);
#1846=ORIENTED_EDGE('',*,*,#1845,.T.);
#1847=EDGE_LOOP('',(#1831,#1832,#1840,#1846));
#1848=FACE_BOUND('',#1847,.T.);
#1849=ADVANCED_FACE('',(#1848),#1823,.F.);
#1850=CARTESIAN_POINT('',(5.22893632,-6.855146558,120.262739512));
#1851=DIRECTION('',(-0.,1.,-0.));
#1852=DIRECTION('',(0.,0.,1.));
#1853=AXIS2_PLACEMENT_3D('',#1850,#1851,#1852);
#1854=PLANE('',#1853);
#1855=CARTESIAN_POINT('',(6.821656891,-6.855146558,119.298043346));
#1856=VERTEX_POINT('',#1855);
#1857=CARTESIAN_POINT('',(6.821656891,-6.855146558,119.298043346));
#1858=DIRECTION('',(-0.64278761,0.,0.766044443));
#1859=VECTOR('',#1858,3.525562372);
#1860=LINE('',#1857,#1859);
#1861=EDGE_CURVE('',#1856,#1825,#1860,.T.);
#1862=ORIENTED_EDGE('',*,*,#1861,.T.);
#1863=ORIENTED_EDGE('',*,*,#1845,.F.);
#1864=CARTESIAN_POINT('',(6.362030225,-6.855146558,118.91237078));
#1865=VERTEX_POINT('',#1864);
#1866=CARTESIAN_POINT('',(6.362030225,-6.855146558,118.91237078));
#1867=DIRECTION('',(-0.64278761,0.,0.766044443));
#1868=VECTOR('',#1867,3.525562372);
#1869=LINE('',#1866,#1868);
#1870=EDGE_CURVE('',#1865,#1834,#1869,.T.);
#1871=ORIENTED_EDGE('',*,*,#1870,.F.);
#1872=CARTESIAN_POINT('',(6.362030225,-6.855146558,118.91237078));
#1873=DIRECTION('',(0.766044443,0.,0.64278761));
#1874=VECTOR('',#1873,0.6);
#1875=LINE('',#1872,#1874);
#1876=EDGE_CURVE('',#1865,#1856,#1875,.T.);
#1877=ORIENTED_EDGE('',*,*,#1876,.T.);
#1878=EDGE_LOOP('',(#1862,#1863,#1871,#1877));
#1879=FACE_BOUND('',#1878,.T.);
#1880=ADVANCED_FACE('',(#1879),#1854,.F.);
#1881=CARTESIAN_POINT('',(6.362030225,-6.590661213,118.91237078));
#1882=DIRECTION('',(-0.64278761,0.,0.766044443));
#1883=DIRECTION('',(0.766044443,0.,0.64278761));
#1884=AXIS2_PLACEMENT_3D('',#1881,#1882,#1883);
#1885=PLANE('',#1884);
#1886=CARTESIAN_POINT('',(6.821656891,-6.326175869,119.298043346));
#1887=VERTEX_POINT('',#1886);
#1888=CARTESIAN_POINT('',(6.821656891,-6.326175869,119.298043346));
#1889=DIRECTION('',(-0.,-1.,0.));
#1890=VECTOR('',#1889,0.528970688);
#1891=LINE('',#1888,#1890);
#1892=EDGE_CURVE('',#1887,#1856,#1891,.T.);
#1893=ORIENTED_EDGE('',*,*,#1892,.T.);
#1894=ORIENTED_EDGE('',*,*,#1876,.F.);
#1895=CARTESIAN_POINT('',(6.362030225,-6.326175869,118.91237078));
#1896=VERTEX_POINT('',#1895);
#1897=CARTESIAN_POINT('',(6.362030225,-6.326175869,118.91237078));
#1898=DIRECTION('',(-0.,-1.,0.));
#1899=VECTOR('',#1898,0.528970688);
#1900=LINE('',#1897,#1899);
#1901=EDGE_CURVE('',#1896,#1865,#1900,.T.);
#1902=ORIENTED_EDGE('',*,*,#1901,.F.);
#1903=CARTESIAN_POINT('',(6.362030225,-6.326175869,118.91237078));
#1904=DIRECTION('',(0.766044443,0.,0.64278761));
#1905=VECTOR('',#1904,0.6);
#1906=LINE('',#1903,#1905);
#1907=EDGE_CURVE('',#1896,#1887,#1906,.T.);
#1908=ORIENTED_EDGE('',*,*,#1907,.T.);
#1909=EDGE_LOOP('',(#1893,#1894,#1902,#1908));
#1910=FACE_BOUND('',#1909,.T.);
#1911=ADVANCED_FACE('',(#1910),#1885,.F.);
#1912=CARTESIAN_POINT('',(5.22893632,-6.326175869,120.262739512));
#1913=DIRECTION('',(0.,-1.,0.));
#1914=DIRECTION('',(0.,-0.,-1.));
#1915=AXIS2_PLACEMENT_3D('',#1912,#1913,#1914);
#1916=PLANE('',#1915);
#1917=CARTESIAN_POINT('',(4.555469081,-6.326175869,121.99878081));
#1918=VERTEX_POINT('',#1917);
#1919=CARTESIAN_POINT('',(4.555469081,-6.326175869,121.99878081));
#1920=DIRECTION('',(0.64278761,-0.,-0.766044443));
#1921=VECTOR('',#1920,3.525562372);
#1922=LINE('',#1919,#1921);
#1923=EDGE_CURVE('',#1918,#1887,#1922,.T.);
#1924=ORIENTED_EDGE('',*,*,#1923,.T.);
#1925=ORIENTED_EDGE('',*,*,#1907,.F.);
#1926=CARTESIAN_POINT('',(4.095842415,-6.326175869,121.613108244));
#1927=VERTEX_POINT('',#1926);
#1928=CARTESIAN_POINT('',(4.095842415,-6.326175869,121.613108244));
#1929=DIRECTION('',(0.64278761,-0.,-0.766044443));
#1930=VECTOR('',#1929,3.525562372);
#1931=LINE('',#1928,#1930);
#1932=EDGE_CURVE('',#1927,#1896,#1931,.T.);
#1933=ORIENTED_EDGE('',*,*,#1932,.F.);
#1934=CARTESIAN_POINT('',(4.095842415,-6.326175869,121.613108244));
#1935=DIRECTION('',(0.766044443,0.,0.64278761));
#1936=VECTOR('',#1935,0.6);
#1937=LINE('',#1934,#1936);
#1938=EDGE_CURVE('',#1927,#1918,#1937,.T.);
#1939=ORIENTED_EDGE('',*,*,#1938,.T.);
#1940=EDGE_LOOP('',(#1924,#1925,#1933,#1939));
#1941=FACE_BOUND('',#1940,.T.);
#1942=ADVANCED_FACE('',(#1941),#1916,.F.);
#1943=CARTESIAN_POINT('',(4.095842415,-5.664962509,121.613108244));
#1944=DIRECTION('',(-0.64278761,-0.,0.766044443));
#1945=DIRECTION('',(0.766044443,-0.,0.64278761));
#1946=AXIS2_PLACEMENT_3D('',#1943,#1944,#1945);
#1947=PLANE('',#1946);
#1948=CARTESIAN_POINT('',(4.555469081,-5.003749148,121.99878081));
#1949=DIRECTION('',(0.,-1.,0.));
#1950=VECTOR('',#1949,1.322426721);
#1951=LINE('',#1948,#1950);
#1952=EDGE_CURVE('',#1725,#1918,#1951,.T.);
#1953=ORIENTED_EDGE('',*,*,#1952,.T.);
#1954=ORIENTED_EDGE('',*,*,#1938,.F.);
#1955=CARTESIAN_POINT('',(4.095842415,-5.003749148,121.613108244));
#1956=DIRECTION('',(0.,-1.,0.));
#1957=VECTOR('',#1956,1.322426721);
#1958=LINE('',#1955,#1957);
#1959=EDGE_CURVE('',#1733,#1927,#1958,.T.);
#1960=ORIENTED_EDGE('',*,*,#1959,.F.);
#1961=ORIENTED_EDGE('',*,*,#1738,.T.);
#1962=EDGE_LOOP('',(#1953,#1954,#1960,#1961));
#1963=FACE_BOUND('',#1962,.T.);
#1964=ADVANCED_FACE('',(#1963),#1947,.F.);
#1965=CARTESIAN_POINT('',(62.286304926,0.,52.264415491));
#1966=DIRECTION('',(0.766044443,0.,0.64278761));
#1967=DIRECTION('',(-0.,1.,-0.));
#1968=AXIS2_PLACEMENT_3D('',#1965,#1966,#1967);
#1969=PLANE('',#1968);
#1970=ORIENTED_EDGE('',*,*,#1746,.T.);
#1971=ORIENTED_EDGE('',*,*,#1959,.T.);
#1972=ORIENTED_EDGE('',*,*,#1932,.T.);
#1973=ORIENTED_EDGE('',*,*,#1901,.T.);
#1974=ORIENTED_EDGE('',*,*,#1870,.T.);
#1975=ORIENTED_EDGE('',*,*,#1839,.T.);
#1976=ORIENTED_EDGE('',*,*,#1808,.T.);
#1977=ORIENTED_EDGE('',*,*,#1777,.T.);
#1978=EDGE_LOOP('',(#1970,#1971,#1972,#1973,#1974,#1975,#1976,#1977));
#1979=FACE_BOUND('',#1978,.T.);
#1980=ADVANCED_FACE('',(#1979),#1969,.F.);
#1981=CARTESIAN_POINT('',(62.745931592,0.,52.650088057));
#1982=DIRECTION('',(0.766044443,0.,0.64278761));
#1983=DIRECTION('',(-0.,1.,-0.));
#1984=AXIS2_PLACEMENT_3D('',#1981,#1982,#1983);
#1985=PLANE('',#1984);
#1986=ORIENTED_EDGE('',*,*,#1730,.F.);
#1987=ORIENTED_EDGE('',*,*,#1768,.F.);
#1988=ORIENTED_EDGE('',*,*,#1799,.F.);
#1989=ORIENTED_EDGE('',*,*,#1830,.F.);
#1990=ORIENTED_EDGE('',*,*,#1861,.F.);
#1991=ORIENTED_EDGE('',*,*,#1892,.F.);
#1992=ORIENTED_EDGE('',*,*,#1923,.F.);
#1993=ORIENTED_EDGE('',*,*,#1952,.F.);
#1994=EDGE_LOOP('',(#1986,#1987,#1988,#1989,#1990,#1991,#1992,#1993));
#1995=FACE_BOUND('',#1994,.T.);
#1996=ADVANCED_FACE('',(#1995),#1985,.T.);
#1997=OVER_RIDING_STYLED_ITEM('',(#514),#1996,#1716);
#1998=CLOSED_SHELL('',(#1756,#1787,#1818,#1849,#1880,#1911,#1942,#1964,#1980,#1996));
#1999=MANIFOLD_SOLID_BREP('Corps 19',#1998);
#1716=STYLED_ITEM('',(#1715),#1999);
#2001=CARTESIAN_POINT('',(3.94423743,-8.414792093,121.793784029));
#2002=DIRECTION('',(0.,-1.,0.));
#2003=DIRECTION('',(1.,0.,0.));
#2004=AXIS2_PLACEMENT_3D('',#2001,#2002,#2003);
#2005=PLANE('',#2004);
#2006=CARTESIAN_POINT('',(4.252259111,-8.414792093,122.360132381));
#2007=VERTEX_POINT('',#2006);
#2008=CARTESIAN_POINT('',(4.555469081,-8.414792093,121.99878081));
#2009=VERTEX_POINT('',#2008);
#2010=CARTESIAN_POINT('',(4.252259111,-8.414792093,122.360132381));
#2011=DIRECTION('',(0.64278761,-0.,-0.766044443));
#2012=VECTOR('',#2011,0.471710975);
#2013=LINE('',#2010,#2012);
#2014=EDGE_CURVE('',#2007,#2009,#2013,.T.);
#2015=ORIENTED_EDGE('',*,*,#2014,.T.);
#2016=CARTESIAN_POINT('',(4.095842415,-8.414792093,121.613108244));
#2017=VERTEX_POINT('',#2016);
#2018=CARTESIAN_POINT('',(4.095842415,-8.414792093,121.613108244));
#2019=DIRECTION('',(0.766044443,0.,0.64278761));
#2020=VECTOR('',#2019,0.6);
#2021=LINE('',#2018,#2020);
#2022=EDGE_CURVE('',#2017,#2009,#2021,.T.);
#2023=ORIENTED_EDGE('',*,*,#2022,.F.);
#2024=CARTESIAN_POINT('',(3.792632445,-8.414792093,121.974459815));
#2025=VERTEX_POINT('',#2024);
#2026=CARTESIAN_POINT('',(3.792632445,-8.414792093,121.974459815));
#2027=DIRECTION('',(0.64278761,-0.,-0.766044443));
#2028=VECTOR('',#2027,0.471710975);
#2029=LINE('',#2026,#2028);
#2030=EDGE_CURVE('',#2025,#2017,#2029,.T.);
#2031=ORIENTED_EDGE('',*,*,#2030,.F.);
#2032=CARTESIAN_POINT('',(3.792632445,-8.414792093,121.974459815));
#2033=DIRECTION('',(0.766044443,0.,0.64278761));
#2034=VECTOR('',#2033,0.6);
#2035=LINE('',#2032,#2034);
#2036=EDGE_CURVE('',#2025,#2007,#2035,.T.);
#2037=ORIENTED_EDGE('',*,*,#2036,.T.);
#2038=EDGE_LOOP('',(#2015,#2023,#2031,#2037));
#2039=FACE_BOUND('',#2038,.T.);
#2040=ADVANCED_FACE('',(#2039),#2005,.F.);
#2041=CARTESIAN_POINT('',(3.792632445,-9.998977505,121.974459815));
#2042=DIRECTION('',(0.64278761,0.,-0.766044443));
#2043=DIRECTION('',(-0.766044443,-0.,-0.64278761));
#2044=AXIS2_PLACEMENT_3D('',#2041,#2042,#2043);
#2045=PLANE('',#2044);
#2046=CARTESIAN_POINT('',(4.252259111,-11.583162918,122.360132381));
#2047=VERTEX_POINT('',#2046);
#2048=CARTESIAN_POINT('',(4.252259111,-11.583162918,122.360132381));
#2049=DIRECTION('',(-0.,1.,0.));
#2050=VECTOR('',#2049,3.168370825);
#2051=LINE('',#2048,#2050);
#2052=EDGE_CURVE('',#2047,#2007,#2051,.T.);
#2053=ORIENTED_EDGE('',*,*,#2052,.T.);
#2054=ORIENTED_EDGE('',*,*,#2036,.F.);
#2055=CARTESIAN_POINT('',(3.792632445,-11.583162918,121.974459815));
#2056=VERTEX_POINT('',#2055);
#2057=CARTESIAN_POINT('',(3.792632445,-11.583162918,121.974459815));
#2058=DIRECTION('',(-0.,1.,0.));
#2059=VECTOR('',#2058,3.168370825);
#2060=LINE('',#2057,#2059);
#2061=EDGE_CURVE('',#2056,#2025,#2060,.T.);
#2062=ORIENTED_EDGE('',*,*,#2061,.F.);
#2063=CARTESIAN_POINT('',(3.792632445,-11.583162918,121.974459815));
#2064=DIRECTION('',(0.766044443,0.,0.64278761));
#2065=VECTOR('',#2064,0.6);
#2066=LINE('',#2063,#2065);
#2067=EDGE_CURVE('',#2056,#2047,#2066,.T.);
#2068=ORIENTED_EDGE('',*,*,#2067,.T.);
#2069=EDGE_LOOP('',(#2053,#2054,#2062,#2068));
#2070=FACE_BOUND('',#2069,.T.);
#2071=ADVANCED_FACE('',(#2070),#2045,.F.);
#2072=CARTESIAN_POINT('',(3.94423743,-11.583162918,121.793784029));
#2073=DIRECTION('',(-0.,1.,-0.));
#2074=DIRECTION('',(-1.,-0.,0.));
#2075=AXIS2_PLACEMENT_3D('',#2072,#2073,#2074);
#2076=PLANE('',#2075);
#2077=CARTESIAN_POINT('',(4.555469081,-11.583162918,121.99878081));
#2078=VERTEX_POINT('',#2077);
#2079=CARTESIAN_POINT('',(4.555469081,-11.583162918,121.99878081));
#2080=DIRECTION('',(-0.64278761,0.,0.766044443));
#2081=VECTOR('',#2080,0.471710975);
#2082=LINE('',#2079,#2081);
#2083=EDGE_CURVE('',#2078,#2047,#2082,.T.);
#2084=ORIENTED_EDGE('',*,*,#2083,.T.);
#2085=ORIENTED_EDGE('',*,*,#2067,.F.);
#2086=CARTESIAN_POINT('',(4.095842415,-11.583162918,121.613108244));
#2087=VERTEX_POINT('',#2086);
#2088=CARTESIAN_POINT('',(4.095842415,-11.583162918,121.613108244));
#2089=DIRECTION('',(-0.64278761,0.,0.766044443));
#2090=VECTOR('',#2089,0.471710975);
#2091=LINE('',#2088,#2090);
#2092=EDGE_CURVE('',#2087,#2056,#2091,.T.);
#2093=ORIENTED_EDGE('',*,*,#2092,.F.);
#2094=CARTESIAN_POINT('',(4.095842415,-11.583162918,121.613108244));
#2095=DIRECTION('',(0.766044443,0.,0.64278761));
#2096=VECTOR('',#2095,0.6);
#2097=LINE('',#2094,#2096);
#2098=EDGE_CURVE('',#2087,#2078,#2097,.T.);
#2099=ORIENTED_EDGE('',*,*,#2098,.T.);
#2100=EDGE_LOOP('',(#2084,#2085,#2093,#2099));
#2101=FACE_BOUND('',#2100,.T.);
#2102=ADVANCED_FACE('',(#2101),#2076,.F.);
#2103=CARTESIAN_POINT('',(4.095842415,-10.92467621,121.613108244));
#2104=DIRECTION('',(-0.64278761,-0.,0.766044443));
#2105=DIRECTION('',(0.766044443,-0.,0.64278761));
#2106=AXIS2_PLACEMENT_3D('',#2103,#2104,#2105);
#2107=PLANE('',#2106);
#2108=CARTESIAN_POINT('',(4.555469081,-10.266189502,121.99878081));
#2109=VERTEX_POINT('',#2108);
#2110=CARTESIAN_POINT('',(4.555469081,-10.266189502,121.99878081));
#2111=DIRECTION('',(0.,-1.,0.));
#2112=VECTOR('',#2111,1.316973415);
#2113=LINE('',#2110,#2112);
#2114=EDGE_CURVE('',#2109,#2078,#2113,.T.);
#2115=ORIENTED_EDGE('',*,*,#2114,.T.);
#2116=ORIENTED_EDGE('',*,*,#2098,.F.);
#2117=CARTESIAN_POINT('',(4.095842415,-10.266189502,121.613108244));
#2118=VERTEX_POINT('',#2117);
#2119=CARTESIAN_POINT('',(4.095842415,-10.266189502,121.613108244));
#2120=DIRECTION('',(0.,-1.,0.));
#2121=VECTOR('',#2120,1.316973415);
#2122=LINE('',#2119,#2121);
#2123=EDGE_CURVE('',#2118,#2087,#2122,.T.);
#2124=ORIENTED_EDGE('',*,*,#2123,.F.);
#2125=CARTESIAN_POINT('',(4.095842415,-10.266189502,121.613108244));
#2126=DIRECTION('',(0.766044443,0.,0.64278761));
#2127=VECTOR('',#2126,0.6);
#2128=LINE('',#2125,#2127);
#2129=EDGE_CURVE('',#2118,#2109,#2128,.T.);
#2130=ORIENTED_EDGE('',*,*,#2129,.T.);
#2131=EDGE_LOOP('',(#2115,#2116,#2124,#2130));
#2132=FACE_BOUND('',#2131,.T.);
#2133=ADVANCED_FACE('',(#2132),#2107,.F.);
#2134=CARTESIAN_POINT('',(5.22893632,-10.266189502,120.262739512));
#2135=DIRECTION('',(-0.,1.,-0.));
#2136=DIRECTION('',(-1.,-0.,0.));
#2137=AXIS2_PLACEMENT_3D('',#2134,#2135,#2136);
#2138=PLANE('',#2137);
#2139=CARTESIAN_POINT('',(6.821656891,-10.266189502,119.298043346));
#2140=VERTEX_POINT('',#2139);
#2141=CARTESIAN_POINT('',(6.821656891,-10.266189502,119.298043346));
#2142=DIRECTION('',(-0.64278761,-0.,0.766044443));
#2143=VECTOR('',#2142,3.525562372);
#2144=LINE('',#2141,#2143);
#2145=EDGE_CURVE('',#2140,#2109,#2144,.T.);
#2146=ORIENTED_EDGE('',*,*,#2145,.T.);
#2147=ORIENTED_EDGE('',*,*,#2129,.F.);
#2148=CARTESIAN_POINT('',(6.362030225,-10.266189502,118.91237078));
#2149=VERTEX_POINT('',#2148);
#2150=CARTESIAN_POINT('',(6.362030225,-10.266189502,118.91237078));
#2151=DIRECTION('',(-0.64278761,-0.,0.766044443));
#2152=VECTOR('',#2151,3.525562372);
#2153=LINE('',#2150,#2152);
#2154=EDGE_CURVE('',#2149,#2118,#2153,.T.);
#2155=ORIENTED_EDGE('',*,*,#2154,.F.);
#2156=CARTESIAN_POINT('',(6.362030225,-10.266189502,118.91237078));
#2157=DIRECTION('',(0.766044443,0.,0.64278761));
#2158=VECTOR('',#2157,0.6);
#2159=LINE('',#2156,#2158);
#2160=EDGE_CURVE('',#2149,#2140,#2159,.T.);
#2161=ORIENTED_EDGE('',*,*,#2160,.T.);
#2162=EDGE_LOOP('',(#2146,#2147,#2155,#2161));
#2163=FACE_BOUND('',#2162,.T.);
#2164=ADVANCED_FACE('',(#2163),#2138,.F.);
#2165=CARTESIAN_POINT('',(6.362030225,-10.001704158,118.91237078));
#2166=DIRECTION('',(-0.64278761,-0.,0.766044443));
#2167=DIRECTION('',(0.766044443,-0.,0.64278761));
#2168=AXIS2_PLACEMENT_3D('',#2165,#2166,#2167);
#2169=PLANE('',#2168);
#2170=CARTESIAN_POINT('',(6.821656891,-9.737218814,119.298043346));
#2171=VERTEX_POINT('',#2170);
#2172=CARTESIAN_POINT('',(6.821656891,-9.737218814,119.298043346));
#2173=DIRECTION('',(0.,-1.,0.));
#2174=VECTOR('',#2173,0.528970688);
#2175=LINE('',#2172,#2174);
#2176=EDGE_CURVE('',#2171,#2140,#2175,.T.);
#2177=ORIENTED_EDGE('',*,*,#2176,.T.);
#2178=ORIENTED_EDGE('',*,*,#2160,.F.);
#2179=CARTESIAN_POINT('',(6.362030225,-9.737218814,118.91237078));
#2180=VERTEX_POINT('',#2179);
#2181=CARTESIAN_POINT('',(6.362030225,-9.737218814,118.91237078));
#2182=DIRECTION('',(0.,-1.,0.));
#2183=VECTOR('',#2182,0.528970688);
#2184=LINE('',#2181,#2183);
#2185=EDGE_CURVE('',#2180,#2149,#2184,.T.);
#2186=ORIENTED_EDGE('',*,*,#2185,.F.);
#2187=CARTESIAN_POINT('',(6.362030225,-9.737218814,118.91237078));
#2188=DIRECTION('',(0.766044443,0.,0.64278761));
#2189=VECTOR('',#2188,0.6);
#2190=LINE('',#2187,#2189);
#2191=EDGE_CURVE('',#2180,#2171,#2190,.T.);
#2192=ORIENTED_EDGE('',*,*,#2191,.T.);
#2193=EDGE_LOOP('',(#2177,#2178,#2186,#2192));
#2194=FACE_BOUND('',#2193,.T.);
#2195=ADVANCED_FACE('',(#2194),#2169,.F.);
#2196=CARTESIAN_POINT('',(5.22893632,-9.737218814,120.262739512));
#2197=DIRECTION('',(0.,-1.,0.));
#2198=DIRECTION('',(1.,0.,0.));
#2199=AXIS2_PLACEMENT_3D('',#2196,#2197,#2198);
#2200=PLANE('',#2199);
#2201=CARTESIAN_POINT('',(4.555469081,-9.737218814,121.99878081));
#2202=VERTEX_POINT('',#2201);
#2203=CARTESIAN_POINT('',(4.555469081,-9.737218814,121.99878081));
#2204=DIRECTION('',(0.64278761,0.,-0.766044443));
#2205=VECTOR('',#2204,3.525562372);
#2206=LINE('',#2203,#2205);
#2207=EDGE_CURVE('',#2202,#2171,#2206,.T.);
#2208=ORIENTED_EDGE('',*,*,#2207,.T.);
#2209=ORIENTED_EDGE('',*,*,#2191,.F.);
#2210=CARTESIAN_POINT('',(4.095842415,-9.737218814,121.613108244));
#2211=VERTEX_POINT('',#2210);
#2212=CARTESIAN_POINT('',(4.095842415,-9.737218814,121.613108244));
#2213=DIRECTION('',(0.64278761,0.,-0.766044443));
#2214=VECTOR('',#2213,3.525562372);
#2215=LINE('',#2212,#2214);
#2216=EDGE_CURVE('',#2211,#2180,#2215,.T.);
#2217=ORIENTED_EDGE('',*,*,#2216,.F.);
#2218=CARTESIAN_POINT('',(4.095842415,-9.737218814,121.613108244));
#2219=DIRECTION('',(0.766044443,0.,0.64278761));
#2220=VECTOR('',#2219,0.6);
#2221=LINE('',#2218,#2220);
#2222=EDGE_CURVE('',#2211,#2202,#2221,.T.);
#2223=ORIENTED_EDGE('',*,*,#2222,.T.);
#2224=EDGE_LOOP('',(#2208,#2209,#2217,#2223));
#2225=FACE_BOUND('',#2224,.T.);
#2226=ADVANCED_FACE('',(#2225),#2200,.F.);
#2227=CARTESIAN_POINT('',(4.095842415,-9.076005453,121.613108244));
#2228=DIRECTION('',(-0.64278761,-0.,0.766044443));
#2229=DIRECTION('',(0.766044443,-0.,0.64278761));
#2230=AXIS2_PLACEMENT_3D('',#2227,#2228,#2229);
#2231=PLANE('',#2230);
#2232=CARTESIAN_POINT('',(4.555469081,-8.414792093,121.99878081));
#2233=DIRECTION('',(0.,-1.,0.));
#2234=VECTOR('',#2233,1.322426721);
#2235=LINE('',#2232,#2234);
#2236=EDGE_CURVE('',#2009,#2202,#2235,.T.);
#2237=ORIENTED_EDGE('',*,*,#2236,.T.);
#2238=ORIENTED_EDGE('',*,*,#2222,.F.);
#2239=CARTESIAN_POINT('',(4.095842415,-8.414792093,121.613108244));
#2240=DIRECTION('',(0.,-1.,0.));
#2241=VECTOR('',#2240,1.322426721);
#2242=LINE('',#2239,#2241);
#2243=EDGE_CURVE('',#2017,#2211,#2242,.T.);
#2244=ORIENTED_EDGE('',*,*,#2243,.F.);
#2245=ORIENTED_EDGE('',*,*,#2022,.T.);
#2246=EDGE_LOOP('',(#2237,#2238,#2244,#2245));
#2247=FACE_BOUND('',#2246,.T.);
#2248=ADVANCED_FACE('',(#2247),#2231,.F.);
#2249=CARTESIAN_POINT('',(62.286304926,0.,52.264415491));
#2250=DIRECTION('',(0.766044443,0.,0.64278761));
#2251=DIRECTION('',(-0.,1.,-0.));
#2252=AXIS2_PLACEMENT_3D('',#2249,#2250,#2251);
#2253=PLANE('',#2252);
#2254=ORIENTED_EDGE('',*,*,#2030,.T.);
#2255=ORIENTED_EDGE('',*,*,#2243,.T.);
#2256=ORIENTED_EDGE('',*,*,#2216,.T.);
#2257=ORIENTED_EDGE('',*,*,#2185,.T.);
#2258=ORIENTED_EDGE('',*,*,#2154,.T.);
#2259=ORIENTED_EDGE('',*,*,#2123,.T.);
#2260=ORIENTED_EDGE('',*,*,#2092,.T.);
#2261=ORIENTED_EDGE('',*,*,#2061,.T.);
#2262=EDGE_LOOP('',(#2254,#2255,#2256,#2257,#2258,#2259,#2260,#2261));
#2263=FACE_BOUND('',#2262,.T.);
#2264=ADVANCED_FACE('',(#2263),#2253,.F.);
#2265=CARTESIAN_POINT('',(62.745931592,0.,52.650088057));
#2266=DIRECTION('',(0.766044443,0.,0.64278761));
#2267=DIRECTION('',(-0.,1.,-0.));
#2268=AXIS2_PLACEMENT_3D('',#2265,#2266,#2267);
#2269=PLANE('',#2268);
#2270=ORIENTED_EDGE('',*,*,#2014,.F.);
#2271=ORIENTED_EDGE('',*,*,#2052,.F.);
#2272=ORIENTED_EDGE('',*,*,#2083,.F.);
#2273=ORIENTED_EDGE('',*,*,#2114,.F.);
#2274=ORIENTED_EDGE('',*,*,#2145,.F.);
#2275=ORIENTED_EDGE('',*,*,#2176,.F.);
#2276=ORIENTED_EDGE('',*,*,#2207,.F.);
#2277=ORIENTED_EDGE('',*,*,#2236,.F.);
#2278=EDGE_LOOP('',(#2270,#2271,#2272,#2273,#2274,#2275,#2276,#2277));
#2279=FACE_BOUND('',#2278,.T.);
#2280=ADVANCED_FACE('',(#2279),#2269,.T.);
#2281=OVER_RIDING_STYLED_ITEM('',(#514),#2280,#2000);
#2282=CLOSED_SHELL('',(#2040,#2071,#2102,#2133,#2164,#2195,#2226,#2248,#2264,#2280));
#2283=MANIFOLD_SOLID_BREP('Corps 19',#2282);
#2000=STYLED_ITEM('',(#1715),#2283);
#2285=CARTESIAN_POINT('',(5.481044649,0.012020066,120.895722801));
#2286=DIRECTION('',(-0.766044443,-0.,-0.64278761));
#2287=DIRECTION('',(0.,-1.,0.));
#2288=AXIS2_PLACEMENT_3D('',#2285,#2286,#2287);
#2289=PLANE('',#2288);
#2290=CARTESIAN_POINT('',(-6.327444338,-1.963365402,134.968531974));
#2291=VERTEX_POINT('',#2290);
#2292=CARTESIAN_POINT('',(-3.758046558,-1.963365402,131.906442939));
#2293=VERTEX_POINT('',#2292);
#2294=CARTESIAN_POINT('',(-6.327444338,-1.963365402,134.968531974));
#2295=DIRECTION('',(0.64278761,0.,-0.766044443));
#2296=VECTOR('',#2295,3.997273347);
#2297=LINE('',#2294,#2296);
#2298=EDGE_CURVE('',#2291,#2293,#2297,.T.);
#2299=ORIENTED_EDGE('',*,*,#2298,.T.);
#2300=CARTESIAN_POINT('',(-3.758046558,-2.492336091,131.906442939));
#2301=VERTEX_POINT('',#2300);
#2302=CARTESIAN_POINT('',(-3.758046558,-1.963365402,131.906442939));
#2303=DIRECTION('',(0.,-1.,-0.));
#2304=VECTOR('',#2303,0.528970688);
#2305=LINE('',#2302,#2304);
#2306=EDGE_CURVE('',#2293,#2301,#2305,.T.);
#2307=ORIENTED_EDGE('',*,*,#2306,.T.);
#2308=CARTESIAN_POINT('',(-4.969133779,-2.492336091,133.349760485));
#2309=VERTEX_POINT('',#2308);
#2310=CARTESIAN_POINT('',(-3.758046558,-2.492336091,131.906442939));
#2311=DIRECTION('',(-0.64278761,0.,0.766044443));
#2312=VECTOR('',#2311,1.884117246);
#2313=LINE('',#2310,#2312);
#2314=EDGE_CURVE('',#2301,#2309,#2313,.T.);
#2315=ORIENTED_EDGE('',*,*,#2314,.T.);
#2316=CARTESIAN_POINT('',(-4.969133779,-4.570045702,133.349760485));
#2317=VERTEX_POINT('',#2316);
#2318=CARTESIAN_POINT('',(-4.969133779,-2.492336091,133.349760485));
#2319=DIRECTION('',(0.,-1.,-0.));
#2320=VECTOR('',#2319,2.077709611);
#2321=LINE('',#2318,#2320);
#2322=EDGE_CURVE('',#2309,#2317,#2321,.T.);
#2323=ORIENTED_EDGE('',*,*,#2322,.T.);
#2324=CARTESIAN_POINT('',(-3.758046558,-4.570045702,131.906442939));
#2325=VERTEX_POINT('',#2324);
#2326=CARTESIAN_POINT('',(-4.969133779,-4.570045702,133.349760485));
#2327=DIRECTION('',(0.64278761,0.,-0.766044443));
#2328=VECTOR('',#2327,1.884117246);
#2329=LINE('',#2326,#2328);
#2330=EDGE_CURVE('',#2317,#2325,#2329,.T.);
#2331=ORIENTED_EDGE('',*,*,#2330,.T.);
#2332=CARTESIAN_POINT('',(-3.758046558,-5.099016391,131.906442939));
#2333=VERTEX_POINT('',#2332);
#2334=CARTESIAN_POINT('',(-3.758046558,-4.570045702,131.906442939));
#2335=DIRECTION('',(0.,-1.,0.));
#2336=VECTOR('',#2335,0.528970688);
#2337=LINE('',#2334,#2336);
#2338=EDGE_CURVE('',#2325,#2333,#2337,.T.);
#2339=ORIENTED_EDGE('',*,*,#2338,.T.);
#2340=CARTESIAN_POINT('',(-6.327444338,-5.099016391,134.968531974));
#2341=VERTEX_POINT('',#2340);
#2342=CARTESIAN_POINT('',(-3.758046558,-5.099016391,131.906442939));
#2343=DIRECTION('',(-0.64278761,0.,0.766044443));
#2344=VECTOR('',#2343,3.997273347);
#2345=LINE('',#2342,#2344);
#2346=EDGE_CURVE('',#2333,#2341,#2345,.T.);
#2347=ORIENTED_EDGE('',*,*,#2346,.T.);
#2348=CARTESIAN_POINT('',(-6.327444338,-4.570045702,134.968531974));
#2349=VERTEX_POINT('',#2348);
#2350=CARTESIAN_POINT('',(-6.327444338,-5.099016391,134.968531974));
#2351=DIRECTION('',(-0.,1.,-0.));
#2352=VECTOR('',#2351,0.528970688);
#2353=LINE('',#2350,#2352);
#2354=EDGE_CURVE('',#2341,#2349,#2353,.T.);
#2355=ORIENTED_EDGE('',*,*,#2354,.T.);
#2356=CARTESIAN_POINT('',(-5.272343749,-4.570045702,133.711112056));
#2357=VERTEX_POINT('',#2356);
#2358=CARTESIAN_POINT('',(-6.327444338,-4.570045702,134.968531974));
#2359=DIRECTION('',(0.64278761,-0.,-0.766044443));
#2360=VECTOR('',#2359,1.641445126);
#2361=LINE('',#2358,#2360);
#2362=EDGE_CURVE('',#2349,#2357,#2361,.T.);
#2363=ORIENTED_EDGE('',*,*,#2362,.T.);
#2364=CARTESIAN_POINT('',(-5.272343749,-2.492336091,133.711112056));
#2365=VERTEX_POINT('',#2364);
#2366=CARTESIAN_POINT('',(-5.272343749,-4.570045702,133.711112056));
#2367=DIRECTION('',(0.,1.,-0.));
#2368=VECTOR('',#2367,2.077709611);
#2369=LINE('',#2366,#2368);
#2370=EDGE_CURVE('',#2357,#2365,#2369,.T.);
#2371=ORIENTED_EDGE('',*,*,#2370,.T.);
#2372=CARTESIAN_POINT('',(-6.327444338,-2.492336091,134.968531974));
#2373=VERTEX_POINT('',#2372);
#2374=CARTESIAN_POINT('',(-5.272343749,-2.492336091,133.711112056));
#2375=DIRECTION('',(-0.64278761,-0.,0.766044443));
#2376=VECTOR('',#2375,1.641445126);
#2377=LINE('',#2374,#2376);
#2378=EDGE_CURVE('',#2365,#2373,#2377,.T.);
#2379=ORIENTED_EDGE('',*,*,#2378,.T.);
#2380=CARTESIAN_POINT('',(-6.327444338,-2.492336091,134.968531974));
#2381=DIRECTION('',(-0.,1.,0.));
#2382=VECTOR('',#2381,0.528970688);
#2383=LINE('',#2380,#2382);
#2384=EDGE_CURVE('',#2373,#2291,#2383,.T.);
#2385=ORIENTED_EDGE('',*,*,#2384,.T.);
#2386=EDGE_LOOP('',(#2299,#2307,#2315,#2323,#2331,#2339,#2347,#2355,#2363,#2371,#2379,#2385));
#2387=FACE_BOUND('',#2386,.T.);
#2388=CARTESIAN_POINT('',(4.252259111,-8.414792093,122.360132381));
#2389=VERTEX_POINT('',#2388);
#2390=CARTESIAN_POINT('',(4.555469081,-8.414792093,121.99878081));
#2391=VERTEX_POINT('',#2390);
#2392=CARTESIAN_POINT('',(4.252259111,-8.414792093,122.360132381));
#2393=DIRECTION('',(0.64278761,-0.,-0.766044443));
#2394=VECTOR('',#2393,0.471710975);
#2395=LINE('',#2392,#2394);
#2396=EDGE_CURVE('',#2389,#2391,#2395,.T.);
#2397=ORIENTED_EDGE('',*,*,#2396,.T.);
#2398=CARTESIAN_POINT('',(4.555469081,-9.737218814,121.99878081));
#2399=VERTEX_POINT('',#2398);
#2400=CARTESIAN_POINT('',(4.555469081,-8.414792093,121.99878081));
#2401=DIRECTION('',(0.,-1.,0.));
#2402=VECTOR('',#2401,1.322426721);
#2403=LINE('',#2400,#2402);
#2404=EDGE_CURVE('',#2391,#2399,#2403,.T.);
#2405=ORIENTED_EDGE('',*,*,#2404,.T.);
#2406=CARTESIAN_POINT('',(6.821656891,-9.737218814,119.298043346));
#2407=VERTEX_POINT('',#2406);
#2408=CARTESIAN_POINT('',(4.555469081,-9.737218814,121.99878081));
#2409=DIRECTION('',(0.64278761,0.,-0.766044443));
#2410=VECTOR('',#2409,3.525562372);
#2411=LINE('',#2408,#2410);
#2412=EDGE_CURVE('',#2399,#2407,#2411,.T.);
#2413=ORIENTED_EDGE('',*,*,#2412,.T.);
#2414=CARTESIAN_POINT('',(6.821656891,-10.266189502,119.298043346));
#2415=VERTEX_POINT('',#2414);
#2416=CARTESIAN_POINT('',(6.821656891,-9.737218814,119.298043346));
#2417=DIRECTION('',(0.,-1.,0.));
#2418=VECTOR('',#2417,0.528970688);
#2419=LINE('',#2416,#2418);
#2420=EDGE_CURVE('',#2407,#2415,#2419,.T.);
#2421=ORIENTED_EDGE('',*,*,#2420,.T.);
#2422=CARTESIAN_POINT('',(4.555469081,-10.266189502,121.99878081));
#2423=VERTEX_POINT('',#2422);
#2424=CARTESIAN_POINT('',(6.821656891,-10.266189502,119.298043346));
#2425=DIRECTION('',(-0.64278761,-0.,0.766044443));
#2426=VECTOR('',#2425,3.525562372);
#2427=LINE('',#2424,#2426);
#2428=EDGE_CURVE('',#2415,#2423,#2427,.T.);
#2429=ORIENTED_EDGE('',*,*,#2428,.T.);
#2430=CARTESIAN_POINT('',(4.555469081,-11.583162918,121.99878081));
#2431=VERTEX_POINT('',#2430);
#2432=CARTESIAN_POINT('',(4.555469081,-10.266189502,121.99878081));
#2433=DIRECTION('',(0.,-1.,0.));
#2434=VECTOR('',#2433,1.316973415);
#2435=LINE('',#2432,#2434);
#2436=EDGE_CURVE('',#2423,#2431,#2435,.T.);
#2437=ORIENTED_EDGE('',*,*,#2436,.T.);
#2438=CARTESIAN_POINT('',(4.252259111,-11.583162918,122.360132381));
#2439=VERTEX_POINT('',#2438);
#2440=CARTESIAN_POINT('',(4.555469081,-11.583162918,121.99878081));
#2441=DIRECTION('',(-0.64278761,0.,0.766044443));
#2442=VECTOR('',#2441,0.471710975);
#2443=LINE('',#2440,#2442);
#2444=EDGE_CURVE('',#2431,#2439,#2443,.T.);
#2445=ORIENTED_EDGE('',*,*,#2444,.T.);
#2446=CARTESIAN_POINT('',(4.252259111,-11.583162918,122.360132381));
#2447=DIRECTION('',(-0.,1.,0.));
#2448=VECTOR('',#2447,3.168370825);
#2449=LINE('',#2446,#2448);
#2450=EDGE_CURVE('',#2439,#2389,#2449,.T.);
#2451=ORIENTED_EDGE('',*,*,#2450,.T.);
#2452=EDGE_LOOP('',(#2397,#2405,#2413,#2421,#2429,#2437,#2445,#2451));
#2453=FACE_BOUND('',#2452,.T.);
#2454=CARTESIAN_POINT('',(4.276796334,-12.891956374,122.330890057));
#2455=VERTEX_POINT('',#2454);
#2456=CARTESIAN_POINT('',(5.777072254,-13.453646898,120.542930839));
#2457=VERTEX_POINT('',#2456);
#2458=CARTESIAN_POINT('',(4.276796334,-12.891956374,122.330890057));
#2459=CARTESIAN_POINT('',(4.308344192,-12.597477846,122.293292784));
#2460=CARTESIAN_POINT('',(4.39685346,-12.398432175,122.187811545));
#2461=CARTESIAN_POINT('',(4.485362729,-12.199386503,122.082330306));
#2462=CARTESIAN_POINT('',(4.644854679,-12.078050443,121.892255202));
#2463=CARTESIAN_POINT('',(4.804346628,-11.956714383,121.702180098));
#2464=CARTESIAN_POINT('',(4.995386436,-11.956714383,121.474507721));
#2465=CARTESIAN_POINT('',(5.323133629,-11.956714383,121.083913826));
#2466=CARTESIAN_POINT('',(5.550102942,-12.281186094,120.813422333));
#2467=CARTESIAN_POINT('',(5.777072254,-12.605657805,120.542930839));
#2468=CARTESIAN_POINT('',(5.777072254,-13.453646898,120.542930839));
#2469=B_SPLINE_CURVE_WITH_KNOTS('',2,(#2458,#2459,#2460,#2461,#2462,#2463,#2464,#2465,#2466,#2467,#2468),.UNSPECIFIED.,.F.,.F.,(3,2,2,2,2,3),(0.100027082,0.23996581,0.379904537,0.519843265,0.759921632,1.),.UNSPECIFIED.);
#2470=EDGE_CURVE('',#2455,#2457,#2469,.T.);
#2471=ORIENTED_EDGE('',*,*,#2470,.T.);
#2472=CARTESIAN_POINT('',(5.777072254,-14.478868439,120.542930839));
#2473=VERTEX_POINT('',#2472);
#2474=CARTESIAN_POINT('',(5.777072254,-13.453646898,120.542930839));
#2475=DIRECTION('',(0.,-1.,0.));
#2476=VECTOR('',#2475,1.025221541);
#2477=LINE('',#2474,#2476);
#2478=EDGE_CURVE('',#2457,#2473,#2477,.T.);
#2479=ORIENTED_EDGE('',*,*,#2478,.T.);
#2480=CARTESIAN_POINT('',(6.821656891,-14.478868439,119.298043346));
#2481=VERTEX_POINT('',#2480);
#2482=CARTESIAN_POINT('',(5.777072254,-14.478868439,120.542930839));
#2483=DIRECTION('',(0.64278761,-0.,-0.766044443));
#2484=VECTOR('',#2483,1.625085208);
#2485=LINE('',#2482,#2484);
#2486=EDGE_CURVE('',#2473,#2481,#2485,.T.);
#2487=ORIENTED_EDGE('',*,*,#2486,.T.);
#2488=CARTESIAN_POINT('',(6.821656891,-15.007839127,119.298043346));
#2489=VERTEX_POINT('',#2488);
#2490=CARTESIAN_POINT('',(6.821656891,-14.478868439,119.298043346));
#2491=DIRECTION('',(0.,-1.,-0.));
#2492=VECTOR('',#2491,0.528970688);
#2493=LINE('',#2490,#2492);
#2494=EDGE_CURVE('',#2481,#2489,#2493,.T.);
#2495=ORIENTED_EDGE('',*,*,#2494,.T.);
#2496=CARTESIAN_POINT('',(4.252259111,-15.007839127,122.360132381));
#2497=VERTEX_POINT('',#2496);
#2498=CARTESIAN_POINT('',(6.821656891,-15.007839127,119.298043346));
#2499=DIRECTION('',(-0.64278761,-0.,0.766044443));
#2500=VECTOR('',#2499,3.997273347);
#2501=LINE('',#2498,#2500);
#2502=EDGE_CURVE('',#2489,#2497,#2501,.T.);
#2503=ORIENTED_EDGE('',*,*,#2502,.T.);
#2504=CARTESIAN_POINT('',(4.252259111,-13.5,122.360132381));
#2505=VERTEX_POINT('',#2504);
#2506=CARTESIAN_POINT('',(4.252259111,-15.007839127,122.360132381));
#2507=DIRECTION('',(-0.,1.,-0.));
#2508=VECTOR('',#2507,1.507839127);
#2509=LINE('',#2506,#2508);
#2510=EDGE_CURVE('',#2497,#2505,#2509,.T.);
#2511=ORIENTED_EDGE('',*,*,#2510,.T.);
#2512=CARTESIAN_POINT('',(4.252259111,-13.5,122.360132381));
#2513=CARTESIAN_POINT('',(4.252259111,-13.101908657,122.360132381));
#2514=CARTESIAN_POINT('',(4.276796334,-12.891956374,122.330890057));
#2515=B_SPLINE_CURVE_WITH_KNOTS('',2,(#2512,#2513,#2514),.UNSPECIFIED.,.F.,.F.,(3,3),(0.,0.100027082),.UNSPECIFIED.);
#2516=EDGE_CURVE('',#2505,#2455,#2515,.T.);
#2517=ORIENTED_EDGE('',*,*,#2516,.T.);
#2518=EDGE_LOOP('',(#2471,#2479,#2487,#2495,#2503,#2511,#2517));
#2519=FACE_BOUND('',#2518,.T.);
#2520=CARTESIAN_POINT('',(13.153230548,-10.0001018,111.752367692));
#2521=VERTEX_POINT('',#2520);
#2522=CARTESIAN_POINT('',(10.582080109,-6.0001018,114.816545465));
#2523=VERTEX_POINT('',#2522);
#2524=CARTESIAN_POINT('',(10.582080109,-10.0001018,114.816545465));
#2525=DIRECTION('',(0.766044443,0.,0.64278761));
#2526=DIRECTION('',(-0.,1.,-0.));
#2527=AXIS2_PLACEMENT_3D('',#2524,#2525,#2526);
#2528=CIRCLE('',#2527,4.);
#2529=EDGE_CURVE('',#2521,#2523,#2528,.T.);
#2530=ORIENTED_EDGE('',*,*,#2529,.F.);
#2531=CARTESIAN_POINT('',(10.582080109,-10.0001018,114.816545465));
#2532=DIRECTION('',(0.766044443,0.,0.64278761));
#2533=DIRECTION('',(-0.,1.,-0.));
#2534=AXIS2_PLACEMENT_3D('',#2531,#2532,#2533);
#2535=CIRCLE('',#2534,4.);
#2536=EDGE_CURVE('',#2523,#2521,#2535,.T.);
#2537=ORIENTED_EDGE('',*,*,#2536,.F.);
#2538=EDGE_LOOP('',(#2530,#2537));
#2539=FACE_BOUND('',#2538,.T.);
#2540=CARTESIAN_POINT('',(18.495192648,19.735258259,105.386065169));
#2541=VERTEX_POINT('',#2540);
#2542=CARTESIAN_POINT('',(18.511643789,19.700977716,105.366459462));
#2543=VERTEX_POINT('',#2542);
#2544=CARTESIAN_POINT('',(17.009748648,17.983244142,107.156348392));
#2545=DIRECTION('',(-0.766044443,-0.,-0.64278761));
#2546=DIRECTION('',(0.64278761,-0.,-0.766044443));
#2547=AXIS2_PLACEMENT_3D('',#2544,#2545,#2546);
#2548=CIRCLE('',#2547,2.900000006);
#2549=EDGE_CURVE('',#2541,#2543,#2548,.T.);
#2550=ORIENTED_EDGE('',*,*,#2549,.F.);
#2551=CARTESIAN_POINT('',(-9.238564908,0.000221092,138.437870372));
#2552=VERTEX_POINT('',#2551);
#2553=CARTESIAN_POINT('',(-9.238564908,0.000221092,138.437870372));
#2554=CARTESIAN_POINT('',(-9.238564908,2.139676787,138.437870372));
#2555=CARTESIAN_POINT('',(-9.061769529,4.314108861,138.227173844));
#2556=CARTESIAN_POINT('',(-8.698450959,6.374168211,137.794187632));
#2557=CARTESIAN_POINT('',(-8.482121664,7.600780952,137.536376418));
#2558=CARTESIAN_POINT('',(-8.188609388,8.817710427,137.186582109));
#2559=CARTESIAN_POINT('',(-7.860109983,9.877169228,136.795091763));
#2560=CARTESIAN_POINT('',(-7.373409285,11.446850424,136.215064457));
#2561=CARTESIAN_POINT('',(-6.823179823,12.681089229,135.55932652));
#2562=CARTESIAN_POINT('',(-6.291398851,13.669535154,134.925574636));
#2563=CARTESIAN_POINT('',(-5.800218133,14.582515508,134.34020825));
#2564=CARTESIAN_POINT('',(-5.352395076,15.257263237,133.806513513));
#2565=CARTESIAN_POINT('',(-4.857602496,15.913899445,133.216842678));
#2566=CARTESIAN_POINT('',(-4.039393756,16.999739261,132.241739473));
#2567=CARTESIAN_POINT('',(-3.127192412,17.936678481,131.154620245));
#2568=CARTESIAN_POINT('',(-2.151549087,18.751094396,129.991893806));
#2569=CARTESIAN_POINT('',(-0.090922243,20.471197689,127.536134362));
#2570=CARTESIAN_POINT('',(2.283299905,21.654593736,124.706646587));
#2571=CARTESIAN_POINT('',(4.383433121,22.414095905,122.203805282));
#2572=CARTESIAN_POINT('',(5.100832484,22.673539624,121.348842015));
#2573=CARTESIAN_POINT('',(5.777706967,22.881380739,120.542174418));
#2574=CARTESIAN_POINT('',(6.414210635,23.050015182,119.783618884));
#2575=CARTESIAN_POINT('',(7.360873331,23.300822747,118.655430216));
#2576=CARTESIAN_POINT('',(8.348472836,23.498125559,117.478454958));
#2577=CARTESIAN_POINT('',(9.33495122,23.611872136,116.3028158));
#2578=CARTESIAN_POINT('',(10.472701429,23.743061216,114.9468979));
#2579=CARTESIAN_POINT('',(11.608997883,23.762336386,113.592712519));
#2580=CARTESIAN_POINT('',(12.676493478,23.63131872,112.320520809));
#2581=CARTESIAN_POINT('',(13.643037194,23.512691249,111.168638863));
#2582=CARTESIAN_POINT('',(14.604302135,23.265307174,110.023047915));
#2583=CARTESIAN_POINT('',(15.480402492,22.832709602,108.978952168));
#2584=CARTESIAN_POINT('',(16.749994018,22.205815425,107.465911905));
#2585=CARTESIAN_POINT('',(17.790959219,21.194259117,106.225337888));
#2586=CARTESIAN_POINT('',(18.495105377,19.735439068,105.386169174));
#2587=CARTESIAN_POINT('',(18.495134468,19.735378799,105.386134505));
#2588=CARTESIAN_POINT('',(18.495163558,19.735318529,105.386099836));
#2589=CARTESIAN_POINT('',(18.495192648,19.735258259,105.386065169));
#2590=B_SPLINE_CURVE_WITH_KNOTS('',3,(#2553,#2554,#2555,#2556,#2557,#2558,#2559,#2560,#2561,#2562,#2563,#2564,#2565,#2566,#2567,#2568,#2569,#2570,#2571,#2572,#2573,#2574,#2575,#2576,#2577,#2578,
#2579,#2580,#2581,#2582,#2583,#2584,#2585,#2586,#2587,#2588,#2589),.UNSPECIFIED.,.F.,.F.,(4,3,3,3,3,3,3,3,3,3,3,3,4),(0.,0.695536349,1.109676721,1.72326203,2.290001513,3.22718452,5.206580484,5.882736354,6.888373196,8.048219724,9.098380846,10.620210683,10.620273555),.UNSPECIFIED.);
#2591=EDGE_CURVE('',#2552,#2541,#2590,.T.);
#2592=ORIENTED_EDGE('',*,*,#2591,.F.);
#2593=CARTESIAN_POINT('',(18.495192649,-19.734816072,105.386065168));
#2594=VERTEX_POINT('',#2593);
#2595=CARTESIAN_POINT('',(18.495192649,-19.734816072,105.386065168));
#2596=CARTESIAN_POINT('',(18.202728815,-20.340766878,105.734609992));
#2597=CARTESIAN_POINT('',(17.860321981,-20.867163295,106.142674567));
#2598=CARTESIAN_POINT('',(17.45418354,-21.329930098,106.626691512));
#2599=CARTESIAN_POINT('',(16.495235089,-22.422585863,107.769521775));
#2600=CARTESIAN_POINT('',(15.246872839,-23.069957072,109.257261971));
#2601=CARTESIAN_POINT('',(13.881349581,-23.410218263,110.884629219));
#2602=CARTESIAN_POINT('',(13.030900984,-23.622133109,111.898154391));
#2603=CARTESIAN_POINT('',(12.16174841,-23.711980435,112.933970093));
#2604=CARTESIAN_POINT('',(11.27658614,-23.719713953,113.988865408));
#2605=CARTESIAN_POINT('',(9.221265543,-23.737670954,116.438301113));
#2606=CARTESIAN_POINT('',(6.96037884,-23.291094658,119.132720964));
#2607=CARTESIAN_POINT('',(4.867937329,-22.583203506,121.626395652));
#2608=CARTESIAN_POINT('',(4.370168181,-22.414803876,122.219613822));
#2609=CARTESIAN_POINT('',(3.885008514,-22.233109242,122.797804598));
#2610=CARTESIAN_POINT('',(3.407743849,-22.037294062,123.366586477));
#2611=CARTESIAN_POINT('',(1.633617977,-21.309394422,125.480907359));
#2612=CARTESIAN_POINT('',(-0.832379918,-20.061302972,128.41976921));
#2613=CARTESIAN_POINT('',(-3.017944952,-17.977968841,131.024424192));
#2614=CARTESIAN_POINT('',(-4.003702618,-17.038320486,132.199204431));
#2615=CARTESIAN_POINT('',(-4.908837077,-15.9477435,133.277901674));
#2616=CARTESIAN_POINT('',(-5.684616599,-14.712281447,134.202439707));
#2617=CARTESIAN_POINT('',(-6.54768502,-13.337808092,135.231004599));
#2618=CARTESIAN_POINT('',(-7.27784335,-11.729284739,136.101173411));
#2619=CARTESIAN_POINT('',(-7.830606849,-9.97121714,136.759931297));
#2620=CARTESIAN_POINT('',(-8.781223618,-6.947774844,137.892832247));
#2621=CARTESIAN_POINT('',(-9.238564908,-3.457352973,138.437870372));
#2622=CARTESIAN_POINT('',(-9.238564908,0.000221092,138.437870372));
#2623=B_SPLINE_CURVE_WITH_KNOTS('',3,(#2595,#2596,#2597,#2598,#2599,#2600,#2601,#2602,#2603,#2604,#2605,#2606,#2607,#2608,#2609,#2610,#2611,#2612,#2613,#2614,#2615,#2616,#2617,#2618,#2619,#2620,
#2621,#2622),.UNSPECIFIED.,.F.,.F.,(4,3,3,3,3,3,3,3,3,4),(4.132344737,4.97639393,6.96930961,8.210498536,11.09250249,11.778099982,14.326657079,15.476135431,16.754950401,18.954196476),.UNSPECIFIED.);
#2624=EDGE_CURVE('',#2594,#2552,#2623,.T.);
#2625=ORIENTED_EDGE('',*,*,#2624,.F.);
#2626=CARTESIAN_POINT('',(18.51164379,-19.70053553,105.366459461));
#2627=VERTEX_POINT('',#2626);
#2628=CARTESIAN_POINT('',(17.009748648,-17.982801957,107.156348392));
#2629=DIRECTION('',(-0.766044443,-0.,-0.64278761));
#2630=DIRECTION('',(0.64278761,-0.,-0.766044443));
#2631=AXIS2_PLACEMENT_3D('',#2628,#2629,#2630);
#2632=CIRCLE('',#2631,2.900000006);
#2633=EDGE_CURVE('',#2627,#2594,#2632,.T.);
#2634=ORIENTED_EDGE('',*,*,#2633,.F.);
#2635=CARTESIAN_POINT('',(20.201107615,0.000221092,103.353034877));
#2636=VERTEX_POINT('',#2635);
#2637=CARTESIAN_POINT('',(20.201107615,0.000221092,103.353034877));
#2638=CARTESIAN_POINT('',(20.201107615,-1.582618296,103.353034877));
#2639=CARTESIAN_POINT('',(20.197721935,-3.009127462,103.357069774));
#2640=CARTESIAN_POINT('',(20.18965265,-4.299335663,103.366686374));
#2641=CARTESIAN_POINT('',(20.152794344,-10.192656593,103.410612392));
#2642=CARTESIAN_POINT('',(20.003151097,-13.208557297,103.58895027));
#2643=CARTESIAN_POINT('',(19.630414719,-15.660939035,104.033160187));
#2644=CARTESIAN_POINT('',(19.37964395,-17.310860238,104.332017152));
#2645=CARTESIAN_POINT('',(19.015832261,-18.643882496,104.76559104));
#2646=CARTESIAN_POINT('',(18.51164379,-19.70053553,105.366459461));
#2647=B_SPLINE_CURVE_WITH_KNOTS('',3,(#2637,#2638,#2639,#2640,#2641,#2642,#2643,#2644,#2645,#2646),.UNSPECIFIED.,.F.,.F.,(4,3,3,4),(0.,0.476398128,2.652455491,4.116470301),.UNSPECIFIED.);
#2648=EDGE_CURVE('',#2636,#2627,#2647,.T.);
#2649=ORIENTED_EDGE('',*,*,#2648,.F.);
#2650=CARTESIAN_POINT('',(18.511643789,19.700977716,105.366459462));
#2651=CARTESIAN_POINT('',(18.511672685,19.700917159,105.366425025));
#2652=CARTESIAN_POINT('',(18.51170158,19.7008566,105.36639059));
#2653=CARTESIAN_POINT('',(18.511730474,19.700796041,105.366356154));
#2654=CARTESIAN_POINT('',(19.137334706,18.389606487,104.620790064));
#2655=CARTESIAN_POINT('',(19.524480322,16.726179397,104.159407885));
#2656=CARTESIAN_POINT('',(19.771672206,14.601991832,103.864816069));
#2657=CARTESIAN_POINT('',(19.885604487,13.622940541,103.729036864));
#2658=CARTESIAN_POINT('',(19.966613743,12.59544492,103.632493793));
#2659=CARTESIAN_POINT('',(20.030418731,11.350984103,103.556453968));
#2660=CARTESIAN_POINT('',(20.155276644,8.915739099,103.407654103));
#2661=CARTESIAN_POINT('',(20.201107615,5.57835367,103.353034877));
#2662=CARTESIAN_POINT('',(20.201107615,0.000221092,103.353034877));
#2663=B_SPLINE_CURVE_WITH_KNOTS('',3,(#2650,#2651,#2652,#2653,#2654,#2655,#2656,#2657,#2658,#2659,#2660,#2661,#2662),.UNSPECIFIED.,.F.,.F.,(4,3,3,3,4),(10.632167944,10.632230844,11.994090692,12.621780386,13.850085987),.UNSPECIFIED.);
#2664=EDGE_CURVE('',#2543,#2636,#2663,.T.);
#2665=ORIENTED_EDGE('',*,*,#2664,.F.);
#2666=EDGE_LOOP('',(#2550,#2592,#2625,#2634,#2649,#2665));
#2667=FACE_BOUND('',#2666,.T.);
#2668=CARTESIAN_POINT('',(17.009748648,16.483244142,107.156348392));
#2669=VERTEX_POINT('',#2668);
#2670=CARTESIAN_POINT('',(17.973930063,17.983244142,106.007281727));
#2671=VERTEX_POINT('',#2670);
#2672=CARTESIAN_POINT('',(17.009748648,17.983244142,107.156348392));
#2673=DIRECTION('',(0.766044443,0.,0.64278761));
#2674=DIRECTION('',(0.64278761,-0.,-0.766044443));
#2675=AXIS2_PLACEMENT_3D('',#2672,#2673,#2674);
#2676=CIRCLE('',#2675,1.5);
#2677=EDGE_CURVE('',#2669,#2671,#2676,.T.);
#2678=ORIENTED_EDGE('',*,*,#2677,.F.);
#2679=CARTESIAN_POINT('',(17.009748648,17.983244142,107.156348392));
#2680=DIRECTION('',(0.766044443,0.,0.64278761));
#2681=DIRECTION('',(0.64278761,-0.,-0.766044443));
#2682=AXIS2_PLACEMENT_3D('',#2679,#2680,#2681);
#2683=CIRCLE('',#2682,1.5);
#2684=EDGE_CURVE('',#2671,#2669,#2683,.T.);
#2685=ORIENTED_EDGE('',*,*,#2684,.F.);
#2686=EDGE_LOOP('',(#2678,#2685));
#2687=FACE_BOUND('',#2686,.T.);
#2688=CARTESIAN_POINT('',(-3.185807066,-15.787459105,131.224474468));
#2689=VERTEX_POINT('',#2688);
#2690=CARTESIAN_POINT('',(-2.221625651,-14.287459105,130.075407803));
#2691=VERTEX_POINT('',#2690);
#2692=CARTESIAN_POINT('',(-3.185807066,-14.287459105,131.224474468));
#2693=DIRECTION('',(0.766044443,0.,0.64278761));
#2694=DIRECTION('',(0.64278761,-0.,-0.766044443));
#2695=AXIS2_PLACEMENT_3D('',#2692,#2693,#2694);
#2696=CIRCLE('',#2695,1.5);
#2697=EDGE_CURVE('',#2689,#2691,#2696,.T.);
#2698=ORIENTED_EDGE('',*,*,#2697,.F.);
#2699=CARTESIAN_POINT('',(-3.185807066,-14.287459105,131.224474468));
#2700=DIRECTION('',(0.766044443,0.,0.64278761));
#2701=DIRECTION('',(0.64278761,-0.,-0.766044443));
#2702=AXIS2_PLACEMENT_3D('',#2699,#2700,#2701);
#2703=CIRCLE('',#2702,1.5);
#2704=EDGE_CURVE('',#2691,#2689,#2703,.T.);
#2705=ORIENTED_EDGE('',*,*,#2704,.F.);
#2706=EDGE_LOOP('',(#2698,#2705));
#2707=FACE_BOUND('',#2706,.T.);
#2708=CARTESIAN_POINT('',(-3.185807066,12.78790129,131.224474468));
#2709=VERTEX_POINT('',#2708);
#2710=CARTESIAN_POINT('',(-2.221625651,14.28790129,130.075407803));
#2711=VERTEX_POINT('',#2710);
#2712=CARTESIAN_POINT('',(-3.185807066,14.28790129,131.224474468));
#2713=DIRECTION('',(0.766044443,0.,0.64278761));
#2714=DIRECTION('',(0.64278761,-0.,-0.766044443));
#2715=AXIS2_PLACEMENT_3D('',#2712,#2713,#2714);
#2716=CIRCLE('',#2715,1.5);
#2717=EDGE_CURVE('',#2709,#2711,#2716,.T.);
#2718=ORIENTED_EDGE('',*,*,#2717,.F.);
#2719=CARTESIAN_POINT('',(-3.185807066,14.28790129,131.224474468));
#2720=DIRECTION('',(0.766044443,0.,0.64278761));
#2721=DIRECTION('',(0.64278761,-0.,-0.766044443));
#2722=AXIS2_PLACEMENT_3D('',#2719,#2720,#2721);
#2723=CIRCLE('',#2722,1.5);
#2724=EDGE_CURVE('',#2711,#2709,#2723,.T.);
#2725=ORIENTED_EDGE('',*,*,#2724,.F.);
#2726=EDGE_LOOP('',(#2718,#2725));
#2727=FACE_BOUND('',#2726,.T.);
#2728=CARTESIAN_POINT('',(17.009748648,-19.482801957,107.156348392));
#2729=VERTEX_POINT('',#2728);
#2730=CARTESIAN_POINT('',(17.973930063,-17.982801957,106.007281727));
#2731=VERTEX_POINT('',#2730);
#2732=CARTESIAN_POINT('',(17.009748648,-17.982801957,107.156348392));
#2733=DIRECTION('',(0.766044443,0.,0.64278761));
#2734=DIRECTION('',(0.64278761,-0.,-0.766044443));
#2735=AXIS2_PLACEMENT_3D('',#2732,#2733,#2734);
#2736=CIRCLE('',#2735,1.5);
#2737=EDGE_CURVE('',#2729,#2731,#2736,.T.);
#2738=ORIENTED_EDGE('',*,*,#2737,.F.);
#2739=CARTESIAN_POINT('',(17.009748648,-17.982801957,107.156348392));
#2740=DIRECTION('',(0.766044443,0.,0.64278761));
#2741=DIRECTION('',(0.64278761,-0.,-0.766044443));
#2742=AXIS2_PLACEMENT_3D('',#2739,#2740,#2741);
#2743=CIRCLE('',#2742,1.5);
#2744=EDGE_CURVE('',#2731,#2729,#2743,.T.);
#2745=ORIENTED_EDGE('',*,*,#2744,.F.);
#2746=EDGE_LOOP('',(#2738,#2745));
#2747=FACE_BOUND('',#2746,.T.);
#2748=CARTESIAN_POINT('',(4.252259111,-5.003749148,122.360132381));
#2749=VERTEX_POINT('',#2748);
#2750=CARTESIAN_POINT('',(4.555469081,-5.003749148,121.99878081));
#2751=VERTEX_POINT('',#2750);
#2752=CARTESIAN_POINT('',(4.252259111,-5.003749148,122.360132381));
#2753=DIRECTION('',(0.64278761,-0.,-0.766044443));
#2754=VECTOR('',#2753,0.471710975);
#2755=LINE('',#2752,#2754);
#2756=EDGE_CURVE('',#2749,#2751,#2755,.T.);
#2757=ORIENTED_EDGE('',*,*,#2756,.T.);
#2758=CARTESIAN_POINT('',(4.555469081,-6.326175869,121.99878081));
#2759=VERTEX_POINT('',#2758);
#2760=CARTESIAN_POINT('',(4.555469081,-5.003749148,121.99878081));
#2761=DIRECTION('',(0.,-1.,0.));
#2762=VECTOR('',#2761,1.322426721);
#2763=LINE('',#2760,#2762);
#2764=EDGE_CURVE('',#2751,#2759,#2763,.T.);
#2765=ORIENTED_EDGE('',*,*,#2764,.T.);
#2766=CARTESIAN_POINT('',(6.821656891,-6.326175869,119.298043346));
#2767=VERTEX_POINT('',#2766);
#2768=CARTESIAN_POINT('',(4.555469081,-6.326175869,121.99878081));
#2769=DIRECTION('',(0.64278761,-0.,-0.766044443));
#2770=VECTOR('',#2769,3.525562372);
#2771=LINE('',#2768,#2770);
#2772=EDGE_CURVE('',#2759,#2767,#2771,.T.);
#2773=ORIENTED_EDGE('',*,*,#2772,.T.);
#2774=CARTESIAN_POINT('',(6.821656891,-6.855146558,119.298043346));
#2775=VERTEX_POINT('',#2774);
#2776=CARTESIAN_POINT('',(6.821656891,-6.326175869,119.298043346));
#2777=DIRECTION('',(-0.,-1.,0.));
#2778=VECTOR('',#2777,0.528970688);
#2779=LINE('',#2776,#2778);
#2780=EDGE_CURVE('',#2767,#2775,#2779,.T.);
#2781=ORIENTED_EDGE('',*,*,#2780,.T.);
#2782=CARTESIAN_POINT('',(4.555469081,-6.855146558,121.99878081));
#2783=VERTEX_POINT('',#2782);
#2784=CARTESIAN_POINT('',(6.821656891,-6.855146558,119.298043346));
#2785=DIRECTION('',(-0.64278761,0.,0.766044443));
#2786=VECTOR('',#2785,3.525562372);
#2787=LINE('',#2784,#2786);
#2788=EDGE_CURVE('',#2775,#2783,#2787,.T.);
#2789=ORIENTED_EDGE('',*,*,#2788,.T.);
#2790=CARTESIAN_POINT('',(4.555469081,-8.172119973,121.99878081));
#2791=VERTEX_POINT('',#2790);
#2792=CARTESIAN_POINT('',(4.555469081,-6.855146558,121.99878081));
#2793=DIRECTION('',(0.,-1.,0.));
#2794=VECTOR('',#2793,1.316973415);
#2795=LINE('',#2792,#2794);
#2796=EDGE_CURVE('',#2783,#2791,#2795,.T.);
#2797=ORIENTED_EDGE('',*,*,#2796,.T.);
#2798=CARTESIAN_POINT('',(4.252259111,-8.172119973,122.360132381));
#2799=VERTEX_POINT('',#2798);
#2800=CARTESIAN_POINT('',(4.555469081,-8.172119973,121.99878081));
#2801=DIRECTION('',(-0.64278761,-0.,0.766044443));
#2802=VECTOR('',#2801,0.471710975);
#2803=LINE('',#2800,#2802);
#2804=EDGE_CURVE('',#2791,#2799,#2803,.T.);
#2805=ORIENTED_EDGE('',*,*,#2804,.T.);
#2806=CARTESIAN_POINT('',(4.252259111,-8.172119973,122.360132381));
#2807=DIRECTION('',(-0.,1.,-0.));
#2808=VECTOR('',#2807,3.168370825);
#2809=LINE('',#2806,#2808);
#2810=EDGE_CURVE('',#2799,#2749,#2809,.T.);
#2811=ORIENTED_EDGE('',*,*,#2810,.T.);
#2812=EDGE_LOOP('',(#2757,#2765,#2773,#2781,#2789,#2797,#2805,#2811));
#2813=FACE_BOUND('',#2812,.T.);
#2814=CARTESIAN_POINT('',(-2.489294995,-0.000060605,130.394403706));
#2815=VERTEX_POINT('',#2814);
#2816=CARTESIAN_POINT('',(2.010218273,-0.000060605,125.032092604));
#2817=VERTEX_POINT('',#2816);
#2818=CARTESIAN_POINT('',(-0.239538361,-0.000060605,127.713248155));
#2819=DIRECTION('',(-0.766044443,-0.,-0.64278761));
#2820=DIRECTION('',(-0.64278761,-0.,0.766044443));
#2821=AXIS2_PLACEMENT_3D('',#2818,#2819,#2820);
#2822=CIRCLE('',#2821,3.5);
#2823=EDGE_CURVE('',#2815,#2817,#2822,.T.);
#2824=ORIENTED_EDGE('',*,*,#2823,.T.);
#2825=CARTESIAN_POINT('',(-0.239538361,-0.000060605,127.713248155));
#2826=DIRECTION('',(-0.766044443,-0.,-0.64278761));
#2827=DIRECTION('',(-0.64278761,-0.,0.766044443));
#2828=AXIS2_PLACEMENT_3D('',#2825,#2826,#2827);
#2829=CIRCLE('',#2828,3.5);
#2830=EDGE_CURVE('',#2817,#2815,#2829,.T.);
#2831=ORIENTED_EDGE('',*,*,#2830,.T.);
#2832=EDGE_LOOP('',(#2824,#2831));
#2833=FACE_BOUND('',#2832,.T.);
#2834=CARTESIAN_POINT('',(-6.327444338,5.095939301,134.968531974));
#2835=VERTEX_POINT('',#2834);
#2836=CARTESIAN_POINT('',(-6.024234368,5.095939301,134.607180403));
#2837=VERTEX_POINT('',#2836);
#2838=CARTESIAN_POINT('',(-6.327444338,5.095939301,134.968531974));
#2839=DIRECTION('',(0.64278761,0.,-0.766044443));
#2840=VECTOR('',#2839,0.471710975);
#2841=LINE('',#2838,#2840);
#2842=EDGE_CURVE('',#2835,#2837,#2841,.T.);
#2843=ORIENTED_EDGE('',*,*,#2842,.T.);
#2844=CARTESIAN_POINT('',(-6.024234368,3.77351258,134.607180403));
#2845=VERTEX_POINT('',#2844);
#2846=CARTESIAN_POINT('',(-6.024234368,5.095939301,134.607180403));
#2847=DIRECTION('',(0.,-1.,0.));
#2848=VECTOR('',#2847,1.322426721);
#2849=LINE('',#2846,#2848);
#2850=EDGE_CURVE('',#2837,#2845,#2849,.T.);
#2851=ORIENTED_EDGE('',*,*,#2850,.T.);
#2852=CARTESIAN_POINT('',(-3.758046558,3.77351258,131.906442939));
#2853=VERTEX_POINT('',#2852);
#2854=CARTESIAN_POINT('',(-6.024234368,3.77351258,134.607180403));
#2855=DIRECTION('',(0.64278761,0.,-0.766044443));
#2856=VECTOR('',#2855,3.525562372);
#2857=LINE('',#2854,#2856);
#2858=EDGE_CURVE('',#2845,#2853,#2857,.T.);
#2859=ORIENTED_EDGE('',*,*,#2858,.T.);
#2860=CARTESIAN_POINT('',(-3.758046558,3.244541891,131.906442939));
#2861=VERTEX_POINT('',#2860);
#2862=CARTESIAN_POINT('',(-3.758046558,3.77351258,131.906442939));
#2863=DIRECTION('',(0.,-1.,0.));
#2864=VECTOR('',#2863,0.528970688);
#2865=LINE('',#2862,#2864);
#2866=EDGE_CURVE('',#2853,#2861,#2865,.T.);
#2867=ORIENTED_EDGE('',*,*,#2866,.T.);
#2868=CARTESIAN_POINT('',(-6.024234368,3.244541891,134.607180403));
#2869=VERTEX_POINT('',#2868);
#2870=CARTESIAN_POINT('',(-3.758046558,3.244541891,131.906442939));
#2871=DIRECTION('',(-0.64278761,-0.,0.766044443));
#2872=VECTOR('',#2871,3.525562372);
#2873=LINE('',#2870,#2872);
#2874=EDGE_CURVE('',#2861,#2869,#2873,.T.);
#2875=ORIENTED_EDGE('',*,*,#2874,.T.);
#2876=CARTESIAN_POINT('',(-6.024234368,1.927568476,134.607180403));
#2877=VERTEX_POINT('',#2876);
#2878=CARTESIAN_POINT('',(-6.024234368,3.244541891,134.607180403));
#2879=DIRECTION('',(0.,-1.,-0.));
#2880=VECTOR('',#2879,1.316973415);
#2881=LINE('',#2878,#2880);
#2882=EDGE_CURVE('',#2869,#2877,#2881,.T.);
#2883=ORIENTED_EDGE('',*,*,#2882,.T.);
#2884=CARTESIAN_POINT('',(-6.327444338,1.927568476,134.968531974));
#2885=VERTEX_POINT('',#2884);
#2886=CARTESIAN_POINT('',(-6.024234368,1.927568476,134.607180403));
#2887=DIRECTION('',(-0.64278761,-0.,0.766044443));
#2888=VECTOR('',#2887,0.471710975);
#2889=LINE('',#2886,#2888);
#2890=EDGE_CURVE('',#2877,#2885,#2889,.T.);
#2891=ORIENTED_EDGE('',*,*,#2890,.T.);
#2892=CARTESIAN_POINT('',(-6.327444338,1.927568476,134.968531974));
#2893=DIRECTION('',(-0.,1.,0.));
#2894=VECTOR('',#2893,3.168370825);
#2895=LINE('',#2892,#2894);
#2896=EDGE_CURVE('',#2885,#2835,#2895,.T.);
#2897=ORIENTED_EDGE('',*,*,#2896,.T.);
#2898=EDGE_LOOP('',(#2843,#2851,#2859,#2867,#2875,#2883,#2891,#2897));
#2899=FACE_BOUND('',#2898,.T.);
#2900=CARTESIAN_POINT('',(-3.758046558,2.219320351,131.906442939));
#2901=VERTEX_POINT('',#2900);
#2902=CARTESIAN_POINT('',(-3.758046558,1.61673003,131.906442939));
#2903=VERTEX_POINT('',#2902);
#2904=CARTESIAN_POINT('',(-3.758046558,2.219320351,131.906442939));
#2905=DIRECTION('',(0.,-1.,0.));
#2906=VECTOR('',#2905,0.60259032);
#2907=LINE('',#2904,#2906);
#2908=EDGE_CURVE('',#2901,#2903,#2907,.T.);
#2909=ORIENTED_EDGE('',*,*,#2908,.T.);
#2910=CARTESIAN_POINT('',(-4.536227059,1.150472362,132.833842346));
#2911=VERTEX_POINT('',#2910);
#2912=CARTESIAN_POINT('',(-3.758046558,1.61673003,131.906442939));
#2913=DIRECTION('',(-0.599838472,-0.359401562,0.714859654));
#2914=VECTOR('',#2913,1.297316757);
#2915=LINE('',#2912,#2914);
#2916=EDGE_CURVE('',#2903,#2911,#2915,.T.);
#2917=ORIENTED_EDGE('',*,*,#2916,.T.);
#2918=CARTESIAN_POINT('',(-4.536227059,-0.520965948,132.833842346));
#2919=VERTEX_POINT('',#2918);
#2920=CARTESIAN_POINT('',(-4.536227059,1.150472362,132.833842346));
#2921=DIRECTION('',(0.,-1.,0.));
#2922=VECTOR('',#2921,1.671438309);
#2923=LINE('',#2920,#2922);
#2924=EDGE_CURVE('',#2911,#2919,#2923,.T.);
#2925=ORIENTED_EDGE('',*,*,#2924,.T.);
#2926=CARTESIAN_POINT('',(-3.758046558,-0.959957086,131.906442939));
#2927=VERTEX_POINT('',#2926);
#2928=CARTESIAN_POINT('',(-4.536227059,-0.520965948,132.833842346));
#2929=DIRECTION('',(0.604286008,-0.340892893,-0.720160021));
#2930=VECTOR('',#2929,1.287768525);
#2931=LINE('',#2928,#2930);
#2932=EDGE_CURVE('',#2919,#2927,#2931,.T.);
#2933=ORIENTED_EDGE('',*,*,#2932,.T.);
#2934=CARTESIAN_POINT('',(-3.758046558,-1.521647611,131.906442939));
#2935=VERTEX_POINT('',#2934);
#2936=CARTESIAN_POINT('',(-3.758046558,-0.959957086,131.906442939));
#2937=DIRECTION('',(-0.,-1.,0.));
#2938=VECTOR('',#2937,0.561690525);
#2939=LINE('',#2936,#2938);
#2940=EDGE_CURVE('',#2927,#2935,#2939,.T.);
#2941=ORIENTED_EDGE('',*,*,#2940,.T.);
#2942=CARTESIAN_POINT('',(-6.327444338,0.013458047,134.968531974));
#2943=VERTEX_POINT('',#2942);
#2944=CARTESIAN_POINT('',(-3.758046558,-1.521647611,131.906442939));
#2945=DIRECTION('',(-0.600058959,0.358509652,0.71512242));
#2946=VECTOR('',#2945,4.281908872);
#2947=LINE('',#2944,#2946);
#2948=EDGE_CURVE('',#2935,#2943,#2947,.T.);
#2949=ORIENTED_EDGE('',*,*,#2948,.T.);
#2950=CARTESIAN_POINT('',(-6.327444338,0.583328531,134.968531974));
#2951=VERTEX_POINT('',#2950);
#2952=CARTESIAN_POINT('',(-6.327444338,0.013458047,134.968531974));
#2953=DIRECTION('',(-0.,1.,-0.));
#2954=VECTOR('',#2953,0.569870484);
#2955=LINE('',#2952,#2954);
#2956=EDGE_CURVE('',#2943,#2951,#2955,.T.);
#2957=ORIENTED_EDGE('',*,*,#2956,.T.);
#2958=CARTESIAN_POINT('',(-6.327444338,0.583328531,134.968531974));
#2959=DIRECTION('',(0.594891324,0.378780331,-0.708963873));
#2960=VECTOR('',#2959,4.319104473);
#2961=LINE('',#2958,#2960);
#2962=EDGE_CURVE('',#2951,#2901,#2961,.T.);
#2963=ORIENTED_EDGE('',*,*,#2962,.T.);
#2964=EDGE_LOOP('',(#2909,#2917,#2925,#2933,#2941,#2949,#2957,#2963));
#2965=FACE_BOUND('',#2964,.T.);
#2966=ADVANCED_FACE('',(#2387,#2453,#2519,#2539,#2667,#2687,#2707,#2727,#2747,#2813,#2833,#2899,#2965),#2289,.F.);
#2967=CARTESIAN_POINT('',(15.515961984,17.983244142,105.902912553));
#2968=DIRECTION('',(0.766044443,0.,0.64278761));
#2969=DIRECTION('',(0.512222068,0.604142798,-0.61044249));
#2970=AXIS2_PLACEMENT_3D('',#2967,#2968,#2969);
#2971=CONICAL_SURFACE('',#2970,2.650000006,45.);
#2972=CARTESIAN_POINT('',(17.192917094,19.735258259,104.293326232));
#2973=VERTEX_POINT('',#2972);
#2974=CARTESIAN_POINT('',(16.553783839,19.43318686,104.277153672));
#2975=VERTEX_POINT('',#2974);
#2976=CARTESIAN_POINT('',(17.192917094,19.735258259,104.293326232));
#2977=DIRECTION('',(-0.903870918,-0.427193469,-0.022871454));
#2978=VECTOR('',#2977,0.707106781);
#2979=LINE('',#2976,#2978);
#2980=EDGE_CURVE('',#2973,#2975,#2979,.T.);
#2981=ORIENTED_EDGE('',*,*,#2980,.T.);
#2982=CARTESIAN_POINT('',(16.552887092,19.435033078,104.278223605));
#2983=VERTEX_POINT('',#2982);
#2984=CARTESIAN_POINT('',(15.324450873,17.983244142,105.742215651));
#2985=DIRECTION('',(0.766044443,0.,0.64278761));
#2986=DIRECTION('',(0.64278761,-0.,-0.766044443));
#2987=AXIS2_PLACEMENT_3D('',#2984,#2985,#2986);
#2988=CIRCLE('',#2987,2.400000006);
#2989=EDGE_CURVE('',#2975,#2983,#2988,.T.);
#2990=ORIENTED_EDGE('',*,*,#2989,.T.);
#2991=CARTESIAN_POINT('',(16.552887512,19.435032083,104.278225624));
#2992=CARTESIAN_POINT('',(16.766232025,19.535108269,104.283258917));
#2993=CARTESIAN_POINT('',(16.979574541,19.635183308,104.288292482));
#2994=CARTESIAN_POINT('',(17.192917094,19.735258259,104.293326232));
#2995=B_SPLINE_CURVE_WITH_KNOTS('',3,(#2991,#2992,#2993,#2994),.UNSPECIFIED.,.F.,.F.,(4,4),(-0.999998415,0.),.UNSPECIFIED.);
#2996=EDGE_CURVE('',#2983,#2973,#2995,.T.);
#2997=ORIENTED_EDGE('',*,*,#2996,.T.);
#2998=EDGE_LOOP('',(#2981,#2990,#2997));
#2999=FACE_BOUND('',#2998,.T.);
#3000=ADVANCED_FACE('',(#2999),#2971,.T.);
#3001=CARTESIAN_POINT('',(17.009748648,17.983244142,107.156348392));
#3002=DIRECTION('',(-0.766044443,-0.,-0.64278761));
#3003=DIRECTION('',(0.512222068,0.604142798,-0.61044249));
#3004=AXIS2_PLACEMENT_3D('',#3001,#3002,#3003);
#3005=CYLINDRICAL_SURFACE('',#3004,2.900000006);
#3006=CARTESIAN_POINT('',(17.209368236,19.700977717,104.273720525));
#3007=VERTEX_POINT('',#3006);
#3008=CARTESIAN_POINT('',(15.707473095,17.983244142,106.063609456));
#3009=DIRECTION('',(-0.766044443,-0.,-0.64278761));
#3010=DIRECTION('',(-0.64278761,0.,0.766044443));
#3011=AXIS2_PLACEMENT_3D('',#3008,#3009,#3010);
#3012=CIRCLE('',#3011,2.900000006);
#3013=EDGE_CURVE('',#2973,#3007,#3012,.T.);
#3014=ORIENTED_EDGE('',*,*,#3013,.F.);
#3015=CARTESIAN_POINT('',(18.495192648,19.735258259,105.386065169));
#3016=DIRECTION('',(-0.766044443,-0.,-0.64278761));
#3017=VECTOR('',#3016,1.7);
#3018=LINE('',#3015,#3017);
#3019=EDGE_CURVE('',#2541,#2973,#3018,.T.);
#3020=ORIENTED_EDGE('',*,*,#3019,.F.);
#3021=ORIENTED_EDGE('',*,*,#2549,.T.);
#3022=CARTESIAN_POINT('',(18.511643789,19.700977716,105.366459462));
#3023=DIRECTION('',(-0.766044443,-0.,-0.64278761));
#3024=VECTOR('',#3023,1.7);
#3025=LINE('',#3022,#3024);
#3026=EDGE_CURVE('',#2543,#3007,#3025,.T.);
#3027=ORIENTED_EDGE('',*,*,#3026,.T.);
#3028=EDGE_LOOP('',(#3014,#3020,#3021,#3027));
#3029=FACE_BOUND('',#3028,.T.);
#3030=ADVANCED_FACE('',(#3029),#3005,.T.);
#3031=CARTESIAN_POINT('',(15.515961984,-17.982801957,105.902912553));
#3032=DIRECTION('',(0.766044443,0.,0.64278761));
#3033=DIRECTION('',(0.517894876,-0.592321921,-0.617203079));
#3034=AXIS2_PLACEMENT_3D('',#3031,#3032,#3033);
#3035=CONICAL_SURFACE('',#3034,2.650000006,45.);
#3036=CARTESIAN_POINT('',(17.209368237,-19.70053553,104.273720524));
#3037=VERTEX_POINT('',#3036);
#3038=CARTESIAN_POINT('',(16.567398578,-19.404374569,104.260928259));
#3039=VERTEX_POINT('',#3038);
#3040=CARTESIAN_POINT('',(17.209368237,-19.70053553,104.273720524));
#3041=DIRECTION('',(-0.907882199,0.418834847,-0.018090995));
#3042=VECTOR('',#3041,0.707106781);
#3043=LINE('',#3040,#3042);
#3044=EDGE_CURVE('',#3037,#3039,#3043,.T.);
#3045=ORIENTED_EDGE('',*,*,#3044,.T.);
#3046=CARTESIAN_POINT('',(16.568282505,-19.402510259,104.259876075));
#3047=VERTEX_POINT('',#3046);
#3048=CARTESIAN_POINT('',(15.324450873,-17.982801957,105.742215651));
#3049=DIRECTION('',(0.766044443,0.,0.64278761));
#3050=DIRECTION('',(0.64278761,-0.,-0.766044443));
#3051=AXIS2_PLACEMENT_3D('',#3048,#3049,#3050);
#3052=CIRCLE('',#3051,2.400000006);
#3053=EDGE_CURVE('',#3039,#3047,#3052,.T.);
#3054=ORIENTED_EDGE('',*,*,#3053,.T.);
#3055=CARTESIAN_POINT('',(16.568282907,-19.4025093,104.259878117));
#3056=CARTESIAN_POINT('',(16.781979351,-19.501852143,104.264491993));
#3057=CARTESIAN_POINT('',(16.995673776,-19.60119388,104.269106166));
#3058=CARTESIAN_POINT('',(17.209368237,-19.70053553,104.273720524));
#3059=B_SPLINE_CURVE_WITH_KNOTS('',3,(#3055,#3056,#3057,#3058),.UNSPECIFIED.,.F.,.F.,(4,4),(-0.999998405,0.),.UNSPECIFIED.);
#3060=EDGE_CURVE('',#3047,#3037,#3059,.T.);
#3061=ORIENTED_EDGE('',*,*,#3060,.T.);
#3062=EDGE_LOOP('',(#3045,#3054,#3061));
#3063=FACE_BOUND('',#3062,.T.);
#3064=ADVANCED_FACE('',(#3063),#3035,.T.);
#3065=CARTESIAN_POINT('',(17.009748648,-17.982801957,107.156348392));
#3066=DIRECTION('',(-0.766044443,-0.,-0.64278761));
#3067=DIRECTION('',(0.517894876,-0.592321921,-0.617203079));
#3068=AXIS2_PLACEMENT_3D('',#3065,#3066,#3067);
#3069=CYLINDRICAL_SURFACE('',#3068,2.900000006);
#3070=CARTESIAN_POINT('',(17.192917095,-19.734816072,104.293326231));
#3071=VERTEX_POINT('',#3070);
#3072=CARTESIAN_POINT('',(15.707473095,-17.982801957,106.063609456));
#3073=DIRECTION('',(-0.766044443,-0.,-0.64278761));
#3074=DIRECTION('',(-0.64278761,0.,0.766044443));
#3075=AXIS2_PLACEMENT_3D('',#3072,#3073,#3074);
#3076=CIRCLE('',#3075,2.900000006);
#3077=EDGE_CURVE('',#3037,#3071,#3076,.T.);
#3078=ORIENTED_EDGE('',*,*,#3077,.F.);
#3079=CARTESIAN_POINT('',(18.51164379,-19.70053553,105.366459461));
#3080=DIRECTION('',(-0.766044443,-0.,-0.64278761));
#3081=VECTOR('',#3080,1.7);
#3082=LINE('',#3079,#3081);
#3083=EDGE_CURVE('',#2627,#3037,#3082,.T.);
#3084=ORIENTED_EDGE('',*,*,#3083,.F.);
#3085=ORIENTED_EDGE('',*,*,#2633,.T.);
#3086=CARTESIAN_POINT('',(18.495192649,-19.734816072,105.386065168));
#3087=DIRECTION('',(-0.766044443,-0.,-0.64278761));
#3088=VECTOR('',#3087,1.7);
#3089=LINE('',#3086,#3088);
#3090=EDGE_CURVE('',#2594,#3071,#3089,.T.);
#3091=ORIENTED_EDGE('',*,*,#3090,.T.);
#3092=EDGE_LOOP('',(#3078,#3084,#3085,#3091));
#3093=FACE_BOUND('',#3092,.T.);
#3094=ADVANCED_FACE('',(#3093),#3069,.T.);
#3095=CARTESIAN_POINT('',(16.552887741,-19.434592363,104.278221601));
#3096=CARTESIAN_POINT('',(16.304621003,-19.948971962,104.574094377));
#3097=CARTESIAN_POINT('',(16.021844763,-20.396393507,104.911093977));
#3098=CARTESIAN_POINT('',(15.064206195,-21.550231185,106.052363181));
#3099=CARTESIAN_POINT('',(13.533510365,-22.646119644,107.876575436));
#3100=CARTESIAN_POINT('',(11.117047079,-23.186281438,110.756404238));
#3101=CARTESIAN_POINT('',(9.17556534,-23.241976199,113.070172075));
#3102=CARTESIAN_POINT('',(7.122713363,-23.09582236,115.516665794));
#3103=CARTESIAN_POINT('',(5.009098684,-22.659068664,118.035573681));
#3104=CARTESIAN_POINT('',(3.215739276,-22.094098784,120.172816199));
#3105=CARTESIAN_POINT('',(2.220301105,-21.724164561,121.359133214));
#3106=CARTESIAN_POINT('',(1.266954523,-21.338986213,122.495287429));
#3107=CARTESIAN_POINT('',(-0.123496278,-20.689177741,124.152362166));
#3108=CARTESIAN_POINT('',(-2.54186169,-19.311927449,127.034457834));
#3109=CARTESIAN_POINT('',(-5.387711483,-16.975428356,130.42600955));
#3110=CARTESIAN_POINT('',(-7.344700701,-14.170986483,132.75825848));
#3111=CARTESIAN_POINT('',(-8.959392177,-10.883367144,134.682572848));
#3112=CARTESIAN_POINT('',(-10.23707372,-6.534571187,136.205254417));
#3113=CARTESIAN_POINT('',(-10.602468878,-2.165612561,136.640715409));
#3114=CARTESIAN_POINT('',(-10.602468878,0.000221092,136.640715409));
#3115=CARTESIAN_POINT('',(16.766230859,-19.534666933,104.283256477));
#3116=CARTESIAN_POINT('',(16.512196335,-20.060914328,104.586003034));
#3117=CARTESIAN_POINT('',(16.222655305,-20.519200809,104.931064596));
#3118=CARTESIAN_POINT('',(15.243446077,-21.69861012,106.098040712));
#3119=CARTESIAN_POINT('',(13.687905319,-22.809586594,107.951861999));
#3120=CARTESIAN_POINT('',(11.253289355,-23.352702214,110.85332432));
#3121=CARTESIAN_POINT('',(9.30154352,-23.408773456,113.179324431));
#3122=CARTESIAN_POINT('',(7.239984226,-23.261884499,115.636195126));
#3123=CARTESIAN_POINT('',(5.119404781,-22.823667295,118.163403298));
#3124=CARTESIAN_POINT('',(3.320571169,-22.256968099,120.307169718));
#3125=CARTESIAN_POINT('',(2.32196653,-21.885854623,121.497260384));
#3126=CARTESIAN_POINT('',(1.365663019,-21.499489038,122.636938529));
#3127=CARTESIAN_POINT('',(-0.029729453,-20.847390667,124.299902521));
#3128=CARTESIAN_POINT('',(-2.457648915,-19.464692665,127.193384261));
#3129=CARTESIAN_POINT('',(-5.320412603,-17.115329871,130.605093171));
#3130=CARTESIAN_POINT('',(-7.295422418,-14.286094005,132.958818213));
#3131=CARTESIAN_POINT('',(-8.925744658,-10.966445636,134.901760601));
#3132=CARTESIAN_POINT('',(-10.214506088,-6.578466706,136.437646665));
#3133=CARTESIAN_POINT('',(-10.581780035,-2.180455197,136.87534671));
#3134=CARTESIAN_POINT('',(-10.581926073,0.000221092,136.875520751));
#3135=CARTESIAN_POINT('',(16.979573977,-19.634741502,104.288291354));
#3136=CARTESIAN_POINT('',(16.720021896,-20.172585394,104.597613479));
#3137=CARTESIAN_POINT('',(16.423036552,-20.642250624,104.95154683));
#3138=CARTESIAN_POINT('',(15.423610395,-21.846473707,106.142616544));
#3139=CARTESIAN_POINT('',(13.841691949,-22.973319807,108.027873535));
#3140=CARTESIAN_POINT('',(11.38971568,-23.519070258,110.950025062));
#3141=CARTESIAN_POINT('',(9.427501322,-23.575558048,113.288501072));
#3142=CARTESIAN_POINT('',(7.35725766,-23.427955972,115.755721394));
#3143=CARTESIAN_POINT('',(5.229743869,-22.988275193,118.291193598));
#3144=CARTESIAN_POINT('',(3.425360506,-22.419818625,120.441573953));
#3145=CARTESIAN_POINT('',(2.423718923,-22.047590823,121.635283908));
#3146=CARTESIAN_POINT('',(1.464228691,-21.659905699,122.778759839));
#3147=CARTESIAN_POINT('',(0.064218523,-21.005714578,124.447226987));
#3148=CARTESIAN_POINT('',(-2.3735223,-19.617377565,127.35241337));
#3149=CARTESIAN_POINT('',(-5.253107581,-17.255298478,130.784169475));
#3150=CARTESIAN_POINT('',(-7.246199516,-14.40105254,133.159443948));
#3151=CARTESIAN_POINT('',(-8.892096126,-11.049663568,135.120947146));
#3152=CARTESIAN_POINT('',(-10.191685408,-6.622581389,136.669737342));
#3153=CARTESIAN_POINT('',(-10.561529305,-2.194791064,137.110500135));
#3154=CARTESIAN_POINT('',(-10.561383267,0.000221092,137.110326094));
#3155=CARTESIAN_POINT('',(17.192917095,-19.734816072,104.293326231));
#3156=CARTESIAN_POINT('',(16.927597228,-20.28452776,104.609522137));
#3157=CARTESIAN_POINT('',(16.623847094,-20.765057927,104.97151745));
#3158=CARTESIAN_POINT('',(15.602850277,-21.994852642,106.188294075));
#3159=CARTESIAN_POINT('',(13.996086902,-23.136786758,108.103160099));
#3160=CARTESIAN_POINT('',(11.525957957,-23.685491034,111.046945144));
#3161=CARTESIAN_POINT('',(9.553479502,-23.742355306,113.397653428));
#3162=CARTESIAN_POINT('',(7.474528523,-23.594018111,115.875250727));
#3163=CARTESIAN_POINT('',(5.340049966,-23.152873824,118.419023215));
#3164=CARTESIAN_POINT('',(3.5301924,-22.58268794,120.575927472));
#3165=CARTESIAN_POINT('',(2.525384348,-22.209280884,121.773411078));
#3166=CARTESIAN_POINT('',(1.562937187,-21.820408524,122.920410939));
#3167=CARTESIAN_POINT('',(0.157985347,-21.163927504,124.594767342));
#3168=CARTESIAN_POINT('',(-2.289309525,-19.77014278,127.511339798));
#3169=CARTESIAN_POINT('',(-5.185808701,-17.395199994,130.963253096));
#3170=CARTESIAN_POINT('',(-7.196921233,-14.516160062,133.360003681));
#3171=CARTESIAN_POINT('',(-8.858448606,-11.13274206,135.340134898));
#3172=CARTESIAN_POINT('',(-10.169117776,-6.666476907,136.902129589));
#3173=CARTESIAN_POINT('',(-10.540840461,-2.2096337,137.345131436));
#3174=CARTESIAN_POINT('',(-10.540840461,0.000221092,137.345131436));
#3175=CARTESIAN_POINT('',(17.194273564,-19.735452361,104.293358244));
#3176=CARTESIAN_POINT('',(16.928917024,-20.285239506,104.609597854));
#3177=CARTESIAN_POINT('',(16.625123878,-20.765838754,104.971644426));
#3178=CARTESIAN_POINT('',(15.603989911,-21.995796058,106.1885845));
#3179=CARTESIAN_POINT('',(13.997068569,-23.137826106,108.103638782));
#3180=CARTESIAN_POINT('',(11.526824206,-23.686549162,111.047561377));
#3181=CARTESIAN_POINT('',(9.554280491,-23.743415828,113.398347435));
#3182=CARTESIAN_POINT('',(7.475274149,-23.59507396,115.876010713));
#3183=CARTESIAN_POINT('',(5.340751309,-23.153920367,118.419835975));
#3184=CARTESIAN_POINT('',(3.530858937,-22.583723489,120.576781712));
#3185=CARTESIAN_POINT('',(2.526030752,-22.210308935,121.774289312));
#3186=CARTESIAN_POINT('',(1.563564791,-21.821429025,122.921311579));
#3187=CARTESIAN_POINT('',(0.158581531,-21.164933446,124.595705426));
#3188=CARTESIAN_POINT('',(-2.288774087,-19.771114085,127.512350276));
#3189=CARTESIAN_POINT('',(-5.185380804,-17.396089509,130.964391737));
#3190=CARTESIAN_POINT('',(-7.196607914,-14.516891933,133.361278871));
#3191=CARTESIAN_POINT('',(-8.85823467,-11.133270285,135.341528527));
#3192=CARTESIAN_POINT('',(-10.168974287,-6.666756002,136.903607175));
#3193=CARTESIAN_POINT('',(-10.540708919,-2.209728072,137.346623257));
#3194=CARTESIAN_POINT('',(-10.540709847,0.000221092,137.346624364));
#3195=CARTESIAN_POINT('',(17.195630032,-19.73608865,104.293390256));
#3196=CARTESIAN_POINT('',(16.930236819,-20.285951253,104.609673571));
#3197=CARTESIAN_POINT('',(16.626400662,-20.766619582,104.971771403));
#3198=CARTESIAN_POINT('',(15.605129546,-21.996739474,106.188874924));
#3199=CARTESIAN_POINT('',(13.998050236,-23.138865454,108.104117466));
#3200=CARTESIAN_POINT('',(11.527690455,-23.687607291,111.048177609));
#3201=CARTESIAN_POINT('',(9.55508148,-23.744476351,113.399041443));
#3202=CARTESIAN_POINT('',(7.476019775,-23.596129808,115.876770698));
#3203=CARTESIAN_POINT('',(5.341452652,-23.15496691,118.420648735));
#3204=CARTESIAN_POINT('',(3.531525474,-22.584759037,120.577635952));
#3205=CARTESIAN_POINT('',(2.526677156,-22.211336985,121.775167545));
#3206=CARTESIAN_POINT('',(1.564192395,-21.822449527,122.922212218));
#3207=CARTESIAN_POINT('',(0.159177714,-21.165939388,124.596643511));
#3208=CARTESIAN_POINT('',(-2.288238649,-19.77208539,127.513360755));
#3209=CARTESIAN_POINT('',(-5.184952907,-17.396979025,130.965530378));
#3210=CARTESIAN_POINT('',(-7.196294595,-14.517623805,133.36255406));
#3211=CARTESIAN_POINT('',(-8.858020734,-11.133798511,135.342922157));
#3212=CARTESIAN_POINT('',(-10.168830799,-6.667035096,136.90508476));
#3213=CARTESIAN_POINT('',(-10.540577376,-2.209822443,137.348115079));
#3214=CARTESIAN_POINT('',(-10.540579233,0.000221092,137.348117292));
#3215=CARTESIAN_POINT('',(17.1969865,-19.73672494,104.293422269));
#3216=CARTESIAN_POINT('',(16.931556615,-20.286663,104.609749288));
#3217=CARTESIAN_POINT('',(16.627677446,-20.767400409,104.971898379));
#3218=CARTESIAN_POINT('',(15.606269181,-21.99768289,106.189165349));
#3219=CARTESIAN_POINT('',(13.999031903,-23.139904802,108.104596149));
#3220=CARTESIAN_POINT('',(11.528556704,-23.68866542,111.048793842));
#3221=CARTESIAN_POINT('',(9.555882468,-23.745536873,113.39973545));
#3222=CARTESIAN_POINT('',(7.476765401,-23.597185657,115.877530684));
#3223=CARTESIAN_POINT('',(5.342153996,-23.156013454,118.421461496));
#3224=CARTESIAN_POINT('',(3.532192011,-22.585794585,120.578490193));
#3225=CARTESIAN_POINT('',(2.527323561,-22.212365035,121.776045779));
#3226=CARTESIAN_POINT('',(1.564819998,-21.823470028,122.923112857));
#3227=CARTESIAN_POINT('',(0.159773898,-21.16694533,124.597581595));
#3228=CARTESIAN_POINT('',(-2.287703212,-19.773056694,127.514371233));
#3229=CARTESIAN_POINT('',(-5.184525011,-17.39786854,130.966669019));
#3230=CARTESIAN_POINT('',(-7.195981276,-14.518355676,133.36382925));
#3231=CARTESIAN_POINT('',(-8.857806798,-11.134326737,135.344315786));
#3232=CARTESIAN_POINT('',(-10.16868731,-6.66731419,136.906562346));
#3233=CARTESIAN_POINT('',(-10.540445833,-2.209916815,137.349606901));
#3234=CARTESIAN_POINT('',(-10.540448619,0.000221092,137.349610221));
#3235=B_SPLINE_SURFACE_WITH_KNOTS('',3,3,((#3095,#3096,#3097,#3098,#3099,#3100,#3101,#3102,#3103,#3104,#3105,#3106,#3107,#3108,#3109,#3110,#3111,#3112,#3113,#3114),(#3115,#3116,#3117,#3118,#3119,#3120,#3121,#3122,#3123,#3124,#3125,#3126,#3127,#3128,#3129,#3130,#3131,#3132,#3133,#3134),(#3135,#3136,#3137,#3138,#3139,#3140,#3141,#3142,#3143,#3144,#3145,#3146,#3147,#3148,#3149,#3150,#3151,#3152,#3153,#3154),(#3155,#3156,#3157,#3158,#3159,#3160,#3161,#3162,#3163,#3164,#3165,#3166,#3167,#3168,#3169,#3170,#3171,#3172,#3173,#3174),(#3175,#3176,#3177,#3178,#3179,#3180,#3181,#3182,#3183,#3184,#3185,#3186,#3187,#3188,#3189,#3190,#3191,#3192,#3193,#3194),(#3195,#3196,#3197,#3198,#3199,#3200,#3201,#3202,#3203,#3204,#3205,#3206,#3207,#3208,#3209,#3210,#3211,#3212,#3213,#3214),(#3215,#3216,#3217,#3218,#3219,#3220,#3221,#3222,#3223,#3224,#3225,#3226,#3227,#3228,#3229,#3230,#3231,#3232,#3233,#3234)),.UNSPECIFIED.,.F.,.F.,.U.,(4,3,4),(4,2,1,1,1,1,1,1,1,1,1,1,1,1,1,1,4),(0.,1.,1.006358153),(4.132344737,4.898056577,6.303670567,7.709284557,8.412091552,9.114898547,10.520512537,11.223319532,11.574723029,11.926126527,12.628933522,13.331740517,14.737354506,15.791564999,16.142968496,17.548582486,18.954196476),.UNSPECIFIED.);
#3236=CARTESIAN_POINT('',(-10.540840461,0.000221092,137.345131436));
#3237=VERTEX_POINT('',#3236);
#3238=CARTESIAN_POINT('',(17.192917095,-19.734816072,104.293326231));
#3239=CARTESIAN_POINT('',(17.076586493,-19.975839454,104.431963645));
#3240=CARTESIAN_POINT('',(16.951795091,-20.205070888,104.58043263));
#3241=CARTESIAN_POINT('',(16.818582355,-20.422200064,104.739211852));
#3242=CARTESIAN_POINT('',(16.68536962,-20.639329241,104.897991074));
#3243=CARTESIAN_POINT('',(16.542991646,-20.845198004,105.067962312));
#3244=CARTESIAN_POINT('',(16.394740393,-21.036033968,105.24474114));
#3245=CARTESIAN_POINT('',(16.098237887,-21.417705895,105.598298794));
#3246=CARTESIAN_POINT('',(15.777413205,-21.742061145,105.979882966));
#3247=CARTESIAN_POINT('',(15.437939148,-22.021448296,106.383818892));
#3248=CARTESIAN_POINT('',(15.268202119,-22.161141872,106.585786855));
#3249=CARTESIAN_POINT('',(15.093065893,-22.290048559,106.794245942));
#3250=CARTESIAN_POINT('',(14.916047307,-22.407526272,107.005092124));
#3251=CARTESIAN_POINT('',(14.73902872,-22.525003985,107.215938306));
#3252=CARTESIAN_POINT('',(14.560136185,-22.631210022,107.429157389));
#3253=CARTESIAN_POINT('',(14.379675393,-22.727911687,107.644387274));
#3254=CARTESIAN_POINT('',(14.018753809,-22.921315017,108.074847043));
#3255=CARTESIAN_POINT('',(13.651684789,-23.07697933,108.51335788));
#3256=CARTESIAN_POINT('',(13.279560782,-23.204319499,108.957541386));
#3257=CARTESIAN_POINT('',(12.907436774,-23.331659668,109.401724892));
#3258=CARTESIAN_POINT('',(12.52981505,-23.43053086,109.851867982));
#3259=CARTESIAN_POINT('',(12.148962833,-23.506999853,110.30589287));
#3260=CARTESIAN_POINT('',(11.768110615,-23.583468846,110.759917757));
#3261=CARTESIAN_POINT('',(11.387383542,-23.636377474,111.213157036));
#3262=CARTESIAN_POINT('',(11.006838105,-23.670447929,111.665836636));
#3263=CARTESIAN_POINT('',(10.245747233,-23.738588838,112.571195838));
#3264=CARTESIAN_POINT('',(9.487919843,-23.733695746,113.476533395));
#3265=CARTESIAN_POINT('',(8.729374389,-23.677131506,114.379314914));
#3266=CARTESIAN_POINT('',(7.970828935,-23.620567267,115.282096434));
#3267=CARTESIAN_POINT('',(7.213493169,-23.512058856,116.183929682));
#3268=CARTESIAN_POINT('',(6.45762729,-23.361545007,117.085408774));
#3269=CARTESIAN_POINT('',(6.079694351,-23.286288082,117.53614832));
#3270=CARTESIAN_POINT('',(5.701714967,-23.200292711,117.987081128));
#3271=CARTESIAN_POINT('',(5.324883938,-23.104419792,118.436481774));
#3272=CARTESIAN_POINT('',(4.948052909,-23.008546872,118.885882419));
#3273=CARTESIAN_POINT('',(4.572219851,-22.902797343,119.333812789));
#3274=CARTESIAN_POINT('',(4.19743719,-22.787388094,119.780367534));
#3275=CARTESIAN_POINT('',(3.822654529,-22.671978845,120.226922279));
#3276=CARTESIAN_POINT('',(3.449110861,-22.546876843,120.67202149));
#3277=CARTESIAN_POINT('',(3.078130116,-22.412619839,121.114498527));
#3278=CARTESIAN_POINT('',(2.707149371,-22.278362834,121.556975564));
#3279=CARTESIAN_POINT('',(2.337316095,-22.134722779,121.996215859));
#3280=CARTESIAN_POINT('',(1.970247045,-21.981650981,122.433553762));
#3281=CARTESIAN_POINT('',(1.236108943,-21.675507384,123.308229567));
#3282=CARTESIAN_POINT('',(0.513129667,-21.331844078,124.175474057));
#3283=CARTESIAN_POINT('',(-0.204006979,-20.942549188,125.027197635));
#3284=CARTESIAN_POINT('',(-0.921143624,-20.553254298,125.878921213));
#3285=CARTESIAN_POINT('',(-1.628401515,-20.118633902,126.718646379));
#3286=CARTESIAN_POINT('',(-2.319702549,-19.625334138,127.545495149));
#3287=CARTESIAN_POINT('',(-3.011003583,-19.132034375,128.372343919));
#3288=CARTESIAN_POINT('',(-3.692412249,-18.576473231,129.188438301));
#3289=CARTESIAN_POINT('',(-4.342568146,-17.955172447,129.96140627));
#3290=CARTESIAN_POINT('',(-4.667646094,-17.644522055,130.347890255));
#3291=CARTESIAN_POINT('',(-4.985586532,-17.316761827,130.724129086));
#3292=CARTESIAN_POINT('',(-5.294297215,-16.970326229,131.090393845));
#3293=CARTESIAN_POINT('',(-5.603007898,-16.623890632,131.456658605));
#3294=CARTESIAN_POINT('',(-5.902283917,-16.258794323,131.81313527));
#3295=CARTESIAN_POINT('',(-6.191304247,-15.872718513,132.158312548));
#3296=CARTESIAN_POINT('',(-6.335814412,-15.679680609,132.330901187));
#3297=CARTESIAN_POINT('',(-6.477766062,-15.481384451,132.500647742));
#3298=CARTESIAN_POINT('',(-6.617086647,-15.277446401,132.66724903));
#3299=CARTESIAN_POINT('',(-6.756407231,-15.073508351,132.833850317));
#3300=CARTESIAN_POINT('',(-6.893418888,-14.863409094,132.997734916));
#3301=CARTESIAN_POINT('',(-7.026964784,-14.648468131,133.157046103));
#3302=CARTESIAN_POINT('',(-7.294056576,-14.218586205,133.475668478));
#3303=CARTESIAN_POINT('',(-7.545880653,-13.771802565,133.773956445));
#3304=CARTESIAN_POINT('',(-7.782138274,-13.309155842,134.054196812));
#3305=CARTESIAN_POINT('',(-8.018395895,-12.846509119,134.334437179));
#3306=CARTESIAN_POINT('',(-8.238910806,-12.367989649,134.596758797));
#3307=CARTESIAN_POINT('',(-8.443453623,-11.873911472,134.841969704));
#3308=CARTESIAN_POINT('',(-8.64799644,-11.379833294,135.087180611));
#3309=CARTESIAN_POINT('',(-8.836906698,-10.870195249,135.314993824));
#3310=CARTESIAN_POINT('',(-9.01127648,-10.344666883,135.523845714));
#3311=CARTESIAN_POINT('',(-9.098461371,-10.081902699,135.628271659));
#3312=CARTESIAN_POINT('',(-9.182027655,-9.815100099,135.72781435));
#3313=CARTESIAN_POINT('',(-9.261951847,-9.544471281,135.822909511));
#3314=CARTESIAN_POINT('',(-9.341876039,-9.273842462,135.918004672));
#3315=CARTESIAN_POINT('',(-9.418339503,-8.998673075,136.008815107));
#3316=CARTESIAN_POINT('',(-9.490638947,-8.721833791,136.094595281));
#3317=CARTESIAN_POINT('',(-9.635237836,-8.168155222,136.266155628));
#3318=CARTESIAN_POINT('',(-9.763374019,-7.60770349,136.417840848));
#3319=CARTESIAN_POINT('',(-9.876234903,-7.04108379,136.551665269));
#3320=CARTESIAN_POINT('',(-10.10195667,-5.907844389,136.819314112));
#3321=CARTESIAN_POINT('',(-10.266761371,-4.7501141,137.01626594));
#3322=CARTESIAN_POINT('',(-10.376758529,-3.57004122,137.148078035));
#3323=CARTESIAN_POINT('',(-10.431757108,-2.98000478,137.213984082));
#3324=CARTESIAN_POINT('',(-10.472825125,-2.384654179,137.263324505));
#3325=CARTESIAN_POINT('',(-10.500059019,-1.789411091,137.296067065));
#3326=CARTESIAN_POINT('',(-10.527292914,-1.194168004,137.328809624));
#3327=CARTESIAN_POINT('',(-10.540840462,-0.59762059,137.345131432));
#3328=CARTESIAN_POINT('',(-10.540840461,0.000221092,137.345131436));
#3329=B_SPLINE_CURVE_WITH_KNOTS('',3,(#3238,#3239,#3240,#3241,#3242,#3243,#3244,#3245,#3246,#3247,#3248,#3249,#3250,#3251,#3252,#3253,#3254,#3255,#3256,#3257,#3258,#3259,#3260,#3261,#3262,#3263,
#3264,#3265,#3266,#3267,#3268,#3269,#3270,#3271,#3272,#3273,#3274,#3275,#3276,#3277,#3278,#3279,#3280,#3281,#3282,#3283,#3284,#3285,#3286,#3287,#3288,
#3289,#3290,#3291,#3292,#3293,#3294,#3295,#3296,#3297,#3298,#3299,#3300,#3301,#3302,#3303,#3304,#3305,#3306,#3307,#3308,#3309,#3310,#3311,#3312,#3313,
#3314,#3315,#3316,#3317,#3318,#3319,#3320,#3321,#3322,#3323,#3324,#3325,#3326,#3327,#3328),.UNSPECIFIED.,.F.,.F.,(4,3,3,3,3,3,3,3,3,3,3,3,3,3,3,3,3,3,3,3,3,3,3,3,3,3,
3,3,3,3,4),(0.,0.000900242,0.001800484,0.003600968,0.004501211,0.005401453,0.007201937,0.009002421,0.010802905,0.014403874,0.018004842,0.019805327,0.021605811,0.023406295,0.025206779,0.028807748,0.032408716,0.036009685,0.037810169,0.039610653,0.040510895,0.041411137,0.043211622,0.045012106,0.04681259,0.047712832,
0.048613074,0.050413559,0.054014527,0.055815011,0.057615495),.UNSPECIFIED.);
#3330=EDGE_CURVE('',#3071,#3237,#3329,.T.);
#3331=ORIENTED_EDGE('',*,*,#3330,.T.);
#3332=CARTESIAN_POINT('',(-10.602468878,0.000221092,136.640715409));
#3333=VERTEX_POINT('',#3332);
#3334=CARTESIAN_POINT('',(-10.540840461,0.000221092,137.345131436));
#3335=DIRECTION('',(-0.087155743,-0.,-0.996194698));
#3336=VECTOR('',#3335,0.707106781);
#3337=LINE('',#3334,#3336);
#3338=EDGE_CURVE('',#3237,#3333,#3337,.T.);
#3339=ORIENTED_EDGE('',*,*,#3338,.T.);
#3340=CARTESIAN_POINT('',(15.656464285,-20.836385888,105.346537475));
#3341=VERTEX_POINT('',#3340);
#3342=CARTESIAN_POINT('',(-10.602468878,0.000221092,136.640715409));
#3343=CARTESIAN_POINT('',(-10.602468878,-2.165612561,136.640715409));
#3344=CARTESIAN_POINT('',(-10.23707372,-6.534571187,136.205254417));
#3345=CARTESIAN_POINT('',(-8.959392177,-10.883367144,134.682572848));
#3346=CARTESIAN_POINT('',(-7.344700701,-14.170986483,132.75825848));
#3347=CARTESIAN_POINT('',(-5.387711483,-16.975428356,130.42600955));
#3348=CARTESIAN_POINT('',(-2.54186169,-19.311927449,127.034457834));
#3349=CARTESIAN_POINT('',(-0.123496278,-20.689177741,124.152362166));
#3350=CARTESIAN_POINT('',(1.266954523,-21.338986213,122.495287429));
#3351=CARTESIAN_POINT('',(2.220301105,-21.724164561,121.359133214));
#3352=CARTESIAN_POINT('',(3.215739276,-22.094098784,120.172816199));
#3353=CARTESIAN_POINT('',(5.009098684,-22.659068664,118.035573681));
#3354=CARTESIAN_POINT('',(7.122713363,-23.09582236,115.516665794));
#3355=CARTESIAN_POINT('',(9.17556534,-23.241976199,113.070172075));
#3356=CARTESIAN_POINT('',(11.117047079,-23.186281438,110.756404238));
#3357=CARTESIAN_POINT('',(13.519178232,-22.649323363,107.893655806));
#3358=CARTESIAN_POINT('',(15.04148754,-21.566444089,106.07943822));
#3359=CARTESIAN_POINT('',(15.656464285,-20.836385888,105.346537475));
#3360=B_SPLINE_CURVE_WITH_KNOTS('',3,(#3342,#3343,#3344,#3345,#3346,#3347,#3348,#3349,#3350,#3351,#3352,#3353,#3354,#3355,#3356,#3357,#3358,#3359),.UNSPECIFIED.,.F.,.F.,(4,1,1,1,1,1,1,1,1,1,1,1,1,1,1,4),(-18.954196476,-17.548582486,-16.142968496,-15.791564999,-14.737354506,-13.331740517,-12.628933522,-11.926126527,-11.574723029,-11.223319532,-10.520512537,-9.114898547,-8.412091552,-7.709284557,-6.303670567,-4.918898448),.UNSPECIFIED.);
#3361=EDGE_CURVE('',#3333,#3341,#3360,.T.);
#3362=ORIENTED_EDGE('',*,*,#3361,.T.);
#3363=CARTESIAN_POINT('',(16.552887092,-19.434590895,104.278223606));
#3364=VERTEX_POINT('',#3363);
#3365=CARTESIAN_POINT('',(15.656464285,-20.836385888,105.346537475));
#3366=CARTESIAN_POINT('',(15.825798842,-20.635363519,105.144732408));
#3367=CARTESIAN_POINT('',(15.985843735,-20.418806051,104.953998331));
#3368=CARTESIAN_POINT('',(16.135605621,-20.185052315,104.775519066));
#3369=CARTESIAN_POINT('',(16.210486563,-20.068175447,104.686279434));
#3370=CARTESIAN_POINT('',(16.282863657,-19.946899892,104.600023773));
#3371=CARTESIAN_POINT('',(16.352522744,-19.821541507,104.517007306));
#3372=CARTESIAN_POINT('',(16.422181831,-19.696183122,104.433990838));
#3373=CARTESIAN_POINT('',(16.489242564,-19.566457715,104.354070969));
#3374=CARTESIAN_POINT('',(16.552887741,-19.434592362,104.2782216));
#3375=B_SPLINE_CURVE_WITH_KNOTS('',3,(#3365,#3366,#3367,#3368,#3369,#3370,#3371,#3372,#3373,#3374),.UNSPECIFIED.,.F.,.F.,(4,3,3,4),(0.,0.000989405,0.001484108,0.001978811),.UNSPECIFIED.);
#3376=EDGE_CURVE('',#3341,#3364,#3375,.T.);
#3377=ORIENTED_EDGE('',*,*,#3376,.T.);
#3378=CARTESIAN_POINT('',(17.192917095,-19.734816072,104.293326231));
#3379=CARTESIAN_POINT('',(16.979574542,-19.634741121,104.288292481));
#3380=CARTESIAN_POINT('',(16.766232026,-19.534666082,104.283258916));
#3381=CARTESIAN_POINT('',(16.55288751,-19.434589902,104.278225627));
#3382=B_SPLINE_CURVE_WITH_KNOTS('',3,(#3378,#3379,#3380,#3381),.UNSPECIFIED.,.F.,.F.,(4,4),(0.,0.999998415),.UNSPECIFIED.);
#3383=EDGE_CURVE('',#3071,#3364,#3382,.T.);
#3384=ORIENTED_EDGE('',*,*,#3383,.F.);
#3385=EDGE_LOOP('',(#3331,#3339,#3362,#3377,#3384));
#3386=FACE_BOUND('',#3385,.T.);
#3387=ADVANCED_FACE('',(#3386),#3235,.T.);
#3388=CARTESIAN_POINT('',(-10.602468878,0.000221092,136.640715409));
#3389=CARTESIAN_POINT('',(-10.602468878,2.287149103,136.640715409));
#3390=CARTESIAN_POINT('',(-10.303655507,5.755289669,136.284603501));
#3391=CARTESIAN_POINT('',(-9.21456398,9.999326329,134.986674761));
#3392=CARTESIAN_POINT('',(-8.25757783,12.392957451,133.846183079));
#3393=CARTESIAN_POINT('',(-7.443444599,13.896158143,132.875936876));
#3394=CARTESIAN_POINT('',(-6.845382956,14.8278579,132.163194764));
#3395=CARTESIAN_POINT('',(-5.902813223,16.154270784,131.039883899));
#3396=CARTESIAN_POINT('',(-3.616969531,18.646058786,128.315721466));
#3397=CARTESIAN_POINT('',(-0.192238218,20.770686045,124.234285621));
#3398=CARTESIAN_POINT('',(2.725889931,21.936534306,120.756595915));
#3399=CARTESIAN_POINT('',(4.250907236,22.418812703,118.939151063));
#3400=CARTESIAN_POINT('',(5.300133773,22.696190334,117.688731568));
#3401=CARTESIAN_POINT('',(7.118994348,23.087845238,115.521097943));
#3402=CARTESIAN_POINT('',(9.359529456,23.306483538,112.850932179));
#3403=CARTESIAN_POINT('',(11.775504315,23.077175681,109.971685461));
#3404=CARTESIAN_POINT('',(13.764342604,22.438899186,107.601480286));
#3405=CARTESIAN_POINT('',(15.424092329,21.269087183,105.623467588));
#3406=CARTESIAN_POINT('',(16.224462312,20.115493566,104.669623785));
#3407=CARTESIAN_POINT('',(16.55288774,19.43503455,104.278221602));
#3408=CARTESIAN_POINT('',(-10.581926073,0.000221092,136.875520751));
#3409=CARTESIAN_POINT('',(-10.581926073,2.302643241,136.875520751));
#3410=CARTESIAN_POINT('',(-10.281336003,5.794160382,136.517291456));
#3411=CARTESIAN_POINT('',(-9.183200432,10.074276943,135.208584444));
#3412=CARTESIAN_POINT('',(-8.217104332,12.490811121,134.057235947));
#3413=CARTESIAN_POINT('',(-7.395163881,14.008385873,133.077685461));
#3414=CARTESIAN_POINT('',(-6.791648654,14.948563808,132.358444021));
#3415=CARTESIAN_POINT('',(-5.840861451,16.286565576,131.225339956));
#3416=CARTESIAN_POINT('',(-3.537615401,18.796587969,128.480438201));
#3417=CARTESIAN_POINT('',(-0.09794961,20.929330155,124.381204137));
#3418=CARTESIAN_POINT('',(2.829163551,22.098917193,120.892806512));
#3419=CARTESIAN_POINT('',(4.358912845,22.582670146,119.069722295));
#3420=CARTESIAN_POINT('',(5.411449194,22.860933849,117.81535832));
#3421=CARTESIAN_POINT('',(7.236378515,23.253894808,115.640492246));
#3422=CARTESIAN_POINT('',(9.485737333,23.473526323,112.959810792));
#3423=CARTESIAN_POINT('',(11.916171039,23.243157988,110.063332693));
#3424=CARTESIAN_POINT('',(13.923122532,22.599513856,107.67154104));
#3425=CARTESIAN_POINT('',(15.609578676,21.412972968,105.661700872));
#3426=CARTESIAN_POINT('',(16.43028572,20.231148094,104.683620304));
#3427=CARTESIAN_POINT('',(16.766230858,19.53510912,104.283256479));
#3428=CARTESIAN_POINT('',(-10.561383267,0.000221092,137.110326094));
#3429=CARTESIAN_POINT('',(-10.561383267,2.318137379,137.110326094));
#3430=CARTESIAN_POINT('',(-10.259016498,5.833031095,136.749979411));
#3431=CARTESIAN_POINT('',(-9.151836884,10.149227558,135.430494128));
#3432=CARTESIAN_POINT('',(-8.176630834,12.588664791,134.268288814));
#3433=CARTESIAN_POINT('',(-7.346883163,14.120613604,133.279434046));
#3434=CARTESIAN_POINT('',(-6.737914352,15.069269716,132.553693278));
#3435=CARTESIAN_POINT('',(-5.778909679,16.418860368,131.410796013));
#3436=CARTESIAN_POINT('',(-3.458261271,18.947117152,128.645154936));
#3437=CARTESIAN_POINT('',(-0.003661001,21.087974264,124.528122653));
#3438=CARTESIAN_POINT('',(2.932437171,22.26130008,121.029017109));
#3439=CARTESIAN_POINT('',(4.466918453,22.74652759,119.200293528));
#3440=CARTESIAN_POINT('',(5.522764614,23.025677364,117.941985072));
#3441=CARTESIAN_POINT('',(7.353762681,23.419944379,115.759886548));
#3442=CARTESIAN_POINT('',(9.611945211,23.640569109,113.068689406));
#3443=CARTESIAN_POINT('',(12.056837762,23.409140296,110.154979924));
#3444=CARTESIAN_POINT('',(14.08190246,22.760128526,107.741601795));
#3445=CARTESIAN_POINT('',(15.795065023,21.556858752,105.699934156));
#3446=CARTESIAN_POINT('',(16.636109128,20.346802622,104.697616822));
#3447=CARTESIAN_POINT('',(16.979573976,19.635183689,104.288291355));
#3448=CARTESIAN_POINT('',(-10.540840461,0.000221092,137.345131436));
#3449=CARTESIAN_POINT('',(-10.540840461,2.333631517,137.345131436));
#3450=CARTESIAN_POINT('',(-10.236696994,5.871901808,136.982667366));
#3451=CARTESIAN_POINT('',(-9.120473336,10.224178173,135.652403811));
#3452=CARTESIAN_POINT('',(-8.136157336,12.686518461,134.479341682));
#3453=CARTESIAN_POINT('',(-7.298602445,14.232841334,133.481182631));
#3454=CARTESIAN_POINT('',(-6.68418005,15.189975625,132.748942535));
#3455=CARTESIAN_POINT('',(-5.716957907,16.551155159,131.596252071));
#3456=CARTESIAN_POINT('',(-3.378907141,19.097646335,128.809871671));
#3457=CARTESIAN_POINT('',(0.090627608,21.246618374,124.675041169));
#3458=CARTESIAN_POINT('',(3.035710791,22.423682968,121.165227706));
#3459=CARTESIAN_POINT('',(4.574924062,22.910385034,119.33086476));
#3460=CARTESIAN_POINT('',(5.634080035,23.190420878,118.068611824));
#3461=CARTESIAN_POINT('',(7.471146848,23.585993949,115.87928085));
#3462=CARTESIAN_POINT('',(9.738153088,23.807611894,113.177568019));
#3463=CARTESIAN_POINT('',(12.197504485,23.575122603,110.246627156));
#3464=CARTESIAN_POINT('',(14.240682389,22.920743196,107.811662549));
#3465=CARTESIAN_POINT('',(15.98055137,21.700744537,105.738167441));
#3466=CARTESIAN_POINT('',(16.841932536,20.46245715,104.71161334));
#3467=CARTESIAN_POINT('',(17.192917094,19.735258259,104.293326232));
#3468=CARTESIAN_POINT('',(-10.540725839,0.000221092,137.346441582));
#3469=CARTESIAN_POINT('',(-10.540725839,2.33371797,137.346441582));
#3470=CARTESIAN_POINT('',(-10.236572458,5.872118696,136.983965698));
#3471=CARTESIAN_POINT('',(-9.120298336,10.224596376,135.653642004));
#3472=CARTESIAN_POINT('',(-8.135931506,12.687064456,134.480519297));
#3473=CARTESIAN_POINT('',(-7.298333052,14.233467533,133.48230833));
#3474=CARTESIAN_POINT('',(-6.683880228,15.190649129,132.75003197));
#3475=CARTESIAN_POINT('',(-5.716612234,16.551893326,131.597286862));
#3476=CARTESIAN_POINT('',(-3.378464367,19.098486245,128.810790743));
#3477=CARTESIAN_POINT('',(0.091153712,21.247503563,124.675860932));
#3478=CARTESIAN_POINT('',(3.036287028,22.424589018,121.165987722));
#3479=CARTESIAN_POINT('',(4.575526702,22.911299311,119.33159331));
#3480=CARTESIAN_POINT('',(5.634701143,23.1913401,118.069318365));
#3481=CARTESIAN_POINT('',(7.471801818,23.586920458,115.879947036));
#3482=CARTESIAN_POINT('',(9.738857292,23.808543945,113.17817553));
#3483=CARTESIAN_POINT('',(12.198289365,23.576048737,110.247138521));
#3484=CARTESIAN_POINT('',(14.241568335,22.92163938,107.812053468));
#3485=CARTESIAN_POINT('',(15.98158633,21.701547378,105.738380771));
#3486=CARTESIAN_POINT('',(16.843080972,20.46310247,104.711691437));
#3487=CARTESIAN_POINT('',(17.194107488,19.735816646,104.293354325));
#3488=CARTESIAN_POINT('',(-10.540611216,0.000221092,137.347751729));
#3489=CARTESIAN_POINT('',(-10.540611216,2.333804422,137.347751729));
#3490=CARTESIAN_POINT('',(-10.236447921,5.872335583,136.98526403));
#3491=CARTESIAN_POINT('',(-9.120123337,10.225014579,135.654880196));
#3492=CARTESIAN_POINT('',(-8.135705675,12.687610452,134.481696911));
#3493=CARTESIAN_POINT('',(-7.29806366,14.234093731,133.48343403));
#3494=CARTESIAN_POINT('',(-6.683580406,15.191322634,132.751121405));
#3495=CARTESIAN_POINT('',(-5.71626656,16.552631494,131.598321654));
#3496=CARTESIAN_POINT('',(-3.378021594,19.099326155,128.811709815));
#3497=CARTESIAN_POINT('',(0.091679815,21.248388751,124.676680696));
#3498=CARTESIAN_POINT('',(3.036863265,22.425495068,121.166747738));
#3499=CARTESIAN_POINT('',(4.576129343,22.912213589,119.33232186));
#3500=CARTESIAN_POINT('',(5.635322251,23.192259322,118.070024906));
#3501=CARTESIAN_POINT('',(7.472456788,23.587846967,115.880613222));
#3502=CARTESIAN_POINT('',(9.739561496,23.809475996,113.178783042));
#3503=CARTESIAN_POINT('',(12.199074245,23.57697487,110.247649886));
#3504=CARTESIAN_POINT('',(14.242454282,22.922535564,107.812444387));
#3505=CARTESIAN_POINT('',(15.982621291,21.70235022,105.738594102));
#3506=CARTESIAN_POINT('',(16.844229408,20.463747789,104.711769533));
#3507=CARTESIAN_POINT('',(17.195297882,19.736375033,104.293382419));
#3508=CARTESIAN_POINT('',(-10.540496593,0.000221092,137.349061875));
#3509=CARTESIAN_POINT('',(-10.540496593,2.333890875,137.349061875));
#3510=CARTESIAN_POINT('',(-10.236323385,5.87255247,136.986562362));
#3511=CARTESIAN_POINT('',(-9.119948337,10.225432782,135.656118388));
#3512=CARTESIAN_POINT('',(-8.135479845,12.688156447,134.482874526));
#3513=CARTESIAN_POINT('',(-7.297794267,14.23471993,133.484559729));
#3514=CARTESIAN_POINT('',(-6.683280584,15.191996138,132.75221084));
#3515=CARTESIAN_POINT('',(-5.715920887,16.553369661,131.599356446));
#3516=CARTESIAN_POINT('',(-3.377578821,19.100166065,128.812628887));
#3517=CARTESIAN_POINT('',(0.092205919,21.24927394,124.677500459));
#3518=CARTESIAN_POINT('',(3.037439502,22.426401118,121.167507754));
#3519=CARTESIAN_POINT('',(4.576731983,22.913127866,119.33305041));
#3520=CARTESIAN_POINT('',(5.635943359,23.193178543,118.070731447));
#3521=CARTESIAN_POINT('',(7.473111758,23.588773476,115.881279408));
#3522=CARTESIAN_POINT('',(9.740265699,23.810408047,113.179390553));
#3523=CARTESIAN_POINT('',(12.199859125,23.577901004,110.248161252));
#3524=CARTESIAN_POINT('',(14.243340228,22.923431747,107.812835306));
#3525=CARTESIAN_POINT('',(15.983656252,21.703153061,105.738807433));
#3526=CARTESIAN_POINT('',(16.845377843,20.464393108,104.71184763));
#3527=CARTESIAN_POINT('',(17.196488275,19.736933421,104.293410512));
#3528=B_SPLINE_SURFACE_WITH_KNOTS('',3,3,((#3388,#3389,#3390,#3391,#3392,#3393,#3394,#3395,#3396,#3397,#3398,#3399,#3400,#3401,#3402,#3403,#3404,#3405,#3406,#3407),(#3408,#3409,#3410,#3411,#3412,#3413,#3414,#3415,#3416,#3417,#3418,#3419,#3420,#3421,#3422,#3423,#3424,#3425,#3426,#3427),(#3428,#3429,#3430,#3431,#3432,#3433,#3434,#3435,#3436,#3437,#3438,#3439,#3440,#3441,#3442,#3443,#3444,#3445,#3446,#3447),(#3448,#3449,#3450,#3451,#3452,#3453,#3454,#3455,#3456,#3457,#3458,#3459,#3460,#3461,#3462,#3463,#3464,#3465,#3466,#3467),(#3468,#3469,#3470,#3471,#3472,#3473,#3474,#3475,#3476,#3477,#3478,#3479,#3480,#3481,#3482,#3483,#3484,#3485,#3486,#3487),(#3488,#3489,#3490,#3491,#3492,#3493,#3494,#3495,#3496,#3497,#3498,#3499,#3500,#3501,#3502,#3503,#3504,#3505,#3506,#3507),(#3508,#3509,#3510,#3511,#3512,#3513,#3514,#3515,#3516,#3517,#3518,#3519,#3520,#3521,#3522,#3523,#3524,#3525,#3526,#3527)),.UNSPECIFIED.,.F.,.F.,.U.,(4,3,4),(4,1,1,1,1,1,1,1,1,1,1,1,1,1,1,1,1,4),(0.,1.,1.005579714),(-0.,0.758590968,1.137886452,1.517181936,1.89647742,2.086125163,2.275772905,3.034363873,4.551545809,5.310136777,5.689432261,6.068727746,6.44802323,7.585909682,8.34450065,9.103091618,9.861682587,10.620273555),.UNSPECIFIED.);
#3529=CARTESIAN_POINT('',(15.656404661,20.836706691,105.346608532));
#3530=VERTEX_POINT('',#3529);
#3531=CARTESIAN_POINT('',(15.656404661,20.836706691,105.346608532));
#3532=CARTESIAN_POINT('',(15.55725964,20.954453499,105.464764967));
#3533=CARTESIAN_POINT('',(14.99475261,21.571691093,106.13513474));
#3534=CARTESIAN_POINT('',(13.764342604,22.438899186,107.601480286));
#3535=CARTESIAN_POINT('',(11.775504315,23.077175681,109.971685461));
#3536=CARTESIAN_POINT('',(9.359529456,23.306483538,112.850932179));
#3537=CARTESIAN_POINT('',(7.118994348,23.087845238,115.521097943));
#3538=CARTESIAN_POINT('',(5.300133773,22.696190334,117.688731568));
#3539=CARTESIAN_POINT('',(4.250907236,22.418812703,118.939151063));
#3540=CARTESIAN_POINT('',(2.725889931,21.936534306,120.756595915));
#3541=CARTESIAN_POINT('',(-0.192238218,20.770686045,124.234285621));
#3542=CARTESIAN_POINT('',(-3.616969531,18.646058786,128.315721466));
#3543=CARTESIAN_POINT('',(-5.902813223,16.154270784,131.039883899));
#3544=CARTESIAN_POINT('',(-6.845382956,14.8278579,132.163194764));
#3545=CARTESIAN_POINT('',(-7.443444599,13.896158143,132.875936876));
#3546=CARTESIAN_POINT('',(-8.25757783,12.392957451,133.846183079));
#3547=CARTESIAN_POINT('',(-9.21456398,9.999326329,134.986674761));
#3548=CARTESIAN_POINT('',(-10.303655507,5.755289669,136.284603501));
#3549=CARTESIAN_POINT('',(-10.602468878,2.287149103,136.640715409));
#3550=CARTESIAN_POINT('',(-10.602468878,0.000221092,136.640715409));
#3551=B_SPLINE_CURVE_WITH_KNOTS('',3,(#3531,#3532,#3533,#3534,#3535,#3536,#3537,#3538,#3539,#3540,#3541,#3542,#3543,#3544,#3545,#3546,#3547,#3548,#3549,#3550),.UNSPECIFIED.,.F.,.F.,(4,1,1,1,1,1,1,1,1,1,1,1,1,1,1,1,1,4),(-10.031582571,-9.861682587,-9.103091618,-8.34450065,-7.585909682,-6.44802323,-6.068727746,-5.689432261,-5.310136777,-4.551545809,-3.034363873,-2.275772905,-2.086125163,-1.89647742,-1.517181936,-1.137886452,-0.758590968,0.),.UNSPECIFIED.);
#3552=EDGE_CURVE('',#3530,#3333,#3551,.T.);
#3553=ORIENTED_EDGE('',*,*,#3552,.T.);
#3554=ORIENTED_EDGE('',*,*,#3338,.F.);
#3555=CARTESIAN_POINT('',(-10.540840461,0.000221092,137.345131436));
#3556=CARTESIAN_POINT('',(-10.540840461,0.597896404,137.345131436));
#3557=CARTESIAN_POINT('',(-10.527620092,1.195856891,137.328207989));
#3558=CARTESIAN_POINT('',(-10.500764931,1.791017222,137.294939974));
#3559=CARTESIAN_POINT('',(-10.47390977,2.386177552,137.261671958));
#3560=CARTESIAN_POINT('',(-10.433508043,2.977568883,137.212168686));
#3561=CARTESIAN_POINT('',(-10.379042392,3.565142058,137.146504184));
#3562=CARTESIAN_POINT('',(-10.32457674,4.152715232,137.080839681));
#3563=CARTESIAN_POINT('',(-10.256048849,4.736471063,136.999018479));
#3564=CARTESIAN_POINT('',(-10.172568537,5.316203041,136.900275129));
#3565=CARTESIAN_POINT('',(-10.089088224,5.89593502,136.801531779));
#3566=CARTESIAN_POINT('',(-9.990629522,6.471672661,136.686104184));
#3567=CARTESIAN_POINT('',(-9.876041366,7.042849594,136.550810658));
#3568=CARTESIAN_POINT('',(-9.761453209,7.614026528,136.415517133));
#3569=CARTESIAN_POINT('',(-9.632175341,8.175113434,136.262946767));
#3570=CARTESIAN_POINT('',(-9.489021624,8.725087313,136.092708493));
#3571=CARTESIAN_POINT('',(-9.345867907,9.275061192,135.922470219));
#3572=CARTESIAN_POINT('',(-9.189036771,9.813776473,135.732984972));
#3573=CARTESIAN_POINT('',(-9.015059173,10.340195248,135.524333648));
#3574=CARTESIAN_POINT('',(-8.841081575,10.866614022,135.315682323));
#3575=CARTESIAN_POINT('',(-8.649795654,11.381054672,135.088870165));
#3576=CARTESIAN_POINT('',(-8.440857326,11.882562337,134.841579291));
#3577=CARTESIAN_POINT('',(-8.336388162,12.13331617,134.717933854));
#3578=CARTESIAN_POINT('',(-8.227237095,12.381415627,134.588808856));
#3579=CARTESIAN_POINT('',(-8.115004001,12.623748178,134.45553738));
#3580=CARTESIAN_POINT('',(-8.002770907,12.86608073,134.322265903));
#3581=CARTESIAN_POINT('',(-7.887301379,13.103085989,134.184660516));
#3582=CARTESIAN_POINT('',(-7.768589278,13.334929061,134.04294482));
#3583=CARTESIAN_POINT('',(-7.649877177,13.566772133,133.901229125));
#3584=CARTESIAN_POINT('',(-7.527928782,13.793440157,133.755380838));
#3585=CARTESIAN_POINT('',(-7.40247899,14.015586138,133.60648633));
#3586=CARTESIAN_POINT('',(-7.277029198,14.23773212,133.457591823));
#3587=CARTESIAN_POINT('',(-7.148258364,14.45502622,133.305063398));
#3588=CARTESIAN_POINT('',(-7.01622998,14.666972769,133.148191971));
#3589=CARTESIAN_POINT('',(-6.884201595,14.878919318,132.991320544));
#3590=CARTESIAN_POINT('',(-6.748737674,15.085491223,132.830219561));
#3591=CARTESIAN_POINT('',(-6.610542258,15.286975898,132.664678755));
#3592=CARTESIAN_POINT('',(-6.472346843,15.488460573,132.499137948));
#3593=CARTESIAN_POINT('',(-6.331379149,15.684869012,132.329206074));
#3594=CARTESIAN_POINT('',(-6.187123801,15.877423819,132.156933077));
#3595=CARTESIAN_POINT('',(-5.898613106,16.262533432,131.812387082));
#3596=CARTESIAN_POINT('',(-5.597929969,16.629831199,131.453955321));
#3597=CARTESIAN_POINT('',(-5.286489442,16.979620772,131.082459013));
#3598=CARTESIAN_POINT('',(-4.975048915,17.329410346,130.710962706));
#3599=CARTESIAN_POINT('',(-4.655708817,17.658665002,130.330263613));
#3600=CARTESIAN_POINT('',(-4.329416622,17.970056514,129.941626528));
#3601=CARTESIAN_POINT('',(-4.003124428,18.281448025,129.552989443));
#3602=CARTESIAN_POINT('',(-3.669821987,18.57502316,129.156499238));
#3603=CARTESIAN_POINT('',(-3.330709853,18.852811242,128.752712897));
#3604=CARTESIAN_POINT('',(-2.991597719,19.130599323,128.348926556));
#3605=CARTESIAN_POINT('',(-2.645969069,19.393006565,127.936803258));
#3606=CARTESIAN_POINT('',(-2.297973836,19.639811947,127.521733406));
#3607=CARTESIAN_POINT('',(-1.601983369,20.133422712,126.691593703));
#3608=CARTESIAN_POINT('',(-0.89508291,20.566842228,125.848068893));
#3609=CARTESIAN_POINT('',(-0.179434258,20.95512607,124.994982816));
#3610=CARTESIAN_POINT('',(0.536214394,21.343409911,124.141896739));
#3611=CARTESIAN_POINT('',(1.260717125,21.686281879,123.279234814));
#3612=CARTESIAN_POINT('',(1.992237082,21.990842452,122.408114659));
#3613=CARTESIAN_POINT('',(2.723757039,22.295403025,121.536994504));
#3614=CARTESIAN_POINT('',(3.462206271,22.561620917,120.657330607));
#3615=CARTESIAN_POINT('',(4.207224032,22.790947108,119.769363615));
#3616=CARTESIAN_POINT('',(4.579732913,22.905610204,119.32538012));
#3617=CARTESIAN_POINT('',(4.953808722,23.010929985,118.879212669));
#3618=CARTESIAN_POINT('',(5.329973206,23.106622717,118.431192793));
#3619=CARTESIAN_POINT('',(5.706137691,23.202315448,117.983172916));
#3620=CARTESIAN_POINT('',(6.084135639,23.288395363,117.532273364));
#3621=CARTESIAN_POINT('',(6.463044598,23.36383806,117.080243768));
#3622=CARTESIAN_POINT('',(7.220862517,23.514723454,116.176184575));
#3623=CARTESIAN_POINT('',(7.983090442,23.623534961,115.270201663));
#3624=CARTESIAN_POINT('',(8.747162931,23.679195722,114.360151701));
#3625=CARTESIAN_POINT('',(9.511235419,23.734856483,113.450101739));
#3626=CARTESIAN_POINT('',(10.271013042,23.737796287,112.542187889));
#3627=CARTESIAN_POINT('',(11.027816973,23.668350966,111.63965943));
#3628=CARTESIAN_POINT('',(11.406218938,23.633628306,111.188395201));
#3629=CARTESIAN_POINT('',(11.784079048,23.580485227,110.738681727));
#3630=CARTESIAN_POINT('',(12.160829657,23.504682417,110.290504266));
#3631=CARTESIAN_POINT('',(12.537580266,23.428879606,109.842326805));
#3632=CARTESIAN_POINT('',(12.91298333,23.330523936,109.395473997));
#3633=CARTESIAN_POINT('',(13.286474034,23.202518283,108.950244596));
#3634=CARTESIAN_POINT('',(13.659964739,23.074512631,108.505015195));
#3635=CARTESIAN_POINT('',(14.033281544,22.916289307,108.059949709));
#3636=CARTESIAN_POINT('',(14.394390778,22.720986864,107.628477866));
#3637=CARTESIAN_POINT('',(14.755500012,22.525684422,107.197006024));
#3638=CARTESIAN_POINT('',(15.105674404,22.292670651,106.776548924));
#3639=CARTESIAN_POINT('',(15.44320743,22.010534633,106.371778408));
#3640=CARTESIAN_POINT('',(15.611973942,21.869466624,106.169393151));
#3641=CARTESIAN_POINT('',(15.778250735,21.71520595,105.970192864));
#3642=CARTESIAN_POINT('',(15.937923279,21.55009538,105.779838382));
#3643=CARTESIAN_POINT('',(16.097595822,21.384984809,105.5894839));
#3644=CARTESIAN_POINT('',(16.251312463,21.208591075,105.407152387));
#3645=CARTESIAN_POINT('',(16.39835482,21.020077341,105.233205641));
#3646=CARTESIAN_POINT('',(16.545397178,20.831563608,105.059258894));
#3647=CARTESIAN_POINT('',(16.685765263,20.630932129,104.893694319));
#3648=CARTESIAN_POINT('',(16.818534892,20.417168984,104.736904931));
#3649=CARTESIAN_POINT('',(16.884919706,20.310287411,104.658510237));
#3650=CARTESIAN_POINT('',(16.949401564,20.200119822,104.582310104));
#3651=CARTESIAN_POINT('',(17.011845678,20.086519517,104.508360496));
#3652=CARTESIAN_POINT('',(17.043067735,20.029719365,104.471385692));
#3653=CARTESIAN_POINT('',(17.07378015,19.972060781,104.434973636));
#3654=CARTESIAN_POINT('',(17.103964872,19.913524005,104.399131956));
#3655=CARTESIAN_POINT('',(17.134149594,19.854987229,104.363290276));
#3656=CARTESIAN_POINT('',(17.164093997,19.794976341,104.327676263));
#3657=CARTESIAN_POINT('',(17.192917094,19.735258259,104.293326232));
#3658=B_SPLINE_CURVE_WITH_KNOTS('',3,(#3555,#3556,#3557,#3558,#3559,#3560,#3561,#3562,#3563,#3564,#3565,#3566,#3567,#3568,#3569,#3570,#3571,#3572,#3573,#3574,#3575,#3576,#3577,#3578,#3579,#3580,
#3581,#3582,#3583,#3584,#3585,#3586,#3587,#3588,#3589,#3590,#3591,#3592,#3593,#3594,#3595,#3596,#3597,#3598,#3599,#3600,#3601,#3602,#3603,#3604,#3605,
#3606,#3607,#3608,#3609,#3610,#3611,#3612,#3613,#3614,#3615,#3616,#3617,#3618,#3619,#3620,#3621,#3622,#3623,#3624,#3625,#3626,#3627,#3628,#3629,#3630,
#3631,#3632,#3633,#3634,#3635,#3636,#3637,#3638,#3639,#3640,#3641,#3642,#3643,#3644,#3645,#3646,#3647,#3648,#3649,#3650,#3651,#3652,#3653,#3654,#3655,
#3656,#3657),.UNSPECIFIED.,.F.,.F.,(4,3,3,3,3,3,3,3,3,3,3,3,3,3,3,3,3,3,3,3,3,3,3,3,3,3,
3,3,3,3,3,3,3,3,4),(0.,0.001792295,0.003584589,0.005376884,0.007169179,0.008961473,0.010753768,0.012546063,0.01344221,0.014338358,0.015234505,0.016130652,0.0170268,0.017922947,0.019715242,0.021507536,0.023299831,0.025092126,0.028676715,0.032261305,0.035845894,0.037638189,0.039430483,0.043015073,0.046599662,0.048391957,
0.050184251,0.051976546,0.053768841,0.054664988,0.055561136,0.056457283,0.056905357,0.057129393,0.05735343),.UNSPECIFIED.);
#3659=EDGE_CURVE('',#3237,#2973,#3658,.T.);
#3660=ORIENTED_EDGE('',*,*,#3659,.T.);
#3661=ORIENTED_EDGE('',*,*,#2996,.F.);
#3662=CARTESIAN_POINT('',(16.552887742,19.435034546,104.278221599));
#3663=CARTESIAN_POINT('',(16.424954387,19.700097471,104.430686634));
#3664=CARTESIAN_POINT('',(16.286086179,19.949469534,104.59618332));
#3665=CARTESIAN_POINT('',(16.136371514,20.183277582,104.77460631));
#3666=CARTESIAN_POINT('',(15.986656849,20.417085629,104.953029301));
#3667=CARTESIAN_POINT('',(15.825687691,20.635662244,105.144864872));
#3668=CARTESIAN_POINT('',(15.656404661,20.836706691,105.346608532));
#3669=B_SPLINE_CURVE_WITH_KNOTS('',3,(#3662,#3663,#3664,#3665,#3666,#3667,#3668),.UNSPECIFIED.,.F.,.F.,(4,3,4),(0.,0.000989338,0.001978677),.UNSPECIFIED.);
#3670=EDGE_CURVE('',#2983,#3530,#3669,.T.);
#3671=ORIENTED_EDGE('',*,*,#3670,.T.);
#3672=EDGE_LOOP('',(#3553,#3554,#3660,#3661,#3671));
#3673=FACE_BOUND('',#3672,.T.);
#3674=ADVANCED_FACE('',(#3673),#3528,.T.);
#3675=CARTESIAN_POINT('',(-9.238564908,0.000221092,138.437870372));
#3676=CARTESIAN_POINT('',(-10.540840461,0.000221092,137.345131436));
#3677=CARTESIAN_POINT('',(-10.545368309,0.000221092,137.341332121));
#3678=CARTESIAN_POINT('',(-9.238564908,2.139676787,138.437870372));
#3679=CARTESIAN_POINT('',(-10.540840461,2.139676787,137.345131436));
#3680=CARTESIAN_POINT('',(-10.545368309,2.139676787,137.341332121));
#3681=CARTESIAN_POINT('',(-9.061769529,4.314108861,138.227173844));
#3682=CARTESIAN_POINT('',(-10.364045082,4.314108861,137.134434907));
#3683=CARTESIAN_POINT('',(-10.368572929,4.314108861,137.130635592));
#3684=CARTESIAN_POINT('',(-8.698450959,6.374168211,137.794187632));
#3685=CARTESIAN_POINT('',(-10.000726512,6.374168211,136.701448696));
#3686=CARTESIAN_POINT('',(-10.005254359,6.374168211,136.697649381));
#3687=CARTESIAN_POINT('',(-8.482121664,7.600780952,137.536376418));
#3688=CARTESIAN_POINT('',(-9.784397217,7.600780952,136.443637481));
#3689=CARTESIAN_POINT('',(-9.788925064,7.600780952,136.439838166));
#3690=CARTESIAN_POINT('',(-8.188609388,8.817710427,137.186582109));
#3691=CARTESIAN_POINT('',(-9.490884941,8.817710427,136.093843172));
#3692=CARTESIAN_POINT('',(-9.495412788,8.817710427,136.090043857));
#3693=CARTESIAN_POINT('',(-7.860109983,9.877169228,136.795091763));
#3694=CARTESIAN_POINT('',(-9.162385537,9.877169228,135.702352827));
#3695=CARTESIAN_POINT('',(-9.166913384,9.877169228,135.698553512));
#3696=CARTESIAN_POINT('',(-7.373409285,11.446850424,136.215064457));
#3697=CARTESIAN_POINT('',(-8.675684838,11.446850424,135.122325521));
#3698=CARTESIAN_POINT('',(-8.680212685,11.446850424,135.118526206));
#3699=CARTESIAN_POINT('',(-6.823179823,12.681089229,135.55932652));
#3700=CARTESIAN_POINT('',(-8.125455377,12.681089229,134.466587583));
#3701=CARTESIAN_POINT('',(-8.129983224,12.681089229,134.462788268));
#3702=CARTESIAN_POINT('',(-6.291398851,13.669535154,134.925574636));
#3703=CARTESIAN_POINT('',(-7.593674405,13.669535154,133.832835699));
#3704=CARTESIAN_POINT('',(-7.598202252,13.669535154,133.829036384));
#3705=CARTESIAN_POINT('',(-5.800218133,14.582515508,134.34020825));
#3706=CARTESIAN_POINT('',(-7.102493686,14.582515508,133.247469313));
#3707=CARTESIAN_POINT('',(-7.107021533,14.582515508,133.243669998));
#3708=CARTESIAN_POINT('',(-5.352395076,15.257263237,133.806513513));
#3709=CARTESIAN_POINT('',(-6.654670629,15.257263237,132.713774576));
#3710=CARTESIAN_POINT('',(-6.659198476,15.257263237,132.709975261));
#3711=CARTESIAN_POINT('',(-4.857602496,15.913899445,133.216842678));
#3712=CARTESIAN_POINT('',(-6.159878049,15.913899445,132.124103742));
#3713=CARTESIAN_POINT('',(-6.164405897,15.913899445,132.120304427));
#3714=CARTESIAN_POINT('',(-4.039393756,16.999739261,132.241739473));
#3715=CARTESIAN_POINT('',(-5.34166931,16.999739261,131.149000537));
#3716=CARTESIAN_POINT('',(-5.346197157,16.999739261,131.145201222));
#3717=CARTESIAN_POINT('',(-3.127192412,17.936678481,131.154620245));
#3718=CARTESIAN_POINT('',(-4.429467966,17.936678481,130.061881308));
#3719=CARTESIAN_POINT('',(-4.433995813,17.936678481,130.058081993));
#3720=CARTESIAN_POINT('',(-2.151549087,18.751094396,129.991893806));
#3721=CARTESIAN_POINT('',(-3.45382464,18.751094396,128.899154869));
#3722=CARTESIAN_POINT('',(-3.458352487,18.751094396,128.895355554));
#3723=CARTESIAN_POINT('',(-0.090922243,20.471197689,127.536134362));
#3724=CARTESIAN_POINT('',(-1.393197796,20.471197689,126.443395426));
#3725=CARTESIAN_POINT('',(-1.397725644,20.471197689,126.439596111));
#3726=CARTESIAN_POINT('',(2.283299905,21.654593736,124.706646587));
#3727=CARTESIAN_POINT('',(0.981024352,21.654593736,123.613907651));
#3728=CARTESIAN_POINT('',(0.976496505,21.654593736,123.610108336));
#3729=CARTESIAN_POINT('',(4.383433121,22.414095905,122.203805282));
#3730=CARTESIAN_POINT('',(3.081157568,22.414095905,121.111066346));
#3731=CARTESIAN_POINT('',(3.076629721,22.414095905,121.107267031));
#3732=CARTESIAN_POINT('',(5.100832484,22.673539624,121.348842015));
#3733=CARTESIAN_POINT('',(3.798556931,22.673539624,120.256103078));
#3734=CARTESIAN_POINT('',(3.794029083,22.673539624,120.252303763));
#3735=CARTESIAN_POINT('',(5.777706967,22.881380739,120.542174418));
#3736=CARTESIAN_POINT('',(4.475431413,22.881380739,119.449435482));
#3737=CARTESIAN_POINT('',(4.470903566,22.881380739,119.445636167));
#3738=CARTESIAN_POINT('',(6.414210635,23.050015182,119.783618884));
#3739=CARTESIAN_POINT('',(5.111935082,23.050015182,118.690879948));
#3740=CARTESIAN_POINT('',(5.107407234,23.050015182,118.687080633));
#3741=CARTESIAN_POINT('',(7.360873331,23.300822747,118.655430216));
#3742=CARTESIAN_POINT('',(6.058597778,23.300822747,117.562691279));
#3743=CARTESIAN_POINT('',(6.05406993,23.300822747,117.558891964));
#3744=CARTESIAN_POINT('',(8.348472836,23.498125559,117.478454958));
#3745=CARTESIAN_POINT('',(7.046197282,23.498125559,116.385716022));
#3746=CARTESIAN_POINT('',(7.041669435,23.498125559,116.381916707));
#3747=CARTESIAN_POINT('',(9.33495122,23.611872136,116.3028158));
#3748=CARTESIAN_POINT('',(8.032675666,23.611872136,115.210076863));
#3749=CARTESIAN_POINT('',(8.028147819,23.611872136,115.206277548));
#3750=CARTESIAN_POINT('',(10.472701429,23.743061216,114.9468979));
#3751=CARTESIAN_POINT('',(9.170425876,23.743061216,113.854158964));
#3752=CARTESIAN_POINT('',(9.165898029,23.743061216,113.850359649));
#3753=CARTESIAN_POINT('',(11.608997883,23.762336386,113.592712519));
#3754=CARTESIAN_POINT('',(10.30672233,23.762336386,112.499973582));
#3755=CARTESIAN_POINT('',(10.302194483,23.762336386,112.496174267));
#3756=CARTESIAN_POINT('',(12.676493478,23.63131872,112.320520809));
#3757=CARTESIAN_POINT('',(11.374217925,23.63131872,111.227781872));
#3758=CARTESIAN_POINT('',(11.369690077,23.63131872,111.223982557));
#3759=CARTESIAN_POINT('',(13.643037194,23.512691249,111.168638863));
#3760=CARTESIAN_POINT('',(12.340761641,23.512691249,110.075899926));
#3761=CARTESIAN_POINT('',(12.336233793,23.512691249,110.072100611));
#3762=CARTESIAN_POINT('',(14.604302135,23.265307174,110.023047915));
#3763=CARTESIAN_POINT('',(13.302026582,23.265307174,108.930308979));
#3764=CARTESIAN_POINT('',(13.297498735,23.265307174,108.926509664));
#3765=CARTESIAN_POINT('',(15.480402492,22.832709602,108.978952168));
#3766=CARTESIAN_POINT('',(14.178126939,22.832709602,107.886213231));
#3767=CARTESIAN_POINT('',(14.173599091,22.832709602,107.882413916));
#3768=CARTESIAN_POINT('',(16.749994018,22.205815425,107.465911905));
#3769=CARTESIAN_POINT('',(15.447718465,22.205815425,106.373172969));
#3770=CARTESIAN_POINT('',(15.443190618,22.205815425,106.369373654));
#3771=CARTESIAN_POINT('',(17.790959219,21.194259117,106.225337888));
#3772=CARTESIAN_POINT('',(16.488683665,21.194259117,105.132598952));
#3773=CARTESIAN_POINT('',(16.484155818,21.194259117,105.128799637));
#3774=CARTESIAN_POINT('',(18.495105377,19.735439068,105.386169174));
#3775=CARTESIAN_POINT('',(17.192829824,19.735439068,104.293430237));
#3776=CARTESIAN_POINT('',(17.188301976,19.735439068,104.289630922));
#3777=CARTESIAN_POINT('',(18.495134468,19.735378799,105.386134505));
#3778=CARTESIAN_POINT('',(17.192858915,19.735378799,104.293395568));
#3779=CARTESIAN_POINT('',(17.188331067,19.735378799,104.289596253));
#3780=CARTESIAN_POINT('',(18.495163558,19.735318529,105.386099836));
#3781=CARTESIAN_POINT('',(17.192888005,19.735318529,104.2933609));
#3782=CARTESIAN_POINT('',(17.188360158,19.735318529,104.289561585));
#3783=CARTESIAN_POINT('',(18.495192648,19.735258259,105.386065169));
#3784=CARTESIAN_POINT('',(17.192917094,19.735258259,104.293326232));
#3785=CARTESIAN_POINT('',(17.188389247,19.735258259,104.289526917));
#3786=B_SPLINE_SURFACE_WITH_KNOTS('',3,1,((#3675,#3676,#3677),(#3678,#3679,#3680),(#3681,#3682,#3683),(#3684,#3685,#3686),(#3687,#3688,#3689),(#3690,#3691,#3692),(#3693,#3694,#3695),(#3696,#3697,#3698),(#3699,#3700,#3701),(#3702,#3703,#3704),(#3705,#3706,#3707),(#3708,#3709,#3710),(#3711,#3712,#3713),(#3714,#3715,#3716),(#3717,#3718,#3719),(#3720,#3721,#3722),(#3723,#3724,#3725),(#3726,#3727,#3728),(#3729,#3730,#3731),(#3732,#3733,#3734),(#3735,#3736,#3737),(#3738,#3739,#3740),(#3741,#3742,#3743),(#3744,#3745,#3746),(#3747,#3748,#3749),(#3750,#3751,#3752),
(#3753,#3754,#3755),(#3756,#3757,#3758),(#3759,#3760,#3761),(#3762,#3763,#3764),(#3765,#3766,#3767),(#3768,#3769,#3770),(#3771,#3772,#3773),(#3774,#3775,#3776),(#3777,#3778,#3779),(#3780,#3781,#3782),(#3783,#3784,#3785)),.UNSPECIFIED.,.F.,.F.,.U.,(4,3,3,3,3,3,3,3,3,3,3,3,4),(2,1,2),(0.,0.695536349,1.109676721,1.72326203,2.290001513,3.22718452,5.206580484,5.882736354,6.888373196,8.048219724,9.098380846,10.620210683,10.620273555),(0.,0.17,0.170591068),.UNSPECIFIED.);
#3787=ORIENTED_EDGE('',*,*,#3659,.F.);
#3788=CARTESIAN_POINT('',(-9.238564908,0.000221092,138.437870372));
#3789=DIRECTION('',(-0.766044443,-0.,-0.64278761));
#3790=VECTOR('',#3789,1.7);
#3791=LINE('',#3788,#3790);
#3792=EDGE_CURVE('',#2552,#3237,#3791,.T.);
#3793=ORIENTED_EDGE('',*,*,#3792,.F.);
#3794=ORIENTED_EDGE('',*,*,#2591,.T.);
#3795=ORIENTED_EDGE('',*,*,#3019,.T.);
#3796=EDGE_LOOP('',(#3787,#3793,#3794,#3795));
#3797=FACE_BOUND('',#3796,.T.);
#3798=ADVANCED_FACE('',(#3797),#3786,.T.);
#3799=CARTESIAN_POINT('',(18.495192649,-19.734816072,105.386065168));
#3800=CARTESIAN_POINT('',(17.192917095,-19.734816072,104.293326231));
#3801=CARTESIAN_POINT('',(17.190435527,-19.734816072,104.291243948));
#3802=CARTESIAN_POINT('',(18.495163559,-19.734876343,105.386099836));
#3803=CARTESIAN_POINT('',(17.192888005,-19.734876343,104.293360899));
#3804=CARTESIAN_POINT('',(17.190406437,-19.734876343,104.291278616));
#3805=CARTESIAN_POINT('',(18.495134468,-19.734936613,105.386134504));
#3806=CARTESIAN_POINT('',(17.192858915,-19.734936613,104.293395568));
#3807=CARTESIAN_POINT('',(17.190377346,-19.734936613,104.291313285));
#3808=CARTESIAN_POINT('',(18.495105377,-19.734996883,105.386169174));
#3809=CARTESIAN_POINT('',(17.192829824,-19.734996883,104.293430237));
#3810=CARTESIAN_POINT('',(17.190348255,-19.734996883,104.291347954));
#3811=CARTESIAN_POINT('',(18.202661168,-20.340870351,105.73469061));
#3812=CARTESIAN_POINT('',(16.900385615,-20.340870351,104.641951674));
#3813=CARTESIAN_POINT('',(16.897904047,-20.340870351,104.639869391));
#3814=CARTESIAN_POINT('',(17.860281584,-20.867209325,106.14272271));
#3815=CARTESIAN_POINT('',(16.558006031,-20.867209325,105.049983773));
#3816=CARTESIAN_POINT('',(16.555524462,-20.867209325,105.04790149));
#3817=CARTESIAN_POINT('',(17.45418354,-21.329930098,106.626691512));
#3818=CARTESIAN_POINT('',(16.151907987,-21.329930098,105.533952576));
#3819=CARTESIAN_POINT('',(16.149426419,-21.329930098,105.531870293));
#3820=CARTESIAN_POINT('',(16.495235089,-22.422585863,107.769521775));
#3821=CARTESIAN_POINT('',(15.192959535,-22.422585863,106.676782838));
#3822=CARTESIAN_POINT('',(15.190477967,-22.422585863,106.674700555));
#3823=CARTESIAN_POINT('',(15.246872839,-23.069957072,109.257261971));
#3824=CARTESIAN_POINT('',(13.944597286,-23.069957072,108.164523034));
#3825=CARTESIAN_POINT('',(13.942115717,-23.069957072,108.162440751));
#3826=CARTESIAN_POINT('',(13.881349581,-23.410218263,110.884629219));
#3827=CARTESIAN_POINT('',(12.579074028,-23.410218263,109.791890282));
#3828=CARTESIAN_POINT('',(12.57659246,-23.410218263,109.789807999));
#3829=CARTESIAN_POINT('',(13.030900984,-23.622133109,111.898154391));
#3830=CARTESIAN_POINT('',(11.72862543,-23.622133109,110.805415454));
#3831=CARTESIAN_POINT('',(11.726143862,-23.622133109,110.803333171));
#3832=CARTESIAN_POINT('',(12.16174841,-23.711980435,112.933970093));
#3833=CARTESIAN_POINT('',(10.859472857,-23.711980435,111.841231156));
#3834=CARTESIAN_POINT('',(10.856991288,-23.711980435,111.839148873));
#3835=CARTESIAN_POINT('',(11.27658614,-23.719713953,113.988865408));
#3836=CARTESIAN_POINT('',(9.974310586,-23.719713953,112.896126472));
#3837=CARTESIAN_POINT('',(9.971829018,-23.719713953,112.894044189));
#3838=CARTESIAN_POINT('',(9.221265543,-23.737670954,116.438301113));
#3839=CARTESIAN_POINT('',(7.91898999,-23.737670954,115.345562176));
#3840=CARTESIAN_POINT('',(7.916508422,-23.737670954,115.343479893));
#3841=CARTESIAN_POINT('',(6.96037884,-23.291094658,119.132720964));
#3842=CARTESIAN_POINT('',(5.658103287,-23.291094658,118.039982027));
#3843=CARTESIAN_POINT('',(5.655621719,-23.291094658,118.037899744));
#3844=CARTESIAN_POINT('',(4.867937329,-22.583203506,121.626395652));
#3845=CARTESIAN_POINT('',(3.565661776,-22.583203506,120.533656716));
#3846=CARTESIAN_POINT('',(3.563180207,-22.583203506,120.531574432));
#3847=CARTESIAN_POINT('',(4.370168181,-22.414803876,122.219613822));
#3848=CARTESIAN_POINT('',(3.067892628,-22.414803876,121.126874886));
#3849=CARTESIAN_POINT('',(3.065411059,-22.414803876,121.124792603));
#3850=CARTESIAN_POINT('',(3.885008514,-22.233109242,122.797804598));
#3851=CARTESIAN_POINT('',(2.582732961,-22.233109242,121.705065662));
#3852=CARTESIAN_POINT('',(2.580251393,-22.233109242,121.702983379));
#3853=CARTESIAN_POINT('',(3.407743849,-22.037294062,123.366586477));
#3854=CARTESIAN_POINT('',(2.105468296,-22.037294062,122.273847541));
#3855=CARTESIAN_POINT('',(2.102986728,-22.037294062,122.271765258));
#3856=CARTESIAN_POINT('',(1.633617977,-21.309394422,125.480907359));
#3857=CARTESIAN_POINT('',(0.331342424,-21.309394422,124.388168423));
#3858=CARTESIAN_POINT('',(0.328860855,-21.309394422,124.38608614));
#3859=CARTESIAN_POINT('',(-0.832379918,-20.061302972,128.41976921));
#3860=CARTESIAN_POINT('',(-2.134655471,-20.061302972,127.327030273));
#3861=CARTESIAN_POINT('',(-2.137137039,-20.061302972,127.32494799));
#3862=CARTESIAN_POINT('',(-3.017944952,-17.977968841,131.024424192));
#3863=CARTESIAN_POINT('',(-4.320220506,-17.977968841,129.931685255));
#3864=CARTESIAN_POINT('',(-4.322702074,-17.977968841,129.929602972));
#3865=CARTESIAN_POINT('',(-4.003702618,-17.038320486,132.199204431));
#3866=CARTESIAN_POINT('',(-5.305978171,-17.038320486,131.106465495));
#3867=CARTESIAN_POINT('',(-5.30845974,-17.038320486,131.104383212));
#3868=CARTESIAN_POINT('',(-4.908837077,-15.9477435,133.277901674));
#3869=CARTESIAN_POINT('',(-6.21111263,-15.9477435,132.185162738));
#3870=CARTESIAN_POINT('',(-6.213594199,-15.9477435,132.183080455));
#3871=CARTESIAN_POINT('',(-5.684616599,-14.712281447,134.202439707));
#3872=CARTESIAN_POINT('',(-6.986892153,-14.712281447,133.109700771));
#3873=CARTESIAN_POINT('',(-6.989373721,-14.712281447,133.107618488));
#3874=CARTESIAN_POINT('',(-6.54768502,-13.337808092,135.231004599));
#3875=CARTESIAN_POINT('',(-7.849960574,-13.337808092,134.138265662));
#3876=CARTESIAN_POINT('',(-7.852442142,-13.337808092,134.136183379));
#3877=CARTESIAN_POINT('',(-7.27784335,-11.729284739,136.101173411));
#3878=CARTESIAN_POINT('',(-8.580118904,-11.729284739,135.008434475));
#3879=CARTESIAN_POINT('',(-8.582600472,-11.729284739,135.006352192));
#3880=CARTESIAN_POINT('',(-7.830606849,-9.97121714,136.759931297));
#3881=CARTESIAN_POINT('',(-9.132882402,-9.97121714,135.66719236));
#3882=CARTESIAN_POINT('',(-9.135363971,-9.97121714,135.665110077));
#3883=CARTESIAN_POINT('',(-8.781223618,-6.947774844,137.892832247));
#3884=CARTESIAN_POINT('',(-10.083499171,-6.947774844,136.80009331));
#3885=CARTESIAN_POINT('',(-10.08598074,-6.947774844,136.798011027));
#3886=CARTESIAN_POINT('',(-9.238564908,-3.457352973,138.437870372));
#3887=CARTESIAN_POINT('',(-10.540840462,-3.457352973,137.345131436));
#3888=CARTESIAN_POINT('',(-10.54332203,-3.457352973,137.343049153));
#3889=CARTESIAN_POINT('',(-9.238564908,0.000221092,138.437870372));
#3890=CARTESIAN_POINT('',(-10.540840462,0.000221092,137.345131436));
#3891=CARTESIAN_POINT('',(-10.54332203,0.000221092,137.343049153));
#3892=B_SPLINE_SURFACE_WITH_KNOTS('',3,1,((#3799,#3800,#3801),(#3802,#3803,#3804),(#3805,#3806,#3807),(#3808,#3809,#3810),(#3811,#3812,#3813),(#3814,#3815,#3816),(#3817,#3818,#3819),(#3820,#3821,#3822),(#3823,#3824,#3825),(#3826,#3827,#3828),(#3829,#3830,#3831),(#3832,#3833,#3834),(#3835,#3836,#3837),(#3838,#3839,#3840),(#3841,#3842,#3843),(#3844,#3845,#3846),(#3847,#3848,#3849),(#3850,#3851,#3852),(#3853,#3854,#3855),(#3856,#3857,#3858),(#3859,#3860,#3861),(#3862,#3863,#3864),(#3865,#3866,#3867),(#3868,#3869,#3870),(#3871,#3872,#3873),(#3874,#3875,#3876),
(#3877,#3878,#3879),(#3880,#3881,#3882),(#3883,#3884,#3885),(#3886,#3887,#3888),(#3889,#3890,#3891)),.UNSPECIFIED.,.F.,.F.,.U.,(4,3,3,3,3,3,3,3,3,3,4),(2,1,2),(4.132344737,4.132428691,4.97639393,6.96930961,8.210498536,11.09250249,11.778099982,14.326657079,15.476135431,16.754950401,18.954196476),(0.,0.17,0.170323946),.UNSPECIFIED.);
#3893=ORIENTED_EDGE('',*,*,#3330,.F.);
#3894=ORIENTED_EDGE('',*,*,#3090,.F.);
#3895=ORIENTED_EDGE('',*,*,#2624,.T.);
#3896=ORIENTED_EDGE('',*,*,#3792,.T.);
#3897=EDGE_LOOP('',(#3893,#3894,#3895,#3896));
#3898=FACE_BOUND('',#3897,.T.);
#3899=ADVANCED_FACE('',(#3898),#3892,.T.);
#3900=CARTESIAN_POINT('',(16.568283165,19.402953881,104.259874049));
#3901=CARTESIAN_POINT('',(16.825684022,18.863506012,103.953115653));
#3902=CARTESIAN_POINT('',(17.039765927,18.261200347,103.697982773));
#3903=CARTESIAN_POINT('',(17.460832109,16.676728802,103.196175637));
#3904=CARTESIAN_POINT('',(17.707663367,15.256480031,102.902013599));
#3905=CARTESIAN_POINT('',(18.026921634,11.92845367,102.521536412));
#3906=CARTESIAN_POINT('',(18.171332849,8.308603042,102.349433828));
#3907=CARTESIAN_POINT('',(18.194416036,2.377352623,102.321924358));
#3908=CARTESIAN_POINT('',(18.194416036,0.000221092,102.321924358));
#3909=CARTESIAN_POINT('',(16.781978188,19.50229516,104.264489541));
#3910=CARTESIAN_POINT('',(17.045261343,18.950532596,103.950720896));
#3911=CARTESIAN_POINT('',(17.263608437,18.335643751,103.690504962));
#3912=CARTESIAN_POINT('',(17.691274962,16.726076653,103.180831844));
#3913=CARTESIAN_POINT('',(17.94046383,15.290055839,102.883860116));
#3914=CARTESIAN_POINT('',(18.261601279,11.94192103,102.501143407));
#3915=CARTESIAN_POINT('',(18.406090692,8.311805388,102.32894763));
#3916=CARTESIAN_POINT('',(18.429241365,2.37781314,102.301357732));
#3917=CARTESIAN_POINT('',(18.429221378,0.000221092,102.301381552));
#3918=CARTESIAN_POINT('',(16.995673212,19.601636439,104.269105033));
#3919=CARTESIAN_POINT('',(17.26481236,19.037574914,103.948357487));
#3920=CARTESIAN_POINT('',(17.487358857,18.410220252,103.6831369));
#3921=CARTESIAN_POINT('',(17.921829034,16.775165357,103.165355505));
#3922=CARTESIAN_POINT('',(18.173229257,15.323981974,102.865748386));
#3923=CARTESIAN_POINT('',(18.496316735,11.955269308,102.480707724));
#3924=CARTESIAN_POINT('',(18.640874371,8.314885493,102.308430642));
#3925=CARTESIAN_POINT('',(18.664006733,2.37873661,102.280862566));
#3926=CARTESIAN_POINT('',(18.66402672,0.000221092,102.280838746));
#3927=CARTESIAN_POINT('',(17.209368236,19.700977718,104.273720526));
#3928=CARTESIAN_POINT('',(17.484389681,19.124601498,103.94596273));
#3929=CARTESIAN_POINT('',(17.711201367,18.484663656,103.675659088));
#3930=CARTESIAN_POINT('',(18.152271887,16.824513207,103.150011712));
#3931=CARTESIAN_POINT('',(18.40602972,15.357557783,102.847594903));
#3932=CARTESIAN_POINT('',(18.730996379,11.968736669,102.460314719));
#3933=CARTESIAN_POINT('',(18.875632214,8.318087839,102.287944444));
#3934=CARTESIAN_POINT('',(18.898832062,2.379197127,102.260295941));
#3935=CARTESIAN_POINT('',(18.898832062,0.000221092,102.260295941));
#3936=CARTESIAN_POINT('',(17.209946934,19.70124674,104.273733025));
#3937=CARTESIAN_POINT('',(17.484984309,19.124837171,103.945956245));
#3938=CARTESIAN_POINT('',(17.711807546,18.484865253,103.675638838));
#3939=CARTESIAN_POINT('',(18.15289594,16.824646844,103.14997016));
#3940=CARTESIAN_POINT('',(18.406660157,15.357648708,102.847545742));
#3941=CARTESIAN_POINT('',(18.731631905,11.968773139,102.460259494));
#3942=CARTESIAN_POINT('',(18.876267952,8.318096511,102.287888966));
#3943=CARTESIAN_POINT('',(18.899467983,2.379198374,102.260240245));
#3944=CARTESIAN_POINT('',(18.899467929,0.000221092,102.26024031));
#3945=CARTESIAN_POINT('',(17.210525633,19.701515762,104.273745524));
#3946=CARTESIAN_POINT('',(17.485578937,19.125072844,103.94594976));
#3947=CARTESIAN_POINT('',(17.712413724,18.485066851,103.675618588));
#3948=CARTESIAN_POINT('',(18.153519992,16.824780481,103.149928608));
#3949=CARTESIAN_POINT('',(18.407290594,15.357739634,102.847496582));
#3950=CARTESIAN_POINT('',(18.732267432,11.96880961,102.460204268));
#3951=CARTESIAN_POINT('',(18.87690369,8.318105183,102.287833488));
#3952=CARTESIAN_POINT('',(18.900103904,2.379199621,102.26018455));
#3953=CARTESIAN_POINT('',(18.900103795,0.000221092,102.260184679));
#3954=CARTESIAN_POINT('',(17.211104332,19.701784784,104.273758023));
#3955=CARTESIAN_POINT('',(17.486173566,19.125308517,103.945943275));
#3956=CARTESIAN_POINT('',(17.713019903,18.485268448,103.675598337));
#3957=CARTESIAN_POINT('',(18.154144045,16.824914118,103.149887056));
#3958=CARTESIAN_POINT('',(18.407921032,15.357830559,102.847447421));
#3959=CARTESIAN_POINT('',(18.732902958,11.96884608,102.460149043));
#3960=CARTESIAN_POINT('',(18.877539428,8.318113855,102.28777801));
#3961=CARTESIAN_POINT('',(18.900739824,2.379200868,102.260128854));
#3962=CARTESIAN_POINT('',(18.900739662,0.000221092,102.260129048));
#3963=B_SPLINE_SURFACE_WITH_KNOTS('',3,3,((#3900,#3901,#3902,#3903,#3904,#3905,#3906,#3907,#3908),(#3909,#3910,#3911,#3912,#3913,#3914,#3915,#3916,#3917),(#3918,#3919,#3920,#3921,#3922,#3923,#3924,#3925,#3926),(#3927,#3928,#3929,#3930,#3931,#3932,#3933,#3934,#3935),(#3936,#3937,#3938,#3939,#3940,#3941,#3942,#3943,#3944),(#3945,#3946,#3947,#3948,#3949,#3950,#3951,#3952,#3953),(#3954,#3955,#3956,#3957,#3958,#3959,#3960,#3961,#3962)),.UNSPECIFIED.,.F.,.F.,.U.,(4,3,4),(4,2,1,1,1,4),(0.,1.,1.002708059),(10.632167944,11.230831652,12.016607952,12.278533386,13.32623512,13.850085987),.UNSPECIFIED.);
#3964=CARTESIAN_POINT('',(18.898832062,0.000221092,102.260295941));
#3965=VERTEX_POINT('',#3964);
#3966=CARTESIAN_POINT('',(17.209368236,19.700977717,104.273720525));
#3967=CARTESIAN_POINT('',(17.371515102,19.361158409,104.080481416));
#3968=CARTESIAN_POINT('',(17.514950341,19.003343652,103.909669504));
#3969=CARTESIAN_POINT('',(17.642393781,18.630110519,103.758106821));
#3970=CARTESIAN_POINT('',(17.706115501,18.443493952,103.68232548));
#3971=CARTESIAN_POINT('',(17.765699061,18.253342938,103.611494775));
#3972=CARTESIAN_POINT('',(17.821063706,18.061774142,103.545603475));
#3973=CARTESIAN_POINT('',(17.876428351,17.870205345,103.479712174));
#3974=CARTESIAN_POINT('',(17.927717376,17.676713813,103.418510829));
#3975=CARTESIAN_POINT('',(17.975638793,17.481556674,103.361508917));
#3976=CARTESIAN_POINT('',(18.167324462,16.700928117,103.133501267));
#3977=CARTESIAN_POINT('',(18.304251015,15.894203724,102.969613245));
#3978=CARTESIAN_POINT('',(18.41130431,15.073078895,102.841397092));
#3979=CARTESIAN_POINT('',(18.464830958,14.66251648,102.777289016));
#3980=CARTESIAN_POINT('',(18.51128159,14.248006471,102.722575529));
#3981=CARTESIAN_POINT('',(18.551780879,13.832836832,102.675156342));
#3982=CARTESIAN_POINT('',(18.592280168,13.417667193,102.627737154));
#3983=CARTESIAN_POINT('',(18.625991525,13.001191275,102.587270949));
#3984=CARTESIAN_POINT('',(18.654606882,12.583729532,102.552074415));
#3985=CARTESIAN_POINT('',(18.711837596,11.748806048,102.481681347));
#3986=CARTESIAN_POINT('',(18.752144731,10.911167566,102.433059999));
#3987=CARTESIAN_POINT('',(18.7821391,10.07312022,102.396844679));
#3988=CARTESIAN_POINT('',(18.812133469,9.235072874,102.360629358));
#3989=CARTESIAN_POINT('',(18.832185108,8.396136423,102.336559789));
#3990=CARTESIAN_POINT('',(18.847363447,7.556756206,102.318626244));
#3991=CARTESIAN_POINT('',(18.862541787,6.717375989,102.300692699));
#3992=CARTESIAN_POINT('',(18.872696409,5.877818781,102.28905568));
#3993=CARTESIAN_POINT('',(18.880096686,5.038194188,102.280746921));
#3994=CARTESIAN_POINT('',(18.894897238,3.358945002,102.264129403));
#3995=CARTESIAN_POINT('',(18.898832062,1.679598897,102.260295941));
#3996=CARTESIAN_POINT('',(18.898832062,0.000221092,102.260295941));
#3997=B_SPLINE_CURVE_WITH_KNOTS('',3,(#3966,#3967,#3968,#3969,#3970,#3971,#3972,#3973,#3974,#3975,#3976,#3977,#3978,#3979,#3980,#3981,#3982,#3983,#3984,#3985,#3986,#3987,#3988,#3989,#3990,#3991,
#3992,#3993,#3994,#3995,#3996),.UNSPECIFIED.,.F.,.F.,(4,3,3,3,3,3,3,3,3,3,4),(0.,0.001264908,0.001897362,0.002529816,0.005059632,0.00632454,0.007589448,0.010119264,0.01264908,0.015178896,0.020238527),.UNSPECIFIED.);
#3998=EDGE_CURVE('',#3007,#3965,#3997,.T.);
#3999=ORIENTED_EDGE('',*,*,#3998,.T.);
#4000=CARTESIAN_POINT('',(18.194416036,0.000221092,102.321924358));
#4001=VERTEX_POINT('',#4000);
#4002=CARTESIAN_POINT('',(18.898832062,0.000221092,102.260295941));
#4003=DIRECTION('',(-0.996194698,-0.,0.087155743));
#4004=VECTOR('',#4003,0.707106781);
#4005=LINE('',#4002,#4004);
#4006=EDGE_CURVE('',#3965,#4001,#4005,.T.);
#4007=ORIENTED_EDGE('',*,*,#4006,.T.);
#4008=CARTESIAN_POINT('',(17.181376403,17.725049314,103.529217979));
#4009=VERTEX_POINT('',#4008);
#4010=CARTESIAN_POINT('',(18.194416036,0.000221092,102.321924358));
#4011=CARTESIAN_POINT('',(18.194416036,2.377352623,102.321924358));
#4012=CARTESIAN_POINT('',(18.171332849,8.308603042,102.349433828));
#4013=CARTESIAN_POINT('',(18.026921634,11.92845367,102.521536412));
#4014=CARTESIAN_POINT('',(17.707663367,15.256480031,102.902013599));
#4015=CARTESIAN_POINT('',(17.460832109,16.676728802,103.196175637));
#4016=CARTESIAN_POINT('',(17.208527884,17.626149301,103.496860104));
#4017=CARTESIAN_POINT('',(17.195039951,17.675816997,103.512934397));
#4018=CARTESIAN_POINT('',(17.181376403,17.725049314,103.529217979));
#4019=B_SPLINE_CURVE_WITH_KNOTS('',3,(#4010,#4011,#4012,#4013,#4014,#4015,#4016,#4017,#4018),.UNSPECIFIED.,.F.,.F.,(4,1,1,1,2,4),(-13.850085987,-13.32623512,-12.278533386,-12.016607952,-11.230831652,-11.187047),.UNSPECIFIED.);
#4020=EDGE_CURVE('',#4001,#4009,#4019,.T.);
#4021=ORIENTED_EDGE('',*,*,#4020,.T.);
#4022=CARTESIAN_POINT('',(16.568282506,19.402952444,104.259876074));
#4023=VERTEX_POINT('',#4022);
#4024=CARTESIAN_POINT('',(17.181376403,17.725049314,103.529217979));
#4025=CARTESIAN_POINT('',(17.099119012,18.021438073,103.62724852));
#4026=CARTESIAN_POINT('',(17.008110008,18.310643782,103.735708828));
#4027=CARTESIAN_POINT('',(16.9064162,18.59107974,103.856902789));
#4028=CARTESIAN_POINT('',(16.804722392,18.871515698,103.97809675));
#4029=CARTESIAN_POINT('',(16.692049458,19.14357066,104.112375124));
#4030=CARTESIAN_POINT('',(16.568283156,19.4029539,104.259874059));
#4031=B_SPLINE_CURVE_WITH_KNOTS('',3,(#4024,#4025,#4026,#4027,#4028,#4029,#4030),.UNSPECIFIED.,.F.,.F.,(4,3,4),(0.,0.00096557,0.00193114),.UNSPECIFIED.);
#4032=EDGE_CURVE('',#4009,#4023,#4031,.T.);
#4033=ORIENTED_EDGE('',*,*,#4032,.T.);
#4034=CARTESIAN_POINT('',(17.209368236,19.700977717,104.273720525));
#4035=CARTESIAN_POINT('',(16.995673775,19.601636068,104.269106167));
#4036=CARTESIAN_POINT('',(16.78197935,19.50229433,104.264491994));
#4037=CARTESIAN_POINT('',(16.568282909,19.402951481,104.259878115));
#4038=B_SPLINE_CURVE_WITH_KNOTS('',3,(#4034,#4035,#4036,#4037),.UNSPECIFIED.,.F.,.F.,(4,4),(0.,0.999998405),.UNSPECIFIED.);
#4039=EDGE_CURVE('',#3007,#4023,#4038,.T.);
#4040=ORIENTED_EDGE('',*,*,#4039,.F.);
#4041=EDGE_LOOP('',(#3999,#4007,#4021,#4033,#4040));
#4042=FACE_BOUND('',#4041,.T.);
#4043=ADVANCED_FACE('',(#4042),#3963,.T.);
#4044=CARTESIAN_POINT('',(18.194416036,0.000221092,102.321924358));
#4045=CARTESIAN_POINT('',(18.194416036,-3.904471879,102.321924358));
#4046=CARTESIAN_POINT('',(18.152838789,-9.798887065,102.371474191));
#4047=CARTESIAN_POINT('',(17.878980724,-13.939729075,102.697845523));
#4048=CARTESIAN_POINT('',(17.398374375,-17.144591193,103.270609867));
#4049=CARTESIAN_POINT('',(16.947377951,-18.608023762,103.808086475));
#4050=CARTESIAN_POINT('',(16.568283166,-19.402511694,104.259874047));
#4051=CARTESIAN_POINT('',(18.429221378,0.000221092,102.301381552));
#4052=CARTESIAN_POINT('',(18.429221378,-3.905481811,102.301381552));
#4053=CARTESIAN_POINT('',(18.387682138,-9.803763054,102.35088609));
#4054=CARTESIAN_POINT('',(18.113067641,-13.962881161,102.678158904));
#4055=CARTESIAN_POINT('',(17.628336856,-17.19751867,103.255838558));
#4056=CARTESIAN_POINT('',(17.16972339,-18.689235931,103.802392803));
#4057=CARTESIAN_POINT('',(16.78197819,-19.501852972,104.264489539));
#4058=CARTESIAN_POINT('',(18.66402672,0.000221092,102.280838746));
#4059=CARTESIAN_POINT('',(18.66402672,-3.906491743,102.280838746));
#4060=CARTESIAN_POINT('',(18.622525488,-9.808639043,102.330297989));
#4061=CARTESIAN_POINT('',(18.347154557,-13.986033247,102.658472285));
#4062=CARTESIAN_POINT('',(17.858299338,-17.250446146,103.241067249));
#4063=CARTESIAN_POINT('',(17.39206883,-18.770448101,103.796699132));
#4064=CARTESIAN_POINT('',(16.995673213,-19.601194251,104.269105032));
#4065=CARTESIAN_POINT('',(18.898832062,0.000221092,102.260295941));
#4066=CARTESIAN_POINT('',(18.898832062,-3.907501674,102.260295941));
#4067=CARTESIAN_POINT('',(18.857368838,-9.813515033,102.309709887));
#4068=CARTESIAN_POINT('',(18.581241473,-14.009185334,102.638785666));
#4069=CARTESIAN_POINT('',(18.088261819,-17.303373623,103.22629594));
#4070=CARTESIAN_POINT('',(17.614414269,-18.85166027,103.79100546));
#4071=CARTESIAN_POINT('',(17.209368237,-19.70053553,104.273720524));
#4072=CARTESIAN_POINT('',(18.90037588,0.000221092,102.260160874));
#4073=CARTESIAN_POINT('',(18.90037588,-3.907508315,102.260160874));
#4074=CARTESIAN_POINT('',(18.858912906,-9.813547092,102.309574523));
#4075=CARTESIAN_POINT('',(18.582780568,-14.009337556,102.638656229));
#4076=CARTESIAN_POINT('',(18.089773796,-17.303721615,103.22619882));
#4077=CARTESIAN_POINT('',(17.615876165,-18.852194231,103.790968025));
#4078=CARTESIAN_POINT('',(17.210773257,-19.701188687,104.27375087));
#4079=CARTESIAN_POINT('',(18.901919698,0.000221092,102.260025808));
#4080=CARTESIAN_POINT('',(18.901919698,-3.907514955,102.260025808));
#4081=CARTESIAN_POINT('',(18.860456974,-9.813579151,102.309439159));
#4082=CARTESIAN_POINT('',(18.584319662,-14.009489778,102.638526792));
#4083=CARTESIAN_POINT('',(18.091285773,-17.304069607,103.226101701));
#4084=CARTESIAN_POINT('',(17.61733806,-18.852728191,103.79093059));
#4085=CARTESIAN_POINT('',(17.212178277,-19.701841845,104.273781217));
#4086=CARTESIAN_POINT('',(18.903463516,0.000221092,102.259890741));
#4087=CARTESIAN_POINT('',(18.903463516,-3.907521595,102.259890741));
#4088=CARTESIAN_POINT('',(18.862001042,-9.81361121,102.309303794));
#4089=CARTESIAN_POINT('',(18.585858757,-14.009642,102.638397355));
#4090=CARTESIAN_POINT('',(18.09279775,-17.304417599,103.226004581));
#4091=CARTESIAN_POINT('',(17.618799956,-18.853262152,103.790893154));
#4092=CARTESIAN_POINT('',(17.213583297,-19.702495002,104.273811563));
#4093=B_SPLINE_SURFACE_WITH_KNOTS('',3,3,((#4044,#4045,#4046,#4047,#4048,#4049,#4050),(#4051,#4052,#4053,#4054,#4055,#4056,#4057),(#4058,#4059,#4060,#4061,#4062,#4063,#4064),(#4065,#4066,#4067,#4068,#4069,#4070,#4071),(#4072,#4073,#4074,#4075,#4076,#4077,#4078),(#4079,#4080,#4081,#4082,#4083,#4084,#4085),(#4086,#4087,#4088,#4089,#4090,#4091,#4092)),.UNSPECIFIED.,.F.,.F.,.U.,(4,3,4),(4,1,1,1,4),(0.,1.,1.006574885),(-0.,1.176134372,2.352268743,2.940335929,4.116470301),.UNSPECIFIED.);
#4094=CARTESIAN_POINT('',(17.180618744,-17.724097383,103.530120922));
#4095=VERTEX_POINT('',#4094);
#4096=CARTESIAN_POINT('',(17.180618744,-17.724097383,103.530120922));
#4097=CARTESIAN_POINT('',(17.290137292,-17.329562556,103.399601799));
#4098=CARTESIAN_POINT('',(17.516708897,-16.355492531,103.129584275));
#4099=CARTESIAN_POINT('',(17.878980724,-13.939729075,102.697845523));
#4100=CARTESIAN_POINT('',(18.152838789,-9.798887065,102.371474191));
#4101=CARTESIAN_POINT('',(18.194416036,-3.904471879,102.321924358));
#4102=CARTESIAN_POINT('',(18.194416036,0.000221092,102.321924358));
#4103=B_SPLINE_CURVE_WITH_KNOTS('',3,(#4096,#4097,#4098,#4099,#4100,#4101,#4102),.UNSPECIFIED.,.F.,.F.,(4,1,1,1,4),(-3.392503072,-2.940335929,-2.352268743,-1.176134372,0.),.UNSPECIFIED.);
#4104=EDGE_CURVE('',#4095,#4001,#4103,.T.);
#4105=ORIENTED_EDGE('',*,*,#4104,.T.);
#4106=ORIENTED_EDGE('',*,*,#4006,.F.);
#4107=CARTESIAN_POINT('',(18.898832062,0.000221092,102.260295941));
#4108=CARTESIAN_POINT('',(18.898832062,-1.678972681,102.260295941));
#4109=CARTESIAN_POINT('',(18.896204458,-3.358176149,102.264033812));
#4110=CARTESIAN_POINT('',(18.882640836,-5.037171258,102.280806501));
#4111=CARTESIAN_POINT('',(18.875859024,-5.876668813,102.289192845));
#4112=CARTESIAN_POINT('',(18.865902827,-6.716216892,102.300972573));
#4113=CARTESIAN_POINT('',(18.850625366,-7.555435183,102.319012112));
#4114=CARTESIAN_POINT('',(18.835347905,-8.394653475,102.337051651));
#4115=CARTESIAN_POINT('',(18.814897608,-9.233397448,102.361238615));
#4116=CARTESIAN_POINT('',(18.785086147,-10.071249278,102.397293633));
#4117=CARTESIAN_POINT('',(18.755274685,-10.909101107,102.433348652));
#4118=CARTESIAN_POINT('',(18.716276305,-11.746078171,102.481033838));
#4119=CARTESIAN_POINT('',(18.658532703,-12.581341074,102.550893268));
#4120=CARTESIAN_POINT('',(18.600789102,-13.416603978,102.620752697));
#4121=CARTESIAN_POINT('',(18.523747315,-14.246149992,102.712957332));
#4122=CARTESIAN_POINT('',(18.414341422,-15.062762566,102.840308022));
#4123=CARTESIAN_POINT('',(18.304935529,-15.87937514,102.967658712));
#4124=CARTESIAN_POINT('',(18.168468375,-16.684722197,103.130296662));
#4125=CARTESIAN_POINT('',(17.976771693,-17.468240337,103.358956281));
#4126=CARTESIAN_POINT('',(17.928847522,-17.664119872,103.416121186));
#4127=CARTESIAN_POINT('',(17.87745314,-17.858623897,103.477454735));
#4128=CARTESIAN_POINT('',(17.821995016,-18.051526918,103.543619556));
#4129=CARTESIAN_POINT('',(17.766536893,-18.244429938,103.609784377));
#4130=CARTESIAN_POINT('',(17.706825848,-18.436196499,103.681003871));
#4131=CARTESIAN_POINT('',(17.643178593,-18.623739671,103.756875391));
#4132=CARTESIAN_POINT('',(17.515884084,-18.998826015,103.90861843));
#4133=CARTESIAN_POINT('',(17.372397425,-19.358867092,104.079429904));
#4134=CARTESIAN_POINT('',(17.209368242,-19.700535519,104.273720518));
#4135=B_SPLINE_CURVE_WITH_KNOTS('',3,(#4107,#4108,#4109,#4110,#4111,#4112,#4113,#4114,#4115,#4116,#4117,#4118,#4119,#4120,#4121,#4122,#4123,#4124,#4125,#4126,#4127,#4128,#4129,#4130,#4131,#4132,
#4133,#4134),.UNSPECIFIED.,.F.,.F.,(4,3,3,3,3,3,3,3,3,4),(0.,0.005037578,0.007556367,0.010075157,0.012593946,0.015112735,0.017631524,0.018261221,0.018890919,0.020150313),.UNSPECIFIED.);
#4136=EDGE_CURVE('',#3965,#3037,#4135,.T.);
#4137=ORIENTED_EDGE('',*,*,#4136,.T.);
#4138=ORIENTED_EDGE('',*,*,#3060,.F.);
#4139=CARTESIAN_POINT('',(16.568283156,-19.402511715,104.259874059));
#4140=CARTESIAN_POINT('',(16.692097031,-19.143028774,104.112318429));
#4141=CARTESIAN_POINT('',(16.803817301,-18.872125464,103.979175396));
#4142=CARTESIAN_POINT('',(16.905355893,-18.591607278,103.858166414));
#4143=CARTESIAN_POINT('',(17.006894485,-18.311089091,103.737157432));
#4144=CARTESIAN_POINT('',(17.09832093,-18.020571135,103.628199638));
#4145=CARTESIAN_POINT('',(17.180618744,-17.724097383,103.530120922));
#4146=B_SPLINE_CURVE_WITH_KNOTS('',3,(#4139,#4140,#4141,#4142,#4143,#4144,#4145),.UNSPECIFIED.,.F.,.F.,(4,3,4),(0.,0.000965296,0.001930592),.UNSPECIFIED.);
#4147=EDGE_CURVE('',#3047,#4095,#4146,.T.);
#4148=ORIENTED_EDGE('',*,*,#4147,.T.);
#4149=EDGE_LOOP('',(#4105,#4106,#4137,#4138,#4148));
#4150=FACE_BOUND('',#4149,.T.);
#4151=ADVANCED_FACE('',(#4150),#4093,.T.);
#4152=CARTESIAN_POINT('',(20.201107615,0.000221092,103.353034877));
#4153=CARTESIAN_POINT('',(18.898832062,0.000221092,102.260295941));
#4154=CARTESIAN_POINT('',(18.898627441,0.000221092,102.260124243));
#4155=CARTESIAN_POINT('',(20.201107615,-1.582618296,103.353034877));
#4156=CARTESIAN_POINT('',(18.898832062,-1.582618296,102.260295941));
#4157=CARTESIAN_POINT('',(18.898627441,-1.582618296,102.260124243));
#4158=CARTESIAN_POINT('',(20.197721935,-3.009127462,103.357069774));
#4159=CARTESIAN_POINT('',(18.895446382,-3.009127462,102.264330838));
#4160=CARTESIAN_POINT('',(18.89524176,-3.009127462,102.26415914));
#4161=CARTESIAN_POINT('',(20.18965265,-4.299335663,103.366686374));
#4162=CARTESIAN_POINT('',(18.887377096,-4.299335663,102.273947437));
#4163=CARTESIAN_POINT('',(18.887172475,-4.299335663,102.27377574));
#4164=CARTESIAN_POINT('',(20.152794344,-10.192656593,103.410612392));
#4165=CARTESIAN_POINT('',(18.850518791,-10.192656593,102.317873455));
#4166=CARTESIAN_POINT('',(18.850314169,-10.192656593,102.317701757));
#4167=CARTESIAN_POINT('',(20.003151097,-13.208557297,103.58895027));
#4168=CARTESIAN_POINT('',(18.700875543,-13.208557297,102.496211333));
#4169=CARTESIAN_POINT('',(18.700670922,-13.208557297,102.496039635));
#4170=CARTESIAN_POINT('',(19.630414719,-15.660939035,104.033160187));
#4171=CARTESIAN_POINT('',(18.328139165,-15.660939035,102.940421251));
#4172=CARTESIAN_POINT('',(18.327934544,-15.660939035,102.940249553));
#4173=CARTESIAN_POINT('',(19.379658322,-17.310765681,104.332000024));
#4174=CARTESIAN_POINT('',(18.077382768,-17.310765681,103.239261088));
#4175=CARTESIAN_POINT('',(18.077178147,-17.310765681,103.23908939));
#4176=CARTESIAN_POINT('',(19.015873753,-18.643731527,104.765541592));
#4177=CARTESIAN_POINT('',(17.713598199,-18.643731527,103.672802655));
#4178=CARTESIAN_POINT('',(17.713393578,-18.643731527,103.672630957));
#4179=CARTESIAN_POINT('',(18.511730474,-19.700353856,105.366356155));
#4180=CARTESIAN_POINT('',(17.209454921,-19.700353856,104.273617218));
#4181=CARTESIAN_POINT('',(17.209250299,-19.700353856,104.27344552));
#4182=CARTESIAN_POINT('',(18.51170158,-19.700414415,105.366390589));
#4183=CARTESIAN_POINT('',(17.209426027,-19.700414415,104.273651653));
#4184=CARTESIAN_POINT('',(17.209221405,-19.700414415,104.273479955));
#4185=CARTESIAN_POINT('',(18.511672685,-19.700474973,105.366425025));
#4186=CARTESIAN_POINT('',(17.209397132,-19.700474973,104.273686088));
#4187=CARTESIAN_POINT('',(17.209192511,-19.700474973,104.27351439));
#4188=CARTESIAN_POINT('',(18.51164379,-19.70053553,105.366459461));
#4189=CARTESIAN_POINT('',(17.209368237,-19.70053553,104.273720524));
#4190=CARTESIAN_POINT('',(17.209163615,-19.70053553,104.273548826));
#4191=B_SPLINE_SURFACE_WITH_KNOTS('',3,1,((#4152,#4153,#4154),(#4155,#4156,#4157),(#4158,#4159,#4160),(#4161,#4162,#4163),(#4164,#4165,#4166),(#4167,#4168,#4169),(#4170,#4171,#4172),(#4173,#4174,#4175),(#4176,#4177,#4178),(#4179,#4180,#4181),(#4182,#4183,#4184),(#4185,#4186,#4187),(#4188,#4189,#4190)),.UNSPECIFIED.,.F.,.F.,.U.,(4,3,3,3,4),(2,1,2),(0.,0.476398128,2.652455491,4.116386398,4.116470301),(0.,0.17,0.170026711),.UNSPECIFIED.);
#4192=ORIENTED_EDGE('',*,*,#4136,.F.);
#4193=CARTESIAN_POINT('',(20.201107615,0.000221092,103.353034877));
#4194=DIRECTION('',(-0.766044443,-0.,-0.64278761));
#4195=VECTOR('',#4194,1.7);
#4196=LINE('',#4193,#4195);
#4197=EDGE_CURVE('',#2636,#3965,#4196,.T.);
#4198=ORIENTED_EDGE('',*,*,#4197,.F.);
#4199=ORIENTED_EDGE('',*,*,#2648,.T.);
#4200=ORIENTED_EDGE('',*,*,#3083,.T.);
#4201=EDGE_LOOP('',(#4192,#4198,#4199,#4200));
#4202=FACE_BOUND('',#4201,.T.);
#4203=ADVANCED_FACE('',(#4202),#4191,.T.);
#4204=CARTESIAN_POINT('',(18.511643789,19.700977716,105.366459462));
#4205=CARTESIAN_POINT('',(17.209368236,19.700977716,104.273720525));
#4206=CARTESIAN_POINT('',(17.207810812,19.700977716,104.272413691));
#4207=CARTESIAN_POINT('',(18.511672685,19.700917159,105.366425025));
#4208=CARTESIAN_POINT('',(17.209397131,19.700917159,104.273686088));
#4209=CARTESIAN_POINT('',(17.207839708,19.700917159,104.272379255));
#4210=CARTESIAN_POINT('',(18.51170158,19.7008566,105.36639059));
#4211=CARTESIAN_POINT('',(17.209426026,19.7008566,104.273651653));
#4212=CARTESIAN_POINT('',(17.207868603,19.7008566,104.272344819));
#4213=CARTESIAN_POINT('',(18.511730474,19.700796041,105.366356154));
#4214=CARTESIAN_POINT('',(17.209454921,19.700796041,104.273617218));
#4215=CARTESIAN_POINT('',(17.207897497,19.700796041,104.272310384));
#4216=CARTESIAN_POINT('',(19.137334706,18.389606487,104.620790064));
#4217=CARTESIAN_POINT('',(17.835059152,18.389606487,103.528051127));
#4218=CARTESIAN_POINT('',(17.833501729,18.389606487,103.526744294));
#4219=CARTESIAN_POINT('',(19.524480322,16.726179397,104.159407885));
#4220=CARTESIAN_POINT('',(18.222204768,16.726179397,103.066668948));
#4221=CARTESIAN_POINT('',(18.220647345,16.726179397,103.065362115));
#4222=CARTESIAN_POINT('',(19.771672206,14.601991832,103.864816069));
#4223=CARTESIAN_POINT('',(18.469396653,14.601991832,102.772077132));
#4224=CARTESIAN_POINT('',(18.467839229,14.601991832,102.770770298));
#4225=CARTESIAN_POINT('',(19.885604487,13.622940541,103.729036864));
#4226=CARTESIAN_POINT('',(18.583328933,13.622940541,102.636297927));
#4227=CARTESIAN_POINT('',(18.58177151,13.622940541,102.634991094));
#4228=CARTESIAN_POINT('',(19.966613743,12.59544492,103.632493793));
#4229=CARTESIAN_POINT('',(18.664338189,12.59544492,102.539754856));
#4230=CARTESIAN_POINT('',(18.662780765,12.59544492,102.538448022));
#4231=CARTESIAN_POINT('',(20.030418731,11.350984103,103.556453968));
#4232=CARTESIAN_POINT('',(18.728143177,11.350984103,102.463715031));
#4233=CARTESIAN_POINT('',(18.726585754,11.350984103,102.462408198));
#4234=CARTESIAN_POINT('',(20.155276644,8.915739099,103.407654103));
#4235=CARTESIAN_POINT('',(18.85300109,8.915739099,102.314915166));
#4236=CARTESIAN_POINT('',(18.851443666,8.915739099,102.313608332));
#4237=CARTESIAN_POINT('',(20.201107615,5.57835367,103.353034877));
#4238=CARTESIAN_POINT('',(18.898832062,5.57835367,102.26029594));
#4239=CARTESIAN_POINT('',(18.897274638,5.57835367,102.258989107));
#4240=CARTESIAN_POINT('',(20.201107615,0.000221092,103.353034877));
#4241=CARTESIAN_POINT('',(18.898832062,0.000221092,102.26029594));
#4242=CARTESIAN_POINT('',(18.897274638,0.000221092,102.258989107));
#4243=B_SPLINE_SURFACE_WITH_KNOTS('',3,1,((#4204,#4205,#4206),(#4207,#4208,#4209),(#4210,#4211,#4212),(#4213,#4214,#4215),(#4216,#4217,#4218),(#4219,#4220,#4221),(#4222,#4223,#4224),(#4225,#4226,#4227),(#4228,#4229,#4230),(#4231,#4232,#4233),(#4234,#4235,#4236),(#4237,#4238,#4239),(#4240,#4241,#4242)),.UNSPECIFIED.,.F.,.F.,.U.,(4,3,3,3,4),(2,1,2),(10.632167944,10.632230844,11.994090692,12.621780386,13.850085987),(0.,0.17,0.170203307),.UNSPECIFIED.);
#4244=ORIENTED_EDGE('',*,*,#3998,.F.);
#4245=ORIENTED_EDGE('',*,*,#3026,.F.);
#4246=ORIENTED_EDGE('',*,*,#2664,.T.);
#4247=ORIENTED_EDGE('',*,*,#4197,.T.);
#4248=EDGE_LOOP('',(#4244,#4245,#4246,#4247));
#4249=FACE_BOUND('',#4248,.T.);
#4250=ADVANCED_FACE('',(#4249),#4243,.T.);
#4251=CARTESIAN_POINT('',(17.009748648,-17.982801957,107.156348392));
#4252=DIRECTION('',(-0.766044443,-0.,-0.64278761));
#4253=DIRECTION('',(0.,-1.,0.));
#4254=AXIS2_PLACEMENT_3D('',#4251,#4252,#4253);
#4255=CYLINDRICAL_SURFACE('',#4254,1.5);
#4256=CARTESIAN_POINT('',(15.324450873,-19.482801957,105.742215651));
#4257=VERTEX_POINT('',#4256);
#4258=CARTESIAN_POINT('',(15.324450873,-19.482801957,105.742215651));
#4259=DIRECTION('',(0.766044443,0.,0.64278761));
#4260=VECTOR('',#4259,2.2);
#4261=LINE('',#4258,#4260);
#4262=EDGE_CURVE('',#4257,#2729,#4261,.T.);
#4263=ORIENTED_EDGE('',*,*,#4262,.F.);
#4264=CARTESIAN_POINT('',(16.288632288,-17.982801957,104.593148986));
#4265=VERTEX_POINT('',#4264);
#4266=CARTESIAN_POINT('',(15.324450873,-17.982801957,105.742215651));
#4267=DIRECTION('',(0.766044443,0.,0.64278761));
#4268=DIRECTION('',(0.64278761,-0.,-0.766044443));
#4269=AXIS2_PLACEMENT_3D('',#4266,#4267,#4268);
#4270=CIRCLE('',#4269,1.5);
#4271=EDGE_CURVE('',#4265,#4257,#4270,.T.);
#4272=ORIENTED_EDGE('',*,*,#4271,.F.);
#4273=CARTESIAN_POINT('',(15.324450873,-17.982801957,105.742215651));
#4274=DIRECTION('',(0.766044443,0.,0.64278761));
#4275=DIRECTION('',(0.64278761,-0.,-0.766044443));
#4276=AXIS2_PLACEMENT_3D('',#4273,#4274,#4275);
#4277=CIRCLE('',#4276,1.5);
#4278=EDGE_CURVE('',#4257,#4265,#4277,.T.);
#4279=ORIENTED_EDGE('',*,*,#4278,.F.);
#4280=ORIENTED_EDGE('',*,*,#4262,.T.);
#4281=ORIENTED_EDGE('',*,*,#2737,.T.);
#4282=ORIENTED_EDGE('',*,*,#2744,.T.);
#4283=EDGE_LOOP('',(#4263,#4272,#4279,#4280,#4281,#4282));
#4284=FACE_BOUND('',#4283,.T.);
#4285=ADVANCED_FACE('',(#4284),#4255,.F.);
#4286=CARTESIAN_POINT('',(-3.185807066,14.28790129,131.224474468));
#4287=DIRECTION('',(-0.766044443,-0.,-0.64278761));
#4288=DIRECTION('',(0.,-1.,0.));
#4289=AXIS2_PLACEMENT_3D('',#4286,#4287,#4288);
#4290=CYLINDRICAL_SURFACE('',#4289,1.5);
#4291=CARTESIAN_POINT('',(-4.87110484,12.78790129,129.810341727));
#4292=VERTEX_POINT('',#4291);
#4293=CARTESIAN_POINT('',(-4.87110484,12.78790129,129.810341727));
#4294=DIRECTION('',(0.766044443,0.,0.64278761));
#4295=VECTOR('',#4294,2.2);
#4296=LINE('',#4293,#4295);
#4297=EDGE_CURVE('',#4292,#2709,#4296,.T.);
#4298=ORIENTED_EDGE('',*,*,#4297,.F.);
#4299=CARTESIAN_POINT('',(-3.906923426,14.28790129,128.661275062));
#4300=VERTEX_POINT('',#4299);
#4301=CARTESIAN_POINT('',(-4.87110484,14.28790129,129.810341727));
#4302=DIRECTION('',(0.766044443,0.,0.64278761));
#4303=DIRECTION('',(0.64278761,-0.,-0.766044443));
#4304=AXIS2_PLACEMENT_3D('',#4301,#4302,#4303);
#4305=CIRCLE('',#4304,1.5);
#4306=EDGE_CURVE('',#4300,#4292,#4305,.T.);
#4307=ORIENTED_EDGE('',*,*,#4306,.F.);
#4308=CARTESIAN_POINT('',(-4.87110484,14.28790129,129.810341727));
#4309=DIRECTION('',(0.766044443,0.,0.64278761));
#4310=DIRECTION('',(0.64278761,-0.,-0.766044443));
#4311=AXIS2_PLACEMENT_3D('',#4308,#4309,#4310);
#4312=CIRCLE('',#4311,1.5);
#4313=EDGE_CURVE('',#4292,#4300,#4312,.T.);
#4314=ORIENTED_EDGE('',*,*,#4313,.F.);
#4315=ORIENTED_EDGE('',*,*,#4297,.T.);
#4316=ORIENTED_EDGE('',*,*,#2717,.T.);
#4317=ORIENTED_EDGE('',*,*,#2724,.T.);
#4318=EDGE_LOOP('',(#4298,#4307,#4314,#4315,#4316,#4317));
#4319=FACE_BOUND('',#4318,.T.);
#4320=ADVANCED_FACE('',(#4319),#4290,.F.);
#4321=CARTESIAN_POINT('',(-3.185807066,-14.287459105,131.224474468));
#4322=DIRECTION('',(-0.766044443,-0.,-0.64278761));
#4323=DIRECTION('',(0.,-1.,0.));
#4324=AXIS2_PLACEMENT_3D('',#4321,#4322,#4323);
#4325=CYLINDRICAL_SURFACE('',#4324,1.5);
#4326=CARTESIAN_POINT('',(-4.87110484,-15.787459105,129.810341727));
#4327=VERTEX_POINT('',#4326);
#4328=CARTESIAN_POINT('',(-4.87110484,-15.787459105,129.810341727));
#4329=DIRECTION('',(0.766044443,0.,0.64278761));
#4330=VECTOR('',#4329,2.2);
#4331=LINE('',#4328,#4330);
#4332=EDGE_CURVE('',#4327,#2689,#4331,.T.);
#4333=ORIENTED_EDGE('',*,*,#4332,.F.);
#4334=CARTESIAN_POINT('',(-3.906923426,-14.287459105,128.661275062));
#4335=VERTEX_POINT('',#4334);
#4336=CARTESIAN_POINT('',(-4.87110484,-14.287459105,129.810341727));
#4337=DIRECTION('',(0.766044443,0.,0.64278761));
#4338=DIRECTION('',(0.64278761,-0.,-0.766044443));
#4339=AXIS2_PLACEMENT_3D('',#4336,#4337,#4338);
#4340=CIRCLE('',#4339,1.5);
#4341=EDGE_CURVE('',#4335,#4327,#4340,.T.);
#4342=ORIENTED_EDGE('',*,*,#4341,.F.);
#4343=CARTESIAN_POINT('',(-4.87110484,-14.287459105,129.810341727));
#4344=DIRECTION('',(0.766044443,0.,0.64278761));
#4345=DIRECTION('',(0.64278761,-0.,-0.766044443));
#4346=AXIS2_PLACEMENT_3D('',#4343,#4344,#4345);
#4347=CIRCLE('',#4346,1.5);
#4348=EDGE_CURVE('',#4327,#4335,#4347,.T.);
#4349=ORIENTED_EDGE('',*,*,#4348,.F.);
#4350=ORIENTED_EDGE('',*,*,#4332,.T.);
#4351=ORIENTED_EDGE('',*,*,#2697,.T.);
#4352=ORIENTED_EDGE('',*,*,#2704,.T.);
#4353=EDGE_LOOP('',(#4333,#4342,#4349,#4350,#4351,#4352));
#4354=FACE_BOUND('',#4353,.T.);
#4355=ADVANCED_FACE('',(#4354),#4325,.F.);
#4356=CARTESIAN_POINT('',(17.009748648,17.983244142,107.156348392));
#4357=DIRECTION('',(-0.766044443,-0.,-0.64278761));
#4358=DIRECTION('',(0.,-1.,0.));
#4359=AXIS2_PLACEMENT_3D('',#4356,#4357,#4358);
#4360=CYLINDRICAL_SURFACE('',#4359,1.5);
#4361=CARTESIAN_POINT('',(15.324450873,16.483244142,105.742215651));
#4362=VERTEX_POINT('',#4361);
#4363=CARTESIAN_POINT('',(15.324450873,16.483244142,105.742215651));
#4364=DIRECTION('',(0.766044443,0.,0.64278761));
#4365=VECTOR('',#4364,2.2);
#4366=LINE('',#4363,#4365);
#4367=EDGE_CURVE('',#4362,#2669,#4366,.T.);
#4368=ORIENTED_EDGE('',*,*,#4367,.F.);
#4369=CARTESIAN_POINT('',(16.288632288,17.983244142,104.593148986));
#4370=VERTEX_POINT('',#4369);
#4371=CARTESIAN_POINT('',(15.324450873,17.983244142,105.742215651));
#4372=DIRECTION('',(0.766044443,0.,0.64278761));
#4373=DIRECTION('',(0.64278761,-0.,-0.766044443));
#4374=AXIS2_PLACEMENT_3D('',#4371,#4372,#4373);
#4375=CIRCLE('',#4374,1.5);
#4376=EDGE_CURVE('',#4370,#4362,#4375,.T.);
#4377=ORIENTED_EDGE('',*,*,#4376,.F.);
#4378=CARTESIAN_POINT('',(15.324450873,17.983244142,105.742215651));
#4379=DIRECTION('',(0.766044443,0.,0.64278761));
#4380=DIRECTION('',(0.64278761,-0.,-0.766044443));
#4381=AXIS2_PLACEMENT_3D('',#4378,#4379,#4380);
#4382=CIRCLE('',#4381,1.5);
#4383=EDGE_CURVE('',#4362,#4370,#4382,.T.);
#4384=ORIENTED_EDGE('',*,*,#4383,.F.);
#4385=ORIENTED_EDGE('',*,*,#4367,.T.);
#4386=ORIENTED_EDGE('',*,*,#2677,.T.);
#4387=ORIENTED_EDGE('',*,*,#2684,.T.);
#4388=EDGE_LOOP('',(#4368,#4377,#4384,#4385,#4386,#4387));
#4389=FACE_BOUND('',#4388,.T.);
#4390=ADVANCED_FACE('',(#4389),#4360,.F.);
#4391=CARTESIAN_POINT('',(3.795746874,0.012020066,119.48159006));
#4392=DIRECTION('',(-0.766044443,-0.,-0.64278761));
#4393=DIRECTION('',(0.,-1.,0.));
#4394=AXIS2_PLACEMENT_3D('',#4391,#4392,#4393);
#4395=PLANE('',#4394);
#4396=CARTESIAN_POINT('',(-6.752198935,-7.95,132.052142372));
#4397=VERTEX_POINT('',#4396);
#4398=CARTESIAN_POINT('',(-5.466623715,-7.95,130.520053486));
#4399=DIRECTION('',(-0.766044443,-0.,-0.64278761));
#4400=DIRECTION('',(-0.64278761,-0.,0.766044443));
#4401=AXIS2_PLACEMENT_3D('',#4398,#4399,#4400);
#4402=CIRCLE('',#4401,2.);
#4403=EDGE_CURVE('',#4397,#4397,#4402,.T.);
#4404=ORIENTED_EDGE('',*,*,#4403,.F.);
#4405=EDGE_LOOP('',(#4404));
#4406=FACE_BOUND('',#4405,.T.);
#4407=CARTESIAN_POINT('',(0.318464772,8.05,123.625653497));
#4408=VERTEX_POINT('',#4407);
#4409=CARTESIAN_POINT('',(1.604039991,8.05,122.093564611));
#4410=DIRECTION('',(-0.766044443,-0.,-0.64278761));
#4411=DIRECTION('',(-0.64278761,-0.,0.766044443));
#4412=AXIS2_PLACEMENT_3D('',#4409,#4410,#4411);
#4413=CIRCLE('',#4412,2.);
#4414=EDGE_CURVE('',#4408,#4408,#4413,.T.);
#4415=ORIENTED_EDGE('',*,*,#4414,.F.);
#4416=EDGE_LOOP('',(#4415));
#4417=FACE_BOUND('',#4416,.T.);
#4418=CARTESIAN_POINT('',(-6.752198935,8.05,132.052142372));
#4419=VERTEX_POINT('',#4418);
#4420=CARTESIAN_POINT('',(-5.466623715,8.05,130.520053486));
#4421=DIRECTION('',(-0.766044443,-0.,-0.64278761));
#4422=DIRECTION('',(-0.64278761,-0.,0.766044443));
#4423=AXIS2_PLACEMENT_3D('',#4420,#4421,#4422);
#4424=CIRCLE('',#4423,2.);
#4425=EDGE_CURVE('',#4419,#4419,#4424,.T.);
#4426=ORIENTED_EDGE('',*,*,#4425,.F.);
#4427=EDGE_LOOP('',(#4426));
#4428=FACE_BOUND('',#4427,.T.);
#4429=CARTESIAN_POINT('',(0.318464772,-7.95,123.625653497));
#4430=VERTEX_POINT('',#4429);
#4431=CARTESIAN_POINT('',(1.604039991,-7.95,122.093564611));
#4432=DIRECTION('',(-0.766044443,-0.,-0.64278761));
#4433=DIRECTION('',(-0.64278761,-0.,0.766044443));
#4434=AXIS2_PLACEMENT_3D('',#4431,#4432,#4433);
#4435=CIRCLE('',#4434,2.);
#4436=EDGE_CURVE('',#4430,#4430,#4435,.T.);
#4437=ORIENTED_EDGE('',*,*,#4436,.F.);
#4438=EDGE_LOOP('',(#4437));
#4439=FACE_BOUND('',#4438,.T.);
#4440=CARTESIAN_POINT('',(-0.317867112,-0.000060605,124.384004306));
#4441=VERTEX_POINT('',#4440);
#4442=CARTESIAN_POINT('',(-3.53180516,-0.000060605,128.214226522));
#4443=VERTEX_POINT('',#4442);
#4444=CARTESIAN_POINT('',(-1.924836136,-0.000060605,126.299115414));
#4445=DIRECTION('',(-0.766044443,-0.,-0.64278761));
#4446=DIRECTION('',(-0.64278761,-0.,0.766044443));
#4447=AXIS2_PLACEMENT_3D('',#4444,#4445,#4446);
#4448=CIRCLE('',#4447,2.5);
#4449=EDGE_CURVE('',#4441,#4443,#4448,.T.);
#4450=ORIENTED_EDGE('',*,*,#4449,.F.);
#4451=CARTESIAN_POINT('',(-1.924836136,-0.000060605,126.299115414));
#4452=DIRECTION('',(-0.766044443,-0.,-0.64278761));
#4453=DIRECTION('',(-0.64278761,-0.,0.766044443));
#4454=AXIS2_PLACEMENT_3D('',#4451,#4452,#4453);
#4455=CIRCLE('',#4454,2.5);
#4456=EDGE_CURVE('',#4443,#4441,#4455,.T.);
#4457=ORIENTED_EDGE('',*,*,#4456,.F.);
#4458=EDGE_LOOP('',(#4450,#4457));
#4459=FACE_BOUND('',#4458,.T.);
#4460=CARTESIAN_POINT('',(11.467932773,-10.0001018,110.338234951));
#4461=VERTEX_POINT('',#4460);
#4462=CARTESIAN_POINT('',(6.325631896,-10.0001018,116.466590496));
#4463=VERTEX_POINT('',#4462);
#4464=CARTESIAN_POINT('',(8.896782335,-10.0001018,113.402412724));
#4465=DIRECTION('',(-0.766044443,-0.,-0.64278761));
#4466=DIRECTION('',(-0.64278761,-0.,0.766044443));
#4467=AXIS2_PLACEMENT_3D('',#4464,#4465,#4466);
#4468=CIRCLE('',#4467,4.);
#4469=EDGE_CURVE('',#4461,#4463,#4468,.T.);
#4470=ORIENTED_EDGE('',*,*,#4469,.F.);
#4471=CARTESIAN_POINT('',(8.896782335,-10.0001018,113.402412724));
#4472=DIRECTION('',(-0.766044443,-0.,-0.64278761));
#4473=DIRECTION('',(-0.64278761,-0.,0.766044443));
#4474=AXIS2_PLACEMENT_3D('',#4471,#4472,#4473);
#4475=CIRCLE('',#4474,4.);
#4476=EDGE_CURVE('',#4463,#4461,#4475,.T.);
#4477=ORIENTED_EDGE('',*,*,#4476,.F.);
#4478=EDGE_LOOP('',(#4470,#4477));
#4479=FACE_BOUND('',#4478,.T.);
#4480=ORIENTED_EDGE('',*,*,#4032,.F.);
#4481=ORIENTED_EDGE('',*,*,#4020,.F.);
#4482=ORIENTED_EDGE('',*,*,#4104,.F.);
#4483=ORIENTED_EDGE('',*,*,#4147,.F.);
#4484=ORIENTED_EDGE('',*,*,#3053,.F.);
#4485=CARTESIAN_POINT('',(15.324450873,-17.982801957,105.742215651));
#4486=DIRECTION('',(0.766044443,0.,0.64278761));
#4487=DIRECTION('',(0.64278761,-0.,-0.766044443));
#4488=AXIS2_PLACEMENT_3D('',#4485,#4486,#4487);
#4489=CIRCLE('',#4488,2.400000006);
#4490=EDGE_CURVE('',#3364,#3039,#4489,.T.);
#4491=ORIENTED_EDGE('',*,*,#4490,.F.);
#4492=ORIENTED_EDGE('',*,*,#3376,.F.);
#4493=ORIENTED_EDGE('',*,*,#3361,.F.);
#4494=ORIENTED_EDGE('',*,*,#3552,.F.);
#4495=ORIENTED_EDGE('',*,*,#3670,.F.);
#4496=ORIENTED_EDGE('',*,*,#2989,.F.);
#4497=CARTESIAN_POINT('',(15.324450873,17.983244142,105.742215651));
#4498=DIRECTION('',(0.766044443,0.,0.64278761));
#4499=DIRECTION('',(0.64278761,-0.,-0.766044443));
#4500=AXIS2_PLACEMENT_3D('',#4497,#4498,#4499);
#4501=CIRCLE('',#4500,2.400000006);
#4502=EDGE_CURVE('',#4023,#2975,#4501,.T.);
#4503=ORIENTED_EDGE('',*,*,#4502,.F.);
#4504=EDGE_LOOP('',(#4480,#4481,#4482,#4483,#4484,#4491,#4492,#4493,#4494,#4495,#4496,#4503));
#4505=FACE_BOUND('',#4504,.T.);
#4506=ORIENTED_EDGE('',*,*,#4376,.T.);
#4507=ORIENTED_EDGE('',*,*,#4383,.T.);
#4508=EDGE_LOOP('',(#4506,#4507));
#4509=FACE_BOUND('',#4508,.T.);
#4510=ORIENTED_EDGE('',*,*,#4341,.T.);
#4511=ORIENTED_EDGE('',*,*,#4348,.T.);
#4512=EDGE_LOOP('',(#4510,#4511));
#4513=FACE_BOUND('',#4512,.T.);
#4514=ORIENTED_EDGE('',*,*,#4306,.T.);
#4515=ORIENTED_EDGE('',*,*,#4313,.T.);
#4516=EDGE_LOOP('',(#4514,#4515));
#4517=FACE_BOUND('',#4516,.T.);
#4518=ORIENTED_EDGE('',*,*,#4271,.T.);
#4519=ORIENTED_EDGE('',*,*,#4278,.T.);
#4520=EDGE_LOOP('',(#4518,#4519));
#4521=FACE_BOUND('',#4520,.T.);
#4522=ADVANCED_FACE('',(#4406,#4417,#4428,#4439,#4459,#4479,#4505,#4509,#4513,#4517,#4521),#4395,.T.);
#4523=CARTESIAN_POINT('',(8.207342336,-10.0001018,112.823903875));
#4524=DIRECTION('',(0.766044443,0.,0.64278761));
#4525=DIRECTION('',(0.64278761,0.,-0.766044443));
#4526=AXIS2_PLACEMENT_3D('',#4523,#4524,#4525);
#4527=CYLINDRICAL_SURFACE('',#4526,4.);
#4528=CARTESIAN_POINT('',(13.153230548,-10.0001018,111.752367692));
#4529=DIRECTION('',(-0.766044443,-0.,-0.64278761));
#4530=VECTOR('',#4529,2.2);
#4531=LINE('',#4528,#4530);
#4532=EDGE_CURVE('',#2521,#4461,#4531,.T.);
#4533=ORIENTED_EDGE('',*,*,#4532,.F.);
#4534=ORIENTED_EDGE('',*,*,#2529,.T.);
#4535=ORIENTED_EDGE('',*,*,#2536,.T.);
#4536=ORIENTED_EDGE('',*,*,#4532,.T.);
#4537=ORIENTED_EDGE('',*,*,#4469,.T.);
#4538=ORIENTED_EDGE('',*,*,#4476,.T.);
#4539=EDGE_LOOP('',(#4533,#4534,#4535,#4536,#4537,#4538));
#4540=FACE_BOUND('',#4539,.T.);
#4541=ADVANCED_FACE('',(#4540),#4527,.F.);
#4542=CARTESIAN_POINT('',(3.817169668,-12.891956374,121.945217491));
#4543=CARTESIAN_POINT('',(4.276796334,-12.891956374,122.330890057));
#4544=CARTESIAN_POINT('',(3.848717526,-12.597477846,121.907620218));
#4545=CARTESIAN_POINT('',(4.308344192,-12.597477846,122.293292784));
#4546=CARTESIAN_POINT('',(3.937226795,-12.398432175,121.802138979));
#4547=CARTESIAN_POINT('',(4.39685346,-12.398432175,122.187811545));
#4548=CARTESIAN_POINT('',(4.025736063,-12.199386503,121.69665774));
#4549=CARTESIAN_POINT('',(4.485362729,-12.199386503,122.082330306));
#4550=CARTESIAN_POINT('',(4.185228013,-12.078050443,121.506582636));
#4551=CARTESIAN_POINT('',(4.644854679,-12.078050443,121.892255202));
#4552=CARTESIAN_POINT('',(4.344719962,-11.956714383,121.316507532));
#4553=CARTESIAN_POINT('',(4.804346628,-11.956714383,121.702180098));
#4554=CARTESIAN_POINT('',(4.53575977,-11.956714383,121.088835155));
#4555=CARTESIAN_POINT('',(4.995386436,-11.956714383,121.474507721));
#4556=CARTESIAN_POINT('',(4.863506963,-11.956714383,120.698241261));
#4557=CARTESIAN_POINT('',(5.323133629,-11.956714383,121.083913826));
#4558=CARTESIAN_POINT('',(5.090476276,-12.281186094,120.427749767));
#4559=CARTESIAN_POINT('',(5.550102942,-12.281186094,120.813422333));
#4560=CARTESIAN_POINT('',(5.317445588,-12.605657805,120.157258273));
#4561=CARTESIAN_POINT('',(5.777072254,-12.605657805,120.542930839));
#4562=CARTESIAN_POINT('',(5.317445588,-13.453646898,120.157258273));
#4563=CARTESIAN_POINT('',(5.777072254,-13.453646898,120.542930839));
#4564=B_SPLINE_SURFACE_WITH_KNOTS('',2,1,((#4542,#4543),(#4544,#4545),(#4546,#4547),(#4548,#4549),(#4550,#4551),(#4552,#4553),(#4554,#4555),(#4556,#4557),(#4558,#4559),(#4560,#4561),(#4562,#4563)),.UNSPECIFIED.,.F.,.F.,.U.,(3,2,2,2,2,3),(2,2),(0.100027082,0.23996581,0.379904537,0.519843265,0.759921632,1.),(0.,1.),.UNSPECIFIED.);
#4565=ORIENTED_EDGE('',*,*,#2470,.F.);
#4566=CARTESIAN_POINT('',(3.817169668,-12.891956374,121.945217491));
#4567=VERTEX_POINT('',#4566);
#4568=CARTESIAN_POINT('',(3.817169668,-12.891956374,121.945217491));
#4569=DIRECTION('',(0.766044443,0.,0.64278761));
#4570=VECTOR('',#4569,0.6);
#4571=LINE('',#4568,#4570);
#4572=EDGE_CURVE('',#4567,#2455,#4571,.T.);
#4573=ORIENTED_EDGE('',*,*,#4572,.F.);
#4574=CARTESIAN_POINT('',(5.317445588,-13.453646898,120.157258273));
#4575=VERTEX_POINT('',#4574);
#4576=CARTESIAN_POINT('',(3.817169668,-12.891956374,121.945217491));
#4577=CARTESIAN_POINT('',(3.848717526,-12.597477846,121.907620218));
#4578=CARTESIAN_POINT('',(3.937226795,-12.398432175,121.802138979));
#4579=CARTESIAN_POINT('',(4.025736063,-12.199386503,121.69665774));
#4580=CARTESIAN_POINT('',(4.185228013,-12.078050443,121.506582636));
#4581=CARTESIAN_POINT('',(4.344719962,-11.956714383,121.316507532));
#4582=CARTESIAN_POINT('',(4.53575977,-11.956714383,121.088835155));
#4583=CARTESIAN_POINT('',(4.863506963,-11.956714383,120.698241261));
#4584=CARTESIAN_POINT('',(5.090476276,-12.281186094,120.427749767));
#4585=CARTESIAN_POINT('',(5.317445588,-12.605657805,120.157258273));
#4586=CARTESIAN_POINT('',(5.317445588,-13.453646898,120.157258273));
#4587=B_SPLINE_CURVE_WITH_KNOTS('',2,(#4576,#4577,#4578,#4579,#4580,#4581,#4582,#4583,#4584,#4585,#4586),.UNSPECIFIED.,.F.,.F.,(3,2,2,2,2,3),(0.100027082,0.23996581,0.379904537,0.519843265,0.759921632,1.),.UNSPECIFIED.);
#4588=EDGE_CURVE('',#4567,#4575,#4587,.T.);
#4589=ORIENTED_EDGE('',*,*,#4588,.T.);
#4590=CARTESIAN_POINT('',(5.317445588,-13.453646898,120.157258273));
#4591=DIRECTION('',(0.766044443,0.,0.64278761));
#4592=VECTOR('',#4591,0.6);
#4593=LINE('',#4590,#4592);
#4594=EDGE_CURVE('',#4575,#2457,#4593,.T.);
#4595=ORIENTED_EDGE('',*,*,#4594,.T.);
#4596=EDGE_LOOP('',(#4565,#4573,#4589,#4595));
#4597=FACE_BOUND('',#4596,.T.);
#4598=ADVANCED_FACE('',(#4597),#4564,.T.);
#4599=CARTESIAN_POINT('',(3.792632445,-13.5,121.974459815));
#4600=CARTESIAN_POINT('',(4.252259111,-13.5,122.360132381));
#4601=CARTESIAN_POINT('',(3.792632445,-13.101908657,121.974459815));
#4602=CARTESIAN_POINT('',(4.252259111,-13.101908657,122.360132381));
#4603=CARTESIAN_POINT('',(3.817169668,-12.891956374,121.945217491));
#4604=CARTESIAN_POINT('',(4.276796334,-12.891956374,122.330890057));
#4605=B_SPLINE_SURFACE_WITH_KNOTS('',2,1,((#4599,#4600),(#4601,#4602),(#4603,#4604)),.UNSPECIFIED.,.F.,.F.,.U.,(3,3),(2,2),(0.,0.100027082),(0.,1.),.UNSPECIFIED.);
#4606=ORIENTED_EDGE('',*,*,#2516,.F.);
#4607=CARTESIAN_POINT('',(3.792632445,-13.5,121.974459815));
#4608=VERTEX_POINT('',#4607);
#4609=CARTESIAN_POINT('',(3.792632445,-13.5,121.974459815));
#4610=DIRECTION('',(0.766044443,0.,0.64278761));
#4611=VECTOR('',#4610,0.6);
#4612=LINE('',#4609,#4611);
#4613=EDGE_CURVE('',#4608,#2505,#4612,.T.);
#4614=ORIENTED_EDGE('',*,*,#4613,.F.);
#4615=CARTESIAN_POINT('',(3.792632445,-13.5,121.974459815));
#4616=CARTESIAN_POINT('',(3.792632445,-13.101908657,121.974459815));
#4617=CARTESIAN_POINT('',(3.817169668,-12.891956374,121.945217491));
#4618=B_SPLINE_CURVE_WITH_KNOTS('',2,(#4615,#4616,#4617),.UNSPECIFIED.,.F.,.F.,(3,3),(0.,0.100027082),.UNSPECIFIED.);
#4619=EDGE_CURVE('',#4608,#4567,#4618,.T.);
#4620=ORIENTED_EDGE('',*,*,#4619,.T.);
#4621=ORIENTED_EDGE('',*,*,#4572,.T.);
#4622=EDGE_LOOP('',(#4606,#4614,#4620,#4621));
#4623=FACE_BOUND('',#4622,.T.);
#4624=ADVANCED_FACE('',(#4623),#4605,.T.);
#4625=CARTESIAN_POINT('',(3.792632445,-14.253919564,121.974459815));
#4626=DIRECTION('',(0.64278761,0.,-0.766044443));
#4627=DIRECTION('',(-0.766044443,-0.,-0.64278761));
#4628=AXIS2_PLACEMENT_3D('',#4625,#4626,#4627);
#4629=PLANE('',#4628);
#4630=ORIENTED_EDGE('',*,*,#2510,.F.);
#4631=CARTESIAN_POINT('',(3.792632445,-15.007839127,121.974459815));
#4632=VERTEX_POINT('',#4631);
#4633=CARTESIAN_POINT('',(3.792632445,-15.007839127,121.974459815));
#4634=DIRECTION('',(0.766044443,0.,0.64278761));
#4635=VECTOR('',#4634,0.6);
#4636=LINE('',#4633,#4635);
#4637=EDGE_CURVE('',#4632,#2497,#4636,.T.);
#4638=ORIENTED_EDGE('',*,*,#4637,.F.);
#4639=CARTESIAN_POINT('',(3.792632445,-15.007839127,121.974459815));
#4640=DIRECTION('',(-0.,1.,-0.));
#4641=VECTOR('',#4640,1.507839127);
#4642=LINE('',#4639,#4641);
#4643=EDGE_CURVE('',#4632,#4608,#4642,.T.);
#4644=ORIENTED_EDGE('',*,*,#4643,.T.);
#4645=ORIENTED_EDGE('',*,*,#4613,.T.);
#4646=EDGE_LOOP('',(#4630,#4638,#4644,#4645));
#4647=FACE_BOUND('',#4646,.T.);
#4648=ADVANCED_FACE('',(#4647),#4629,.T.);
#4649=CARTESIAN_POINT('',(5.077331335,-15.007839127,120.443415297));
#4650=DIRECTION('',(-0.,1.,-0.));
#4651=DIRECTION('',(-1.,-0.,0.));
#4652=AXIS2_PLACEMENT_3D('',#4649,#4650,#4651);
#4653=PLANE('',#4652);
#4654=ORIENTED_EDGE('',*,*,#2502,.F.);
#4655=CARTESIAN_POINT('',(6.362030225,-15.007839127,118.91237078));
#4656=VERTEX_POINT('',#4655);
#4657=CARTESIAN_POINT('',(6.362030225,-15.007839127,118.91237078));
#4658=DIRECTION('',(0.766044443,0.,0.64278761));
#4659=VECTOR('',#4658,0.6);
#4660=LINE('',#4657,#4659);
#4661=EDGE_CURVE('',#4656,#2489,#4660,.T.);
#4662=ORIENTED_EDGE('',*,*,#4661,.F.);
#4663=CARTESIAN_POINT('',(6.362030225,-15.007839127,118.91237078));
#4664=DIRECTION('',(-0.64278761,-0.,0.766044443));
#4665=VECTOR('',#4664,3.997273347);
#4666=LINE('',#4663,#4665);
#4667=EDGE_CURVE('',#4656,#4632,#4666,.T.);
#4668=ORIENTED_EDGE('',*,*,#4667,.T.);
#4669=ORIENTED_EDGE('',*,*,#4637,.T.);
#4670=EDGE_LOOP('',(#4654,#4662,#4668,#4669));
#4671=FACE_BOUND('',#4670,.T.);
#4672=ADVANCED_FACE('',(#4671),#4653,.T.);
#4673=CARTESIAN_POINT('',(6.362030225,-14.743353783,118.91237078));
#4674=DIRECTION('',(-0.64278761,-0.,0.766044443));
#4675=DIRECTION('',(0.766044443,0.,0.64278761));
#4676=AXIS2_PLACEMENT_3D('',#4673,#4674,#4675);
#4677=PLANE('',#4676);
#4678=ORIENTED_EDGE('',*,*,#2494,.F.);
#4679=CARTESIAN_POINT('',(6.362030225,-14.478868439,118.91237078));
#4680=VERTEX_POINT('',#4679);
#4681=CARTESIAN_POINT('',(6.362030225,-14.478868439,118.91237078));
#4682=DIRECTION('',(0.766044443,0.,0.64278761));
#4683=VECTOR('',#4682,0.6);
#4684=LINE('',#4681,#4683);
#4685=EDGE_CURVE('',#4680,#2481,#4684,.T.);
#4686=ORIENTED_EDGE('',*,*,#4685,.F.);
#4687=CARTESIAN_POINT('',(6.362030225,-14.478868439,118.91237078));
#4688=DIRECTION('',(0.,-1.,-0.));
#4689=VECTOR('',#4688,0.528970688);
#4690=LINE('',#4687,#4689);
#4691=EDGE_CURVE('',#4680,#4656,#4690,.T.);
#4692=ORIENTED_EDGE('',*,*,#4691,.T.);
#4693=ORIENTED_EDGE('',*,*,#4661,.T.);
#4694=EDGE_LOOP('',(#4678,#4686,#4692,#4693));
#4695=FACE_BOUND('',#4694,.T.);
#4696=ADVANCED_FACE('',(#4695),#4677,.T.);
#4697=CARTESIAN_POINT('',(5.839737907,-14.478868439,119.534814526));
#4698=DIRECTION('',(0.,-1.,0.));
#4699=DIRECTION('',(1.,0.,0.));
#4700=AXIS2_PLACEMENT_3D('',#4697,#4698,#4699);
#4701=PLANE('',#4700);
#4702=ORIENTED_EDGE('',*,*,#2486,.F.);
#4703=CARTESIAN_POINT('',(5.317445588,-14.478868439,120.157258273));
#4704=VERTEX_POINT('',#4703);
#4705=CARTESIAN_POINT('',(5.317445588,-14.478868439,120.157258273));
#4706=DIRECTION('',(0.766044443,0.,0.64278761));
#4707=VECTOR('',#4706,0.6);
#4708=LINE('',#4705,#4707);
#4709=EDGE_CURVE('',#4704,#2473,#4708,.T.);
#4710=ORIENTED_EDGE('',*,*,#4709,.F.);
#4711=CARTESIAN_POINT('',(5.317445588,-14.478868439,120.157258273));
#4712=DIRECTION('',(0.64278761,-0.,-0.766044443));
#4713=VECTOR('',#4712,1.625085208);
#4714=LINE('',#4711,#4713);
#4715=EDGE_CURVE('',#4704,#4680,#4714,.T.);
#4716=ORIENTED_EDGE('',*,*,#4715,.T.);
#4717=ORIENTED_EDGE('',*,*,#4685,.T.);
#4718=EDGE_LOOP('',(#4702,#4710,#4716,#4717));
#4719=FACE_BOUND('',#4718,.T.);
#4720=ADVANCED_FACE('',(#4719),#4701,.T.);
#4721=CARTESIAN_POINT('',(5.014235618,-13.445466939,120.518609844));
#4722=CARTESIAN_POINT('',(5.473862284,-13.445466939,120.90428241));
#4723=CARTESIAN_POINT('',(5.014235618,-12.932856169,120.518609844));
#4724=CARTESIAN_POINT('',(5.473862284,-12.932856169,120.90428241));
#4725=CARTESIAN_POINT('',(4.891549503,-12.717450579,120.664821462));
#4726=CARTESIAN_POINT('',(5.351176169,-12.717450579,121.050494028));
#4727=CARTESIAN_POINT('',(4.768863388,-12.50204499,120.811033081));
#4728=CARTESIAN_POINT('',(5.228490054,-12.50204499,121.196705646));
#4729=CARTESIAN_POINT('',(4.546275723,-12.50204499,121.076302731));
#4730=CARTESIAN_POINT('',(5.005902389,-12.50204499,121.461975297));
#4731=CARTESIAN_POINT('',(4.385031114,-12.50204499,121.268466572));
#4732=CARTESIAN_POINT('',(4.84465778,-12.50204499,121.654139138));
#4733=CARTESIAN_POINT('',(4.270231964,-12.628834356,121.405278872));
#4734=CARTESIAN_POINT('',(4.72985863,-12.628834356,121.790951438));
#4735=CARTESIAN_POINT('',(4.155432813,-12.755623722,121.542091172));
#4736=CARTESIAN_POINT('',(4.615059479,-12.755623722,121.927763738));
#4737=CARTESIAN_POINT('',(4.118626979,-12.962849352,121.585954658));
#4738=CARTESIAN_POINT('',(4.578253645,-12.962849352,121.971627223));
#4739=B_SPLINE_SURFACE_WITH_KNOTS('',2,1,((#4721,#4722),(#4723,#4724),(#4725,#4726),(#4727,#4728),(#4729,#4730),(#4731,#4732),(#4733,#4734),(#4735,#4736),(#4737,#4738)),.UNSPECIFIED.,.F.,.F.,.U.,(3,2,2,2,3),(2,2),(0.,0.255455455,0.510910911,0.695965257,0.881019602),(0.,1.),.UNSPECIFIED.);
#4740=CARTESIAN_POINT('',(5.473862284,-13.445466939,120.90428241));
#4741=VERTEX_POINT('',#4740);
#4742=CARTESIAN_POINT('',(4.578253645,-12.962849352,121.971627223));
#4743=VERTEX_POINT('',#4742);
#4744=CARTESIAN_POINT('',(5.473862284,-13.445466939,120.90428241));
#4745=CARTESIAN_POINT('',(5.473862284,-12.932856169,120.90428241));
#4746=CARTESIAN_POINT('',(5.351176169,-12.717450579,121.050494028));
#4747=CARTESIAN_POINT('',(5.228490054,-12.50204499,121.196705646));
#4748=CARTESIAN_POINT('',(5.005902389,-12.50204499,121.461975297));
#4749=CARTESIAN_POINT('',(4.84465778,-12.50204499,121.654139138));
#4750=CARTESIAN_POINT('',(4.72985863,-12.628834356,121.790951438));
#4751=CARTESIAN_POINT('',(4.615059479,-12.755623722,121.927763738));
#4752=CARTESIAN_POINT('',(4.578253645,-12.962849352,121.971627223));
#4753=B_SPLINE_CURVE_WITH_KNOTS('',2,(#4744,#4745,#4746,#4747,#4748,#4749,#4750,#4751,#4752),.UNSPECIFIED.,.F.,.F.,(3,2,2,2,3),(0.,0.255455455,0.510910911,0.695965257,0.881019602),.UNSPECIFIED.);
#4754=EDGE_CURVE('',#4741,#4743,#4753,.T.);
#4755=ORIENTED_EDGE('',*,*,#4754,.F.);
#4756=CARTESIAN_POINT('',(5.014235618,-13.445466939,120.518609844));
#4757=VERTEX_POINT('',#4756);
#4758=CARTESIAN_POINT('',(5.014235618,-13.445466939,120.518609844));
#4759=DIRECTION('',(0.766044443,0.,0.64278761));
#4760=VECTOR('',#4759,0.6);
#4761=LINE('',#4758,#4760);
#4762=EDGE_CURVE('',#4757,#4741,#4761,.T.);
#4763=ORIENTED_EDGE('',*,*,#4762,.F.);
#4764=CARTESIAN_POINT('',(4.118626979,-12.962849352,121.585954658));
#4765=VERTEX_POINT('',#4764);
#4766=CARTESIAN_POINT('',(5.014235618,-13.445466939,120.518609844));
#4767=CARTESIAN_POINT('',(5.014235618,-12.932856169,120.518609844));
#4768=CARTESIAN_POINT('',(4.891549503,-12.717450579,120.664821462));
#4769=CARTESIAN_POINT('',(4.768863388,-12.50204499,120.811033081));
#4770=CARTESIAN_POINT('',(4.546275723,-12.50204499,121.076302731));
#4771=CARTESIAN_POINT('',(4.385031114,-12.50204499,121.268466572));
#4772=CARTESIAN_POINT('',(4.270231964,-12.628834356,121.405278872));
#4773=CARTESIAN_POINT('',(4.155432813,-12.755623722,121.542091172));
#4774=CARTESIAN_POINT('',(4.118626979,-12.962849352,121.585954658));
#4775=B_SPLINE_CURVE_WITH_KNOTS('',2,(#4766,#4767,#4768,#4769,#4770,#4771,#4772,#4773,#4774),.UNSPECIFIED.,.F.,.F.,(3,2,2,2,3),(0.,0.255455455,0.510910911,0.695965257,0.881019602),.UNSPECIFIED.);
#4776=EDGE_CURVE('',#4757,#4765,#4775,.T.);
#4777=ORIENTED_EDGE('',*,*,#4776,.T.);
#4778=CARTESIAN_POINT('',(4.118626979,-12.962849352,121.585954658));
#4779=DIRECTION('',(0.766044443,0.,0.64278761));
#4780=VECTOR('',#4779,0.6);
#4781=LINE('',#4778,#4780);
#4782=EDGE_CURVE('',#4765,#4743,#4781,.T.);
#4783=ORIENTED_EDGE('',*,*,#4782,.T.);
#4784=EDGE_LOOP('',(#4755,#4763,#4777,#4783));
#4785=FACE_BOUND('',#4784,.T.);
#4786=ADVANCED_FACE('',(#4785),#4739,.T.);
#4787=CARTESIAN_POINT('',(5.014235618,-13.962167689,120.518609844));
#4788=DIRECTION('',(0.64278761,0.,-0.766044443));
#4789=DIRECTION('',(-0.766044443,-0.,-0.64278761));
#4790=AXIS2_PLACEMENT_3D('',#4787,#4788,#4789);
#4791=PLANE('',#4790);
#4792=CARTESIAN_POINT('',(5.473862284,-14.478868439,120.90428241));
#4793=VERTEX_POINT('',#4792);
#4794=CARTESIAN_POINT('',(5.473862284,-14.478868439,120.90428241));
#4795=DIRECTION('',(-0.,1.,-0.));
#4796=VECTOR('',#4795,1.0334015);
#4797=LINE('',#4794,#4796);
#4798=EDGE_CURVE('',#4793,#4741,#4797,.T.);
#4799=ORIENTED_EDGE('',*,*,#4798,.F.);
#4800=CARTESIAN_POINT('',(5.014235618,-14.478868439,120.518609844));
#4801=VERTEX_POINT('',#4800);
#4802=CARTESIAN_POINT('',(5.014235618,-14.478868439,120.518609844));
#4803=DIRECTION('',(0.766044443,0.,0.64278761));
#4804=VECTOR('',#4803,0.6);
#4805=LINE('',#4802,#4804);
#4806=EDGE_CURVE('',#4801,#4793,#4805,.T.);
#4807=ORIENTED_EDGE('',*,*,#4806,.F.);
#4808=CARTESIAN_POINT('',(5.014235618,-14.478868439,120.518609844));
#4809=DIRECTION('',(-0.,1.,-0.));
#4810=VECTOR('',#4809,1.0334015);
#4811=LINE('',#4808,#4810);
#4812=EDGE_CURVE('',#4801,#4757,#4811,.T.);
#4813=ORIENTED_EDGE('',*,*,#4812,.T.);
#4814=ORIENTED_EDGE('',*,*,#4762,.T.);
#4815=EDGE_LOOP('',(#4799,#4807,#4813,#4814));
#4816=FACE_BOUND('',#4815,.T.);
#4817=ADVANCED_FACE('',(#4816),#4791,.T.);
#4818=CARTESIAN_POINT('',(4.555039017,-14.478868439,121.065859044));
#4819=DIRECTION('',(0.,-1.,0.));
#4820=DIRECTION('',(1.,0.,0.));
#4821=AXIS2_PLACEMENT_3D('',#4818,#4819,#4820);
#4822=PLANE('',#4821);
#4823=CARTESIAN_POINT('',(4.555469081,-14.478868439,121.99878081));
#4824=VERTEX_POINT('',#4823);
#4825=CARTESIAN_POINT('',(4.555469081,-14.478868439,121.99878081));
#4826=DIRECTION('',(0.64278761,0.,-0.766044443));
#4827=VECTOR('',#4826,1.42876619);
#4828=LINE('',#4825,#4827);
#4829=EDGE_CURVE('',#4824,#4793,#4828,.T.);
#4830=ORIENTED_EDGE('',*,*,#4829,.F.);
#4831=CARTESIAN_POINT('',(4.095842415,-14.478868439,121.613108244));
#4832=VERTEX_POINT('',#4831);
#4833=CARTESIAN_POINT('',(4.095842415,-14.478868439,121.613108244));
#4834=DIRECTION('',(0.766044443,0.,0.64278761));
#4835=VECTOR('',#4834,0.6);
#4836=LINE('',#4833,#4835);
#4837=EDGE_CURVE('',#4832,#4824,#4836,.T.);
#4838=ORIENTED_EDGE('',*,*,#4837,.F.);
#4839=CARTESIAN_POINT('',(4.095842415,-14.478868439,121.613108244));
#4840=DIRECTION('',(0.64278761,0.,-0.766044443));
#4841=VECTOR('',#4840,1.42876619);
#4842=LINE('',#4839,#4841);
#4843=EDGE_CURVE('',#4832,#4801,#4842,.T.);
#4844=ORIENTED_EDGE('',*,*,#4843,.T.);
#4845=ORIENTED_EDGE('',*,*,#4806,.T.);
#4846=EDGE_LOOP('',(#4830,#4838,#4844,#4845));
#4847=FACE_BOUND('',#4846,.T.);
#4848=ADVANCED_FACE('',(#4847),#4822,.T.);
#4849=CARTESIAN_POINT('',(4.095842415,-13.967620995,121.613108244));
#4850=DIRECTION('',(-0.64278761,-0.,0.766044443));
#4851=DIRECTION('',(0.766044443,0.,0.64278761));
#4852=AXIS2_PLACEMENT_3D('',#4849,#4850,#4851);
#4853=PLANE('',#4852);
#4854=CARTESIAN_POINT('',(4.555469081,-13.456373551,121.99878081));
#4855=VERTEX_POINT('',#4854);
#4856=CARTESIAN_POINT('',(4.555469081,-13.456373551,121.99878081));
#4857=DIRECTION('',(0.,-1.,0.));
#4858=VECTOR('',#4857,1.022494888);
#4859=LINE('',#4856,#4858);
#4860=EDGE_CURVE('',#4855,#4824,#4859,.T.);
#4861=ORIENTED_EDGE('',*,*,#4860,.F.);
#4862=CARTESIAN_POINT('',(4.095842415,-13.456373551,121.613108244));
#4863=VERTEX_POINT('',#4862);
#4864=CARTESIAN_POINT('',(4.095842415,-13.456373551,121.613108244));
#4865=DIRECTION('',(0.766044443,0.,0.64278761));
#4866=VECTOR('',#4865,0.6);
#4867=LINE('',#4864,#4866);
#4868=EDGE_CURVE('',#4863,#4855,#4867,.T.);
#4869=ORIENTED_EDGE('',*,*,#4868,.F.);
#4870=CARTESIAN_POINT('',(4.095842415,-13.456373551,121.613108244));
#4871=DIRECTION('',(0.,-1.,0.));
#4872=VECTOR('',#4871,1.022494888);
#4873=LINE('',#4870,#4872);
#4874=EDGE_CURVE('',#4863,#4832,#4873,.T.);
#4875=ORIENTED_EDGE('',*,*,#4874,.T.);
#4876=ORIENTED_EDGE('',*,*,#4837,.T.);
#4877=EDGE_LOOP('',(#4861,#4869,#4875,#4876));
#4878=FACE_BOUND('',#4877,.T.);
#4879=ADVANCED_FACE('',(#4878),#4853,.T.);
#4880=CARTESIAN_POINT('',(4.118626979,-12.962849352,121.585954658));
#4881=CARTESIAN_POINT('',(4.578253645,-12.962849352,121.971627223));
#4882=CARTESIAN_POINT('',(4.095842415,-13.096455351,121.613108244));
#4883=CARTESIAN_POINT('',(4.555469081,-13.096455351,121.99878081));
#4884=CARTESIAN_POINT('',(4.095842415,-13.456373551,121.613108244));
#4885=CARTESIAN_POINT('',(4.555469081,-13.456373551,121.99878081));
#4886=B_SPLINE_SURFACE_WITH_KNOTS('',2,1,((#4880,#4881),(#4882,#4883),(#4884,#4885)),.UNSPECIFIED.,.F.,.F.,.U.,(3,3),(2,2),(0.881019602,1.),(0.,1.),.UNSPECIFIED.);
#4887=CARTESIAN_POINT('',(4.578253645,-12.962849352,121.971627223));
#4888=CARTESIAN_POINT('',(4.555469081,-13.096455351,121.99878081));
#4889=CARTESIAN_POINT('',(4.555469081,-13.456373551,121.99878081));
#4890=B_SPLINE_CURVE_WITH_KNOTS('',2,(#4887,#4888,#4889),.UNSPECIFIED.,.F.,.F.,(3,3),(0.881019602,1.),.UNSPECIFIED.);
#4891=EDGE_CURVE('',#4743,#4855,#4890,.T.);
#4892=ORIENTED_EDGE('',*,*,#4891,.F.);
#4893=ORIENTED_EDGE('',*,*,#4782,.F.);
#4894=CARTESIAN_POINT('',(4.118626979,-12.962849352,121.585954658));
#4895=CARTESIAN_POINT('',(4.095842415,-13.096455351,121.613108244));
#4896=CARTESIAN_POINT('',(4.095842415,-13.456373551,121.613108244));
#4897=B_SPLINE_CURVE_WITH_KNOTS('',2,(#4894,#4895,#4896),.UNSPECIFIED.,.F.,.F.,(3,3),(0.881019602,1.),.UNSPECIFIED.);
#4898=EDGE_CURVE('',#4765,#4863,#4897,.T.);
#4899=ORIENTED_EDGE('',*,*,#4898,.T.);
#4900=ORIENTED_EDGE('',*,*,#4868,.T.);
#4901=EDGE_LOOP('',(#4892,#4893,#4899,#4900));
#4902=FACE_BOUND('',#4901,.T.);
#4903=ADVANCED_FACE('',(#4902),#4886,.T.);
#4904=CARTESIAN_POINT('',(5.317445588,-13.966257669,120.157258273));
#4905=DIRECTION('',(-0.64278761,-0.,0.766044443));
#4906=DIRECTION('',(0.766044443,0.,0.64278761));
#4907=AXIS2_PLACEMENT_3D('',#4904,#4905,#4906);
#4908=PLANE('',#4907);
#4909=ORIENTED_EDGE('',*,*,#2478,.F.);
#4910=ORIENTED_EDGE('',*,*,#4594,.F.);
#4911=CARTESIAN_POINT('',(5.317445588,-13.453646898,120.157258273));
#4912=DIRECTION('',(0.,-1.,0.));
#4913=VECTOR('',#4912,1.025221541);
#4914=LINE('',#4911,#4913);
#4915=EDGE_CURVE('',#4575,#4704,#4914,.T.);
#4916=ORIENTED_EDGE('',*,*,#4915,.T.);
#4917=ORIENTED_EDGE('',*,*,#4709,.T.);
#4918=EDGE_LOOP('',(#4909,#4910,#4916,#4917));
#4919=FACE_BOUND('',#4918,.T.);
#4920=ADVANCED_FACE('',(#4919),#4908,.T.);
#4921=CARTESIAN_POINT('',(62.286304926,0.,52.264415491));
#4922=DIRECTION('',(0.766044443,0.,0.64278761));
#4923=DIRECTION('',(-0.,1.,-0.));
#4924=AXIS2_PLACEMENT_3D('',#4921,#4922,#4923);
#4925=PLANE('',#4924);
#4926=ORIENTED_EDGE('',*,*,#4776,.F.);
#4927=ORIENTED_EDGE('',*,*,#4812,.F.);
#4928=ORIENTED_EDGE('',*,*,#4843,.F.);
#4929=ORIENTED_EDGE('',*,*,#4874,.F.);
#4930=ORIENTED_EDGE('',*,*,#4898,.F.);
#4931=EDGE_LOOP('',(#4926,#4927,#4928,#4929,#4930));
#4932=FACE_BOUND('',#4931,.T.);
#4933=ORIENTED_EDGE('',*,*,#4588,.F.);
#4934=ORIENTED_EDGE('',*,*,#4619,.F.);
#4935=ORIENTED_EDGE('',*,*,#4643,.F.);
#4936=ORIENTED_EDGE('',*,*,#4667,.F.);
#4937=ORIENTED_EDGE('',*,*,#4691,.F.);
#4938=ORIENTED_EDGE('',*,*,#4715,.F.);
#4939=ORIENTED_EDGE('',*,*,#4915,.F.);
#4940=EDGE_LOOP('',(#4933,#4934,#4935,#4936,#4937,#4938,#4939));
#4941=FACE_BOUND('',#4940,.T.);
#4942=ADVANCED_FACE('',(#4932,#4941),#4925,.T.);
#4943=CARTESIAN_POINT('',(5.481044649,0.012020066,120.895722801));
#4944=DIRECTION('',(-0.766044443,-0.,-0.64278761));
#4945=DIRECTION('',(0.,-1.,0.));
#4946=AXIS2_PLACEMENT_3D('',#4943,#4944,#4945);
#4947=PLANE('',#4946);
#4948=ORIENTED_EDGE('',*,*,#4754,.T.);
#4949=ORIENTED_EDGE('',*,*,#4891,.T.);
#4950=ORIENTED_EDGE('',*,*,#4860,.T.);
#4951=ORIENTED_EDGE('',*,*,#4829,.T.);
#4952=ORIENTED_EDGE('',*,*,#4798,.T.);
#4953=EDGE_LOOP('',(#4948,#4949,#4950,#4951,#4952));
#4954=FACE_BOUND('',#4953,.T.);
#4955=ADVANCED_FACE('',(#4954),#4947,.F.);
#4956=CARTESIAN_POINT('',(3.94423743,-5.003749148,121.793784029));
#4957=DIRECTION('',(0.,-1.,0.));
#4958=DIRECTION('',(1.,0.,0.));
#4959=AXIS2_PLACEMENT_3D('',#4956,#4957,#4958);
#4960=PLANE('',#4959);
#4961=ORIENTED_EDGE('',*,*,#2756,.F.);
#4962=CARTESIAN_POINT('',(3.792632445,-5.003749148,121.974459815));
#4963=VERTEX_POINT('',#4962);
#4964=CARTESIAN_POINT('',(3.792632445,-5.003749148,121.974459815));
#4965=DIRECTION('',(0.766044443,0.,0.64278761));
#4966=VECTOR('',#4965,0.6);
#4967=LINE('',#4964,#4966);
#4968=EDGE_CURVE('',#4963,#2749,#4967,.T.);
#4969=ORIENTED_EDGE('',*,*,#4968,.F.);
#4970=CARTESIAN_POINT('',(4.095842415,-5.003749148,121.613108244));
#4971=VERTEX_POINT('',#4970);
#4972=CARTESIAN_POINT('',(3.792632445,-5.003749148,121.974459815));
#4973=DIRECTION('',(0.64278761,-0.,-0.766044443));
#4974=VECTOR('',#4973,0.471710975);
#4975=LINE('',#4972,#4974);
#4976=EDGE_CURVE('',#4963,#4971,#4975,.T.);
#4977=ORIENTED_EDGE('',*,*,#4976,.T.);
#4978=CARTESIAN_POINT('',(4.095842415,-5.003749148,121.613108244));
#4979=DIRECTION('',(0.766044443,0.,0.64278761));
#4980=VECTOR('',#4979,0.6);
#4981=LINE('',#4978,#4980);
#4982=EDGE_CURVE('',#4971,#2751,#4981,.T.);
#4983=ORIENTED_EDGE('',*,*,#4982,.T.);
#4984=EDGE_LOOP('',(#4961,#4969,#4977,#4983));
#4985=FACE_BOUND('',#4984,.T.);
#4986=ADVANCED_FACE('',(#4985),#4960,.T.);
#4987=CARTESIAN_POINT('',(3.792632445,-6.58793456,121.974459815));
#4988=DIRECTION('',(0.64278761,-0.,-0.766044443));
#4989=DIRECTION('',(-0.766044443,0.,-0.64278761));
#4990=AXIS2_PLACEMENT_3D('',#4987,#4988,#4989);
#4991=PLANE('',#4990);
#4992=ORIENTED_EDGE('',*,*,#2810,.F.);
#4993=CARTESIAN_POINT('',(3.792632445,-8.172119973,121.974459815));
#4994=VERTEX_POINT('',#4993);
#4995=CARTESIAN_POINT('',(3.792632445,-8.172119973,121.974459815));
#4996=DIRECTION('',(0.766044443,0.,0.64278761));
#4997=VECTOR('',#4996,0.6);
#4998=LINE('',#4995,#4997);
#4999=EDGE_CURVE('',#4994,#2799,#4998,.T.);
#5000=ORIENTED_EDGE('',*,*,#4999,.F.);
#5001=CARTESIAN_POINT('',(3.792632445,-8.172119973,121.974459815));
#5002=DIRECTION('',(-0.,1.,-0.));
#5003=VECTOR('',#5002,3.168370825);
#5004=LINE('',#5001,#5003);
#5005=EDGE_CURVE('',#4994,#4963,#5004,.T.);
#5006=ORIENTED_EDGE('',*,*,#5005,.T.);
#5007=ORIENTED_EDGE('',*,*,#4968,.T.);
#5008=EDGE_LOOP('',(#4992,#5000,#5006,#5007));
#5009=FACE_BOUND('',#5008,.T.);
#5010=ADVANCED_FACE('',(#5009),#4991,.T.);
#5011=CARTESIAN_POINT('',(3.94423743,-8.172119973,121.793784029));
#5012=DIRECTION('',(-0.,1.,-0.));
#5013=DIRECTION('',(-1.,-0.,0.));
#5014=AXIS2_PLACEMENT_3D('',#5011,#5012,#5013);
#5015=PLANE('',#5014);
#5016=ORIENTED_EDGE('',*,*,#2804,.F.);
#5017=CARTESIAN_POINT('',(4.095842415,-8.172119973,121.613108244));
#5018=VERTEX_POINT('',#5017);
#5019=CARTESIAN_POINT('',(4.095842415,-8.172119973,121.613108244));
#5020=DIRECTION('',(0.766044443,0.,0.64278761));
#5021=VECTOR('',#5020,0.6);
#5022=LINE('',#5019,#5021);
#5023=EDGE_CURVE('',#5018,#2791,#5022,.T.);
#5024=ORIENTED_EDGE('',*,*,#5023,.F.);
#5025=CARTESIAN_POINT('',(4.095842415,-8.172119973,121.613108244));
#5026=DIRECTION('',(-0.64278761,-0.,0.766044443));
#5027=VECTOR('',#5026,0.471710975);
#5028=LINE('',#5025,#5027);
#5029=EDGE_CURVE('',#5018,#4994,#5028,.T.);
#5030=ORIENTED_EDGE('',*,*,#5029,.T.);
#5031=ORIENTED_EDGE('',*,*,#4999,.T.);
#5032=EDGE_LOOP('',(#5016,#5024,#5030,#5031));
#5033=FACE_BOUND('',#5032,.T.);
#5034=ADVANCED_FACE('',(#5033),#5015,.T.);
#5035=CARTESIAN_POINT('',(4.095842415,-7.513633265,121.613108244));
#5036=DIRECTION('',(-0.64278761,-0.,0.766044443));
#5037=DIRECTION('',(0.766044443,0.,0.64278761));
#5038=AXIS2_PLACEMENT_3D('',#5035,#5036,#5037);
#5039=PLANE('',#5038);
#5040=ORIENTED_EDGE('',*,*,#2796,.F.);
#5041=CARTESIAN_POINT('',(4.095842415,-6.855146558,121.613108244));
#5042=VERTEX_POINT('',#5041);
#5043=CARTESIAN_POINT('',(4.095842415,-6.855146558,121.613108244));
#5044=DIRECTION('',(0.766044443,0.,0.64278761));
#5045=VECTOR('',#5044,0.6);
#5046=LINE('',#5043,#5045);
#5047=EDGE_CURVE('',#5042,#2783,#5046,.T.);
#5048=ORIENTED_EDGE('',*,*,#5047,.F.);
#5049=CARTESIAN_POINT('',(4.095842415,-6.855146558,121.613108244));
#5050=DIRECTION('',(0.,-1.,0.));
#5051=VECTOR('',#5050,1.316973415);
#5052=LINE('',#5049,#5051);
#5053=EDGE_CURVE('',#5042,#5018,#5052,.T.);
#5054=ORIENTED_EDGE('',*,*,#5053,.T.);
#5055=ORIENTED_EDGE('',*,*,#5023,.T.);
#5056=EDGE_LOOP('',(#5040,#5048,#5054,#5055));
#5057=FACE_BOUND('',#5056,.T.);
#5058=ADVANCED_FACE('',(#5057),#5039,.T.);
#5059=CARTESIAN_POINT('',(5.22893632,-6.855146558,120.262739512));
#5060=DIRECTION('',(-0.,1.,-0.));
#5061=DIRECTION('',(0.,0.,1.));
#5062=AXIS2_PLACEMENT_3D('',#5059,#5060,#5061);
#5063=PLANE('',#5062);
#5064=ORIENTED_EDGE('',*,*,#2788,.F.);
#5065=CARTESIAN_POINT('',(6.362030225,-6.855146558,118.91237078));
#5066=VERTEX_POINT('',#5065);
#5067=CARTESIAN_POINT('',(6.362030225,-6.855146558,118.91237078));
#5068=DIRECTION('',(0.766044443,0.,0.64278761));
#5069=VECTOR('',#5068,0.6);
#5070=LINE('',#5067,#5069);
#5071=EDGE_CURVE('',#5066,#2775,#5070,.T.);
#5072=ORIENTED_EDGE('',*,*,#5071,.F.);
#5073=CARTESIAN_POINT('',(6.362030225,-6.855146558,118.91237078));
#5074=DIRECTION('',(-0.64278761,0.,0.766044443));
#5075=VECTOR('',#5074,3.525562372);
#5076=LINE('',#5073,#5075);
#5077=EDGE_CURVE('',#5066,#5042,#5076,.T.);
#5078=ORIENTED_EDGE('',*,*,#5077,.T.);
#5079=ORIENTED_EDGE('',*,*,#5047,.T.);
#5080=EDGE_LOOP('',(#5064,#5072,#5078,#5079));
#5081=FACE_BOUND('',#5080,.T.);
#5082=ADVANCED_FACE('',(#5081),#5063,.T.);
#5083=CARTESIAN_POINT('',(6.362030225,-6.590661213,118.91237078));
#5084=DIRECTION('',(-0.64278761,0.,0.766044443));
#5085=DIRECTION('',(0.766044443,0.,0.64278761));
#5086=AXIS2_PLACEMENT_3D('',#5083,#5084,#5085);
#5087=PLANE('',#5086);
#5088=ORIENTED_EDGE('',*,*,#2780,.F.);
#5089=CARTESIAN_POINT('',(6.362030225,-6.326175869,118.91237078));
#5090=VERTEX_POINT('',#5089);
#5091=CARTESIAN_POINT('',(6.362030225,-6.326175869,118.91237078));
#5092=DIRECTION('',(0.766044443,0.,0.64278761));
#5093=VECTOR('',#5092,0.6);
#5094=LINE('',#5091,#5093);
#5095=EDGE_CURVE('',#5090,#2767,#5094,.T.);
#5096=ORIENTED_EDGE('',*,*,#5095,.F.);
#5097=CARTESIAN_POINT('',(6.362030225,-6.326175869,118.91237078));
#5098=DIRECTION('',(-0.,-1.,0.));
#5099=VECTOR('',#5098,0.528970688);
#5100=LINE('',#5097,#5099);
#5101=EDGE_CURVE('',#5090,#5066,#5100,.T.);
#5102=ORIENTED_EDGE('',*,*,#5101,.T.);
#5103=ORIENTED_EDGE('',*,*,#5071,.T.);
#5104=EDGE_LOOP('',(#5088,#5096,#5102,#5103));
#5105=FACE_BOUND('',#5104,.T.);
#5106=ADVANCED_FACE('',(#5105),#5087,.T.);
#5107=CARTESIAN_POINT('',(5.22893632,-6.326175869,120.262739512));
#5108=DIRECTION('',(0.,-1.,0.));
#5109=DIRECTION('',(0.,-0.,-1.));
#5110=AXIS2_PLACEMENT_3D('',#5107,#5108,#5109);
#5111=PLANE('',#5110);
#5112=ORIENTED_EDGE('',*,*,#2772,.F.);
#5113=CARTESIAN_POINT('',(4.095842415,-6.326175869,121.613108244));
#5114=VERTEX_POINT('',#5113);
#5115=CARTESIAN_POINT('',(4.095842415,-6.326175869,121.613108244));
#5116=DIRECTION('',(0.766044443,0.,0.64278761));
#5117=VECTOR('',#5116,0.6);
#5118=LINE('',#5115,#5117);
#5119=EDGE_CURVE('',#5114,#2759,#5118,.T.);
#5120=ORIENTED_EDGE('',*,*,#5119,.F.);
#5121=CARTESIAN_POINT('',(4.095842415,-6.326175869,121.613108244));
#5122=DIRECTION('',(0.64278761,-0.,-0.766044443));
#5123=VECTOR('',#5122,3.525562372);
#5124=LINE('',#5121,#5123);
#5125=EDGE_CURVE('',#5114,#5090,#5124,.T.);
#5126=ORIENTED_EDGE('',*,*,#5125,.T.);
#5127=ORIENTED_EDGE('',*,*,#5095,.T.);
#5128=EDGE_LOOP('',(#5112,#5120,#5126,#5127));
#5129=FACE_BOUND('',#5128,.T.);
#5130=ADVANCED_FACE('',(#5129),#5111,.T.);
#5131=CARTESIAN_POINT('',(4.095842415,-5.664962509,121.613108244));
#5132=DIRECTION('',(-0.64278761,-0.,0.766044443));
#5133=DIRECTION('',(0.766044443,0.,0.64278761));
#5134=AXIS2_PLACEMENT_3D('',#5131,#5132,#5133);
#5135=PLANE('',#5134);
#5136=ORIENTED_EDGE('',*,*,#2764,.F.);
#5137=ORIENTED_EDGE('',*,*,#4982,.F.);
#5138=CARTESIAN_POINT('',(4.095842415,-5.003749148,121.613108244));
#5139=DIRECTION('',(0.,-1.,0.));
#5140=VECTOR('',#5139,1.322426721);
#5141=LINE('',#5138,#5140);
#5142=EDGE_CURVE('',#4971,#5114,#5141,.T.);
#5143=ORIENTED_EDGE('',*,*,#5142,.T.);
#5144=ORIENTED_EDGE('',*,*,#5119,.T.);
#5145=EDGE_LOOP('',(#5136,#5137,#5143,#5144));
#5146=FACE_BOUND('',#5145,.T.);
#5147=ADVANCED_FACE('',(#5146),#5135,.T.);
#5148=CARTESIAN_POINT('',(62.286304926,0.,52.264415491));
#5149=DIRECTION('',(0.766044443,0.,0.64278761));
#5150=DIRECTION('',(-0.,1.,-0.));
#5151=AXIS2_PLACEMENT_3D('',#5148,#5149,#5150);
#5152=PLANE('',#5151);
#5153=ORIENTED_EDGE('',*,*,#4976,.F.);
#5154=ORIENTED_EDGE('',*,*,#5005,.F.);
#5155=ORIENTED_EDGE('',*,*,#5029,.F.);
#5156=ORIENTED_EDGE('',*,*,#5053,.F.);
#5157=ORIENTED_EDGE('',*,*,#5077,.F.);
#5158=ORIENTED_EDGE('',*,*,#5101,.F.);
#5159=ORIENTED_EDGE('',*,*,#5125,.F.);
#5160=ORIENTED_EDGE('',*,*,#5142,.F.);
#5161=EDGE_LOOP('',(#5153,#5154,#5155,#5156,#5157,#5158,#5159,#5160));
#5162=FACE_BOUND('',#5161,.T.);
#5163=ADVANCED_FACE('',(#5162),#5152,.T.);
#5164=CARTESIAN_POINT('',(3.94423743,-8.414792093,121.793784029));
#5165=DIRECTION('',(0.,-1.,0.));
#5166=DIRECTION('',(1.,0.,0.));
#5167=AXIS2_PLACEMENT_3D('',#5164,#5165,#5166);
#5168=PLANE('',#5167);
#5169=ORIENTED_EDGE('',*,*,#2396,.F.);
#5170=CARTESIAN_POINT('',(3.792632445,-8.414792093,121.974459815));
#5171=VERTEX_POINT('',#5170);
#5172=CARTESIAN_POINT('',(3.792632445,-8.414792093,121.974459815));
#5173=DIRECTION('',(0.766044443,0.,0.64278761));
#5174=VECTOR('',#5173,0.6);
#5175=LINE('',#5172,#5174);
#5176=EDGE_CURVE('',#5171,#2389,#5175,.T.);
#5177=ORIENTED_EDGE('',*,*,#5176,.F.);
#5178=CARTESIAN_POINT('',(4.095842415,-8.414792093,121.613108244));
#5179=VERTEX_POINT('',#5178);
#5180=CARTESIAN_POINT('',(3.792632445,-8.414792093,121.974459815));
#5181=DIRECTION('',(0.64278761,-0.,-0.766044443));
#5182=VECTOR('',#5181,0.471710975);
#5183=LINE('',#5180,#5182);
#5184=EDGE_CURVE('',#5171,#5179,#5183,.T.);
#5185=ORIENTED_EDGE('',*,*,#5184,.T.);
#5186=CARTESIAN_POINT('',(4.095842415,-8.414792093,121.613108244));
#5187=DIRECTION('',(0.766044443,0.,0.64278761));
#5188=VECTOR('',#5187,0.6);
#5189=LINE('',#5186,#5188);
#5190=EDGE_CURVE('',#5179,#2391,#5189,.T.);
#5191=ORIENTED_EDGE('',*,*,#5190,.T.);
#5192=EDGE_LOOP('',(#5169,#5177,#5185,#5191));
#5193=FACE_BOUND('',#5192,.T.);
#5194=ADVANCED_FACE('',(#5193),#5168,.T.);
#5195=CARTESIAN_POINT('',(3.792632445,-9.998977505,121.974459815));
#5196=DIRECTION('',(0.64278761,0.,-0.766044443));
#5197=DIRECTION('',(-0.766044443,-0.,-0.64278761));
#5198=AXIS2_PLACEMENT_3D('',#5195,#5196,#5197);
#5199=PLANE('',#5198);
#5200=ORIENTED_EDGE('',*,*,#2450,.F.);
#5201=CARTESIAN_POINT('',(3.792632445,-11.583162918,121.974459815));
#5202=VERTEX_POINT('',#5201);
#5203=CARTESIAN_POINT('',(3.792632445,-11.583162918,121.974459815));
#5204=DIRECTION('',(0.766044443,0.,0.64278761));
#5205=VECTOR('',#5204,0.6);
#5206=LINE('',#5203,#5205);
#5207=EDGE_CURVE('',#5202,#2439,#5206,.T.);
#5208=ORIENTED_EDGE('',*,*,#5207,.F.);
#5209=CARTESIAN_POINT('',(3.792632445,-11.583162918,121.974459815));
#5210=DIRECTION('',(-0.,1.,0.));
#5211=VECTOR('',#5210,3.168370825);
#5212=LINE('',#5209,#5211);
#5213=EDGE_CURVE('',#5202,#5171,#5212,.T.);
#5214=ORIENTED_EDGE('',*,*,#5213,.T.);
#5215=ORIENTED_EDGE('',*,*,#5176,.T.);
#5216=EDGE_LOOP('',(#5200,#5208,#5214,#5215));
#5217=FACE_BOUND('',#5216,.T.);
#5218=ADVANCED_FACE('',(#5217),#5199,.T.);
#5219=CARTESIAN_POINT('',(3.94423743,-11.583162918,121.793784029));
#5220=DIRECTION('',(-0.,1.,-0.));
#5221=DIRECTION('',(-1.,-0.,0.));
#5222=AXIS2_PLACEMENT_3D('',#5219,#5220,#5221);
#5223=PLANE('',#5222);
#5224=ORIENTED_EDGE('',*,*,#2444,.F.);
#5225=CARTESIAN_POINT('',(4.095842415,-11.583162918,121.613108244));
#5226=VERTEX_POINT('',#5225);
#5227=CARTESIAN_POINT('',(4.095842415,-11.583162918,121.613108244));
#5228=DIRECTION('',(0.766044443,0.,0.64278761));
#5229=VECTOR('',#5228,0.6);
#5230=LINE('',#5227,#5229);
#5231=EDGE_CURVE('',#5226,#2431,#5230,.T.);
#5232=ORIENTED_EDGE('',*,*,#5231,.F.);
#5233=CARTESIAN_POINT('',(4.095842415,-11.583162918,121.613108244));
#5234=DIRECTION('',(-0.64278761,0.,0.766044443));
#5235=VECTOR('',#5234,0.471710975);
#5236=LINE('',#5233,#5235);
#5237=EDGE_CURVE('',#5226,#5202,#5236,.T.);
#5238=ORIENTED_EDGE('',*,*,#5237,.T.);
#5239=ORIENTED_EDGE('',*,*,#5207,.T.);
#5240=EDGE_LOOP('',(#5224,#5232,#5238,#5239));
#5241=FACE_BOUND('',#5240,.T.);
#5242=ADVANCED_FACE('',(#5241),#5223,.T.);
#5243=CARTESIAN_POINT('',(4.095842415,-10.92467621,121.613108244));
#5244=DIRECTION('',(-0.64278761,-0.,0.766044443));
#5245=DIRECTION('',(0.766044443,0.,0.64278761));
#5246=AXIS2_PLACEMENT_3D('',#5243,#5244,#5245);
#5247=PLANE('',#5246);
#5248=ORIENTED_EDGE('',*,*,#2436,.F.);
#5249=CARTESIAN_POINT('',(4.095842415,-10.266189502,121.613108244));
#5250=VERTEX_POINT('',#5249);
#5251=CARTESIAN_POINT('',(4.095842415,-10.266189502,121.613108244));
#5252=DIRECTION('',(0.766044443,0.,0.64278761));
#5253=VECTOR('',#5252,0.6);
#5254=LINE('',#5251,#5253);
#5255=EDGE_CURVE('',#5250,#2423,#5254,.T.);
#5256=ORIENTED_EDGE('',*,*,#5255,.F.);
#5257=CARTESIAN_POINT('',(4.095842415,-10.266189502,121.613108244));
#5258=DIRECTION('',(0.,-1.,0.));
#5259=VECTOR('',#5258,1.316973415);
#5260=LINE('',#5257,#5259);
#5261=EDGE_CURVE('',#5250,#5226,#5260,.T.);
#5262=ORIENTED_EDGE('',*,*,#5261,.T.);
#5263=ORIENTED_EDGE('',*,*,#5231,.T.);
#5264=EDGE_LOOP('',(#5248,#5256,#5262,#5263));
#5265=FACE_BOUND('',#5264,.T.);
#5266=ADVANCED_FACE('',(#5265),#5247,.T.);
#5267=CARTESIAN_POINT('',(5.22893632,-10.266189502,120.262739512));
#5268=DIRECTION('',(-0.,1.,-0.));
#5269=DIRECTION('',(-1.,-0.,0.));
#5270=AXIS2_PLACEMENT_3D('',#5267,#5268,#5269);
#5271=PLANE('',#5270);
#5272=ORIENTED_EDGE('',*,*,#2428,.F.);
#5273=CARTESIAN_POINT('',(6.362030225,-10.266189502,118.91237078));
#5274=VERTEX_POINT('',#5273);
#5275=CARTESIAN_POINT('',(6.362030225,-10.266189502,118.91237078));
#5276=DIRECTION('',(0.766044443,0.,0.64278761));
#5277=VECTOR('',#5276,0.6);
#5278=LINE('',#5275,#5277);
#5279=EDGE_CURVE('',#5274,#2415,#5278,.T.);
#5280=ORIENTED_EDGE('',*,*,#5279,.F.);
#5281=CARTESIAN_POINT('',(6.362030225,-10.266189502,118.91237078));
#5282=DIRECTION('',(-0.64278761,-0.,0.766044443));
#5283=VECTOR('',#5282,3.525562372);
#5284=LINE('',#5281,#5283);
#5285=EDGE_CURVE('',#5274,#5250,#5284,.T.);
#5286=ORIENTED_EDGE('',*,*,#5285,.T.);
#5287=ORIENTED_EDGE('',*,*,#5255,.T.);
#5288=EDGE_LOOP('',(#5272,#5280,#5286,#5287));
#5289=FACE_BOUND('',#5288,.T.);
#5290=ADVANCED_FACE('',(#5289),#5271,.T.);
#5291=CARTESIAN_POINT('',(6.362030225,-10.001704158,118.91237078));
#5292=DIRECTION('',(-0.64278761,-0.,0.766044443));
#5293=DIRECTION('',(0.766044443,0.,0.64278761));
#5294=AXIS2_PLACEMENT_3D('',#5291,#5292,#5293);
#5295=PLANE('',#5294);
#5296=ORIENTED_EDGE('',*,*,#2420,.F.);
#5297=CARTESIAN_POINT('',(6.362030225,-9.737218814,118.91237078));
#5298=VERTEX_POINT('',#5297);
#5299=CARTESIAN_POINT('',(6.362030225,-9.737218814,118.91237078));
#5300=DIRECTION('',(0.766044443,0.,0.64278761));
#5301=VECTOR('',#5300,0.6);
#5302=LINE('',#5299,#5301);
#5303=EDGE_CURVE('',#5298,#2407,#5302,.T.);
#5304=ORIENTED_EDGE('',*,*,#5303,.F.);
#5305=CARTESIAN_POINT('',(6.362030225,-9.737218814,118.91237078));
#5306=DIRECTION('',(0.,-1.,0.));
#5307=VECTOR('',#5306,0.528970688);
#5308=LINE('',#5305,#5307);
#5309=EDGE_CURVE('',#5298,#5274,#5308,.T.);
#5310=ORIENTED_EDGE('',*,*,#5309,.T.);
#5311=ORIENTED_EDGE('',*,*,#5279,.T.);
#5312=EDGE_LOOP('',(#5296,#5304,#5310,#5311));
#5313=FACE_BOUND('',#5312,.T.);
#5314=ADVANCED_FACE('',(#5313),#5295,.T.);
#5315=CARTESIAN_POINT('',(5.22893632,-9.737218814,120.262739512));
#5316=DIRECTION('',(0.,-1.,0.));
#5317=DIRECTION('',(1.,0.,0.));
#5318=AXIS2_PLACEMENT_3D('',#5315,#5316,#5317);
#5319=PLANE('',#5318);
#5320=ORIENTED_EDGE('',*,*,#2412,.F.);
#5321=CARTESIAN_POINT('',(4.095842415,-9.737218814,121.613108244));
#5322=VERTEX_POINT('',#5321);
#5323=CARTESIAN_POINT('',(4.095842415,-9.737218814,121.613108244));
#5324=DIRECTION('',(0.766044443,0.,0.64278761));
#5325=VECTOR('',#5324,0.6);
#5326=LINE('',#5323,#5325);
#5327=EDGE_CURVE('',#5322,#2399,#5326,.T.);
#5328=ORIENTED_EDGE('',*,*,#5327,.F.);
#5329=CARTESIAN_POINT('',(4.095842415,-9.737218814,121.613108244));
#5330=DIRECTION('',(0.64278761,0.,-0.766044443));
#5331=VECTOR('',#5330,3.525562372);
#5332=LINE('',#5329,#5331);
#5333=EDGE_CURVE('',#5322,#5298,#5332,.T.);
#5334=ORIENTED_EDGE('',*,*,#5333,.T.);
#5335=ORIENTED_EDGE('',*,*,#5303,.T.);
#5336=EDGE_LOOP('',(#5320,#5328,#5334,#5335));
#5337=FACE_BOUND('',#5336,.T.);
#5338=ADVANCED_FACE('',(#5337),#5319,.T.);
#5339=CARTESIAN_POINT('',(4.095842415,-9.076005453,121.613108244));
#5340=DIRECTION('',(-0.64278761,-0.,0.766044443));
#5341=DIRECTION('',(0.766044443,0.,0.64278761));
#5342=AXIS2_PLACEMENT_3D('',#5339,#5340,#5341);
#5343=PLANE('',#5342);
#5344=ORIENTED_EDGE('',*,*,#2404,.F.);
#5345=ORIENTED_EDGE('',*,*,#5190,.F.);
#5346=CARTESIAN_POINT('',(4.095842415,-8.414792093,121.613108244));
#5347=DIRECTION('',(0.,-1.,0.));
#5348=VECTOR('',#5347,1.322426721);
#5349=LINE('',#5346,#5348);
#5350=EDGE_CURVE('',#5179,#5322,#5349,.T.);
#5351=ORIENTED_EDGE('',*,*,#5350,.T.);
#5352=ORIENTED_EDGE('',*,*,#5327,.T.);
#5353=EDGE_LOOP('',(#5344,#5345,#5351,#5352));
#5354=FACE_BOUND('',#5353,.T.);
#5355=ADVANCED_FACE('',(#5354),#5343,.T.);
#5356=CARTESIAN_POINT('',(62.286304926,0.,52.264415491));
#5357=DIRECTION('',(0.766044443,0.,0.64278761));
#5358=DIRECTION('',(-0.,1.,-0.));
#5359=AXIS2_PLACEMENT_3D('',#5356,#5357,#5358);
#5360=PLANE('',#5359);
#5361=ORIENTED_EDGE('',*,*,#5184,.F.);
#5362=ORIENTED_EDGE('',*,*,#5213,.F.);
#5363=ORIENTED_EDGE('',*,*,#5237,.F.);
#5364=ORIENTED_EDGE('',*,*,#5261,.F.);
#5365=ORIENTED_EDGE('',*,*,#5285,.F.);
#5366=ORIENTED_EDGE('',*,*,#5309,.F.);
#5367=ORIENTED_EDGE('',*,*,#5333,.F.);
#5368=ORIENTED_EDGE('',*,*,#5350,.F.);
#5369=EDGE_LOOP('',(#5361,#5362,#5363,#5364,#5365,#5366,#5367,#5368));
#5370=FACE_BOUND('',#5369,.T.);
#5371=ADVANCED_FACE('',(#5370),#5360,.T.);
#5372=CARTESIAN_POINT('',(-2.384462802,-0.000060605,125.913442848));
#5373=DIRECTION('',(0.766044443,0.,0.64278761));
#5374=DIRECTION('',(0.64278761,0.,-0.766044443));
#5375=AXIS2_PLACEMENT_3D('',#5372,#5373,#5374);
#5376=CYLINDRICAL_SURFACE('',#5375,2.5);
#5377=CARTESIAN_POINT('',(0.60138622,-0.000060605,125.155349438));
#5378=VERTEX_POINT('',#5377);
#5379=CARTESIAN_POINT('',(0.60138622,-0.000060605,125.155349438));
#5380=DIRECTION('',(-0.766044443,-0.,-0.64278761));
#5381=VECTOR('',#5380,1.2);
#5382=LINE('',#5379,#5381);
#5383=EDGE_CURVE('',#5378,#4441,#5382,.T.);
#5384=ORIENTED_EDGE('',*,*,#5383,.F.);
#5385=CARTESIAN_POINT('',(-2.612551829,-0.000060605,128.985571653));
#5386=VERTEX_POINT('',#5385);
#5387=CARTESIAN_POINT('',(-1.005582804,-0.000060605,127.070460545));
#5388=DIRECTION('',(0.766044443,0.,0.64278761));
#5389=DIRECTION('',(-0.64278761,0.,0.766044443));
#5390=AXIS2_PLACEMENT_3D('',#5387,#5388,#5389);
#5391=CIRCLE('',#5390,2.5);
#5392=EDGE_CURVE('',#5378,#5386,#5391,.T.);
#5393=ORIENTED_EDGE('',*,*,#5392,.T.);
#5394=CARTESIAN_POINT('',(-1.005582804,-0.000060605,127.070460545));
#5395=DIRECTION('',(0.766044443,0.,0.64278761));
#5396=DIRECTION('',(-0.64278761,0.,0.766044443));
#5397=AXIS2_PLACEMENT_3D('',#5394,#5395,#5396);
#5398=CIRCLE('',#5397,2.5);
#5399=EDGE_CURVE('',#5386,#5378,#5398,.T.);
#5400=ORIENTED_EDGE('',*,*,#5399,.T.);
#5401=ORIENTED_EDGE('',*,*,#5383,.T.);
#5402=ORIENTED_EDGE('',*,*,#4449,.T.);
#5403=ORIENTED_EDGE('',*,*,#4456,.T.);
#5404=EDGE_LOOP('',(#5384,#5393,#5400,#5401,#5402,#5403));
#5405=FACE_BOUND('',#5404,.T.);
#5406=ADVANCED_FACE('',(#5405),#5376,.F.);
#5407=CARTESIAN_POINT('',(-1.005582804,-0.000060605,127.070460545));
#5408=DIRECTION('',(0.766044443,0.,0.64278761));
#5409=DIRECTION('',(0.64278761,0.,-0.766044443));
#5410=AXIS2_PLACEMENT_3D('',#5407,#5408,#5409);
#5411=CONICAL_SURFACE('',#5410,2.5,45.);
#5412=CARTESIAN_POINT('',(2.010218273,-0.000060605,125.032092604));
#5413=DIRECTION('',(-0.996194698,-0.,0.087155743));
#5414=VECTOR('',#5413,1.414213562);
#5415=LINE('',#5412,#5414);
#5416=EDGE_CURVE('',#2817,#5378,#5415,.T.);
#5417=ORIENTED_EDGE('',*,*,#5416,.F.);
#5418=ORIENTED_EDGE('',*,*,#2823,.F.);
#5419=ORIENTED_EDGE('',*,*,#2830,.F.);
#5420=ORIENTED_EDGE('',*,*,#5416,.T.);
#5421=ORIENTED_EDGE('',*,*,#5399,.F.);
#5422=ORIENTED_EDGE('',*,*,#5392,.F.);
#5423=EDGE_LOOP('',(#5417,#5418,#5419,#5420,#5421,#5422));
#5424=FACE_BOUND('',#5423,.T.);
#5425=ADVANCED_FACE('',(#5424),#5411,.F.);
#5426=CARTESIAN_POINT('',(-6.635466019,5.095939301,134.402183623));
#5427=DIRECTION('',(0.,-1.,0.));
#5428=DIRECTION('',(1.,0.,0.));
#5429=AXIS2_PLACEMENT_3D('',#5426,#5427,#5428);
#5430=PLANE('',#5429);
#5431=ORIENTED_EDGE('',*,*,#2842,.F.);
#5432=CARTESIAN_POINT('',(-6.787071004,5.095939301,134.582859408));
#5433=VERTEX_POINT('',#5432);
#5434=CARTESIAN_POINT('',(-6.787071004,5.095939301,134.582859408));
#5435=DIRECTION('',(0.766044443,0.,0.64278761));
#5436=VECTOR('',#5435,0.6);
#5437=LINE('',#5434,#5436);
#5438=EDGE_CURVE('',#5433,#2835,#5437,.T.);
#5439=ORIENTED_EDGE('',*,*,#5438,.F.);
#5440=CARTESIAN_POINT('',(-6.483861034,5.095939301,134.221507837));
#5441=VERTEX_POINT('',#5440);
#5442=CARTESIAN_POINT('',(-6.787071004,5.095939301,134.582859408));
#5443=DIRECTION('',(0.64278761,0.,-0.766044443));
#5444=VECTOR('',#5443,0.471710975);
#5445=LINE('',#5442,#5444);
#5446=EDGE_CURVE('',#5433,#5441,#5445,.T.);
#5447=ORIENTED_EDGE('',*,*,#5446,.T.);
#5448=CARTESIAN_POINT('',(-6.483861034,5.095939301,134.221507837));
#5449=DIRECTION('',(0.766044443,0.,0.64278761));
#5450=VECTOR('',#5449,0.6);
#5451=LINE('',#5448,#5450);
#5452=EDGE_CURVE('',#5441,#2837,#5451,.T.);
#5453=ORIENTED_EDGE('',*,*,#5452,.T.);
#5454=EDGE_LOOP('',(#5431,#5439,#5447,#5453));
#5455=FACE_BOUND('',#5454,.T.);
#5456=ADVANCED_FACE('',(#5455),#5430,.T.);
#5457=CARTESIAN_POINT('',(-6.787071004,3.511753889,134.582859408));
#5458=DIRECTION('',(0.64278761,0.,-0.766044443));
#5459=DIRECTION('',(-0.766044443,0.,-0.64278761));
#5460=AXIS2_PLACEMENT_3D('',#5457,#5458,#5459);
#5461=PLANE('',#5460);
#5462=ORIENTED_EDGE('',*,*,#2896,.F.);
#5463=CARTESIAN_POINT('',(-6.787071004,1.927568476,134.582859408));
#5464=VERTEX_POINT('',#5463);
#5465=CARTESIAN_POINT('',(-6.787071004,1.927568476,134.582859408));
#5466=DIRECTION('',(0.766044443,0.,0.64278761));
#5467=VECTOR('',#5466,0.6);
#5468=LINE('',#5465,#5467);
#5469=EDGE_CURVE('',#5464,#2885,#5468,.T.);
#5470=ORIENTED_EDGE('',*,*,#5469,.F.);
#5471=CARTESIAN_POINT('',(-6.787071004,1.927568476,134.582859408));
#5472=DIRECTION('',(-0.,1.,0.));
#5473=VECTOR('',#5472,3.168370825);
#5474=LINE('',#5471,#5473);
#5475=EDGE_CURVE('',#5464,#5433,#5474,.T.);
#5476=ORIENTED_EDGE('',*,*,#5475,.T.);
#5477=ORIENTED_EDGE('',*,*,#5438,.T.);
#5478=EDGE_LOOP('',(#5462,#5470,#5476,#5477));
#5479=FACE_BOUND('',#5478,.T.);
#5480=ADVANCED_FACE('',(#5479),#5461,.T.);
#5481=CARTESIAN_POINT('',(-6.635466019,1.927568476,134.402183623));
#5482=DIRECTION('',(-0.,1.,-0.));
#5483=DIRECTION('',(-1.,-0.,0.));
#5484=AXIS2_PLACEMENT_3D('',#5481,#5482,#5483);
#5485=PLANE('',#5484);
#5486=ORIENTED_EDGE('',*,*,#2890,.F.);
#5487=CARTESIAN_POINT('',(-6.483861034,1.927568476,134.221507837));
#5488=VERTEX_POINT('',#5487);
#5489=CARTESIAN_POINT('',(-6.483861034,1.927568476,134.221507837));
#5490=DIRECTION('',(0.766044443,0.,0.64278761));
#5491=VECTOR('',#5490,0.6);
#5492=LINE('',#5489,#5491);
#5493=EDGE_CURVE('',#5488,#2877,#5492,.T.);
#5494=ORIENTED_EDGE('',*,*,#5493,.F.);
#5495=CARTESIAN_POINT('',(-6.483861034,1.927568476,134.221507837));
#5496=DIRECTION('',(-0.64278761,-0.,0.766044443));
#5497=VECTOR('',#5496,0.471710975);
#5498=LINE('',#5495,#5497);
#5499=EDGE_CURVE('',#5488,#5464,#5498,.T.);
#5500=ORIENTED_EDGE('',*,*,#5499,.T.);
#5501=ORIENTED_EDGE('',*,*,#5469,.T.);
#5502=EDGE_LOOP('',(#5486,#5494,#5500,#5501));
#5503=FACE_BOUND('',#5502,.T.);
#5504=ADVANCED_FACE('',(#5503),#5485,.T.);
#5505=CARTESIAN_POINT('',(-6.483861034,2.586055184,134.221507837));
#5506=DIRECTION('',(-0.64278761,-0.,0.766044443));
#5507=DIRECTION('',(0.766044443,-0.,0.64278761));
#5508=AXIS2_PLACEMENT_3D('',#5505,#5506,#5507);
#5509=PLANE('',#5508);
#5510=ORIENTED_EDGE('',*,*,#2882,.F.);
#5511=CARTESIAN_POINT('',(-6.483861034,3.244541891,134.221507837));
#5512=VERTEX_POINT('',#5511);
#5513=CARTESIAN_POINT('',(-6.483861034,3.244541891,134.221507837));
#5514=DIRECTION('',(0.766044443,0.,0.64278761));
#5515=VECTOR('',#5514,0.6);
#5516=LINE('',#5513,#5515);
#5517=EDGE_CURVE('',#5512,#2869,#5516,.T.);
#5518=ORIENTED_EDGE('',*,*,#5517,.F.);
#5519=CARTESIAN_POINT('',(-6.483861034,3.244541891,134.221507837));
#5520=DIRECTION('',(0.,-1.,-0.));
#5521=VECTOR('',#5520,1.316973415);
#5522=LINE('',#5519,#5521);
#5523=EDGE_CURVE('',#5512,#5488,#5522,.T.);
#5524=ORIENTED_EDGE('',*,*,#5523,.T.);
#5525=ORIENTED_EDGE('',*,*,#5493,.T.);
#5526=EDGE_LOOP('',(#5510,#5518,#5524,#5525));
#5527=FACE_BOUND('',#5526,.T.);
#5528=ADVANCED_FACE('',(#5527),#5509,.T.);
#5529=CARTESIAN_POINT('',(-5.350767129,3.244541891,132.871139105));
#5530=DIRECTION('',(-0.,1.,-0.));
#5531=DIRECTION('',(-1.,-0.,0.));
#5532=AXIS2_PLACEMENT_3D('',#5529,#5530,#5531);
#5533=PLANE('',#5532);
#5534=ORIENTED_EDGE('',*,*,#2874,.F.);
#5535=CARTESIAN_POINT('',(-4.217673224,3.244541891,131.520770373));
#5536=VERTEX_POINT('',#5535);
#5537=CARTESIAN_POINT('',(-4.217673224,3.244541891,131.520770373));
#5538=DIRECTION('',(0.766044443,0.,0.64278761));
#5539=VECTOR('',#5538,0.6);
#5540=LINE('',#5537,#5539);
#5541=EDGE_CURVE('',#5536,#2861,#5540,.T.);
#5542=ORIENTED_EDGE('',*,*,#5541,.F.);
#5543=CARTESIAN_POINT('',(-4.217673224,3.244541891,131.520770373));
#5544=DIRECTION('',(-0.64278761,-0.,0.766044443));
#5545=VECTOR('',#5544,3.525562372);
#5546=LINE('',#5543,#5545);
#5547=EDGE_CURVE('',#5536,#5512,#5546,.T.);
#5548=ORIENTED_EDGE('',*,*,#5547,.T.);
#5549=ORIENTED_EDGE('',*,*,#5517,.T.);
#5550=EDGE_LOOP('',(#5534,#5542,#5548,#5549));
#5551=FACE_BOUND('',#5550,.T.);
#5552=ADVANCED_FACE('',(#5551),#5533,.T.);
#5553=CARTESIAN_POINT('',(-4.217673224,3.509027236,131.520770373));
#5554=DIRECTION('',(-0.64278761,-0.,0.766044443));
#5555=DIRECTION('',(0.766044443,-0.,0.64278761));
#5556=AXIS2_PLACEMENT_3D('',#5553,#5554,#5555);
#5557=PLANE('',#5556);
#5558=ORIENTED_EDGE('',*,*,#2866,.F.);
#5559=CARTESIAN_POINT('',(-4.217673224,3.77351258,131.520770373));
#5560=VERTEX_POINT('',#5559);
#5561=CARTESIAN_POINT('',(-4.217673224,3.77351258,131.520770373));
#5562=DIRECTION('',(0.766044443,0.,0.64278761));
#5563=VECTOR('',#5562,0.6);
#5564=LINE('',#5561,#5563);
#5565=EDGE_CURVE('',#5560,#2853,#5564,.T.);
#5566=ORIENTED_EDGE('',*,*,#5565,.F.);
#5567=CARTESIAN_POINT('',(-4.217673224,3.77351258,131.520770373));
#5568=DIRECTION('',(0.,-1.,0.));
#5569=VECTOR('',#5568,0.528970688);
#5570=LINE('',#5567,#5569);
#5571=EDGE_CURVE('',#5560,#5536,#5570,.T.);
#5572=ORIENTED_EDGE('',*,*,#5571,.T.);
#5573=ORIENTED_EDGE('',*,*,#5541,.T.);
#5574=EDGE_LOOP('',(#5558,#5566,#5572,#5573));
#5575=FACE_BOUND('',#5574,.T.);
#5576=ADVANCED_FACE('',(#5575),#5557,.T.);
#5577=CARTESIAN_POINT('',(-5.350767129,3.77351258,132.871139105));
#5578=DIRECTION('',(0.,-1.,0.));
#5579=DIRECTION('',(1.,0.,0.));
#5580=AXIS2_PLACEMENT_3D('',#5577,#5578,#5579);
#5581=PLANE('',#5580);
#5582=ORIENTED_EDGE('',*,*,#2858,.F.);
#5583=CARTESIAN_POINT('',(-6.483861034,3.77351258,134.221507837));
#5584=VERTEX_POINT('',#5583);
#5585=CARTESIAN_POINT('',(-6.483861034,3.77351258,134.221507837));
#5586=DIRECTION('',(0.766044443,0.,0.64278761));
#5587=VECTOR('',#5586,0.6);
#5588=LINE('',#5585,#5587);
#5589=EDGE_CURVE('',#5584,#2845,#5588,.T.);
#5590=ORIENTED_EDGE('',*,*,#5589,.F.);
#5591=CARTESIAN_POINT('',(-6.483861034,3.77351258,134.221507837));
#5592=DIRECTION('',(0.64278761,0.,-0.766044443));
#5593=VECTOR('',#5592,3.525562372);
#5594=LINE('',#5591,#5593);
#5595=EDGE_CURVE('',#5584,#5560,#5594,.T.);
#5596=ORIENTED_EDGE('',*,*,#5595,.T.);
#5597=ORIENTED_EDGE('',*,*,#5565,.T.);
#5598=EDGE_LOOP('',(#5582,#5590,#5596,#5597));
#5599=FACE_BOUND('',#5598,.T.);
#5600=ADVANCED_FACE('',(#5599),#5581,.T.);
#5601=CARTESIAN_POINT('',(-6.483861034,4.43472594,134.221507837));
#5602=DIRECTION('',(-0.64278761,-0.,0.766044443));
#5603=DIRECTION('',(0.766044443,-0.,0.64278761));
#5604=AXIS2_PLACEMENT_3D('',#5601,#5602,#5603);
#5605=PLANE('',#5604);
#5606=ORIENTED_EDGE('',*,*,#2850,.F.);
#5607=ORIENTED_EDGE('',*,*,#5452,.F.);
#5608=CARTESIAN_POINT('',(-6.483861034,5.095939301,134.221507837));
#5609=DIRECTION('',(0.,-1.,0.));
#5610=VECTOR('',#5609,1.322426721);
#5611=LINE('',#5608,#5610);
#5612=EDGE_CURVE('',#5441,#5584,#5611,.T.);
#5613=ORIENTED_EDGE('',*,*,#5612,.T.);
#5614=ORIENTED_EDGE('',*,*,#5589,.T.);
#5615=EDGE_LOOP('',(#5606,#5607,#5613,#5614));
#5616=FACE_BOUND('',#5615,.T.);
#5617=ADVANCED_FACE('',(#5616),#5605,.T.);
#5618=CARTESIAN_POINT('',(62.286304926,0.,52.264415491));
#5619=DIRECTION('',(0.766044443,0.,0.64278761));
#5620=DIRECTION('',(-0.,1.,-0.));
#5621=AXIS2_PLACEMENT_3D('',#5618,#5619,#5620);
#5622=PLANE('',#5621);
#5623=ORIENTED_EDGE('',*,*,#5446,.F.);
#5624=ORIENTED_EDGE('',*,*,#5475,.F.);
#5625=ORIENTED_EDGE('',*,*,#5499,.F.);
#5626=ORIENTED_EDGE('',*,*,#5523,.F.);
#5627=ORIENTED_EDGE('',*,*,#5547,.F.);
#5628=ORIENTED_EDGE('',*,*,#5571,.F.);
#5629=ORIENTED_EDGE('',*,*,#5595,.F.);
#5630=ORIENTED_EDGE('',*,*,#5612,.F.);
#5631=EDGE_LOOP('',(#5623,#5624,#5625,#5626,#5627,#5628,#5629,#5630));
#5632=FACE_BOUND('',#5631,.T.);
#5633=ADVANCED_FACE('',(#5632),#5622,.T.);
#5634=CARTESIAN_POINT('',(-5.502372114,-1.963365402,133.05181489));
#5635=DIRECTION('',(0.,-1.,0.));
#5636=DIRECTION('',(1.,0.,0.));
#5637=AXIS2_PLACEMENT_3D('',#5634,#5635,#5636);
#5638=PLANE('',#5637);
#5639=ORIENTED_EDGE('',*,*,#2298,.F.);
#5640=CARTESIAN_POINT('',(-6.787071004,-1.963365402,134.582859408));
#5641=VERTEX_POINT('',#5640);
#5642=CARTESIAN_POINT('',(-6.787071004,-1.963365402,134.582859408));
#5643=DIRECTION('',(0.766044443,0.,0.64278761));
#5644=VECTOR('',#5643,0.6);
#5645=LINE('',#5642,#5644);
#5646=EDGE_CURVE('',#5641,#2291,#5645,.T.);
#5647=ORIENTED_EDGE('',*,*,#5646,.F.);
#5648=CARTESIAN_POINT('',(-4.217673224,-1.963365402,131.520770373));
#5649=VERTEX_POINT('',#5648);
#5650=CARTESIAN_POINT('',(-6.787071004,-1.963365402,134.582859408));
#5651=DIRECTION('',(0.64278761,0.,-0.766044443));
#5652=VECTOR('',#5651,3.997273347);
#5653=LINE('',#5650,#5652);
#5654=EDGE_CURVE('',#5641,#5649,#5653,.T.);
#5655=ORIENTED_EDGE('',*,*,#5654,.T.);
#5656=CARTESIAN_POINT('',(-4.217673224,-1.963365402,131.520770373));
#5657=DIRECTION('',(0.766044443,0.,0.64278761));
#5658=VECTOR('',#5657,0.6);
#5659=LINE('',#5656,#5658);
#5660=EDGE_CURVE('',#5649,#2293,#5659,.T.);
#5661=ORIENTED_EDGE('',*,*,#5660,.T.);
#5662=EDGE_LOOP('',(#5639,#5647,#5655,#5661));
#5663=FACE_BOUND('',#5662,.T.);
#5664=ADVANCED_FACE('',(#5663),#5638,.T.);
#5665=CARTESIAN_POINT('',(-6.787071004,-2.227850747,134.582859408));
#5666=DIRECTION('',(0.64278761,0.,-0.766044443));
#5667=DIRECTION('',(-0.766044443,0.,-0.64278761));
#5668=AXIS2_PLACEMENT_3D('',#5665,#5666,#5667);
#5669=PLANE('',#5668);
#5670=ORIENTED_EDGE('',*,*,#2384,.F.);
#5671=CARTESIAN_POINT('',(-6.787071004,-2.492336091,134.582859408));
#5672=VERTEX_POINT('',#5671);
#5673=CARTESIAN_POINT('',(-6.787071004,-2.492336091,134.582859408));
#5674=DIRECTION('',(0.766044443,0.,0.64278761));
#5675=VECTOR('',#5674,0.6);
#5676=LINE('',#5673,#5675);
#5677=EDGE_CURVE('',#5672,#2373,#5676,.T.);
#5678=ORIENTED_EDGE('',*,*,#5677,.F.);
#5679=CARTESIAN_POINT('',(-6.787071004,-2.492336091,134.582859408));
#5680=DIRECTION('',(-0.,1.,0.));
#5681=VECTOR('',#5680,0.528970688);
#5682=LINE('',#5679,#5681);
#5683=EDGE_CURVE('',#5672,#5641,#5682,.T.);
#5684=ORIENTED_EDGE('',*,*,#5683,.T.);
#5685=ORIENTED_EDGE('',*,*,#5646,.T.);
#5686=EDGE_LOOP('',(#5670,#5678,#5684,#5685));
#5687=FACE_BOUND('',#5686,.T.);
#5688=ADVANCED_FACE('',(#5687),#5669,.T.);
#5689=CARTESIAN_POINT('',(-6.259520709,-2.492336091,133.954149449));
#5690=DIRECTION('',(-0.,1.,-0.));
#5691=DIRECTION('',(-1.,-0.,0.));
#5692=AXIS2_PLACEMENT_3D('',#5689,#5690,#5691);
#5693=PLANE('',#5692);
#5694=ORIENTED_EDGE('',*,*,#2378,.F.);
#5695=CARTESIAN_POINT('',(-5.731970415,-2.492336091,133.32543949));
#5696=VERTEX_POINT('',#5695);
#5697=CARTESIAN_POINT('',(-5.731970415,-2.492336091,133.32543949));
#5698=DIRECTION('',(0.766044443,0.,0.64278761));
#5699=VECTOR('',#5698,0.6);
#5700=LINE('',#5697,#5699);
#5701=EDGE_CURVE('',#5696,#2365,#5700,.T.);
#5702=ORIENTED_EDGE('',*,*,#5701,.F.);
#5703=CARTESIAN_POINT('',(-5.731970415,-2.492336091,133.32543949));
#5704=DIRECTION('',(-0.64278761,-0.,0.766044443));
#5705=VECTOR('',#5704,1.641445126);
#5706=LINE('',#5703,#5705);
#5707=EDGE_CURVE('',#5696,#5672,#5706,.T.);
#5708=ORIENTED_EDGE('',*,*,#5707,.T.);
#5709=ORIENTED_EDGE('',*,*,#5677,.T.);
#5710=EDGE_LOOP('',(#5694,#5702,#5708,#5709));
#5711=FACE_BOUND('',#5710,.T.);
#5712=ADVANCED_FACE('',(#5711),#5693,.T.);
#5713=CARTESIAN_POINT('',(-5.731970415,-3.531190897,133.32543949));
#5714=DIRECTION('',(0.64278761,-0.,-0.766044443));
#5715=DIRECTION('',(-0.766044443,0.,-0.64278761));
#5716=AXIS2_PLACEMENT_3D('',#5713,#5714,#5715);
#5717=PLANE('',#5716);
#5718=ORIENTED_EDGE('',*,*,#2370,.F.);
#5719=CARTESIAN_POINT('',(-5.731970415,-4.570045702,133.32543949));
#5720=VERTEX_POINT('',#5719);
#5721=CARTESIAN_POINT('',(-5.731970415,-4.570045702,133.32543949));
#5722=DIRECTION('',(0.766044443,0.,0.64278761));
#5723=VECTOR('',#5722,0.6);
#5724=LINE('',#5721,#5723);
#5725=EDGE_CURVE('',#5720,#2357,#5724,.T.);
#5726=ORIENTED_EDGE('',*,*,#5725,.F.);
#5727=CARTESIAN_POINT('',(-5.731970415,-4.570045702,133.32543949));
#5728=DIRECTION('',(0.,1.,-0.));
#5729=VECTOR('',#5728,2.077709611);
#5730=LINE('',#5727,#5729);
#5731=EDGE_CURVE('',#5720,#5696,#5730,.T.);
#5732=ORIENTED_EDGE('',*,*,#5731,.T.);
#5733=ORIENTED_EDGE('',*,*,#5701,.T.);
#5734=EDGE_LOOP('',(#5718,#5726,#5732,#5733));
#5735=FACE_BOUND('',#5734,.T.);
#5736=ADVANCED_FACE('',(#5735),#5717,.T.);
#5737=CARTESIAN_POINT('',(-6.259520709,-4.570045702,133.954149449));
#5738=DIRECTION('',(0.,-1.,0.));
#5739=DIRECTION('',(0.,-0.,-1.));
#5740=AXIS2_PLACEMENT_3D('',#5737,#5738,#5739);
#5741=PLANE('',#5740);
#5742=ORIENTED_EDGE('',*,*,#2362,.F.);
#5743=CARTESIAN_POINT('',(-6.787071004,-4.570045702,134.582859408));
#5744=VERTEX_POINT('',#5743);
#5745=CARTESIAN_POINT('',(-6.787071004,-4.570045702,134.582859408));
#5746=DIRECTION('',(0.766044443,0.,0.64278761));
#5747=VECTOR('',#5746,0.6);
#5748=LINE('',#5745,#5747);
#5749=EDGE_CURVE('',#5744,#2349,#5748,.T.);
#5750=ORIENTED_EDGE('',*,*,#5749,.F.);
#5751=CARTESIAN_POINT('',(-6.787071004,-4.570045702,134.582859408));
#5752=DIRECTION('',(0.64278761,-0.,-0.766044443));
#5753=VECTOR('',#5752,1.641445126);
#5754=LINE('',#5751,#5753);
#5755=EDGE_CURVE('',#5744,#5720,#5754,.T.);
#5756=ORIENTED_EDGE('',*,*,#5755,.T.);
#5757=ORIENTED_EDGE('',*,*,#5725,.T.);
#5758=EDGE_LOOP('',(#5742,#5750,#5756,#5757));
#5759=FACE_BOUND('',#5758,.T.);
#5760=ADVANCED_FACE('',(#5759),#5741,.T.);
#5761=CARTESIAN_POINT('',(-6.787071004,-4.834531047,134.582859408));
#5762=DIRECTION('',(0.64278761,0.,-0.766044443));
#5763=DIRECTION('',(-0.766044443,0.,-0.64278761));
#5764=AXIS2_PLACEMENT_3D('',#5761,#5762,#5763);
#5765=PLANE('',#5764);
#5766=ORIENTED_EDGE('',*,*,#2354,.F.);
#5767=CARTESIAN_POINT('',(-6.787071004,-5.099016391,134.582859408));
#5768=VERTEX_POINT('',#5767);
#5769=CARTESIAN_POINT('',(-6.787071004,-5.099016391,134.582859408));
#5770=DIRECTION('',(0.766044443,0.,0.64278761));
#5771=VECTOR('',#5770,0.6);
#5772=LINE('',#5769,#5771);
#5773=EDGE_CURVE('',#5768,#2341,#5772,.T.);
#5774=ORIENTED_EDGE('',*,*,#5773,.F.);
#5775=CARTESIAN_POINT('',(-6.787071004,-5.099016391,134.582859408));
#5776=DIRECTION('',(-0.,1.,-0.));
#5777=VECTOR('',#5776,0.528970688);
#5778=LINE('',#5775,#5777);
#5779=EDGE_CURVE('',#5768,#5744,#5778,.T.);
#5780=ORIENTED_EDGE('',*,*,#5779,.T.);
#5781=ORIENTED_EDGE('',*,*,#5749,.T.);
#5782=EDGE_LOOP('',(#5766,#5774,#5780,#5781));
#5783=FACE_BOUND('',#5782,.T.);
#5784=ADVANCED_FACE('',(#5783),#5765,.T.);
#5785=CARTESIAN_POINT('',(-5.502372114,-5.099016391,133.05181489));
#5786=DIRECTION('',(-0.,1.,-0.));
#5787=DIRECTION('',(-1.,-0.,0.));
#5788=AXIS2_PLACEMENT_3D('',#5785,#5786,#5787);
#5789=PLANE('',#5788);
#5790=ORIENTED_EDGE('',*,*,#2346,.F.);
#5791=CARTESIAN_POINT('',(-4.217673224,-5.099016391,131.520770373));
#5792=VERTEX_POINT('',#5791);
#5793=CARTESIAN_POINT('',(-4.217673224,-5.099016391,131.520770373));
#5794=DIRECTION('',(0.766044443,0.,0.64278761));
#5795=VECTOR('',#5794,0.6);
#5796=LINE('',#5793,#5795);
#5797=EDGE_CURVE('',#5792,#2333,#5796,.T.);
#5798=ORIENTED_EDGE('',*,*,#5797,.F.);
#5799=CARTESIAN_POINT('',(-4.217673224,-5.099016391,131.520770373));
#5800=DIRECTION('',(-0.64278761,0.,0.766044443));
#5801=VECTOR('',#5800,3.997273347);
#5802=LINE('',#5799,#5801);
#5803=EDGE_CURVE('',#5792,#5768,#5802,.T.);
#5804=ORIENTED_EDGE('',*,*,#5803,.T.);
#5805=ORIENTED_EDGE('',*,*,#5773,.T.);
#5806=EDGE_LOOP('',(#5790,#5798,#5804,#5805));
#5807=FACE_BOUND('',#5806,.T.);
#5808=ADVANCED_FACE('',(#5807),#5789,.T.);
#5809=CARTESIAN_POINT('',(-4.217673224,-4.834531047,131.520770373));
#5810=DIRECTION('',(-0.64278761,-0.,0.766044443));
#5811=DIRECTION('',(0.766044443,-0.,0.64278761));
#5812=AXIS2_PLACEMENT_3D('',#5809,#5810,#5811);
#5813=PLANE('',#5812);
#5814=ORIENTED_EDGE('',*,*,#2338,.F.);
#5815=CARTESIAN_POINT('',(-4.217673224,-4.570045702,131.520770373));
#5816=VERTEX_POINT('',#5815);
#5817=CARTESIAN_POINT('',(-4.217673224,-4.570045702,131.520770373));
#5818=DIRECTION('',(0.766044443,0.,0.64278761));
#5819=VECTOR('',#5818,0.6);
#5820=LINE('',#5817,#5819);
#5821=EDGE_CURVE('',#5816,#2325,#5820,.T.);
#5822=ORIENTED_EDGE('',*,*,#5821,.F.);
#5823=CARTESIAN_POINT('',(-4.217673224,-4.570045702,131.520770373));
#5824=DIRECTION('',(0.,-1.,0.));
#5825=VECTOR('',#5824,0.528970688);
#5826=LINE('',#5823,#5825);
#5827=EDGE_CURVE('',#5816,#5792,#5826,.T.);
#5828=ORIENTED_EDGE('',*,*,#5827,.T.);
#5829=ORIENTED_EDGE('',*,*,#5797,.T.);
#5830=EDGE_LOOP('',(#5814,#5822,#5828,#5829));
#5831=FACE_BOUND('',#5830,.T.);
#5832=ADVANCED_FACE('',(#5831),#5813,.T.);
#5833=CARTESIAN_POINT('',(-4.823216834,-4.570045702,132.242429146));
#5834=DIRECTION('',(0.,-1.,0.));
#5835=DIRECTION('',(1.,0.,0.));
#5836=AXIS2_PLACEMENT_3D('',#5833,#5834,#5835);
#5837=PLANE('',#5836);
#5838=ORIENTED_EDGE('',*,*,#2330,.F.);
#5839=CARTESIAN_POINT('',(-5.428760445,-4.570045702,132.964087919));
#5840=VERTEX_POINT('',#5839);
#5841=CARTESIAN_POINT('',(-5.428760445,-4.570045702,132.964087919));
#5842=DIRECTION('',(0.766044443,0.,0.64278761));
#5843=VECTOR('',#5842,0.6);
#5844=LINE('',#5841,#5843);
#5845=EDGE_CURVE('',#5840,#2317,#5844,.T.);
#5846=ORIENTED_EDGE('',*,*,#5845,.F.);
#5847=CARTESIAN_POINT('',(-5.428760445,-4.570045702,132.964087919));
#5848=DIRECTION('',(0.64278761,0.,-0.766044443));
#5849=VECTOR('',#5848,1.884117246);
#5850=LINE('',#5847,#5849);
#5851=EDGE_CURVE('',#5840,#5816,#5850,.T.);
#5852=ORIENTED_EDGE('',*,*,#5851,.T.);
#5853=ORIENTED_EDGE('',*,*,#5821,.T.);
#5854=EDGE_LOOP('',(#5838,#5846,#5852,#5853));
#5855=FACE_BOUND('',#5854,.T.);
#5856=ADVANCED_FACE('',(#5855),#5837,.T.);
#5857=CARTESIAN_POINT('',(-5.428760445,-3.531190897,132.964087919));
#5858=DIRECTION('',(-0.64278761,-0.,0.766044443));
#5859=DIRECTION('',(0.766044443,0.,0.64278761));
#5860=AXIS2_PLACEMENT_3D('',#5857,#5858,#5859);
#5861=PLANE('',#5860);
#5862=ORIENTED_EDGE('',*,*,#2322,.F.);
#5863=CARTESIAN_POINT('',(-5.428760445,-2.492336091,132.964087919));
#5864=VERTEX_POINT('',#5863);
#5865=CARTESIAN_POINT('',(-5.428760445,-2.492336091,132.964087919));
#5866=DIRECTION('',(0.766044443,0.,0.64278761));
#5867=VECTOR('',#5866,0.6);
#5868=LINE('',#5865,#5867);
#5869=EDGE_CURVE('',#5864,#2309,#5868,.T.);
#5870=ORIENTED_EDGE('',*,*,#5869,.F.);
#5871=CARTESIAN_POINT('',(-5.428760445,-2.492336091,132.964087919));
#5872=DIRECTION('',(0.,-1.,-0.));
#5873=VECTOR('',#5872,2.077709611);
#5874=LINE('',#5871,#5873);
#5875=EDGE_CURVE('',#5864,#5840,#5874,.T.);
#5876=ORIENTED_EDGE('',*,*,#5875,.T.);
#5877=ORIENTED_EDGE('',*,*,#5845,.T.);
#5878=EDGE_LOOP('',(#5862,#5870,#5876,#5877));
#5879=FACE_BOUND('',#5878,.T.);
#5880=ADVANCED_FACE('',(#5879),#5861,.T.);
#5881=CARTESIAN_POINT('',(-4.823216834,-2.492336091,132.242429146));
#5882=DIRECTION('',(-0.,1.,-0.));
#5883=DIRECTION('',(-1.,-0.,0.));
#5884=AXIS2_PLACEMENT_3D('',#5881,#5882,#5883);
#5885=PLANE('',#5884);
#5886=ORIENTED_EDGE('',*,*,#2314,.F.);
#5887=CARTESIAN_POINT('',(-4.217673224,-2.492336091,131.520770373));
#5888=VERTEX_POINT('',#5887);
#5889=CARTESIAN_POINT('',(-4.217673224,-2.492336091,131.520770373));
#5890=DIRECTION('',(0.766044443,0.,0.64278761));
#5891=VECTOR('',#5890,0.6);
#5892=LINE('',#5889,#5891);
#5893=EDGE_CURVE('',#5888,#2301,#5892,.T.);
#5894=ORIENTED_EDGE('',*,*,#5893,.F.);
#5895=CARTESIAN_POINT('',(-4.217673224,-2.492336091,131.520770373));
#5896=DIRECTION('',(-0.64278761,0.,0.766044443));
#5897=VECTOR('',#5896,1.884117246);
#5898=LINE('',#5895,#5897);
#5899=EDGE_CURVE('',#5888,#5864,#5898,.T.);
#5900=ORIENTED_EDGE('',*,*,#5899,.T.);
#5901=ORIENTED_EDGE('',*,*,#5869,.T.);
#5902=EDGE_LOOP('',(#5886,#5894,#5900,#5901));
#5903=FACE_BOUND('',#5902,.T.);
#5904=ADVANCED_FACE('',(#5903),#5885,.T.);
#5905=CARTESIAN_POINT('',(-4.217673224,-2.227850747,131.520770373));
#5906=DIRECTION('',(-0.64278761,-0.,0.766044443));
#5907=DIRECTION('',(0.766044443,0.,0.64278761));
#5908=AXIS2_PLACEMENT_3D('',#5905,#5906,#5907);
#5909=PLANE('',#5908);
#5910=ORIENTED_EDGE('',*,*,#2306,.F.);
#5911=ORIENTED_EDGE('',*,*,#5660,.F.);
#5912=CARTESIAN_POINT('',(-4.217673224,-1.963365402,131.520770373));
#5913=DIRECTION('',(0.,-1.,-0.));
#5914=VECTOR('',#5913,0.528970688);
#5915=LINE('',#5912,#5914);
#5916=EDGE_CURVE('',#5649,#5888,#5915,.T.);
#5917=ORIENTED_EDGE('',*,*,#5916,.T.);
#5918=ORIENTED_EDGE('',*,*,#5893,.T.);
#5919=EDGE_LOOP('',(#5910,#5911,#5917,#5918));
#5920=FACE_BOUND('',#5919,.T.);
#5921=ADVANCED_FACE('',(#5920),#5909,.T.);
#5922=CARTESIAN_POINT('',(62.286304926,0.,52.264415491));
#5923=DIRECTION('',(0.766044443,0.,0.64278761));
#5924=DIRECTION('',(-0.,1.,-0.));
#5925=AXIS2_PLACEMENT_3D('',#5922,#5923,#5924);
#5926=PLANE('',#5925);
#5927=ORIENTED_EDGE('',*,*,#5654,.F.);
#5928=ORIENTED_EDGE('',*,*,#5683,.F.);
#5929=ORIENTED_EDGE('',*,*,#5707,.F.);
#5930=ORIENTED_EDGE('',*,*,#5731,.F.);
#5931=ORIENTED_EDGE('',*,*,#5755,.F.);
#5932=ORIENTED_EDGE('',*,*,#5779,.F.);
#5933=ORIENTED_EDGE('',*,*,#5803,.F.);
#5934=ORIENTED_EDGE('',*,*,#5827,.F.);
#5935=ORIENTED_EDGE('',*,*,#5851,.F.);
#5936=ORIENTED_EDGE('',*,*,#5875,.F.);
#5937=ORIENTED_EDGE('',*,*,#5899,.F.);
#5938=ORIENTED_EDGE('',*,*,#5916,.F.);
#5939=EDGE_LOOP('',(#5927,#5928,#5929,#5930,#5931,#5932,#5933,#5934,#5935,#5936,#5937,#5938));
#5940=FACE_BOUND('',#5939,.T.);
#5941=ADVANCED_FACE('',(#5940),#5926,.T.);
#5942=CARTESIAN_POINT('',(-4.217673224,1.918025191,131.520770373));
#5943=DIRECTION('',(-0.64278761,-0.,0.766044443));
#5944=DIRECTION('',(0.766044443,-0.,0.64278761));
#5945=AXIS2_PLACEMENT_3D('',#5942,#5943,#5944);
#5946=PLANE('',#5945);
#5947=ORIENTED_EDGE('',*,*,#2908,.F.);
#5948=CARTESIAN_POINT('',(-4.217673224,2.219320351,131.520770373));
#5949=VERTEX_POINT('',#5948);
#5950=CARTESIAN_POINT('',(-4.217673224,2.219320351,131.520770373));
#5951=DIRECTION('',(0.766044443,0.,0.64278761));
#5952=VECTOR('',#5951,0.6);
#5953=LINE('',#5950,#5952);
#5954=EDGE_CURVE('',#5949,#2901,#5953,.T.);
#5955=ORIENTED_EDGE('',*,*,#5954,.F.);
#5956=CARTESIAN_POINT('',(-4.217673224,1.61673003,131.520770373));
#5957=VERTEX_POINT('',#5956);
#5958=CARTESIAN_POINT('',(-4.217673224,2.219320351,131.520770373));
#5959=DIRECTION('',(0.,-1.,0.));
#5960=VECTOR('',#5959,0.60259032);
#5961=LINE('',#5958,#5960);
#5962=EDGE_CURVE('',#5949,#5957,#5961,.T.);
#5963=ORIENTED_EDGE('',*,*,#5962,.T.);
#5964=CARTESIAN_POINT('',(-4.217673224,1.61673003,131.520770373));
#5965=DIRECTION('',(0.766044443,0.,0.64278761));
#5966=VECTOR('',#5965,0.6);
#5967=LINE('',#5964,#5966);
#5968=EDGE_CURVE('',#5957,#2903,#5967,.T.);
#5969=ORIENTED_EDGE('',*,*,#5968,.T.);
#5970=EDGE_LOOP('',(#5947,#5955,#5963,#5969));
#5971=FACE_BOUND('',#5970,.T.);
#5972=ADVANCED_FACE('',(#5971),#5946,.T.);
#5973=CARTESIAN_POINT('',(-5.502372114,1.401324441,133.05181489));
#5974=DIRECTION('',(0.243475303,-0.925486608,-0.290162567));
#5975=DIRECTION('',(-0.,0.29916532,-0.954201295));
#5976=AXIS2_PLACEMENT_3D('',#5973,#5974,#5975);
#5977=PLANE('',#5976);
#5978=ORIENTED_EDGE('',*,*,#2962,.F.);
#5979=CARTESIAN_POINT('',(-6.787071004,0.583328531,134.582859408));
#5980=VERTEX_POINT('',#5979);
#5981=CARTESIAN_POINT('',(-6.787071004,0.583328531,134.582859408));
#5982=DIRECTION('',(0.766044443,0.,0.64278761));
#5983=VECTOR('',#5982,0.6);
#5984=LINE('',#5981,#5983);
#5985=EDGE_CURVE('',#5980,#2951,#5984,.T.);
#5986=ORIENTED_EDGE('',*,*,#5985,.F.);
#5987=CARTESIAN_POINT('',(-6.787071004,0.583328531,134.582859408));
#5988=DIRECTION('',(0.594891324,0.378780331,-0.708963873));
#5989=VECTOR('',#5988,4.319104473);
#5990=LINE('',#5987,#5989);
#5991=EDGE_CURVE('',#5980,#5949,#5990,.T.);
#5992=ORIENTED_EDGE('',*,*,#5991,.T.);
#5993=ORIENTED_EDGE('',*,*,#5954,.T.);
#5994=EDGE_LOOP('',(#5978,#5986,#5992,#5993));
#5995=FACE_BOUND('',#5994,.T.);
#5996=ADVANCED_FACE('',(#5995),#5977,.T.);
#5997=CARTESIAN_POINT('',(-6.787071004,0.298393289,134.582859408));
#5998=DIRECTION('',(0.64278761,0.,-0.766044443));
#5999=DIRECTION('',(-0.766044443,0.,-0.64278761));
#6000=AXIS2_PLACEMENT_3D('',#5997,#5998,#5999);
#6001=PLANE('',#6000);
#6002=ORIENTED_EDGE('',*,*,#2956,.F.);
#6003=CARTESIAN_POINT('',(-6.787071004,0.013458047,134.582859408));
#6004=VERTEX_POINT('',#6003);
#6005=CARTESIAN_POINT('',(-6.787071004,0.013458047,134.582859408));
#6006=DIRECTION('',(0.766044443,0.,0.64278761));
#6007=VECTOR('',#6006,0.6);
#6008=LINE('',#6005,#6007);
#6009=EDGE_CURVE('',#6004,#2943,#6008,.T.);
#6010=ORIENTED_EDGE('',*,*,#6009,.F.);
#6011=CARTESIAN_POINT('',(-6.787071004,0.013458047,134.582859408));
#6012=DIRECTION('',(-0.,1.,-0.));
#6013=VECTOR('',#6012,0.569870484);
#6014=LINE('',#6011,#6013);
#6015=EDGE_CURVE('',#6004,#5980,#6014,.T.);
#6016=ORIENTED_EDGE('',*,*,#6015,.T.);
#6017=ORIENTED_EDGE('',*,*,#5985,.T.);
#6018=EDGE_LOOP('',(#6002,#6010,#6016,#6017));
#6019=FACE_BOUND('',#6018,.T.);
#6020=ADVANCED_FACE('',(#6019),#6001,.T.);
#6021=CARTESIAN_POINT('',(-5.502372114,-0.754094782,133.05181489));
#6022=DIRECTION('',(0.230445562,0.93352602,-0.274634326));
#6023=DIRECTION('',(0.,0.282230499,0.959346624));
#6024=AXIS2_PLACEMENT_3D('',#6021,#6022,#6023);
#6025=PLANE('',#6024);
#6026=ORIENTED_EDGE('',*,*,#2948,.F.);
#6027=CARTESIAN_POINT('',(-4.217673224,-1.521647611,131.520770373));
#6028=VERTEX_POINT('',#6027);
#6029=CARTESIAN_POINT('',(-4.217673224,-1.521647611,131.520770373));
#6030=DIRECTION('',(0.766044443,0.,0.64278761));
#6031=VECTOR('',#6030,0.6);
#6032=LINE('',#6029,#6031);
#6033=EDGE_CURVE('',#6028,#2935,#6032,.T.);
#6034=ORIENTED_EDGE('',*,*,#6033,.F.);
#6035=CARTESIAN_POINT('',(-4.217673224,-1.521647611,131.520770373));
#6036=DIRECTION('',(-0.600058959,0.358509652,0.71512242));
#6037=VECTOR('',#6036,4.281908872);
#6038=LINE('',#6035,#6037);
#6039=EDGE_CURVE('',#6028,#6004,#6038,.T.);
#6040=ORIENTED_EDGE('',*,*,#6039,.T.);
#6041=ORIENTED_EDGE('',*,*,#6009,.T.);
#6042=EDGE_LOOP('',(#6026,#6034,#6040,#6041));
#6043=FACE_BOUND('',#6042,.T.);
#6044=ADVANCED_FACE('',(#6043),#6025,.T.);
#6045=CARTESIAN_POINT('',(-4.217673224,-1.240802349,131.520770373));
#6046=DIRECTION('',(-0.64278761,0.,0.766044443));
#6047=DIRECTION('',(0.766044443,-0.,0.64278761));
#6048=AXIS2_PLACEMENT_3D('',#6045,#6046,#6047);
#6049=PLANE('',#6048);
#6050=ORIENTED_EDGE('',*,*,#2940,.F.);
#6051=CARTESIAN_POINT('',(-4.217673224,-0.959957086,131.520770373));
#6052=VERTEX_POINT('',#6051);
#6053=CARTESIAN_POINT('',(-4.217673224,-0.959957086,131.520770373));
#6054=DIRECTION('',(0.766044443,0.,0.64278761));
#6055=VECTOR('',#6054,0.6);
#6056=LINE('',#6053,#6055);
#6057=EDGE_CURVE('',#6052,#2927,#6056,.T.);
#6058=ORIENTED_EDGE('',*,*,#6057,.F.);
#6059=CARTESIAN_POINT('',(-4.217673224,-0.959957086,131.520770373));
#6060=DIRECTION('',(-0.,-1.,0.));
#6061=VECTOR('',#6060,0.561690525);
#6062=LINE('',#6059,#6061);
#6063=EDGE_CURVE('',#6052,#6028,#6062,.T.);
#6064=ORIENTED_EDGE('',*,*,#6063,.T.);
#6065=ORIENTED_EDGE('',*,*,#6033,.T.);
#6066=EDGE_LOOP('',(#6050,#6058,#6064,#6065));
#6067=FACE_BOUND('',#6066,.T.);
#6068=ADVANCED_FACE('',(#6067),#6049,.T.);
#6069=CARTESIAN_POINT('',(-4.606763474,-0.740461517,131.984470077));
#6070=DIRECTION('',(-0.219121728,-0.940102141,0.261139107));
#6071=DIRECTION('',(0.,-0.267643505,-0.963518009));
#6072=AXIS2_PLACEMENT_3D('',#6069,#6070,#6071);
#6073=PLANE('',#6072);
#6074=ORIENTED_EDGE('',*,*,#2932,.F.);
#6075=CARTESIAN_POINT('',(-4.995853724,-0.520965948,132.448169781));
#6076=VERTEX_POINT('',#6075);
#6077=CARTESIAN_POINT('',(-4.995853724,-0.520965948,132.448169781));
#6078=DIRECTION('',(0.766044443,0.,0.64278761));
#6079=VECTOR('',#6078,0.6);
#6080=LINE('',#6077,#6079);
#6081=EDGE_CURVE('',#6076,#2919,#6080,.T.);
#6082=ORIENTED_EDGE('',*,*,#6081,.F.);
#6083=CARTESIAN_POINT('',(-4.995853724,-0.520965948,132.448169781));
#6084=DIRECTION('',(0.604286008,-0.340892893,-0.720160021));
#6085=VECTOR('',#6084,1.287768525);
#6086=LINE('',#6083,#6085);
#6087=EDGE_CURVE('',#6076,#6052,#6086,.T.);
#6088=ORIENTED_EDGE('',*,*,#6087,.T.);
#6089=ORIENTED_EDGE('',*,*,#6057,.T.);
#6090=EDGE_LOOP('',(#6074,#6082,#6088,#6089));
#6091=FACE_BOUND('',#6090,.T.);
#6092=ADVANCED_FACE('',(#6091),#6073,.T.);
#6093=CARTESIAN_POINT('',(-4.995853724,0.314753207,132.448169781));
#6094=DIRECTION('',(-0.64278761,-0.,0.766044443));
#6095=DIRECTION('',(0.766044443,-0.,0.64278761));
#6096=AXIS2_PLACEMENT_3D('',#6093,#6094,#6095);
#6097=PLANE('',#6096);
#6098=ORIENTED_EDGE('',*,*,#2924,.F.);
#6099=CARTESIAN_POINT('',(-4.995853724,1.150472362,132.448169781));
#6100=VERTEX_POINT('',#6099);
#6101=CARTESIAN_POINT('',(-4.995853724,1.150472362,132.448169781));
#6102=DIRECTION('',(0.766044443,0.,0.64278761));
#6103=VECTOR('',#6102,0.6);
#6104=LINE('',#6101,#6103);
#6105=EDGE_CURVE('',#6100,#2911,#6104,.T.);
#6106=ORIENTED_EDGE('',*,*,#6105,.F.);
#6107=CARTESIAN_POINT('',(-4.995853724,1.150472362,132.448169781));
#6108=DIRECTION('',(0.,-1.,0.));
#6109=VECTOR('',#6108,1.671438309);
#6110=LINE('',#6107,#6109);
#6111=EDGE_CURVE('',#6100,#6076,#6110,.T.);
#6112=ORIENTED_EDGE('',*,*,#6111,.T.);
#6113=ORIENTED_EDGE('',*,*,#6081,.T.);
#6114=EDGE_LOOP('',(#6098,#6106,#6112,#6113));
#6115=FACE_BOUND('',#6114,.T.);
#6116=ADVANCED_FACE('',(#6115),#6097,.T.);
#6117=CARTESIAN_POINT('',(-5.98435328,0.569695266,133.626217677));
#6118=CARTESIAN_POINT('',(-5.524726614,0.569695266,134.011890243));
#6119=CARTESIAN_POINT('',(-6.308595155,0.378829553,134.012634096));
#6120=CARTESIAN_POINT('',(-5.848968489,0.378829553,134.398306662));
#6121=CARTESIAN_POINT('',(-6.51716155,0.28612335,134.261193847));
#6122=CARTESIAN_POINT('',(-6.057534884,0.28612335,134.646866413));
#6123=B_SPLINE_SURFACE_WITH_KNOTS('',2,1,((#6117,#6118),(#6119,#6120),(#6121,#6122)),.UNSPECIFIED.,.F.,.F.,.U.,(3,3),(2,2),(0.,0.462635024),(0.,1.),.UNSPECIFIED.);
#6124=CARTESIAN_POINT('',(-5.524726614,0.569695266,134.011890243));
#6125=VERTEX_POINT('',#6124);
#6126=CARTESIAN_POINT('',(-6.057534885,0.28612335,134.646866414));
#6127=VERTEX_POINT('',#6126);
#6128=CARTESIAN_POINT('',(-5.524726614,0.569695266,134.011890243));
#6129=CARTESIAN_POINT('',(-5.848968489,0.378829553,134.398306662));
#6130=CARTESIAN_POINT('',(-6.057534885,0.28612335,134.646866414));
#6131=B_SPLINE_CURVE_WITH_KNOTS('',2,(#6128,#6129,#6130),.UNSPECIFIED.,.F.,.F.,(3,3),(0.,0.462635024),.UNSPECIFIED.);
#6132=EDGE_CURVE('',#6125,#6127,#6131,.T.);
#6133=ORIENTED_EDGE('',*,*,#6132,.F.);
#6134=CARTESIAN_POINT('',(-5.98435328,0.569695266,133.626217677));
#6135=VERTEX_POINT('',#6134);
#6136=CARTESIAN_POINT('',(-5.98435328,0.569695266,133.626217677));
#6137=DIRECTION('',(0.766044443,0.,0.64278761));
#6138=VECTOR('',#6137,0.6);
#6139=LINE('',#6136,#6138);
#6140=EDGE_CURVE('',#6135,#6125,#6139,.T.);
#6141=ORIENTED_EDGE('',*,*,#6140,.F.);
#6142=CARTESIAN_POINT('',(-6.517161551,0.28612335,134.261193848));
#6143=VERTEX_POINT('',#6142);
#6144=CARTESIAN_POINT('',(-5.98435328,0.569695266,133.626217677));
#6145=CARTESIAN_POINT('',(-6.308595155,0.378829553,134.012634097));
#6146=CARTESIAN_POINT('',(-6.517161551,0.28612335,134.261193848));
#6147=B_SPLINE_CURVE_WITH_KNOTS('',2,(#6144,#6145,#6146),.UNSPECIFIED.,.F.,.F.,(3,3),(0.,0.462635024),.UNSPECIFIED.);
#6148=EDGE_CURVE('',#6135,#6143,#6147,.T.);
#6149=ORIENTED_EDGE('',*,*,#6148,.T.);
#6150=CARTESIAN_POINT('',(-6.517161551,0.28612335,134.261193848));
#6151=DIRECTION('',(0.766044443,0.,0.64278761));
#6152=VECTOR('',#6151,0.6);
#6153=LINE('',#6150,#6152);
#6154=EDGE_CURVE('',#6143,#6127,#6153,.T.);
#6155=ORIENTED_EDGE('',*,*,#6154,.T.);
#6156=EDGE_LOOP('',(#6133,#6141,#6149,#6155));
#6157=FACE_BOUND('',#6156,.T.);
#6158=ADVANCED_FACE('',(#6157),#6123,.T.);
#6159=CARTESIAN_POINT('',(-5.628563546,0.778284223,133.202203984));
#6160=DIRECTION('',(-0.226671648,0.935759638,0.270136751));
#6161=DIRECTION('',(-0.,-0.277355985,0.960767223));
#6162=AXIS2_PLACEMENT_3D('',#6159,#6160,#6161);
#6163=PLANE('',#6162);
#6164=CARTESIAN_POINT('',(-4.813147147,0.98687318,133.163862856));
#6165=VERTEX_POINT('',#6164);
#6166=CARTESIAN_POINT('',(-4.813147147,0.98687318,133.163862856));
#6167=DIRECTION('',(-0.601494701,-0.352638484,0.716833471));
#6168=VECTOR('',#6167,1.18301868);
#6169=LINE('',#6166,#6168);
#6170=EDGE_CURVE('',#6165,#6125,#6169,.T.);
#6171=ORIENTED_EDGE('',*,*,#6170,.F.);
#6172=CARTESIAN_POINT('',(-5.272773813,0.98687318,132.77819029));
#6173=VERTEX_POINT('',#6172);
#6174=CARTESIAN_POINT('',(-5.272773813,0.98687318,132.77819029));
#6175=DIRECTION('',(0.766044443,0.,0.64278761));
#6176=VECTOR('',#6175,0.6);
#6177=LINE('',#6174,#6176);
#6178=EDGE_CURVE('',#6173,#6165,#6177,.T.);
#6179=ORIENTED_EDGE('',*,*,#6178,.F.);
#6180=CARTESIAN_POINT('',(-5.272773813,0.98687318,132.77819029));
#6181=DIRECTION('',(-0.601494701,-0.352638484,0.716833471));
#6182=VECTOR('',#6181,1.18301868);
#6183=LINE('',#6180,#6182);
#6184=EDGE_CURVE('',#6173,#6135,#6183,.T.);
#6185=ORIENTED_EDGE('',*,*,#6184,.T.);
#6186=ORIENTED_EDGE('',*,*,#6140,.T.);
#6187=EDGE_LOOP('',(#6171,#6179,#6185,#6186));
#6188=FACE_BOUND('',#6187,.T.);
#6189=ADVANCED_FACE('',(#6188),#6163,.T.);
#6190=CARTESIAN_POINT('',(-5.272773813,0.309299901,132.77819029));
#6191=DIRECTION('',(0.64278761,0.,-0.766044443));
#6192=DIRECTION('',(-0.766044443,0.,-0.64278761));
#6193=AXIS2_PLACEMENT_3D('',#6190,#6191,#6192);
#6194=PLANE('',#6193);
#6195=CARTESIAN_POINT('',(-4.813147147,-0.368273378,133.163862856));
#6196=VERTEX_POINT('',#6195);
#6197=CARTESIAN_POINT('',(-4.813147147,-0.368273378,133.163862856));
#6198=DIRECTION('',(-0.,1.,-0.));
#6199=VECTOR('',#6198,1.355146558);
#6200=LINE('',#6197,#6199);
#6201=EDGE_CURVE('',#6196,#6165,#6200,.T.);
#6202=ORIENTED_EDGE('',*,*,#6201,.F.);
#6203=CARTESIAN_POINT('',(-5.272773813,-0.368273378,132.77819029));
#6204=VERTEX_POINT('',#6203);
#6205=CARTESIAN_POINT('',(-5.272773813,-0.368273378,132.77819029));
#6206=DIRECTION('',(0.766044443,0.,0.64278761));
#6207=VECTOR('',#6206,0.6);
#6208=LINE('',#6205,#6207);
#6209=EDGE_CURVE('',#6204,#6196,#6208,.T.);
#6210=ORIENTED_EDGE('',*,*,#6209,.F.);
#6211=CARTESIAN_POINT('',(-5.272773813,-0.368273378,132.77819029));
#6212=DIRECTION('',(-0.,1.,-0.));
#6213=VECTOR('',#6212,1.355146558);
#6214=LINE('',#6211,#6213);
#6215=EDGE_CURVE('',#6204,#6173,#6214,.T.);
#6216=ORIENTED_EDGE('',*,*,#6215,.T.);
#6217=ORIENTED_EDGE('',*,*,#6178,.T.);
#6218=EDGE_LOOP('',(#6202,#6210,#6216,#6217));
#6219=FACE_BOUND('',#6218,.T.);
#6220=ADVANCED_FACE('',(#6219),#6194,.T.);
#6221=CARTESIAN_POINT('',(-5.649595452,-0.148777809,133.227268832));
#6222=DIRECTION('',(-0.225390931,-0.936508063,0.268610452));
#6223=DIRECTION('',(0.,-0.275704775,-0.961242361));
#6224=AXIS2_PLACEMENT_3D('',#6221,#6222,#6223);
#6225=PLANE('',#6224);
#6226=CARTESIAN_POINT('',(-5.566790425,0.07071776,134.06201994));
#6227=VERTEX_POINT('',#6226);
#6228=CARTESIAN_POINT('',(-5.566790425,0.07071776,134.06201994));
#6229=DIRECTION('',(0.60197578,-0.350646042,-0.717406798));
#6230=VECTOR('',#6229,1.251949503);
#6231=LINE('',#6228,#6230);
#6232=EDGE_CURVE('',#6227,#6196,#6231,.T.);
#6233=ORIENTED_EDGE('',*,*,#6232,.F.);
#6234=CARTESIAN_POINT('',(-6.026417091,0.07071776,133.676347374));
#6235=VERTEX_POINT('',#6234);
#6236=CARTESIAN_POINT('',(-6.026417091,0.07071776,133.676347374));
#6237=DIRECTION('',(0.766044443,0.,0.64278761));
#6238=VECTOR('',#6237,0.6);
#6239=LINE('',#6236,#6238);
#6240=EDGE_CURVE('',#6235,#6227,#6239,.T.);
#6241=ORIENTED_EDGE('',*,*,#6240,.F.);
#6242=CARTESIAN_POINT('',(-6.026417091,0.07071776,133.676347374));
#6243=DIRECTION('',(0.60197578,-0.350646042,-0.717406798));
#6244=VECTOR('',#6243,1.251949503);
#6245=LINE('',#6242,#6244);
#6246=EDGE_CURVE('',#6235,#6204,#6245,.T.);
#6247=ORIENTED_EDGE('',*,*,#6246,.T.);
#6248=ORIENTED_EDGE('',*,*,#6209,.T.);
#6249=EDGE_LOOP('',(#6233,#6241,#6247,#6248));
#6250=FACE_BOUND('',#6249,.T.);
#6251=ADVANCED_FACE('',(#6250),#6225,.T.);
#6252=CARTESIAN_POINT('',(-6.517161551,0.28612335,134.261193848));
#6253=CARTESIAN_POINT('',(-6.057534885,0.28612335,134.646866414));
#6254=CARTESIAN_POINT('',(-6.270036662,0.209777065,133.966681874));
#6255=CARTESIAN_POINT('',(-5.810409996,0.209777065,134.352354439));
#6256=CARTESIAN_POINT('',(-6.026417091,0.07071776,133.676347374));
#6257=CARTESIAN_POINT('',(-5.566790425,0.07071776,134.06201994));
#6258=B_SPLINE_SURFACE_WITH_KNOTS('',2,1,((#6252,#6253),(#6254,#6255),(#6256,#6257)),.UNSPECIFIED.,.F.,.F.,.U.,(3,3),(2,2),(0.462635024,1.),(0.,1.),.UNSPECIFIED.);
#6259=CARTESIAN_POINT('',(-6.057534885,0.28612335,134.646866414));
#6260=CARTESIAN_POINT('',(-5.810409996,0.209777065,134.352354439));
#6261=CARTESIAN_POINT('',(-5.566790425,0.07071776,134.06201994));
#6262=B_SPLINE_CURVE_WITH_KNOTS('',2,(#6259,#6260,#6261),.UNSPECIFIED.,.F.,.F.,(3,3),(0.462635024,1.),.UNSPECIFIED.);
#6263=EDGE_CURVE('',#6127,#6227,#6262,.T.);
#6264=ORIENTED_EDGE('',*,*,#6263,.F.);
#6265=ORIENTED_EDGE('',*,*,#6154,.F.);
#6266=CARTESIAN_POINT('',(-6.517161551,0.28612335,134.261193848));
#6267=CARTESIAN_POINT('',(-6.270036662,0.209777065,133.966681874));
#6268=CARTESIAN_POINT('',(-6.026417091,0.07071776,133.676347374));
#6269=B_SPLINE_CURVE_WITH_KNOTS('',2,(#6266,#6267,#6268),.UNSPECIFIED.,.F.,.F.,(3,3),(0.462635024,1.),.UNSPECIFIED.);
#6270=EDGE_CURVE('',#6143,#6235,#6269,.T.);
#6271=ORIENTED_EDGE('',*,*,#6270,.T.);
#6272=ORIENTED_EDGE('',*,*,#6240,.T.);
#6273=EDGE_LOOP('',(#6264,#6265,#6271,#6272));
#6274=FACE_BOUND('',#6273,.T.);
#6275=ADVANCED_FACE('',(#6274),#6258,.T.);
#6276=CARTESIAN_POINT('',(-4.606763474,1.383601196,131.984470077));
#6277=DIRECTION('',(-0.231018871,0.933183003,0.275317569));
#6278=DIRECTION('',(0.,-0.282972173,0.959128119));
#6279=AXIS2_PLACEMENT_3D('',#6276,#6277,#6278);
#6280=PLANE('',#6279);
#6281=ORIENTED_EDGE('',*,*,#2916,.F.);
#6282=ORIENTED_EDGE('',*,*,#5968,.F.);
#6283=CARTESIAN_POINT('',(-4.217673224,1.61673003,131.520770373));
#6284=DIRECTION('',(-0.599838472,-0.359401562,0.714859654));
#6285=VECTOR('',#6284,1.297316757);
#6286=LINE('',#6283,#6285);
#6287=EDGE_CURVE('',#5957,#6100,#6286,.T.);
#6288=ORIENTED_EDGE('',*,*,#6287,.T.);
#6289=ORIENTED_EDGE('',*,*,#6105,.T.);
#6290=EDGE_LOOP('',(#6281,#6282,#6288,#6289));
#6291=FACE_BOUND('',#6290,.T.);
#6292=ADVANCED_FACE('',(#6291),#6280,.T.);
#6293=CARTESIAN_POINT('',(62.286304926,0.,52.264415491));
#6294=DIRECTION('',(0.766044443,0.,0.64278761));
#6295=DIRECTION('',(-0.,1.,-0.));
#6296=AXIS2_PLACEMENT_3D('',#6293,#6294,#6295);
#6297=PLANE('',#6296);
#6298=ORIENTED_EDGE('',*,*,#6148,.F.);
#6299=ORIENTED_EDGE('',*,*,#6184,.F.);
#6300=ORIENTED_EDGE('',*,*,#6215,.F.);
#6301=ORIENTED_EDGE('',*,*,#6246,.F.);
#6302=ORIENTED_EDGE('',*,*,#6270,.F.);
#6303=EDGE_LOOP('',(#6298,#6299,#6300,#6301,#6302));
#6304=FACE_BOUND('',#6303,.T.);
#6305=ORIENTED_EDGE('',*,*,#5962,.F.);
#6306=ORIENTED_EDGE('',*,*,#5991,.F.);
#6307=ORIENTED_EDGE('',*,*,#6015,.F.);
#6308=ORIENTED_EDGE('',*,*,#6039,.F.);
#6309=ORIENTED_EDGE('',*,*,#6063,.F.);
#6310=ORIENTED_EDGE('',*,*,#6087,.F.);
#6311=ORIENTED_EDGE('',*,*,#6111,.F.);
#6312=ORIENTED_EDGE('',*,*,#6287,.F.);
#6313=EDGE_LOOP('',(#6305,#6306,#6307,#6308,#6309,#6310,#6311,#6312));
#6314=FACE_BOUND('',#6313,.T.);
#6315=ADVANCED_FACE('',(#6304,#6314),#6297,.T.);
#6316=CARTESIAN_POINT('',(5.481044649,0.012020066,120.895722801));
#6317=DIRECTION('',(-0.766044443,-0.,-0.64278761));
#6318=DIRECTION('',(0.,-1.,0.));
#6319=AXIS2_PLACEMENT_3D('',#6316,#6317,#6318);
#6320=PLANE('',#6319);
#6321=ORIENTED_EDGE('',*,*,#6132,.T.);
#6322=ORIENTED_EDGE('',*,*,#6263,.T.);
#6323=ORIENTED_EDGE('',*,*,#6232,.T.);
#6324=ORIENTED_EDGE('',*,*,#6201,.T.);
#6325=ORIENTED_EDGE('',*,*,#6170,.T.);
#6326=EDGE_LOOP('',(#6321,#6322,#6323,#6324,#6325));
#6327=FACE_BOUND('',#6326,.T.);
#6328=ADVANCED_FACE('',(#6327),#6320,.F.);
#6329=CARTESIAN_POINT('',(2.392245947,-7.95,122.754947938));
#6330=DIRECTION('',(-0.766044443,0.,-0.64278761));
#6331=DIRECTION('',(-0.64278761,-0.,0.766044443));
#6332=AXIS2_PLACEMENT_3D('',#6329,#6330,#6331);
#6333=CYLINDRICAL_SURFACE('',#6332,1.35);
#6334=CARTESIAN_POINT('',(-0.773650655,-7.95,121.860745108));
#6335=VERTEX_POINT('',#6334);
#6336=CARTESIAN_POINT('',(1.502321161,-7.95,123.770512219));
#6337=VERTEX_POINT('',#6336);
#6338=CARTESIAN_POINT('',(-0.773650655,-7.95,121.860745108));
#6339=DIRECTION('',(0.766044443,-0.,0.64278761));
#6340=VECTOR('',#6339,2.971070199);
#6341=LINE('',#6338,#6340);
#6342=EDGE_CURVE('',#6335,#6337,#6341,.T.);
#6343=ORIENTED_EDGE('',*,*,#6342,.F.);
#6344=CARTESIAN_POINT('',(0.094112618,-7.95,120.826585109));
#6345=DIRECTION('',(-0.766044443,0.,-0.64278761));
#6346=DIRECTION('',(-0.64278761,-0.,0.766044443));
#6347=AXIS2_PLACEMENT_3D('',#6344,#6345,#6346);
#6348=CIRCLE('',#6347,1.35);
#6349=EDGE_CURVE('',#6335,#6335,#6348,.T.);
#6350=ORIENTED_EDGE('',*,*,#6349,.T.);
#6351=ORIENTED_EDGE('',*,*,#6342,.T.);
#6352=CARTESIAN_POINT('',(2.370084434,-7.95,122.736352221));
#6353=DIRECTION('',(-0.766044443,-0.,-0.64278761));
#6354=DIRECTION('',(-0.64278761,-0.,0.766044443));
#6355=AXIS2_PLACEMENT_3D('',#6352,#6353,#6354);
#6356=CIRCLE('',#6355,1.35);
#6357=EDGE_CURVE('',#6337,#6337,#6356,.T.);
#6358=ORIENTED_EDGE('',*,*,#6357,.F.);
#6359=EDGE_LOOP('',(#6343,#6350,#6351,#6358));
#6360=FACE_BOUND('',#6359,.T.);
#6361=ADVANCED_FACE('',(#6360),#6333,.F.);
#6362=OVER_RIDING_STYLED_ITEM('',(#1715),#6361,#2284);
#6363=CARTESIAN_POINT('',(2.392245947,-7.95,122.754947938));
#6364=DIRECTION('',(-0.766044443,0.,-0.64278761));
#6365=DIRECTION('',(-0.64278761,-0.,0.766044443));
#6366=AXIS2_PLACEMENT_3D('',#6363,#6364,#6365);
#6367=CYLINDRICAL_SURFACE('',#6366,2.);
#6368=CARTESIAN_POINT('',(-1.191462601,-7.95,122.358673996));
#6369=VERTEX_POINT('',#6368);
#6370=CARTESIAN_POINT('',(-1.191462601,-7.95,122.358673996));
#6371=DIRECTION('',(0.766044443,-0.,0.64278761));
#6372=VECTOR('',#6371,1.971070199);
#6373=LINE('',#6370,#6372);
#6374=EDGE_CURVE('',#6369,#4430,#6373,.T.);
#6375=ORIENTED_EDGE('',*,*,#6374,.T.);
#6376=ORIENTED_EDGE('',*,*,#4436,.T.);
#6377=ORIENTED_EDGE('',*,*,#6374,.F.);
#6378=CARTESIAN_POINT('',(0.094112618,-7.95,120.826585109));
#6379=DIRECTION('',(-0.766044443,0.,-0.64278761));
#6380=DIRECTION('',(-0.64278761,-0.,0.766044443));
#6381=AXIS2_PLACEMENT_3D('',#6378,#6379,#6380);
#6382=CIRCLE('',#6381,2.);
#6383=EDGE_CURVE('',#6369,#6369,#6382,.T.);
#6384=ORIENTED_EDGE('',*,*,#6383,.F.);
#6385=EDGE_LOOP('',(#6375,#6376,#6377,#6384));
#6386=FACE_BOUND('',#6385,.T.);
#6387=ADVANCED_FACE('',(#6386),#6367,.T.);
#6388=OVER_RIDING_STYLED_ITEM('',(#1715),#6387,#2284);
#6389=CARTESIAN_POINT('',(59.550706444,-0.,49.968975814));
#6390=DIRECTION('',(-0.766044443,0.,-0.64278761));
#6391=DIRECTION('',(-0.,-1.,0.));
#6392=AXIS2_PLACEMENT_3D('',#6389,#6390,#6391);
#6393=PLANE('',#6392);
#6394=ORIENTED_EDGE('',*,*,#6349,.F.);
#6395=EDGE_LOOP('',(#6394));
#6396=FACE_BOUND('',#6395,.T.);
#6397=ORIENTED_EDGE('',*,*,#6383,.T.);
#6398=EDGE_LOOP('',(#6397));
#6399=FACE_BOUND('',#6398,.T.);
#6400=ADVANCED_FACE('',(#6396,#6399),#6393,.T.);
#6401=OVER_RIDING_STYLED_ITEM('',(#524),#6400,#2284);
#6402=CARTESIAN_POINT('',(4.561791317,0.012020066,120.12437767));
#6403=DIRECTION('',(-0.766044443,-0.,-0.64278761));
#6404=DIRECTION('',(0.,-1.,0.));
#6405=AXIS2_PLACEMENT_3D('',#6402,#6403,#6404);
#6406=PLANE('',#6405);
#6407=ORIENTED_EDGE('',*,*,#6357,.T.);
#6408=EDGE_LOOP('',(#6407));
#6409=FACE_BOUND('',#6408,.T.);
#6410=ADVANCED_FACE('',(#6409),#6406,.T.);
#6411=OVER_RIDING_STYLED_ITEM('',(#524),#6410,#2284);
#6412=CARTESIAN_POINT('',(-4.678417759,8.05,131.181436813));
#6413=DIRECTION('',(-0.766044443,0.,-0.64278761));
#6414=DIRECTION('',(-0.64278761,-0.,0.766044443));
#6415=AXIS2_PLACEMENT_3D('',#6412,#6413,#6414);
#6416=CYLINDRICAL_SURFACE('',#6415,1.35);
#6417=CARTESIAN_POINT('',(-7.844314362,8.05,130.287233982));
#6418=VERTEX_POINT('',#6417);
#6419=CARTESIAN_POINT('',(-5.568342545,8.05,132.197001093));
#6420=VERTEX_POINT('',#6419);
#6421=CARTESIAN_POINT('',(-7.844314362,8.05,130.287233982));
#6422=DIRECTION('',(0.766044443,-0.,0.64278761));
#6423=VECTOR('',#6422,2.971070199);
#6424=LINE('',#6421,#6423);
#6425=EDGE_CURVE('',#6418,#6420,#6424,.T.);
#6426=ORIENTED_EDGE('',*,*,#6425,.F.);
#6427=CARTESIAN_POINT('',(-6.976551088,8.05,129.253073984));
#6428=DIRECTION('',(-0.766044443,0.,-0.64278761));
#6429=DIRECTION('',(-0.64278761,-0.,0.766044443));
#6430=AXIS2_PLACEMENT_3D('',#6427,#6428,#6429);
#6431=CIRCLE('',#6430,1.35);
#6432=EDGE_CURVE('',#6418,#6418,#6431,.T.);
#6433=ORIENTED_EDGE('',*,*,#6432,.T.);
#6434=ORIENTED_EDGE('',*,*,#6425,.T.);
#6435=CARTESIAN_POINT('',(-4.700579272,8.05,131.162841095));
#6436=DIRECTION('',(-0.766044443,-0.,-0.64278761));
#6437=DIRECTION('',(-0.64278761,-0.,0.766044443));
#6438=AXIS2_PLACEMENT_3D('',#6435,#6436,#6437);
#6439=CIRCLE('',#6438,1.35);
#6440=EDGE_CURVE('',#6420,#6420,#6439,.T.);
#6441=ORIENTED_EDGE('',*,*,#6440,.F.);
#6442=EDGE_LOOP('',(#6426,#6433,#6434,#6441));
#6443=FACE_BOUND('',#6442,.T.);
#6444=ADVANCED_FACE('',(#6443),#6416,.F.);
#6445=OVER_RIDING_STYLED_ITEM('',(#1715),#6444,#2284);
#6446=CARTESIAN_POINT('',(-4.678417759,8.05,131.181436813));
#6447=DIRECTION('',(-0.766044443,0.,-0.64278761));
#6448=DIRECTION('',(-0.64278761,-0.,0.766044443));
#6449=AXIS2_PLACEMENT_3D('',#6446,#6447,#6448);
#6450=CYLINDRICAL_SURFACE('',#6449,2.);
#6451=CARTESIAN_POINT('',(-8.262126308,8.05,130.78516287));
#6452=VERTEX_POINT('',#6451);
#6453=CARTESIAN_POINT('',(-8.262126308,8.05,130.78516287));
#6454=DIRECTION('',(0.766044443,-0.,0.64278761));
#6455=VECTOR('',#6454,1.971070199);
#6456=LINE('',#6453,#6455);
#6457=EDGE_CURVE('',#6452,#4419,#6456,.T.);
#6458=ORIENTED_EDGE('',*,*,#6457,.T.);
#6459=ORIENTED_EDGE('',*,*,#4425,.T.);
#6460=ORIENTED_EDGE('',*,*,#6457,.F.);
#6461=CARTESIAN_POINT('',(-6.976551088,8.05,129.253073984));
#6462=DIRECTION('',(-0.766044443,0.,-0.64278761));
#6463=DIRECTION('',(-0.64278761,-0.,0.766044443));
#6464=AXIS2_PLACEMENT_3D('',#6461,#6462,#6463);
#6465=CIRCLE('',#6464,2.);
#6466=EDGE_CURVE('',#6452,#6452,#6465,.T.);
#6467=ORIENTED_EDGE('',*,*,#6466,.F.);
#6468=EDGE_LOOP('',(#6458,#6459,#6460,#6467));
#6469=FACE_BOUND('',#6468,.T.);
#6470=ADVANCED_FACE('',(#6469),#6450,.T.);
#6471=OVER_RIDING_STYLED_ITEM('',(#1715),#6470,#2284);
#6472=CARTESIAN_POINT('',(59.550706444,-0.,49.968975814));
#6473=DIRECTION('',(-0.766044443,0.,-0.64278761));
#6474=DIRECTION('',(-0.,-1.,0.));
#6475=AXIS2_PLACEMENT_3D('',#6472,#6473,#6474);
#6476=PLANE('',#6475);
#6477=ORIENTED_EDGE('',*,*,#6432,.F.);
#6478=EDGE_LOOP('',(#6477));
#6479=FACE_BOUND('',#6478,.T.);
#6480=ORIENTED_EDGE('',*,*,#6466,.T.);
#6481=EDGE_LOOP('',(#6480));
#6482=FACE_BOUND('',#6481,.T.);
#6483=ADVANCED_FACE('',(#6479,#6482),#6476,.T.);
#6484=OVER_RIDING_STYLED_ITEM('',(#524),#6483,#2284);
#6485=CARTESIAN_POINT('',(4.561791317,0.012020066,120.12437767));
#6486=DIRECTION('',(-0.766044443,-0.,-0.64278761));
#6487=DIRECTION('',(0.,-1.,0.));
#6488=AXIS2_PLACEMENT_3D('',#6485,#6486,#6487);
#6489=PLANE('',#6488);
#6490=ORIENTED_EDGE('',*,*,#6440,.T.);
#6491=EDGE_LOOP('',(#6490));
#6492=FACE_BOUND('',#6491,.T.);
#6493=ADVANCED_FACE('',(#6492),#6489,.T.);
#6494=OVER_RIDING_STYLED_ITEM('',(#524),#6493,#2284);
#6495=CARTESIAN_POINT('',(2.392245947,8.05,122.754947938));
#6496=DIRECTION('',(-0.766044443,0.,-0.64278761));
#6497=DIRECTION('',(-0.64278761,-0.,0.766044443));
#6498=AXIS2_PLACEMENT_3D('',#6495,#6496,#6497);
#6499=CYLINDRICAL_SURFACE('',#6498,1.35);
#6500=CARTESIAN_POINT('',(-0.773650655,8.05,121.860745108));
#6501=VERTEX_POINT('',#6500);
#6502=CARTESIAN_POINT('',(1.502321161,8.05,123.770512219));
#6503=VERTEX_POINT('',#6502);
#6504=CARTESIAN_POINT('',(-0.773650655,8.05,121.860745108));
#6505=DIRECTION('',(0.766044443,-0.,0.64278761));
#6506=VECTOR('',#6505,2.971070199);
#6507=LINE('',#6504,#6506);
#6508=EDGE_CURVE('',#6501,#6503,#6507,.T.);
#6509=ORIENTED_EDGE('',*,*,#6508,.F.);
#6510=CARTESIAN_POINT('',(0.094112618,8.05,120.826585109));
#6511=DIRECTION('',(-0.766044443,0.,-0.64278761));
#6512=DIRECTION('',(-0.64278761,-0.,0.766044443));
#6513=AXIS2_PLACEMENT_3D('',#6510,#6511,#6512);
#6514=CIRCLE('',#6513,1.35);
#6515=EDGE_CURVE('',#6501,#6501,#6514,.T.);
#6516=ORIENTED_EDGE('',*,*,#6515,.T.);
#6517=ORIENTED_EDGE('',*,*,#6508,.T.);
#6518=CARTESIAN_POINT('',(2.370084434,8.05,122.736352221));
#6519=DIRECTION('',(-0.766044443,-0.,-0.64278761));
#6520=DIRECTION('',(-0.64278761,-0.,0.766044443));
#6521=AXIS2_PLACEMENT_3D('',#6518,#6519,#6520);
#6522=CIRCLE('',#6521,1.35);
#6523=EDGE_CURVE('',#6503,#6503,#6522,.T.);
#6524=ORIENTED_EDGE('',*,*,#6523,.F.);
#6525=EDGE_LOOP('',(#6509,#6516,#6517,#6524));
#6526=FACE_BOUND('',#6525,.T.);
#6527=ADVANCED_FACE('',(#6526),#6499,.F.);
#6528=OVER_RIDING_STYLED_ITEM('',(#1715),#6527,#2284);
#6529=CARTESIAN_POINT('',(2.392245947,8.05,122.754947938));
#6530=DIRECTION('',(-0.766044443,0.,-0.64278761));
#6531=DIRECTION('',(-0.64278761,-0.,0.766044443));
#6532=AXIS2_PLACEMENT_3D('',#6529,#6530,#6531);
#6533=CYLINDRICAL_SURFACE('',#6532,2.);
#6534=CARTESIAN_POINT('',(-1.191462601,8.05,122.358673996));
#6535=VERTEX_POINT('',#6534);
#6536=CARTESIAN_POINT('',(-1.191462601,8.05,122.358673996));
#6537=DIRECTION('',(0.766044443,-0.,0.64278761));
#6538=VECTOR('',#6537,1.971070199);
#6539=LINE('',#6536,#6538);
#6540=EDGE_CURVE('',#6535,#4408,#6539,.T.);
#6541=ORIENTED_EDGE('',*,*,#6540,.T.);
#6542=ORIENTED_EDGE('',*,*,#4414,.T.);
#6543=ORIENTED_EDGE('',*,*,#6540,.F.);
#6544=CARTESIAN_POINT('',(0.094112618,8.05,120.826585109));
#6545=DIRECTION('',(-0.766044443,0.,-0.64278761));
#6546=DIRECTION('',(-0.64278761,-0.,0.766044443));
#6547=AXIS2_PLACEMENT_3D('',#6544,#6545,#6546);
#6548=CIRCLE('',#6547,2.);
#6549=EDGE_CURVE('',#6535,#6535,#6548,.T.);
#6550=ORIENTED_EDGE('',*,*,#6549,.F.);
#6551=EDGE_LOOP('',(#6541,#6542,#6543,#6550));
#6552=FACE_BOUND('',#6551,.T.);
#6553=ADVANCED_FACE('',(#6552),#6533,.T.);
#6554=OVER_RIDING_STYLED_ITEM('',(#1715),#6553,#2284);
#6555=CARTESIAN_POINT('',(59.550706444,-0.,49.968975814));
#6556=DIRECTION('',(-0.766044443,0.,-0.64278761));
#6557=DIRECTION('',(-0.,-1.,0.));
#6558=AXIS2_PLACEMENT_3D('',#6555,#6556,#6557);
#6559=PLANE('',#6558);
#6560=ORIENTED_EDGE('',*,*,#6515,.F.);
#6561=EDGE_LOOP('',(#6560));
#6562=FACE_BOUND('',#6561,.T.);
#6563=ORIENTED_EDGE('',*,*,#6549,.T.);
#6564=EDGE_LOOP('',(#6563));
#6565=FACE_BOUND('',#6564,.T.);
#6566=ADVANCED_FACE('',(#6562,#6565),#6559,.T.);
#6567=OVER_RIDING_STYLED_ITEM('',(#524),#6566,#2284);
#6568=CARTESIAN_POINT('',(4.561791317,0.012020066,120.12437767));
#6569=DIRECTION('',(-0.766044443,-0.,-0.64278761));
#6570=DIRECTION('',(0.,-1.,0.));
#6571=AXIS2_PLACEMENT_3D('',#6568,#6569,#6570);
#6572=PLANE('',#6571);
#6573=ORIENTED_EDGE('',*,*,#6523,.T.);
#6574=EDGE_LOOP('',(#6573));
#6575=FACE_BOUND('',#6574,.T.);
#6576=ADVANCED_FACE('',(#6575),#6572,.T.);
#6577=OVER_RIDING_STYLED_ITEM('',(#524),#6576,#2284);
#6578=CARTESIAN_POINT('',(-4.678417759,-7.95,131.181436813));
#6579=DIRECTION('',(-0.766044443,0.,-0.64278761));
#6580=DIRECTION('',(-0.64278761,-0.,0.766044443));
#6581=AXIS2_PLACEMENT_3D('',#6578,#6579,#6580);
#6582=CYLINDRICAL_SURFACE('',#6581,1.35);
#6583=CARTESIAN_POINT('',(-7.844314362,-7.95,130.287233982));
#6584=VERTEX_POINT('',#6583);
#6585=CARTESIAN_POINT('',(-5.568342545,-7.95,132.197001093));
#6586=VERTEX_POINT('',#6585);
#6587=CARTESIAN_POINT('',(-7.844314362,-7.95,130.287233982));
#6588=DIRECTION('',(0.766044443,-0.,0.64278761));
#6589=VECTOR('',#6588,2.971070199);
#6590=LINE('',#6587,#6589);
#6591=EDGE_CURVE('',#6584,#6586,#6590,.T.);
#6592=ORIENTED_EDGE('',*,*,#6591,.F.);
#6593=CARTESIAN_POINT('',(-6.976551088,-7.95,129.253073984));
#6594=DIRECTION('',(-0.766044443,0.,-0.64278761));
#6595=DIRECTION('',(-0.64278761,-0.,0.766044443));
#6596=AXIS2_PLACEMENT_3D('',#6593,#6594,#6595);
#6597=CIRCLE('',#6596,1.35);
#6598=EDGE_CURVE('',#6584,#6584,#6597,.T.);
#6599=ORIENTED_EDGE('',*,*,#6598,.T.);
#6600=ORIENTED_EDGE('',*,*,#6591,.T.);
#6601=CARTESIAN_POINT('',(-4.700579272,-7.95,131.162841095));
#6602=DIRECTION('',(-0.766044443,-0.,-0.64278761));
#6603=DIRECTION('',(-0.64278761,-0.,0.766044443));
#6604=AXIS2_PLACEMENT_3D('',#6601,#6602,#6603);
#6605=CIRCLE('',#6604,1.35);
#6606=EDGE_CURVE('',#6586,#6586,#6605,.T.);
#6607=ORIENTED_EDGE('',*,*,#6606,.F.);
#6608=EDGE_LOOP('',(#6592,#6599,#6600,#6607));
#6609=FACE_BOUND('',#6608,.T.);
#6610=ADVANCED_FACE('',(#6609),#6582,.F.);
#6611=OVER_RIDING_STYLED_ITEM('',(#1715),#6610,#2284);
#6612=CARTESIAN_POINT('',(-4.678417759,-7.95,131.181436813));
#6613=DIRECTION('',(-0.766044443,0.,-0.64278761));
#6614=DIRECTION('',(-0.64278761,-0.,0.766044443));
#6615=AXIS2_PLACEMENT_3D('',#6612,#6613,#6614);
#6616=CYLINDRICAL_SURFACE('',#6615,2.);
#6617=CARTESIAN_POINT('',(-8.262126308,-7.95,130.78516287));
#6618=VERTEX_POINT('',#6617);
#6619=CARTESIAN_POINT('',(-8.262126308,-7.95,130.78516287));
#6620=DIRECTION('',(0.766044443,-0.,0.64278761));
#6621=VECTOR('',#6620,1.971070199);
#6622=LINE('',#6619,#6621);
#6623=EDGE_CURVE('',#6618,#4397,#6622,.T.);
#6624=ORIENTED_EDGE('',*,*,#6623,.T.);
#6625=ORIENTED_EDGE('',*,*,#4403,.T.);
#6626=ORIENTED_EDGE('',*,*,#6623,.F.);
#6627=CARTESIAN_POINT('',(-6.976551088,-7.95,129.253073984));
#6628=DIRECTION('',(-0.766044443,0.,-0.64278761));
#6629=DIRECTION('',(-0.64278761,-0.,0.766044443));
#6630=AXIS2_PLACEMENT_3D('',#6627,#6628,#6629);
#6631=CIRCLE('',#6630,2.);
#6632=EDGE_CURVE('',#6618,#6618,#6631,.T.);
#6633=ORIENTED_EDGE('',*,*,#6632,.F.);
#6634=EDGE_LOOP('',(#6624,#6625,#6626,#6633));
#6635=FACE_BOUND('',#6634,.T.);
#6636=ADVANCED_FACE('',(#6635),#6616,.T.);
#6637=OVER_RIDING_STYLED_ITEM('',(#1715),#6636,#2284);
#6638=CARTESIAN_POINT('',(59.550706444,-0.,49.968975814));
#6639=DIRECTION('',(-0.766044443,0.,-0.64278761));
#6640=DIRECTION('',(-0.,-1.,0.));
#6641=AXIS2_PLACEMENT_3D('',#6638,#6639,#6640);
#6642=PLANE('',#6641);
#6643=ORIENTED_EDGE('',*,*,#6598,.F.);
#6644=EDGE_LOOP('',(#6643));
#6645=FACE_BOUND('',#6644,.T.);
#6646=ORIENTED_EDGE('',*,*,#6632,.T.);
#6647=EDGE_LOOP('',(#6646));
#6648=FACE_BOUND('',#6647,.T.);
#6649=ADVANCED_FACE('',(#6645,#6648),#6642,.T.);
#6650=OVER_RIDING_STYLED_ITEM('',(#524),#6649,#2284);
#6651=CARTESIAN_POINT('',(4.561791317,0.012020066,120.12437767));
#6652=DIRECTION('',(-0.766044443,-0.,-0.64278761));
#6653=DIRECTION('',(0.,-1.,0.));
#6654=AXIS2_PLACEMENT_3D('',#6651,#6652,#6653);
#6655=PLANE('',#6654);
#6656=ORIENTED_EDGE('',*,*,#6606,.T.);
#6657=EDGE_LOOP('',(#6656));
#6658=FACE_BOUND('',#6657,.T.);
#6659=ADVANCED_FACE('',(#6658),#6655,.T.);
#6660=OVER_RIDING_STYLED_ITEM('',(#524),#6659,#2284);
#6661=CARTESIAN_POINT('',(15.515961984,17.983244142,105.902912553));
#6662=DIRECTION('',(0.766044443,0.,0.64278761));
#6663=DIRECTION('',(0.512222068,0.604142798,-0.61044249));
#6664=AXIS2_PLACEMENT_3D('',#6661,#6662,#6663);
#6665=CONICAL_SURFACE('',#6664,2.650000006,45.);
#6666=ORIENTED_EDGE('',*,*,#2980,.F.);
#6667=ORIENTED_EDGE('',*,*,#3013,.T.);
#6668=ORIENTED_EDGE('',*,*,#4039,.T.);
#6669=ORIENTED_EDGE('',*,*,#4502,.T.);
#6670=EDGE_LOOP('',(#6666,#6667,#6668,#6669));
#6671=FACE_BOUND('',#6670,.T.);
#6672=ADVANCED_FACE('',(#6671),#6665,.T.);
#6673=CARTESIAN_POINT('',(15.515961984,-17.982801957,105.902912553));
#6674=DIRECTION('',(0.766044443,0.,0.64278761));
#6675=DIRECTION('',(0.517894876,-0.592321921,-0.617203079));
#6676=AXIS2_PLACEMENT_3D('',#6673,#6674,#6675);
#6677=CONICAL_SURFACE('',#6676,2.650000006,45.);
#6678=ORIENTED_EDGE('',*,*,#3044,.F.);
#6679=ORIENTED_EDGE('',*,*,#3077,.T.);
#6680=ORIENTED_EDGE('',*,*,#3383,.T.);
#6681=ORIENTED_EDGE('',*,*,#4490,.T.);
#6682=EDGE_LOOP('',(#6678,#6679,#6680,#6681));
#6683=FACE_BOUND('',#6682,.T.);
#6684=ADVANCED_FACE('',(#6683),#6677,.T.);
#6685=CLOSED_SHELL('',(#2966,#3000,#3030,#3064,#3094,#3387,#3674,#3798,#3899,#4043,#4151,#4203,#4250,#4285,#4320,#4355,#4390,#4522,#4541,#4598,#4624,#4648,#4672,#4696,#4720,#4786,
#4817,#4848,#4879,#4903,#4920,#4942,#4955,#4986,#5010,#5034,#5058,#5082,#5106,#5130,#5147,#5163,#5194,#5218,#5242,#5266,#5290,#5314,#5338,#5355,#5371,
#5406,#5425,#5456,#5480,#5504,#5528,#5552,#5576,#5600,#5617,#5633,#5664,#5688,#5712,#5736,#5760,#5784,#5808,#5832,#5856,#5880,#5904,#5921,#5941,#5972,
#5996,#6020,#6044,#6068,#6092,#6116,#6158,#6189,#6220,#6251,#6275,#6292,#6315,#6328,#6361,#6387,#6400,#6410,#6444,#6470,#6483,#6493,#6527,#6553,#6566,
#6576,#6610,#6636,#6649,#6659,#6672,#6684));
#6686=MANIFOLD_SOLID_BREP('Corps 45',#6685);
#6687=DRAUGHTING_PRE_DEFINED_COLOUR('black');
#6688=FILL_AREA_STYLE_COLOUR('',#6687);
#6689=FILL_AREA_STYLE('',(#6688));
#6690=SURFACE_STYLE_FILL_AREA(#6689);
#6691=SURFACE_SIDE_STYLE('',(#6690));
#6692=SURFACE_STYLE_USAGE(.BOTH.,#6691);
#6693=PRESENTATION_STYLE_ASSIGNMENT((#6692));
#2284=STYLED_ITEM('',(#6693),#6686);
#35=SHAPE_REPRESENTATION('FinalTop',(#15),#33);
#36=ADVANCED_BREP_SHAPE_REPRESENTATION('FinalTop',(#517,#940,#1224,#1708,#1999,#2283,#6686),#33);
#6701=SHAPE_REPRESENTATION_RELATIONSHIP('','',#35,#36);
#6702=CARTESIAN_POINT('',(0.,0.,0.));
#6703=DIRECTION('',(0.,0.,1.));
#6704=DIRECTION('',(1.,0.,0.));
#6705=AXIS2_PLACEMENT_3D('',#6702,#6703,#6704);
#6707=MAPPED_ITEM('',#6706,#6705);
#6706=REPRESENTATION_MAP(#6705,#35);
#6708=APPLICATION_CONTEXT('Managed model based 3d engineering');
#6709=APPLICATION_PROTOCOL_DEFINITION('international standard','ap242_managed_model_based_3d_engineering',2014,#6708);
#6710=PRODUCT_CONTEXT('',#6708,'mechanical');
#6711=PRODUCT_DEFINITION_CONTEXT('part definition',#6708,'design');
#43=PRODUCT('FinalTop','FinalTop','',(#6710));
#6712=PRODUCT_RELATED_PRODUCT_CATEGORY('part','',(#43));
#6713=PRODUCT_DEFINITION_FORMATION_WITH_SPECIFIED_SOURCE('','',#43,.NOT_KNOWN.);
#44=PRODUCT_DEFINITION('design','',#6713,#6711);
#42=PRODUCT_DEFINITION_SHAPE('','',#44);
#6714=SHAPE_DEFINITION_REPRESENTATION(#42,#35);
#34=DRAUGHTING_MODEL('',(#6707),#33);
#16=SHAPE_REPRESENTATION('root',(#15,#48),#10);
#6715=CARTESIAN_POINT('',(0.,0.,0.));
#6716=DIRECTION('',(0.,0.,1.));
#6717=DIRECTION('',(1.,0.,0.));
#6718=AXIS2_PLACEMENT_3D('',#6715,#6716,#6717);
#6720=MAPPED_ITEM('',#6719,#6718);
#6719=REPRESENTATION_MAP(#6718,#16);
#24=PRODUCT('root','root','',(#6710));
#6721=PRODUCT_RELATED_PRODUCT_CATEGORY('part','',(#24));
#6722=PRODUCT_DEFINITION_FORMATION_WITH_SPECIFIED_SOURCE('','',#24,.NOT_KNOWN.);
#25=PRODUCT_DEFINITION('design','',#6722,#6711);
#23=PRODUCT_DEFINITION_SHAPE('','',#25);
#6723=SHAPE_DEFINITION_REPRESENTATION(#23,#16);
#11=DRAUGHTING_MODEL('',(#6720),#10);
#6724=DESCRIPTIVE_REPRESENTATION_ITEM('KEY','/Users/yohannbelair/Library/Containers/com.shapr3d.shapr/Data/tmp/54FE814F-F0CD-482F-A96F-8A6EEFC3F17B.tmp');
#6725=PROPERTY_DEFINITION('KEY','',#25);
#6726=REPRESENTATION('',(#6724),#10);
#6727=PROPERTY_DEFINITION_REPRESENTATION(#6725,#6726);
#6728=GENERAL_PROPERTY('','KEY','');
#6729=GENERAL_PROPERTY_ASSOCIATION('','',#6728,#6725);
#1=MECHANICAL_DESIGN_GEOMETRIC_PRESENTATION_REPRESENTATION('',(#515,#54,#938,#525,#1222,#941,#1706,#1225,#1997,#1716,#2281,#2000,#6362,#6388,#6401,#6411,#6445,#6471,#6484,#6494,#6528,#6554,#6567,#6577,#6611,#6637,
#6650,#6660,#2284),#10);
ENDSEC;
END-ISO-10303-21;
